,datetime,symbol,open,high,low,close,volume,change (%),last day change (%)
0,2016-09-02,NSE:BIGBLOC,3.0,3.15,2.86,3.15,285860.0,,
1,2016-09-06,NSE:BIGBLOC,3.2,3.2,3.2,3.2,18400.0,1.5873015873015959,
2,2016-09-07,NSE:BIGBLOC,3.3599998,3.3599998,3.3599998,3.3599998,11600.0,4.999993750000001,1.5873015873015959
3,2016-09-08,NSE:BIGBLOC,3.3700001,3.525,3.3700001,3.525,17890.0,4.910720530400023,4.999993750000001
4,2016-09-09,NSE:BIGBLOC,3.6049999,3.7,3.6,3.7,72020.0,4.964539007092206,4.910720530400023
5,2016-09-12,NSE:BIGBLOC,3.75,3.8849998,3.5150002,3.6099998,135680.0,-2.432437837837837,4.964539007092206
6,2016-09-14,NSE:BIGBLOC,3.75,3.75,3.4299999,3.65,83850.0,1.1080388425506202,-2.432437837837837
7,2016-09-15,NSE:BIGBLOC,3.6299999,3.6299999,3.4599998,3.6200001,28030.0,-0.8219150684931499,1.1080388425506202
8,2016-09-16,NSE:BIGBLOC,3.55,3.6,3.5099998,3.5549999,17320.0,-1.7955855857573062,-0.8219150684931499
9,2016-09-19,NSE:BIGBLOC,3.6,3.65,3.6,3.6,87520.0,1.2658256333565638,-1.7955855857573062
10,2016-09-20,NSE:BIGBLOC,3.75,4.3200001,3.6,4.3200001,957540.0,20.000002777777766,1.2658256333565638
11,2016-09-21,NSE:BIGBLOC,4.45,5.15,4.2,4.8,1990060.0,11.111108539094714,20.000002777777766
12,2016-09-22,NSE:BIGBLOC,4.6,4.85,4.5,4.5450001,608630.0,-5.312497916666659,11.111108539094714
13,2016-09-23,NSE:BIGBLOC,4.5049999,4.675,4.25,4.4700001,257660.0,-1.6501649801943938,-5.312497916666659
14,2016-09-26,NSE:BIGBLOC,4.3650002,5.3599998,4.3650002,5.35,2905880.0,19.68679821729757,-1.6501649801943938
15,2016-09-27,NSE:BIGBLOC,5.325,5.3450001,4.8150002,4.8200001,1540960.0,-9.906540186915889,19.68679821729757
16,2016-09-28,NSE:BIGBLOC,4.8,4.9849998,4.6,4.6099998,448530.0,-4.356852606704301,-9.906540186915889
17,2016-09-29,NSE:BIGBLOC,4.6049999,4.6950001,4.15,4.2599998,466790.0,-7.592191218750154,-4.356852606704301
18,2016-09-30,NSE:BIGBLOC,4.175,4.675,3.9650002,4.5700001,661720.0,7.277002689061149,-7.592191218750154
19,2016-10-03,NSE:BIGBLOC,4.55,4.8799999,4.3650002,4.6049999,291960.0,0.765859939477911,7.277002689061149
20,2016-10-04,NSE:BIGBLOC,4.65,4.7,4.55,4.6049999,339680.0,0.0,0.765859939477911
21,2016-10-05,NSE:BIGBLOC,4.6,5.05,4.6,5.0200001,597780.0,9.011948078435347,0.0
22,2016-10-06,NSE:BIGBLOC,5.0700001,5.1900002,5.0,5.0299999,513410.0,0.19919919921914173,9.011948078435347
23,2016-10-07,NSE:BIGBLOC,5.05,5.4099998,5.0,5.2099998,558950.0,3.5785269101098853,0.19919919921914173
24,2016-10-10,NSE:BIGBLOC,5.3,5.65,5.3,5.5,510640.0,5.566222862426976,3.5785269101098853
25,2016-10-13,NSE:BIGBLOC,5.5599998,6.0,5.5,5.8849998,773830.0,6.999996363636366,5.566222862426976
26,2016-10-14,NSE:BIGBLOC,6.0150002,6.175,6.0,6.1150002,660400.0,3.908248221180904,6.999996363636366
27,2016-10-17,NSE:BIGBLOC,6.2,6.4199997,6.0599998,6.4150002,1028640.0,4.905968768406579,3.908248221180904
28,2016-10-18,NSE:BIGBLOC,6.45,6.6949997,6.2,6.6400002,976440.0,3.507404411304625,4.905968768406579
29,2016-10-19,NSE:BIGBLOC,6.65,6.9,6.55,6.8699997,1044220.0,3.463847787233499,3.507404411304625
30,2016-10-20,NSE:BIGBLOC,6.8699997,7.05,6.85,6.9650002,603660.0,1.3828312103128662,3.463847787233499
31,2016-10-21,NSE:BIGBLOC,7.1400002,7.2599998,6.875,7.2050003,749420.0,3.445801767529017,1.3828312103128662
32,2016-10-24,NSE:BIGBLOC,7.3900002,7.45,7.1599998,7.2,1498190.0,-0.06940041348783631,3.445801767529017
33,2016-10-25,NSE:BIGBLOC,7.25,7.4400002,6.8599998,7.0699997,1887860.0,-1.8055597222222202,-0.06940041348783631
34,2016-10-26,NSE:BIGBLOC,7.1,7.2650002,6.9,6.9550003,581760.0,-1.626582813009176,-1.8055597222222202
35,2016-10-27,NSE:BIGBLOC,7.0400002,7.0400002,6.75,6.7949997,801900.0,-2.30051176273853,-1.626582813009176
36,2016-10-28,NSE:BIGBLOC,6.7,6.8,6.4599998,6.4599998,333840.0,-4.930094404566342,-2.30051176273853
37,2016-11-01,NSE:BIGBLOC,5.8349998,5.8349998,5.8349998,5.8349998,13690.0,-9.674922900152412,-4.930094404566342
38,2016-11-02,NSE:BIGBLOC,5.5450001,5.5450001,5.5450001,5.5450001,17250.0,-4.970003597943569,-9.674922900152412
39,2016-11-03,NSE:BIGBLOC,5.2700001,5.2700001,5.2700001,5.2700001,82560.0,-4.959422814077142,-4.970003597943569
40,2016-11-04,NSE:BIGBLOC,5.3,5.3,5.0099998,5.0099998,3890.0,-4.933591936743982,-4.959422814077142
41,2016-11-07,NSE:BIGBLOC,4.8,5.1,4.7400002,4.8049999,1040490.0,-4.091814534603371,-4.933591936743982
42,2016-11-08,NSE:BIGBLOC,4.575,5.0450001,4.575,5.0450001,276890.0,4.994801352649349,-4.091814534603371
43,2016-11-09,NSE:BIGBLOC,4.7950001,4.7950001,4.7950001,4.7950001,7400.0,-4.955401289288379,4.994801352649349
44,2016-11-10,NSE:BIGBLOC,4.5599998,4.7950001,4.5599998,4.5599998,341670.0,-4.900944631888543,-4.955401289288379
45,2016-11-11,NSE:BIGBLOC,4.5,4.5,4.3349998,4.3349998,17120.0,-4.934210742728533,-4.900944631888543
46,2016-11-15,NSE:BIGBLOC,4.1200001,4.1349998,4.1200001,4.1200001,27730.0,-4.959624219590504,-4.934210742728533
47,2016-11-16,NSE:BIGBLOC,4.2950001,4.2950001,3.9150002,3.9150002,8210.0,-4.975725607385306,-4.959624219590504
48,2016-11-17,NSE:BIGBLOC,3.7200001,3.725,3.7200001,3.7200001,297660.0,-4.980845211706505,-4.975725607385306
49,2016-11-18,NSE:BIGBLOC,3.5349998,3.8,3.5349998,3.5700001,680610.0,-4.032257956122096,-4.980845211706505
50,2016-11-21,NSE:BIGBLOC,3.425,3.6900002,3.425,3.5099998,76310.0,-1.6806806251910191,-4.032257956122096
51,2016-11-22,NSE:BIGBLOC,3.6400002,3.6400002,3.5099998,3.6349998,10820.0,3.5612537641740034,-1.6806806251910191
52,2016-11-23,NSE:BIGBLOC,3.7900002,3.7950001,3.6,3.725,71180.0,2.4759341114681757,3.5612537641740034
53,2016-11-24,NSE:BIGBLOC,3.8299999,3.8299999,3.6299999,3.6799999,68690.0,-1.2080563758389318,2.4759341114681757
54,2016-11-25,NSE:BIGBLOC,3.675,3.8599998,3.675,3.8599998,39300.0,4.8913017633506,-1.2080563758389318
55,2016-11-28,NSE:BIGBLOC,3.9,4.05,3.9,4.05,41090.0,4.92228522913394,4.8913017633506
56,2016-11-29,NSE:BIGBLOC,4.2,4.25,4.1,4.2349998,113460.0,4.567896296296295,4.92228522913394
57,2016-11-30,NSE:BIGBLOC,4.3599998,4.4450001,4.2,4.375,92130.0,3.305790002634717,4.567896296296295
58,2016-12-01,NSE:BIGBLOC,4.5900002,4.5900002,4.4150002,4.5299999,76250.0,3.542854857142856,3.305790002634717
59,2016-12-02,NSE:BIGBLOC,4.4,4.5,4.375,4.4150002,55900.0,-2.538624780102098,3.542854857142856
60,2016-12-05,NSE:BIGBLOC,4.5,4.6349998,4.4349998,4.6299999,98690.0,4.869755158787986,-2.538624780102098
61,2016-12-06,NSE:BIGBLOC,4.6099998,4.8599998,4.6099998,4.8599998,66020.0,4.967600539257035,4.869755158787986
62,2016-12-07,NSE:BIGBLOC,4.9,5.0900002,4.8549999,4.9150002,65810.0,1.1316955198228598,4.967600539257035
63,2016-12-08,NSE:BIGBLOC,5.0,5.1,4.95,4.9950001,56320.0,1.6276682959239896,1.1316955198228598
64,2016-12-09,NSE:BIGBLOC,5.15,5.15,4.95,4.95,89080.0,-0.9009028848668132,1.6276682959239896
65,2016-12-12,NSE:BIGBLOC,5.05,5.05,4.85,4.85,75740.0,-2.020202020202031,-0.9009028848668132
66,2016-12-13,NSE:BIGBLOC,5.05,5.075,4.65,4.7099998,182820.0,-2.886602061855657,-2.020202020202031
67,2016-12-14,NSE:BIGBLOC,4.9,4.9,4.75,4.75,138320.0,0.849261182558855,-2.886602061855657
68,2016-12-15,NSE:BIGBLOC,4.8,4.9849998,4.7549999,4.9849998,131160.0,4.9473642105263105,0.849261182558855
69,2016-12-16,NSE:BIGBLOC,4.975,5.2299999,4.95,5.1900002,196700.0,4.112345200094096,4.9473642105263105
70,2016-12-19,NSE:BIGBLOC,5.2299999,5.275,5.1,5.15,123350.0,-0.7707167333057079,4.112345200094096
71,2016-12-20,NSE:BIGBLOC,5.1549999,5.2349998,4.8950001,4.8950001,164080.0,-4.9514543689320485,-0.7707167333057079
72,2016-12-21,NSE:BIGBLOC,4.95,4.95,4.875,4.8849998,203230.0,-0.2042962164597247,-4.9514543689320485
73,2016-12-22,NSE:BIGBLOC,4.9,4.9,4.7,4.7200001,224940.0,-3.3776807933543838,-0.2042962164597247
74,2016-12-23,NSE:BIGBLOC,4.75,4.85,4.7,4.8049999,207960.0,1.8008431821855317,-3.3776807933543838
75,2016-12-26,NSE:BIGBLOC,4.7,4.8950001,4.7,4.8049999,96550.0,0.0,1.8008431821855317
76,2016-12-27,NSE:BIGBLOC,4.8,5.0450001,4.7,4.9099998,132950.0,2.185221689598771,0.0
77,2016-12-28,NSE:BIGBLOC,5.0,5.1450001,4.9400002,5.1049999,146600.0,3.9714889601421284,2.185221689598771
78,2016-12-29,NSE:BIGBLOC,5.1700001,5.2,5.1,5.2,205070.0,1.8609226613305132,3.9714889601421284
79,2016-12-30,NSE:BIGBLOC,5.2,5.3,5.15,5.2950001,134350.0,1.8269250000000004,1.8609226613305132
80,2017-01-02,NSE:BIGBLOC,5.4,5.4,5.2,5.2950001,208490.0,0.0,1.8269250000000004
81,2017-01-03,NSE:BIGBLOC,5.3049999,5.4,5.3049999,5.325,134280.0,0.566570338686112,0.0
82,2017-01-04,NSE:BIGBLOC,5.3049999,5.4,5.3049999,5.3150002,105400.0,-0.18778967136150448,0.566570338686112
83,2017-01-05,NSE:BIGBLOC,5.3049999,5.45,5.3049999,5.3799999,153130.0,1.2229482136237653,-0.18778967136150448
84,2017-01-06,NSE:BIGBLOC,5.4049999,5.6450001,5.4049999,5.6,189950.0,4.089221265598909,1.2229482136237653
85,2017-01-09,NSE:BIGBLOC,5.8799999,5.8799999,5.425,5.6849998,227440.0,1.5178535714285768,4.089221265598909
86,2017-01-10,NSE:BIGBLOC,5.7,5.7950001,5.6,5.625,189290.0,-1.0554054900758296,1.5178535714285768
87,2017-01-11,NSE:BIGBLOC,5.6849998,5.85,5.4200001,5.5450001,177810.0,-1.4222204444444406,-1.0554054900758296
88,2017-01-12,NSE:BIGBLOC,5.6200001,5.7799999,5.6200001,5.7349998,146080.0,3.426504897628398,-1.4222204444444406
89,2017-01-13,NSE:BIGBLOC,5.9849998,5.9950001,5.7,5.85,199950.0,2.0052345947771415,3.426504897628398
90,2017-01-16,NSE:BIGBLOC,5.9,6.1349998,5.9,5.9200001,107340.0,1.1965829059829156,2.0052345947771415
91,2017-01-17,NSE:BIGBLOC,6.2099998,6.2099998,5.9200001,5.9849998,224130.0,1.0979678868586429,1.1965829059829156
92,2017-01-18,NSE:BIGBLOC,6.2,6.2799999,5.9,6.2349998,180230.0,4.177109579853286,1.0979678868586429
93,2017-01-19,NSE:BIGBLOC,6.25,6.25,5.9299999,6.025,231640.0,-3.3680803004997593,4.177109579853286
94,2017-01-20,NSE:BIGBLOC,6.025,6.225,5.8700001,6.2,186330.0,2.904564315352694,-3.3680803004997593
95,2017-01-23,NSE:BIGBLOC,6.35,6.35,6.0849998,6.1049999,264500.0,-1.5322596774193553,2.904564315352694
96,2017-01-24,NSE:BIGBLOC,6.1099998,6.4,6.0900002,6.2049999,272540.0,1.6380016648321263,-1.5322596774193553
97,2017-01-25,NSE:BIGBLOC,6.4949997,6.4949997,6.175,6.2349998,249690.0,0.48347945984656615,1.6380016648321263
98,2017-01-27,NSE:BIGBLOC,6.2650002,6.2650002,5.9549999,6.1150002,255370.0,-1.924612732144753,0.48347945984656615
99,2017-01-30,NSE:BIGBLOC,6.3950001,6.3950001,6.0599998,6.2849998,270810.0,2.7800424274720332,-1.924612732144753
100,2017-01-31,NSE:BIGBLOC,6.525,6.525,6.1400002,6.2599998,328080.0,-0.3977724868026164,2.7800424274720332
101,2017-02-01,NSE:BIGBLOC,6.0599998,6.2099998,5.95,6.1200001,377180.0,-2.2364170043583664,-0.3977724868026164
102,2017-02-02,NSE:BIGBLOC,6.1450001,6.1700001,5.8200001,6.1099998,381530.0,-0.16340359210125874,-2.2364170043583664
103,2017-02-03,NSE:BIGBLOC,5.825,6.1549999,5.825,6.125,304650.0,0.24550246302790782,-0.16340359210125874
104,2017-02-06,NSE:BIGBLOC,6.2900002,6.3,6.1200001,6.2450001,352960.0,1.9591853061224553,0.24550246302790782
105,2017-02-07,NSE:BIGBLOC,6.25,6.7849998,6.2,6.6,367420.0,5.684545945803896,1.9591853061224553
106,2017-02-08,NSE:BIGBLOC,6.9949997,6.9949997,6.0099998,6.5449997,381760.0,-0.8333378787878739,5.684545945803896
107,2017-02-09,NSE:BIGBLOC,6.9650002,6.9650002,6.4,6.4550003,269800.0,-1.3750863884684357,-0.8333378787878739
108,2017-02-10,NSE:BIGBLOC,6.7,6.7,6.2,6.3549999,362710.0,-1.5491928017416186,-1.3750863884684357
109,2017-02-13,NSE:BIGBLOC,6.5599998,6.5900002,5.8099998,6.3599998,311920.0,0.07867663381079854,-1.5491928017416186
110,2017-02-14,NSE:BIGBLOC,6.4099998,6.4199997,6.3599998,6.375,285250.0,0.23585220867460155,0.07867663381079854
111,2017-02-15,NSE:BIGBLOC,6.4,6.4800003,6.3299999,6.3450001,205730.0,-0.47058666666666615,0.23585220867460155
112,2017-02-16,NSE:BIGBLOC,6.4,6.5,6.3400002,6.4449997,298220.0,1.576037800220055,-0.47058666666666615
113,2017-02-17,NSE:BIGBLOC,6.9900002,6.9900002,6.35,6.3799999,342990.0,-1.0085306908548144,1.576037800220055
114,2017-02-20,NSE:BIGBLOC,6.45,6.5199997,6.4150002,6.475,322520.0,1.4890298039032892,-1.0085306908548144
115,2017-02-21,NSE:BIGBLOC,6.6900002,6.6900002,6.4300003,6.4699997,187030.0,-0.07722471042470806,1.4890298039032892
116,2017-02-22,NSE:BIGBLOC,6.45,6.4800003,6.3950001,6.4199997,294220.0,-0.7727975628808735,-0.07722471042470806
117,2017-02-23,NSE:BIGBLOC,6.45,6.5,6.3799999,6.4349998,221850.0,0.2336464283635397,-0.7727975628808735
118,2017-02-27,NSE:BIGBLOC,6.4400002,6.5,6.3900002,6.4650002,263250.0,0.4662066966964083,0.2336464283635397
119,2017-02-28,NSE:BIGBLOC,6.5,6.5,6.4300003,6.4800003,292970.0,0.2320201010975987,0.4662066966964083
120,2017-03-01,NSE:BIGBLOC,6.4699997,6.4949997,6.4,6.4449997,290240.0,-0.5401326910432404,0.2320201010975987
121,2017-03-02,NSE:BIGBLOC,6.8,6.8,6.4599998,6.6,257680.0,2.404969855933419,-0.5401326910432404
122,2017-03-03,NSE:BIGBLOC,6.9800003,6.9800003,6.4900002,6.525,241330.0,-1.1363636363636256,2.404969855933419
123,2017-03-06,NSE:BIGBLOC,6.7,6.7,6.45,6.4900002,170310.0,-0.5363954022988577,-1.1363636363636256
124,2017-03-07,NSE:BIGBLOC,6.8,6.8,6.3200001,6.3400002,283910.0,-2.3112480027350304,-0.5363954022988577
125,2017-03-08,NSE:BIGBLOC,6.6949997,6.6949997,6.4,6.4599998,228490.0,1.8927381106391743,-2.3112480027350304
126,2017-03-09,NSE:BIGBLOC,6.4800003,6.5099998,6.05,6.3400002,340330.0,-1.857579004878605,1.8927381106391743
127,2017-03-10,NSE:BIGBLOC,6.4,6.4,6.2700001,6.3,357310.0,-0.6309179611697898,-1.857579004878605
128,2017-03-14,NSE:BIGBLOC,6.4,6.425,6.375,6.4,172710.0,1.5873015873015959,-0.6309179611697898
129,2017-03-15,NSE:BIGBLOC,6.45,6.55,6.4,6.4,198730.0,0.0,1.5873015873015959
130,2017-03-16,NSE:BIGBLOC,6.4099998,6.6,6.4,6.4349998,209460.0,0.5468718749999935,0.0
131,2017-03-17,NSE:BIGBLOC,6.4449997,6.4650002,6.375,6.3900002,259010.0,-0.6992945050285735,0.5468718749999935
132,2017-03-20,NSE:BIGBLOC,6.7849998,6.7849998,6.2700001,6.4150002,225510.0,0.39123629448398867,-0.6992945050285735
133,2017-03-21,NSE:BIGBLOC,6.35,6.4949997,6.3,6.4349998,256430.0,0.3117630456192383,0.39123629448398867
134,2017-03-22,NSE:BIGBLOC,6.3,6.3549999,6.2900002,6.3099998,158910.0,-1.9425020028749653,0.3117630456192383
135,2017-03-23,NSE:BIGBLOC,6.7400002,6.7400002,6.25,6.4,318170.0,1.4263106632745126,-1.9425020028749653
136,2017-03-24,NSE:BIGBLOC,6.525,6.9900002,6.45,6.6349998,804920.0,3.6718718749999963,1.4263106632745126
137,2017-03-27,NSE:BIGBLOC,6.7,6.7,6.4,6.475,281530.0,-2.411451466810903,3.6718718749999963
138,2017-03-28,NSE:BIGBLOC,6.5,6.7900002,6.45,6.5,329910.0,0.3861003861003916,-2.411451466810903
139,2017-03-29,NSE:BIGBLOC,6.5,6.85,6.4,6.55,371250.0,0.7692307692307665,0.3861003861003916
140,2017-03-30,NSE:BIGBLOC,6.6,6.8550003,6.575,6.8199997,303540.0,4.122132824427489,0.7692307692307665
141,2017-03-31,NSE:BIGBLOC,6.85,6.9849998,6.825,6.8800003,303500.0,0.8797742322481263,4.122132824427489
142,2017-04-03,NSE:BIGBLOC,6.9800003,7.5650002,6.8300003,7.5650002,514110.0,9.956393461203778,0.8797742322481263
143,2017-04-05,NSE:BIGBLOC,7.6550003,8.0,7.6,7.7050003,1100680.0,1.8506291645570605,9.956393461203778
144,2017-04-06,NSE:BIGBLOC,7.9900002,8.1699997,7.7400002,7.8050003,909140.0,1.2978584828867514,1.8506291645570605
145,2017-04-07,NSE:BIGBLOC,8.1,8.1,7.8,7.8699997,644430.0,0.8327917681181959,1.2978584828867514
146,2017-04-10,NSE:BIGBLOC,7.8,8.0949997,7.8,7.9150002,509770.0,0.5717979887597652,0.8327917681181959
147,2017-04-11,NSE:BIGBLOC,7.9099998,8.0949997,7.8449997,7.9349998,642510.0,0.2526797156619178,0.5717979887597652
148,2017-04-12,NSE:BIGBLOC,8.0,8.0400002,7.3,7.9449997,780760.0,0.1260226874863991,0.2526797156619178
149,2017-04-13,NSE:BIGBLOC,8.0900002,8.0900002,7.6050003,8.0050003,716180.0,0.7551995250547385,0.1260226874863991
150,2017-04-17,NSE:BIGBLOC,8.1,8.2,8.0,8.1150002,639630.0,1.3741398610565951,0.7551995250547385
151,2017-04-18,NSE:BIGBLOC,8.1,8.35,8.1,8.1599998,811000.0,0.5545237078367392,1.3741398610565951
152,2017-04-19,NSE:BIGBLOC,8.25,8.4,8.1,8.2449997,549700.0,1.041665466707483,0.5545237078367392
153,2017-04-20,NSE:BIGBLOC,8.4949997,8.5,8.2699997,8.3,561580.0,0.6670746149329932,1.041665466707483
154,2017-04-21,NSE:BIGBLOC,8.4,8.6,8.3199997,8.3800003,833030.0,0.9638590361445786,0.6670746149329932
155,2017-04-24,NSE:BIGBLOC,8.5949997,8.975,8.475,8.55,768350.0,2.028635965561958,0.9638590361445786
156,2017-04-25,NSE:BIGBLOC,8.6699997,8.7949997,8.5,8.5800003,428250.0,0.3508807017543779,2.028635965561958
157,2017-04-26,NSE:BIGBLOC,8.6,8.8,8.0650002,8.2800003,581540.0,-3.4965033742481424,0.3508807017543779
158,2017-04-27,NSE:BIGBLOC,8.3,8.325,8.1400002,8.1800003,541740.0,-1.2077294248407173,-3.4965033742481424
159,2017-04-28,NSE:BIGBLOC,8.2,8.3,8.0,8.1599998,466820.0,-0.24450488100837953,-1.2077294248407173
160,2017-05-02,NSE:BIGBLOC,8.2,8.2,7.8,7.8300003,263790.0,-4.044111618728221,-0.24450488100837953
161,2017-05-03,NSE:BIGBLOC,7.8099998,7.9449997,7.8,7.9,222790.0,0.8939935800513358,-4.044111618728221
162,2017-05-04,NSE:BIGBLOC,7.8199997,8.7,7.8199997,8.35,478320.0,5.69620253164556,0.8939935800513358
163,2017-05-05,NSE:BIGBLOC,8.6,9.0,8.375,8.425,567220.0,0.8982035928143841,5.69620253164556
164,2017-05-08,NSE:BIGBLOC,8.425,8.6,8.3449997,8.4849998,153930.0,0.7121637982195838,0.8982035928143841
165,2017-05-09,NSE:BIGBLOC,8.6,9.0,8.575,8.825,313840.0,4.007073753849689,0.7121637982195838
166,2017-05-10,NSE:BIGBLOC,9.0,9.1449997,8.95,9.075,465060.0,2.8328611898017,4.007073753849689
167,2017-05-11,NSE:BIGBLOC,9.5949997,9.9699997,9.3,9.3349998,314570.0,2.865011570247945,2.8328611898017
168,2017-05-12,NSE:BIGBLOC,9.6,9.6,9.2050003,9.2699997,437500.0,-0.6963053175427028,2.865011570247945
169,2017-05-15,NSE:BIGBLOC,9.4,9.5150002,8.9050003,9.0099998,264760.0,-2.804745506086698,-0.6963053175427028
170,2017-05-16,NSE:BIGBLOC,9.4,9.4,8.7050003,8.8849998,366260.0,-1.3873474225826288,-2.804745506086698
171,2017-05-17,NSE:BIGBLOC,9.1,9.3699997,8.9,9.1849998,399030.0,3.3764772847828395,-1.3873474225826288
172,2017-05-18,NSE:BIGBLOC,9.3,9.5,7.6849998,8.9650002,1213370.0,-2.3952052780665225,3.3764772847828395
173,2017-05-19,NSE:BIGBLOC,9.0,9.15,8.825,8.9099998,264740.0,-0.61350138062463,-2.3952052780665225
174,2017-05-22,NSE:BIGBLOC,8.7699997,9.1,8.6,8.6949997,271190.0,-2.413020256184509,-0.61350138062463
175,2017-05-23,NSE:BIGBLOC,8.7199997,8.9,8.5,8.5599998,215630.0,-1.5526153497164628,-2.413020256184509
176,2017-05-24,NSE:BIGBLOC,8.7,8.8,8.5,8.5099998,193890.0,-0.5841121631801991,-1.5526153497164628
177,2017-05-25,NSE:BIGBLOC,8.6400002,8.6400002,8.4,8.5349998,319530.0,0.29377203980663263,-0.5841121631801991
178,2017-05-26,NSE:BIGBLOC,8.6099998,8.7099998,8.4,8.6650002,461590.0,1.5231447339928483,0.29377203980663263
179,2017-05-29,NSE:BIGBLOC,8.625,8.6949997,8.475,8.6099998,259180.0,-0.6347420511311594,1.5231447339928483
180,2017-05-30,NSE:BIGBLOC,8.5,8.625,8.4,8.5199997,223420.0,-1.0452973529685914,-0.6347420511311594
181,2017-05-31,NSE:BIGBLOC,8.5,8.6,8.5,8.5400002,298700.0,0.2347476608479234,-1.0452973529685914
182,2017-06-01,NSE:BIGBLOC,8.6,9.3,8.5,9.0400002,520930.0,5.854800799653377,0.2347476608479234
183,2017-06-02,NSE:BIGBLOC,9.3,9.8,8.9,9.0650002,420300.0,0.2765486664480423,5.854800799653377
184,2017-06-05,NSE:BIGBLOC,9.1,9.2,9.0,9.1199997,365280.0,0.6067236490518687,0.2765486664480423
185,2017-06-06,NSE:BIGBLOC,9.1199997,9.1199997,8.7,8.7400002,231360.0,-4.166661321271738,0.6067236490518687
186,2017-06-07,NSE:BIGBLOC,8.7,8.7599998,8.45,8.5150002,238960.0,-2.574370650472084,-4.166661321271738
187,2017-06-08,NSE:BIGBLOC,8.4599998,8.6449997,8.4599998,8.4849998,187090.0,-0.3523241256059948,-2.574370650472084
188,2017-06-09,NSE:BIGBLOC,8.5599998,8.6,8.45,8.5650002,217700.0,0.9428450428484324,-0.3523241256059948
189,2017-06-12,NSE:BIGBLOC,8.5,8.9949997,8.4400002,8.6800003,269860.0,1.3426748081103326,0.9428450428484324
190,2017-06-13,NSE:BIGBLOC,8.6199997,8.9949997,8.6,8.7550003,212290.0,0.8640552696755214,1.3426748081103326
191,2017-06-14,NSE:BIGBLOC,8.75,8.7599998,8.55,8.6800003,234910.0,-0.856653311593845,0.8640552696755214
192,2017-06-15,NSE:BIGBLOC,8.65,8.9,8.5400002,8.6300003,211390.0,-0.5760368464503272,-0.856653311593845
193,2017-06-16,NSE:BIGBLOC,8.6099998,8.8,8.45,8.5300003,275190.0,-1.1587485112833822,-0.5760368464503272
194,2017-06-19,NSE:BIGBLOC,8.6099998,8.65,8.4099998,8.5300003,429720.0,0.0,-1.1587485112833822
195,2017-06-20,NSE:BIGBLOC,8.6199997,8.6449997,8.55,8.6,225800.0,0.820629513928626,0.0
196,2017-06-21,NSE:BIGBLOC,8.65,8.9949997,8.55,8.6150002,249170.0,0.17442093023257127,0.820629513928626
197,2017-06-22,NSE:BIGBLOC,8.6,8.8,8.5199997,8.625,249520.0,0.11607428633604935,0.17442093023257127
198,2017-06-23,NSE:BIGBLOC,8.6,8.9,8.6,8.6449997,220320.0,0.23188057971014053,0.11607428633604935
199,2017-06-27,NSE:BIGBLOC,8.6449997,8.6900002,8.4,8.6,240630.0,-0.520528647328929,0.23188057971014053
200,2017-06-28,NSE:BIGBLOC,8.55,8.575,8.45,8.5099998,176060.0,-1.046513953488377,-0.520528647328929
201,2017-06-29,NSE:BIGBLOC,8.5099998,8.55,8.4,8.4800003,156940.0,-0.35252057232714445,-1.046513953488377
202,2017-06-30,NSE:BIGBLOC,8.5400002,8.5400002,8.3800003,8.425,207230.0,-0.6485884204508774,-0.35252057232714445
203,2017-07-03,NSE:BIGBLOC,8.45,8.5,8.4199997,8.425,158110.0,0.0,-0.6485884204508774
204,2017-07-04,NSE:BIGBLOC,8.4599998,8.7,8.0,8.1949997,307730.0,-2.7299738872403605,0.0
205,2017-07-05,NSE:BIGBLOC,8.2800003,8.7699997,8.2,8.3400002,245180.0,1.7693777340833834,-2.7299738872403605
206,2017-07-06,NSE:BIGBLOC,8.3900002,8.4,8.1099998,8.1550003,266440.0,-2.21822416742869,1.7693777340833834
207,2017-07-07,NSE:BIGBLOC,8.2,8.2,8.125,8.1300003,191910.0,-0.30656038111977235,-2.21822416742869
208,2017-07-10,NSE:BIGBLOC,8.4,8.5400002,8.3099998,8.4300003,230670.0,3.690036764205272,-0.30656038111977235
209,2017-07-11,NSE:BIGBLOC,8.5,8.55,8.4,8.4,205190.0,-0.3558754321752434,3.690036764205272
210,2017-07-12,NSE:BIGBLOC,8.4599998,9.4900002,8.4599998,9.1599998,1389580.0,9.047616666666656,-0.3558754321752434
211,2017-07-13,NSE:BIGBLOC,9.7,9.7,8.9,9.2849998,855290.0,1.3646288507560884,9.047616666666656
212,2017-07-14,NSE:BIGBLOC,9.6,9.6,8.7050003,9.125,765500.0,-1.7232073607583664,1.3646288507560884
213,2017-07-17,NSE:BIGBLOC,9.3199997,9.4849998,9.0,9.1550003,673180.0,0.3287704109588966,-1.7232073607583664
214,2017-07-18,NSE:BIGBLOC,9.2199997,9.2849998,8.8,8.9550003,610410.0,-2.1845985084238535,0.3287704109588966
215,2017-07-19,NSE:BIGBLOC,8.9300003,9.0400002,8.8,8.8849998,399520.0,-0.7816917661074875,-2.1845985084238535
216,2017-07-20,NSE:BIGBLOC,8.9,8.9300003,8.5,8.8650002,443260.0,-0.2250939836824583,-0.7816917661074875
217,2017-07-21,NSE:BIGBLOC,8.9,9.1,8.8599998,8.9699997,583210.0,1.1844274972492375,-0.2250939836824583
218,2017-07-24,NSE:BIGBLOC,9.1,9.1,8.75,8.9,385360.0,-0.7803757228665272,1.1844274972492375
219,2017-07-25,NSE:BIGBLOC,8.9,8.9150002,8.6,8.6300003,354120.0,-3.033704494382018,-0.7803757228665272
220,2017-07-26,NSE:BIGBLOC,8.7,8.7400002,8.6,8.7,451910.0,0.8111204816528054,-3.033704494382018
221,2017-07-27,NSE:BIGBLOC,8.8599998,9.05,8.7599998,8.8599998,771800.0,1.8390781609195561,0.8111204816528054
222,2017-07-28,NSE:BIGBLOC,8.75,8.8900002,8.6,8.7849998,472440.0,-0.8465011477765615,1.8390781609195561
223,2017-07-31,NSE:BIGBLOC,8.8099998,8.9,8.75,8.8150002,563350.0,0.3414957391347975,-0.8465011477765615
224,2017-08-01,NSE:BIGBLOC,9.1949997,9.1949997,8.6,8.8400002,339880.0,0.2836074808030107,0.3414957391347975
225,2017-08-02,NSE:BIGBLOC,8.9849998,8.9849998,8.8,8.8699997,481800.0,0.3393608520506464,0.2836074808030107
226,2017-08-03,NSE:BIGBLOC,8.8099998,8.8900002,8.7099998,8.8400002,450690.0,-0.33821308922929105,0.3393608520506464
227,2017-08-04,NSE:BIGBLOC,8.7,8.9,8.7,8.7599998,721400.0,-0.904981879977799,-0.33821308922929105
228,2017-08-07,NSE:BIGBLOC,8.975,9.0349998,8.9,8.9849998,368670.0,2.5684932093263453,-0.904981879977799
229,2017-08-08,NSE:BIGBLOC,9.0,9.0800003,8.8,8.85,339070.0,-1.5025019811352804,2.5684932093263453
230,2017-08-09,NSE:BIGBLOC,8.7800003,8.95,8.725,8.8949997,289650.0,0.5084711864406778,-1.5025019811352804
231,2017-08-10,NSE:BIGBLOC,8.9,8.9,8.5,8.6449997,397350.0,-2.810567829473901,0.5084711864406778
232,2017-08-11,NSE:BIGBLOC,8.6,8.7,8.5,8.6849998,339030.0,0.46269637233186156,-2.810567829473901
233,2017-08-14,NSE:BIGBLOC,8.9,8.9,8.4,8.4150002,429390.0,-3.108803756103716,0.46269637233186156
234,2017-08-16,NSE:BIGBLOC,8.6949997,8.6949997,7.6050003,8.1800003,325850.0,-2.792630949670091,-3.108803756103716
235,2017-08-17,NSE:BIGBLOC,8.5,8.5150002,8.3449997,8.4650002,370060.0,3.4841062291892677,-2.792630949670091
236,2017-08-18,NSE:BIGBLOC,8.475,8.5050003,8.4,8.4400002,343360.0,-0.29533372013387965,3.4841062291892677
237,2017-08-21,NSE:BIGBLOC,8.5,8.5,8.2,8.4199997,378760.0,-0.23697274319969905,-0.29533372013387965
238,2017-08-22,NSE:BIGBLOC,8.4800003,8.5,8.3449997,8.4550003,341270.0,0.4156841003212868,-0.23697274319969905
239,2017-08-23,NSE:BIGBLOC,8.5,8.5,8.0449997,8.2449997,294520.0,-2.4837444417358654,0.4156841003212868
240,2017-08-24,NSE:BIGBLOC,8.4,8.4949997,8.0,8.2400002,370020.0,-0.06063675175147055,-2.4837444417358654
241,2017-08-28,NSE:BIGBLOC,8.3,8.4,8.1650002,8.3349998,392020.0,1.1529077390070877,-0.06063675175147055
242,2017-08-29,NSE:BIGBLOC,8.3,8.85,8.1,8.2199997,539950.0,-1.3797252880557909,1.1529077390070877
243,2017-08-30,NSE:BIGBLOC,8.3849998,8.425,8.2,8.2949997,386380.0,0.9124087924236699,-1.3797252880557909
244,2017-08-31,NSE:BIGBLOC,8.2949997,8.4949997,8.2949997,8.3800003,479100.0,1.0247209532750285,0.9124087924236699
245,2017-09-01,NSE:BIGBLOC,8.5300003,8.5400002,8.25,8.275,402270.0,-1.2529868286520272,1.0247209532750285
246,2017-09-04,NSE:BIGBLOC,8.4,8.4800003,8.0199997,8.1550003,398930.0,-1.4501474320241818,-1.2529868286520272
247,2017-09-05,NSE:BIGBLOC,8.25,8.2800003,8.0,8.0400002,529180.0,-1.4101789793925528,-1.4501474320241818
248,2017-09-06,NSE:BIGBLOC,8.15,8.325,8.0949997,8.225,386120.0,2.300992480074813,-1.4101789793925528
249,2017-09-07,NSE:BIGBLOC,8.2599998,8.45,8.2,8.3599998,383880.0,1.6413349544073073,2.300992480074813
250,2017-09-08,NSE:BIGBLOC,8.25,8.4199997,8.25,8.3599998,328070.0,0.0,1.6413349544073073
251,2017-09-11,NSE:BIGBLOC,8.4,8.4300003,8.325,8.425,469780.0,0.7775143726678087,0.0
252,2017-09-12,NSE:BIGBLOC,8.4449997,8.7900002,8.2949997,8.4300003,502150.0,0.05935074183975025,0.7775143726678087
253,2017-09-13,NSE:BIGBLOC,8.4699997,8.4699997,8.1949997,8.325,397390.0,-1.2455551158165485,0.05935074183975025
254,2017-09-14,NSE:BIGBLOC,8.5699997,8.5849998,7.9,8.1949997,362540.0,-1.5615651651651528,-1.2455551158165485
255,2017-09-15,NSE:BIGBLOC,8.2699997,8.4199997,8.225,8.3699997,369740.0,2.1354485223470956,-1.5615651651651528
256,2017-09-18,NSE:BIGBLOC,8.4449997,8.4449997,8.3,8.4,309860.0,0.35842653614433334,2.1354485223470956
257,2017-09-19,NSE:BIGBLOC,8.4,8.4,8.2900002,8.325,289120.0,-0.8928571428571555,0.35842653614433334
258,2017-09-20,NSE:BIGBLOC,8.3,8.4150002,8.3,8.3400002,330520.0,0.18018258258259617,-0.8928571428571555
259,2017-09-21,NSE:BIGBLOC,8.375,8.4,8.3,8.375,377030.0,0.4196618604397585,0.18018258258259617
260,2017-09-22,NSE:BIGBLOC,8.9900002,8.9900002,8.2900002,8.35,452160.0,-0.2985074626865714,0.4196618604397585
261,2017-09-25,NSE:BIGBLOC,8.8,8.8,8.0,8.05,387600.0,-3.5928143712574725,-0.2985074626865714
262,2017-09-26,NSE:BIGBLOC,8.5,8.5,7.5900002,7.8099998,430430.0,-2.9813689440993882,-3.5928143712574725
263,2017-09-27,NSE:BIGBLOC,8.0050003,8.0800003,7.825,7.875,388950.0,0.8322689073564389,-2.9813689440993882
264,2017-09-28,NSE:BIGBLOC,7.9,8.0800003,7.825,7.9949997,341000.0,1.5238057142857162,0.8322689073564389
265,2017-09-29,NSE:BIGBLOC,8.5,8.7,8.0400002,8.6349998,490750.0,8.005004678111485,1.5238057142857162
266,2017-10-03,NSE:BIGBLOC,8.65,9.2949997,8.6,9.0050003,1443130.0,4.284892977067602,8.005004678111485
267,2017-10-04,NSE:BIGBLOC,9.1900002,9.7449997,8.95,9.4550003,2291910.0,4.997223598093598,4.284892977067602
268,2017-10-05,NSE:BIGBLOC,9.675,9.95,9.475,9.6900002,1899600.0,2.4854562934281454,4.997223598093598
269,2017-10-06,NSE:BIGBLOC,9.9,9.9949997,9.6849998,9.7800003,1137350.0,0.9287935824810328,2.4854562934281454
270,2017-10-09,NSE:BIGBLOC,9.9949997,10.135,9.6,9.6800003,1843930.0,-1.022494856160686,0.9287935824810328
271,2017-10-10,NSE:BIGBLOC,9.6949997,10.98,9.6,10.575,1869290.0,9.2458643828761,-1.022494856160686
272,2017-10-11,NSE:BIGBLOC,10.8,11.1,9.8050003,10.36,1925820.0,-2.033096926713947,9.2458643828761
273,2017-10-12,NSE:BIGBLOC,10.3,10.5,10.3,10.34,971000.0,-0.19305019305018895,-2.033096926713947
274,2017-10-13,NSE:BIGBLOC,10.45,10.525,10.01,10.155,1125630.0,-1.7891682785299856,-0.19305019305018895
275,2017-10-16,NSE:BIGBLOC,10.45,10.45,9.8050003,10.125,649410.0,-0.2954209748892109,-1.7891682785299856
276,2017-10-17,NSE:BIGBLOC,10.3,10.37,9.7599998,9.8300003,1028790.0,-2.913577283950617,-0.2954209748892109
277,2017-10-18,NSE:BIGBLOC,10.09,10.09,9.575,9.6650002,938000.0,-1.6785360627099912,-2.913577283950617
278,2017-10-19,NSE:BIGBLOC,9.8,10.3,9.7150002,9.9400002,229430.0,2.845318099424358,-1.6785360627099912
279,2017-10-23,NSE:BIGBLOC,10.045,10.045,9.6849998,9.8,546660.0,-1.4084526879586918,2.845318099424358
280,2017-10-24,NSE:BIGBLOC,9.8,10.0,9.7650002,9.825,977040.0,0.25510204081631205,-1.4084526879586918
281,2017-10-25,NSE:BIGBLOC,10.29,10.29,9.7,9.7199997,497450.0,-1.0687053435114362,0.25510204081631205
282,2017-10-26,NSE:BIGBLOC,9.8,10.0,9.7699997,9.8349998,323140.0,1.183128637339357,-1.0687053435114362
283,2017-10-27,NSE:BIGBLOC,9.9400002,10.0,9.7099998,9.8050003,612030.0,-0.3050279675653946,1.183128637339357
284,2017-10-30,NSE:BIGBLOC,9.975,11.57,9.7,10.475,2184030.0,6.833245073944568,-0.3050279675653946
285,2017-10-31,NSE:BIGBLOC,10.7,11.29,10.41,10.685,2728450.0,2.0047732696897453,6.833245073944568
286,2017-11-01,NSE:BIGBLOC,10.8,10.87,10.31,10.39,974250.0,-2.760879737950397,2.0047732696897453
287,2017-11-02,NSE:BIGBLOC,10.5,10.995,10.3,10.47,1245160.0,0.7699711260827725,-2.760879737950397
288,2017-11-03,NSE:BIGBLOC,10.5,10.555,10.285,10.4,895040.0,-0.668576886341932,0.7699711260827725
289,2017-11-06,NSE:BIGBLOC,10.38,10.695,10.105,10.45,1124180.0,0.48076923076922046,-0.668576886341932
290,2017-11-07,NSE:BIGBLOC,10.34,10.495,9.7349998,9.8599998,1028840.0,-5.645934928229653,0.48076923076922046
291,2017-11-08,NSE:BIGBLOC,9.95,10.02,9.3050003,9.5599998,1092400.0,-3.04259641060034,-5.645934928229653
292,2017-11-09,NSE:BIGBLOC,9.8,9.8,9.6,9.6900002,811250.0,1.3598368485321528,-3.04259641060034
293,2017-11-10,NSE:BIGBLOC,9.65,10.39,9.6,10.045,1162870.0,3.663568551835529,1.3598368485321528
294,2017-11-13,NSE:BIGBLOC,10.2,10.6,10.2,10.375,1234850.0,3.285216525634645,3.663568551835529
295,2017-11-14,NSE:BIGBLOC,10.475,10.775,10.24,10.35,980950.0,-0.24096385542169016,3.285216525634645
296,2017-11-15,NSE:BIGBLOC,10.305,10.38,10.025,10.05,1064080.0,-2.898550724637671,-0.24096385542169016
297,2017-11-16,NSE:BIGBLOC,10.1,11.09,9.9949997,10.565,1248190.0,5.124378109452724,-2.898550724637671
298,2017-11-17,NSE:BIGBLOC,10.68,10.975,10.4,10.54,1381400.0,-0.23663038334122438,5.124378109452724
299,2017-11-20,NSE:BIGBLOC,10.545,11.0,10.405,10.89,1560780.0,3.3206831119544726,-0.23663038334122438
300,2017-11-21,NSE:BIGBLOC,10.97,11.59,10.795,11.465,1907970.0,5.280073461891637,3.3206831119544726
301,2017-11-22,NSE:BIGBLOC,11.61,12.31,11.61,12.155,2039800.0,6.018316615787174,5.280073461891637
302,2017-11-23,NSE:BIGBLOC,12.995,12.995,12.08,12.285,1088430.0,1.0695187165775466,6.018316615787174
303,2017-11-24,NSE:BIGBLOC,12.475,12.7,11.365,11.87,1171900.0,-3.378103378103386,1.0695187165775466
304,2017-11-27,NSE:BIGBLOC,11.79,12.0,11.26,11.51,1081930.0,-3.032855939342877,-3.378103378103386
305,2017-11-28,NSE:BIGBLOC,11.6,11.77,11.5,11.525,1055490.0,0.13032145960035246,-3.032855939342877
306,2017-11-29,NSE:BIGBLOC,11.69,12.375,11.5,11.515,1404200.0,-0.0867678958785231,0.13032145960035246
307,2017-11-30,NSE:BIGBLOC,11.485,11.68,11.35,11.615,1026040.0,0.8684324793747256,-0.0867678958785231
308,2017-12-01,NSE:BIGBLOC,11.7,12.215,11.525,11.635,1861890.0,0.17219113215669024,0.8684324793747256
309,2017-12-04,NSE:BIGBLOC,11.785,12.08,11.7,11.895,1346210.0,2.2346368715083784,0.17219113215669024
310,2017-12-05,NSE:BIGBLOC,11.9,12.05,11.795,11.98,1075590.0,0.714585960487607,2.2346368715083784
311,2017-12-06,NSE:BIGBLOC,11.905,12.04,11.8,11.825,1236310.0,-1.2938230383973384,0.714585960487607
312,2017-12-07,NSE:BIGBLOC,11.89,12.365,11.885,12.115,1108210.0,2.4524312896405998,-1.2938230383973384
313,2017-12-08,NSE:BIGBLOC,12.195,12.27,12.1,12.14,1071870.0,0.20635575732563233,2.4524312896405998
314,2017-12-11,NSE:BIGBLOC,12.26,12.515,12.15,12.265,1162090.0,1.029654036243822,0.20635575732563233
315,2017-12-12,NSE:BIGBLOC,12.37,12.37,12.11,12.14,890020.0,-1.019160211985324,1.029654036243822
316,2017-12-13,NSE:BIGBLOC,12.205,12.25,11.81,11.895,943660.0,-2.0181219110378996,-1.019160211985324
317,2017-12-14,NSE:BIGBLOC,12.005,12.125,11.605,11.94,986400.0,0.3783102143757876,-2.0181219110378996
318,2017-12-15,NSE:BIGBLOC,12.1,12.5,12.1,12.185,834670.0,2.051926298157462,0.3783102143757876
319,2017-12-18,NSE:BIGBLOC,12.1,12.51,11.3,12.265,971910.0,0.6565449322938044,2.051926298157462
320,2017-12-19,NSE:BIGBLOC,12.355,13.489999,12.345,13.3,1790980.0,8.438646555238485,0.6565449322938044
321,2017-12-20,NSE:BIGBLOC,13.410001,14.72,13.410001,14.060001,3473830.0,5.714293233082699,8.438646555238485
322,2017-12-21,NSE:BIGBLOC,14.185001,14.739999,13.95,14.105,1936340.0,0.3200497638655977,5.714293233082699
323,2017-12-22,NSE:BIGBLOC,14.2,14.595,13.7,13.885001,1870710.0,-1.5597235023041447,0.3200497638655977
324,2017-12-26,NSE:BIGBLOC,13.92,14.8,13.864999,14.535001,1505260.0,4.681310429866,-1.5597235023041447
325,2017-12-27,NSE:BIGBLOC,14.625,14.75,13.695,14.245,1436540.0,-1.995190781204626,4.681310429866
326,2017-12-28,NSE:BIGBLOC,14.67,14.67,14.1,14.210001,869390.0,-0.2456932256932195,-1.995190781204626
327,2017-12-29,NSE:BIGBLOC,14.2,14.47,14.1,14.12,1182710.0,-0.6333637837182481,-0.2456932256932195
328,2018-01-01,NSE:BIGBLOC,14.105,14.335001,13.764999,13.88,781910.0,-1.699716713881009,-0.6333637837182481
329,2018-01-02,NSE:BIGBLOC,13.905,14.389999,13.810001,13.889999,1091540.0,0.0720389048991265,-1.699716713881009
330,2018-01-03,NSE:BIGBLOC,13.975,14.239999,13.88,13.925,1148740.0,0.2519870591783424,0.0720389048991265
331,2018-01-04,NSE:BIGBLOC,14.0,14.98,14.0,14.460001,1474740.0,3.84201795332136,0.2519870591783424
332,2018-01-05,NSE:BIGBLOC,14.57,15.48,14.4,14.975,2170870.0,3.5615419390358243,3.84201795332136
333,2018-01-08,NSE:BIGBLOC,15.125,15.410001,14.785001,15.2,1476740.0,1.502504173622702,3.5615419390358243
334,2018-01-09,NSE:BIGBLOC,15.32,15.32,14.9,15.025,1068100.0,-1.1513157894736772,1.502504173622702
335,2018-01-10,NSE:BIGBLOC,15.085001,15.489999,14.510001,14.75,1341630.0,-1.8302828618968408,-1.1513157894736772
336,2018-01-11,NSE:BIGBLOC,14.8,15.2,14.7,14.83,1394630.0,0.5423728813559326,-1.8302828618968408
337,2018-01-12,NSE:BIGBLOC,14.889999,15.17,14.4,14.514999,1359450.0,-2.12407956844235,0.5423728813559326
338,2018-01-15,NSE:BIGBLOC,14.62,14.675,14.03,14.07,1026800.0,-3.0657873279908547,-2.12407956844235
339,2018-01-16,NSE:BIGBLOC,14.139999,14.15,13.7,13.755,762910.0,-2.23880597014925,-3.0657873279908547
340,2018-01-17,NSE:BIGBLOC,13.755,13.9,13.560001,13.814999,1000840.0,0.43619774627407826,-2.23880597014925
341,2018-01-18,NSE:BIGBLOC,13.745,14.1,13.155,13.625,1002070.0,-1.375309545805977,0.43619774627407826
342,2018-01-19,NSE:BIGBLOC,13.6,13.73,13.48,13.614999,799690.0,-0.0734018348623913,-1.375309545805977
343,2018-01-22,NSE:BIGBLOC,13.705,13.95,13.5,13.639999,1282440.0,0.1836210197297874,-0.0734018348623913
344,2018-01-23,NSE:BIGBLOC,13.745,13.925,13.475,13.539999,891670.0,-0.7331378836611325,0.1836210197297874
345,2018-01-24,NSE:BIGBLOC,13.58,13.7,12.13,13.505,1052060.0,-0.2584859865942318,-0.7331378836611325
346,2018-01-25,NSE:BIGBLOC,13.5,13.839999,13.410001,13.52,1051480.0,0.11106997408366376,-0.2584859865942318
347,2018-01-29,NSE:BIGBLOC,13.6,14.0,13.425,13.485001,786130.0,-0.25886834319525975,0.11106997408366376
348,2018-01-30,NSE:BIGBLOC,13.605,13.605,13.3,13.33,842180.0,-1.1494326177654743,-0.25886834319525975
349,2018-01-31,NSE:BIGBLOC,13.4,13.810001,13.3,13.539999,619420.0,1.5753863465866453,-1.1494326177654743
350,2018-02-01,NSE:BIGBLOC,13.610001,13.825,13.310001,13.639999,873440.0,0.7385524917690145,1.5753863465866453
351,2018-02-02,NSE:BIGBLOC,13.6,13.6,12.015,12.365,812190.0,-9.347500685300632,0.7385524917690145
352,2018-02-05,NSE:BIGBLOC,12.395,12.46,11.5,12.105,889470.0,-2.1027092600080857,-9.347500685300632
353,2018-02-06,NSE:BIGBLOC,11.5,11.905,11.0,11.535,814330.0,-4.708798017348205,-2.1027092600080857
354,2018-02-07,NSE:BIGBLOC,11.635,12.08,11.0,11.38,1060390.0,-1.3437364542696086,-4.708798017348205
355,2018-02-08,NSE:BIGBLOC,11.565,13.655,11.4,13.655,1471870.0,19.991212653778547,-1.3437364542696086
356,2018-02-09,NSE:BIGBLOC,13.45,13.895,12.839999,13.175,2008930.0,-3.5151958989381082,19.991212653778547
357,2018-02-12,NSE:BIGBLOC,13.4,15.395,13.4,14.335001,2400220.0,8.804561669829218,-3.5151958989381082
358,2018-02-14,NSE:BIGBLOC,14.35,14.7,14.010001,14.185001,1000550.0,-1.0463898816609802,8.804561669829218
359,2018-02-15,NSE:BIGBLOC,14.595,14.789999,14.0,14.075,832370.0,-0.7754740376824821,-1.0463898816609802
360,2018-02-16,NSE:BIGBLOC,14.485001,14.489999,13.7,13.814999,834710.0,-1.8472539964475954,-0.7754740376824821
361,2018-02-19,NSE:BIGBLOC,14.0,14.05,13.68,13.764999,658950.0,-0.3619254695566804,-1.8472539964475954
362,2018-02-20,NSE:BIGBLOC,13.845,13.875,13.3,13.485001,613040.0,-2.034130187731936,-0.3619254695566804
363,2018-02-21,NSE:BIGBLOC,13.575,14.25,13.5,13.55,771150.0,0.48200960459699077,-2.034130187731936
364,2018-02-22,NSE:BIGBLOC,13.595,13.989999,13.32,13.42,622860.0,-0.9594095940959467,0.48200960459699077
365,2018-02-23,NSE:BIGBLOC,13.5,13.8,13.360001,13.4,570120.0,-0.149031296572277,-0.9594095940959467
366,2018-02-26,NSE:BIGBLOC,13.6,14.589999,13.589999,14.03,1013180.0,4.701492537313425,-0.149031296572277
367,2018-02-27,NSE:BIGBLOC,14.0,16.835001,14.0,16.835001,1927700.0,19.992879543834633,4.701492537313425
368,2018-02-28,NSE:BIGBLOC,16.35,18.7,16.0,16.514999,8989600.0,-1.9008136679053291,19.992879543834633
369,2018-03-01,NSE:BIGBLOC,16.514999,17.439999,16.13,16.525,1231720.0,0.06055707299769766,-1.9008136679053291
370,2018-03-05,NSE:BIGBLOC,16.8,18.839999,16.535001,17.005,7220530.0,2.9046898638426653,0.06055707299769766
371,2018-03-06,NSE:BIGBLOC,17.295,17.839999,16.810001,17.02,1510330.0,0.0882093501911236,2.9046898638426653
372,2018-03-07,NSE:BIGBLOC,17.1,17.5,16.125,16.65,914610.0,-2.1739130434782665,0.0882093501911236
373,2018-03-08,NSE:BIGBLOC,17.0,17.3,16.1,16.855,649930.0,1.2312312312312426,-2.1739130434782665
374,2018-03-09,NSE:BIGBLOC,16.905,17.005,16.1,16.18,214450.0,-4.004746366063486,1.2312312312312426
375,2018-03-12,NSE:BIGBLOC,16.345,16.989999,16.310001,16.414999,376380.0,1.4524042027194188,-4.004746366063486
376,2018-03-13,NSE:BIGBLOC,16.55,17.489999,15.505,16.72,856990.0,1.858062860680023,1.4524042027194188
377,2018-03-14,NSE:BIGBLOC,16.689999,16.689999,16.3,16.47,302520.0,-1.4952153110047848,1.858062860680023
378,2018-03-15,NSE:BIGBLOC,16.6,17.789999,16.53,17.195,3467870.0,4.401942926533099,-1.4952153110047848
379,2018-03-16,NSE:BIGBLOC,17.339999,17.895,16.9,17.055,684130.0,-0.8141901715615038,4.401942926533099
380,2018-03-19,NSE:BIGBLOC,17.105,17.445,16.589999,16.689999,323810.0,-2.1401407211961274,-0.8141901715615038
381,2018-03-20,NSE:BIGBLOC,16.405,16.7,16.33,16.464999,647560.0,-1.3481127230744676,-2.1401407211961274
382,2018-03-21,NSE:BIGBLOC,16.410001,17.68,16.410001,17.505,1846430.0,6.316435245456136,-1.3481127230744676
383,2018-03-22,NSE:BIGBLOC,17.5,17.77,17.155,17.264999,535820.0,-1.3710425592687774,6.316435245456136
384,2018-03-23,NSE:BIGBLOC,16.85,17.195,16.545,16.760001,505010.0,-2.924981345205989,-1.3710425592687774
385,2018-03-26,NSE:BIGBLOC,17.15,17.2,16.4,16.514999,434080.0,-1.4618256884352185,-2.924981345205989
386,2018-03-27,NSE:BIGBLOC,16.8,16.93,16.410001,16.510001,659200.0,-0.030263398744380804,-1.4618256884352185
387,2018-03-28,NSE:BIGBLOC,16.635001,16.8,16.135001,16.310001,703790.0,-1.2113869647857642,-0.030263398744380804
388,2018-04-02,NSE:BIGBLOC,17.0,17.3,16.645,17.005,1635460.0,4.261183061852659,-1.2113869647857642
389,2018-04-03,NSE:BIGBLOC,17.02,17.745,17.02,17.28,757380.0,1.6171714201705507,4.261183061852659
390,2018-04-04,NSE:BIGBLOC,17.445,17.589999,16.95,17.045,274860.0,-1.3599537037037004,1.6171714201705507
391,2018-04-05,NSE:BIGBLOC,17.585001,18.689999,17.045,18.275,1810120.0,7.216192431798161,-1.3599537037037004
392,2018-04-06,NSE:BIGBLOC,18.710001,19.27,18.345,18.7,969770.0,2.3255813953488413,7.216192431798161
393,2018-04-09,NSE:BIGBLOC,18.739999,18.95,18.22,18.32,356340.0,-2.032085561497321,2.3255813953488413
394,2018-04-10,NSE:BIGBLOC,18.3,18.589999,18.0,18.060001,204200.0,-1.4192085152838456,-2.032085561497321
395,2018-04-11,NSE:BIGBLOC,18.105,18.48,17.725,18.0,397000.0,-0.33223143232383956,-1.4192085152838456
396,2018-04-12,NSE:BIGBLOC,18.185001,18.364999,17.6,17.735001,105840.0,-1.472216666666664,-0.33223143232383956
397,2018-04-13,NSE:BIGBLOC,17.605,17.745,17.2,17.385001,103760.0,-1.9734986200451943,-1.472216666666664
398,2018-04-16,NSE:BIGBLOC,17.110001,17.52,16.995,17.42,341650.0,0.20131721591504464,-1.9734986200451943
399,2018-04-17,NSE:BIGBLOC,17.63,17.87,17.114999,17.360001,667420.0,-0.3444259471871483,0.20131721591504464
400,2018-04-18,NSE:BIGBLOC,17.5,18.35,17.255,17.475,569020.0,0.6624365977859158,-0.3444259471871483
401,2018-04-19,NSE:BIGBLOC,17.545,17.855,17.225,17.485001,655430.0,0.05723032904148233,0.6624365977859158
402,2018-04-20,NSE:BIGBLOC,17.489999,18.2,17.43,17.905,323560.0,2.402053051069317,0.05723032904148233
403,2018-04-23,NSE:BIGBLOC,18.1,18.28,17.6,17.77,667040.0,-0.7539793353811872,2.402053051069317
404,2018-04-24,NSE:BIGBLOC,17.83,17.975,17.4,17.53,508290.0,-1.3505908835115277,-0.7539793353811872
405,2018-04-25,NSE:BIGBLOC,17.77,17.77,16.7,16.905,414610.0,-3.56531660011409,-1.3505908835115277
406,2018-04-26,NSE:BIGBLOC,16.705,17.025,16.18,16.55,425340.0,-2.099970422951792,-3.56531660011409
407,2018-04-27,NSE:BIGBLOC,16.98,17.235001,16.3,16.464999,433290.0,-0.5136012084592259,-2.099970422951792
408,2018-04-30,NSE:BIGBLOC,16.989999,17.875,16.6,17.145,424250.0,4.129978993621565,-0.5136012084592259
409,2018-05-02,NSE:BIGBLOC,17.205,17.6,16.785001,16.864999,395580.0,-1.6331350247885599,4.129978993621565
410,2018-05-03,NSE:BIGBLOC,17.25,17.25,16.7,16.825,403990.0,-0.23717167134134826,-1.6331350247885599
411,2018-05-04,NSE:BIGBLOC,16.95,17.075,16.6,16.639999,336860.0,-1.0995601783060907,-0.23717167134134826
412,2018-05-07,NSE:BIGBLOC,16.785001,17.17,16.62,16.82,464750.0,1.0817368438543822,-1.0995601783060907
413,2018-05-08,NSE:BIGBLOC,16.93,16.975,16.405,16.639999,387790.0,-1.0701605231866869,1.0817368438543822
414,2018-05-09,NSE:BIGBLOC,16.805,17.0,16.3,16.439999,401970.0,-1.2019231491540312,-1.0701605231866869
415,2018-05-10,NSE:BIGBLOC,16.2,16.8,16.2,16.42,638940.0,-0.12164842589101463,-1.2019231491540312
416,2018-05-11,NSE:BIGBLOC,16.295,16.795,16.1,16.285001,392500.0,-0.8221619975639496,-0.12164842589101463
417,2018-05-14,NSE:BIGBLOC,16.285001,16.989999,16.160001,16.73,440800.0,2.7325696817580742,-0.8221619975639496
418,2018-05-15,NSE:BIGBLOC,16.95,16.95,16.164999,16.53,347600.0,-1.1954572624028648,2.7325696817580742
419,2018-05-16,NSE:BIGBLOC,16.489999,16.489999,15.5,15.585001,388240.0,-5.716872353297042,-1.1954572624028648
420,2018-05-17,NSE:BIGBLOC,15.589999,15.795,13.7,13.9,521930.0,-10.811683618114621,-5.716872353297042
421,2018-05-18,NSE:BIGBLOC,13.985001,14.439999,13.98,14.255,83070.0,2.5539568345323773,-10.811683618114621
422,2018-05-21,NSE:BIGBLOC,14.3,14.7,13.2,14.575,492800.0,2.244826376709916,2.5539568345323773
423,2018-05-22,NSE:BIGBLOC,14.7,14.7,13.295,13.695,382930.0,-6.037735849056598,2.244826376709916
424,2018-05-23,NSE:BIGBLOC,13.9,13.9,13.33,13.595,357410.0,-0.730193501277836,-6.037735849056598
425,2018-05-24,NSE:BIGBLOC,13.505,13.7,11.115,11.8,675220.0,-13.203383596910628,-0.730193501277836
426,2018-05-25,NSE:BIGBLOC,11.985,12.0,11.23,11.5,509850.0,-2.542372881355938,-13.203383596910628
427,2018-05-28,NSE:BIGBLOC,11.7,12.2,11.605,11.83,893450.0,2.869565217391305,-2.542372881355938
428,2018-05-29,NSE:BIGBLOC,12.0,12.3,11.905,12.06,1078080.0,1.9442096365173325,2.869565217391305
429,2018-05-30,NSE:BIGBLOC,12.06,12.075,11.53,11.87,630140.0,-1.575456053068004,1.9442096365173325
430,2018-05-31,NSE:BIGBLOC,11.905,12.06,11.63,11.655,367260.0,-1.8112889637742196,-1.575456053068004
431,2018-06-01,NSE:BIGBLOC,11.785,12.0,11.0,11.68,437370.0,0.21450021450021756,-1.8112889637742196
432,2018-06-04,NSE:BIGBLOC,11.8,12.045,11.65,11.895,428120.0,1.840753424657533,0.21450021450021756
433,2018-06-05,NSE:BIGBLOC,11.915,11.925,11.115,11.46,291340.0,-3.6569987389659415,1.840753424657533
434,2018-06-06,NSE:BIGBLOC,11.5,11.59,10.97,11.0,627120.0,-4.01396160558465,-3.6569987389659415
435,2018-06-07,NSE:BIGBLOC,11.09,11.635,11.045,11.545,496220.0,4.954545454545454,-4.01396160558465
436,2018-06-08,NSE:BIGBLOC,11.5,11.8,11.345,11.62,431330.0,0.6496318752706738,4.954545454545454
437,2018-06-11,NSE:BIGBLOC,11.6,11.7,11.345,11.595,287230.0,-0.21514629948363667,0.6496318752706738
438,2018-06-12,NSE:BIGBLOC,11.65,12.015,11.56,11.585,304930.0,-0.08624407072013615,-0.21514629948363667
439,2018-06-13,NSE:BIGBLOC,11.8,12.21,11.77,11.83,612360.0,2.1148036253776366,-0.08624407072013615
440,2018-06-14,NSE:BIGBLOC,11.905,11.95,11.61,11.68,367410.0,-1.2679628064243478,2.1148036253776366
441,2018-06-15,NSE:BIGBLOC,11.755,12.055,11.745,11.77,166540.0,0.7705479452054783,-1.2679628064243478
442,2018-06-18,NSE:BIGBLOC,11.945,12.73,11.725,12.335,479830.0,4.80033984706883,0.7705479452054783
443,2018-06-19,NSE:BIGBLOC,12.839999,14.639999,12.795,13.610001,2378180.0,10.336449128496145,4.80033984706883
444,2018-06-20,NSE:BIGBLOC,13.525,15.8,13.525,14.55,3918110.0,6.906678405093433,10.336449128496145
445,2018-06-21,NSE:BIGBLOC,14.555,15.089999,14.255,14.47,1355870.0,-0.5498281786941586,6.906678405093433
446,2018-06-22,NSE:BIGBLOC,14.4,14.4,13.085001,13.35,828150.0,-7.740152038700766,-0.5498281786941586
447,2018-06-25,NSE:BIGBLOC,13.364999,14.0,13.05,13.22,442710.0,-0.973782771535573,-7.740152038700766
448,2018-06-26,NSE:BIGBLOC,13.0,13.189999,12.465,12.7,509530.0,-3.9334341906202823,-0.973782771535573
449,2018-06-27,NSE:BIGBLOC,13.03,13.435001,11.63,11.79,656370.0,-7.165354330708664,-3.9334341906202823
450,2018-06-28,NSE:BIGBLOC,11.615,11.97,11.3,11.55,490390.0,-2.0356234096691983,-7.165354330708664
451,2018-06-29,NSE:BIGBLOC,11.61,13.860001,9.2400002,9.2400002,5445010.0,-19.999998268398265,-2.0356234096691983
452,2018-07-02,NSE:BIGBLOC,8.3199997,9.5050003,8.3199997,8.8650002,1468150.0,-4.058441470596505,-19.999998268398265
453,2018-07-03,NSE:BIGBLOC,8.8,9.2900002,8.4050003,8.6199997,562140.0,-2.763682960774231,-4.058441470596505
454,2018-07-04,NSE:BIGBLOC,8.6199997,8.6199997,7.8099998,7.9150002,1155430.0,-8.178648776519095,-2.763682960774231
455,2018-07-05,NSE:BIGBLOC,8.2,8.2400002,7.5300003,8.0650002,572560.0,1.8951357701797702,-8.178648776519095
456,2018-07-06,NSE:BIGBLOC,7.75,8.8,7.75,8.6099998,670490.0,6.757589417046766,1.8951357701797702
457,2018-07-09,NSE:BIGBLOC,8.8,9.2900002,8.7150002,9.2300003,754960.0,7.200935126618699,6.757589417046766
458,2018-07-10,NSE:BIGBLOC,9.3150002,9.9550003,9.2,9.6099998,1755520.0,4.117004199880689,7.200935126618699
459,2018-07-11,NSE:BIGBLOC,9.75,10.085,9.5,9.8050003,812360.0,2.0291415614805635,4.117004199880689
460,2018-07-12,NSE:BIGBLOC,9.9900002,10.19,9.9,10.085,979550.0,2.855682727516094,2.0291415614805635
461,2018-07-13,NSE:BIGBLOC,10.19,10.585,10.1,10.585,2571860.0,4.957858205255329,2.855682727516094
462,2018-07-16,NSE:BIGBLOC,10.435,10.44,10.06,10.06,355980.0,-4.959848842701939,4.957858205255329
463,2018-07-17,NSE:BIGBLOC,9.5599998,9.5599998,9.5599998,9.5599998,13760.0,-4.970180914512928,-4.959848842701939
464,2018-07-18,NSE:BIGBLOC,9.0849998,9.4550003,9.0849998,9.3599998,642210.0,-2.092050252971755,-4.970180914512928
465,2018-07-19,NSE:BIGBLOC,9.3599998,9.6800003,9.0,9.025,441570.0,-3.5790577687832883,-2.092050252971755
466,2018-07-20,NSE:BIGBLOC,9.0,9.0550003,8.6,8.6449997,156360.0,-4.210529639889204,-3.5790577687832883
467,2018-07-23,NSE:BIGBLOC,8.65,9.075,8.45,9.075,1162190.0,4.973977037847667,-4.210529639889204
468,2018-07-24,NSE:BIGBLOC,9.275,9.525,8.625,8.625,2354650.0,-4.958677685950406,4.973977037847667
469,2018-07-25,NSE:BIGBLOC,8.625,8.9,8.45,8.525,719930.0,-1.1594202898550683,-4.958677685950406
470,2018-07-26,NSE:BIGBLOC,8.5300003,8.9,8.1,8.7,247660.0,2.052785923753653,-1.1594202898550683
471,2018-07-27,NSE:BIGBLOC,8.6050003,8.85,8.5050003,8.8349998,163480.0,1.5517218390804715,2.052785923753653
472,2018-07-30,NSE:BIGBLOC,8.9,9.0,8.8,8.8199997,156460.0,-0.16978042263226717,1.5517218390804715
473,2018-07-31,NSE:BIGBLOC,8.9300003,8.9349998,8.4699997,8.5650002,95650.0,-2.891150891989262,-0.16978042263226717
474,2018-08-01,NSE:BIGBLOC,8.5,8.7900002,8.4,8.55,67020.0,-0.17513367950650313,-2.891150891989262
475,2018-08-02,NSE:BIGBLOC,8.7,8.8,8.3,8.6900002,306510.0,1.6374292397660744,-0.17513367950650313
476,2018-08-03,NSE:BIGBLOC,8.7050003,9.0150002,8.6550003,8.9699997,408070.0,3.222088533438706,1.6374292397660744
477,2018-08-06,NSE:BIGBLOC,9.3550003,9.3550003,8.6,9.1150002,234420.0,1.6165050707861235,3.222088533438706
478,2018-08-07,NSE:BIGBLOC,9.6949997,9.6949997,9.1050003,9.3800003,121170.0,2.9072966997850416,1.6165050707861235
479,2018-08-08,NSE:BIGBLOC,9.4050003,9.4699997,8.45,8.6800003,36980.0,-7.462686328485522,2.9072966997850416
480,2018-08-09,NSE:BIGBLOC,8.8449997,9.4,8.7599998,8.9550003,70170.0,3.1682026554768714,-7.462686328485522
481,2018-08-10,NSE:BIGBLOC,9.0800003,9.1949997,8.8699997,9.0800003,59000.0,1.395868183276331,3.1682026554768714
482,2018-08-13,NSE:BIGBLOC,8.8699997,9.1900002,8.4,8.7849998,62540.0,-3.2489040776793856,1.395868183276331
483,2018-08-14,NSE:BIGBLOC,8.9050003,9.1699997,8.4,8.7099998,268750.0,-0.8537279647974414,-3.2489040776793856
484,2018-08-16,NSE:BIGBLOC,9.0050003,9.1599998,8.7599998,8.8150002,27280.0,1.2055155271071276,-0.8537279647974414
485,2018-08-17,NSE:BIGBLOC,8.775,8.8949997,8.4550003,8.6050003,60240.0,-2.382301704315329,1.2055155271071276
486,2018-08-20,NSE:BIGBLOC,8.475,8.8349998,8.4150002,8.5400002,20600.0,-0.7553759178834737,-2.382301704315329
487,2018-08-21,NSE:BIGBLOC,8.8300003,8.8300003,8.4,8.4199997,35290.0,-1.4051580467176072,-0.7553759178834737
488,2018-08-23,NSE:BIGBLOC,8.8099998,8.8449997,8.3400002,8.4150002,59380.0,-0.05937648667612503,-1.4051580467176072
489,2018-08-24,NSE:BIGBLOC,8.6449997,8.6550003,7.6,8.0449997,38570.0,-4.3969161165319965,-0.05937648667612503
490,2018-08-27,NSE:BIGBLOC,7.7,8.7,7.7,7.975,74750.0,-0.8701019591088403,-4.3969161165319965
491,2018-08-28,NSE:BIGBLOC,7.825,8.3650002,7.8199997,7.8550003,23350.0,-1.5046984326018717,-0.8701019591088403
492,2018-08-29,NSE:BIGBLOC,8.0099998,8.45,7.8300003,8.1050003,96120.0,3.182686065588056,-1.5046984326018717
493,2018-08-30,NSE:BIGBLOC,8.225,8.4349998,7.7949997,8.0849998,10690.0,-0.2467674183799856,3.182686065588056
494,2018-08-31,NSE:BIGBLOC,8.2650002,8.3699997,7.7449997,8.3,111240.0,2.659248055887403,-0.2467674183799856
495,2018-09-03,NSE:BIGBLOC,8.2,8.3,7.8300003,8.125,26140.0,-2.1084337349397675,2.659248055887403
496,2018-09-04,NSE:BIGBLOC,8.5,8.5199997,7.9,8.05,80460.0,-0.9230769230769144,-2.1084337349397675
497,2018-09-05,NSE:BIGBLOC,8.0400002,8.2400002,7.825,7.9800003,103210.0,-0.869561490683234,-0.9230769230769144
498,2018-09-06,NSE:BIGBLOC,7.95,8.3449997,7.7,7.9,95130.0,-1.0025099873743115,-0.869561490683234
499,2018-09-07,NSE:BIGBLOC,7.8949997,8.1800003,7.7900002,7.8650002,126350.0,-0.4430354430379806,-1.0025099873743115
500,2018-09-10,NSE:BIGBLOC,7.8449997,7.9849998,7.7,7.75,92600.0,-1.462176695176688,-0.4430354430379806
501,2018-09-11,NSE:BIGBLOC,8.1,8.1,7.6849998,7.7300003,116600.0,-0.25806064516128546,-1.462176695176688
502,2018-09-12,NSE:BIGBLOC,8.0349998,8.0349998,7.6,7.6400002,133840.0,-1.1642962031967856,-0.25806064516128546
503,2018-09-14,NSE:BIGBLOC,7.7,7.9800003,7.6,7.6449997,95410.0,0.06543847996233533,-1.1642962031967856
504,2018-09-17,NSE:BIGBLOC,7.7,7.8,6.9,7.7949997,135480.0,1.9620667872622726,0.06543847996233533
505,2018-09-18,NSE:BIGBLOC,7.8,7.8,7.4349998,7.5,776190.0,-3.7844735260220723,1.9620667872622726
506,2018-09-19,NSE:BIGBLOC,7.5699997,7.8349998,7.3550003,7.4699997,778080.0,-0.4000040000000027,-3.7844735260220723
507,2018-09-21,NSE:BIGBLOC,7.8,7.8050003,6.8199997,7.2449997,131490.0,-3.0120483137368756,-0.4000040000000027
508,2018-09-24,NSE:BIGBLOC,7.2050003,7.3,6.7050003,7.125,138250.0,-1.6563106275905044,-3.0120483137368756
509,2018-09-25,NSE:BIGBLOC,7.175,7.175,6.6199997,6.8050003,246250.0,-4.491223859649128,-1.6563106275905044
510,2018-09-26,NSE:BIGBLOC,6.8400002,6.9949997,6.35,6.85,1219310.0,0.6612740340364126,-4.491223859649128
511,2018-09-27,NSE:BIGBLOC,6.8300003,6.85,6.5,6.5699997,537010.0,-4.087595620437947,0.6612740340364126
512,2018-09-28,NSE:BIGBLOC,6.55,6.5699997,6.15,6.3549999,191170.0,-3.27244763801131,-4.087595620437947
513,2018-10-01,NSE:BIGBLOC,6.3700001,6.3700001,5.7200001,6.1599998,283760.0,-3.068451661187289,-3.27244763801131
514,2018-10-03,NSE:BIGBLOC,6.1299999,6.1299999,5.6,5.625,253220.0,-8.685061970294214,-3.068451661187289
515,2018-10-04,NSE:BIGBLOC,5.6049999,5.6299999,5.0650002,5.1,334790.0,-9.33333333333334,-8.685061970294214
516,2018-10-05,NSE:BIGBLOC,5.0049999,5.0349998,4.8450001,4.8599998,193450.0,-4.705886274509802,-9.33333333333334
517,2018-10-08,NSE:BIGBLOC,4.9,4.925,4.6200001,4.625,76260.0,-4.835387030262836,-4.705886274509802
518,2018-10-09,NSE:BIGBLOC,4.625,4.7049999,4.3950001,4.4599998,42840.0,-3.5675718918918853,-4.835387030262836
519,2018-10-10,NSE:BIGBLOC,4.2700001,4.5700001,4.2700001,4.5450001,47540.0,1.9058364083334691,-3.5675718918918853
520,2018-10-11,NSE:BIGBLOC,4.75,4.75,4.3200001,4.4700001,775040.0,-1.6501649801943938,1.9058364083334691
521,2018-10-12,NSE:BIGBLOC,4.5099998,4.6900002,4.5099998,4.6900002,75300.0,4.921702350744915,-1.6501649801943938
522,2018-10-15,NSE:BIGBLOC,4.8049999,4.9200001,4.725,4.8950001,152690.0,4.370999813603415,4.921702350744915
523,2018-10-16,NSE:BIGBLOC,4.9200001,5.1349998,4.8849998,5.1349998,202460.0,4.902955977467708,4.370999813603415
524,2018-10-17,NSE:BIGBLOC,5.15,5.3900002,5.15,5.3349998,546190.0,3.8948394895750567,4.902955977467708
525,2018-10-19,NSE:BIGBLOC,5.3049999,5.6,5.1200001,5.4450001,195510.0,2.061861370641464,3.8948394895750567
526,2018-10-22,NSE:BIGBLOC,5.7099998,5.7099998,5.1900002,5.2049999,169820.0,-4.407717090767361,2.061861370641464
527,2018-10-23,NSE:BIGBLOC,5.175,5.1799999,4.975,5.0,124060.0,-3.9385188076564575,-4.407717090767361
528,2018-10-24,NSE:BIGBLOC,5.0150002,5.1700001,4.8200001,4.8299999,158320.0,-3.400002000000004,-3.9385188076564575
529,2018-10-25,NSE:BIGBLOC,5.0,5.0,4.7799999,4.7950001,171670.0,-0.7246335553754273,-3.400002000000004
530,2018-10-26,NSE:BIGBLOC,4.9049999,4.9049999,4.625,4.6849998,160620.0,-2.294062517329255,-0.7246335553754273
531,2018-10-29,NSE:BIGBLOC,4.6,4.8900002,4.525,4.6900002,250190.0,0.10673212835569656,-2.294062517329255
532,2018-10-30,NSE:BIGBLOC,4.75,4.75,4.4599998,4.4799999,348290.0,-4.477618145943787,0.10673212835569656
533,2018-10-31,NSE:BIGBLOC,4.4849998,4.6450001,4.4,4.4400002,151190.0,-0.8928504663582711,-4.477618145943787
534,2018-11-01,NSE:BIGBLOC,4.4450001,4.6450001,4.4,4.55,140050.0,2.477472861375091,-0.8928504663582711
535,2018-11-02,NSE:BIGBLOC,4.5299999,4.7700001,4.5,4.7200001,193220.0,3.7362659340659388,2.477472861375091
536,2018-11-05,NSE:BIGBLOC,4.7549999,4.9549999,4.65,4.95,164520.0,4.872879134049174,3.7362659340659388
537,2018-11-06,NSE:BIGBLOC,4.975,5.1950001,4.95,5.1200001,156080.0,3.4343454545454586,4.872879134049174
538,2018-11-07,NSE:BIGBLOC,5.375,5.375,5.1049999,5.2,109230.0,1.5624980163574564,3.4343454545454586
539,2018-11-09,NSE:BIGBLOC,5.175,5.175,5.0,5.0700001,132570.0,-2.4999980769230863,1.5624980163574564
540,2018-11-12,NSE:BIGBLOC,5.0700001,5.1700001,5.0,5.075,144790.0,0.0986173550568668,-2.4999980769230863
541,2018-11-13,NSE:BIGBLOC,5.0799999,5.0950001,4.875,5.0099998,101340.0,-1.2807921182266022,0.0986173550568668
542,2018-11-14,NSE:BIGBLOC,5.0,5.0,4.775,4.7950001,277890.0,-4.291411348958535,-1.2807921182266022
543,2018-11-15,NSE:BIGBLOC,4.85,4.85,4.5799999,4.75,135780.0,-0.9384796467470399,-4.291411348958535
544,2018-11-16,NSE:BIGBLOC,4.75,4.95,4.7049999,4.8299999,111580.0,1.684208421052627,-0.9384796467470399
545,2018-11-19,NSE:BIGBLOC,4.9049999,4.9950001,4.875,4.9849998,103720.0,3.20910772689664,1.684208421052627
546,2018-11-20,NSE:BIGBLOC,4.9799999,5.1950001,4.9049999,5.0049999,92710.0,0.40120563294706363,3.20910772689664
547,2018-11-21,NSE:BIGBLOC,5.0049999,5.075,4.95,5.0049999,111710.0,0.0,0.40120563294706363
548,2018-11-22,NSE:BIGBLOC,5.0950001,5.0950001,4.95,5.0700001,80600.0,1.2987053206534542,0.0
549,2018-11-26,NSE:BIGBLOC,5.1,5.1700001,4.8200001,4.8450001,461780.0,-4.437869734953253,1.2987053206534542
550,2018-11-27,NSE:BIGBLOC,4.8599998,5.0849998,4.6200001,4.7700001,117200.0,-1.5479875841488668,-4.437869734953253
551,2018-11-28,NSE:BIGBLOC,4.7799999,4.7799999,4.65,4.6549999,110460.0,-2.4109056098342614,-1.5479875841488668
552,2018-11-29,NSE:BIGBLOC,4.6599998,4.75,4.5950001,4.675,102750.0,0.42964769988501733,-2.4109056098342614
553,2018-11-30,NSE:BIGBLOC,4.7,4.7650002,4.575,4.6849998,88760.0,0.21389946524064418,0.42964769988501733
554,2018-12-03,NSE:BIGBLOC,4.6950001,4.85,4.5049999,4.6700001,591820.0,-0.3201643679899352,0.21389946524064418
555,2018-12-04,NSE:BIGBLOC,4.6950001,4.7,4.5,4.5349998,119150.0,-2.8907986533019696,-0.3201643679899352
556,2018-12-05,NSE:BIGBLOC,4.5650002,4.5700001,4.375,4.4200001,118890.0,-2.5358259111720223,-2.8907986533019696
557,2018-12-06,NSE:BIGBLOC,4.525,4.6,4.2549999,4.3,114160.0,-2.714934327716427,-2.5358259111720223
558,2018-12-07,NSE:BIGBLOC,4.3450001,4.425,3.9549999,4.05,123840.0,-5.813953488372093,-2.714934327716427
559,2018-12-10,NSE:BIGBLOC,4.175,4.175,3.6450001,3.7650002,184380.0,-7.037032098765433,-5.813953488372093
560,2018-12-11,NSE:BIGBLOC,3.7,3.7700001,3.6,3.6900002,113270.0,-1.9920317666915326,-7.037032098765433
561,2018-12-12,NSE:BIGBLOC,3.7049999,3.8799999,3.5,3.6849998,154760.0,-0.13551218777712062,-1.9920317666915326
562,2018-12-13,NSE:BIGBLOC,3.7200001,3.9849998,3.6849998,3.7200001,159560.0,0.9498046648469314,-0.13551218777712062
563,2018-12-14,NSE:BIGBLOC,3.7200001,3.7400002,3.5,3.55,462490.0,-4.569895038443687,0.9498046648469314
564,2018-12-17,NSE:BIGBLOC,3.55,3.9049999,3.55,3.9049999,248410.0,9.999997183098596,-4.569895038443687
565,2018-12-18,NSE:BIGBLOC,4.1,4.2950001,3.575,3.9950001,752890.0,2.304742696664345,9.999997183098596
566,2018-12-19,NSE:BIGBLOC,3.9,4.1,3.9,3.925,258700.0,-1.7521926970665187,2.304742696664345
567,2018-12-20,NSE:BIGBLOC,3.9049999,3.9900002,3.7,3.7150002,513910.0,-5.350313375796175,-1.7521926970665187
568,2018-12-21,NSE:BIGBLOC,3.8,4.0,3.725,3.7799999,131580.0,1.7496553566807342,-5.350313375796175
569,2018-12-24,NSE:BIGBLOC,3.5099998,3.7549999,3.5099998,3.6450001,97930.0,-3.571423374905383,1.7496553566807342
570,2018-12-26,NSE:BIGBLOC,3.75,3.75,3.5200001,3.6849998,22810.0,1.0973854294270138,-3.571423374905383
571,2018-12-27,NSE:BIGBLOC,3.5549999,3.7549999,3.4700001,3.5150002,400840.0,-4.613286546175664,1.0973854294270138
572,2018-12-28,NSE:BIGBLOC,3.6799999,3.7,3.3,3.6,169680.0,2.41820185387188,-4.613286546175664
573,2018-12-31,NSE:BIGBLOC,3.6900002,3.7099998,3.5049999,3.55,147600.0,-1.3888888888888962,2.41820185387188
574,2019-01-01,NSE:BIGBLOC,3.5549999,3.7,3.5,3.6,124020.0,1.4084507042253596,-1.3888888888888962
575,2019-01-02,NSE:BIGBLOC,3.8900002,3.8900002,3.5,3.6200001,13970.0,0.5555583333333293,1.4084507042253596
576,2019-01-03,NSE:BIGBLOC,3.5049999,3.675,3.5,3.5849998,10890.0,-0.9668590893132875,0.5555583333333293
577,2019-01-04,NSE:BIGBLOC,3.6200001,3.625,3.5,3.5299999,96450.0,-1.5341674496048754,-0.9668590893132875
578,2019-01-07,NSE:BIGBLOC,3.5299999,3.6400002,3.4700001,3.5950001,28990.0,1.8413654912568147,-1.5341674496048754
579,2019-01-08,NSE:BIGBLOC,3.5,3.6,3.5,3.5450001,70950.0,-1.3908205454570035,1.8413654912568147
580,2019-01-09,NSE:BIGBLOC,3.6,3.6,3.3,3.4200001,177360.0,-3.5260929893908886,-1.3908205454570035
581,2019-01-10,NSE:BIGBLOC,3.5900002,3.5950001,3.5,3.5849998,61190.0,4.8245524905101504,-3.5260929893908886
582,2019-01-11,NSE:BIGBLOC,3.8349998,3.8349998,3.45,3.525,98930.0,-1.673634681932198,4.8245524905101504
583,2019-01-14,NSE:BIGBLOC,3.3349998,3.5950001,3.3349998,3.4549999,57330.0,-1.9858184397163154,-1.673634681932198
584,2019-01-15,NSE:BIGBLOC,3.4049999,3.5099998,3.3950001,3.4049999,119330.0,-1.4471780447808356,-1.9858184397163154
585,2019-01-16,NSE:BIGBLOC,3.4049999,3.5,3.4,3.4549999,105500.0,1.4684288243297694,-1.4471780447808356
586,2019-01-17,NSE:BIGBLOC,3.4900002,3.5,3.4400002,3.45,78770.0,-0.14471491012198331,1.4684288243297694
587,2019-01-18,NSE:BIGBLOC,3.4599998,3.5849998,3.4450001,3.4900002,46010.0,1.1594260869565132,-0.14471491012198331
588,2019-01-21,NSE:BIGBLOC,3.6400002,3.6400002,3.3849998,3.4299999,9990.0,-1.7192062052030832,1.1594260869565132
589,2019-01-22,NSE:BIGBLOC,3.5450001,3.5849998,3.2150002,3.3400002,61180.0,-2.6238980356821555,-1.7192062052030832
590,2019-01-23,NSE:BIGBLOC,3.3,3.5,3.1,3.15,142240.0,-5.688628401878541,-2.6238980356821555
591,2019-01-24,NSE:BIGBLOC,3.1299999,3.2150002,2.91,3.0,69640.0,-4.761904761904759,-5.688628401878541
592,2019-01-25,NSE:BIGBLOC,3.025,3.2799999,2.9,2.9700001,420590.0,-0.9999966666666656,-4.761904761904759
593,2019-01-28,NSE:BIGBLOC,3.14,3.19,2.9,2.915,143120.0,-1.851855156503193,-0.9999966666666656
594,2019-01-29,NSE:BIGBLOC,2.985,2.985,2.7799999,2.8549999,56910.0,-2.0583224699828437,-1.851855156503193
595,2019-01-30,NSE:BIGBLOC,2.9,2.9,2.8,2.8549999,70570.0,0.0,-2.0583224699828437
596,2019-01-31,NSE:BIGBLOC,2.9,2.95,2.81,2.8950001,37590.0,1.4010578424188282,0.0
597,2019-02-01,NSE:BIGBLOC,2.8950001,2.95,2.8,2.8950001,37950.0,0.0,1.4010578424188282
598,2019-02-04,NSE:BIGBLOC,2.76,3.035,2.76,2.9549999,39580.0,2.07253188005071,0.0
599,2019-02-05,NSE:BIGBLOC,2.8200001,3.0950001,2.8200001,2.865,51150.0,-3.0456819981618133,2.07253188005071
600,2019-02-06,NSE:BIGBLOC,2.84,2.84,2.725,2.725,37330.0,-4.886561954624786,-3.0456819981618133
601,2019-02-07,NSE:BIGBLOC,2.7,2.735,2.6,2.6200001,14200.0,-3.8532073394495465,-4.886561954624786
602,2019-02-08,NSE:BIGBLOC,2.6049999,2.715,2.5799999,2.6200001,23200.0,0.0,-3.8532073394495465
603,2019-02-11,NSE:BIGBLOC,2.5,2.525,2.49,2.5049999,78320.0,-4.389320443155704,0.0
604,2019-02-12,NSE:BIGBLOC,2.515,2.6299999,2.45,2.4950001,39100.0,-0.39919362871032904,-4.389320443155704
605,2019-02-13,NSE:BIGBLOC,2.5,2.61,2.4950001,2.535,81830.0,1.6032023405530202,-0.39919362871032904
606,2019-02-14,NSE:BIGBLOC,2.535,2.66,2.515,2.635,8250.0,3.944773175542392,1.6032023405530202
607,2019-02-15,NSE:BIGBLOC,2.635,2.765,2.61,2.7299999,18880.0,3.6053092979127275,3.944773175542392
608,2019-02-18,NSE:BIGBLOC,2.7200001,2.8299999,2.6,2.6950001,14190.0,-1.2820440030052758,3.6053092979127275
609,2019-02-19,NSE:BIGBLOC,2.69,2.8,2.565,2.685,17890.0,-0.3710612107212934,-1.2820440030052758
610,2019-02-20,NSE:BIGBLOC,2.81,2.81,2.65,2.7549999,14950.0,2.6070726256983243,-0.3710612107212934
611,2019-02-21,NSE:BIGBLOC,2.7450001,2.85,2.66,2.6700001,5930.0,-3.0852923079960854,2.6070726256983243
612,2019-02-22,NSE:BIGBLOC,2.6,2.8,2.565,2.79,22130.0,4.494378108824783,-3.0852923079960854
613,2019-02-25,NSE:BIGBLOC,2.86,2.86,2.6549999,2.735,30220.0,-1.9713261648745577,4.494378108824783
614,2019-02-26,NSE:BIGBLOC,2.7049999,2.8700001,2.675,2.8700001,9100.0,4.9360182815356515,-1.9713261648745577
615,2019-02-27,NSE:BIGBLOC,2.84,2.865,2.8200001,2.86,8040.0,-0.34843552792907806,4.9360182815356515
616,2019-02-28,NSE:BIGBLOC,2.9049999,3.0,2.8799999,2.9450001,89690.0,2.972031468531477,-0.34843552792907806
617,2019-03-01,NSE:BIGBLOC,3.09,3.09,3.0,3.015,4970.0,2.376906540682291,2.972031468531477
618,2019-03-05,NSE:BIGBLOC,3.09,3.165,3.09,3.165,20950.0,4.97512437810945,2.376906540682291
619,2019-03-06,NSE:BIGBLOC,3.3200001,3.3200001,3.3200001,3.3200001,9390.0,4.897317535545026,4.97512437810945
620,2019-03-07,NSE:BIGBLOC,3.4849998,3.4849998,3.4849998,3.4849998,34710.0,4.969870332232824,4.897317535545026
621,2019-03-08,NSE:BIGBLOC,3.6450001,3.6549999,3.3150002,3.6549999,44590.0,4.878051929873848,4.969870332232824
622,2019-03-11,NSE:BIGBLOC,3.8349998,3.8349998,3.5150002,3.7849998,67610.0,3.556768907161942,4.878051929873848
623,2019-03-12,NSE:BIGBLOC,3.7049999,3.8,3.6299999,3.7349998,42690.0,-1.3210040328139467,3.556768907161942
624,2019-03-13,NSE:BIGBLOC,3.5650002,3.7049999,3.5650002,3.5900002,11080.0,-3.8821849468372185,-1.3210040328139467
625,2019-03-14,NSE:BIGBLOC,3.5950001,3.7299999,3.4599998,3.675,23710.0,2.36768231934917,-3.8821849468372185
626,2019-03-15,NSE:BIGBLOC,3.75,3.8,3.5349998,3.7549999,35430.0,2.1768680272108907,2.36768231934917
627,2019-03-18,NSE:BIGBLOC,3.9299999,3.9299999,3.6,3.7299999,929890.0,-0.6657789791152833,2.1768680272108907
628,2019-03-19,NSE:BIGBLOC,3.6,3.8950001,3.5650002,3.7,17430.0,-0.8042868848334276,-0.6657789791152833
629,2019-03-20,NSE:BIGBLOC,3.5599998,3.7400002,3.5150002,3.6450001,67240.0,-1.4864837837837925,-0.8042868848334276
630,2019-03-22,NSE:BIGBLOC,3.675,3.6799999,3.5,3.6450001,19880.0,0.0,-1.4864837837837925
631,2019-03-25,NSE:BIGBLOC,3.4700001,3.6450001,3.4700001,3.5049999,19380.0,-3.840883296546406,0.0
632,2019-03-26,NSE:BIGBLOC,3.5400002,3.5599998,3.3549999,3.4599998,16300.0,-1.2838830608811203,-3.840883296546406
633,2019-03-27,NSE:BIGBLOC,3.5450001,3.6299999,3.3,3.3049999,92940.0,-4.479766154899777,-1.2838830608811203
634,2019-03-28,NSE:BIGBLOC,3.3049999,3.4349998,3.165,3.3099998,18010.0,0.1512829092672607,-4.479766154899777
635,2019-03-29,NSE:BIGBLOC,3.2950001,3.4700001,3.15,3.2049999,29720.0,-3.1722026085923067,0.1512829092672607
636,2019-04-01,NSE:BIGBLOC,3.3,3.3650002,3.2700001,3.3650002,17590.0,4.992209204125095,-3.1722026085923067
637,2019-04-02,NSE:BIGBLOC,3.45,3.5299999,3.25,3.425,11040.0,1.7830548717352215,4.992209204125095
638,2019-04-03,NSE:BIGBLOC,3.425,3.5099998,3.425,3.425,4900.0,0.0,1.7830548717352215
639,2019-04-04,NSE:BIGBLOC,3.5099998,3.5099998,3.475,3.475,1110.0,1.4598540145985481,0.0
640,2019-04-05,NSE:BIGBLOC,3.5299999,3.8200001,3.2650002,3.575,19610.0,2.8776978417266212,1.4598540145985481
641,2019-04-08,NSE:BIGBLOC,3.55,3.55,3.3049999,3.4950001,4910.0,-2.237759440559447,2.8776978417266212
642,2019-04-09,NSE:BIGBLOC,3.35,3.4950001,3.35,3.4900002,1210.0,-0.14305865112850946,-2.237759440559447
643,2019-04-10,NSE:BIGBLOC,3.4849998,3.7,3.4450001,3.6650002,68510.0,5.014326360210532,-0.14305865112850946
644,2019-04-11,NSE:BIGBLOC,3.4849998,3.7200001,3.4849998,3.55,272500.0,-3.137795190297679,5.014326360210532
645,2019-04-12,NSE:BIGBLOC,3.6450001,3.65,3.3650002,3.6,1000.0,1.4084507042253596,-3.137795190297679
646,2019-04-15,NSE:BIGBLOC,3.7950001,3.8,3.6,3.6,15360.0,0.0,1.4084507042253596
647,2019-04-16,NSE:BIGBLOC,3.7950001,3.7950001,3.55,3.6599998,26500.0,1.6666611111111094,0.0
648,2019-04-18,NSE:BIGBLOC,3.775,3.775,3.325,3.6950001,3130.0,0.956292401983194,1.6666611111111094
649,2019-04-22,NSE:BIGBLOC,3.65,3.675,3.425,3.5,800.0,-5.27740445798635,0.956292401983194
650,2019-04-23,NSE:BIGBLOC,3.5,3.5099998,3.5,3.5,390.0,0.0,-5.27740445798635
651,2019-04-24,NSE:BIGBLOC,3.2650002,3.7400002,3.2650002,3.3950001,29960.0,-2.999997142857147,0.0
652,2019-04-25,NSE:BIGBLOC,3.3349998,3.5950001,3.2049999,3.2549999,3380.0,-4.123717109757958,-2.999997142857147
653,2019-04-26,NSE:BIGBLOC,3.4849998,3.4849998,3.2200001,3.3049999,8420.0,1.5360983574838152,-4.123717109757958
654,2019-04-30,NSE:BIGBLOC,3.4,3.4,3.1049999,3.1799999,7490.0,-3.7821483746489677,1.5360983574838152
655,2019-05-02,NSE:BIGBLOC,3.1799999,3.3,3.11,3.19,9990.0,0.31446856334807016,-3.7821483746489677
656,2019-05-03,NSE:BIGBLOC,3.1200001,3.275,3.1,3.15,16240.0,-1.2539184952978069,0.31446856334807016
657,2019-05-06,NSE:BIGBLOC,3.15,3.2549999,2.915,3.1049999,11880.0,-1.4285746031745958,-1.2539184952978069
658,2019-05-07,NSE:BIGBLOC,3.1049999,3.1450001,3.0,3.0049999,23240.0,-3.2206120199875072,-1.4285746031745958
659,2019-05-08,NSE:BIGBLOC,2.91,3.1450001,2.8049999,3.025,9990.0,0.6655607542615843,-3.2206120199875072
660,2019-05-09,NSE:BIGBLOC,3.0799999,3.0799999,3.01,3.01,5650.0,-0.49586776859504544,0.6655607542615843
661,2019-05-10,NSE:BIGBLOC,3.1950001,3.2849998,2.835,2.975,4910.0,-1.1627906976744087,-0.49586776859504544
662,2019-05-13,NSE:BIGBLOC,2.71,3.2700001,2.71,2.9049999,37080.0,-2.35294453781513,-1.1627906976744087
663,2019-05-14,NSE:BIGBLOC,3.1,3.135,2.75,3.025,21090.0,4.130812534623493,-2.35294453781513
664,2019-05-15,NSE:BIGBLOC,2.81,2.985,2.75,2.815,8280.0,-6.942148760330577,4.130812534623493
665,2019-05-16,NSE:BIGBLOC,2.815,3.015,2.715,2.815,17920.0,0.0,-6.942148760330577
666,2019-05-17,NSE:BIGBLOC,2.9,3.0700001,2.5799999,2.9,12590.0,3.0195381882770858,0.0
667,2019-05-20,NSE:BIGBLOC,2.8799999,3.165,2.8,2.84,3570.0,-2.0689655172413812,3.0195381882770858
668,2019-05-21,NSE:BIGBLOC,2.81,3.0,2.635,2.8,15970.0,-1.4084507042253533,-2.0689655172413812
669,2019-05-22,NSE:BIGBLOC,2.7200001,2.9049999,2.7200001,2.8049999,2480.0,0.1785678571428592,-1.4084507042253533
670,2019-05-23,NSE:BIGBLOC,3.0,3.085,2.65,2.8049999,16610.0,0.0,0.1785678571428592
671,2019-05-24,NSE:BIGBLOC,2.84,3.085,2.55,3.0799999,66450.0,9.80392191814338,0.0
672,2019-05-27,NSE:BIGBLOC,3.1299999,3.3849998,3.1299999,3.3849998,41070.0,9.902594477356974,9.80392191814338
673,2019-05-28,NSE:BIGBLOC,3.6,3.7200001,3.5950001,3.7200001,22220.0,9.896612106151377,9.902594477356974
674,2019-05-29,NSE:BIGBLOC,3.9049999,3.9049999,3.8200001,3.9049999,106110.0,4.973112769539977,9.896612106151377
675,2019-05-30,NSE:BIGBLOC,3.9049999,3.9049999,3.7099998,3.7099998,55140.0,-4.9936006400409925,4.973112769539977
676,2019-05-31,NSE:BIGBLOC,3.675,3.675,3.525,3.525,5410.0,-4.986517789030607,-4.9936006400409925
677,2019-06-03,NSE:BIGBLOC,3.3700001,3.3700001,3.35,3.35,20860.0,-4.964539007092194,-4.986517789030607
678,2019-06-04,NSE:BIGBLOC,3.325,3.325,3.185,3.185,19560.0,-4.925373134328359,-4.964539007092194
679,2019-06-06,NSE:BIGBLOC,3.185,3.185,3.0299999,3.0700001,21260.0,-3.61067189952904,-4.925373134328359
680,2019-06-07,NSE:BIGBLOC,2.925,2.925,2.9200001,2.9200001,6940.0,-4.885993326189139,-3.61067189952904
681,2019-06-10,NSE:BIGBLOC,2.9,2.935,2.815,2.9299999,8340.0,0.3424588923815335,-4.885993326189139
682,2019-06-11,NSE:BIGBLOC,2.9,2.91,2.8049999,2.865,28660.0,-2.21842669687462,0.3424588923815335
683,2019-06-12,NSE:BIGBLOC,2.9950001,2.9950001,2.81,2.985,3390.0,4.188481675392658,-2.21842669687462
684,2019-06-13,NSE:BIGBLOC,2.9049999,3.05,2.84,3.05,12760.0,2.1775544388609696,4.188481675392658
685,2019-06-14,NSE:BIGBLOC,3.0,3.06,2.925,2.9549999,4770.0,-3.114757377049181,2.1775544388609696
686,2019-06-17,NSE:BIGBLOC,2.9,3.0950001,2.85,3.06,3760.0,3.553302996727691,-3.114757377049181
687,2019-06-18,NSE:BIGBLOC,3.06,3.06,2.9299999,2.9799999,12440.0,-2.614382352941173,3.553302996727691
688,2019-06-19,NSE:BIGBLOC,2.86,2.9450001,2.835,2.9450001,1460.0,-1.174489972298322,-2.614382352941173
689,2019-06-20,NSE:BIGBLOC,2.935,2.935,2.8,2.9200001,510.0,-0.8488964058099662,-1.174489972298322
690,2019-06-21,NSE:BIGBLOC,2.815,2.815,2.775,2.775,9940.0,-4.965756679254918,-0.8488964058099662
691,2019-06-24,NSE:BIGBLOC,2.775,2.79,2.71,2.79,2860.0,0.5405405405405451,-4.965756679254918
692,2019-06-25,NSE:BIGBLOC,2.925,2.925,2.8,2.915,1540.0,4.480286738351254,0.5405405405405451
693,2019-06-26,NSE:BIGBLOC,2.8049999,2.865,2.8049999,2.8549999,3390.0,-2.0583224699828437,4.480286738351254
694,2019-06-27,NSE:BIGBLOC,2.85,2.85,2.725,2.7299999,2580.0,-4.378283866139539,-2.0583224699828437
695,2019-06-28,NSE:BIGBLOC,2.69,2.865,2.69,2.765,5030.0,1.2820549920166655,-4.378283866139539
696,2019-07-01,NSE:BIGBLOC,2.7950001,2.8950001,2.665,2.7549999,6470.0,-0.36166726943942373,1.2820549920166655
697,2019-07-02,NSE:BIGBLOC,2.6299999,2.89,2.6299999,2.89,2880.0,4.900185295832499,-0.36166726943942373
698,2019-07-03,NSE:BIGBLOC,2.8049999,2.95,2.8049999,2.815,16670.0,-2.5951557093425666,4.900185295832499
699,2019-07-04,NSE:BIGBLOC,2.9450001,2.95,2.76,2.935,26930.0,4.262877442273538,-2.5951557093425666
700,2019-07-05,NSE:BIGBLOC,2.935,2.96,2.81,2.935,4400.0,0.0,4.262877442273538
701,2019-07-08,NSE:BIGBLOC,2.85,2.9450001,2.815,2.915,12140.0,-0.6814310051107332,0.0
702,2019-07-09,NSE:BIGBLOC,2.8049999,2.8950001,2.7700001,2.8799999,14890.0,-1.2006895368782153,-0.6814310051107332
703,2019-07-10,NSE:BIGBLOC,2.9,2.9,2.74,2.8450001,1800.0,-1.2152708755302395,-1.2006895368782153
704,2019-07-11,NSE:BIGBLOC,2.8799999,2.8799999,2.735,2.875,2360.0,1.0544779945701923,-1.2152708755302395
705,2019-07-12,NSE:BIGBLOC,2.79,3.0,2.765,2.8700001,3870.0,-0.17390956521739329,1.0544779945701923
706,2019-07-15,NSE:BIGBLOC,2.8,2.8950001,2.7950001,2.8950001,1240.0,0.8710801090215958,-0.17390956521739329
707,2019-07-16,NSE:BIGBLOC,2.7549999,2.9950001,2.7549999,2.8950001,12250.0,0.0,0.8710801090215958
708,2019-07-17,NSE:BIGBLOC,2.9950001,2.9950001,2.765,2.8549999,1230.0,-1.3816994341381788,0.0
709,2019-07-18,NSE:BIGBLOC,2.825,2.85,2.725,2.81,1140.0,-1.5761786891831446,-1.3816994341381788
710,2019-07-19,NSE:BIGBLOC,2.81,2.81,2.6799999,2.7950001,1430.0,-0.5338042704626279,-1.5761786891831446
711,2019-07-22,NSE:BIGBLOC,2.9,2.9,2.665,2.8,43340.0,0.1788872923474891,-0.5338042704626279
712,2019-07-23,NSE:BIGBLOC,2.8700001,2.8700001,2.685,2.81,6260.0,0.3571428571428654,0.1788872923474891
713,2019-07-24,NSE:BIGBLOC,2.69,2.835,2.69,2.8299999,2620.0,0.7117402135231223,0.3571428571428654
714,2019-07-25,NSE:BIGBLOC,2.8299999,2.8799999,2.715,2.7299999,12030.0,-3.5335690294547235,0.7117402135231223
715,2019-07-26,NSE:BIGBLOC,2.61,2.7950001,2.5950001,2.6049999,5570.0,-4.578754746474532,-3.5335690294547235
716,2019-07-29,NSE:BIGBLOC,2.6,2.6049999,2.6,2.6,1500.0,-0.19193474825085624,-4.578754746474532
717,2019-07-30,NSE:BIGBLOC,2.4700001,2.6,2.4700001,2.6,7550.0,0.0,-0.19193474825085624
718,2019-07-31,NSE:BIGBLOC,2.6,2.6,2.4700001,2.475,6440.0,-4.8076923076923075,0.0
719,2019-08-01,NSE:BIGBLOC,2.4,2.4950001,2.3549999,2.39,9180.0,-3.434343434343433,-4.8076923076923075
720,2019-08-02,NSE:BIGBLOC,2.325,2.4950001,2.275,2.365,3300.0,-1.0460251046025069,-3.434343434343433
721,2019-08-05,NSE:BIGBLOC,2.26,2.45,2.26,2.44,5090.0,3.1712473572938578,-1.0460251046025069
722,2019-08-06,NSE:BIGBLOC,2.45,2.45,2.375,2.375,20.0,-2.663934426229506,3.1712473572938578
723,2019-08-07,NSE:BIGBLOC,2.3700001,2.61,2.3700001,2.59,2890.0,9.052631578947363,-2.663934426229506
724,2019-08-08,NSE:BIGBLOC,2.79,2.79,2.3549999,2.565,1310.0,-0.965250965250962,9.052631578947363
725,2019-08-09,NSE:BIGBLOC,2.7,2.7,2.35,2.5549999,7830.0,-0.3898674463937648,-0.965250965250962
726,2019-08-13,NSE:BIGBLOC,2.5549999,2.7549999,2.3549999,2.4450001,10510.0,-4.30527609805385,-0.3898674463937648
727,2019-08-14,NSE:BIGBLOC,2.6549999,2.6799999,2.2200001,2.55,7210.0,4.29447426198468,-4.30527609805385
728,2019-08-16,NSE:BIGBLOC,2.55,2.775,2.31,2.5700001,13700.0,0.7843176470588353,4.29447426198468
729,2019-08-19,NSE:BIGBLOC,2.5700001,2.74,2.3299999,2.5950001,4490.0,0.9727626080637082,0.7843176470588353
730,2019-08-20,NSE:BIGBLOC,2.7,2.7,2.4950001,2.6450001,370.0,1.9267821993532803,0.9727626080637082
731,2019-08-21,NSE:BIGBLOC,2.765,2.765,2.4299999,2.485,9010.0,-6.049152890391195,1.9267821993532803
732,2019-08-22,NSE:BIGBLOC,2.4,2.69,2.26,2.365,23870.0,-4.828973843058336,-6.049152890391195
733,2019-08-23,NSE:BIGBLOC,2.5799999,2.5799999,2.3049999,2.375,12320.0,0.42283298097250677,-4.828973843058336
734,2019-08-26,NSE:BIGBLOC,2.5950001,2.5950001,2.275,2.3299999,9000.0,-1.8947410526315878,0.42283298097250677
735,2019-08-27,NSE:BIGBLOC,2.5,2.5,2.165,2.29,30490.0,-1.7167339792589589,-1.8947410526315878
736,2019-08-28,NSE:BIGBLOC,2.4950001,2.515,2.15,2.4799999,223070.0,8.296938864628824,-1.7167339792589589
737,2019-08-29,NSE:BIGBLOC,2.4799999,2.4799999,2.29,2.3049999,6120.0,-7.0564518974375865,8.296938864628824
738,2019-08-30,NSE:BIGBLOC,2.3549999,2.5299999,2.2,2.4200001,9230.0,4.9891629062543705,-7.0564518974375865
739,2019-09-03,NSE:BIGBLOC,2.65,2.65,2.2049999,2.29,2880.0,-5.371904736698158,4.9891629062543705
740,2019-09-04,NSE:BIGBLOC,2.235,2.44,2.1200001,2.365,3700.0,3.2751091703056847,-5.371904736698158
741,2019-09-05,NSE:BIGBLOC,2.2049999,2.575,2.2049999,2.4799999,1640.0,4.862575052854119,3.2751091703056847
742,2019-09-06,NSE:BIGBLOC,2.3299999,2.6700001,2.2700001,2.3950001,11080.0,-3.427411428524666,4.862575052854119
743,2019-09-09,NSE:BIGBLOC,2.59,2.59,2.31,2.3450001,9660.0,-2.087682585065438,-3.427411428524666
744,2019-09-11,NSE:BIGBLOC,2.5700001,2.5700001,2.35,2.535,1020.0,8.102340805870332,-2.087682585065438
745,2019-09-12,NSE:BIGBLOC,2.4049999,2.535,2.4049999,2.525,3600.0,-0.39447731755424975,8.102340805870332
746,2019-09-13,NSE:BIGBLOC,2.535,2.7,2.4,2.54,3180.0,0.594059405940599,-0.39447731755424975
747,2019-09-16,NSE:BIGBLOC,2.6799999,2.685,2.475,2.6299999,4460.0,3.5433031496063,0.594059405940599
748,2019-09-17,NSE:BIGBLOC,2.81,2.825,2.4299999,2.525,3100.0,-3.9923917867829632,3.5433031496063
749,2019-09-18,NSE:BIGBLOC,2.465,2.7450001,2.465,2.5450001,1140.0,0.7920831683168434,-3.9923917867829632
750,2019-09-19,NSE:BIGBLOC,2.775,2.775,2.3299999,2.4200001,7640.0,-4.911591162609384,0.7920831683168434
751,2019-09-20,NSE:BIGBLOC,2.66,2.66,2.4299999,2.525,12590.0,4.3388386636843395,-4.911591162609384
752,2019-09-23,NSE:BIGBLOC,2.775,2.775,2.4299999,2.7200001,8970.0,7.722776237623767,4.3388386636843395
753,2019-09-24,NSE:BIGBLOC,2.8,2.8,2.5049999,2.65,23350.0,-2.573532993620115,7.722776237623767
754,2019-09-25,NSE:BIGBLOC,2.7,2.7450001,2.5,2.59,14980.0,-2.264150943396228,-2.573532993620115
755,2019-09-26,NSE:BIGBLOC,2.41,2.5799999,2.41,2.5799999,2280.0,-0.38610424710424973,-2.264150943396228
756,2019-09-27,NSE:BIGBLOC,2.4049999,2.7700001,2.4049999,2.6200001,9410.0,1.5503954089300607,-0.38610424710424973
757,2019-09-30,NSE:BIGBLOC,2.6950001,2.6950001,2.425,2.4549999,9850.0,-6.297717316881024,1.5503954089300607
758,2019-10-01,NSE:BIGBLOC,2.44,2.69,2.4,2.475,12650.0,0.8146680576239657,-6.297717316881024
759,2019-10-03,NSE:BIGBLOC,2.425,2.55,2.425,2.5049999,7430.0,1.2121171717171704,0.8146680576239657
760,2019-10-04,NSE:BIGBLOC,2.55,2.69,2.4049999,2.54,9710.0,1.3972096366151543,1.2121171717171704
761,2019-10-07,NSE:BIGBLOC,2.79,2.79,2.4049999,2.5299999,3420.0,-0.3937047244094515,1.3972096366151543
762,2019-10-09,NSE:BIGBLOC,2.5299999,2.8,2.525,2.5299999,8810.0,0.0,-0.3937047244094515
763,2019-10-10,NSE:BIGBLOC,2.525,2.69,2.21,2.4950001,14760.0,-1.3833913590273275,0.0
764,2019-10-11,NSE:BIGBLOC,2.5950001,2.6049999,2.4049999,2.5200001,4230.0,1.002003967855549,-1.3833913590273275
765,2019-10-14,NSE:BIGBLOC,2.4799999,2.725,2.4799999,2.625,3010.0,4.166662533068953,1.002003967855549
766,2019-10-15,NSE:BIGBLOC,2.625,2.7,2.1,2.64,50560.0,0.5714285714285762,4.166662533068953
767,2019-10-16,NSE:BIGBLOC,2.55,2.6799999,2.15,2.3950001,6190.0,-9.280299242424253,0.5714285714285762
768,2019-10-17,NSE:BIGBLOC,2.65,2.65,2.315,2.335,6420.0,-2.5052232774437,-9.280299242424253
769,2019-10-18,NSE:BIGBLOC,2.335,2.54,2.335,2.39,48990.0,2.3554603854389793,-2.5052232774437
770,2019-10-22,NSE:BIGBLOC,2.39,2.56,2.335,2.475,5740.0,3.5564853556485336,2.3554603854389793
771,2019-10-23,NSE:BIGBLOC,2.79,2.79,2.2,2.275,253180.0,-8.080808080808087,3.5564853556485336
772,2019-10-24,NSE:BIGBLOC,2.5,2.5049999,2.21,2.2450001,7320.0,-1.3186769230769217,-8.080808080808087
773,2019-10-25,NSE:BIGBLOC,2.2,2.5950001,2.1,2.4549999,33720.0,9.354110941910418,-1.3186769230769217
774,2019-10-29,NSE:BIGBLOC,2.5450001,2.5450001,2.31,2.435,14250.0,-0.8146599109840998,9.354110941910418
775,2019-10-30,NSE:BIGBLOC,2.46,2.5950001,2.3,2.39,19740.0,-1.8480492813141656,-0.8146599109840998
776,2019-10-31,NSE:BIGBLOC,2.45,2.45,2.31,2.41,21050.0,0.836820083682009,-1.8480492813141656
777,2019-11-01,NSE:BIGBLOC,2.4,2.59,2.3,2.4950001,4400.0,3.526975103734431,0.836820083682009
778,2019-11-04,NSE:BIGBLOC,2.31,2.5049999,2.31,2.4200001,12080.0,-3.0060119035666464,3.526975103734431
779,2019-11-05,NSE:BIGBLOC,2.4049999,2.525,2.215,2.2450001,8740.0,-7.231404659859322,-3.0060119035666464
780,2019-11-06,NSE:BIGBLOC,2.39,2.4799999,2.225,2.365,5930.0,5.345206888854939,-7.231404659859322
781,2019-11-07,NSE:BIGBLOC,2.365,2.4799999,2.335,2.435,33710.0,2.959830866807604,5.345206888854939
782,2019-11-08,NSE:BIGBLOC,2.435,2.46,2.35,2.4,7080.0,-1.437371663244359,2.959830866807604
783,2019-11-11,NSE:BIGBLOC,2.35,2.4450001,2.35,2.41,8070.0,0.4166666666666763,-1.437371663244359
784,2019-11-13,NSE:BIGBLOC,2.45,2.49,2.41,2.425,21900.0,0.6224066390041361,0.4166666666666763
785,2019-11-14,NSE:BIGBLOC,2.4450001,2.525,2.425,2.475,83800.0,2.0618556701031037,0.6224066390041361
786,2019-11-15,NSE:BIGBLOC,2.4700001,2.5,2.35,2.4549999,13430.0,-0.8080848484848605,2.0618556701031037
787,2019-11-18,NSE:BIGBLOC,2.49,2.575,2.4,2.46,5240.0,0.2036700693959366,-0.8080848484848605
788,2019-11-19,NSE:BIGBLOC,2.4950001,2.4950001,2.4,2.45,11400.0,-0.4065040650406418,0.2036700693959366
789,2019-11-20,NSE:BIGBLOC,2.45,2.475,2.3549999,2.39,9160.0,-2.4489795918367365,-0.4065040650406418
790,2019-11-21,NSE:BIGBLOC,2.45,2.45,2.3299999,2.3799999,6200.0,-0.4184142259414254,-2.4489795918367365
791,2019-11-22,NSE:BIGBLOC,2.4,2.4200001,2.31,2.4,5500.0,0.8403403714428666,-0.4184142259414254
792,2019-11-25,NSE:BIGBLOC,2.4049999,2.8799999,2.375,2.8799999,155260.0,19.99999583333334,0.8403403714428666
793,2019-11-26,NSE:BIGBLOC,3.15,3.4549999,3.015,3.4549999,229290.0,19.965278471016603,19.99999583333334
794,2019-11-27,NSE:BIGBLOC,3.8,3.8,3.4,3.8,466830.0,9.985531403343892,19.965278471016603
795,2019-11-28,NSE:BIGBLOC,4.1,4.1,3.5549999,3.8,216930.0,0.0,9.985531403343892
796,2019-11-29,NSE:BIGBLOC,3.8,3.9,3.4299999,3.7799999,67780.0,-0.5263184210526277,0.0
797,2019-12-02,NSE:BIGBLOC,3.8,4.0,3.6,3.8150002,98580.0,0.9259338869294704,-0.5263184210526277
798,2019-12-03,NSE:BIGBLOC,3.7849998,3.9400002,3.7099998,3.725,52150.0,-2.3591138999153913,0.9259338869294704
799,2019-12-04,NSE:BIGBLOC,3.7200001,3.8,3.6150002,3.7,23740.0,-0.671140939597313,-2.3591138999153913
800,2019-12-05,NSE:BIGBLOC,3.7,4.0,3.5450001,3.8799999,266740.0,4.864862162162158,-0.671140939597313
801,2019-12-06,NSE:BIGBLOC,3.9299999,4.0,3.6099998,3.6900002,62540.0,-4.896899610744835,4.864862162162158
802,2019-12-09,NSE:BIGBLOC,3.6849998,3.8,3.65,3.6599998,11150.0,-0.8130189261236366,-4.896899610744835
803,2019-12-10,NSE:BIGBLOC,3.6599998,3.6599998,3.5,3.65,21770.0,-0.27321859416495364,-0.8130189261236366
804,2019-12-11,NSE:BIGBLOC,3.5,3.75,3.5,3.5849998,26990.0,-1.7808273972602757,-0.27321859416495364
805,2019-12-12,NSE:BIGBLOC,3.4200001,3.55,3.4200001,3.55,7490.0,-0.9762845732934218,-1.7808273972602757
806,2019-12-13,NSE:BIGBLOC,3.5450001,3.6,3.5450001,3.5450001,7530.0,-0.14084225352111587,-0.9762845732934218
807,2019-12-16,NSE:BIGBLOC,3.525,3.6200001,3.525,3.525,54770.0,-0.5641776991769422,-0.14084225352111587
808,2019-12-17,NSE:BIGBLOC,3.525,3.575,3.525,3.525,3300.0,0.0,-0.5641776991769422
809,2019-12-18,NSE:BIGBLOC,3.525,3.575,3.525,3.575,1310.0,1.4184397163120643,0.0
810,2019-12-19,NSE:BIGBLOC,3.575,3.75,3.5200001,3.7400002,12960.0,4.615390209790202,1.4184397163120643
811,2019-12-20,NSE:BIGBLOC,3.75,3.825,3.75,3.75,20370.0,0.2673743172527134,4.615390209790202
812,2019-12-23,NSE:BIGBLOC,3.6,3.8,3.6,3.75,4740.0,0.0,0.2673743172527134
813,2019-12-24,NSE:BIGBLOC,3.75,3.75,3.6,3.675,14300.0,-2.000000000000005,0.0
814,2019-12-26,NSE:BIGBLOC,3.7,3.8,3.675,3.7150002,18120.0,1.0884408163265347,-2.000000000000005
815,2019-12-27,NSE:BIGBLOC,3.7,3.7049999,3.6,3.625,9920.0,-2.4226162894957577,1.0884408163265347
816,2019-12-30,NSE:BIGBLOC,3.625,3.625,3.575,3.575,3250.0,-1.3793103448275814,-2.4226162894957577
817,2019-12-31,NSE:BIGBLOC,3.575,3.575,3.5,3.5,7680.0,-2.097902097902103,-1.3793103448275814
818,2020-01-01,NSE:BIGBLOC,3.55,3.6,3.475,3.475,5840.0,-0.7142857142857117,-2.097902097902103
819,2020-01-02,NSE:BIGBLOC,3.475,3.525,3.475,3.525,60.0,1.4388489208633042,-0.7142857142857117
820,2020-01-06,NSE:BIGBLOC,3.525,3.575,3.5,3.575,1050.0,1.4184397163120643,1.4388489208633042
821,2020-01-07,NSE:BIGBLOC,3.575,3.575,3.5,3.5,4060.0,-2.097902097902103,1.4184397163120643
822,2020-01-08,NSE:BIGBLOC,3.5,3.5,3.475,3.475,1350.0,-0.7142857142857117,-2.097902097902103
823,2020-01-09,NSE:BIGBLOC,3.475,3.475,3.4700001,3.4700001,650.0,-0.14388201438849085,-0.7142857142857117
824,2020-01-10,NSE:BIGBLOC,3.475,3.475,3.3299999,3.3299999,9050.0,-4.0345877799830685,-0.14388201438849085
825,2020-01-13,NSE:BIGBLOC,3.3299999,3.4,3.3,3.4,2320.0,2.10210516823139,-4.0345877799830685
826,2020-01-14,NSE:BIGBLOC,3.4,3.4700001,3.4,3.4700001,3800.0,2.058826470588239,2.10210516823139
827,2020-01-15,NSE:BIGBLOC,3.5,3.5,3.5,3.5,1000.0,0.8645504073616589,2.058826470588239
828,2020-01-16,NSE:BIGBLOC,3.5,3.6,3.4799999,3.6,22810.0,2.85714285714286,0.8645504073616589
829,2020-01-17,NSE:BIGBLOC,3.575,3.6,3.525,3.6,5220.0,0.0,2.85714285714286
830,2020-01-20,NSE:BIGBLOC,3.6,3.7299999,3.6,3.7299999,9320.0,3.611108333333335,0.0
831,2020-01-21,NSE:BIGBLOC,3.75,3.85,3.75,3.8450001,8740.0,3.083115364158586,3.611108333333335
832,2020-01-22,NSE:BIGBLOC,3.85,3.9,3.8,3.8,21330.0,-1.170353675673512,3.083115364158586
833,2020-01-23,NSE:BIGBLOC,3.8,3.9,3.8,3.8950001,1800.0,2.500002631578948,-1.170353675673512
834,2020-01-24,NSE:BIGBLOC,3.9,3.9,3.775,3.775,13520.0,-3.0808754022881786,2.500002631578948
835,2020-01-27,NSE:BIGBLOC,3.75,3.95,3.75,3.95,3250.0,4.63576158940398,-3.0808754022881786
836,2020-01-28,NSE:BIGBLOC,3.9,3.95,3.825,3.825,3540.0,-3.164556962025316,4.63576158940398
837,2020-01-29,NSE:BIGBLOC,3.8,3.8,3.775,3.775,3550.0,-1.307189542483667,-3.164556962025316
838,2020-01-30,NSE:BIGBLOC,3.8,3.8,3.775,3.775,1610.0,0.0,-1.307189542483667
839,2020-01-31,NSE:BIGBLOC,3.8,3.8,3.75,3.75,1800.0,-0.6622516556291367,0.0
840,2020-02-01,NSE:BIGBLOC,3.6,3.6049999,3.5650002,3.5650002,10500.0,-4.933327999999999,-0.6622516556291367
841,2020-02-03,NSE:BIGBLOC,3.6,3.7400002,3.55,3.7400002,5070.0,4.908835629237828,-4.933327999999999
842,2020-02-04,NSE:BIGBLOC,3.75,3.925,3.725,3.8049999,8920.0,1.7379598001091017,4.908835629237828
843,2020-02-05,NSE:BIGBLOC,3.8,3.8,3.725,3.725,3780.0,-2.102494141984072,1.7379598001091017
844,2020-02-06,NSE:BIGBLOC,3.725,3.725,3.725,3.725,3170.0,0.0,-2.102494141984072
845,2020-02-07,NSE:BIGBLOC,3.9099998,3.9099998,3.5549999,3.7099998,12490.0,-0.40268993288591254,0.0
846,2020-02-10,NSE:BIGBLOC,3.6,3.8,3.6,3.8,3080.0,2.425881532392535,-0.40268993288591254
847,2020-02-11,NSE:BIGBLOC,3.75,3.775,3.675,3.675,10650.0,-3.289473684210526,2.425881532392535
848,2020-02-12,NSE:BIGBLOC,3.7,3.7,3.625,3.625,3340.0,-1.3605442176870701,-3.289473684210526
849,2020-02-13,NSE:BIGBLOC,3.65,3.65,3.55,3.55,5560.0,-2.0689655172413843,-1.3605442176870701
850,2020-02-14,NSE:BIGBLOC,3.6,3.6,3.45,3.45,7350.0,-2.8169014084506943,-2.0689655172413843
851,2020-02-17,NSE:BIGBLOC,3.5,3.5,3.5,3.5,1000.0,1.4492753623188355,-2.8169014084506943
852,2020-02-18,NSE:BIGBLOC,3.525,3.525,3.425,3.425,2660.0,-2.142857142857148,1.4492753623188355
853,2020-02-19,NSE:BIGBLOC,3.45,3.45,3.45,3.45,2580.0,0.7299270072992805,-2.142857142857148
854,2020-02-20,NSE:BIGBLOC,3.4,3.6200001,3.2849998,3.425,24000.0,-0.7246376811594305,0.7299270072992805
855,2020-02-24,NSE:BIGBLOC,3.45,3.5900002,3.2549999,3.5900002,179550.0,4.817524087591245,-0.7246376811594305
856,2020-02-25,NSE:BIGBLOC,3.575,3.6650002,3.5,3.5099998,7940.0,-2.2284232741825436,4.817524087591245
857,2020-02-26,NSE:BIGBLOC,3.525,3.525,3.5,3.5,1240.0,-0.2848946031279009,-2.2284232741825436
858,2020-02-27,NSE:BIGBLOC,3.6549999,3.6549999,3.6549999,3.6549999,10.0,4.4285685714285705,-0.2848946031279009
859,2020-02-28,NSE:BIGBLOC,3.65,3.65,3.475,3.475,23530.0,-4.92475800067737,4.4285685714285705
860,2020-03-02,NSE:BIGBLOC,3.3049999,3.3049999,3.3049999,3.3049999,6020.0,-4.892089208633099,-4.92475800067737
861,2020-03-03,NSE:BIGBLOC,3.3049999,3.3049999,3.3049999,3.3049999,1000.0,0.0,-4.892089208633099
862,2020-03-04,NSE:BIGBLOC,3.1450001,3.4700001,3.1450001,3.1450001,2540.0,-4.84114386811328,0.0
863,2020-03-05,NSE:BIGBLOC,3.0049999,3.04,3.0049999,3.04,780.0,-3.3386358238907476,-4.84114386811328
864,2020-03-06,NSE:BIGBLOC,2.89,3.1,2.89,3.0950001,6120.0,1.8092138157894737,-3.3386358238907476
865,2020-03-09,NSE:BIGBLOC,3.0950001,3.0950001,3.0,3.0700001,3120.0,-0.807754416550743,1.8092138157894737
866,2020-03-11,NSE:BIGBLOC,3.0799999,3.0799999,3.0799999,3.0799999,8110.0,0.3257263737548305,-0.807754416550743
867,2020-03-12,NSE:BIGBLOC,3.0700001,3.0799999,3.0049999,3.0799999,65180.0,0.0,0.3257263737548305
868,2020-03-13,NSE:BIGBLOC,2.9299999,3.1,2.9299999,3.05,94960.0,-0.9740227588968418,0.0
869,2020-03-16,NSE:BIGBLOC,2.9,3.05,2.9,3.01,16860.0,-1.3114754098360668,-0.9740227588968418
870,2020-03-17,NSE:BIGBLOC,2.86,3.06,2.86,3.0549999,82830.0,1.4950132890365482,-1.3114754098360668
871,2020-03-18,NSE:BIGBLOC,2.95,2.95,2.9049999,2.9049999,2510.0,-4.909983794107486,1.4950132890365482
872,2020-03-19,NSE:BIGBLOC,2.9049999,2.9049999,2.9049999,2.9049999,10510.0,0.0,-4.909983794107486
873,2020-03-20,NSE:BIGBLOC,3.0,3.0,3.0,3.0,20.0,3.270227307064624,0.0
874,2020-03-23,NSE:BIGBLOC,2.9,3.0,2.9,3.0,140.0,0.0,3.270227307064624
875,2020-03-26,NSE:BIGBLOC,3.0,3.0,3.0,3.0,40.0,0.0,0.0
876,2020-03-27,NSE:BIGBLOC,2.85,2.85,2.85,2.85,330.0,-4.9999999999999964,0.0
877,2020-03-30,NSE:BIGBLOC,2.8,2.85,2.8,2.85,890.0,0.0,-4.9999999999999964
878,2020-03-31,NSE:BIGBLOC,2.85,2.85,2.85,2.85,980.0,0.0,0.0
879,2020-04-01,NSE:BIGBLOC,2.85,2.85,2.85,2.85,10.0,0.0,0.0
880,2020-04-03,NSE:BIGBLOC,2.85,2.99,2.85,2.99,2440.0,4.912280701754391,0.0
881,2020-04-07,NSE:BIGBLOC,2.99,3.135,2.8450001,2.985,4010.0,-0.1672240802675698,4.912280701754391
882,2020-04-08,NSE:BIGBLOC,2.975,2.975,2.975,2.975,200.0,-0.3350083752093731,-0.1672240802675698
883,2020-04-09,NSE:BIGBLOC,2.7049999,3.2700001,2.7049999,3.2599998,10170.0,9.579825210084033,-0.3350083752093731
884,2020-04-13,NSE:BIGBLOC,3.5849998,3.5849998,2.935,2.935,11100.0,-9.96931963001961,9.579825210084033
885,2020-04-15,NSE:BIGBLOC,2.935,3.0950001,2.8049999,2.825,19910.0,-3.7478705281090248,-9.96931963001961
886,2020-04-16,NSE:BIGBLOC,3.0950001,3.1,2.625,2.66,4220.0,-5.84070796460177,-3.7478705281090248
887,2020-04-17,NSE:BIGBLOC,2.925,2.925,2.5049999,2.81,8540.0,5.639097744360899,-5.84070796460177
888,2020-04-20,NSE:BIGBLOC,3.09,3.09,2.54,3.0200001,31360.0,7.4733131672597795,5.639097744360899
889,2020-04-21,NSE:BIGBLOC,2.7200001,3.2799999,2.7200001,2.9950001,17520.0,-0.8278145421253433,7.4733131672597795
890,2020-04-22,NSE:BIGBLOC,2.99,2.9950001,2.7450001,2.99,8300.0,-0.16694824150422333,-0.8278145421253433
891,2020-04-23,NSE:BIGBLOC,3.0950001,3.0950001,2.7700001,3.0,1410.0,0.3344481605351099,-0.16694824150422333
892,2020-04-24,NSE:BIGBLOC,2.7049999,3.0950001,2.7049999,3.085,5150.0,2.833333333333332,0.3344481605351099
893,2020-04-27,NSE:BIGBLOC,3.0799999,3.0799999,2.7950001,3.0549999,360.0,-0.9724505672609428,2.833333333333332
894,2020-04-28,NSE:BIGBLOC,2.76,3.05,2.76,3.0,2180.0,-1.8003241178502125,-0.9724505672609428
895,2020-04-29,NSE:BIGBLOC,2.765,3.2349998,2.765,2.9950001,34970.0,-0.16666333333333522,-1.8003241178502125
896,2020-04-30,NSE:BIGBLOC,3.1950001,3.1950001,2.71,2.9450001,42120.0,-1.6694490260617965,-0.16666333333333522
897,2020-05-04,NSE:BIGBLOC,3.165,3.1799999,2.8549999,2.8950001,22190.0,-1.6977928116199474,-1.6694490260617965
898,2020-05-05,NSE:BIGBLOC,3.0,3.125,2.85,2.8549999,13620.0,-1.3816994341381788,-1.6977928116199474
899,2020-05-06,NSE:BIGBLOC,2.8549999,2.985,2.8549999,2.95,80.0,3.327499240893144,-1.3816994341381788
900,2020-05-07,NSE:BIGBLOC,2.9,2.95,2.6549999,2.815,16330.0,-4.576271186440685,3.327499240893144
901,2020-05-08,NSE:BIGBLOC,2.76,2.885,2.625,2.675,6970.0,-4.973357015985795,-4.576271186440685
902,2020-05-11,NSE:BIGBLOC,2.875,2.875,2.425,2.7,12030.0,0.9345794392523498,-4.973357015985795
903,2020-05-12,NSE:BIGBLOC,2.8450001,2.8450001,2.4700001,2.65,53880.0,-1.8518518518518614,0.9345794392523498
904,2020-05-13,NSE:BIGBLOC,2.625,2.7,2.6,2.7,7510.0,1.8867924528301987,-1.8518518518518614
905,2020-05-14,NSE:BIGBLOC,2.75,2.75,2.51,2.6,39710.0,-3.703703703703707,1.8867924528301987
906,2020-05-15,NSE:BIGBLOC,2.51,2.6950001,2.51,2.6,8980.0,0.0,-3.703703703703707
907,2020-05-18,NSE:BIGBLOC,2.4200001,2.7700001,2.4200001,2.4950001,15590.0,-4.038457692307698,0.0
908,2020-05-19,NSE:BIGBLOC,2.31,2.675,2.31,2.425,11730.0,-2.8056151180114233,-4.038457692307698
909,2020-05-20,NSE:BIGBLOC,2.64,2.64,2.29,2.4,21720.0,-1.0309278350515427,-2.8056151180114233
910,2020-05-21,NSE:BIGBLOC,2.635,2.635,2.4,2.515,7370.0,4.791666666666676,-1.0309278350515427
911,2020-05-22,NSE:BIGBLOC,2.4,2.64,2.4,2.4700001,1400.0,-1.789260437375749,4.791666666666676
912,2020-05-26,NSE:BIGBLOC,2.4700001,2.59,2.36,2.485,12450.0,0.6072833762233387,-1.789260437375749
913,2020-05-27,NSE:BIGBLOC,2.3700001,2.525,2.3700001,2.4950001,2140.0,0.40241851106640114,0.6072833762233387
914,2020-05-28,NSE:BIGBLOC,2.4799999,2.485,2.375,2.465,1850.0,-1.2024087694425378,0.40241851106640114
915,2020-05-29,NSE:BIGBLOC,2.4700001,2.475,2.3450001,2.36,7550.0,-4.259634888438133,-1.2024087694425378
916,2020-06-01,NSE:BIGBLOC,2.4,2.4700001,2.4,2.44,3300.0,3.3898305084745797,-4.259634888438133
917,2020-06-02,NSE:BIGBLOC,2.44,2.5549999,2.44,2.55,9750.0,4.508196721311471,3.3898305084745797
918,2020-06-03,NSE:BIGBLOC,2.55,2.675,2.4299999,2.675,15100.0,4.901960784313726,4.508196721311471
919,2020-06-04,NSE:BIGBLOC,2.575,2.8049999,2.55,2.7200001,35770.0,1.6822467289719707,4.901960784313726
920,2020-06-05,NSE:BIGBLOC,2.6049999,2.785,2.6049999,2.66,24070.0,-2.2058859483130124,1.6822467289719707
921,2020-06-08,NSE:BIGBLOC,2.66,2.79,2.66,2.79,34760.0,4.887218045112777,-2.2058859483130124
922,2020-06-09,NSE:BIGBLOC,2.79,2.8950001,2.79,2.875,2190.0,3.046594982078852,4.887218045112777
923,2020-06-10,NSE:BIGBLOC,2.85,2.85,2.8,2.815,470.0,-2.086956521739132,3.046594982078852
924,2020-06-11,NSE:BIGBLOC,2.835,2.835,2.8299999,2.8299999,4380.0,0.5328561278863178,-2.086956521739132
925,2020-06-12,NSE:BIGBLOC,2.8200001,2.8200001,2.69,2.7950001,9150.0,-1.236742093171084,0.5328561278863178
926,2020-06-15,NSE:BIGBLOC,2.85,2.85,2.66,2.7299999,1600.0,-2.3255884677785903,-1.236742093171084
927,2020-06-16,NSE:BIGBLOC,2.6,2.7299999,2.5950001,2.615,15300.0,-4.21245070375277,-2.3255884677785903
928,2020-06-17,NSE:BIGBLOC,2.615,2.735,2.5049999,2.725,6130.0,4.206500956022939,-4.21245070375277
929,2020-06-18,NSE:BIGBLOC,2.8549999,2.8549999,2.615,2.6450001,4290.0,-2.9357761467889993,4.206500956022939
930,2020-06-19,NSE:BIGBLOC,2.675,2.775,2.675,2.75,33040.0,3.9697503225047193,-2.9357761467889993
931,2020-06-22,NSE:BIGBLOC,2.85,2.85,2.635,2.8,17150.0,1.818181818181812,3.9697503225047193
932,2020-06-23,NSE:BIGBLOC,2.8,2.8,2.785,2.785,2220.0,-0.5357142857142744,1.818181818181812
933,2020-06-24,NSE:BIGBLOC,2.785,2.835,2.7799999,2.7950001,11700.0,0.3590700179533238,-0.5357142857142744
934,2020-06-25,NSE:BIGBLOC,2.81,2.91,2.74,2.8799999,28100.0,3.041137637168594,0.3590700179533238
935,2020-06-26,NSE:BIGBLOC,2.8799999,3.01,2.815,2.9549999,80840.0,2.6041667570891143,3.041137637168594
936,2020-06-29,NSE:BIGBLOC,3.1,3.1,2.9,2.9450001,13930.0,-0.3384027187276612,2.6041667570891143
937,2020-06-30,NSE:BIGBLOC,2.9,2.965,2.86,2.96,3370.0,0.509334447900353,-0.3384027187276612
938,2020-07-01,NSE:BIGBLOC,3.05,3.1,2.91,3.035,27580.0,2.53378378378379,0.509334447900353
939,2020-07-02,NSE:BIGBLOC,2.91,3.085,2.91,3.035,58040.0,0.0,2.53378378378379
940,2020-07-03,NSE:BIGBLOC,3.035,3.0799999,2.9450001,3.0700001,55650.0,1.153215815485996,0.0
941,2020-07-06,NSE:BIGBLOC,3.2,3.2200001,2.925,3.0200001,22760.0,-1.628664442063056,1.153215815485996
942,2020-07-07,NSE:BIGBLOC,3.1,3.1549999,2.8950001,3.1,234040.0,2.6490032235429473,-1.628664442063056
943,2020-07-08,NSE:BIGBLOC,3.1,3.225,2.975,2.985,26270.0,-3.709677419354845,2.6490032235429473
944,2020-07-09,NSE:BIGBLOC,2.985,3.125,2.96,3.035,54580.0,1.6750418760469101,-3.709677419354845
945,2020-07-10,NSE:BIGBLOC,3.035,3.085,2.95,2.9549999,48090.0,-2.6359176276771117,1.6750418760469101
946,2020-07-13,NSE:BIGBLOC,2.915,3.0200001,2.9,2.99,1384170.0,1.184436588305821,-2.6359176276771117
947,2020-07-14,NSE:BIGBLOC,3.05,3.135,3.0,3.135,1434280.0,4.849498327759183,1.184436588305821
948,2020-07-15,NSE:BIGBLOC,3.2849998,3.2900002,3.15,3.2150002,252850.0,2.5518405103668327,4.849498327759183
949,2020-07-16,NSE:BIGBLOC,3.11,3.3700001,3.11,3.3700001,295230.0,4.821147445029707,2.5518405103668327
950,2020-07-17,NSE:BIGBLOC,3.4,3.5349998,3.4,3.5349998,1211220.0,4.8961333858714156,4.821147445029707
951,2020-07-20,NSE:BIGBLOC,3.7099998,3.7099998,3.7099998,3.7099998,2250.0,4.950495329589547,4.8961333858714156
952,2020-07-21,NSE:BIGBLOC,3.8950001,3.8950001,3.7700001,3.8950001,48120.0,4.986531266120284,4.950495329589547
953,2020-07-22,NSE:BIGBLOC,4.0849998,4.0849998,4.0099998,4.0849998,36670.0,4.8780409530669955,4.986531266120284
954,2020-07-23,NSE:BIGBLOC,4.15,4.2849998,4.1299999,4.2849998,28620.0,4.89596107201766,4.8780409530669955
955,2020-07-24,NSE:BIGBLOC,4.475,4.4950001,4.1200001,4.2849998,103440.0,0.0,4.89596107201766
956,2020-07-27,NSE:BIGBLOC,4.25,4.4599998,4.1,4.2349998,286190.0,-1.1668611979865164,0.0
957,2020-07-28,NSE:BIGBLOC,4.3,4.425,4.2799999,4.4049999,157480.0,4.014170201377583,-1.1668611979865164
958,2020-07-29,NSE:BIGBLOC,4.425,4.5299999,4.1849998,4.2049999,203810.0,-4.540295222254152,4.014170201377583
959,2020-07-30,NSE:BIGBLOC,4.25,4.325,3.9950001,4.0299999,138850.0,-4.161712346295177,-4.540295222254152
960,2020-07-31,NSE:BIGBLOC,4.025,4.2299999,3.95,4.15,47900.0,2.9776700490737085,-4.161712346295177
961,2020-08-03,NSE:BIGBLOC,4.1599998,4.3,4.15,4.2,86850.0,1.2048192771084292,2.9776700490737085
962,2020-08-04,NSE:BIGBLOC,4.2,4.2700001,4.1849998,4.2049999,33430.0,0.11904523809522889,1.2048192771084292
963,2020-08-05,NSE:BIGBLOC,4.2549999,4.2549999,4.0,4.0799999,27810.0,-2.972651675925129,0.11904523809522889
964,2020-08-06,NSE:BIGBLOC,4.1,4.1,4.0,4.0049999,27520.0,-1.8382353391724393,-2.972651675925129
965,2020-08-07,NSE:BIGBLOC,4.0,4.125,3.9,4.0,57500.0,-0.124841451306893,-1.8382353391724393
966,2020-08-10,NSE:BIGBLOC,4.2,4.2,4.0,4.0549999,292480.0,1.374997500000008,-0.124841451306893
967,2020-08-11,NSE:BIGBLOC,4.0549999,4.0549999,3.8599998,3.9,34490.0,-3.8224390585065215,1.374997500000008
968,2020-08-12,NSE:BIGBLOC,3.9,4.0,3.8,3.875,43150.0,-0.6410256410256387,-3.8224390585065215
969,2020-08-13,NSE:BIGBLOC,3.95,3.95,3.9,3.9099998,301390.0,0.903220645161291,-0.6410256410256387
970,2020-08-14,NSE:BIGBLOC,4.0,4.0799999,3.8,3.8700001,125410.0,-1.0230102825069218,0.903220645161291
971,2020-08-17,NSE:BIGBLOC,3.95,3.95,3.8,3.9200001,290120.0,1.2919896306979493,-1.0230102825069218
972,2020-08-18,NSE:BIGBLOC,3.8349998,4.0950001,3.8349998,3.9200001,54480.0,0.0,1.2919896306979493
973,2020-08-19,NSE:BIGBLOC,4.1150002,4.1150002,3.8,4.1,52820.0,4.5918340665348305,0.0
974,2020-08-20,NSE:BIGBLOC,4.0,4.2900002,4.0,4.2599998,53880.0,3.9024341463414753,4.5918340665348305
975,2020-08-21,NSE:BIGBLOC,4.4700001,4.4700001,4.3,4.3049999,25440.0,1.0563404251803066,3.9024341463414753
976,2020-08-24,NSE:BIGBLOC,4.4,4.5200001,4.4,4.5099998,58580.0,4.761902549637685,1.0563404251803066
977,2020-08-25,NSE:BIGBLOC,4.6,4.7099998,4.6,4.6900002,29250.0,3.9911398665693945,4.761902549637685
978,2020-08-26,NSE:BIGBLOC,4.7,4.7,4.625,4.6299999,9470.0,-1.2793240392612446,3.9911398665693945
979,2020-08-27,NSE:BIGBLOC,4.7,4.7099998,4.6400002,4.7099998,24970.0,1.7278596485498992,-1.2793240392612446
980,2020-08-28,NSE:BIGBLOC,4.7200001,4.7900002,4.7200001,4.725,13710.0,0.31847559738748504,1.7278596485498992
981,2020-08-31,NSE:BIGBLOC,4.95,4.95,4.4900002,4.5950001,217310.0,-2.751320634920627,0.31847559738748504
982,2020-09-01,NSE:BIGBLOC,4.7,4.7,4.55,4.6900002,9200.0,2.067466766758069,-2.751320634920627
983,2020-09-02,NSE:BIGBLOC,4.6,4.9099998,4.55,4.55,14490.0,-2.985078763962531,2.067466766758069
984,2020-09-03,NSE:BIGBLOC,4.55,4.7,4.55,4.6549999,115360.0,2.307690109890113,-2.985078763962531
985,2020-09-04,NSE:BIGBLOC,4.6,4.7,4.6,4.65,33950.0,-0.10740923968654893,2.307690109890113
986,2020-09-07,NSE:BIGBLOC,4.65,4.7900002,4.6099998,4.7650002,123420.0,2.4731225806451587,-0.10740923968654893
987,2020-09-08,NSE:BIGBLOC,4.8349998,4.8349998,4.6,4.6400002,27010.0,-2.6232947482352675,2.4731225806451587
988,2020-09-09,NSE:BIGBLOC,4.7,4.775,4.4549999,4.7400002,57150.0,2.155172320897737,-2.6232947482352675
989,2020-09-10,NSE:BIGBLOC,4.7950001,4.8,4.7,4.75,5120.0,0.21096623582421187,2.155172320897737
990,2020-09-11,NSE:BIGBLOC,4.75,4.9549999,4.65,4.7,4100.0,-1.0526315789473648,0.21096623582421187
991,2020-09-14,NSE:BIGBLOC,4.9099998,4.9099998,4.8,4.875,11180.0,3.7234042553191453,-1.0526315789473648
992,2020-09-15,NSE:BIGBLOC,4.9,5.0599998,4.7200001,4.9799999,70430.0,2.1538441025641055,3.7234042553191453
993,2020-09-16,NSE:BIGBLOC,5.0,5.15,4.9599998,5.0650002,19620.0,1.7068333676070941,2.1538441025641055
994,2020-09-17,NSE:BIGBLOC,5.1099998,5.2200001,4.925,5.2,16500.0,2.6653463903120898,1.7068333676070941
995,2020-09-18,NSE:BIGBLOC,5.4,5.4,4.95,5.0150002,29470.0,-3.55768846153846,2.6653463903120898
996,2020-09-21,NSE:BIGBLOC,5.1,5.1950001,5.1,5.1,140500.0,1.694911198607717,-3.55768846153846
997,2020-09-22,NSE:BIGBLOC,5.15,5.15,4.925,4.925,23960.0,-3.4313725490196045,1.694911198607717
998,2020-09-23,NSE:BIGBLOC,5.0,5.1700001,5.0,5.1700001,83530.0,4.974621319796962,-3.4313725490196045
999,2020-09-24,NSE:BIGBLOC,5.25,5.25,5.05,5.05,42730.0,-2.321085061487724,4.974621319796962
1000,2020-09-25,NSE:BIGBLOC,5.2950001,5.2950001,5.15,5.2900002,22670.0,4.75247920792079,-2.321085061487724
1001,2020-09-28,NSE:BIGBLOC,5.5,5.5,5.3,5.4950001,152420.0,3.875234258025183,4.75247920792079
1002,2020-09-29,NSE:BIGBLOC,5.6150002,5.6150002,5.5,5.55,2180.0,1.0009080800562575,3.875234258025183
1003,2020-09-30,NSE:BIGBLOC,5.6,5.7,5.55,5.55,18530.0,0.0,1.0009080800562575
1004,2020-10-01,NSE:BIGBLOC,5.6,5.6700001,5.5,5.5,5320.0,-0.9009009009008978,0.0
1005,2020-10-05,NSE:BIGBLOC,5.55,5.7450001,5.425,5.6,25480.0,1.818181818181812,-0.9009009009008978
1006,2020-10-06,NSE:BIGBLOC,5.875,5.8799999,5.7,5.8700001,9170.0,4.821430357142871,1.818181818181812
1007,2020-10-07,NSE:BIGBLOC,5.8700001,6.1599998,5.8700001,6.1450001,40930.0,4.684838080326429,4.821430357142871
1008,2020-10-08,NSE:BIGBLOC,6.25,6.4,6.2400002,6.3450001,15940.0,3.2546785475235414,4.684838080326429
1009,2020-10-09,NSE:BIGBLOC,6.5,6.6599998,6.5,6.65,58050.0,4.806932942365128,3.2546785475235414
1010,2020-10-12,NSE:BIGBLOC,6.9400002,6.975,6.7,6.85,15880.0,3.0075187969924704,4.806932942365128
1011,2020-10-13,NSE:BIGBLOC,7.1,7.1,6.675,6.7,24180.0,-2.1897810218978027,3.0075187969924704
1012,2020-10-14,NSE:BIGBLOC,6.9449997,6.9449997,6.6,6.6449997,14220.0,-0.8209000000000083,-2.1897810218978027
1013,2020-10-15,NSE:BIGBLOC,6.6,6.7949997,6.45,6.45,17220.0,-2.9345328638615205,-0.8209000000000083
1014,2020-10-16,NSE:BIGBLOC,6.6,6.7699997,6.4,6.7599998,38460.0,4.806198449612402,-2.9345328638615205
1015,2020-10-19,NSE:BIGBLOC,7.0,7.0949997,6.425,7.0400002,64490.0,4.142017874024191,4.806198449612402
1016,2020-10-20,NSE:BIGBLOC,7.2,7.2,7.0,7.2,24140.0,2.2727243672521555,4.142017874024191
1017,2020-10-21,NSE:BIGBLOC,7.1,7.2349998,7.0,7.05,24320.0,-2.083333333333338,2.2727243672521555
1018,2020-10-22,NSE:BIGBLOC,7.05,7.3,7.0,7.2349998,62790.0,2.6241106382978714,-2.083333333333338
1019,2020-10-23,NSE:BIGBLOC,7.2,7.3949997,7.2,7.3949997,9100.0,2.2114706900199206,2.6241106382978714
1020,2020-10-26,NSE:BIGBLOC,7.3949997,7.7300003,7.3949997,7.4099998,107350.0,0.20284111708618408,2.2114706900199206
1021,2020-10-27,NSE:BIGBLOC,7.7699997,7.7699997,7.2,7.4050003,15460.0,-0.06746963744856484,0.20284111708618408
1022,2020-10-28,NSE:BIGBLOC,7.4,7.5,7.1550003,7.1550003,62370.0,-3.3760970948238858,-0.06746963744856484
1023,2020-10-29,NSE:BIGBLOC,7.0,7.2,6.8699997,7.1900002,109630.0,0.4891669955625279,-3.3760970948238858
1024,2020-10-30,NSE:BIGBLOC,7.1,7.4,7.1,7.3300003,16850.0,1.9471501544603567,0.4891669955625279
1025,2020-11-02,NSE:BIGBLOC,7.675,7.675,7.3,7.4,15520.0,0.9549754042984191,1.9471501544603567
1026,2020-11-03,NSE:BIGBLOC,7.35,7.35,7.25,7.35,7510.0,-0.6756756756756852,0.9549754042984191
1027,2020-11-04,NSE:BIGBLOC,7.2,7.3,7.15,7.3,7500.0,-0.6802721088435351,-0.6756756756756852
1028,2020-11-05,NSE:BIGBLOC,7.2,7.2,7.1400002,7.15,9580.0,-2.054794520547938,-0.6802721088435351
1029,2020-11-06,NSE:BIGBLOC,7.1,7.45,7.0800003,7.45,156760.0,4.195804195804193,-2.054794520547938
1030,2020-11-09,NSE:BIGBLOC,7.5,7.8150002,7.5,7.8099998,66790.0,4.83221208053691,4.195804195804193
1031,2020-11-10,NSE:BIGBLOC,7.9699997,8.1699997,7.8,8.1650002,23500.0,4.545459783494485,4.83221208053691
1032,2020-11-11,NSE:BIGBLOC,8.5699997,8.5699997,8.5,8.5699997,31580.0,4.960189713161313,4.545459783494485
1033,2020-11-12,NSE:BIGBLOC,8.6,8.9949997,8.6,8.9900002,51190.0,4.90082280866358,4.960189713161313
1034,2020-11-13,NSE:BIGBLOC,9.4,9.4349998,8.95,9.3949997,75850.0,4.50499989977752,4.90082280866358
1035,2020-11-14,NSE:BIGBLOC,9.7800003,9.7800003,9.45,9.5599998,27490.0,1.756254446713823,4.50499989977752
1036,2020-11-17,NSE:BIGBLOC,9.85,9.9,9.0849998,9.0849998,44000.0,-4.968619350807932,1.756254446713823
1037,2020-11-18,NSE:BIGBLOC,9.4900002,9.4900002,8.6400002,8.8199997,53890.0,-2.916897147317493,-4.968619350807932
1038,2020-11-19,NSE:BIGBLOC,8.8400002,8.9949997,8.4099998,8.4349998,22590.0,-4.365078379764576,-2.916897147317493
1039,2020-11-20,NSE:BIGBLOC,8.45,8.8550003,8.05,8.8550003,175420.0,4.979259157777341,-4.365078379764576
1040,2020-11-23,NSE:BIGBLOC,9.2949997,9.2949997,9.0,9.2449997,23980.0,4.4042844357667486,4.979259157777341
1041,2020-11-24,NSE:BIGBLOC,9.7,9.7,9.05,9.1300003,17950.0,-1.2439091804405202,4.4042844357667486
1042,2020-11-25,NSE:BIGBLOC,9.0,9.1,8.95,8.9949997,6720.0,-1.4786483632426766,-1.2439091804405202
1043,2020-11-26,NSE:BIGBLOC,8.9949997,9.1949997,8.95,8.9949997,6580.0,0.0,-1.4786483632426766
1044,2020-11-27,NSE:BIGBLOC,9.0,9.2,8.95,8.9900002,7170.0,-0.05558088011941225,0.0
1045,2020-12-01,NSE:BIGBLOC,9.0,9.4349998,8.8,9.4300003,147460.0,4.894328033496582,-0.05558088011941225
1046,2020-12-02,NSE:BIGBLOC,9.5,9.9,9.2,9.8949997,138020.0,4.931064530294871,4.894328033496582
1047,2020-12-03,NSE:BIGBLOC,10.385,10.385,10.2,10.385,29180.0,4.951999139524988,4.931064530294871
1048,2020-12-04,NSE:BIGBLOC,10.9,10.9,10.9,10.9,53670.0,4.959075589792977,4.951999139524988
1049,2020-12-07,NSE:BIGBLOC,11.445,11.445,11.445,11.445,736510.0,4.999999999999999,4.959075589792977
1050,2020-12-08,NSE:BIGBLOC,12.015,12.015,12.015,12.015,317460.0,4.980340760157277,4.999999999999999
1051,2020-12-09,NSE:BIGBLOC,12.615,12.615,12.615,12.615,99930.0,4.993757802746564,4.980340760157277
1052,2020-12-10,NSE:BIGBLOC,13.245,13.245,13.245,13.245,469070.0,4.994054696789528,4.993757802746564
1053,2020-12-11,NSE:BIGBLOC,13.905,13.905,13.905,13.905,493160.0,4.983012457531146,4.994054696789528
1054,2020-12-14,NSE:BIGBLOC,14.6,14.6,14.595,14.6,844340.0,4.998202085580729,4.983012457531146
1055,2020-12-15,NSE:BIGBLOC,15.32,15.33,15.32,15.33,676240.0,5.000000000000003,4.998202085580729
1056,2020-12-16,NSE:BIGBLOC,16.095,16.095,16.085001,16.095,1042210.0,4.990215264187859,5.000000000000003
1057,2020-12-17,NSE:BIGBLOC,16.889999,16.895,16.889999,16.895,1104860.0,4.970487729108424,4.990215264187859
1058,2020-12-18,NSE:BIGBLOC,17.73,17.735001,17.73,17.735001,994970.0,4.97189109203907,4.970487729108424
1059,2020-12-21,NSE:BIGBLOC,16.85,16.85,16.85,16.85,17460.0,-4.99013786353888,4.97189109203907
1060,2020-12-22,NSE:BIGBLOC,16.010001,16.010001,16.010001,16.010001,2220.0,-4.985157270029688,-4.99013786353888
1061,2020-12-23,NSE:BIGBLOC,15.210001,15.210001,15.210001,15.210001,6020.0,-4.996876639795332,-4.985157270029688
1062,2020-12-24,NSE:BIGBLOC,14.45,14.45,14.45,14.45,2020.0,-4.996718935126966,-4.996876639795332
1063,2020-12-28,NSE:BIGBLOC,13.73,13.73,13.73,13.73,7460.0,-4.982698961937708,-4.996718935126966
1064,2020-12-29,NSE:BIGBLOC,13.045,13.045,13.045,13.045,2510.0,-4.989075018208307,-4.982698961937708
1065,2020-12-30,NSE:BIGBLOC,12.395,12.395,12.395,12.395,2400.0,-4.982752012265238,-4.989075018208307
1066,2020-12-31,NSE:BIGBLOC,11.78,11.78,11.78,11.78,4190.0,-4.961678096006456,-4.982752012265238
1067,2021-01-01,NSE:BIGBLOC,11.195,11.195,11.195,11.195,5060.0,-4.966044142614594,-4.961678096006456
1068,2021-01-04,NSE:BIGBLOC,10.64,10.64,10.64,10.64,7770.0,-4.957570343903526,-4.966044142614594
1069,2021-01-05,NSE:BIGBLOC,10.11,10.11,10.11,10.11,10330.0,-4.981203007518807,-4.957570343903526
1070,2021-01-06,NSE:BIGBLOC,9.6050003,9.6050003,9.6050003,9.6050003,15210.0,-4.995051434223532,-4.981203007518807
1071,2021-01-07,NSE:BIGBLOC,9.125,9.125,9.125,9.125,10900.0,-4.997400156249869,-4.995051434223532
1072,2021-01-08,NSE:BIGBLOC,8.6699997,8.6699997,8.6699997,8.6699997,16320.0,-4.986304657534247,-4.997400156249869
1073,2021-01-11,NSE:BIGBLOC,8.2400002,9.1,8.2400002,9.1,559900.0,4.959634543009265,-4.986304657534247
1074,2021-01-12,NSE:BIGBLOC,9.5550003,9.5550003,8.6449997,9.5550003,680650.0,5.000003296703297,4.959634543009265
1075,2021-01-13,NSE:BIGBLOC,9.6,10.03,9.45,9.7349998,320600.0,1.8838251632498744,5.000003296703297
1076,2021-01-14,NSE:BIGBLOC,9.8,10.22,9.7,10.22,153170.0,4.982025782887021,1.8838251632498744
1077,2021-01-15,NSE:BIGBLOC,10.72,10.73,9.8099998,10.19,262750.0,-0.29354207436400326,4.982025782887021
1078,2021-01-18,NSE:BIGBLOC,10.1,10.1,9.7849998,9.9099998,269460.0,-2.7477939156035323,-0.29354207436400326
1079,2021-01-19,NSE:BIGBLOC,10.1,10.405,10.1,10.405,162940.0,4.994956710291758,-2.7477939156035323
1080,2021-01-20,NSE:BIGBLOC,10.925,10.925,10.35,10.4,202450.0,-0.0480538202787026,4.994956710291758
1081,2021-01-21,NSE:BIGBLOC,10.4,10.5,10.1,10.2,106050.0,-1.9230769230769333,-0.0480538202787026
1082,2021-01-22,NSE:BIGBLOC,10.2,10.45,9.7900002,10.035,159700.0,-1.6176470588235212,-1.9230769230769333
1083,2021-01-25,NSE:BIGBLOC,10.1,10.11,9.9599998,9.9900002,59000.0,-0.44842850024912173,-1.6176470588235212
1084,2021-01-27,NSE:BIGBLOC,9.9599998,9.9599998,9.5949997,9.7199997,111540.0,-2.702707653599447,-0.44842850024912173
1085,2021-01-28,NSE:BIGBLOC,9.75,10.08,9.6,9.65,124580.0,-0.7201615448609564,-2.702707653599447
1086,2021-01-29,NSE:BIGBLOC,9.85,10.095,9.8,9.8400002,51510.0,1.9689139896373065,-0.7201615448609564
1087,2021-02-01,NSE:BIGBLOC,9.8400002,10.33,9.4599998,10.3,219670.0,4.6747946204310065,1.9689139896373065
1088,2021-02-02,NSE:BIGBLOC,10.35,10.79,10.3,10.315,128720.0,0.1456310679611533,4.6747946204310065
1089,2021-02-03,NSE:BIGBLOC,10.7,10.7,10.275,10.325,250780.0,0.0969461948618496,0.1456310679611533
1090,2021-02-04,NSE:BIGBLOC,10.565,10.84,10.26,10.84,552790.0,4.9878934624697395,0.0969461948618496
1091,2021-02-05,NSE:BIGBLOC,11.39,11.92,11.38,11.92,1084840.0,9.963099630996311,4.9878934624697395
1092,2021-02-08,NSE:BIGBLOC,12.1,12.44,11.88,11.915,515970.0,-0.041946308724838774,9.963099630996311
1093,2021-02-09,NSE:BIGBLOC,12.2,12.6,12.0,12.11,657100.0,1.636592530423838,-0.041946308724838774
1094,2021-02-10,NSE:BIGBLOC,12.2,12.425,12.15,12.25,190120.0,1.1560693641618545,1.636592530423838
1095,2021-02-11,NSE:BIGBLOC,12.45,12.45,11.895,12.25,308090.0,0.0,1.1560693641618545
1096,2021-02-12,NSE:BIGBLOC,12.385,12.765,12.2,12.705,807480.0,3.7142857142857153,0.0
1097,2021-02-15,NSE:BIGBLOC,12.93,13.4,12.864999,13.035001,439850.0,2.597410468319554,3.7142857142857153
1098,2021-02-16,NSE:BIGBLOC,13.364999,13.4,13.0,13.03,161450.0,-0.03836593491630751,2.597410468319554
1099,2021-02-17,NSE:BIGBLOC,13.03,13.3,12.905,13.060001,735320.0,0.23024558710667992,-0.03836593491630751
1100,2021-02-18,NSE:BIGBLOC,13.3,13.42,13.1,13.105,275100.0,0.34455586948271044,0.23024558710667992
1101,2021-02-19,NSE:BIGBLOC,13.110001,13.289999,12.795,12.9,318800.0,-1.5642884395268988,0.34455586948271044
1102,2021-02-22,NSE:BIGBLOC,13.010001,13.17,13.005,13.13,300720.0,1.7829457364341117,-1.5642884395268988
1103,2021-02-23,NSE:BIGBLOC,13.25,13.345,13.2,13.310001,392430.0,1.370913937547593,1.7829457364341117
1104,2021-02-24,NSE:BIGBLOC,13.35,13.5,13.35,13.355,382090.0,0.3380841218569456,1.370913937547593
1105,2021-02-25,NSE:BIGBLOC,13.5,14.0,13.5,13.955,831190.0,4.492699363534254,0.3380841218569456
1106,2021-02-26,NSE:BIGBLOC,14.0,14.2,14.0,14.110001,774660.0,1.1107201719813715,4.492699363534254
1107,2021-03-01,NSE:BIGBLOC,14.2,14.4,14.2,14.34,378290.0,1.6300424075093929,1.1107201719813715
1108,2021-03-02,NSE:BIGBLOC,14.415,14.7,14.41,14.685,687370.0,2.4058577405857786,1.6300424075093929
1109,2021-03-03,NSE:BIGBLOC,16.15,16.15,15.0,15.555,1591740.0,5.924412665985694,2.4058577405857786
1110,2021-03-04,NSE:BIGBLOC,15.605,15.7,14.01,15.405,1007690.0,-0.964320154291227,5.924412665985694
1111,2021-03-05,NSE:BIGBLOC,15.1,15.1,13.865,13.865,272320.0,-9.996754300551764,-0.964320154291227
1112,2021-03-08,NSE:BIGBLOC,12.55,13.0,12.48,12.48,151160.0,-9.98918139199423,-9.996754300551764
1113,2021-03-09,NSE:BIGBLOC,11.235,11.235,11.235,11.235,33000.0,-9.975961538461545,-9.98918139199423
1114,2021-03-10,NSE:BIGBLOC,10.675,10.675,10.675,10.675,39620.0,-4.98442367601245,-9.975961538461545
1115,2021-03-12,NSE:BIGBLOC,10.145,10.145,10.145,10.145,69900.0,-4.964871194379401,-4.98442367601245
1116,2021-03-15,NSE:BIGBLOC,9.64,9.64,9.64,9.64,20520.0,-4.977821586988655,-4.964871194379401
1117,2021-03-16,NSE:BIGBLOC,9.16,9.16,9.16,9.16,84520.0,-4.979253112033199,-4.977821586988655
1118,2021-03-17,NSE:BIGBLOC,8.705,9.615,8.705,9.615,708150.0,4.967248908296944,-4.979253112033199
1119,2021-03-18,NSE:BIGBLOC,10.095,10.095,10.095,10.095,93880.0,4.992199687987524,4.967248908296944
1120,2021-03-19,NSE:BIGBLOC,10.595,10.595,10.595,10.595,74830.0,4.952947003467063,4.992199687987524
1121,2021-03-22,NSE:BIGBLOC,11.12,11.12,11.115,11.115,1054810.0,4.907975460122695,4.952947003467063
1122,2021-03-23,NSE:BIGBLOC,11.665,11.67,11.665,11.67,458430.0,4.993252361673411,4.907975460122695
1123,2021-03-24,NSE:BIGBLOC,12.245,12.25,12.245,12.25,529680.0,4.970008568980292,4.993252361673411
1124,2021-03-25,NSE:BIGBLOC,12.5,12.86,12.285,12.86,1213110.0,4.979591836734689,4.970008568980292
1125,2021-03-26,NSE:BIGBLOC,12.22,12.22,12.22,12.22,48800.0,-4.9766718506998355,4.979591836734689
1126,2021-03-30,NSE:BIGBLOC,11.61,11.61,11.61,11.61,6220.0,-4.991816693944363,-4.9766718506998355
1127,2021-03-31,NSE:BIGBLOC,11.03,11.03,11.03,11.03,5840.0,-4.995693367786392,-4.991816693944363
1128,2021-04-01,NSE:BIGBLOC,10.555,10.6,10.48,10.48,77260.0,-4.986400725294642,-4.995693367786392
1129,2021-04-05,NSE:BIGBLOC,9.96,9.96,9.96,9.96,14180.0,-4.961832061068698,-4.986400725294642
1130,2021-04-06,NSE:BIGBLOC,9.465,9.465,9.465,9.465,59630.0,-4.9698795180722986,-4.961832061068698
1131,2021-04-07,NSE:BIGBLOC,9.355,9.935,9.355,9.815,491460.0,3.6978341257263563,-4.9698795180722986
1132,2021-04-08,NSE:BIGBLOC,10.295,10.295,9.35,9.545,130400.0,-2.7508914926133428,3.6978341257263563
1133,2021-04-09,NSE:BIGBLOC,9.605,9.605,9.07,9.27,121440.0,-2.881089575694084,-2.7508914926133428
1134,2021-04-12,NSE:BIGBLOC,9.3,9.32,8.81,8.81,23970.0,-4.962243797195244,-2.881089575694084
1135,2021-04-13,NSE:BIGBLOC,8.37,9.23,8.37,8.37,295340.0,-4.994324631101036,-4.962243797195244
1136,2021-04-15,NSE:BIGBLOC,8.35,8.35,7.955,7.955,52400.0,-4.958183990442045,-4.994324631101036
1137,2021-04-16,NSE:BIGBLOC,7.95,8.35,7.95,8.35,108750.0,4.96543054682589,-4.958183990442045
1138,2021-04-19,NSE:BIGBLOC,8.35,8.35,7.935,8.075,49160.0,-3.293413173652699,4.96543054682589
1139,2021-04-20,NSE:BIGBLOC,8.005,8.33,7.95,8.115,125010.0,0.4953560371517143,-3.293413173652699
1140,2021-04-22,NSE:BIGBLOC,7.96,8.46,7.95,8.365,60160.0,3.080714725816389,0.4953560371517143
1141,2021-04-23,NSE:BIGBLOC,8.31,8.55,8.105,8.4,56950.0,0.4184100418410059,3.080714725816389
1142,2021-04-26,NSE:BIGBLOC,8.1,8.785,8.005,8.435,66890.0,0.4166666666666683,0.4184100418410059
1143,2021-04-27,NSE:BIGBLOC,8.78,8.78,8.27,8.555,31440.0,1.422643746295189,0.4166666666666683
1144,2021-04-28,NSE:BIGBLOC,8.695,8.7,8.4,8.46,25080.0,-1.1104617182933825,1.422643746295189
1145,2021-04-29,NSE:BIGBLOC,8.875,8.88,8.225,8.3,41450.0,-1.8912529550827437,-1.1104617182933825
1146,2021-04-30,NSE:BIGBLOC,8.67,8.67,8.125,8.305,33370.0,0.0602409638554097,-1.8912529550827437
1147,2021-05-03,NSE:BIGBLOC,8.28,8.375,8.105,8.365,33200.0,0.7224563515954304,0.0602409638554097
1148,2021-05-04,NSE:BIGBLOC,8.39,8.445,7.95,8.1,67400.0,-3.16796174536761,0.7224563515954304
1149,2021-05-05,NSE:BIGBLOC,8.05,8.245,7.81,8.01,41830.0,-1.1111111111111094,-3.16796174536761
1150,2021-05-06,NSE:BIGBLOC,8.145,8.4,8.13,8.14,35760.0,1.6229712858926442,-1.1111111111111094
1151,2021-05-07,NSE:BIGBLOC,8.15,8.305,8.025,8.19,28420.0,0.6142506142506011,1.6229712858926442
1152,2021-05-10,NSE:BIGBLOC,8.54,8.54,8.115,8.155,59870.0,-0.4273504273504291,0.6142506142506011
1153,2021-05-11,NSE:BIGBLOC,8.525,8.525,8.1,8.265,27770.0,1.348865726548145,-0.4273504273504291
1154,2021-05-12,NSE:BIGBLOC,8.45,8.45,8.13,8.225,8390.0,-0.48396854204477824,1.348865726548145
1155,2021-05-14,NSE:BIGBLOC,8.225,8.58,8.105,8.195,40050.0,-0.3647416413373783,-0.48396854204477824
1156,2021-05-17,NSE:BIGBLOC,8.49,8.5,8.26,8.385,22460.0,2.3184868822452653,-0.3647416413373783
1157,2021-05-18,NSE:BIGBLOC,8.2,8.8,8.195,8.435,38460.0,0.5963029218843258,2.3184868822452653
1158,2021-05-19,NSE:BIGBLOC,8.2,8.85,8.2,8.695,26220.0,3.0823947836395944,0.5963029218843258
1159,2021-05-20,NSE:BIGBLOC,8.805,9.125,8.79,9.125,53260.0,4.945370902817707,3.0823947836395944
1160,2021-05-21,NSE:BIGBLOC,9.575,9.58,9.185,9.51,87670.0,4.219178082191778,4.945370902817707
1161,2021-05-24,NSE:BIGBLOC,9.9,9.9,9.05,9.12,90130.0,-4.100946372239753,4.219178082191778
1162,2021-05-25,NSE:BIGBLOC,8.765,9.525,8.765,9.2,29810.0,0.8771929824561412,-4.100946372239753
1163,2021-05-26,NSE:BIGBLOC,8.915,9.555,8.915,9.075,22900.0,-1.358695652173913,0.8771929824561412
1164,2021-05-27,NSE:BIGBLOC,9.35,9.35,8.85,9.155,49760.0,0.8815426997245187,-1.358695652173913
1165,2021-05-28,NSE:BIGBLOC,9.095,9.185,8.8,8.83,32790.0,-3.549972692517742,0.8815426997245187
1166,2021-05-31,NSE:BIGBLOC,9.095,9.175,8.63,9.1,22170.0,3.057757644394106,-3.549972692517742
1167,2021-06-01,NSE:BIGBLOC,9.15,9.385,8.7,8.795,33210.0,-3.3516483516483486,3.057757644394106
1168,2021-06-02,NSE:BIGBLOC,9.1,9.2,8.9,9.07,73680.0,3.1267765776009133,-3.3516483516483486
1169,2021-06-03,NSE:BIGBLOC,9.35,9.52,9.3,9.36,225160.0,3.1973539140021954,3.1267765776009133
1170,2021-06-04,NSE:BIGBLOC,9.38,9.825,8.9,9.105,291810.0,-2.724358974358964,3.1973539140021954
1171,2021-06-07,NSE:BIGBLOC,9.5,10.015,9.355,10.0,512700.0,9.829763866007683,-2.724358974358964
1172,2021-06-08,NSE:BIGBLOC,10.875,10.88,10.0,10.475,111600.0,4.7499999999999964,9.829763866007683
1173,2021-06-09,NSE:BIGBLOC,10.48,10.485,10.1,10.18,55910.0,-2.816229116945107,4.7499999999999964
1174,2021-06-10,NSE:BIGBLOC,10.175,10.585,10.095,10.12,38780.0,-0.5893909626719106,-2.816229116945107
1175,2021-06-11,NSE:BIGBLOC,10.55,11.095,9.155,10.34,93250.0,2.1739130434782674,-0.5893909626719106
1176,2021-06-14,NSE:BIGBLOC,10.39,10.995,9.7,10.685,296910.0,3.3365570599613217,2.1739130434782674
1177,2021-06-15,NSE:BIGBLOC,10.785,10.785,10.0,10.06,212470.0,-5.84932147870847,3.3365570599613217
1178,2021-06-16,NSE:BIGBLOC,10.4,10.4,9.9,10.005,85390.0,-0.5467196819085459,-5.84932147870847
1179,2021-06-17,NSE:BIGBLOC,9.9,10.19,9.9,9.9,43680.0,-1.0494752623688197,-0.5467196819085459
1180,2021-06-18,NSE:BIGBLOC,10.28,10.28,9.115,9.605,75400.0,-2.979797979797979,-1.0494752623688197
1181,2021-06-21,NSE:BIGBLOC,9.1,9.99,9.1,9.65,23850.0,0.46850598646538183,-2.979797979797979
1182,2021-06-22,NSE:BIGBLOC,9.35,10.045,9.35,9.67,25550.0,0.20725388601035827,0.46850598646538183
1183,2021-06-23,NSE:BIGBLOC,9.79,9.88,9.505,9.53,20630.0,-1.4477766287487133,0.20725388601035827
1184,2021-06-24,NSE:BIGBLOC,9.835,9.835,9.5,9.505,41710.0,-0.26232948583419285,-1.4477766287487133
1185,2021-06-25,NSE:BIGBLOC,9.465,9.9,9.4,9.735,135700.0,2.419779063650696,-0.26232948583419285
1186,2021-06-28,NSE:BIGBLOC,9.75,9.92,9.35,9.68,53650.0,-0.5649717514124265,2.419779063650696
1187,2021-06-29,NSE:BIGBLOC,9.8,10.015,9.45,9.71,77220.0,0.30991735537191256,-0.5649717514124265
1188,2021-06-30,NSE:BIGBLOC,9.93,10.215,9.8,9.95,163460.0,2.4716786817713534,0.30991735537191256
1189,2021-07-01,NSE:BIGBLOC,9.605,10.05,9.315,9.955,78850.0,0.05025125628141489,2.4716786817713534
1190,2021-07-02,NSE:BIGBLOC,10.005,10.19,9.995,10.075,171200.0,1.2054244098442917,0.05025125628141489
1191,2021-07-05,NSE:BIGBLOC,10.1,10.3,10.1,10.125,101100.0,0.49627791563276147,1.2054244098442917
1192,2021-07-06,NSE:BIGBLOC,10.215,10.43,10.0,10.08,112620.0,-0.44444444444444375,0.49627791563276147
1193,2021-07-07,NSE:BIGBLOC,10.2,10.2,9.95,9.975,43210.0,-1.041666666666671,-0.44444444444444375
1194,2021-07-08,NSE:BIGBLOC,10.115,10.29,10.03,10.11,82740.0,1.3533834586466145,-1.041666666666671
1195,2021-07-09,NSE:BIGBLOC,10.105,10.425,9.91,10.28,87970.0,1.6815034619188916,1.3533834586466145
1196,2021-07-12,NSE:BIGBLOC,10.195,11.29,10.175,11.025,554170.0,7.2470817120622675,1.6815034619188916
1197,2021-07-13,NSE:BIGBLOC,11.31,11.5,10.9,11.11,593710.0,0.770975056689334,7.2470817120622675
1198,2021-07-14,NSE:BIGBLOC,11.11,11.45,11.1,11.14,586030.0,0.27002700270028024,0.770975056689334
1199,2021-07-15,NSE:BIGBLOC,11.2,11.615,11.15,11.21,267260.0,0.6283662477558374,0.27002700270028024
1200,2021-07-16,NSE:BIGBLOC,11.21,11.225,11.0,11.11,188540.0,-0.8920606601249012,0.6283662477558374
1201,2021-07-19,NSE:BIGBLOC,10.9,11.11,10.55,10.71,289900.0,-3.600360036003588,-0.8920606601249012
1202,2021-07-20,NSE:BIGBLOC,10.8,10.8,10.6,10.615,39180.0,-0.8870214752567752,-3.600360036003588
1203,2021-07-22,NSE:BIGBLOC,10.7,10.795,10.4,10.48,99870.0,-1.2717852096090418,-0.8870214752567752
1204,2021-07-23,NSE:BIGBLOC,10.83,10.83,10.4,10.595,269370.0,1.0973282442748111,-1.2717852096090418
1205,2021-07-26,NSE:BIGBLOC,10.595,10.67,10.5,10.51,117740.0,-0.8022652194431416,1.0973282442748111
1206,2021-07-27,NSE:BIGBLOC,11.5,11.555,10.795,10.95,988620.0,4.186489058039957,-0.8022652194431416
1207,2021-07-28,NSE:BIGBLOC,11.01,11.16,10.8,10.88,126440.0,-0.6392694063926805,4.186489058039957
1208,2021-07-29,NSE:BIGBLOC,11.095,11.385,11.0,11.28,304360.0,3.676470588235281,-0.6392694063926805
1209,2021-07-30,NSE:BIGBLOC,11.5,11.5,11.19,11.24,121170.0,-0.35460992907800665,3.676470588235281
1210,2021-08-02,NSE:BIGBLOC,11.1,11.595,11.1,11.33,327760.0,0.8007117437722406,-0.35460992907800665
1211,2021-08-03,NSE:BIGBLOC,12.425,12.45,11.65,11.97,723320.0,5.648720211827013,0.8007117437722406
1212,2021-08-04,NSE:BIGBLOC,12.3,12.3,11.2,11.34,335270.0,-5.263157894736848,5.648720211827013
1213,2021-08-05,NSE:BIGBLOC,11.9,12.2,11.3,11.35,243410.0,0.08818342151675297,-5.263157894736848
1214,2021-08-06,NSE:BIGBLOC,11.595,11.595,11.3,11.385,295150.0,0.3083700440528647,0.08818342151675297
1215,2021-08-09,NSE:BIGBLOC,11.5,11.79,11.4,11.465,305770.0,0.7026789635485294,0.3083700440528647
1216,2021-08-10,NSE:BIGBLOC,11.505,12.09,11.48,11.79,693470.0,2.8347143480156936,0.7026789635485294
1217,2021-08-11,NSE:BIGBLOC,11.81,11.89,11.1,11.56,409940.0,-1.9508057675996493,2.8347143480156936
1218,2021-08-12,NSE:BIGBLOC,11.6,12.2,11.55,12.07,505880.0,4.4117647058823515,-1.9508057675996493
1219,2021-08-13,NSE:BIGBLOC,12.065,12.3,11.8,11.875,370490.0,-1.6155758077879063,4.4117647058823515
1220,2021-08-16,NSE:BIGBLOC,12.8,12.8,11.8,11.875,262040.0,0.0,-1.6155758077879063
1221,2021-08-17,NSE:BIGBLOC,12.19,12.295,12.005,12.085,421740.0,1.7684210526315862,0.0
1222,2021-08-18,NSE:BIGBLOC,12.45,12.45,11.9,11.935,382760.0,-1.2412081092263165,1.7684210526315862
1223,2021-08-20,NSE:BIGBLOC,12.2,12.2,11.75,11.755,110090.0,-1.5081692501047315,-1.2412081092263165
1224,2021-08-23,NSE:BIGBLOC,11.755,12.18,10.58,10.815,270940.0,-7.996597192683974,-1.5081692501047315
1225,2021-08-24,NSE:BIGBLOC,11.3,11.3,10.58,10.63,83570.0,-1.7105871474803396,-7.996597192683974
1226,2021-08-25,NSE:BIGBLOC,10.88,10.975,10.5,10.59,70600.0,-0.3762935089369795,-1.7105871474803396
1227,2021-08-26,NSE:BIGBLOC,10.695,11.45,10.6,11.27,341880.0,6.421152030217184,-0.3762935089369795
1228,2021-08-27,NSE:BIGBLOC,11.69,11.69,10.62,10.775,54310.0,-4.392191659272398,6.421152030217184
1229,2021-08-30,NSE:BIGBLOC,10.775,11.05,10.7,10.83,30860.0,0.5104408352668187,-4.392191659272398
1230,2021-08-31,NSE:BIGBLOC,11.18,11.18,10.4,10.785,109510.0,-0.4155124653739605,0.5104408352668187
1231,2021-09-01,NSE:BIGBLOC,10.895,10.9,10.63,10.67,9820.0,-1.0662957811775633,-0.4155124653739605
1232,2021-09-02,NSE:BIGBLOC,10.7,10.97,10.215,10.525,102090.0,-1.358950328022489,-1.0662957811775633
1233,2021-09-03,NSE:BIGBLOC,10.525,10.575,10.215,10.315,36000.0,-1.9952494061757802,-1.358950328022489
1234,2021-09-06,NSE:BIGBLOC,10.32,10.69,10.3,10.5,61240.0,1.793504604944261,-1.9952494061757802
1235,2021-09-07,NSE:BIGBLOC,10.505,10.55,10.305,10.36,20390.0,-1.3333333333333388,1.793504604944261
1236,2021-09-08,NSE:BIGBLOC,10.365,10.64,10.305,10.42,37170.0,0.579150579150584,-1.3333333333333388
1237,2021-09-09,NSE:BIGBLOC,10.58,10.62,10.325,10.53,22350.0,1.0556621880998027,0.579150579150584
1238,2021-09-13,NSE:BIGBLOC,10.325,11.495,10.325,11.26,164560.0,6.93257359924027,1.0556621880998027
1239,2021-09-14,NSE:BIGBLOC,11.5,11.555,11.2,11.24,61550.0,-0.17761989342806014,6.93257359924027
1240,2021-09-15,NSE:BIGBLOC,11.48,11.48,10.95,11.085,204130.0,-1.3790035587188556,-0.17761989342806014
1241,2021-09-16,NSE:BIGBLOC,11.28,11.4,11.1,11.285,152090.0,1.804239963915194,-1.3790035587188556
1242,2021-09-17,NSE:BIGBLOC,11.395,11.395,11.0,11.125,53960.0,-1.4178112538768288,1.804239963915194
1243,2021-09-20,NSE:BIGBLOC,10.9,12.0,10.9,11.57,820870.0,4.000000000000003,-1.4178112538768288
1244,2021-09-21,NSE:BIGBLOC,12.3,12.3,11.6,11.785,293410.0,1.8582541054451154,4.000000000000003
1245,2021-09-22,NSE:BIGBLOC,11.8,11.83,11.325,11.59,180350.0,-1.654645736105221,1.8582541054451154
1246,2021-09-23,NSE:BIGBLOC,11.895,11.895,11.2,11.36,259160.0,-1.9844693701466818,-1.654645736105221
1247,2021-09-24,NSE:BIGBLOC,11.59,11.59,11.315,11.42,98510.0,0.5281690140845114,-1.9844693701466818
1248,2021-09-27,NSE:BIGBLOC,11.5,11.695,11.1,11.17,309500.0,-2.189141856392294,0.5281690140845114
1249,2021-09-28,NSE:BIGBLOC,11.3,11.56,11.175,11.2,292350.0,0.2685765443151241,-2.189141856392294
1250,2021-09-29,NSE:BIGBLOC,11.2,11.4,11.015,11.38,48890.0,1.6071428571428705,0.2685765443151241
1251,2021-09-30,NSE:BIGBLOC,11.5,11.5,11.09,11.105,522840.0,-2.416520210896312,1.6071428571428705
1252,2021-10-01,NSE:BIGBLOC,11.34,11.8,11.115,11.59,301580.0,4.3674020711391215,-2.416520210896312
1253,2021-10-04,NSE:BIGBLOC,11.8,12.18,11.8,12.02,620350.0,3.710094909404657,4.3674020711391215
1254,2021-10-05,NSE:BIGBLOC,12.265,12.3,12.0,12.1,246750.0,0.6655574043261238,3.710094909404657
1255,2021-10-06,NSE:BIGBLOC,12.295,13.31,12.29,13.245,1186690.0,9.462809917355369,0.6655574043261238
1256,2021-10-07,NSE:BIGBLOC,13.5,14.595,13.495,13.855,810090.0,4.6055115137787945,9.462809917355369
1257,2021-10-08,NSE:BIGBLOC,14.23,14.5,13.725,13.945,542380.0,0.6495849873691797,4.6055115137787945
1258,2021-10-11,NSE:BIGBLOC,14.58,14.9,14.2,14.64,584310.0,4.983865184653999,0.6495849873691797
1259,2021-10-12,NSE:BIGBLOC,14.98,14.98,14.0,14.215,386490.0,-2.903005464480879,4.983865184653999
1260,2021-10-13,NSE:BIGBLOC,14.2,14.485,13.31,13.7,347960.0,-3.6229335209286004,-2.903005464480879
1261,2021-10-14,NSE:BIGBLOC,14.395,14.395,13.7,13.79,219720.0,0.656934306569342,-3.6229335209286004
1262,2021-10-18,NSE:BIGBLOC,14.3,14.395,14.0,14.22,331450.0,3.118201595358967,0.656934306569342
1263,2021-10-19,NSE:BIGBLOC,14.48,14.48,13.91,14.04,290050.0,-1.2658227848101369,3.118201595358967
1264,2021-10-20,NSE:BIGBLOC,14.38,14.38,13.62,13.8,255300.0,-1.7094017094016984,-1.2658227848101369
1265,2021-10-21,NSE:BIGBLOC,14.37,14.37,13.81,14.14,210620.0,2.4637681159420275,-1.7094017094016984
1266,2021-10-22,NSE:BIGBLOC,14.4,14.4,13.91,13.995,138490.0,-1.025459688826035,2.4637681159420275
1267,2021-10-25,NSE:BIGBLOC,13.8,14.31,13.8,14.15,196020.0,1.1075384065737846,-1.025459688826035
1268,2021-10-26,NSE:BIGBLOC,14.8,15.025,14.205,14.435,407890.0,2.0141342756183755,1.1075384065737846
1269,2021-10-27,NSE:BIGBLOC,14.75,15.0,14.45,14.57,317480.0,0.935226879113265,2.0141342756183755
1270,2021-10-28,NSE:BIGBLOC,14.7,14.8,14.18,14.435,258230.0,-0.9265614275909387,0.935226879113265
1271,2021-10-29,NSE:BIGBLOC,14.79,15.1,14.075,15.01,1272360.0,3.983373744371314,-0.9265614275909387
1272,2021-11-01,NSE:BIGBLOC,15.385,16.29,15.21,15.98,1821730.0,6.462358427714861,3.983373744371314
1273,2021-11-02,NSE:BIGBLOC,16.3,16.9,16.3,16.535,962640.0,3.4730913642052545,6.462358427714861
1274,2021-11-03,NSE:BIGBLOC,16.625,16.685,15.12,15.215,692800.0,-7.983066223162989,3.4730913642052545
1275,2021-11-04,NSE:BIGBLOC,15.4,15.6,15.01,15.415,155170.0,1.314492277357866,-7.983066223162989
1276,2021-11-08,NSE:BIGBLOC,15.69,16.9,15.69,16.28,1091350.0,5.611417450535206,1.314492277357866
1277,2021-11-09,NSE:BIGBLOC,16.4,16.795,16.295,16.45,457980.0,1.0442260442260327,5.611417450535206
1278,2021-11-10,NSE:BIGBLOC,16.635,16.64,15.845,16.065,306250.0,-2.3404255319148817,1.0442260442260327
1279,2021-11-11,NSE:BIGBLOC,15.8,16.09,15.46,15.675,306380.0,-2.427637721755372,-2.3404255319148817
1280,2021-11-12,NSE:BIGBLOC,15.795,18.81,15.665,18.81,8432030.0,19.999999999999986,-2.427637721755372
1281,2021-11-15,NSE:BIGBLOC,19.9,21.5,18.0,20.1,4894300.0,6.858054226475294,19.999999999999986
1282,2021-11-16,NSE:BIGBLOC,20.450001,24.1000005,20.1499995,24.1000005,6203804.0,19.900499999999994,6.858054226475294
1283,2021-11-17,NSE:BIGBLOC,24.5,26.299999,23.174999,23.674999,4279206.0,-1.7634916646578513,19.900499999999994
1284,2021-11-18,NSE:BIGBLOC,23.674999,24.75,21.325001,21.5,2165796.0,-9.186902183184884,-1.7634916646578513
1285,2021-11-22,NSE:BIGBLOC,21.8500005,22.5,19.7749995,20.0,952562.0,-6.976744186046512,-9.186902183184884
1286,2021-11-23,NSE:BIGBLOC,20.25,22.0,19.3999995,21.9750005,1420898.0,9.8750025,-6.976744186046512
1287,2021-11-24,NSE:BIGBLOC,22.3999995,23.3999995,21.2749995,21.625,836090.0,-1.5927212379358087,9.8750025
1288,2021-11-25,NSE:BIGBLOC,22.424999,22.424999,21.3500005,21.75,427764.0,0.5780346820809248,-1.5927212379358087
1289,2021-11-26,NSE:BIGBLOC,21.0,21.450001,20.424999,20.575001,443098.0,-5.402294252873562,0.5780346820809248
1290,2021-11-29,NSE:BIGBLOC,20.4750005,20.8999995,18.625,20.450001,548080.0,-0.607533384810042,-5.402294252873562
1291,2021-11-30,NSE:BIGBLOC,20.5,21.450001,20.1000005,20.674999,488790.0,1.1002346650251966,-0.607533384810042
1292,2021-12-01,NSE:BIGBLOC,21.2250005,21.450001,20.3500005,20.575001,226304.0,-0.48366628699715714,1.1002346650251966
1293,2021-12-02,NSE:BIGBLOC,20.950001,21.1000005,20.1499995,20.825001,269886.0,1.215066769620084,-0.48366628699715714
1294,2021-12-03,NSE:BIGBLOC,21.25,21.25,20.2749995,20.3999995,250324.0,-2.0408234314130427,1.215066769620084
1295,2021-12-06,NSE:BIGBLOC,20.700001,21.625,20.549999,21.0,400146.0,2.9411789936563486,-2.0408234314130427
1296,2021-12-07,NSE:BIGBLOC,22.450001,22.5,21.5249995,21.825001,690326.0,3.928576190476192,2.9411789936563486
1297,2021-12-08,NSE:BIGBLOC,22.299999,24.0,21.8999995,23.299999,680952.0,6.758295222987616,3.928576190476192
1298,2021-12-09,NSE:BIGBLOC,24.25,24.75,23.125,24.075001,794036.0,3.3261889839566114,6.758295222987616
1299,2021-12-10,NSE:BIGBLOC,24.75,26.424999,23.325001,25.8500005,1454838.0,7.3727909710159505,3.3261889839566114
1300,2021-12-13,NSE:BIGBLOC,27.0,27.125,26.5249995,27.125,945526.0,4.932299711174086,7.3727909710159505
1301,2021-12-14,NSE:BIGBLOC,26.950001,27.0,25.7749995,26.549999,856376.0,-2.1198193548387105,4.932299711174086
1302,2021-12-15,NSE:BIGBLOC,27.450001,27.450001,25.7749995,26.549999,683712.0,0.0,-2.1198193548387105
1303,2021-12-16,NSE:BIGBLOC,27.1000005,27.3500005,25.2250005,25.5249995,546980.0,-3.860638563489211,0.0
1304,2021-12-17,NSE:BIGBLOC,25.8500005,26.3500005,24.2749995,24.424999,334596.0,-4.309502532997112,-3.860638563489211
1305,2021-12-20,NSE:BIGBLOC,23.3500005,23.8500005,23.25,23.325001,354820.0,-4.503574391139174,-4.309502532997112
1306,2021-12-21,NSE:BIGBLOC,23.5,24.200001,23.5,23.575001,289406.0,1.071811315249247,-4.503574391139174
1307,2021-12-22,NSE:BIGBLOC,23.924999,24.75,23.7749995,24.6499995,345120.0,4.559908608275349,1.071811315249247
1308,2021-12-23,NSE:BIGBLOC,25.8500005,25.8500005,25.049999,25.825001,472518.0,4.766740461800011,4.559908608275349
1309,2021-12-24,NSE:BIGBLOC,25.875,26.3999995,24.549999,25.174999,301606.0,-2.51694859566511,4.766740461800011
1310,2021-12-27,NSE:BIGBLOC,25.549999,26.2250005,25.2749995,26.1000005,421894.0,3.674286143963702,-2.51694859566511
1311,2021-12-28,NSE:BIGBLOC,26.450001,26.700001,26.25,26.6000005,403058.0,1.9157087755611344,3.674286143963702
1312,2021-12-29,NSE:BIGBLOC,27.1499995,27.1499995,26.6000005,26.7749995,233156.0,0.6578909650772363,1.9157087755611344
1313,2021-12-30,NSE:BIGBLOC,28.075001,28.1000005,26.7749995,28.1000005,470966.0,4.948649952355742,0.6578909650772363
1314,2021-12-31,NSE:BIGBLOC,28.8500005,29.5,28.5,29.5,391788.0,4.9822045376831925,4.948649952355742
1315,2022-01-03,NSE:BIGBLOC,30.3999995,30.9750005,30.25,30.9750005,296440.0,5.000001694915255,4.9822045376831925
1316,2022-01-04,NSE:BIGBLOC,32.25,32.5,32.0,32.5,628120.0,4.9233235686307735,5.000001694915255
1317,2022-01-05,NSE:BIGBLOC,33.950001,34.125,32.0250015,33.3499985,842642.0,2.6153799999999943,4.9233235686307735
1318,2022-01-06,NSE:BIGBLOC,34.5,34.5,31.700001,34.424999,754274.0,3.223389950077514,2.6153799999999943
1319,2022-01-07,NSE:BIGBLOC,35.450001,36.125,34.25,36.125,908280.0,4.938274653254167,3.223389950077514
1320,2022-01-10,NSE:BIGBLOC,37.1500015,37.924999,36.125,37.924999,612462.0,4.982696193771625,4.938274653254167
1321,2022-01-11,NSE:BIGBLOC,38.950001,39.799999,38.9000015,39.799999,564032.0,4.943968488964232,4.982696193771625
1322,2022-01-12,NSE:BIGBLOC,41.4000015,41.4000015,37.825001,38.125,1356476.0,-4.208540306747243,4.943968488964232
1323,2022-01-13,NSE:BIGBLOC,36.700001,37.4749985,36.2249985,36.2249985,189266.0,-4.983610491803284,-4.208540306747243
1324,2022-01-14,NSE:BIGBLOC,34.5,37.200001,34.424999,34.424999,979732.0,-4.968942924869959,-4.983610491803284
1325,2022-01-17,NSE:BIGBLOC,33.4000015,36.125,32.825001,36.125,686182.0,4.938274653254167,-4.968942924869959
1326,2022-01-18,NSE:BIGBLOC,37.0,37.924999,36.5,36.6500015,476468.0,1.453291349480974,4.938274653254167
1327,2022-01-19,NSE:BIGBLOC,37.5,37.75,35.0250015,35.9749985,227586.0,-1.8417543584548113,1.453291349480974
1328,2022-01-20,NSE:BIGBLOC,36.0250015,36.799999,35.1500015,35.4000015,188686.0,-1.598323902640319,-1.8417543584548113
1329,2022-01-21,NSE:BIGBLOC,35.4749985,35.8499985,33.6500015,34.049999,324840.0,-3.813566222589008,-1.598323902640319
1330,2022-01-24,NSE:BIGBLOC,34.75,35.75,33.5,35.75,961114.0,4.992660939578883,-3.813566222589008
1331,2022-01-25,NSE:BIGBLOC,36.549999,37.5250015,35.0,37.5250015,699986.0,4.965039160839166,4.992660939578883
1332,2022-01-27,NSE:BIGBLOC,35.6500015,36.9749985,35.6500015,35.950001,345968.0,-4.1972030300918215,4.965039160839166
1333,2022-01-28,NSE:BIGBLOC,36.5999985,37.5,36.0250015,36.6500015,206578.0,1.9471501544603618,-4.1972030300918215
1334,2022-01-31,NSE:BIGBLOC,37.450001,38.4749985,37.4000015,38.4749985,326266.0,4.979527763457243,1.9471501544603618
1335,2022-02-01,NSE:BIGBLOC,39.0,40.375,37.5999985,40.375,840254.0,4.938275696099122,4.979527763457243
1336,2022-02-02,NSE:BIGBLOC,41.424999,42.375,40.9000015,42.375,382502.0,4.953560371517028,4.938275696099122
1337,2022-02-03,NSE:BIGBLOC,43.1500015,44.424999,41.924999,44.424999,1099382.0,4.837755752212389,4.953560371517028
1338,2022-02-04,NSE:BIGBLOC,45.4000015,45.4000015,42.2249985,42.25,776852.0,-4.895889811950249,4.837755752212389
1339,2022-02-07,NSE:BIGBLOC,40.799999,41.9000015,40.1500015,40.174999,298044.0,-4.911244970414201,-4.895889811950249
1340,2022-02-08,NSE:BIGBLOC,38.6500015,39.700001,38.174999,38.200001,768184.0,-4.915987676813631,-4.911244970414201
1341,2022-02-09,NSE:BIGBLOC,38.200001,40.0999985,38.200001,40.0999985,299774.0,4.973815314821583,-4.915987676813631
1342,2022-02-10,NSE:BIGBLOC,40.5,42.0999985,40.5,42.0999985,518628.0,4.987531358635837,4.973815314821583
1343,2022-02-11,NSE:BIGBLOC,43.700001,44.200001,42.575001,44.200001,940026.0,4.988129631406049,4.987531358635837
1344,2022-02-14,NSE:BIGBLOC,42.0,43.200001,42.0,42.0,100490.0,-4.977377715443944,4.988129631406049
1345,2022-02-15,NSE:BIGBLOC,40.125,41.7249985,39.9000015,40.6500015,536684.0,-3.214282142857138,-4.977377715443944
1346,2022-02-16,NSE:BIGBLOC,40.700001,42.674999,40.700001,42.625,291926.0,4.858544716166857,-3.214282142857138
1347,2022-02-17,NSE:BIGBLOC,43.700001,43.700001,40.7750015,40.950001,214932.0,-3.9296164222873893,4.858544716166857
1348,2022-02-18,NSE:BIGBLOC,39.75,40.674999,38.924999,39.075001,193994.0,-4.578754466941283,-3.9296164222873893
1349,2022-02-21,NSE:BIGBLOC,39.0,41.0,38.0,39.75,312368.0,1.7274446135010966,-4.578754466941283
1350,2022-02-22,NSE:BIGBLOC,38.299999,38.950001,37.799999,37.924999,287782.0,-4.59119748427673,1.7274446135010966
1351,2022-02-23,NSE:BIGBLOC,38.0,39.6500015,38.0,38.2249985,212814.0,0.7910336398426759,-4.59119748427673
1352,2022-02-24,NSE:BIGBLOC,37.700001,37.700001,36.325001,36.325001,152570.0,-4.970562654175115,0.7910336398426759
1353,2022-02-25,NSE:BIGBLOC,36.325001,37.7249985,34.549999,34.6500015,365256.0,-4.61114784277638,-4.970562654175115
1354,2022-02-28,NSE:BIGBLOC,34.8499985,36.325001,34.549999,36.0,196278.0,3.89609939843725,-4.61114784277638
1355,2022-03-02,NSE:BIGBLOC,35.950001,36.75,35.625,35.9749985,83662.0,-0.06944861111111637,3.89609939843725
1356,2022-03-03,NSE:BIGBLOC,37.75,37.75,36.75,37.0250015,253448.0,2.918701998000094,-0.06944861111111637
1357,2022-03-04,NSE:BIGBLOC,36.7249985,36.9749985,35.6500015,35.950001,141726.0,-2.9034448519873837,2.918701998000094
1358,2022-03-07,NSE:BIGBLOC,35.950001,35.950001,34.25,34.674999,117170.0,-3.546597954197555,-2.9034448519873837
1359,2022-03-08,NSE:BIGBLOC,34.9749985,36.0,34.625,35.1500015,102884.0,1.3698702630099635,-3.546597954197555
1360,2022-03-09,NSE:BIGBLOC,35.799999,36.9000015,35.075001,36.875,161378.0,4.907534641214732,1.3698702630099635
1361,2022-03-10,NSE:BIGBLOC,38.25,38.674999,37.25,38.200001,134504.0,3.5932230508474583,4.907534641214732
1362,2022-03-11,NSE:BIGBLOC,38.299999,39.200001,37.7249985,38.575001,121192.0,0.981675366971849,3.5932230508474583
1363,2022-03-14,NSE:BIGBLOC,38.5,39.25,37.5999985,38.0999985,101218.0,-1.231373914935225,0.981675366971849
1364,2022-03-15,NSE:BIGBLOC,38.6500015,38.6500015,36.25,37.0250015,84324.0,-2.8215145467787783,-1.231373914935225
1365,2022-03-16,NSE:BIGBLOC,38.0,38.4749985,37.125,38.174999,91204.0,3.1060025750437785,-2.8215145467787783
1366,2022-03-17,NSE:BIGBLOC,39.4749985,39.950001,38.0250015,38.424999,153852.0,0.6548788645678812,3.1060025750437785
1367,2022-03-21,NSE:BIGBLOC,38.4749985,38.75,37.325001,37.5,233854.0,-2.4072843827530086,0.6548788645678812
1368,2022-03-22,NSE:BIGBLOC,37.5,37.9749985,36.0,36.0999985,302620.0,-3.7333373333333384,-2.4072843827530086
1369,2022-03-23,NSE:BIGBLOC,36.7750015,37.450001,36.0250015,36.9749985,371724.0,2.4238228153943,-3.7333373333333384
1370,2022-03-24,NSE:BIGBLOC,37.0999985,37.0999985,35.3499985,36.125,136504.0,-2.2988466111770043,2.4238228153943
1371,2022-03-25,NSE:BIGBLOC,36.125,37.924999,36.125,37.924999,153180.0,4.982696193771625,-2.2988466111770043
1372,2022-03-28,NSE:BIGBLOC,38.375,39.799999,38.049999,39.799999,358316.0,4.943968488964232,4.982696193771625
1373,2022-03-29,NSE:BIGBLOC,41.375,41.7750015,41.0,41.7750015,143546.0,4.962317963877341,4.943968488964232
1374,2022-03-30,NSE:BIGBLOC,43.799999,43.8499985,42.625,43.8499985,284076.0,4.967078217818846,4.962317963877341
1375,2022-03-31,NSE:BIGBLOC,45.700001,46.0250015,43.825001,45.799999,857190.0,4.44697962760478,4.967078217818846
1376,2022-04-01,NSE:BIGBLOC,46.4000015,48.075001,45.7750015,48.075001,523812.0,4.967253383564485,4.44697962760478
1377,2022-04-04,NSE:BIGBLOC,50.3,50.475,49.9000015,50.475,526338.0,4.992197504062457,4.967253383564485
1378,2022-04-05,NSE:BIGBLOC,51.35,52.975,48.0,52.975,1018016.0,4.952947003467063,4.992197504062457
1379,2022-04-06,NSE:BIGBLOC,53.2,55.6,53.025,55.6,461636.0,4.955167531854649,4.952947003467063
1380,2022-04-07,NSE:BIGBLOC,58.375,58.375,52.825,58.1,1202026.0,4.496402877697841,4.955167531854649
1381,2022-04-08,NSE:BIGBLOC,59.7,60.975,58.325,59.875,597432.0,3.0550774526678115,4.496402877697841
1382,2022-04-11,NSE:BIGBLOC,62.725,62.85,61.3,62.85,432612.0,4.968684759916496,3.0550774526678115
1383,2022-04-12,NSE:BIGBLOC,63.45,64.9,59.725,62.575,827722.0,-0.4375497215592658,4.968684759916496
1384,2022-04-13,NSE:BIGBLOC,64.0,65.0,62.5,63.25,304888.0,1.0787055533359922,-0.4375497215592658
1385,2022-04-18,NSE:BIGBLOC,62.0,64.9,60.5,63.175,283524.0,-0.11857707509881872,1.0787055533359922
1386,2022-04-19,NSE:BIGBLOC,62.0,64.074995,60.025,60.075,377380.0,-4.907004352987724,-0.11857707509881872
1387,2022-04-20,NSE:BIGBLOC,61.0,62.25,57.275,59.1,323952.0,-1.6229712858926364,-4.907004352987724
1388,2022-04-21,NSE:BIGBLOC,60.225,62.05,58.075,62.05,284734.0,4.99153976311336,-1.6229712858926364
1389,2022-04-22,NSE:BIGBLOC,62.35,63.925,61.175,63.125,344564.0,1.7324738114423897,4.99153976311336
1390,2022-04-25,NSE:BIGBLOC,63.0,66.275,61.875,66.275,457770.0,4.990099009900999,1.7324738114423897
1391,2022-04-26,NSE:BIGBLOC,68.0,69.574995,67.625,69.574995,252948.0,4.979245567710291,4.990099009900999
1392,2022-04-27,NSE:BIGBLOC,71.0,73.050005,71.0,73.050005,627086.0,4.994624864867037,4.979245567710291
1393,2022-04-28,NSE:BIGBLOC,74.550005,75.65,69.4,69.4,483780.0,-4.996584189145494,4.994624864867037
1394,2022-04-29,NSE:BIGBLOC,66.074995,71.5,65.949995,65.975,716908.0,-4.935158501440938,-4.996584189145494
1395,2022-05-02,NSE:BIGBLOC,67.15,68.475,62.7,62.9,356574.0,-4.66085638499431,-4.935158501440938
1396,2022-05-04,NSE:BIGBLOC,61.0,62.25,59.775,59.775,61966.0,-4.968203497615263,-4.66085638499431
1397,2022-05-05,NSE:BIGBLOC,56.8,60.75,56.8,57.175,190092.0,-4.34964450020912,-4.968203497615263
1398,2022-05-06,NSE:BIGBLOC,59.85,59.85,54.325,55.475,123262.0,-2.973327503279398,-4.34964450020912
1399,2022-05-09,NSE:BIGBLOC,55.5,55.5,52.725,52.75,105312.0,-4.912122577737723,-2.973327503279398
1400,2022-05-10,NSE:BIGBLOC,50.125,51.475,50.125,50.125,168406.0,-4.976303317535545,-4.912122577737723
1401,2022-05-11,NSE:BIGBLOC,50.5,51.0,47.625,47.625,41170.0,-4.987531172069826,-4.976303317535545
1402,2022-05-12,NSE:BIGBLOC,45.25,45.25,45.25,45.25,14264.0,-4.986876640419948,-4.987531172069826
1403,2022-05-13,NSE:BIGBLOC,43.0,47.5,43.0,47.3499985,201564.0,4.640880662983421,-4.986876640419948
1404,2022-05-16,NSE:BIGBLOC,49.5,49.700001,49.450001,49.700001,23458.0,4.96304661973749,4.640880662983421
1405,2022-05-17,NSE:BIGBLOC,52.175,52.175,52.175,52.175,8404.0,4.9798771633827466,4.96304661973749
1406,2022-05-18,NSE:BIGBLOC,54.775,54.775,54.775,54.775,65766.0,4.983229516051752,4.9798771633827466
1407,2022-05-19,NSE:BIGBLOC,56.5,57.5,52.5,57.5,280028.0,4.974897307165681,4.983229516051752
1408,2022-05-20,NSE:BIGBLOC,60.2,60.375,60.0,60.375,42858.0,5.0,4.974897307165681
1409,2022-05-23,NSE:BIGBLOC,62.0,63.375,57.65,62.575,188702.0,3.643892339544518,5.0
1410,2022-05-24,NSE:BIGBLOC,60.6,63.375,59.5,59.625,96920.0,-4.71434278865362,3.643892339544518
1411,2022-05-25,NSE:BIGBLOC,59.5,61.75,56.675,56.9,72394.0,-4.570230607966459,-4.71434278865362
1412,2022-05-26,NSE:BIGBLOC,54.5,58.75,54.075,54.075,61706.0,-4.964850615114228,-4.570230607966459
1413,2022-05-27,NSE:BIGBLOC,54.275,56.5,54.0,55.675,33230.0,2.9588534442903267,-4.964850615114228
1414,2022-05-30,NSE:BIGBLOC,58.15,58.4,56.5,58.3,72342.0,4.7148630444544235,2.9588534442903267
1415,2022-05-31,NSE:BIGBLOC,57.5,60.5,57.15,58.1,54038.0,-0.3430531732418452,4.7148630444544235
1416,2022-06-01,NSE:BIGBLOC,58.1,60.45,56.05,56.95,35398.0,-1.9793459552495674,-0.3430531732418452
1417,2022-06-02,NSE:BIGBLOC,58.85,58.925,55.0,55.975,54868.0,-1.71202809482002,-1.9793459552495674
1418,2022-06-03,NSE:BIGBLOC,55.5,58.5,54.5,55.125,50206.0,-1.518535060294777,-1.71202809482002
1419,2022-06-06,NSE:BIGBLOC,56.725,56.725,55.0,55.55,27090.0,0.7709750566893372,-1.518535060294777
1420,2022-06-07,NSE:BIGBLOC,55.525,55.525,52.775,53.5,48972.0,-3.6903690369036855,0.7709750566893372
1421,2022-06-08,NSE:BIGBLOC,54.375,55.5,53.0,53.925,22422.0,0.7943925233644806,-3.6903690369036855
1422,2022-06-09,NSE:BIGBLOC,51.25,53.95,51.25,53.05,48052.0,-1.6226240148354196,0.7943925233644806
1423,2022-06-10,NSE:BIGBLOC,52.5,53.05,51.0,52.55,16818.0,-0.9425070688030162,-1.6226240148354196
1424,2022-06-13,NSE:BIGBLOC,50.025,51.0,49.924999,50.125,30342.0,-4.614652711703135,-0.9425070688030162
1425,2022-06-14,NSE:BIGBLOC,49.5,51.45,48.299999,50.025,23210.0,-0.19950124688279586,-4.614652711703135
1426,2022-06-15,NSE:BIGBLOC,50.025,52.525,47.5250015,52.525,41602.0,4.997501249375313,-0.19950124688279586
1427,2022-06-16,NSE:BIGBLOC,54.875,55.0,49.9000015,52.55,98834.0,0.047596382674914,4.997501249375313
1428,2022-06-17,NSE:BIGBLOC,52.0,52.0,49.924999,50.475,55560.0,-3.9486203615604105,0.047596382674914
1429,2022-06-20,NSE:BIGBLOC,50.475,52.0,47.9749985,48.0,47922.0,-4.903417533432395,-3.9486203615604105
1430,2022-06-21,NSE:BIGBLOC,47.950001,50.4,46.25,48.924999,62584.0,1.9270812499999994,-4.903417533432395
1431,2022-06-22,NSE:BIGBLOC,48.924999,48.924999,46.549999,48.0999985,25344.0,-1.6862555275678217,1.9270812499999994
1432,2022-06-23,NSE:BIGBLOC,48.25,49.0999985,45.700001,47.450001,25138.0,-1.3513461959879225,-1.6862555275678217
1433,2022-06-24,NSE:BIGBLOC,48.2249985,48.2249985,45.5,47.825001,22924.0,0.7903055681705887,-1.3513461959879225
1434,2022-06-27,NSE:BIGBLOC,48.625,50.2,47.799999,50.2,42286.0,4.966019760250507,0.7903055681705887
1435,2022-06-28,NSE:BIGBLOC,52.5,52.7,51.025,52.7,74422.0,4.9800796812749,4.966019760250507
1436,2022-06-29,NSE:BIGBLOC,54.65,55.325,52.0,55.325,78602.0,4.981024667931688,4.9800796812749
1437,2022-06-30,NSE:BIGBLOC,55.325,57.725,54.35,55.275,82234.0,-0.090375056484418,4.981024667931688
1438,2022-07-01,NSE:BIGBLOC,53.5,56.75,52.85,54.025,22702.0,-2.261420171867933,-0.090375056484418
1439,2022-07-04,NSE:BIGBLOC,54.85,54.85,51.5,51.95,31200.0,-3.8408144377602884,-2.261420171867933
1440,2022-07-05,NSE:BIGBLOC,51.975,53.975,50.125,51.575,26120.0,-0.7218479307025986,-3.8408144377602884
1441,2022-07-06,NSE:BIGBLOC,50.125,52.35,50.125,50.55,25244.0,-1.9873969946679702,-0.7218479307025986
1442,2022-07-07,NSE:BIGBLOC,50.5,51.875,50.25,50.475,40882.0,-0.14836795252224677,-1.9873969946679702
1443,2022-07-08,NSE:BIGBLOC,50.5,51.5,49.549999,50.275,25790.0,-0.3962357602773707,-0.14836795252224677
1444,2022-07-11,NSE:BIGBLOC,50.9,52.775,49.25,52.775,34222.0,4.972650422675286,-0.3962357602773707
1445,2022-07-12,NSE:BIGBLOC,54.5,54.5,50.925,51.925,32802.0,-1.6106110847939392,4.972650422675286
1446,2022-07-13,NSE:BIGBLOC,50.925,52.85,50.925,52.575,39222.0,1.2518054886856151,-1.6106110847939392
1447,2022-07-14,NSE:BIGBLOC,52.5,55.0,50.275,54.525,58234.0,3.70898716119828,1.2518054886856151
1448,2022-07-15,NSE:BIGBLOC,54.95,56.0,52.8,54.425,21464.0,-0.18340210912425756,3.70898716119828
1449,2022-07-18,NSE:BIGBLOC,53.0,56.0,52.575,53.225,29258.0,-2.204869085898017,-0.18340210912425756
1450,2022-07-19,NSE:BIGBLOC,53.45,55.75,51.5,52.65,43602.0,-1.0803193987787747,-2.204869085898017
1451,2022-07-20,NSE:BIGBLOC,51.675,53.425,51.675,52.875,18088.0,0.4273504273504301,-1.0803193987787747
1452,2022-07-21,NSE:BIGBLOC,53.475,54.95,53.0,53.6,27048.0,1.3711583924349908,0.4273504273504301
1453,2022-07-22,NSE:BIGBLOC,52.8,54.45,52.5,52.625,25148.0,-1.8190298507462712,1.3711583924349908
1454,2022-07-25,NSE:BIGBLOC,53.3,53.5,51.5,52.325,19414.0,-0.570071258907358,-1.8190298507462712
1455,2022-07-26,NSE:BIGBLOC,50.525,52.975,50.0,51.55,88032.0,-1.4811275680841005,-0.570071258907358
1456,2022-07-27,NSE:BIGBLOC,50.15,54.125,50.15,54.125,75476.0,4.995150339476242,-1.4811275680841005
1457,2022-07-28,NSE:BIGBLOC,56.825,56.825,56.825,56.825,71292.0,4.988452655889151,4.995150339476242
1458,2022-07-29,NSE:BIGBLOC,59.65,59.65,59.65,59.65,61858.0,4.971403431588202,4.988452655889151
1459,2022-08-01,NSE:BIGBLOC,62.625,62.625,57.55,62.625,367320.0,4.9874266554903635,4.971403431588202
1460,2022-08-02,NSE:BIGBLOC,65.75,65.75,59.5,59.5,276552.0,-4.990019960079841,4.9874266554903635
1461,2022-08-03,NSE:BIGBLOC,58.5,60.95,57.275,60.15,75914.0,1.0924369747899136,-4.990019960079841
1462,2022-08-04,NSE:BIGBLOC,59.075,62.45,59.075,60.675,107380.0,0.8728179551122172,1.0924369747899136
1463,2022-08-05,NSE:BIGBLOC,59.525,61.7,58.25,58.6,85174.0,-3.419859909353104,0.8728179551122172
1464,2022-08-08,NSE:BIGBLOC,60.225,60.225,56.0,56.25,154434.0,-4.010238907849831,-3.419859909353104
1465,2022-08-10,NSE:BIGBLOC,55.85,57.4,53.525,54.125,113322.0,-3.7777777777777777,-4.010238907849831
1466,2022-08-11,NSE:BIGBLOC,55.0,56.825,54.625,56.825,83128.0,4.988452655889151,-3.7777777777777777
1467,2022-08-12,NSE:BIGBLOC,58.1,58.675,56.025,58.3,117280.0,2.5956885173779045,4.988452655889151
1468,2022-08-16,NSE:BIGBLOC,58.95,60.8,57.5,59.475,129878.0,2.015437392795891,2.5956885173779045
1469,2022-08-17,NSE:BIGBLOC,58.125,61.0,58.125,60.2,118784.0,1.2189995796553197,2.015437392795891
1470,2022-08-18,NSE:BIGBLOC,61.0,61.45,57.5,58.75,102624.0,-2.4086378737541576,1.2189995796553197
1471,2022-08-19,NSE:BIGBLOC,59.0,59.4,57.125,58.45,64864.0,-0.5106382978723356,-2.4086378737541576
1472,2022-08-22,NSE:BIGBLOC,57.05,58.625,57.05,57.6,30770.0,-1.4542343883661273,-0.5106382978723356
1473,2022-08-23,NSE:BIGBLOC,57.525,59.15,56.6,58.3,33104.0,1.2152777777777704,-1.4542343883661273
1474,2022-08-24,NSE:BIGBLOC,57.1,58.5,55.425,56.025,99508.0,-3.90222984562607,1.2152777777777704
1475,2022-08-25,NSE:BIGBLOC,57.0,58.825,55.5,57.6,90170.0,2.811244979919684,-3.90222984562607
1476,2022-08-26,NSE:BIGBLOC,58.275,59.425,57.025,57.5,52682.0,-0.17361111111111358,2.811244979919684
1477,2022-08-29,NSE:BIGBLOC,55.5,56.5,55.125,55.575,73902.0,-3.3478260869565166,-0.17361111111111358
1478,2022-08-30,NSE:BIGBLOC,55.975,57.7,55.775,56.1,53250.0,0.9446693657219948,-3.3478260869565166
1479,2022-09-01,NSE:BIGBLOC,56.1,56.775,55.65,56.15,35100.0,0.08912655971478994,0.9446693657219948
1480,2022-09-02,NSE:BIGBLOC,56.475,57.525,56.25,56.675,45980.0,0.9349955476402468,0.08912655971478994
1481,2022-09-05,NSE:BIGBLOC,56.975,59.5,56.975,59.5,151658.0,4.984561093956776,0.9349955476402468
1482,2022-09-06,NSE:BIGBLOC,60.975,62.475,59.2,60.6,381350.0,1.8487394957983219,4.984561093956776
1483,2022-09-07,NSE:BIGBLOC,60.6,61.1,58.5,59.15,66804.0,-2.3927392739273974,1.8487394957983219
1484,2022-09-08,NSE:BIGBLOC,59.15,59.975,57.775,58.0,68410.0,-1.9442096365173265,-2.3927392739273974
1485,2022-09-09,NSE:BIGBLOC,58.475,58.75,57.55,57.875,50954.0,-0.21551724137931033,-1.9442096365173265
1486,2022-09-12,NSE:BIGBLOC,60.75,60.75,60.25,60.75,99620.0,4.967602591792657,-0.21551724137931033
1487,2022-09-13,NSE:BIGBLOC,63.775,63.775,63.775,63.775,117488.0,4.979423868312755,4.967602591792657
1488,2022-09-14,NSE:BIGBLOC,66.949995,66.949995,63.775,66.949995,620760.0,4.978431987455903,4.979423868312755
1489,2022-09-15,NSE:BIGBLOC,68.4,68.4,63.625,63.875,434064.0,-4.592972710453528,4.978431987455903
1490,2022-09-16,NSE:BIGBLOC,63.75,67.050005,62.575,65.800005,386748.0,3.013706457925634,-4.592972710453528
1491,2022-09-19,NSE:BIGBLOC,67.699995,69.074995,67.0,69.074995,152574.0,4.977188071642248,3.013706457925634
1492,2022-09-20,NSE:BIGBLOC,70.9,72.525,69.275,72.525,203866.0,4.994578718391517,4.977188071642248
1493,2022-09-21,NSE:BIGBLOC,73.225,76.15,68.9,68.9,717814.0,-4.998276456394347,4.994578718391517
1494,2022-09-22,NSE:BIGBLOC,66.125,68.875,65.375,66.199995,314976.0,-3.9187300435413706,-4.998276456394347
1495,2022-09-23,NSE:BIGBLOC,66.5,69.5,66.199995,69.5,302182.0,4.984902189192007,-3.9187300435413706
1496,2022-09-26,NSE:BIGBLOC,68.0,68.475,66.025,66.025,75082.0,-4.999999999999992,4.984902189192007
1497,2022-09-27,NSE:BIGBLOC,66.25,67.324995,63.0,63.55,109784.0,-3.7485800833017926,-4.999999999999992
1498,2022-09-28,NSE:BIGBLOC,63.55,64.425005,61.0,62.725,46922.0,-1.2981904012588448,-3.7485800833017926
1499,2022-09-29,NSE:BIGBLOC,64.9,65.675005,61.8,63.95,54906.0,1.952969310482266,-1.2981904012588448
1500,2022-09-30,NSE:BIGBLOC,64.324995,64.9,61.5,64.0,33336.0,0.0781860828772434,1.952969310482266
1501,2022-10-03,NSE:BIGBLOC,65.5,65.5,62.5,63.375,74308.0,-0.9765625,0.0781860828772434
1502,2022-10-04,NSE:BIGBLOC,65.975,66.525,62.5,66.35,138724.0,4.694280078895455,-0.9765625
1503,2022-10-06,NSE:BIGBLOC,69.025,69.65,67.15,68.65,270064.0,3.466465712132647,4.694280078895455
1504,2022-10-07,NSE:BIGBLOC,69.449995,69.775,67.5,68.25,81018.0,-0.5826656955571824,3.466465712132647
1505,2022-10-10,NSE:BIGBLOC,67.675005,68.725,65.550005,66.175005,90836.0,-3.0402857142857163,-0.5826656955571824
1506,2022-10-11,NSE:BIGBLOC,67.300005,68.0,63.85,64.225,98446.0,-2.9467394826793054,-3.0402857142857163
1507,2022-10-12,NSE:BIGBLOC,65.525,65.800005,63.0,63.325,77332.0,-1.4013234721681458,-2.9467394826793054
1508,2022-10-13,NSE:BIGBLOC,63.325,64.5,61.85,63.6,65062.0,0.4342676667982607,-1.4013234721681458
1509,2022-10-14,NSE:BIGBLOC,65.85,65.85,63.8,64.199995,71626.0,0.9433883647798739,0.4342676667982607
1510,2022-10-17,NSE:BIGBLOC,64.199995,64.975,62.925,63.7,54184.0,-0.7788084718698162,0.9433883647798739
1511,2022-10-18,NSE:BIGBLOC,65.449995,66.875,63.55,66.824995,129774.0,4.905800627943482,-0.7788084718698162
1512,2022-10-19,NSE:BIGBLOC,66.4,68.0,65.5,66.824995,163582.0,0.0,4.905800627943482
1513,2022-10-20,NSE:BIGBLOC,66.85,70.15,65.65,70.15,529102.0,4.975690607982843,0.0
1514,2022-10-21,NSE:BIGBLOC,71.4,73.65,70.5,72.725,512758.0,3.6707056307911454,4.975690607982843
1515,2022-10-24,NSE:BIGBLOC,74.0,76.0,70.5,73.725,193522.0,1.3750429700928155,3.6707056307911454
1516,2022-10-25,NSE:BIGBLOC,74.449995,74.449995,70.050005,70.725,115070.0,-4.069175991861648,1.3750429700928155
1517,2022-10-27,NSE:BIGBLOC,70.5,71.949995,68.75,70.025,68412.0,-0.9897490279250458,-4.069175991861648
1518,2022-10-28,NSE:BIGBLOC,71.9,71.9,68.0,69.550005,53508.0,-0.6783220278472073,-0.9897490279250458
1519,2022-10-31,NSE:BIGBLOC,66.125,72.550005,66.125,72.15,64178.0,3.738310299186905,-0.6783220278472073
1520,2022-11-01,NSE:BIGBLOC,71.5,72.5,70.0,70.199995,37520.0,-2.7027096327096385,3.738310299186905
1521,2022-11-02,NSE:BIGBLOC,72.475,72.475,69.050005,69.75,15438.0,-0.6410185641751132,-2.7027096327096385
1522,2022-11-03,NSE:BIGBLOC,70.85,70.875,68.5,69.949995,30158.0,0.2867311827957007,-0.6410185641751132
1523,2022-11-04,NSE:BIGBLOC,69.949995,72.5,68.75,69.875,35244.0,-0.10721230215956593,0.2867311827957007
1524,2022-11-07,NSE:BIGBLOC,71.35,73.0,71.0,71.75,155694.0,2.6833631484794274,-0.10721230215956593
1525,2022-11-09,NSE:BIGBLOC,72.199995,75.324995,71.775,75.324995,471736.0,4.982571428571431,2.6833631484794274
1526,2022-11-10,NSE:BIGBLOC,77.0,79.074995,75.75,78.175005,810402.0,3.783617907973306,4.982571428571431
1527,2022-11-11,NSE:BIGBLOC,80.275,81.9,79.0,80.300005,381722.0,2.7182601395420445,3.783617907973306
1528,2022-11-14,NSE:BIGBLOC,83.475,83.475,78.0,79.425005,105440.0,-1.0896636930470927,2.7182601395420445
1529,2022-11-15,NSE:BIGBLOC,82.050005,82.050005,76.0,77.725,87440.0,-2.1403901705766395,-1.0896636930470927
1530,2022-11-16,NSE:BIGBLOC,77.725,80.0,76.0,77.725,88382.0,0.0,-2.1403901705766395
1531,2022-11-17,NSE:BIGBLOC,80.0,80.5,78.0,79.225,33794.0,1.9298809906722418,0.0
1532,2022-11-18,NSE:BIGBLOC,80.949995,80.949995,77.0,79.35,35286.0,0.1577784790154623,1.9298809906722418
1533,2022-11-21,NSE:BIGBLOC,79.85,79.85,76.0,77.800005,37286.0,-1.9533648393194651,0.1577784790154623
1534,2022-11-22,NSE:BIGBLOC,77.800005,79.0,76.0,78.125,53128.0,0.41773133562138104,-1.9533648393194651
1535,2022-11-23,NSE:BIGBLOC,78.925005,79.125,76.5,77.375,26730.0,-0.96,0.41773133562138104
1536,2022-11-24,NSE:BIGBLOC,77.5,79.0,76.75,77.550005,29794.0,0.22617770597738127,-0.96
1537,2022-11-25,NSE:BIGBLOC,78.5,78.5,76.0,76.85,36292.0,-0.90264984509028,0.22617770597738127
1538,2022-11-28,NSE:BIGBLOC,76.85,79.975,76.85,77.875,35430.0,1.3337670787247962,-0.90264984509028
1539,2022-11-29,NSE:BIGBLOC,79.550005,79.550005,76.85,77.675005,40842.0,-0.25681540930979296,1.3337670787247962
1540,2022-11-30,NSE:BIGBLOC,77.675005,81.550005,76.5,81.475,318678.0,4.892172198765865,-0.25681540930979296
1541,2022-12-01,NSE:BIGBLOC,81.75,84.324995,79.0,79.775,122790.0,-2.0865296103098974,4.892172198765865
1542,2022-12-02,NSE:BIGBLOC,81.75,81.75,77.550005,78.775,35838.0,-1.2535255405828893,-2.0865296103098974
1543,2022-12-05,NSE:BIGBLOC,79.15,80.65,76.525,78.6,116078.0,-0.2221516978737053,-1.2535255405828893
1544,2022-12-06,NSE:BIGBLOC,80.5,80.5,76.5,78.074995,59794.0,-0.6679452926208563,-0.2221516978737053
1545,2022-12-07,NSE:BIGBLOC,79.5,81.0,75.300005,78.425005,182606.0,0.44829974052511623,-0.6679452926208563
1546,2022-12-08,NSE:BIGBLOC,80.324995,82.300005,77.550005,78.324995,92998.0,-0.12752310312252768,0.44829974052511623
1547,2022-12-09,NSE:BIGBLOC,80.449995,80.449995,75.050005,76.125,111702.0,-2.808803243460151,-0.12752310312252768
1548,2022-12-12,NSE:BIGBLOC,76.0,78.975,73.0,74.625,126794.0,-1.9704433497536946,-2.808803243460151
1549,2022-12-13,NSE:BIGBLOC,73.5,75.300005,71.0,71.1,189580.0,-4.723618090452269,-1.9704433497536946
1550,2022-12-14,NSE:BIGBLOC,71.1,73.85,68.0,72.925005,132252.0,2.5668143459915678,-4.723618090452269
1551,2022-12-15,NSE:BIGBLOC,74.475,74.475,72.0,72.675005,47590.0,-0.3428179401564662,2.5668143459915678
1552,2022-12-16,NSE:BIGBLOC,72.025,73.85,72.0,72.175005,39360.0,-0.6879944487103923,-0.3428179401564662
1553,2022-12-19,NSE:BIGBLOC,73.25,73.25,68.574995,69.074995,122192.0,-4.295129595072418,-0.6879944487103923
1554,2022-12-20,NSE:BIGBLOC,68.225,72.25,67.0,69.050005,168740.0,-0.0361780699368889,-4.295129595072418
1555,2022-12-21,NSE:BIGBLOC,69.975,69.975,66.0,67.1,92032.0,-2.8240475869625272,-0.0361780699368889
1556,2022-12-22,NSE:BIGBLOC,67.1,67.35,63.75,64.25,176738.0,-4.247391952309977,-2.8240475869625272
1557,2022-12-23,NSE:BIGBLOC,63.75,63.75,61.05,61.05,56994.0,-4.980544747081717,-4.247391952309977
1558,2022-12-26,NSE:BIGBLOC,60.0,64.1,58.25,63.95,125762.0,4.75020475020476,-4.980544747081717
1559,2022-12-27,NSE:BIGBLOC,66.15,67.125,64.375,67.074995,80000.0,4.8866223612197,4.75020475020476
1560,2022-12-28,NSE:BIGBLOC,67.5,69.9,65.824995,69.625,90112.0,3.8017222364310257,4.8866223612197
1561,2022-12-29,NSE:BIGBLOC,69.625,71.85,67.525,71.050005,69528.0,2.0466858168761206,3.8017222364310257
1562,2022-12-30,NSE:BIGBLOC,72.5,74.0,70.675005,72.0,60162.0,1.3370794273695004,2.0466858168761206
1563,2023-01-02,NSE:BIGBLOC,73.25,73.925005,71.25,72.6,54434.0,0.8333333333333255,1.3370794273695004
1564,2023-01-03,NSE:BIGBLOC,74.199995,74.199995,69.300005,70.0,110416.0,-3.5812672176308467,0.8333333333333255
1565,2023-01-04,NSE:BIGBLOC,70.0,70.85,67.074995,68.1,70720.0,-2.7142857142857224,-3.5812672176308467
1566,2023-01-05,NSE:BIGBLOC,67.5,70.300005,67.5,68.65,49294.0,0.8076358296622781,-2.7142857142857224
1567,2023-01-06,NSE:BIGBLOC,70.449995,70.449995,68.4,68.65,39544.0,0.0,0.8076358296622781
1568,2023-01-09,NSE:BIGBLOC,70.025,70.5,67.175005,67.75,46320.0,-1.3109978150036499,0.0
1569,2023-01-10,NSE:BIGBLOC,67.75,68.0,65.875,66.25,31026.0,-2.214022140221402,-1.3109978150036499
1570,2023-01-11,NSE:BIGBLOC,66.5,68.5,66.300005,68.125,31698.0,2.8301886792452833,-2.214022140221402
1571,2023-01-12,NSE:BIGBLOC,68.875,69.85,68.050005,69.4,29534.0,1.8715596330275313,2.8301886792452833
1572,2023-01-13,NSE:BIGBLOC,70.0,70.5,67.65,69.050005,32906.0,-0.5043155619596641,1.8715596330275313
1573,2023-01-16,NSE:BIGBLOC,68.975,69.425005,67.050005,67.35,59142.0,-2.4619911323684978,-0.5043155619596641
1574,2023-01-17,NSE:BIGBLOC,67.975,68.5,65.975,66.4,34456.0,-1.4105419450630863,-2.4619911323684978
1575,2023-01-18,NSE:BIGBLOC,66.475,68.324995,65.65,66.425005,40946.0,0.03765813253011002,-1.4105419450630863
1576,2023-01-19,NSE:BIGBLOC,66.5,67.35,65.324995,65.699995,41432.0,-1.0914715023356,0.03765813253011002
1577,2023-01-20,NSE:BIGBLOC,65.699995,67.5,65.699995,67.1,35752.0,2.130905793828436,-1.0914715023356
1578,2023-01-23,NSE:BIGBLOC,67.5,70.449995,67.4,70.449995,91892.0,4.992540983606568,2.130905793828436
1579,2023-01-24,NSE:BIGBLOC,72.5,72.5,68.275,70.725,190456.0,0.39035488930835704,4.992540983606568
1580,2023-01-25,NSE:BIGBLOC,71.25,72.475,69.5,70.5,81524.0,-0.3181336161187619,0.39035488930835704
1581,2023-01-27,NSE:BIGBLOC,70.25,70.25,66.975,66.975,78882.0,-5.000000000000008,-0.3181336161187619
1582,2023-01-30,NSE:BIGBLOC,66.75,68.324995,65.85,67.824995,73646.0,1.2691228070175542,-5.000000000000008
1583,2023-01-31,NSE:BIGBLOC,68.625,68.800005,66.65,67.4,36508.0,-0.6266052802510277,1.2691228070175542
1584,2023-02-01,NSE:BIGBLOC,67.1,69.949995,65.050005,67.550005,107558.0,0.22255934718099857,-0.6266052802510277
1585,2023-02-02,NSE:BIGBLOC,68.574995,69.9,66.074995,66.725,79416.0,-1.2213248540840291,0.22255934718099857
1586,2023-02-03,NSE:BIGBLOC,68.425005,70.050005,66.525,69.199995,165248.0,3.7092469089546753,-1.2213248540840291
1587,2023-02-06,NSE:BIGBLOC,70.4,72.425005,69.5,71.5,111702.0,3.3237068875510736,3.7092469089546753
1588,2023-02-07,NSE:BIGBLOC,73.0,73.0,69.275,70.074995,82898.0,-1.9930139860139844,3.3237068875510736
1589,2023-02-08,NSE:BIGBLOC,71.0,71.0,67.800005,68.050005,46790.0,-2.889746906153903,-1.9930139860139844
1590,2023-02-09,NSE:BIGBLOC,69.4,69.4,67.1,67.725,44076.0,-0.47759731979447234,-2.889746906153903
1591,2023-02-10,NSE:BIGBLOC,68.0,70.824995,67.425005,67.800005,53866.0,0.11074935400517451,-0.47759731979447234
1592,2023-02-13,NSE:BIGBLOC,69.199995,69.5,66.300005,66.725,40564.0,-1.5855529804164534,0.11074935400517451
1593,2023-02-14,NSE:BIGBLOC,66.25,67.324995,65.9,66.275,42410.0,-0.674409891345056,-1.5855529804164534
1594,2023-02-15,NSE:BIGBLOC,67.6,69.5,66.15,68.85,167250.0,3.8853262919652782,-0.674409891345056
1595,2023-02-16,NSE:BIGBLOC,69.949995,70.625,68.824995,69.625,139612.0,1.125635439360938,3.8853262919652782
1596,2023-02-17,NSE:BIGBLOC,69.725,71.75,69.300005,70.4,160614.0,1.1131059245960584,1.125635439360938
1597,2023-02-20,NSE:BIGBLOC,71.375,71.949995,68.875,71.050005,201538.0,0.923302556818172,1.1131059245960584
1598,2023-02-21,NSE:BIGBLOC,71.0,76.5,71.0,74.074995,474822.0,4.257550720791649,0.923302556818172
1599,2023-02-22,NSE:BIGBLOC,75.175005,76.25,70.074995,71.125,309738.0,-3.9824437382682256,4.257550720791649
1600,2023-02-23,NSE:BIGBLOC,71.475,73.9,68.275,72.800005,248812.0,2.355015817223197,-3.9824437382682256
1601,2023-02-24,NSE:BIGBLOC,73.9,74.925005,71.9,74.525,245726.0,2.3694984636333567,2.355015817223197
1602,2023-02-27,NSE:BIGBLOC,73.550005,77.725,72.5,73.475,301642.0,-1.4089231801409074,2.3694984636333567
1603,2023-02-28,NSE:BIGBLOC,74.199995,74.475,70.0,70.175005,222100.0,-4.49131677441306,-1.4089231801409074
1604,2023-03-01,NSE:BIGBLOC,70.949995,70.949995,67.85,68.699995,245662.0,-2.1019022371284444,-4.49131677441306
1605,2023-03-02,NSE:BIGBLOC,67.824995,72.15,67.824995,70.975,392756.0,3.3115067912304696,-2.1019022371284444
1606,2023-03-03,NSE:BIGBLOC,71.675005,74.425005,70.525,73.625,299900.0,3.733709052483277,3.3115067912304696
1607,2023-03-06,NSE:BIGBLOC,74.25,74.25,71.5,71.85,234074.0,-2.4108658743633353,3.733709052483277
1608,2023-03-08,NSE:BIGBLOC,71.050005,72.675005,70.75,72.475,188908.0,0.8698677800974253,-2.4108658743633353
1609,2023-03-09,NSE:BIGBLOC,73.199995,73.574995,70.574995,71.449995,200942.0,-1.4142876854087523,0.8698677800974253
1610,2023-03-10,NSE:BIGBLOC,70.875,72.9,68.6,71.050005,231426.0,-0.5598180937591424,-1.4142876854087523
1611,2023-03-13,NSE:BIGBLOC,71.050005,71.725,69.5,69.699995,145200.0,-1.9000843138575394,-0.5598180937591424
1612,2023-03-14,NSE:BIGBLOC,70.050005,70.1,65.525,66.975,286784.0,-3.909605732396404,-1.9000843138575394
1613,2023-03-15,NSE:BIGBLOC,67.824995,69.074995,65.175005,66.300005,163762.0,-1.0078312803284744,-3.909605732396404
1614,2023-03-16,NSE:BIGBLOC,67.300005,67.300005,64.4,65.275,161356.0,-1.546010441477332,-1.0078312803284744
1615,2023-03-17,NSE:BIGBLOC,66.0,68.0,65.125,66.574995,98488.0,1.991566449636148,-1.546010441477332
1616,2023-03-20,NSE:BIGBLOC,65.0,67.5,65.0,66.375,176496.0,-0.3004055802031998,1.991566449636148
1617,2023-03-21,NSE:BIGBLOC,67.375,68.15,65.525,67.550005,171736.0,1.7702523540489623,-0.3004055802031998
1618,2023-03-22,NSE:BIGBLOC,68.199995,68.85,66.1,66.775,100016.0,-1.1473056145591596,1.7702523540489623
1619,2023-03-23,NSE:BIGBLOC,66.75,67.175005,65.475,66.375,203280.0,-0.599026581804576,-1.1473056145591596
1620,2023-03-24,NSE:BIGBLOC,66.375,66.85,64.550005,64.925005,181098.0,-2.1845499058380433,-0.599026581804576
1621,2023-03-27,NSE:BIGBLOC,65.475,66.0,61.0,62.125,277338.0,-4.312675832678024,-2.1845499058380433
1622,2023-03-28,NSE:BIGBLOC,63.05,63.85,58.525,59.075,329284.0,-4.909456740442651,-4.312675832678024
1623,2023-03-29,NSE:BIGBLOC,58.5,61.675,58.5,60.775,99718.0,2.877697841726611,-4.909456740442651
1624,2023-03-31,NSE:BIGBLOC,63.975,65.949995,61.625,63.85,184440.0,5.059646236116829,2.877697841726611
1625,2023-04-03,NSE:BIGBLOC,64.5,65.699995,61.1,61.975,161790.0,-2.936570086139389,5.059646236116829
1626,2023-04-05,NSE:BIGBLOC,62.9,64.300005,61.425,62.85,177206.0,1.4118596208148446,-2.936570086139389
1627,2023-04-06,NSE:BIGBLOC,63.8,64.050005,62.3,63.475,126386.0,0.994431185361973,1.4118596208148446
1628,2023-04-10,NSE:BIGBLOC,64.425005,64.574995,61.2,62.7,78532.0,-1.2209531311539954,0.994431185361973
1629,2023-04-11,NSE:BIGBLOC,63.625,64.175005,62.3,62.7,82450.0,0.0,-1.2209531311539954
1630,2023-04-12,NSE:BIGBLOC,63.65,64.449995,62.05,63.15,196896.0,0.7177033492822898,0.0
1631,2023-04-13,NSE:BIGBLOC,63.1,67.574995,63.1,66.125,236258.0,4.711005542359463,0.7177033492822898
1632,2023-04-17,NSE:BIGBLOC,66.775,67.5,65.300005,67.175005,106264.0,1.5879092627599223,4.711005542359463
1633,2023-04-18,NSE:BIGBLOC,67.5,68.0,64.425005,65.15,126750.0,-3.0145215471141285,1.5879092627599223
1634,2023-04-19,NSE:BIGBLOC,65.15,66.300005,65.0,65.675005,61640.0,0.8058403683806493,-3.0145215471141285
1635,2023-04-20,NSE:BIGBLOC,66.65,66.65,64.574995,65.225,76334.0,-0.6851997955691126,0.8058403683806493
1636,2023-04-21,NSE:BIGBLOC,65.875,65.875,64.15,64.775,44552.0,-0.6899195093905537,-0.6851997955691126
1637,2023-04-24,NSE:BIGBLOC,65.75,65.75,64.0,65.0,26954.0,0.3473562331146188,-0.6899195093905537
1638,2023-04-25,NSE:BIGBLOC,64.775,66.025,64.5,65.5,57534.0,0.7692307692307693,0.3473562331146188
1639,2023-04-26,NSE:BIGBLOC,65.550005,67.0,65.175005,65.9,69354.0,0.610687022900772,0.7692307692307693
1640,2023-04-27,NSE:BIGBLOC,66.85,66.85,65.0,65.550005,33704.0,-0.5311001517450789,0.610687022900772
1641,2023-04-28,NSE:BIGBLOC,66.5,66.699995,65.4,66.199995,35816.0,0.9915941272620842,-0.5311001517450789
1642,2023-05-02,NSE:BIGBLOC,66.199995,66.75,65.5,65.699995,32910.0,-0.755287066109295,0.9915941272620842
1643,2023-05-03,NSE:BIGBLOC,65.975,65.975,63.775,64.800005,55154.0,-1.369847897248702,-0.755287066109295
1644,2023-05-04,NSE:BIGBLOC,64.975,65.824995,64.5,65.300005,31972.0,0.7716048787341915,-1.369847897248702
1645,2023-05-05,NSE:BIGBLOC,65.300005,65.725,63.8,64.025,40854.0,-1.952534306850349,0.7716048787341915
1646,2023-05-08,NSE:BIGBLOC,64.85,67.199995,64.699995,66.15,95004.0,3.319016009371339,-1.952534306850349
1647,2023-05-09,NSE:BIGBLOC,66.725,68.0,65.25,65.550005,132066.0,-0.9070219198790731,3.319016009371339
1648,2023-05-10,NSE:BIGBLOC,66.824995,78.65,66.425005,78.300005,2251276.0,19.450799431670525,-0.9070219198790731
1649,2023-05-11,NSE:BIGBLOC,78.025,78.025,73.775,75.0,438372.0,-4.214565503539877,19.450799431670525
1650,2023-05-12,NSE:BIGBLOC,73.9,78.25,73.15,75.75,398960.0,1.0,-4.214565503539877
1651,2023-05-15,NSE:BIGBLOC,76.4,77.225,73.550005,73.949995,145142.0,-2.3762442244224404,1.0
1652,2023-05-16,NSE:BIGBLOC,74.0,76.425005,73.949995,74.975,113328.0,1.3860785250898167,-2.3762442244224404
1653,2023-05-17,NSE:BIGBLOC,75.324995,83.4,73.65,79.875,1023426.0,6.535511837279101,1.3860785250898167
1654,2023-05-18,NSE:BIGBLOC,89.0,89.35,84.5,86.175005,1295638.0,7.887330203442879,6.535511837279101
1655,2023-05-19,NSE:BIGBLOC,87.0,88.5,81.65,85.525,524566.0,-0.754284841642879,7.887330203442879
1656,2023-05-22,NSE:BIGBLOC,86.449995,86.475,83.75,86.199995,209722.0,0.7892370651856131,-0.754284841642879
1657,2023-05-23,NSE:BIGBLOC,86.725,87.199995,82.25,83.375,206644.0,-3.277256570606531,0.7892370651856131
1658,2023-05-24,NSE:BIGBLOC,84.0,86.25,75.225,77.65,447142.0,-6.866566716641673,-3.277256570606531
1659,2023-05-25,NSE:BIGBLOC,75.025,79.699995,74.050005,78.125,255486.0,0.6117192530585889,-6.866566716641673
1660,2023-05-26,NSE:BIGBLOC,78.125,83.975,78.0,81.199995,308230.0,3.935993600000002,0.6117192530585889
1661,2023-05-29,NSE:BIGBLOC,82.35,82.625,79.0,79.550005,144328.0,-2.0320075142861804,3.935993600000002
1662,2023-05-30,NSE:BIGBLOC,79.75,81.199995,76.5,77.300005,203154.0,-2.828409627378402,-2.0320075142861804
1663,2023-05-31,NSE:BIGBLOC,76.800005,81.425005,76.65,79.675005,215724.0,3.0724448206698045,-2.828409627378402
1664,2023-06-01,NSE:BIGBLOC,80.449995,81.275,78.925005,79.75,81358.0,0.09412613152644453,3.0724448206698045
1665,2023-06-02,NSE:BIGBLOC,82.5,85.75,80.5,83.800005,315888.0,5.078376175548588,0.09412613152644453
1666,2023-06-05,NSE:BIGBLOC,84.9,87.449995,84.525,85.1,249176.0,1.5513065900175012,5.078376175548588
1667,2023-06-06,NSE:BIGBLOC,85.949995,85.949995,82.4,83.574995,105540.0,-1.7920152761457027,1.5513065900175012
1668,2023-06-07,NSE:BIGBLOC,84.9,84.9,82.574995,82.85,83444.0,-0.8674783647908169,-1.7920152761457027
1669,2023-06-08,NSE:BIGBLOC,84.074995,84.074995,81.5,82.5,97468.0,-0.4224502112250988,-0.8674783647908169
1670,2023-06-09,NSE:BIGBLOC,82.5,89.324995,82.5,84.300005,585702.0,2.181824242424241,-0.4224502112250988
1671,2023-06-12,NSE:BIGBLOC,84.85,86.5,83.0,84.25,138948.0,-0.05931790870000392,2.181824242424241
1672,2023-06-13,NSE:BIGBLOC,84.725,85.875,80.75,81.800005,314360.0,-2.9080059347181026,-0.05931790870000392
1673,2023-06-14,NSE:BIGBLOC,82.35,83.949995,81.300005,81.824995,103936.0,0.03055012038202505,-2.9080059347181026
1674,2023-06-15,NSE:BIGBLOC,82.65,84.15,81.025,81.699995,94338.0,-0.15276505669202914,0.03055012038202505
1675,2023-06-16,NSE:BIGBLOC,82.5,83.449995,80.175005,80.9,234458.0,-0.9791861064373328,-0.15276505669202914
1676,2023-06-19,NSE:BIGBLOC,80.975,82.225,80.5,80.675005,82986.0,-0.27811495673672054,-0.9791861064373328
1677,2023-06-20,NSE:BIGBLOC,80.5,81.475,79.85,80.4,75334.0,-0.3408800532457272,-0.27811495673672054
1678,2023-06-21,NSE:BIGBLOC,80.4,84.949995,77.6,79.15,320588.0,-1.5547263681592038,-0.3408800532457272
1679,2023-06-22,NSE:BIGBLOC,79.824995,81.4,78.5,79.625,145778.0,0.6001263423878639,-1.5547263681592038
1680,2023-06-23,NSE:BIGBLOC,80.0,80.6,77.25,77.6,165364.0,-2.5431711145996934,0.6001263423878639
1681,2023-06-26,NSE:BIGBLOC,78.550005,82.550005,77.85,81.699995,505632.0,5.283498711340216,-2.5431711145996934
1682,2023-06-27,NSE:BIGBLOC,82.300005,84.0,81.699995,82.925005,241204.0,1.499400336560605,5.283498711340216
1683,2023-06-28,NSE:BIGBLOC,84.175005,84.175005,81.75,82.324995,131506.0,-0.7235573877867085,1.499400336560605
1684,2023-06-30,NSE:BIGBLOC,83.75,83.75,81.1,81.9,107658.0,-0.5162405415269027,-0.7235573877867085
1685,2023-07-03,NSE:BIGBLOC,82.025,83.225,80.800005,81.65,217008.0,-0.3052503052503053,-0.5162405415269027
1686,2023-07-04,NSE:BIGBLOC,82.475,84.0,80.0,81.1,3605510.0,-0.6736068585425736,-0.3052503052503053
1687,2023-07-05,NSE:BIGBLOC,81.449995,82.949995,78.75,79.5,4950178.0,-1.9728729963008562,-0.6736068585425736
1688,2023-07-06,NSE:BIGBLOC,80.25,81.5,77.775,78.074995,382408.0,-1.7924591194968538,-1.9728729963008562
1689,2023-07-07,NSE:BIGBLOC,78.75,79.0,76.949995,77.300005,206594.0,-0.9926225419546969,-1.7924591194968538
1690,2023-07-10,NSE:BIGBLOC,77.050005,78.199995,74.425005,75.4,684980.0,-2.4579623248407203,-0.9926225419546969
1691,2023-07-11,NSE:BIGBLOC,75.5,78.050005,75.5,76.6,208898.0,1.5915119363395074,-2.4579623248407203
1692,2023-07-12,NSE:BIGBLOC,77.375,78.550005,76.824995,77.699995,241244.0,1.436024804177555,1.5915119363395074
1693,2023-07-13,NSE:BIGBLOC,78.775,78.9,75.699995,76.0,198122.0,-2.187895893686996,1.436024804177555
1694,2023-07-14,NSE:BIGBLOC,76.6,79.5,75.675005,78.574995,307492.0,3.3881513157894756,-2.187895893686996
1695,2023-07-17,NSE:BIGBLOC,79.85,79.85,78.0,78.525,118404.0,-0.06362711190754206,3.3881513157894756
1696,2023-07-18,NSE:BIGBLOC,78.824995,79.1,76.225,77.25,91672.0,-1.6236867239732642,-0.06362711190754206
1697,2023-07-19,NSE:BIGBLOC,76.775,77.949995,75.75,76.125,503000.0,-1.4563106796116505,-1.6236867239732642
1698,2023-07-20,NSE:BIGBLOC,76.925005,76.975,75.0,75.550005,171142.0,-0.7553300492610854,-1.4563106796116505
1699,2023-07-21,NSE:BIGBLOC,76.125,76.300005,74.925005,75.449995,130368.0,-0.13237590123256443,-0.7553300492610854
1700,2023-07-24,NSE:BIGBLOC,76.275,77.225,75.5,75.75,721870.0,0.39762096737050645,-0.13237590123256443
1701,2023-07-25,NSE:BIGBLOC,76.65,76.75,74.199995,75.1,649436.0,-0.8580858085808656,0.39762096737050645
1702,2023-07-26,NSE:BIGBLOC,75.699995,75.699995,72.475,73.0,261606.0,-2.7962716378162376,-0.8580858085808656
1703,2023-07-27,NSE:BIGBLOC,73.050005,75.949995,73.050005,74.775,678880.0,2.431506849315076,-2.7962716378162376
1704,2023-07-28,NSE:BIGBLOC,75.925005,78.324995,75.225,77.449995,541412.0,3.5773921765295826,2.431506849315076
1705,2023-07-31,NSE:BIGBLOC,78.5,78.975,77.300005,78.074995,122766.0,0.8069722922512778,3.5773921765295826
1706,2023-08-01,NSE:BIGBLOC,78.475,78.6,76.65,77.225,132650.0,-1.08869043155239,0.8069722922512778
1707,2023-08-02,NSE:BIGBLOC,78.0,78.1,75.6,77.050005,164020.0,-0.22660407898995866,-1.08869043155239
1708,2023-08-03,NSE:BIGBLOC,73.65,74.949995,72.0,73.25,637874.0,-4.931868596244736,-0.22660407898995866
1709,2023-08-04,NSE:BIGBLOC,73.449995,75.449995,73.0,73.275,161912.0,0.034129692832772264,-4.931868596244736
1710,2023-08-07,NSE:BIGBLOC,73.949995,74.550005,73.025,73.275,107264.0,0.0,0.034129692832772264
1711,2023-08-08,NSE:BIGBLOC,73.75,74.1,72.300005,72.525,89218.0,-1.0235414534288638,0.0
1712,2023-08-09,NSE:BIGBLOC,72.975,73.35,71.525,72.725,81490.0,0.27576697690449997,-1.0235414534288638
1713,2023-08-10,NSE:BIGBLOC,73.275,75.574995,71.275,74.225,122252.0,2.0625644551392233,0.27576697690449997
1714,2023-08-11,NSE:BIGBLOC,75.25,75.725,72.949995,73.475,40794.0,-1.010441226002021,2.0625644551392233
1715,2023-08-14,NSE:BIGBLOC,72.5,73.699995,70.0,71.949995,124426.0,-2.0755427015991743,-1.010441226002021
1716,2023-08-16,NSE:BIGBLOC,70.550005,72.199995,69.125,69.75,137378.0,-3.057672206926493,-2.0755427015991743
1717,2023-08-17,NSE:BIGBLOC,70.0,72.0,70.0,70.300005,96462.0,0.7885376344086004,-3.057672206926493
1718,2023-08-18,NSE:BIGBLOC,72.300005,74.800005,69.525,70.4,126980.0,0.1422403881763692,0.7885376344086004
1719,2023-08-21,NSE:BIGBLOC,70.925005,72.0,69.85,71.4,96110.0,1.4204545454545454,0.1422403881763692
1720,2023-08-22,NSE:BIGBLOC,72.550005,75.5,70.949995,74.875,260642.0,4.866946778711476,1.4204545454545454
1721,2023-08-23,NSE:BIGBLOC,76.0,76.85,74.1,74.300005,111016.0,-0.7679398998330568,4.866946778711476
1722,2023-08-24,NSE:BIGBLOC,74.949995,75.1,72.0,72.675005,99736.0,-2.187079260627237,-0.7679398998330568
1723,2023-08-25,NSE:BIGBLOC,72.5,73.35,71.574995,71.875,115822.0,-1.100797997881113,-2.187079260627237
1724,2023-08-28,NSE:BIGBLOC,74.5,74.5,71.0,71.525,68872.0,-0.4869565217391225,-1.100797997881113
1725,2023-08-29,NSE:BIGBLOC,71.875,85.824995,71.525,83.35,2707810.0,16.532680880810886,-0.4869565217391225
1726,2023-08-30,NSE:BIGBLOC,83.25,89.0,80.625,86.85,1652822.0,4.199160167966407,16.532680880810886
1727,2023-08-31,NSE:BIGBLOC,87.725,89.35,86.175005,87.175005,531048.0,0.3742141623488825,4.199160167966407
1728,2023-09-01,NSE:BIGBLOC,87.175005,88.800005,85.0,85.5,269142.0,-1.9214280515383955,0.3742141623488825
1729,2023-09-04,NSE:BIGBLOC,86.300005,87.25,84.5,84.975,278440.0,-0.6140350877193049,-1.9214280515383955
1730,2023-09-05,NSE:BIGBLOC,85.5,86.375,82.975,83.824995,197934.0,-1.3533451015004334,-0.6140350877193049
1731,2023-09-06,NSE:BIGBLOC,83.824995,85.475,82.475,83.175005,160794.0,-0.7754131091806239,-1.3533451015004334
1732,2023-09-07,NSE:BIGBLOC,83.1,84.324995,82.5,83.375,94076.0,0.24045084217307983,-0.7754131091806239
1733,2023-09-08,NSE:BIGBLOC,83.375,85.1,82.625,82.975,92820.0,-0.4797601199400368,0.24045084217307983
1734,2023-09-11,NSE:BIGBLOC,83.9,84.949995,81.699995,82.275,239540.0,-0.8436275986742857,-0.4797601199400368
1735,2023-09-12,NSE:BIGBLOC,83.225,83.25,75.1,78.475,198980.0,-4.618656943178379,-0.8436275986742857
1736,2023-09-13,NSE:BIGBLOC,78.949995,80.4,76.1,77.4,260172.0,-1.3698630136986156,-4.618656943178379
1737,2023-09-14,NSE:BIGBLOC,77.5,80.725,76.35,76.949995,153660.0,-0.5814018087855354,-1.3698630136986156
1738,2023-09-15,NSE:BIGBLOC,78.300005,79.949995,77.0,77.449995,100752.0,0.6497726218175842,-0.5814018087855354
1739,2023-09-18,NSE:BIGBLOC,77.9,91.949995,77.9,86.85,6317298.0,12.136869731237546,0.6497726218175842
1740,2023-09-20,NSE:BIGBLOC,86.475,86.475,82.5,84.425005,705050.0,-2.7921646516983256,12.136869731237546
1741,2023-09-21,NSE:BIGBLOC,84.0,85.925005,82.75,83.85,343120.0,-0.6810837618546833,-2.7921646516983256
1742,2023-09-22,NSE:BIGBLOC,84.824995,88.1,84.25,85.35,544084.0,1.7889087656529519,-0.6810837618546833
1743,2023-09-25,NSE:BIGBLOC,85.5,86.949995,84.675005,85.199995,219146.0,-0.17575278265962868,1.7889087656529519
1744,2023-09-26,NSE:BIGBLOC,85.725,87.225,84.0,84.800005,226278.0,-0.46947185853708384,-0.17575278265962868
1745,2023-09-27,NSE:BIGBLOC,84.800005,85.35,83.300005,83.725,154724.0,-1.2676945007255653,-0.46947185853708384
1746,2023-09-28,NSE:BIGBLOC,84.35,85.725,83.65,84.050005,111000.0,0.3881815467303726,-1.2676945007255653
1747,2023-09-29,NSE:BIGBLOC,84.725,85.0,82.65,83.25,197926.0,-0.9518202884104513,0.3881815467303726
1748,2023-10-03,NSE:BIGBLOC,83.5,84.800005,81.5,83.949995,192542.0,0.8408348348348363,-0.9518202884104513
1749,2023-10-04,NSE:BIGBLOC,84.025,88.0,82.125,85.800005,386866.0,2.2037047173141553,0.8408348348348363
1750,2023-10-05,NSE:BIGBLOC,86.625,93.300005,86.15,91.25,1899316.0,6.351975154313803,2.2037047173141553
1751,2023-10-06,NSE:BIGBLOC,92.25,94.925005,89.699995,90.525,1194086.0,-0.7945205479451992,6.351975154313803
1752,2023-10-09,NSE:BIGBLOC,90.025,90.025,85.550005,86.475,543726.0,-4.4739022369511305,-0.7945205479451992
1753,2023-10-10,NSE:BIGBLOC,87.025,88.275,85.5,86.125,571792.0,-0.404741254697883,-4.4739022369511305
1754,2023-10-11,NSE:BIGBLOC,86.5,88.025,83.75,86.025,659162.0,-0.11611030478954347,-0.404741254697883
1755,2023-10-12,NSE:BIGBLOC,86.725,90.5,85.625,86.074995,794982.0,0.05811682650391812,-0.11611030478954347
1756,2023-10-13,NSE:BIGBLOC,85.6,88.699995,84.550005,85.15,408942.0,-1.0746384591715579,0.05811682650391812
1757,2023-10-16,NSE:BIGBLOC,85.125,88.15,81.9,82.300005,4400830.0,-3.347028772753972,-1.0746384591715579
1758,2023-10-17,NSE:BIGBLOC,82.75,84.4,81.275,82.050005,518146.0,-0.30376668871405293,-3.347028772753972
1759,2023-10-18,NSE:BIGBLOC,82.025,83.0,81.0,82.275,263252.0,0.27421692417935495,-0.30376668871405293
1760,2023-10-19,NSE:BIGBLOC,82.449995,83.800005,81.275,82.475,219132.0,0.24308720753568958,0.27421692417935495
1761,2023-10-20,NSE:BIGBLOC,82.475,82.85,79.375,80.35,238274.0,-2.576538344953016,0.24308720753568958
1762,2023-10-23,NSE:BIGBLOC,80.35,82.0,76.300005,76.925005,268064.0,-4.262594897324201,-2.576538344953016
1763,2023-10-25,NSE:BIGBLOC,78.9,79.449995,74.324995,75.525,385234.0,-1.8199608826804665,-4.262594897324201
1764,2023-10-26,NSE:BIGBLOC,75.550005,76.925005,72.550005,76.5,274904.0,1.290963257199595,-1.8199608826804665
1765,2023-10-27,NSE:BIGBLOC,77.949995,81.425005,77.025,80.65,171498.0,5.424836601307197,1.290963257199595
1766,2023-10-30,NSE:BIGBLOC,81.449995,82.475,79.574995,81.65,449180.0,1.2399256044637321,5.424836601307197
1767,2023-10-31,NSE:BIGBLOC,81.1,84.800005,79.525,80.199995,582742.0,-1.7758787507654676,1.2399256044637321
1768,2023-11-01,NSE:BIGBLOC,80.949995,81.074995,75.625,76.125,354768.0,-5.081041463905329,-1.7758787507654676
1769,2023-11-02,NSE:BIGBLOC,77.0,78.1,75.85,76.9,228852.0,1.0180623973727496,-5.081041463905329
1770,2023-11-03,NSE:BIGBLOC,77.275,79.4,76.75,77.824995,220456.0,1.202854356306886,1.0180623973727496
1771,2023-11-06,NSE:BIGBLOC,78.75,78.949995,76.25,76.6,183478.0,-1.5740380066841082,1.202854356306886
1772,2023-11-07,NSE:BIGBLOC,77.475,77.699995,75.65,76.15,187022.0,-0.5874673629242673,-1.5740380066841082
1773,2023-11-08,NSE:BIGBLOC,76.9,77.525,76.449995,77.050005,84446.0,1.1818844386080014,-0.5874673629242673
1774,2023-11-09,NSE:BIGBLOC,77.175005,77.574995,75.5,76.050005,77836.0,-1.297858449198024,1.1818844386080014
1775,2023-11-10,NSE:BIGBLOC,76.550005,77.425005,75.0,75.375,91276.0,-0.8875804807639378,-1.297858449198024
1776,2023-11-12,NSE:BIGBLOC,77.0,77.5,76.2,77.5,64928.0,2.8192371475953566,-0.8875804807639378
1777,2023-11-13,NSE:BIGBLOC,76.1,77.449995,76.050005,77.0,57858.0,-0.6451612903225806,2.8192371475953566
1778,2023-11-15,NSE:BIGBLOC,78.15,78.5,76.5,77.324995,89106.0,0.42207142857143015,-0.6451612903225806
1779,2023-11-16,NSE:BIGBLOC,76.75,77.675005,76.675005,77.275,79660.0,-0.06465567828358162,0.42207142857143015
1780,2023-11-17,NSE:BIGBLOC,77.275,77.85,76.15,76.65,101966.0,-0.8087997411840828,-0.06465567828358162
1781,2023-11-20,NSE:BIGBLOC,77.25,77.85,75.775,76.425005,112624.0,-0.29353555120679314,-0.8087997411840828
1782,2023-11-21,NSE:BIGBLOC,76.0,77.0,76.0,76.75,58864.0,0.42524694633647886,-0.29353555120679314
1783,2023-11-22,NSE:BIGBLOC,76.75,77.0,75.75,76.25,74982.0,-0.6514657980456027,0.42524694633647886
1784,2023-11-23,NSE:BIGBLOC,75.800005,76.875,75.725,76.425005,50024.0,0.229514754098359,-0.6514657980456027
1785,2023-11-24,NSE:BIGBLOC,75.775,79.75,75.775,78.5,170976.0,2.715073423940242,0.229514754098359
1786,2023-11-28,NSE:BIGBLOC,78.525,79.475,76.0,76.324995,185794.0,-2.7707070063694252,2.715073423940242
1787,2023-11-29,NSE:BIGBLOC,77.449995,77.475,75.25,76.275,158252.0,-0.06550278843777922,-2.7707070063694252
1788,2023-11-30,NSE:BIGBLOC,78.0,80.0,76.675005,78.300005,289430.0,2.654873811864953,-0.06550278843777922
1789,2023-12-01,NSE:BIGBLOC,78.35,79.5,77.75,78.35,144596.0,0.06385057063533467,2.654873811864953
1790,2023-12-04,NSE:BIGBLOC,79.875,80.925005,78.0,79.925005,380684.0,2.010216975111684,0.06385057063533467
1791,2023-12-05,NSE:BIGBLOC,80.0,82.0,78.975,79.699995,224856.0,-0.2815264134171746,2.010216975111684
1792,2023-12-06,NSE:BIGBLOC,80.475,81.4,78.5,78.725,98690.0,-1.2233313189041064,-0.2815264134171746
1793,2023-12-07,NSE:BIGBLOC,78.5,80.15,77.65,79.225,114994.0,0.6351222610352494,-1.2233313189041064
1794,2023-12-08,NSE:BIGBLOC,79.975,80.449995,78.275,79.375,85508.0,0.18933417481856193,0.6351222610352494
1795,2023-12-11,NSE:BIGBLOC,80.949995,80.949995,76.75,77.725,207390.0,-2.0787401574803224,0.18933417481856193
1796,2023-12-12,NSE:BIGBLOC,77.675005,79.35,77.675005,78.324995,186400.0,0.7719459633322702,-2.0787401574803224
1797,2023-12-13,NSE:BIGBLOC,78.625,79.5,78.0,78.6,147368.0,0.35110758704803374,0.7719459633322702
1798,2023-12-14,NSE:BIGBLOC,78.725,80.1,77.574995,78.175005,199810.0,-0.5407061068702235,0.35110758704803374
1799,2023-12-15,NSE:BIGBLOC,78.949995,80.0,77.4,79.225,324864.0,1.343133908338088,-0.5407061068702235
1800,2023-12-18,NSE:BIGBLOC,81.5,86.25,80.925005,83.025,1396926.0,4.796465762070069,1.343133908338088
1801,2023-12-19,NSE:BIGBLOC,83.85,85.225,81.9,82.574995,257094.0,-0.5420114423366509,4.796465762070069
1802,2023-12-20,NSE:BIGBLOC,82.5,83.5,77.65,78.5,393862.0,-4.934901903415194,-0.5420114423366509
1803,2023-12-21,NSE:BIGBLOC,80.0,82.6,79.5,82.074995,474788.0,4.554133757961785,-4.934901903415194
1804,2023-12-22,NSE:BIGBLOC,82.824995,83.35,80.875,82.275,192846.0,0.24368566821113352,4.554133757961785
1805,2023-12-26,NSE:BIGBLOC,83.5,83.5,80.775,81.125,152934.0,-1.3977514433303015,0.24368566821113352
1806,2023-12-27,NSE:BIGBLOC,81.0,84.0,80.074995,81.300005,382458.0,0.21572265023112325,-1.3977514433303015
1807,2023-12-28,NSE:BIGBLOC,82.025,82.699995,80.85,81.199995,177954.0,-0.12301352256989097,0.21572265023112325
1808,2023-12-29,NSE:BIGBLOC,81.5,83.35,80.699995,81.949995,361182.0,0.9236453770717596,-0.12301352256989097
1809,2024-01-01,NSE:BIGBLOC,82.5,83.0,82.0,82.300005,156170.0,0.4271019174558796,0.9236453770717596
1810,2024-01-02,NSE:BIGBLOC,83.050005,83.25,80.025,81.175005,223494.0,-1.3669500992132382,0.4271019174558796
1811,2024-01-03,NSE:BIGBLOC,81.199995,82.175005,80.800005,81.275,122836.0,0.12318447039209537,-1.3669500992132382
1812,2024-01-04,NSE:BIGBLOC,81.824995,82.0,81.0,81.9,125270.0,0.7689941556444171,0.12318447039209537
1813,2024-01-05,NSE:BIGBLOC,82.0,83.824995,81.025,81.75,198544.0,-0.18315018315019008,0.7689941556444171
1814,2024-01-08,NSE:BIGBLOC,81.525,82.050005,80.5,80.949995,206168.0,-0.9785993883792035,-0.18315018315019008
1815,2024-01-09,NSE:BIGBLOC,81.0,90.475,81.0,86.025,3035338.0,6.269308602180895,-0.9785993883792035
1816,2024-01-10,NSE:BIGBLOC,86.35,90.5,86.35,89.725,1472638.0,4.301075268817191,6.269308602180895
1817,2024-01-11,NSE:BIGBLOC,90.949995,98.0,89.074995,97.25,2903566.0,8.38673725271664,4.301075268817191
1818,2024-01-12,NSE:BIGBLOC,97.975,101.85,95.725,96.925005,1716494.0,-0.3341850899742943,8.38673725271664
1819,2024-01-15,NSE:BIGBLOC,97.525,98.074995,94.025,96.5,571696.0,-0.43848849943314294,-0.3341850899742943
1820,2024-01-16,NSE:BIGBLOC,97.5,97.5,88.525,91.175005,830294.0,-5.518129533678757,-0.43848849943314294
1821,2024-01-17,NSE:BIGBLOC,89.0,93.949995,88.300005,90.449995,403906.0,-0.7951850400227535,-5.518129533678757
1822,2024-01-18,NSE:BIGBLOC,91.0,93.5,87.5,90.375,296554.0,-0.08291321630255619,-0.7951850400227535
1823,2024-01-19,NSE:BIGBLOC,92.949995,92.949995,90.4,92.125,179950.0,1.9363762102351314,-0.08291321630255619
1824,2024-01-20,NSE:BIGBLOC,93.225,94.5,91.25,92.525,187766.0,0.43419267299864933,1.9363762102351314
1825,2024-01-23,NSE:BIGBLOC,94.0,94.0,84.550005,85.525,662598.0,-7.565522831667117,0.43419267299864933
1826,2024-01-24,NSE:BIGBLOC,87.1,90.875,86.65,88.15,400452.0,3.0692779888921367,-7.565522831667117
1827,2024-01-25,NSE:BIGBLOC,87.525,89.65,86.875,87.225,192560.0,-1.0493477027793663,3.0692779888921367
1828,2024-01-29,NSE:BIGBLOC,87.9,90.0,87.775,89.275,255804.0,2.350243622814573,-1.0493477027793663
1829,2024-01-30,NSE:BIGBLOC,90.175005,92.875,90.0,91.6,284316.0,2.604312517502087,2.350243622814573
1830,2024-01-31,NSE:BIGBLOC,91.15,91.925005,88.175005,88.85,296474.0,-3.002183406113537,2.604312517502087
1831,2024-02-01,NSE:BIGBLOC,89.35,90.324995,87.775,88.475,197552.0,-0.4220596510973551,-3.002183406113537
1832,2024-02-02,NSE:BIGBLOC,89.175005,92.324995,88.85,90.449995,371884.0,2.2322633512291685,-0.4220596510973551
1833,2024-02-05,NSE:BIGBLOC,90.449995,101.975,88.35,99.675005,2499038.0,10.199016594749393,2.2322633512291685
1834,2024-02-06,NSE:BIGBLOC,100.449995,104.125,96.4,101.449995,1728648.0,1.7807774376334393,10.199016594749393
1835,2024-02-07,NSE:BIGBLOC,101.975,101.975,97.050005,99.550005,525790.0,-1.8728340006325308,1.7807774376334393
1836,2024-02-08,NSE:BIGBLOC,100.475,102.0,97.975,100.300005,462548.0,0.7533902183128971,-1.8728340006325308
1837,2024-02-09,NSE:BIGBLOC,100.975,106.800005,98.675005,101.775,1728630.0,1.470583176940028,0.7533902183128971
1838,2024-02-12,NSE:BIGBLOC,102.4,102.875,95.9,100.525,890492.0,-1.2281994595922376,1.470583176940028
1839,2024-02-13,NSE:BIGBLOC,102.0,102.425005,97.5,100.0,617716.0,-0.52225814474012,-1.2281994595922376
1840,2024-02-14,NSE:BIGBLOC,100.0,104.300005,98.574995,101.475,616154.0,1.4749999999999943,-0.52225814474012
1841,2024-02-15,NSE:BIGBLOC,102.175005,113.949995,99.85,112.275,2613588.0,10.643015521064314,1.4749999999999943
1842,2024-02-16,NSE:BIGBLOC,113.300005,117.449995,110.75,114.125,1937434.0,1.6477399242930253,10.643015521064314
1843,2024-02-19,NSE:BIGBLOC,114.125,114.125,108.5,109.550005,688440.0,-4.008757940854327,1.6477399242930253
1844,2024-02-20,NSE:BIGBLOC,110.0,113.275,109.175005,111.074995,519268.0,1.3920492290255966,-4.008757940854327
1845,2024-02-21,NSE:BIGBLOC,111.074995,130.5,111.0,126.775,6530696.0,14.134598880693177,1.3920492290255966
1846,2024-02-22,NSE:BIGBLOC,132.0,133.5,118.775,120.375,2940520.0,-5.048313942023274,14.134598880693177
1847,2024-02-23,NSE:BIGBLOC,121.949995,124.949995,116.175005,119.824995,665282.0,-0.45690965732087124,-5.048313942023274
1848,2024-02-26,NSE:BIGBLOC,122.35,122.35,116.525,118.625,339570.0,-1.0014563322118237,-0.45690965732087124
1849,2024-02-27,NSE:BIGBLOC,119.35,122.324995,117.5,117.824995,208682.0,-0.6743983140147513,-1.0014563322118237
1850,2024-02-28,NSE:BIGBLOC,119.975,119.975,107.800005,111.85,502034.0,-5.071075963126505,-0.6743983140147513
1851,2024-02-29,NSE:BIGBLOC,110.5,117.75,109.0,116.675005,277510.0,4.31381761287439,-5.071075963126505
1852,2024-03-01,NSE:BIGBLOC,117.550005,120.0,115.025,118.050005,240432.0,1.1784872004076623,4.31381761287439
1853,2024-03-02,NSE:BIGBLOC,117.75,121.5,117.75,120.0,65996.0,1.651838134187289,1.1784872004076623
1854,2024-03-04,NSE:BIGBLOC,121.175005,121.35,115.125,117.425005,210680.0,-2.1458291666666676,1.651838134187289
1855,2024-03-05,NSE:BIGBLOC,117.975,119.5,106.25,109.699995,540580.0,-6.578675470356589,-2.1458291666666676
1856,2024-03-06,NSE:BIGBLOC,107.550005,112.449995,102.449995,108.15,503510.0,-1.4129399003163088,-6.578675470356589
1857,2024-03-07,NSE:BIGBLOC,106.699995,110.0,106.5,107.1,146782.0,-0.9708737864077774,-1.4129399003163088
1858,2024-03-11,NSE:BIGBLOC,107.025,107.025,100.025,101.824995,256898.0,-4.925308123249293,-0.9708737864077774
1859,2024-03-12,NSE:BIGBLOC,101.824995,103.5,96.5,98.025,358152.0,-3.7318882264614848,-4.925308123249293
1860,2024-03-13,NSE:BIGBLOC,96.675005,99.725,85.5,87.300005,658136.0,-10.941081356796742,-3.7318882264614848
1861,2024-03-14,NSE:BIGBLOC,83.5,98.449995,83.5,97.699995,499366.0,11.912931734654544,-10.941081356796742
1862,2024-03-15,NSE:BIGBLOC,97.9,101.074995,95.074995,97.050005,195918.0,-0.6652917433619137,11.912931734654544
1863,2024-03-18,NSE:BIGBLOC,97.050005,99.4,91.050005,93.875,385574.0,-3.271514514605124,-0.6652917433619137
1864,2024-03-19,NSE:BIGBLOC,93.925005,97.574995,90.775,93.275,286700.0,-0.6391478029294214,-3.271514514605124
1865,2024-03-20,NSE:BIGBLOC,93.475,98.949995,90.375,93.074995,340382.0,-0.21442508710801866,-0.6391478029294214
1866,2024-03-21,NSE:BIGBLOC,94.475,96.949995,92.4,95.0,303726.0,2.068230033211389,-0.21442508710801866
1867,2024-03-22,NSE:BIGBLOC,101.0,101.0,96.175005,98.699995,479174.0,3.8947315789473698,2.068230033211389
1868,2024-03-26,NSE:BIGBLOC,99.375,102.5,96.125,99.800005,300658.0,1.114498536702051,3.8947315789473698
1869,2024-03-27,NSE:BIGBLOC,100.300005,102.35,97.525,98.775,195030.0,-1.027059066780601,1.114498536702051
1870,2024-03-28,NSE:BIGBLOC,100.425005,104.449995,100.0,100.6,236256.0,1.8476335105036583,-1.027059066780601
1871,2024-04-01,NSE:BIGBLOC,101.699995,113.0,101.699995,109.824995,544174.0,9.169975149105374,1.8476335105036583
1872,2024-04-02,NSE:BIGBLOC,111.025,118.824995,111.025,115.125,808034.0,4.825864094052541,9.169975149105374
1873,2024-04-03,NSE:BIGBLOC,114.949995,117.4,112.875,114.550005,275410.0,-0.4994527687296428,4.825864094052541
1874,2024-04-04,NSE:BIGBLOC,115.15,115.975,110.9,112.525,305432.0,-1.7677912803233775,-0.4994527687296428
1875,2024-04-05,NSE:BIGBLOC,112.15,115.199995,111.725,114.15,222508.0,1.4441235281048654,-1.7677912803233775
1876,2024-04-08,NSE:BIGBLOC,114.75,117.0,112.5,113.1,190520.0,-0.9198423127463962,1.4441235281048654
1877,2024-04-09,NSE:BIGBLOC,114.225,115.275,110.475,111.25,264262.0,-1.6357206012378376,-0.9198423127463962
1878,2024-04-10,NSE:BIGBLOC,112.0,112.449995,110.0,110.525,126510.0,-0.6516853932584219,-1.6357206012378376
1879,2024-04-12,NSE:BIGBLOC,111.525,112.6,110.0,110.775,162580.0,0.2261931689662972,-0.6516853932584219
1880,2024-04-15,NSE:BIGBLOC,107.5,108.449995,102.074995,106.5,314502.0,-3.8591740013541007,0.2261931689662972
1881,2024-04-16,NSE:BIGBLOC,107.0,108.15,105.025,107.324995,174334.0,0.7746431924882641,-3.8591740013541007
1882,2024-04-18,NSE:BIGBLOC,107.275,112.199995,107.275,111.050005,364480.0,3.470775843036375,0.7746431924882641
1883,2024-04-19,NSE:BIGBLOC,109.375,110.0,107.0,107.925005,658684.0,-2.8140475995476093,3.470775843036375
1884,2024-04-22,NSE:BIGBLOC,109.0,124.699995,109.0,118.9,2069768.0,10.169093807315559,-2.8140475995476093
1885,2024-04-23,NSE:BIGBLOC,121.4,121.85,117.025,118.775,530282.0,-0.10513036164844407,10.169093807315559
1886,2024-04-24,NSE:BIGBLOC,117.800005,120.475,115.5,116.875,262132.0,-1.599663228793943,-0.10513036164844407
1887,2024-04-25,NSE:BIGBLOC,117.5,120.0,117.4,118.1,222156.0,1.0481283422459844,-1.599663228793943
1888,2024-04-26,NSE:BIGBLOC,120.5,131.449995,120.5,124.925005,2362140.0,5.779005080440309,1.0481283422459844
1889,2024-04-29,NSE:BIGBLOC,125.550005,125.925005,121.675005,123.275,298880.0,-1.3207964250231514,5.779005080440309
1890,2024-04-30,NSE:BIGBLOC,124.0,128.399995,122.525,125.25,803552.0,1.602109105658077,-1.3207964250231514
1891,2024-05-02,NSE:BIGBLOC,125.025,128.975005,124.5,126.025,525584.0,0.6187624750499048,1.602109105658077
1892,2024-05-03,NSE:BIGBLOC,126.574995,127.800005,122.525,124.074995,264956.0,-1.5473160087284303,0.6187624750499048
1893,2024-05-06,NSE:BIGBLOC,125.15,135.0,116.75,132.274995,2278674.0,6.608906170014343,-1.5473160087284303
1894,2024-05-07,NSE:BIGBLOC,139.899995,142.199995,133.399995,136.199995,4528230.0,2.9673030794671447,6.608906170014343
1895,2024-05-08,NSE:BIGBLOC,122.6,135.0,122.6,123.775,1910242.0,-9.122610467056182,2.9673030794671447
1896,2024-05-09,NSE:BIGBLOC,126.5,130.75,122.5,123.85,960184.0,0.06059381943040891,-9.122610467056182
1897,2024-05-10,NSE:BIGBLOC,128.850005,129.774995,123.0,124.225,404836.0,0.3027856277755349,0.06059381943040891
1898,2024-05-13,NSE:BIGBLOC,124.5,125.875,116.699995,121.4,387016.0,-2.2740994163815564,0.3027856277755349
1899,2024-05-14,NSE:BIGBLOC,121.4,124.0,120.65,121.925005,258630.0,0.4324588138385445,-2.2740994163815564
1900,2024-05-15,NSE:BIGBLOC,122.675005,124.25,119.75,120.35,233772.0,-1.2917817801196763,0.4324588138385445
1901,2024-05-16,NSE:BIGBLOC,121.199995,124.925005,118.175005,119.824995,195420.0,-0.4362318238471069,-1.2917817801196763
1902,2024-05-17,NSE:BIGBLOC,120.775,124.0,119.824995,122.175005,245156.0,1.9612018343918958,-0.4362318238471069
1903,2024-05-18,NSE:BIGBLOC,123.1,124.75,121.475,123.35,47708.0,0.9617310840298272,1.9612018343918958
1904,2024-05-21,NSE:BIGBLOC,123.35,124.475,118.0,118.625,411654.0,-3.8305634373733235,0.9617310840298272
1905,2024-05-22,NSE:BIGBLOC,119.449995,122.75,118.675005,121.725,261168.0,2.613277133825074,-3.8305634373733235
1906,2024-05-23,NSE:BIGBLOC,120.5,128.574995,120.0,125.275,426312.0,2.9164099404395247,2.613277133825074
1907,2024-05-24,NSE:BIGBLOC,124.85,126.475,121.175005,122.275,201894.0,-2.3947315905008977,2.9164099404395247
1908,2024-05-27,NSE:BIGBLOC,121.1,122.925005,119.225,119.475,202016.0,-2.289920261705182,-2.3947315905008977
1909,2024-05-28,NSE:BIGBLOC,120.300005,120.300005,111.625,113.699995,438900.0,-4.833651391504493,-2.289920261705182
1910,2024-05-29,NSE:BIGBLOC,113.75,118.0,111.875,115.225,155038.0,1.341253357135146,-4.833651391504493
1911,2024-05-30,NSE:BIGBLOC,115.225,116.0,112.574995,113.125,167756.0,-1.8225211542633928,1.341253357135146
1912,2024-05-31,NSE:BIGBLOC,113.4,115.449995,111.775,114.5,120672.0,1.2154696132596685,-1.8225211542633928
1913,2024-06-03,NSE:BIGBLOC,116.199995,121.475,112.5,113.125,297900.0,-1.2008733624454149,1.2154696132596685
1914,2024-06-04,NSE:BIGBLOC,113.125,113.9,96.9,103.300005,775672.0,-8.685078453038674,-1.2008733624454149
1915,2024-06-05,NSE:BIGBLOC,100.949995,108.475,100.5,107.449995,244926.0,4.017415100802756,-8.685078453038674
1916,2024-06-06,NSE:BIGBLOC,107.725,113.050005,107.725,112.15,223206.0,4.374132358033153,4.017415100802756
1917,2024-06-07,NSE:BIGBLOC,112.175005,113.025,109.574995,111.375,254818.0,-0.6910387873383911,4.374132358033153
1918,2024-06-10,NSE:BIGBLOC,113.449995,119.655,112.44,117.35,694444.0,5.364758698092027,-0.6910387873383911
1919,2024-06-11,NSE:BIGBLOC,119.35,121.24,117.695,118.18,292706.0,0.707285896889657,5.364758698092027
1920,2024-06-12,NSE:BIGBLOC,119.074995,120.565,117.125,118.910005,174552.0,0.6177060416314024,0.707285896889657
1921,2024-06-13,NSE:BIGBLOC,119.5,119.795,116.730005,117.655,163038.0,-1.0554242260775255,0.6177060416314024
1922,2024-06-14,NSE:BIGBLOC,118.49,122.0,117.0,118.620005,388734.0,0.8201988865751605,-1.0554242260775255
1923,2024-06-18,NSE:BIGBLOC,122.449995,122.449995,119.675005,120.620005,232520.0,1.6860562432112525,0.8201988865751605
1924,2024-06-19,NSE:BIGBLOC,121.925005,121.925005,116.519995,117.585,200804.0,-2.516170514169695,1.6860562432112525
1925,2024-06-20,NSE:BIGBLOC,117.550005,119.775,116.165,117.585,131150.0,0.0,-2.516170514169695
1926,2024-06-21,NSE:BIGBLOC,118.199995,120.0,116.625,117.335,130576.0,-0.21261215291066038,0.0
1927,2024-06-24,NSE:BIGBLOC,118.17,119.665,116.0,116.870005,174872.0,-0.3962969276004497,-0.21261215291066038
1928,2024-06-25,NSE:BIGBLOC,117.4,118.36,116.0,116.265,86338.0,-0.5176734612101758,-0.3962969276004497
1929,2024-06-26,NSE:BIGBLOC,116.5,117.964995,115.004995,116.85,160586.0,0.503160882466773,-0.5176734612101758
1930,2024-06-27,NSE:BIGBLOC,116.9,118.475,113.5,114.315,156566.0,-2.1694480102695737,0.503160882466773
1931,2024-06-28,NSE:BIGBLOC,115.0,115.0,112.805,113.565,93162.0,-0.6560818790185015,-2.1694480102695737
1932,2024-07-01,NSE:BIGBLOC,113.15,115.129995,111.800005,112.675005,222594.0,-0.783687755910711,-0.6560818790185015
1933,2024-07-02,NSE:BIGBLOC,112.5,119.925005,111.545,118.93,642050.0,5.551359860157103,-0.783687755910711
1934,2024-07-03,NSE:BIGBLOC,120.5,120.975,114.855005,116.135,281778.0,-2.350121920457413,5.551359860157103
1935,2024-07-04,NSE:BIGBLOC,117.5,121.754995,117.22,119.269995,565084.0,2.699440306539793,-2.350121920457413
1936,2024-07-05,NSE:BIGBLOC,119.300005,129.699995,117.57,126.865,1985414.0,6.367909213042225,2.699440306539793
1937,2024-07-08,NSE:BIGBLOC,128.490005,134.0,128.399995,130.865005,1311280.0,3.1529618097978176,6.367909213042225
1938,2024-07-09,NSE:BIGBLOC,131.449995,132.5,128.115005,129.875,496884.0,-0.7565085868448914,3.1529618097978176
1939,2024-07-10,NSE:BIGBLOC,129.524995,131.975005,124.004995,130.725005,570822.0,0.6544793070259943,-0.7565085868448914
1940,2024-07-11,NSE:BIGBLOC,131.655,143.460005,131.0,141.255005,3494686.0,8.055077144575362,0.6544793070259943
1941,2024-07-12,NSE:BIGBLOC,144.0,144.850005,139.5,139.820005,1028330.0,-1.015893206757525,8.055077144575362
1942,2024-07-15,NSE:BIGBLOC,141.75,142.494995,137.600005,139.449995,390254.0,-0.26463309023627035,-1.015893206757525
1943,2024-07-16,NSE:BIGBLOC,139.789995,141.449995,138.0,139.949995,644924.0,0.35855146498929596,-0.26463309023627035
1944,2024-07-18,NSE:BIGBLOC,141.75,147.320005,138.0,139.074995,1245850.0,-0.6252233163709652,0.35855146498929596
1945,2024-07-19,NSE:BIGBLOC,139.774995,140.25,132.5,133.259995,666060.0,-4.181197346079356,-0.6252233163709652
1946,2024-07-22,NSE:BIGBLOC,131.850005,142.5,128.405,136.47,1303676.0,2.408828696113935,-4.181197346079356
1947,2024-07-23,NSE:BIGBLOC,136.804995,141.335005,126.629995,134.320005,703704.0,-1.5754341613541365,2.408828696113935
1948,2024-07-24,NSE:BIGBLOC,134.949995,139.949995,134.494995,137.695005,407568.0,2.5126562495288765,-1.5754341613541365
1949,2024-07-25,NSE:BIGBLOC,137.75,142.949995,136.130005,136.964995,631118.0,-0.5301644747389503,2.5126562495288765
1950,2024-07-26,NSE:BIGBLOC,137.949995,139.5,136.100005,137.065,227226.0,0.07301500649856565,-0.5301644747389503
1951,2024-07-29,NSE:BIGBLOC,138.795,138.795,132.574995,133.324995,292264.0,-2.7286360485900825,0.07301500649856565
1952,2024-07-30,NSE:BIGBLOC,133.324995,135.945005,132.5,133.425005,241180.0,0.07501219107489746,-2.7286360485900825
1953,2024-07-31,NSE:BIGBLOC,134.475005,134.925005,132.5,132.985,133354.0,-0.3297770159348955,0.07501219107489746
1954,2024-08-01,NSE:BIGBLOC,134.300005,135.475005,130.0,130.75,207010.0,-1.6806406737602086,-0.3297770159348955
1955,2024-08-02,NSE:BIGBLOC,130.725005,132.5,127.275,128.774995,255400.0,-1.5105200764818434,-1.6806406737602086
1956,2024-08-05,NSE:BIGBLOC,124.0,127.0,121.5,122.85,382044.0,-4.601044636033569,-1.5105200764818434
1957,2024-08-06,NSE:BIGBLOC,125.425005,126.9,118.375,119.9,245176.0,-2.4013024013023925,-4.601044636033569
1958,2024-08-07,NSE:BIGBLOC,123.6,133.5,122.5,130.475005,772480.0,8.819854045037534,-2.4013024013023925
1959,2024-08-08,NSE:BIGBLOC,129.175005,130.850005,127.550005,128.024995,146146.0,-1.8777619514174535,8.819854045037534
1960,2024-08-09,NSE:BIGBLOC,128.899995,133.5,128.875,131.550005,192096.0,2.7533764012254087,-1.8777619514174535
1961,2024-08-12,NSE:BIGBLOC,131.350005,132.5,128.050005,128.600005,230660.0,-2.242493263303174,2.7533764012254087
1962,2024-08-13,NSE:BIGBLOC,131.25,131.25,120.525,122.050005,480324.0,-5.093312399171377,-2.242493263303174
1963,2024-08-14,NSE:BIGBLOC,121.324995,122.025,118.6,119.1,313680.0,-2.417046193484387,-5.093312399171377
1964,2024-08-16,NSE:BIGBLOC,120.875,123.574995,120.525,121.875,159514.0,2.329974811083128,-2.417046193484387
1965,2024-08-19,NSE:BIGBLOC,122.6,127.0,122.6,126.300005,154054.0,3.630773333333332,2.329974811083128
1966,2024-08-20,NSE:BIGBLOC,127.175005,127.375,123.525,123.875,146578.0,-1.920035553442772,3.630773333333332
1967,2024-08-21,NSE:BIGBLOC,124.0,128.649995,122.5,123.675005,161142.0,-0.16144904137235216,-1.920035553442772
1968,2024-08-22,NSE:BIGBLOC,125.525,125.725,123.675005,125.025,169752.0,1.0915665618934134,-0.16144904137235216
1969,2024-08-23,NSE:BIGBLOC,126.9,126.9,123.574995,124.1,134378.0,-0.7398520295940902,1.0915665618934134
1970,2024-08-26,NSE:BIGBLOC,125.9,126.0,122.800005,123.425005,429196.0,-0.5439121676067652,-0.7398520295940902
1971,2024-08-27,NSE:BIGBLOC,124.699995,124.699995,122.625,123.15,82416.0,-0.22281141491547282,-0.5439121676067652
1972,2024-08-28,NSE:BIGBLOC,124.525,124.775,120.425005,121.025,187806.0,-1.7255379618351603,-0.22281141491547282
1973,2024-08-29,NSE:BIGBLOC,121.949995,122.975,119.025,119.949995,150468.0,-0.8882503614955625,-1.7255379618351603
1974,2024-08-30,NSE:BIGBLOC,120.5,121.0,118.75,119.475,98622.0,-0.39599418074173903,-0.8882503614955625
1975,2024-09-02,NSE:BIGBLOC,121.165,127.949995,120.824995,123.375,396630.0,3.26428123038293,-0.39599418074173903
1976,2024-09-03,NSE:BIGBLOC,126.985,129.5,125.195,127.765,581164.0,3.558257345491388,3.26428123038293
1977,2024-09-04,NSE:BIGBLOC,126.8,127.765,125.0,125.84,176602.0,-1.5066724063710697,3.558257345491388
1978,2024-09-05,NSE:BIGBLOC,127.1,127.75,125.125,125.765,174932.0,-0.05959949141767549,-1.5066724063710697
1979,2024-09-06,NSE:BIGBLOC,126.5,127.0,122.300005,122.800005,122130.0,-2.357567685763131,-0.05959949141767549
1980,2024-09-09,NSE:BIGBLOC,124.65,129.495,121.125,127.175,442438.0,3.5626993663396016,-2.357567685763131
1981,2024-09-10,NSE:BIGBLOC,129.35,129.35,125.5,126.24,202712.0,-0.7352073913898189,3.5626993663396016
1982,2024-09-11,NSE:BIGBLOC,128.0,132.875,125.0,128.95,1066946.0,2.14670468948035,-0.7352073913898189
1983,2024-09-12,NSE:BIGBLOC,135.9,146.44,129.4,138.83,2178823.0,7.661884451337747,2.14670468948035
1984,2024-09-13,NSE:BIGBLOC,134.99,144.8,132.05,136.12,1127152.0,-1.95202765972773,7.661884451337747
1985,2024-09-16,NSE:BIGBLOC,135.0,136.3,132.08,133.98,211259.0,-1.5721422274463814,-1.95202765972773
1986,2024-09-17,NSE:BIGBLOC,135.0,135.13,130.25,131.0,115939.0,-2.2242125690401475,-1.5721422274463814
1987,2024-09-18,NSE:BIGBLOC,131.65,132.09,127.0,128.99,125646.0,-1.5343511450381608,-2.2242125690401475
1988,2024-09-19,NSE:BIGBLOC,133.0,133.0,127.35,128.34,155733.0,-0.503915032173041,-1.5343511450381608
1989,2024-09-20,NSE:BIGBLOC,127.31,131.87,127.0,130.21,91387.0,1.4570671653420637,-0.503915032173041
1990,2024-09-23,NSE:BIGBLOC,130.21,130.98,126.1,126.92,115082.0,-2.526687658397977,1.4570671653420637
1991,2024-09-24,NSE:BIGBLOC,126.25,127.55,123.2,124.14,135069.0,-2.190356129845573,-2.526687658397977
1992,2024-09-25,NSE:BIGBLOC,123.2,124.95,122.26,123.65,73345.0,-0.39471564362815764,-2.190356129845573
1993,2024-09-26,NSE:BIGBLOC,120.0,122.69,119.25,120.52,149989.0,-2.5313384553174356,-0.39471564362815764
1994,2024-09-27,NSE:BIGBLOC,119.6,128.39,119.6,122.17,378694.0,1.3690673747095965,-2.5313384553174356
1995,2024-09-30,NSE:BIGBLOC,122.99,124.81,119.55,120.38,200936.0,-1.46517148236065,1.3690673747095965
1996,2024-10-01,NSE:BIGBLOC,120.0,120.8,116.21,117.07,150239.0,-2.749626183751456,-1.46517148236065
1997,2024-10-03,NSE:BIGBLOC,114.72,118.78,114.0,116.81,174427.0,-0.22208934825317408,-2.749626183751456
1998,2024-10-04,NSE:BIGBLOC,117.66,118.34,114.0,114.45,142823.0,-2.0203749678965837,-0.22208934825317408
1999,2024-10-07,NSE:BIGBLOC,115.7,117.81,108.0,108.81,237782.0,-4.927916120576671,-2.0203749678965837
2000,2024-10-08,NSE:BIGBLOC,109.74,113.6,105.3,112.34,140474.0,3.2441871151548582,-4.927916120576671
2001,2024-10-09,NSE:BIGBLOC,119.9,119.9,115.0,118.57,217236.0,5.545664945700542,3.2441871151548582
2002,2024-10-10,NSE:BIGBLOC,119.6,119.6,115.1,116.1,86015.0,-2.0831576284051607,5.545664945700542
2003,2024-10-11,NSE:BIGBLOC,116.25,130.0,114.01,125.19,397843.0,7.8294573643410885,-2.0831576284051607
2004,2024-10-14,NSE:BIGBLOC,128.0,138.0,125.25,135.13,1021412.0,7.939931304417285,7.8294573643410885
2005,2024-10-15,NSE:BIGBLOC,135.8,145.85,132.5,142.98,2848918.0,5.80922075038851,7.939931304417285
2006,2024-10-16,NSE:BIGBLOC,141.6,148.5,135.5,139.86,2490915.0,-2.1821233738984307,5.80922075038851
2007,2024-10-17,NSE:BIGBLOC,138.15,139.7,131.1,133.79,695095.0,-4.340054340054355,-2.1821233738984307
2008,2024-10-18,NSE:BIGBLOC,135.8,138.0,131.9,133.1,534155.0,-0.5157336123776051,-4.340054340054355
2009,2024-10-21,NSE:BIGBLOC,133.1,133.25,126.0,126.95,372691.0,-4.620586025544697,-0.5157336123776051
2010,2024-10-22,NSE:BIGBLOC,127.4,127.84,118.92,120.56,291884.0,-5.033477747144546,-4.620586025544697
2011,2024-10-23,NSE:BIGBLOC,121.0,124.7,118.16,120.4,199839.0,-0.13271400132713718,-5.033477747144546
2012,2024-10-24,NSE:BIGBLOC,120.85,134.8,119.32,130.9,2326587.0,8.720930232558139,-0.13271400132713718
2013,2024-10-25,NSE:BIGBLOC,130.98,132.2,122.5,124.05,454155.0,-5.233002291825827,8.720930232558139
2014,2024-10-28,NSE:BIGBLOC,126.3,126.89,121.11,122.69,299908.0,-1.0963321241434902,-5.233002291825827
2015,2024-10-29,NSE:BIGBLOC,121.9,136.0,120.39,131.31,757646.0,7.025837476566961,-1.0963321241434902
2016,2024-10-30,NSE:BIGBLOC,129.5,134.6,129.5,131.0,375784.0,-0.23608255273779777,7.025837476566961
2017,2024-10-31,NSE:BIGBLOC,130.98,137.6,128.1,130.7,703206.0,-0.22900763358779494,-0.23608255273779777
2018,2024-11-01,NSE:BIGBLOC,131.9,135.0,129.0,130.97,233158.0,0.2065799540933514,-0.22900763358779494
2019,2024-11-04,NSE:BIGBLOC,130.8,131.48,124.35,126.96,236485.0,-3.06176987096282,0.2065799540933514
2020,2024-11-05,NSE:BIGBLOC,126.76,128.61,126.03,127.0,150310.0,0.03150598613737103,-3.06176987096282
2021,2024-11-06,NSE:BIGBLOC,128.05,131.6,127.47,128.38,293955.0,1.086614173228343,0.03150598613737103
2022,2024-11-07,NSE:BIGBLOC,128.95,129.99,126.5,127.39,176196.0,-0.7711481539180518,1.086614173228343
2023,2024-11-08,NSE:BIGBLOC,127.2,127.69,122.66,123.45,239285.0,-3.0928644320590295,-0.7711481539180518
2024,2024-11-11,NSE:BIGBLOC,124.99,126.0,121.12,121.69,134917.0,-1.4256784123126813,-3.0928644320590295
2025,2024-11-12,NSE:BIGBLOC,122.0,124.87,118.1,119.04,217514.0,-2.1776645574821196,-1.4256784123126813
2026,2024-11-13,NSE:BIGBLOC,118.15,119.59,113.0,113.85,247144.0,-4.359879032258075,-2.1776645574821196
2027,2024-11-14,NSE:BIGBLOC,113.85,116.9,105.1,108.94,462829.0,-4.312692138779092,-4.359879032258075
2028,2024-11-18,NSE:BIGBLOC,108.94,111.34,101.1,102.08,750175.0,-6.297044244538277,-4.312692138779092
2029,2024-11-19,NSE:BIGBLOC,103.6,108.81,101.84,102.58,480540.0,0.48981191222570536,-6.297044244538277
2030,2024-11-21,NSE:BIGBLOC,102.55,105.63,100.02,104.68,337879.0,2.0471826866835725,0.48981191222570536
2031,2024-11-22,NSE:BIGBLOC,104.75,105.09,101.43,103.57,262891.0,-1.0603744745892372,2.0471826866835725
2032,2024-11-25,NSE:BIGBLOC,106.15,108.6,104.0,104.74,344892.0,1.1296707540793685,-1.0603744745892372
2033,2024-11-26,NSE:BIGBLOC,104.74,107.55,103.92,104.67,230356.0,-0.06683215581439104,1.1296707540793685
2034,2024-11-27,NSE:BIGBLOC,104.67,114.0,104.61,112.55,359365.0,7.528422661698668,-0.06683215581439104
2035,2024-11-28,NSE:BIGBLOC,110.85,116.5,110.8,111.64,409817.0,-0.8085295424255855,7.528422661698668
2036,2024-11-29,NSE:BIGBLOC,112.5,115.0,110.0,111.37,216110.0,-0.24184879971336082,-0.8085295424255855
2037,2024-12-02,NSE:BIGBLOC,109.7,114.57,109.7,110.81,205328.0,-0.502828409805156,-0.24184879971336082
2038,2024-12-03,NSE:BIGBLOC,110.45,114.81,110.45,112.29,147806.0,1.3356195289233859,-0.502828409805156
2039,2024-12-04,NSE:BIGBLOC,112.29,113.0,108.8,110.3,204092.0,-1.7721969899367789,1.3356195289233859
2040,2024-12-05,NSE:BIGBLOC,111.05,117.49,111.05,116.33,558816.0,5.466908431550318,-1.7721969899367789
2041,2024-12-06,NSE:BIGBLOC,116.65,119.85,114.0,118.23,378138.0,1.63328462133586,5.466908431550318
2042,2024-12-09,NSE:BIGBLOC,118.23,118.23,114.1,115.29,182205.0,-2.486678507992893,1.63328462133586
2043,2024-12-10,NSE:BIGBLOC,114.7,116.0,112.6,113.49,120187.0,-1.5612802498048497,-2.486678507992893
2044,2024-12-11,NSE:BIGBLOC,113.8,115.83,112.71,115.23,173040.0,1.5331747290510258,-1.5612802498048497
2045,2024-12-12,NSE:BIGBLOC,115.7,116.0,111.0,112.04,168875.0,-2.768376290896466,1.5331747290510258
2046,2024-12-13,NSE:BIGBLOC,113.5,113.5,109.0,110.52,249679.0,-1.3566583363084703,-2.768376290896466
2047,2024-12-16,NSE:BIGBLOC,111.25,113.13,109.15,109.83,168958.0,-0.6243213897937004,-1.3566583363084703
2048,2024-12-17,NSE:BIGBLOC,111.0,111.7,106.99,108.98,388239.0,-0.7739233360648223,-0.6243213897937004
2049,2024-12-18,NSE:BIGBLOC,107.35,110.99,106.95,107.2,169075.0,-1.6333272160029375,-0.7739233360648223
2050,2024-12-19,NSE:BIGBLOC,106.9,113.97,105.15,111.67,315712.0,4.169776119402984,-1.6333272160029375
2051,2024-12-20,NSE:BIGBLOC,112.15,112.96,105.99,106.78,289767.0,-4.378973761977255,4.169776119402984
2052,2024-12-23,NSE:BIGBLOC,110.1,113.01,106.0,106.54,381393.0,-0.22476119123430874,-4.378973761977255
2053,2024-12-24,NSE:BIGBLOC,106.99,110.0,102.5,104.65,254638.0,-1.7739816031537454,-0.22476119123430874
2054,2024-12-26,NSE:BIGBLOC,106.0,108.21,103.0,103.43,253292.0,-1.165790731008121,-1.7739816031537454
2055,2024-12-27,NSE:BIGBLOC,104.45,104.75,103.31,103.79,113259.0,0.3480614908633853,-1.165790731008121
2056,2024-12-30,NSE:BIGBLOC,104.34,104.39,100.15,100.58,233070.0,-3.0927835051546464,0.3480614908633853
2057,2024-12-31,NSE:BIGBLOC,100.97,107.7,100.31,106.1,271309.0,5.48816862199244,-3.0927835051546464
2058,2025-01-01,NSE:BIGBLOC,105.5,106.55,102.0,102.45,211549.0,-3.4401508011310007,5.48816862199244
2059,2025-01-02,NSE:BIGBLOC,102.9,105.67,102.84,104.25,205293.0,1.756954612005854,-3.4401508011310007
2060,2025-01-03,NSE:BIGBLOC,103.95,106.4,103.0,103.5,140376.0,-0.7194244604316548,1.756954612005854
2061,2025-01-06,NSE:BIGBLOC,103.5,104.02,98.45,98.89,240020.0,-4.454106280193236,-0.7194244604316548
2062,2025-01-07,NSE:BIGBLOC,99.59,102.89,98.1,99.93,200434.0,1.0516735767013916,-4.454106280193236
2063,2025-01-08,NSE:BIGBLOC,99.9,101.64,98.49,98.97,143851.0,-0.9606724707295184,1.0516735767013916
2064,2025-01-09,NSE:BIGBLOC,98.97,100.57,97.1,98.01,131522.0,-0.9699909063352469,-0.9606724707295184
2065,2025-01-10,NSE:BIGBLOC,97.79,98.25,94.81,95.22,162004.0,-2.846648301193762,-0.9699909063352469
2066,2025-01-13,NSE:BIGBLOC,94.0,94.31,89.01,90.36,192165.0,-5.103969754253308,-2.846648301193762
2067,2025-01-14,NSE:BIGBLOC,91.7,93.9,90.29,92.31,126158.0,2.1580345285524603,-5.103969754253308
2068,2025-01-15,NSE:BIGBLOC,93.7,96.65,90.15,91.3,249463.0,-1.0941393131838426,2.1580345285524603
2069,2025-01-16,NSE:BIGBLOC,92.05,96.17,92.05,94.19,144480.0,3.165388828039431,-1.0941393131838426
2070,2025-01-17,NSE:BIGBLOC,94.0,95.5,92.61,95.21,86091.0,1.0829175071663615,3.165388828039431
2071,2025-01-20,NSE:BIGBLOC,94.5,97.0,93.94,96.18,114897.0,1.0188005461611314,1.0829175071663615
2072,2025-01-21,NSE:BIGBLOC,96.18,97.83,91.82,93.47,136537.0,-2.8176336036598126,1.0188005461611314
2073,2025-01-22,NSE:BIGBLOC,92.55,94.24,87.61,89.93,154717.0,-3.787311436824641,-2.8176336036598126
2074,2025-01-23,NSE:BIGBLOC,91.0,91.47,88.55,89.98,74514.0,0.05559879906593702,-3.787311436824641
2075,2025-01-24,NSE:BIGBLOC,89.45,90.71,86.2,87.13,93069.0,-3.167370526783739,0.05559879906593702
2076,2025-01-27,NSE:BIGBLOC,86.68,86.68,81.0,82.34,290520.0,-5.497532422816472,-3.167370526783739
2077,2025-01-28,NSE:BIGBLOC,82.0,83.7,77.5,81.57,242764.0,-0.9351469516638452,-5.497532422816472
2078,2025-01-29,NSE:BIGBLOC,83.0,85.49,81.65,83.61,117271.0,2.500919455682244,-0.9351469516638452
2079,2025-01-30,NSE:BIGBLOC,84.05,86.89,80.67,82.11,160913.0,-1.794043774668102,2.500919455682244
2080,2025-01-31,NSE:BIGBLOC,83.3,86.1,82.34,85.05,142624.0,3.5805626598465445,-1.794043774668102
2081,2025-02-01,NSE:BIGBLOC,84.45,87.09,82.36,84.68,90822.0,-0.43503821281597926,3.5805626598465445
2082,2025-02-03,NSE:BIGBLOC,83.99,83.99,79.36,80.46,173030.0,-4.983467170524341,-0.43503821281597926
2083,2025-02-04,NSE:BIGBLOC,80.0,82.89,80.0,81.71,173493.0,1.5535669898086006,-4.983467170524341
2084,2025-02-05,NSE:BIGBLOC,82.99,83.68,81.6,82.19,139873.0,0.5874433973809865,1.5535669898086006
2085,2025-02-06,NSE:BIGBLOC,83.4,83.4,79.8,80.15,109389.0,-2.4820537778318434,0.5874433973809865
2086,2025-02-07,NSE:BIGBLOC,80.25,81.61,78.68,79.34,102733.0,-1.0106051154086118,-2.4820537778318434
2087,2025-02-10,NSE:BIGBLOC,80.5,80.5,74.9,75.42,298199.0,-4.940761280564661,-1.0106051154086118
2088,2025-02-11,NSE:BIGBLOC,75.6,75.68,71.92,72.89,155483.0,-3.3545478652877234,-4.940761280564661
2089,2025-02-12,NSE:BIGBLOC,74.0,74.0,68.5,72.1,314968.0,-1.0838249416929706,-3.3545478652877234
2090,2025-02-13,NSE:BIGBLOC,71.0,73.45,69.61,70.52,123299.0,-2.191400832177529,-1.0838249416929706
2091,2025-02-14,NSE:BIGBLOC,68.0,71.15,62.81,65.58,310182.0,-7.005104934770275,-2.191400832177529
2092,2025-02-17,NSE:BIGBLOC,63.06,65.67,60.51,61.92,327829.0,-5.5809698078682475,-7.005104934770275
2093,2025-02-18,NSE:BIGBLOC,62.4,63.1,58.92,59.83,170857.0,-3.3753229974160264,-5.5809698078682475
2094,2025-02-19,NSE:BIGBLOC,60.0,65.32,59.19,64.45,248674.0,7.721878656192553,-3.3753229974160264
2095,2025-02-20,NSE:BIGBLOC,63.75,76.88,62.53,72.0,940808.0,11.7145073700543,7.721878656192553
2096,2025-02-21,NSE:BIGBLOC,71.4,73.78,69.0,69.65,317962.0,-3.263888888888881,11.7145073700543
2097,2025-02-24,NSE:BIGBLOC,69.0,70.65,65.69,68.33,241524.0,-1.8951902368987903,-3.263888888888881
2098,2025-02-25,NSE:BIGBLOC,68.33,71.9,66.44,66.79,303357.0,-2.2537684765110377,-1.8951902368987903
2099,2025-02-27,NSE:BIGBLOC,67.09,67.81,63.0,64.68,221401.0,-3.1591555622099103,-2.2537684765110377
2100,2025-02-28,NSE:BIGBLOC,62.62,65.72,61.21,64.43,237724.0,-0.38651824366110077,-3.1591555622099103
2101,2025-03-03,NSE:BIGBLOC,64.76,66.21,59.2,60.76,266317.0,-5.696104299239497,-0.38651824366110077
2102,2025-03-04,NSE:BIGBLOC,60.01,63.74,59.61,60.97,196956.0,0.3456221198156696,-5.696104299239497
2103,2025-03-05,NSE:BIGBLOC,60.8,64.0,60.8,62.48,213389.0,2.476627849762175,0.3456221198156696
2104,2025-03-06,NSE:BIGBLOC,63.0,67.8,63.0,66.38,328564.0,6.241997439180535,2.476627849762175
2105,2025-03-07,NSE:BIGBLOC,66.45,73.04,66.45,71.84,305371.0,8.225369087074434,6.241997439180535
2106,2025-03-10,NSE:BIGBLOC,71.62,72.97,66.0,66.71,271305.0,-7.140868596881973,8.225369087074434
2107,2025-03-11,NSE:BIGBLOC,66.0,66.97,62.54,64.9,222000.0,-2.7132363963423596,-7.140868596881973
2108,2025-03-12,NSE:BIGBLOC,65.51,66.51,62.64,63.4,209895.0,-2.3112480739599492,-2.7132363963423596
2109,2025-03-13,NSE:BIGBLOC,63.4,64.09,61.0,61.63,153091.0,-2.7917981072555142,-2.3112480739599492
2110,2025-03-17,NSE:BIGBLOC,61.89,66.0,60.01,60.67,262954.0,-1.5576829466169086,-2.7917981072555142
2111,2025-03-18,NSE:BIGBLOC,62.57,63.83,61.46,63.01,313928.0,3.856930937860551,-1.5576829466169086
2112,2025-03-19,NSE:BIGBLOC,63.94,66.79,63.93,65.17,360714.0,3.42802729725441,3.856930937860551
2113,2025-03-20,NSE:BIGBLOC,65.65,69.9,65.1,65.63,398513.0,0.705846248273736,3.42802729725441
2114,2025-03-21,NSE:BIGBLOC,66.05,69.36,65.72,68.95,291020.0,5.058662197165942,0.705846248273736
2115,2025-03-24,NSE:BIGBLOC,69.31,72.84,69.31,69.83,332628.0,1.276287164612031,5.058662197165942
2116,2025-03-25,NSE:BIGBLOC,70.2,71.84,66.21,67.15,325761.0,-3.837892023485597,1.276287164612031
2117,2025-03-26,NSE:BIGBLOC,67.5,67.55,63.0,63.27,326421.0,-5.778108711839169,-3.837892023485597
2118,2025-03-27,NSE:BIGBLOC,63.05,65.0,62.27,63.75,447827.0,0.7586533902323327,-5.778108711839169
2119,2025-03-28,NSE:BIGBLOC,64.6,67.84,61.2,62.29,338766.0,-2.2901960784313737,0.7586533902323327
2120,2025-04-01,NSE:BIGBLOC,62.3,65.88,60.95,63.76,242485.0,2.359929362658531,-2.2901960784313737
2121,2025-04-02,NSE:BIGBLOC,63.75,66.48,62.0,64.47,293177.0,1.1135508155583451,2.359929362658531
2122,2025-04-03,NSE:BIGBLOC,64.47,67.42,64.26,66.35,235965.0,2.9160850007755474,1.1135508155583451
2123,2025-04-04,NSE:BIGBLOC,66.5,67.49,61.25,63.33,302040.0,-4.551620195930665,2.9160850007755474
2124,2025-04-07,NSE:BIGBLOC,60.6,62.0,59.03,61.66,252166.0,-2.6369808937312516,-4.551620195930665
2125,2025-04-08,NSE:BIGBLOC,61.75,63.54,61.01,61.96,178529.0,0.48653908530652656,-2.6369808937312516
2126,2025-04-09,NSE:BIGBLOC,61.96,62.5,60.64,61.5,82777.0,-0.7424144609425449,0.48653908530652656
2127,2025-04-11,NSE:BIGBLOC,63.5,63.5,61.5,62.29,97697.0,1.2845528455284538,-0.7424144609425449
2128,2025-04-15,NSE:BIGBLOC,62.84,65.87,62.84,65.29,157249.0,4.816182372772527,1.2845528455284538
2129,2025-04-16,NSE:BIGBLOC,65.29,67.79,65.29,66.49,139051.0,1.8379537448307375,4.816182372772527
2130,2025-04-17,NSE:BIGBLOC,66.5,68.29,66.0,66.75,119603.0,0.3910362460520457,1.8379537448307375
2131,2025-04-21,NSE:BIGBLOC,67.18,71.2,66.9,69.38,176059.0,3.9400749063670344,0.3910362460520457
2132,2025-04-22,NSE:BIGBLOC,71.0,74.9,68.86,73.85,599532.0,6.442778898818102,3.9400749063670344
2133,2025-04-23,NSE:BIGBLOC,75.0,76.69,72.11,74.25,431798.0,0.5416384563304072,6.442778898818102
2134,2025-04-24,NSE:BIGBLOC,73.99,74.38,70.92,71.71,213238.0,-3.4208754208754293,0.5416384563304072
2135,2025-04-25,NSE:BIGBLOC,71.9,72.73,67.41,68.58,221210.0,-4.364802677450838,-3.4208754208754293
2136,2025-04-28,NSE:BIGBLOC,69.69,69.69,66.66,67.58,124524.0,-1.458151064450277,-4.364802677450838
2137,2025-04-29,NSE:BIGBLOC,67.9,69.39,67.1,67.47,80697.0,-0.162770050310742,-1.458151064450277
2138,2025-04-30,NSE:BIGBLOC,67.47,67.55,65.0,65.45,65358.0,-2.993923225137092,-0.162770050310742
2139,2025-05-02,NSE:BIGBLOC,64.8,66.66,63.32,64.25,122558.0,-1.833460656990073,-2.993923225137092
2140,2025-05-05,NSE:BIGBLOC,64.74,66.57,63.53,65.96,86363.0,2.6614785992217804,-1.833460656990073
2141,2025-05-06,NSE:BIGBLOC,66.93,66.97,62.0,62.68,115690.0,-4.9727107337780385,2.6614785992217804
2142,2025-05-07,NSE:BIGBLOC,61.6,63.65,61.0,62.03,137352.0,-1.0370134014039543,-4.9727107337780385
2143,2025-05-08,NSE:BIGBLOC,61.78,65.29,61.75,62.85,150395.0,1.3219409962921171,-1.0370134014039543
2144,2025-05-09,NSE:BIGBLOC,60.17,62.85,59.96,62.11,162082.0,-1.177406523468579,1.3219409962921171
2145,2025-05-12,NSE:BIGBLOC,64.0,66.7,64.0,65.88,156373.0,6.069876026404759,-1.177406523468579
2146,2025-05-13,NSE:BIGBLOC,66.9,68.29,65.7,66.86,109192.0,1.4875531268973954,6.069876026404759
2147,2025-05-14,NSE:BIGBLOC,67.0,68.84,66.3,68.37,130907.0,2.2584504935686587,1.4875531268973954
2148,2025-05-15,NSE:BIGBLOC,69.29,70.18,67.62,69.26,177173.0,1.3017405294719915,2.2584504935686587
2149,2025-05-16,NSE:BIGBLOC,69.99,70.64,67.49,68.02,261015.0,-1.790355183367036,1.3017405294719915
2150,2025-05-19,NSE:BIGBLOC,68.0,70.29,67.0,67.34,274133.0,-0.9997059688326855,-1.790355183367036
2151,2025-05-20,NSE:BIGBLOC,67.34,69.19,66.34,66.76,146382.0,-0.8613008613008587,-0.9997059688326855
2152,2025-05-21,NSE:BIGBLOC,66.76,67.71,66.06,67.22,100182.0,0.6890353505092776,-0.8613008613008587
2153,2025-05-22,NSE:BIGBLOC,67.0,67.88,66.28,67.27,65321.0,0.07438262421897822,0.6890353505092776
2154,2025-05-23,NSE:BIGBLOC,67.27,68.63,66.6,68.05,132279.0,1.1595064664783725,0.07438262421897822
2155,2025-05-26,NSE:BIGBLOC,68.05,69.0,67.64,68.33,83475.0,0.41146216017634263,1.1595064664783725
2156,2025-05-27,NSE:BIGBLOC,67.66,68.99,66.86,67.9,74218.0,-0.6292989901946328,0.41146216017634263
2157,2025-05-28,NSE:BIGBLOC,68.5,68.94,67.7,68.12,66563.0,0.3240058910161986,-0.6292989901946328
2158,2025-05-29,NSE:BIGBLOC,68.12,68.28,67.01,67.35,62388.0,-1.1303581914269085,0.3240058910161986
2159,2025-05-30,NSE:BIGBLOC,67.52,67.69,65.5,66.04,122332.0,-1.9450631031922616,-1.1303581914269085
2160,2025-06-02,NSE:BIGBLOC,64.0,64.76,62.25,63.72,254559.0,-3.513022410660217,-1.9450631031922616
2161,2025-06-03,NSE:BIGBLOC,63.8,64.5,62.25,62.63,128026.0,-1.7106089139987388,-3.513022410660217
2162,2025-06-04,NSE:BIGBLOC,63.0,63.9,62.04,63.58,124416.0,1.5168449624780387,-1.7106089139987388
2163,2025-06-05,NSE:BIGBLOC,64.68,65.79,63.21,63.61,134085.0,0.04718464926077562,1.5168449624780387
2164,2025-06-06,NSE:BIGBLOC,63.99,64.89,62.45,62.8,178628.0,-1.2733846879421509,0.04718464926077562
2165,2025-06-09,NSE:BIGBLOC,62.8,67.99,62.8,65.73,358011.0,4.665605095541412,-1.2733846879421509
2166,2025-06-10,NSE:BIGBLOC,66.1,66.18,65.0,65.4,95566.0,-0.5020538566864419,4.665605095541412
2167,2025-06-11,NSE:BIGBLOC,65.73,68.4,65.15,66.82,258340.0,2.17125382262995,-0.5020538566864419
2168,2025-06-12,NSE:BIGBLOC,67.67,68.1,65.0,65.58,115844.0,-1.8557318168213033,2.17125382262995
2169,2025-06-13,NSE:BIGBLOC,64.8,65.34,63.23,64.21,98246.0,-2.0890515401036973,-1.8557318168213033
2170,2025-06-16,NSE:BIGBLOC,63.3,74.4,62.5,70.0,1872000.0,9.017287026942853,-2.0890515401036973
2171,2025-06-17,NSE:BIGBLOC,70.9,72.32,64.25,65.33,724481.0,-6.671428571428574,9.017287026942853
2172,2025-06-18,NSE:BIGBLOC,65.01,67.0,63.58,64.19,315730.0,-1.7449869891320997,-6.671428571428574
2173,2025-06-19,NSE:BIGBLOC,64.43,65.29,63.0,63.33,152691.0,-1.3397725502414697,-1.7449869891320997
2174,2025-06-20,NSE:BIGBLOC,63.33,64.48,62.76,64.06,86408.0,1.1526922469603726,-1.3397725502414697
2175,2025-06-23,NSE:BIGBLOC,63.1,64.18,62.53,63.77,97037.0,-0.4527005931938794,1.1526922469603726
2176,2025-06-24,NSE:BIGBLOC,64.0,66.1,63.76,64.35,110837.0,0.9095185824055059,-0.4527005931938794
2177,2025-06-25,NSE:BIGBLOC,64.79,65.85,64.44,65.54,77989.0,1.849261849261868,0.9095185824055059
2178,2025-06-26,NSE:BIGBLOC,65.79,66.11,64.0,64.71,94370.0,-1.2664021971315416,1.849261849261868
2179,2025-06-27,NSE:BIGBLOC,65.24,67.03,65.0,65.29,101270.0,0.8963065986710131,-1.2664021971315416
2180,2025-06-30,NSE:BIGBLOC,65.11,66.13,63.02,63.93,168995.0,-2.0830142441415322,0.8963065986710131
2181,2025-07-01,NSE:BIGBLOC,63.5,65.65,63.5,64.44,76285.0,0.7977475363678993,-2.0830142441415322
2182,2025-07-02,NSE:BIGBLOC,64.44,64.77,63.5,64.09,70025.0,-0.543140906269389,0.7977475363678993
2183,2025-07-03,NSE:BIGBLOC,64.09,64.4,63.5,63.67,93416.0,-0.6553284443751002,-0.543140906269389
2184,2025-07-04,NSE:BIGBLOC,64.05,64.51,63.5,63.89,63564.0,0.3455316475577177,-0.6553284443751002
2185,2025-07-07,NSE:BIGBLOC,63.89,65.0,63.03,63.54,85038.0,-0.5478165597120073,0.3455316475577177
2186,2025-07-08,NSE:BIGBLOC,63.54,64.2,63.05,63.48,60527.0,-0.09442870632672691,-0.5478165597120073
2187,2025-07-09,NSE:BIGBLOC,64.3,64.3,63.3,63.55,63424.0,0.1102709514807818,-0.09442870632672691
2188,2025-07-10,NSE:BIGBLOC,63.5,64.28,63.0,63.47,79043.0,-0.12588512981903746,0.1102709514807818
2189,2025-07-11,NSE:BIGBLOC,63.77,64.04,62.51,63.2,62105.0,-0.42539782574443996,-0.12588512981903746
2190,2025-07-14,NSE:BIGBLOC,63.57,63.65,62.4,62.61,61082.0,-0.9335443037974737,-0.42539782574443996
2191,2025-07-15,NSE:BIGBLOC,63.5,63.5,61.49,61.66,174522.0,-1.5173295000798641,-0.9335443037974737
2192,2025-07-16,NSE:BIGBLOC,61.98,62.9,61.78,62.44,65315.0,1.2650016217969529,-1.5173295000798641
2193,2025-07-17,NSE:BIGBLOC,63.3,63.3,61.08,61.41,131294.0,-1.6495836002562478,1.2650016217969529
2194,2025-07-18,NSE:BIGBLOC,62.24,62.24,60.86,61.31,54042.0,-0.16283992835042227,-1.6495836002562478
2195,2025-07-21,NSE:BIGBLOC,61.5,62.52,60.9,61.35,57010.0,0.0652422117109756,-0.16283992835042227
2196,2025-07-22,NSE:BIGBLOC,61.74,62.24,61.01,61.28,43457.0,-0.11409942950285294,0.0652422117109756
2197,2025-07-23,NSE:BIGBLOC,61.28,61.94,60.57,61.53,79252.0,0.4079634464751958,-0.11409942950285294
2198,2025-07-24,NSE:BIGBLOC,61.53,62.33,61.28,61.77,58756.0,0.39005363237445473,0.4079634464751958
2199,2025-07-25,NSE:BIGBLOC,61.78,61.91,60.1,60.32,47318.0,-2.3474178403755914,0.39005363237445473
2200,2025-07-28,NSE:BIGBLOC,60.22,60.77,59.8,59.94,68676.0,-0.6299734748010652,-2.3474178403755914
2201,2025-07-29,NSE:BIGBLOC,60.2,60.48,59.82,60.18,40611.0,0.4004004004004037,-0.6299734748010652
2202,2025-07-30,NSE:BIGBLOC,60.77,60.88,59.12,59.32,51943.0,-1.4290461947490851,0.4004004004004037
2203,2025-07-31,NSE:BIGBLOC,59.0,59.38,57.5,58.35,78019.0,-1.6351989211058646,-1.4290461947490851
2204,2025-08-01,NSE:BIGBLOC,58.35,59.74,58.0,58.18,45022.0,-0.29134532990574413,-1.6351989211058646
2205,2025-08-04,NSE:BIGBLOC,59.0,59.0,58.0,58.08,65470.0,-0.17188037126160438,-0.29134532990574413
2206,2025-08-05,NSE:BIGBLOC,58.08,58.77,54.31,54.81,173032.0,-5.630165289256191,-0.17188037126160438
2207,2025-08-06,NSE:BIGBLOC,54.81,56.84,52.51,52.93,128997.0,-3.4300310162379173,-5.630165289256191
2208,2025-08-07,NSE:BIGBLOC,52.11,53.68,51.75,53.35,109640.0,0.7935008501794856,-3.4300310162379173
2209,2025-08-08,NSE:BIGBLOC,54.14,54.14,51.05,51.4,74453.0,-3.6551077788191244,0.7935008501794856
2210,2025-08-11,NSE:BIGBLOC,51.4,52.49,49.47,50.88,234895.0,-1.011673151750965,-3.6551077788191244
2211,2025-08-12,NSE:BIGBLOC,49.44,52.81,49.44,51.14,127354.0,0.5110062893081722,-1.011673151750965
2212,2025-08-13,NSE:BIGBLOC,51.9,53.43,51.0,51.91,103165.0,1.5056707078607667,0.5110062893081722
2213,2025-08-14,NSE:BIGBLOC,52.58,52.58,50.0,50.06,65374.0,-3.56386052783663,1.5056707078607667
2214,2025-08-18,NSE:BIGBLOC,50.13,52.07,50.0,50.83,122512.0,1.5381542149420615,-3.56386052783663
2215,2025-08-19,NSE:BIGBLOC,51.01,58.47,50.95,56.57,352452.0,11.292543773362192,1.5381542149420615
2216,2025-08-20,NSE:BIGBLOC,57.02,59.21,55.97,58.25,185662.0,2.9697719639384825,11.292543773362192
2217,2025-08-21,NSE:BIGBLOC,58.9,60.0,57.11,59.17,123195.0,1.5793991416309043,2.9697719639384825
2218,2025-08-22,NSE:BIGBLOC,58.49,59.15,56.91,58.62,59557.0,-0.929525097177631,1.5793991416309043
2219,2025-08-25,NSE:BIGBLOC,59.43,62.0,58.79,60.76,138300.0,3.6506311838962824,-0.929525097177631
2220,2025-08-26,NSE:BIGBLOC,60.46,60.46,58.0,58.21,35363.0,-4.19684002633311,3.6506311838962824
2221,2025-08-28,NSE:BIGBLOC,58.2,58.2,54.15,54.89,72588.0,-5.703487373303556,-4.19684002633311
2222,2025-08-29,NSE:BIGBLOC,55.12,55.97,54.3,54.91,45756.0,0.03643650938239392,-5.703487373303556
2223,2025-09-01,NSE:BIGBLOC,54.91,56.29,54.5,55.48,63713.0,1.0380622837370248,0.03643650938239392
2224,2025-09-02,NSE:BIGBLOC,55.53,63.0,55.53,59.18,254350.0,6.669069935111757,1.0380622837370248
2225,2025-09-03,NSE:BIGBLOC,59.62,60.25,58.44,59.67,49267.0,0.8279824264954411,6.669069935111757
2226,2025-09-04,NSE:BIGBLOC,60.78,62.0,57.0,57.6,140916.0,-3.469079939668175,0.8279824264954411
2227,2025-09-05,NSE:BIGBLOC,58.06,61.5,57.83,60.94,80286.0,5.7986111111111045,-3.469079939668175
2228,2025-09-08,NSE:BIGBLOC,61.53,63.0,60.33,61.7,114824.0,1.2471283229406058,5.7986111111111045
2229,2025-09-09,NSE:BIGBLOC,62.0,62.18,60.1,60.42,52639.0,-2.0745542949756905,1.2471283229406058
2230,2025-09-10,NSE:BIGBLOC,60.66,62.55,59.1,59.4,68527.0,-1.688182720953332,-2.0745542949756905
2231,2025-09-11,NSE:BIGBLOC,59.69,60.49,57.98,58.33,52299.0,-1.801346801346802,-1.688182720953332
2232,2025-09-12,NSE:BIGBLOC,58.91,59.52,57.1,57.74,64557.0,-1.011486370649745,-1.801346801346802
2233,2025-09-15,NSE:BIGBLOC,58.46,58.46,57.0,57.24,42951.0,-0.8659508139937652,-1.011486370649745
2234,2025-09-16,NSE:BIGBLOC,57.24,59.7,57.24,57.87,70009.0,1.100628930817602,-0.8659508139937652
2235,2025-09-17,NSE:BIGBLOC,58.39,59.41,57.5,57.64,48723.0,-0.3974425436322738,1.100628930817602
2236,2025-09-18,NSE:BIGBLOC,58.49,59.23,57.0,57.66,78344.0,0.03469812630117283,-0.3974425436322738
2237,2025-09-19,NSE:BIGBLOC,57.2,58.1,56.1,56.72,62580.0,-1.6302462712452268,0.03469812630117283
2238,2025-09-22,NSE:BIGBLOC,56.72,60.78,56.67,57.77,312697.0,1.851198871650219,-1.6302462712452268
2239,2025-09-23,NSE:BIGBLOC,58.16,58.16,56.56,57.49,100220.0,-0.48468063008482104,1.851198871650219
2240,2025-09-24,NSE:BIGBLOC,57.15,58.0,57.15,57.41,33614.0,-0.13915463558880745,-0.48468063008482104
2241,2025-09-25,NSE:BIGBLOC,57.45,58.74,56.0,56.28,33822.0,-1.968298205887468,-0.13915463558880745
2242,2025-09-26,NSE:BIGBLOC,56.25,56.25,54.26,54.93,82927.0,-2.3987206823027742,-1.968298205887468
2243,2025-09-29,NSE:BIGBLOC,55.8,55.8,53.23,54.29,68284.0,-1.1651192426724932,-2.3987206823027742
2244,2025-09-30,NSE:BIGBLOC,54.15,56.76,54.15,56.42,60083.0,3.923374470436549,-1.1651192426724932
2245,2025-10-01,NSE:BIGBLOC,55.42,56.41,55.1,55.7,50414.0,-1.2761432116270806,3.923374470436549
2246,2025-10-03,NSE:BIGBLOC,55.5,56.26,54.07,55.45,79887.0,-0.4488330341113106,-1.2761432116270806
2247,2025-10-06,NSE:BIGBLOC,56.23,56.94,54.05,54.52,42038.0,-1.6771866546438228,-0.4488330341113106
2248,2025-10-07,NSE:BIGBLOC,55.16,55.16,53.5,53.72,58770.0,-1.4673514306676527,-1.6771866546438228
2249,2025-10-08,NSE:BIGBLOC,53.72,54.65,52.0,52.51,117155.0,-2.2524199553239033,-1.4673514306676527
2250,2025-10-09,NSE:BIGBLOC,52.9,53.22,52.0,52.68,48408.0,0.32374785755094593,-2.2524199553239033
2251,2025-10-10,NSE:BIGBLOC,53.48,54.11,53.0,53.5,65631.0,1.5565679574791198,0.32374785755094593
2252,2025-10-13,NSE:BIGBLOC,53.0,53.43,52.0,52.58,86425.0,-1.7196261682243024,1.5565679574791198
2253,2025-10-14,NSE:BIGBLOC,52.12,53.28,51.51,51.63,51424.0,-1.80677063522251,-1.7196261682243024
2254,2025-10-15,NSE:BIGBLOC,51.63,52.52,51.25,51.59,68824.0,-0.07747433662599099,-1.80677063522251
2255,2025-10-16,NSE:BIGBLOC,52.52,53.65,52.01,52.12,62612.0,1.027330878077135,-0.07747433662599099
2256,2025-10-17,NSE:BIGBLOC,52.12,52.12,51.0,51.14,58817.0,-1.8802762854950057,1.027330878077135
2257,2025-10-20,NSE:BIGBLOC,51.0,52.5,51.0,51.15,55102.0,0.019554165037149022,-1.8802762854950057
2258,2025-10-21,NSE:BIGBLOC,51.3,52.8,50.62,51.64,42609.0,0.9579667644183812,0.019554165037149022
2259,2025-10-23,NSE:BIGBLOC,52.52,52.69,51.61,51.92,67734.0,0.5422153369481044,0.9579667644183812
2260,2025-10-24,NSE:BIGBLOC,51.1,52.58,51.0,51.39,63146.0,-1.0208012326656417,0.5422153369481044
2261,2025-10-27,NSE:BIGBLOC,51.28,51.99,51.0,51.32,48787.0,-0.13621327106440997,-1.0208012326656417
2262,2025-10-28,NSE:BIGBLOC,51.0,52.95,51.0,51.16,56166.0,-0.3117692907248708,-0.13621327106440997
2263,2025-10-29,NSE:BIGBLOC,51.35,51.94,51.0,51.35,57605.0,0.37138389366693675,-0.3117692907248708
2264,2025-10-30,NSE:BIGBLOC,51.0,52.84,51.0,51.59,94188.0,0.4673807205452814,0.37138389366693675
2265,2025-10-31,NSE:BIGBLOC,51.4,52.8,51.0,51.15,59611.0,-0.8528784648187727,0.4673807205452814
2266,2025-11-03,NSE:BIGBLOC,51.3,52.0,51.0,51.56,32975.0,0.8015640273704862,-0.8528784648187727
2267,2025-11-04,NSE:BIGBLOC,52.2,52.39,50.6,51.01,43974.0,-1.0667183863460128,0.8015640273704862
2268,2025-11-06,NSE:BIGBLOC,50.8,51.15,49.6,50.17,104352.0,-1.6467359341305554,-1.0667183863460128
2269,2025-11-07,NSE:BIGBLOC,50.2,51.21,50.0,50.22,61855.0,0.0996611520829124,-1.6467359341305554
2270,2025-11-10,NSE:BIGBLOC,50.2,51.48,50.0,50.56,73125.0,0.6770211071286408,0.0996611520829124
2271,2025-11-11,NSE:BIGBLOC,50.89,50.89,48.25,48.46,121460.0,-4.15348101265823,0.6770211071286408
2272,2025-11-12,NSE:BIGBLOC,49.4,50.05,48.46,48.88,44603.0,0.866694180767647,-4.15348101265823
2273,2025-11-13,NSE:BIGBLOC,50.0,52.4,48.83,50.54,91711.0,3.3960720130932827,0.866694180767647
2274,2025-11-14,NSE:BIGBLOC,50.9,50.9,49.1,50.14,42554.0,-0.7914523149980186,3.3960720130932827
2275,2025-11-17,NSE:BIGBLOC,49.75,54.0,49.75,52.59,257133.0,4.886318308735546,-0.7914523149980186
2276,2025-11-18,NSE:BIGBLOC,52.78,53.11,50.6,52.38,91011.0,-0.39931545921277967,4.886318308735546
2277,2025-11-19,NSE:BIGBLOC,51.1,54.2,50.81,52.5,123332.0,0.2290950744558943,-0.39931545921277967
2278,2025-11-20,NSE:BIGBLOC,51.5,52.38,51.0,51.13,57757.0,-2.6095238095238047,0.2290950744558943
2279,2025-11-21,NSE:BIGBLOC,51.9,51.98,51.0,51.62,22828.0,0.9583414824955894,-2.6095238095238047
2280,2025-11-24,NSE:BIGBLOC,52.25,53.84,52.0,52.67,123545.0,2.034095311894623,0.9583414824955894
2281,2025-11-25,NSE:BIGBLOC,53.0,58.8,51.46,57.35,519573.0,8.885513575090183,2.034095311894623
2282,2025-11-26,NSE:BIGBLOC,57.35,68.4,56.1,66.11,2615518.0,15.274629468177853,8.885513575090183
2283,2025-11-27,NSE:BIGBLOC,66.0,71.0,64.11,67.64,1639588.0,2.3143246104976574,15.274629468177853
2284,2025-11-28,NSE:BIGBLOC,67.51,68.28,62.0,63.94,352130.0,-5.47013601419279,2.3143246104976574
2285,2025-12-01,NSE:BIGBLOC,64.37,64.37,62.61,63.09,207210.0,-1.3293712855802227,-5.47013601419279
2286,2025-12-02,NSE:BIGBLOC,62.1,69.25,62.1,66.81,930607.0,5.896338563956251,-1.3293712855802227
2287,2025-12-03,NSE:BIGBLOC,67.38,67.49,65.0,65.17,226732.0,-2.45472234695405,5.896338563956251
2288,2025-12-04,NSE:BIGBLOC,65.5,67.7,65.5,65.9,133306.0,1.120147307043124,-2.45472234695405
2289,2025-12-05,NSE:BIGBLOC,65.95,66.0,62.91,65.57,79747.0,-0.5007587253414454,1.120147307043124
2290,2025-12-08,NSE:BIGBLOC,65.4,67.48,65.0,65.18,161341.0,-0.5947842000914846,-0.5007587253414454
2291,2025-12-09,NSE:BIGBLOC,65.0,66.49,62.51,65.91,218992.0,1.119975452592804,-0.5947842000914846
2292,2025-12-10,NSE:BIGBLOC,66.5,69.79,66.1,66.62,226768.0,1.0772265210135155,1.119975452592804
2293,2025-12-11,NSE:BIGBLOC,66.51,68.14,65.5,67.1,121453.0,0.7205043530471176,1.0772265210135155
2294,2025-12-12,NSE:BIGBLOC,67.1,68.31,66.1,66.37,103505.0,-1.0879284649776302,0.7205043530471176
2295,2025-12-15,NSE:BIGBLOC,65.4,72.0,65.4,70.66,450654.0,6.463763748681621,-1.0879284649776302
2296,2025-12-16,NSE:BIGBLOC,70.99,74.85,70.71,73.43,1290447.0,3.92018114916503,6.463763748681621
2297,2025-12-17,NSE:BIGBLOC,74.99,74.99,70.1,71.42,637612.0,-2.7373008307231443,3.92018114916503
2298,2025-12-18,NSE:BIGBLOC,73.7,74.16,69.41,70.95,570675.0,-0.6580789694763356,-2.7373008307231443
2299,2025-12-19,NSE:BIGBLOC,70.8,71.62,66.82,67.39,421083.0,-5.017618040873858,-0.6580789694763356
2300,2025-12-22,NSE:BIGBLOC,67.4,68.88,64.6,65.99,305289.0,-2.0774595637335,-5.017618040873858
2301,2025-12-23,NSE:BIGBLOC,67.0,70.67,65.91,69.0,294466.0,4.561297166237317,-2.0774595637335
2302,2025-12-24,NSE:BIGBLOC,69.24,69.94,67.0,67.59,147891.0,-2.04347826086956,4.561297166237317
2303,2025-12-26,NSE:BIGBLOC,67.95,70.84,67.12,69.77,379637.0,3.2253291907086736,-2.04347826086956
2304,2025-12-29,NSE:BIGBLOC,69.41,70.63,66.5,66.95,255827.0,-4.041851798767369,3.2253291907086736
2305,2025-12-30,NSE:BIGBLOC,66.95,73.25,66.1,72.38,1487576.0,8.110530246452566,-4.041851798767369
2306,2025-12-31,NSE:BIGBLOC,73.5,78.85,73.5,78.02,2829962.0,7.792207792207793,8.110530246452566
2307,2026-01-01,NSE:BIGBLOC,79.19,80.0,74.1,75.04,1253371.0,-3.819533452960766,7.792207792207793
2308,2026-01-02,NSE:BIGBLOC,75.1,75.64,72.1,73.06,275277.0,-2.638592750533054,-3.819533452960766
2309,2026-01-05,NSE:BIGBLOC,72.99,73.8,70.2,70.46,285240.0,-3.558718861209976,-2.638592750533054
2310,2026-01-06,NSE:BIGBLOC,70.45,72.48,68.8,69.59,201578.0,-1.2347431166619223,-3.558718861209976
2311,2026-01-07,NSE:BIGBLOC,69.0,75.94,68.56,72.13,833492.0,3.6499497054174337,-1.2347431166619223
2312,2026-01-08,NSE:BIGBLOC,71.5,72.88,69.5,70.28,217425.0,-2.5648135311243507,3.6499497054174337
2313,2026-01-09,NSE:BIGBLOC,69.55,70.6,68.0,68.42,211048.0,-2.646556630620375,-2.5648135311243507
2314,2026-01-12,NSE:BIGBLOC,68.45,68.85,66.0,66.54,163922.0,-2.7477345805320015,-2.646556630620375
2315,2026-01-13,NSE:BIGBLOC,66.15,69.35,66.15,68.52,120155.0,2.9756537421099933,-2.7477345805320015
2316,2026-01-14,NSE:BIGBLOC,67.85,69.09,67.0,67.16,113126.0,-1.9848219497956794,2.9756537421099933
2317,2026-01-16,NSE:BIGBLOC,67.5,71.5,66.2,70.18,229278.0,4.496724240619432,-1.9848219497956794
2318,2026-01-19,NSE:BIGBLOC,70.18,71.09,67.1,67.62,152584.0,-3.6477628954118013,4.496724240619432
2319,2026-01-20,NSE:BIGBLOC,67.7,68.86,62.15,64.37,237953.0,-4.8062703342206445,-3.6477628954118013
2320,2026-01-21,NSE:BIGBLOC,63.4,64.29,59.24,59.96,384481.0,-6.85101755476154,-4.8062703342206445
2321,2026-01-22,NSE:BIGBLOC,60.05,62.89,59.36,62.08,228723.0,3.5356904603068666,-6.85101755476154
2322,2026-01-23,NSE:BIGBLOC,61.5,63.19,56.15,57.69,209525.0,-7.071520618556702,3.5356904603068666
2323,2026-01-27,NSE:BIGBLOC,57.48,58.2,55.8,56.78,228967.0,-1.577396429190495,-7.071520618556702
2324,2026-01-28,NSE:BIGBLOC,56.78,61.18,56.41,59.71,131932.0,5.160267699894328,-1.577396429190495
2325,2026-01-29,NSE:BIGBLOC,60.05,60.19,57.5,57.99,132262.0,-2.880589515993969,5.160267699894328
2326,2026-01-30,NSE:BIGBLOC,57.1,58.07,55.55,57.13,212893.0,-1.4830143128125528,-2.880589515993969
2327,2026-02-01,NSE:BIGBLOC,56.75,59.19,56.18,58.11,92016.0,1.7153859618414087,-1.4830143128125528
2328,2026-02-02,NSE:BIGBLOC,58.11,58.11,53.15,56.4,288603.0,-2.9426948890036155,1.7153859618414087
2329,2026-02-03,NSE:BIGBLOC,57.12,59.79,56.33,57.25,93753.0,1.5070921985815628,-2.9426948890036155
