,datetime,symbol,open,high,low,close,volume,change (%),last day change (%)
0,2005-06-14,NSE:MARICO,12.8550005,13.1,12.75,12.9975005,623580.0,,
1,2005-06-15,NSE:MARICO,12.9899995,13.0,12.8050005,12.8399995,319140.0,-1.211779141689588,
2,2005-06-16,NSE:MARICO,12.875,12.875,12.2,12.36,150040.0,-3.738314008501324,-1.211779141689588
3,2005-06-17,NSE:MARICO,12.35,12.4775,12.0,12.0449995,348180.0,-2.5485477346278316,-3.738314008501324
4,2005-06-20,NSE:MARICO,12.15,12.375,11.8574995,11.9324995,531980.0,-0.9339975481111389,-2.5485477346278316
5,2005-06-21,NSE:MARICO,12.8,12.8,11.85,11.9699995,456100.0,0.3142677692967818,-0.9339975481111389
6,2005-06-22,NSE:MARICO,12.0,12.1,11.86,11.975,289400.0,0.04177527325710848,0.3142677692967818
7,2005-06-23,NSE:MARICO,12.1,12.1,11.9,11.9725,132420.0,-0.02087682672233405,0.04177527325710848
8,2005-06-24,NSE:MARICO,11.9050005,12.05,11.89,11.975,642220.0,0.020881186051363562,-0.02087682672233405
9,2005-06-27,NSE:MARICO,11.95,12.75,11.95,12.5475,1842360.0,4.780793319415447,0.020881186051363562
10,2005-06-28,NSE:MARICO,12.6,12.9,12.4,12.55,806260.0,0.019924287706724678,4.780793319415447
11,2005-06-29,NSE:MARICO,12.1050005,13.1,12.1050005,12.5574995,363980.0,0.05975697211155195,0.019924287706724678
12,2005-06-30,NSE:MARICO,12.85,12.85,12.3800005,12.5,763340.0,-0.45788972557793434,0.05975697211155195
13,2005-07-01,NSE:MARICO,12.6,12.7975,12.4050005,12.6725,1058320.0,1.3799999999999955,-0.45788972557793434
14,2005-07-04,NSE:MARICO,12.7449995,13.25,12.6050005,13.1675005,481880.0,3.9060998224501855,1.3799999999999955
15,2005-07-05,NSE:MARICO,13.2,13.3899995,13.0024995,13.2975005,497480.0,0.9872792486318933,3.9060998224501855
16,2005-07-06,NSE:MARICO,13.4449995,13.45,13.025,13.1524995,198980.0,-1.0904380112638505,0.9872792486318933
17,2005-07-07,NSE:MARICO,13.0574995,13.2725005,13.0,13.1199995,208840.0,-0.24710132093142345,-1.0904380112638505
18,2005-07-08,NSE:MARICO,13.25,13.4449995,13.0600005,13.3875,266400.0,2.038875839896174,-0.24710132093142345
19,2005-07-11,NSE:MARICO,13.45,13.5875,12.8875,13.5199995,453480.0,0.9897254901960901,2.038875839896174
20,2005-07-12,NSE:MARICO,13.475,13.7,13.4,13.5550005,312280.0,0.25888314566875087,0.9897254901960901
21,2005-07-13,NSE:MARICO,13.5550005,13.6550005,13.3699995,13.4550005,585720.0,-0.7377351258673849,0.25888314566875087
22,2005-07-14,NSE:MARICO,13.4550005,13.4550005,12.9,12.9774995,289620.0,-3.5488738926468275,-0.7377351258673849
23,2005-07-15,NSE:MARICO,13.1,13.25,12.8100005,12.9925005,231760.0,0.11559237586562666,-3.5488738926468275
24,2005-07-18,NSE:MARICO,13.1050005,13.7,13.1050005,13.5425005,417500.0,4.2332113052448905,0.11559237586562666
25,2005-07-19,NSE:MARICO,13.5100005,13.6975005,13.2600005,13.5074995,342360.0,-0.25845300873350086,4.2332113052448905
26,2005-07-20,NSE:MARICO,13.5024995,14.0,13.5,13.8,277920.0,2.16546741312114,-0.25845300873350086
27,2005-07-21,NSE:MARICO,13.8,13.9449995,13.7,13.9074995,288180.0,0.7789818840579668,2.16546741312114
28,2005-07-22,NSE:MARICO,14.1,14.7,13.85,14.0524995,663320.0,1.0426029495812643,0.7789818840579668
29,2005-07-25,NSE:MARICO,14.15,14.4,13.9050005,14.0074995,271160.0,-0.32022772888196815,1.0426029495812643
30,2005-07-26,NSE:MARICO,14.0774995,14.3,13.5,13.8100005,412400.0,-1.4099518618580036,-0.32022772888196815
31,2005-07-27,NSE:MARICO,13.55,13.8975005,13.5125,13.6324995,117940.0,-1.2853077014732872,-1.4099518618580036
32,2005-07-29,NSE:MARICO,13.9475005,14.2449995,13.1524995,13.3125,143220.0,-2.3473281623813724,-1.2853077014732872
33,2005-08-01,NSE:MARICO,13.9949995,14.225,13.45,14.1649995,451800.0,6.403752112676059,-2.3473281623813724
34,2005-08-02,NSE:MARICO,14.4875,15.05,14.4,14.5274995,776980.0,2.5591246932271257,6.403752112676059
35,2005-08-03,NSE:MARICO,15.0,15.2375,14.5100005,14.6574995,641480.0,0.8948546169284038,2.5591246932271257
36,2005-08-04,NSE:MARICO,15.0,15.0,14.5,14.5149995,153900.0,-0.9721985663380037,0.8948546169284038
37,2005-08-05,NSE:MARICO,14.35,14.7899995,14.2524995,14.3399995,101760.0,-1.2056493698122464,-0.9721985663380037
38,2005-08-08,NSE:MARICO,14.2550005,14.6475005,13.325,13.6524995,321220.0,-4.794281896592814,-1.2056493698122464
39,2005-08-09,NSE:MARICO,13.5524995,14.0,13.4,13.4824995,242620.0,-1.2451932336639158,-4.794281896592814
40,2005-08-10,NSE:MARICO,13.7399995,13.9,13.5774995,13.7850005,103280.0,2.2436566750846256,-1.2451932336639158
41,2005-08-11,NSE:MARICO,14.45,14.45,13.75,14.1175005,487860.0,2.412041987230973,2.2436566750846256
42,2005-08-12,NSE:MARICO,13.9024995,14.125,13.7,14.0149995,115240.0,-0.7260562873718345,2.412041987230973
43,2005-08-16,NSE:MARICO,13.7600005,14.3699995,13.7600005,14.1774995,160000.0,1.159472035657223,-0.7260562873718345
44,2005-08-17,NSE:MARICO,14.0050005,14.2875,13.9524995,14.2175005,844780.0,0.28214425258840725,1.159472035657223
45,2005-08-18,NSE:MARICO,14.6625,14.6625,14.0274995,14.1600005,496420.0,-0.40443114456017937,0.28214425258840725
46,2005-08-19,NSE:MARICO,14.1,14.2,13.8274995,14.0100005,210940.0,-1.05932199649287,-0.40443114456017937
47,2005-08-22,NSE:MARICO,14.0,14.1475005,13.85,13.8550005,254340.0,-1.106352565797561,-1.05932199649287
48,2005-08-23,NSE:MARICO,13.7524995,14.0975005,13.7524995,13.9574995,480620.0,0.7397978801949641,-1.106352565797561
49,2005-08-24,NSE:MARICO,14.25,14.25,13.8,13.9399995,263400.0,-0.12538062423000676,0.7397978801949641
50,2005-08-25,NSE:MARICO,13.8625,14.1725005,13.8625,14.0050005,127540.0,0.46629126493152856,-0.12538062423000676
51,2005-08-26,NSE:MARICO,14.1,14.25,14.0,14.0949995,89480.0,0.6426204697386523,0.46629126493152856
52,2005-08-29,NSE:MARICO,14.15,14.15,13.9,14.0050005,109940.0,-0.6385172273330028,0.6426204697386523
53,2005-08-30,NSE:MARICO,14.0050005,14.1475005,13.95,14.0149995,127100.0,0.07139592747605068,-0.6385172273330028
54,2005-08-31,NSE:MARICO,14.05,14.3725005,14.0,14.1699995,228840.0,1.1059579417038108,0.07139592747605068
55,2005-09-01,NSE:MARICO,14.25,14.55,14.0524995,14.2550005,175560.0,0.5998659350693704,1.1059579417038108
56,2005-09-02,NSE:MARICO,14.7,14.7,14.0050005,14.2300005,141860.0,-0.175377054529043,0.5998659350693704
57,2005-09-05,NSE:MARICO,14.4975005,14.6,14.0100005,14.4425005,267060.0,1.493323910986513,-0.175377054529043
58,2005-09-06,NSE:MARICO,14.5,14.75,14.2824995,14.5725005,582840.0,0.9001211389952922,1.493323910986513
59,2005-09-08,NSE:MARICO,14.75,14.75,14.5,14.5024995,193680.0,-0.4803636822657823,0.9001211389952922
60,2005-09-09,NSE:MARICO,14.85,14.85,14.1625,14.3625,576200.0,-0.9653473871866022,-0.4803636822657823
61,2005-09-12,NSE:MARICO,14.35,14.9225005,14.3350005,14.4800005,237260.0,0.8181061792863251,-0.9653473871866022
62,2005-09-13,NSE:MARICO,14.3274995,14.5,14.325,14.4375,122260.0,-0.2935117301964124,0.8181061792863251
63,2005-09-14,NSE:MARICO,14.5949995,14.7274995,14.1,14.4449995,139280.0,0.051944588744587156,-0.2935117301964124
64,2005-09-15,NSE:MARICO,14.1600005,14.75,14.1524995,14.6199995,258780.0,1.2114919076321236,0.051944588744587156
65,2005-09-16,NSE:MARICO,14.25,14.75,14.25,14.5350005,4233220.0,-0.5813885287752563,1.2114919076321236
66,2005-09-19,NSE:MARICO,14.7,14.8949995,14.5024995,14.5824995,299200.0,0.32679049443445274,-0.5813885287752563
67,2005-09-20,NSE:MARICO,14.9,14.9,14.4550005,14.6550005,1338980.0,0.4971781415113303,0.32679049443445274
68,2005-09-21,NSE:MARICO,14.975,14.975,14.25,14.6975005,2109460.0,0.29000340191049756,0.4971781415113303
69,2005-09-22,NSE:MARICO,14.55,14.85,14.2800005,14.5149995,433540.0,-1.2417145350666954,0.29000340191049756
70,2005-09-23,NSE:MARICO,14.2800005,14.6949995,13.5,14.0725005,193800.0,-3.0485636599574097,-1.2417145350666954
71,2005-09-26,NSE:MARICO,13.5050005,14.85,13.5050005,14.5449995,116300.0,3.357605139186167,-3.0485636599574097
72,2005-09-27,NSE:MARICO,14.7475005,14.75,14.2524995,14.3175005,103100.0,-1.5641045570335008,3.357605139186167
73,2005-09-28,NSE:MARICO,14.3125,14.55,14.3125,14.5050005,406340.0,1.30958612503628,-1.5641045570335008
74,2005-09-29,NSE:MARICO,14.6550005,14.75,14.3,14.3274995,146700.0,-1.2237228120054149,1.30958612503628
75,2005-09-30,NSE:MARICO,14.6100005,14.7475005,14.0,14.4774995,200640.0,1.046937743742377,-1.2237228120054149
76,2005-10-03,NSE:MARICO,14.55,14.8,14.5,14.7675005,1454940.0,2.003115247905898,1.046937743742377
77,2005-10-04,NSE:MARICO,14.6,14.9350005,14.55,14.6774995,942560.0,-0.6094531704942274,2.003115247905898
78,2005-10-05,NSE:MARICO,14.7425005,14.7425005,14.4125,14.4675005,138340.0,-1.4307546050333697,-0.6094531704942274
79,2005-10-06,NSE:MARICO,14.4149995,14.5,14.25,14.3175005,210020.0,-1.0368065997302045,-1.4307546050333697
80,2005-10-07,NSE:MARICO,14.4,14.4925005,14.25,14.3574995,58240.0,0.2793713888817388,-1.0368065997302045
81,2005-10-10,NSE:MARICO,14.5,15.175,14.4,14.7,941220.0,2.385516363765152,0.2793713888817388
82,2005-10-11,NSE:MARICO,14.7300005,14.8850005,14.55,14.7149995,616480.0,0.10203741496598677,2.385516363765152
83,2005-10-13,NSE:MARICO,14.2625,14.85,14.2600005,14.7550005,179920.0,0.2718382695154028,0.10203741496598677
84,2005-10-14,NSE:MARICO,14.7475005,14.8375,14.5574995,14.7125,387000.0,-0.288041332157184,0.2718382695154028
85,2005-10-17,NSE:MARICO,14.1,14.7,14.1,14.625,90420.0,-0.5947323704333074,-0.288041332157184
86,2005-10-18,NSE:MARICO,14.75,14.75,14.5074995,14.6800005,349600.0,0.3760717948717964,-0.5947323704333074
87,2005-10-19,NSE:MARICO,14.65,14.7,14.2,14.2175005,84860.0,-3.1505448518206816,0.3760717948717964
88,2005-10-20,NSE:MARICO,14.7,14.7,13.4274995,13.5149995,544580.0,-4.9411005823421625,-3.1505448518206816
89,2005-10-21,NSE:MARICO,13.5,14.05,13.5,14.0199995,169920.0,3.7365891134513234,-4.9411005823421625
90,2005-10-24,NSE:MARICO,14.1,14.4,13.925,13.95,125960.0,-0.4992831847105383,3.7365891134513234
91,2005-10-25,NSE:MARICO,14.0,14.0,13.7524995,13.9,509640.0,-0.35842293906809275,-0.4992831847105383
92,2005-10-26,NSE:MARICO,14.0,14.125,13.5649995,13.7225005,2101600.0,-1.2769748201438826,-0.35842293906809275
93,2005-10-27,NSE:MARICO,14.0,14.4875,13.8550005,14.2050005,113240.0,3.5161230272864623,-1.2769748201438826
94,2005-10-28,NSE:MARICO,14.0,14.2175005,13.0800005,13.1975005,268900.0,-7.092572788012223,3.5161230272864623
95,2005-10-31,NSE:MARICO,13.3,14.1975005,13.2600005,13.9875,331780.0,5.985978178216401,-7.092572788012223
96,2005-11-01,NSE:MARICO,14.25,14.5,14.25,14.3324995,51520.0,2.4664843610366405,5.985978178216401
97,2005-11-02,NSE:MARICO,14.3,14.3899995,14.1,14.3274995,63180.0,-0.034885750388484446,2.4664843610366405
98,2005-11-07,NSE:MARICO,14.5,14.7850005,14.35,14.4199995,190340.0,0.6456116086411265,-0.034885750388484446
99,2005-11-08,NSE:MARICO,14.5,14.8899995,14.5,14.7725005,453400.0,2.444528517494055,0.6456116086411265
100,2005-11-09,NSE:MARICO,14.6,14.75,14.5100005,14.6175005,138680.0,-1.049246875977424,2.444528517494055
101,2005-11-10,NSE:MARICO,14.55,14.7,14.35,14.5550005,125540.0,-0.42756967923483225,-1.049246875977424
102,2005-11-11,NSE:MARICO,14.6,14.75,14.475,14.6774995,116120.0,0.841628277511907,-0.42756967923483225
103,2005-11-14,NSE:MARICO,14.6524995,14.85,14.6,14.675,178140.0,-0.017029467451175787,0.841628277511907
104,2005-11-16,NSE:MARICO,14.05,14.925,14.05,14.7600005,105780.0,0.5792197614991454,-0.017029467451175787
105,2005-11-17,NSE:MARICO,14.75,14.9824995,14.75,14.8199995,528260.0,0.4064972762026632,0.5792197614991454
106,2005-11-18,NSE:MARICO,14.8475005,15.15,14.75,15.0600005,293080.0,1.619440000655867,0.4064972762026632
107,2005-11-21,NSE:MARICO,15.0,15.2975005,14.7524995,14.9199995,217680.0,-0.9296214830802949,1.619440000655867
108,2005-11-22,NSE:MARICO,14.7024995,15.4,14.7024995,14.9125,427320.0,-0.05026474699278489,-0.9296214830802949
109,2005-11-23,NSE:MARICO,15.0024995,15.2475005,14.7625,14.7774995,253360.0,-0.90528415758592,-0.05026474699278489
110,2005-11-24,NSE:MARICO,14.9,15.15,14.7574995,15.0399995,119160.0,1.7763492395990343,-0.90528415758592
111,2005-11-25,NSE:MARICO,15.0,15.3199995,14.9574995,15.0774995,446840.0,0.24933511467204267,1.7763492395990343
112,2005-11-28,NSE:MARICO,15.25,15.6,15.0,15.4375,528940.0,2.3876671327364325,0.24933511467204267
113,2005-11-29,NSE:MARICO,15.45,15.725,15.1675005,15.5975005,323000.0,1.0364404858299636,2.3876671327364325
114,2005-11-30,NSE:MARICO,15.6,15.95,15.5,15.6175005,566040.0,0.12822567308139898,1.0364404858299636
115,2005-12-01,NSE:MARICO,15.5,15.7375,15.4050005,15.5699995,139680.0,-0.304152383411164,0.12822567308139898
116,2005-12-02,NSE:MARICO,15.725,15.8,15.5550005,15.6774995,175180.0,0.6904303368795865,-0.304152383411164
117,2005-12-05,NSE:MARICO,16.0,16.0,15.3,15.4350005,469340.0,-1.546796413547967,0.6904303368795865
118,2005-12-06,NSE:MARICO,15.5,16.0024995,15.2,15.4949995,1298600.0,0.38872042796500883,-1.546796413547967
119,2005-12-07,NSE:MARICO,15.825,15.8449995,14.85,15.2225005,858080.0,-1.758625419768486,0.38872042796500883
120,2005-12-08,NSE:MARICO,16.0,16.0,15.2524995,15.5949995,260780.0,2.447028988437211,-1.758625419768486
121,2005-12-09,NSE:MARICO,15.9875,15.9875,15.5600005,15.6475005,248360.0,0.33665278411839294,2.447028988437211
122,2005-12-12,NSE:MARICO,15.85,16.5449995,15.5149995,16.275,710640.0,4.010221952061922,0.33665278411839294
123,2005-12-13,NSE:MARICO,16.4,16.75,16.0100005,16.325,586940.0,0.30721966205837614,4.010221952061922
124,2005-12-14,NSE:MARICO,17.0,17.475,16.15,16.5074995,520320.0,1.1179142419601975,0.30721966205837614
125,2005-12-15,NSE:MARICO,16.5,16.5074995,16.1,16.4175005,87120.0,-0.545200682877515,1.1179142419601975
126,2005-12-16,NSE:MARICO,16.1524995,16.5975005,16.1524995,16.3675005,57900.0,-0.3045530590969113,-0.545200682877515
127,2005-12-19,NSE:MARICO,16.25,17.35,16.25,17.2199995,354240.0,5.208486170506008,-0.3045530590969113
128,2005-12-20,NSE:MARICO,17.35,17.85,17.0024995,17.6324995,458660.0,2.395470452830161,5.208486170506008
129,2005-12-21,NSE:MARICO,17.5050005,17.9,17.5050005,17.7875,698740.0,0.8790614172426312,2.395470452830161
130,2005-12-22,NSE:MARICO,17.5774995,17.9975005,17.4199995,17.5725005,153400.0,-1.2087111735769562,0.8790614172426312
131,2005-12-23,NSE:MARICO,17.55,17.825,17.5024995,17.6774995,162780.0,0.5975188334750619,-1.2087111735769562
132,2005-12-26,NSE:MARICO,17.55,17.55,17.05,17.3449995,276400.0,-1.880922129286439,0.5975188334750619
133,2005-12-27,NSE:MARICO,17.4,17.5,17.1100005,17.4425005,60680.0,0.5621274304447295,-1.880922129286439
134,2005-12-28,NSE:MARICO,17.5,17.85,17.4074995,17.7425005,933260.0,1.7199368863426272,0.5621274304447295
135,2005-12-29,NSE:MARICO,17.8899995,18.15,17.5050005,17.9524995,224120.0,1.1835930341385639,1.7199368863426272
136,2005-12-30,NSE:MARICO,18.1,18.5449995,18.0024995,18.4125,642060.0,2.5623200825044066,1.1835930341385639
137,2006-01-02,NSE:MARICO,18.75,20.4449995,18.525,19.3375,491520.0,5.0237610319076555,2.5623200825044066
138,2006-01-03,NSE:MARICO,20.25,20.25,19.3,19.3975005,403640.0,0.3102805429864306,5.0237610319076555
139,2006-01-04,NSE:MARICO,20.85,20.85,19.3949995,19.5925005,733100.0,1.0052841601937337,0.3102805429864306
140,2006-01-05,NSE:MARICO,20.05,20.45,19.7899995,19.8725005,904960.0,1.42911824858701,1.0052841601937337
141,2006-01-06,NSE:MARICO,19.9,19.9,19.6,19.8649995,290420.0,-0.03774562743124003,1.42911824858701
142,2006-01-09,NSE:MARICO,19.975,20.1875,19.6625,19.8875,138720.0,0.11326705545600235,-0.03774562743124003
143,2006-01-10,NSE:MARICO,20.0,20.3,19.75,19.9699995,398860.0,0.4148309239472073,0.11326705545600235
144,2006-01-12,NSE:MARICO,19.9949995,20.0,19.5074995,19.7675005,138100.0,-1.0140160494245356,0.4148309239472073
145,2006-01-13,NSE:MARICO,20.0,20.0,19.525,19.6274995,137920.0,-0.7082382519732405,-1.0140160494245356
146,2006-01-16,NSE:MARICO,19.575,19.825,19.4300005,19.4524995,72020.0,-0.8916061875329596,-0.7082382519732405
147,2006-01-17,NSE:MARICO,19.4449995,19.5,18.6024995,18.9125,180260.0,-2.775990303970947,-0.8916061875329596
148,2006-01-18,NSE:MARICO,18.75,19.15,18.75,18.9550005,53560.0,0.22472174487772195,-2.775990303970947
149,2006-01-19,NSE:MARICO,19.375,19.4899995,18.875,19.3649995,266860.0,2.1630123407277098,0.22472174487772195
150,2006-01-20,NSE:MARICO,19.7425005,19.7425005,18.8024995,19.0074995,208420.0,-1.846114171084787,2.1630123407277098
151,2006-01-23,NSE:MARICO,19.1550005,19.7,19.15,19.5125,325280.0,2.6568486822793167,-1.846114171084787
152,2006-01-24,NSE:MARICO,19.4949995,19.95,19.0,19.4824995,337000.0,-0.15375016015374696,2.6568486822793167
153,2006-01-25,NSE:MARICO,19.9,20.4475005,19.65,20.0875,1405560.0,3.105353602087859,-0.15375016015374696
154,2006-01-27,NSE:MARICO,20.6,22.975,20.5,21.9324995,1202900.0,9.184813939016804,3.105353602087859
155,2006-01-30,NSE:MARICO,22.25,22.9949995,21.8800005,22.0324995,799320.0,0.4559443851805465,9.184813939016804
156,2006-01-31,NSE:MARICO,22.1,22.4425005,21.0,21.4524995,374800.0,-2.63247481294622,0.4559443851805465
157,2006-02-01,NSE:MARICO,21.25,21.5,21.0,21.0774995,218400.0,-1.748048053794384,-2.63247481294622
158,2006-02-02,NSE:MARICO,22.1475005,22.1475005,20.55,20.9649995,83320.0,-0.5337445269539547,-1.748048053794384
159,2006-02-03,NSE:MARICO,21.25,21.25,20.45,20.5625,286480.0,-1.9198641049335636,-0.5337445269539547
160,2006-02-06,NSE:MARICO,20.75,21.5,20.45,21.2550005,310860.0,3.367783586626146,-1.9198641049335636
161,2006-02-07,NSE:MARICO,21.25,22.05,21.2449995,21.7800005,211320.0,2.4700069990588736,3.367783586626146
162,2006-02-08,NSE:MARICO,20.6,21.9949995,20.6,21.625,181480.0,-0.7116643546449867,2.4700069990588736
163,2006-02-10,NSE:MARICO,21.5,22.3,21.5,21.6524995,173660.0,0.1271653179190803,-0.7116643546449867
164,2006-02-13,NSE:MARICO,22.2475005,22.2475005,21.45,21.85,762820.0,0.9121371876720297,0.1271653179190803
165,2006-02-14,NSE:MARICO,21.85,22.0,21.65,21.8475005,406940.0,-0.011439359267746184,0.9121371876720297
166,2006-02-15,NSE:MARICO,21.9,22.0,20.45,20.6024995,1005900.0,-5.698596963071353,-0.011439359267746184
167,2006-02-16,NSE:MARICO,20.7550005,20.95,20.25,20.4899995,1656760.0,-0.5460502498738112,-5.698596963071353
168,2006-02-17,NSE:MARICO,20.6024995,20.8,20.5,20.625,116480.0,0.658860435794546,-0.5460502498738112
169,2006-02-20,NSE:MARICO,20.05,20.65,19.725,20.3475005,315180.0,-1.3454521212121267,0.658860435794546
170,2006-02-21,NSE:MARICO,20.4,20.8399995,20.3774995,20.5550005,553860.0,1.019781274854863,-1.3454521212121267
171,2006-02-22,NSE:MARICO,20.6,20.7449995,20.3774995,20.4199995,218700.0,-0.6567793564393202,1.019781274854863
172,2006-02-23,NSE:MARICO,20.7,20.7,20.2625,20.3574995,548160.0,-0.3060724854572107,-0.6567793564393202
173,2006-02-24,NSE:MARICO,20.45,20.5,20.2074995,20.3274995,173940.0,-0.14736583930654712,-0.3060724854572107
174,2006-02-27,NSE:MARICO,20.5,20.5,20.1,20.2100005,500360.0,-0.5780297768547416,-0.14736583930654712
175,2006-02-28,NSE:MARICO,20.25,20.3,20.0,20.1899995,522140.0,-0.09896585603746323,-0.5780297768547416
176,2006-03-01,NSE:MARICO,20.15,20.25,19.7550005,20.0449995,288420.0,-0.7181773332881933,-0.09896585603746323
177,2006-03-02,NSE:MARICO,20.2449995,20.7,19.9,20.0024995,2582880.0,-0.21202295365485258,-0.7181773332881933
178,2006-03-03,NSE:MARICO,20.25,20.9449995,20.1,20.8300005,494620.0,4.136987979927217,-0.21202295365485258
179,2006-03-06,NSE:MARICO,20.1,22.3449995,20.1,22.1100005,1442340.0,6.144983049808381,4.136987979927217
180,2006-03-07,NSE:MARICO,22.8,23.875,22.1,23.6574995,1498280.0,6.999090750812051,6.144983049808381
181,2006-03-08,NSE:MARICO,24.4949995,24.7,22.2524995,22.5975005,1487140.0,-4.480604554171083,6.999090750812051
182,2006-03-09,NSE:MARICO,22.75,23.8399995,22.55,23.6399995,307020.0,4.613337656525329,-4.480604554171083
183,2006-03-10,NSE:MARICO,24.0,24.5,23.8,24.2125,305880.0,2.4217449750792097,4.613337656525329
184,2006-03-13,NSE:MARICO,24.0,25.0,24.0,24.7074995,467540.0,2.044396489416633,2.4217449750792097
185,2006-03-14,NSE:MARICO,24.8975005,25.225,24.3024995,24.9149995,578160.0,0.839825980771545,2.044396489416633
186,2006-03-16,NSE:MARICO,25.25,25.5,25.0,25.4600005,515000.0,2.1874413443195095,0.839825980771545
187,2006-03-17,NSE:MARICO,25.475,27.9,24.75,25.667499,1304040.0,0.8149980201296533,2.1874413443195095
188,2006-03-20,NSE:MARICO,25.9,26.8475005,25.9,26.1899995,584640.0,2.035650220537652,0.8149980201296533
189,2006-03-21,NSE:MARICO,26.75,26.8,25.9,26.0399995,229160.0,-0.5727376970740247,2.035650220537652
190,2006-03-22,NSE:MARICO,27.0,27.0,25.45,26.05,303460.0,0.038404378617596754,-0.5727376970740247
191,2006-03-23,NSE:MARICO,26.5,27.1,25.75,26.957501,440020.0,3.4836890595009593,0.038404378617596754
192,2006-03-24,NSE:MARICO,27.1,28.15,26.9524995,27.6625,372460.0,2.615223866633635,3.4836890595009593
193,2006-03-27,NSE:MARICO,27.95,28.95,27.7475005,28.245001,595500.0,2.1057424310890087,2.615223866633635
194,2006-03-28,NSE:MARICO,28.2,28.45,27.554999,27.7725005,161280.0,-1.6728641645295,2.1057424310890087
195,2006-03-29,NSE:MARICO,27.5,28.45,26.05,27.145001,117540.0,-2.259427450545906,-1.6728641645295
196,2006-03-30,NSE:MARICO,27.892499,27.9975005,27.0024995,27.345001,88500.0,0.736783910967619,-2.259427450545906
197,2006-03-31,NSE:MARICO,27.75,27.75,26.25,27.154999,150200.0,-0.6948326679527267,0.736783910967619
198,2006-04-03,NSE:MARICO,28.0,28.0,27.25,27.757501,490300.0,2.2187516928282753,-0.6948326679527267
199,2006-04-04,NSE:MARICO,27.85,29.345001,27.775,28.775,830880.0,3.665672208748177,2.2187516928282753
200,2006-04-05,NSE:MARICO,28.8,28.8,28.104999,28.4649995,268760.0,-1.077325803648992,3.665672208748177
201,2006-04-07,NSE:MARICO,28.5,28.75,27.1524995,27.6274995,267560.0,-2.9422097829300933,-1.077325803648992
202,2006-04-10,NSE:MARICO,28.495001,28.495001,25.729999,27.5975005,786200.0,-0.1085838405317865,-2.9422097829300933
203,2006-04-12,NSE:MARICO,27.75,28.145001,26.8,26.8274995,340480.0,-2.7901113725860816,-0.1085838405317865
204,2006-04-13,NSE:MARICO,27.1024995,27.45,26.25,26.554999,255540.0,-1.0157506479498755,-2.7901113725860816
205,2006-04-17,NSE:MARICO,27.25,27.25,25.7774995,26.15,151400.0,-1.5251328007958131,-1.0157506479498755
206,2006-04-18,NSE:MARICO,26.55,27.5,26.5,26.825,397520.0,2.5812619502868097,-1.5251328007958131
207,2006-04-19,NSE:MARICO,27.0,27.35,26.5,26.975,230120.0,0.559179869524705,2.5812619502868097
208,2006-04-20,NSE:MARICO,27.75,28.245001,26.7600005,27.107501,599300.0,0.49119925857274416,0.559179869524705
209,2006-04-21,NSE:MARICO,27.75,27.75,26.6024995,27.057501,1353960.0,-0.1844507909452838,0.49119925857274416
210,2006-04-24,NSE:MARICO,27.5,27.5,26.2600005,26.542499,198960.0,-1.903361289721468,-0.1844507909452838
211,2006-04-25,NSE:MARICO,26.6475005,27.2475005,26.3024995,26.9875,165520.0,1.676560296752771,-1.903361289721468
212,2006-04-26,NSE:MARICO,26.995001,27.0,26.6524995,26.8024995,212620.0,-0.6855044001852747,1.676560296752771
213,2006-04-27,NSE:MARICO,27.0,27.75,26.15,27.225,1541980.0,1.5763473850638512,-0.6855044001852747
214,2006-04-28,NSE:MARICO,26.0,27.25,24.75,27.175,205200.0,-0.18365472910927716,1.5763473850638512
215,2006-05-02,NSE:MARICO,26.325,27.5,26.325,27.0399995,300200.0,-0.49678196872125224,-0.18365472910927716
216,2006-05-03,NSE:MARICO,27.692499,27.692499,27.0,27.2475005,390020.0,0.7673853692194063,-0.49678196872125224
217,2006-05-04,NSE:MARICO,27.5,27.5,26.7,26.8774995,544220.0,-1.3579263903490963,0.7673853692194063
218,2006-05-05,NSE:MARICO,25.85,27.25,25.85,27.204999,87900.0,1.218489465509996,-1.3579263903490963
219,2006-05-08,NSE:MARICO,27.25,27.25,26.9,27.0,49080.0,-0.7535343044857338,1.218489465509996
220,2006-05-09,NSE:MARICO,26.8024995,27.1475005,26.75,27.0225005,2047100.0,0.08333518518518367,-0.7535343044857338
221,2006-05-10,NSE:MARICO,27.25,27.25,26.5024995,27.029999,62360.0,0.027749097460468247,0.08333518518518367
222,2006-05-11,NSE:MARICO,27.15,27.15,26.75,26.8399995,76300.0,-0.7029208547140493,0.027749097460468247
223,2006-05-12,NSE:MARICO,26.5,27.25,26.5,27.020001,129460.0,0.6706464357422938,-0.7029208547140493
224,2006-05-15,NSE:MARICO,27.5,27.5,22.8399995,25.5550005,278400.0,-5.4219113463393365,0.6706464357422938
225,2006-05-16,NSE:MARICO,26.45,26.45,23.5024995,25.0399995,210060.0,-2.015265075029046,-5.4219113463393365
226,2006-05-17,NSE:MARICO,26.245001,27.2475005,25.5,26.1875,101460.0,4.582669819941489,-2.015265075029046
227,2006-05-18,NSE:MARICO,26.0,26.0,24.5,25.4850005,100120.0,-2.682575656324576,4.582669819941489
228,2006-05-19,NSE:MARICO,25.4949995,26.0,22.25,23.2375,117180.0,-8.818914875045818,-2.682575656324576
229,2006-05-22,NSE:MARICO,23.6,26.0,19.0100005,25.0449995,662280.0,7.778373318988698,-8.818914875045818
230,2006-05-23,NSE:MARICO,23.75,25.15,21.3324995,23.7475005,895440.0,-5.18067089600061,7.778373318988698
231,2006-05-24,NSE:MARICO,23.7550005,25.1,23.75,24.2375,90540.0,2.0633729431861667,-5.18067089600061
232,2006-05-25,NSE:MARICO,24.0,24.4524995,22.7550005,23.8274995,79200.0,-1.691595667870046,2.0633729431861667
233,2006-05-26,NSE:MARICO,24.25,24.25,22.6,23.2475005,72660.0,-2.4341580617806637,-1.691595667870046
234,2006-05-29,NSE:MARICO,23.25,24.45,22.75,24.0800005,76620.0,3.581030141283359,-2.4341580617806637
235,2006-05-30,NSE:MARICO,24.3300005,24.3300005,23.525,24.0050005,48440.0,-0.31146178755270076,3.581030141283359
236,2006-05-31,NSE:MARICO,24.25,24.25,22.2,22.8199995,122860.0,-4.9364756314002145,-0.31146178755270076
237,2006-06-01,NSE:MARICO,22.85,23.3975005,21.0600005,21.9050005,130000.0,-4.009636371815002,-4.9364756314002145
238,2006-06-02,NSE:MARICO,22.2,22.2,20.6100005,21.6375,412860.0,-1.221184633161732,-4.009636371815002
239,2006-06-05,NSE:MARICO,21.75,23.75,21.75,22.0050005,239220.0,1.6984425187752838,-1.221184633161732
240,2006-06-06,NSE:MARICO,21.75,22.0,20.5175005,21.7399995,225320.0,-1.204276273477029,1.6984425187752838
241,2006-06-07,NSE:MARICO,21.25,21.7475005,19.85,20.3699995,437520.0,-6.301748075017209,-1.204276273477029
242,2006-06-08,NSE:MARICO,20.5,20.5,16.55,17.1725005,1003520.0,-15.69709905982078,-6.301748075017209
243,2006-06-09,NSE:MARICO,17.0,20.2375,17.0,19.9800005,139160.0,16.348813033955057,-15.69709905982078
244,2006-06-12,NSE:MARICO,20.5475005,20.5475005,19.075,20.0100005,121540.0,0.15015014639264468,16.348813033955057
245,2006-06-13,NSE:MARICO,19.25,20.0,19.0,19.8899995,101420.0,-0.5997051324411612,0.15015014639264468
246,2006-06-14,NSE:MARICO,20.0,20.4,18.5024995,18.7225005,245780.0,-5.869778930864224,-0.5997051324411612
247,2006-06-15,NSE:MARICO,19.4975005,20.25,18.1574995,20.0050005,99020.0,6.850046552275442,-5.869778930864224
248,2006-06-16,NSE:MARICO,20.5,20.9475005,19.3,19.5100005,336160.0,-2.47438134280477,6.850046552275442
249,2006-06-19,NSE:MARICO,21.1,22.75,19.5100005,20.4574995,93260.0,4.856478604395733,-2.47438134280477
250,2006-06-20,NSE:MARICO,20.95,20.9949995,20.1524995,20.6800005,110500.0,1.0876255917786903,4.856478604395733
251,2006-06-21,NSE:MARICO,20.85,20.85,20.3050005,20.4925005,116040.0,-0.9066730921984264,1.0876255917786903
252,2006-06-22,NSE:MARICO,21.2324995,21.2350005,20.5824995,20.8675005,171160.0,1.8299377374664454,-0.9066730921984264
253,2006-06-23,NSE:MARICO,20.5,22.0,20.5,21.6225005,77540.0,3.6180662844599074,1.8299377374664454
254,2006-06-26,NSE:MARICO,21.5,21.8,21.1050005,21.5074995,904180.0,-0.5318580059692886,3.6180662844599074
255,2006-06-27,NSE:MARICO,21.5,21.9,21.0,21.6399995,194260.0,0.6160641779859007,-0.5318580059692886
256,2006-06-28,NSE:MARICO,21.025,21.5,20.7550005,21.425,53400.0,-0.9935282114955575,0.6160641779859007
257,2006-06-29,NSE:MARICO,21.5,21.9375,21.5,21.75,42180.0,1.5169194865810935,-0.9935282114955575
258,2006-06-30,NSE:MARICO,22.4,22.4,21.9875,22.0324995,1616320.0,1.2988482758620694,1.5169194865810935
259,2006-07-03,NSE:MARICO,22.0024995,22.6949995,21.75,22.5550005,102500.0,2.371501245240007,1.2988482758620694
260,2006-07-04,NSE:MARICO,22.8199995,23.65,22.6,23.5074995,118440.0,4.223005891753375,2.371501245240007
261,2006-07-05,NSE:MARICO,24.2,25.45,23.25,25.0350005,271820.0,6.4979305859391685,4.223005891753375
262,2006-07-06,NSE:MARICO,25.0,25.4,24.55,24.9399995,362920.0,-0.37947273058772213,6.4979305859391685
263,2006-07-07,NSE:MARICO,25.15,25.15,24.0,24.3899995,200100.0,-2.205292746697933,-0.37947273058772213
264,2006-07-10,NSE:MARICO,24.45,25.0,23.05,23.8675005,890520.0,-2.142267366590146,-2.205292746697933
265,2006-07-11,NSE:MARICO,23.3024995,25.05,23.3024995,24.7074995,105540.0,3.519425923967206,-2.142267366590146
266,2006-07-12,NSE:MARICO,24.5050005,25.1,24.25,24.5,50200.0,-0.839823957094488,3.519425923967206
267,2006-07-13,NSE:MARICO,24.8875,24.8875,24.1274995,24.6899995,38880.0,0.775508163265302,-0.839823957094488
268,2006-07-14,NSE:MARICO,24.9899995,24.9899995,23.4024995,24.2925005,35400.0,-1.6099595303758505,0.775508163265302
269,2006-07-17,NSE:MARICO,23.5,24.8449995,23.1024995,23.325,113240.0,-3.9827126894573897,-1.6099595303758505
270,2006-07-18,NSE:MARICO,23.5,23.9975005,23.1800005,23.6850005,42580.0,1.5434105037513473,-3.9827126894573897
271,2006-07-19,NSE:MARICO,23.6850005,24.6399995,22.75,22.7850005,28500.0,-3.799873257338551,1.5434105037513473
272,2006-07-20,NSE:MARICO,23.65,24.0,22.7050005,23.1074995,431100.0,1.4154004517138394,-3.799873257338551
273,2006-07-21,NSE:MARICO,22.75,23.2449995,22.2600005,22.6324995,18480.0,-2.055609695025625,1.4154004517138394
274,2006-07-24,NSE:MARICO,22.0574995,22.4,21.75,22.1425005,31380.0,-2.1650237968634483,-2.055609695025625
275,2006-07-25,NSE:MARICO,22.65,23.3,22.5,22.9975005,701800.0,3.8613525152680945,-2.1650237968634483
276,2006-07-26,NSE:MARICO,23.0,23.95,22.9975005,23.7350005,138220.0,3.206870242268288,3.8613525152680945
277,2006-07-27,NSE:MARICO,23.9100005,24.55,23.9024995,24.3899995,241780.0,2.7596333945726967,3.206870242268288
278,2006-07-28,NSE:MARICO,24.4975005,24.75,23.5800005,24.1824995,830900.0,-0.8507585250257983,2.7596333945726967
279,2006-07-31,NSE:MARICO,24.9,24.9,24.3125,24.4074995,174760.0,0.9304249132725153,-0.8507585250257983
280,2006-08-01,NSE:MARICO,24.5899995,24.75,24.1524995,24.6925005,75620.0,1.1676779917582347,0.9304249132725153
281,2006-08-02,NSE:MARICO,23.9,24.7475005,23.9,24.5175005,23500.0,-0.7087172074776336,1.1676779917582347
282,2006-08-03,NSE:MARICO,24.9,24.9,24.4975005,24.6550005,64960.0,0.5608238898577744,-0.7087172074776336
283,2006-08-04,NSE:MARICO,24.2600005,24.95,24.2600005,24.7274995,36480.0,0.2940539384698067,0.5608238898577744
284,2006-08-07,NSE:MARICO,24.4,24.7,24.1574995,24.5324995,55120.0,-0.7885957090000154,0.2940539384698067
285,2006-08-08,NSE:MARICO,24.45,24.75,24.25,24.6,524640.0,0.275147259250943,-0.7885957090000154
286,2006-08-09,NSE:MARICO,24.0,24.9,24.0,24.7375,96160.0,0.5589430894308913,0.275147259250943
287,2006-08-10,NSE:MARICO,24.4524995,24.8699995,24.2550005,24.4324995,78860.0,-1.2329479535118826,0.5589430894308913
288,2006-08-11,NSE:MARICO,24.5,24.55,24.0625,24.2699995,1186160.0,-0.6650977318141268,-1.2329479535118826
289,2006-08-14,NSE:MARICO,24.2399995,25.9,24.2125,25.0675005,210580.0,3.285953920188587,-0.6650977318141268
290,2006-08-16,NSE:MARICO,25.75,26.007501,25.0024995,25.5324995,290620.0,1.8549874966592654,3.285953920188587
291,2006-08-17,NSE:MARICO,25.9399995,25.9399995,25.0024995,25.1774995,515320.0,-1.3903848309093296,1.8549874966592654
292,2006-08-18,NSE:MARICO,25.1774995,25.65,24.8,25.4899995,779080.0,1.2411875929140619,-1.3903848309093296
293,2006-08-21,NSE:MARICO,26.4399995,26.4399995,24.5,25.645001,221100.0,0.6080874972163138,1.2411875929140619
294,2006-08-22,NSE:MARICO,25.645001,25.645001,25.25,25.3149995,53500.0,-1.28680634483111,0.6080874972163138
295,2006-08-23,NSE:MARICO,25.4,25.4975005,24.7024995,25.0225005,63920.0,-1.155437510476741,-1.28680634483111
296,2006-08-24,NSE:MARICO,25.2,25.2,24.3,24.7074995,130340.0,-1.2588709909307376,-1.155437510476741
297,2006-08-25,NSE:MARICO,25.6975005,25.6975005,24.225,25.1949995,1144620.0,1.9730851355476124,-1.2588709909307376
298,2006-08-28,NSE:MARICO,26.0,26.0,24.75,25.3225005,54720.0,0.5060567673359102,1.9730851355476124
299,2006-08-29,NSE:MARICO,26.0,26.0,25.0,25.4375,128220.0,0.4541395902035808,0.5060567673359102
300,2006-08-30,NSE:MARICO,25.745001,25.7875,25.1,25.607501,420520.0,0.6683085995085962,0.4541395902035808
301,2006-08-31,NSE:MARICO,25.65,26.2375,25.2574995,25.5050005,628080.0,-0.4002752943366004,0.6683085995085962
302,2006-09-01,NSE:MARICO,25.4,25.7899995,25.1524995,25.767499,297520.0,1.0292040574553194,-0.4002752943366004
303,2006-09-04,NSE:MARICO,25.2774995,25.917499,25.2774995,25.8524995,874140.0,0.3298748551421292,1.0292040574553194
304,2006-09-05,NSE:MARICO,25.95,26.25,25.75,26.0125,1169000.0,0.6188976040788585,0.3298748551421292
305,2006-09-06,NSE:MARICO,26.0,26.3375,26.0,26.2350005,811780.0,0.855359923113897,0.6188976040788585
306,2006-09-07,NSE:MARICO,25.55,26.325,25.5274995,26.054999,49980.0,-0.6861120509603308,0.855359923113897
307,2006-09-08,NSE:MARICO,26.3,26.495001,26.0,26.0725005,128020.0,0.06717137083751802,-0.6861120509603308
308,2006-09-11,NSE:MARICO,26.929999,26.929999,25.35,25.5524995,101520.0,-1.9944423819265076,0.06717137083751802
309,2006-09-12,NSE:MARICO,25.75,25.75,25.4925005,25.679999,235580.0,0.49897075626593396,-1.9944423819265076
310,2006-09-13,NSE:MARICO,26.1350005,26.7,25.825,26.045001,295540.0,1.4213474073733434,0.49897075626593396
311,2006-09-14,NSE:MARICO,26.75,27.0,25.8475005,26.0975005,254480.0,0.20157227100893452,1.4213474073733434
312,2006-09-15,NSE:MARICO,26.25,26.6,25.75,26.457501,152980.0,1.379444364796551,0.20157227100893452
313,2006-09-18,NSE:MARICO,26.6,26.6,25.75,25.9850005,239420.0,-1.7858848422607974,1.379444364796551
314,2006-09-19,NSE:MARICO,26.45,26.5475005,25.85,25.9475005,64500.0,-0.14431402454658956,-1.7858848422607974
315,2006-09-20,NSE:MARICO,25.85,26.4,25.5024995,25.654999,82300.0,-1.1272819900321427,-0.14431402454658956
316,2006-09-21,NSE:MARICO,26.1975005,26.1975005,25.5100005,25.5774995,554680.0,-0.30208342631391966,-1.1272819900321427
317,2006-09-22,NSE:MARICO,25.2850005,26.25,25.2850005,25.4774995,62240.0,-0.39096863241067753,-0.30208342631391966
318,2006-09-25,NSE:MARICO,25.5,26.0,25.25,25.3149995,797920.0,-0.637817694785948,-0.39096863241067753
319,2006-09-26,NSE:MARICO,25.75,25.75,25.25,25.3524995,43580.0,0.14813352060307733,-0.637817694785948
320,2006-09-27,NSE:MARICO,25.4,26.192499,25.3,25.754999,210180.0,1.5876126927840037,0.14813352060307733
321,2006-09-28,NSE:MARICO,25.75,25.75,25.5024995,25.617499,33760.0,-0.533876937832546,1.5876126927840037
322,2006-09-29,NSE:MARICO,25.4050005,26.1,25.4050005,26.0850005,118880.0,1.8249302947176886,-0.533876937832546
323,2006-10-03,NSE:MARICO,26.1,26.25,25.95,26.1,92260.0,0.057502394910829424,1.8249302947176886
324,2006-10-04,NSE:MARICO,26.0,26.05,25.820001,25.995001,133960.0,-0.4022950191570994,0.057502394910829424
325,2006-10-05,NSE:MARICO,26.725,26.725,25.5550005,25.7899995,37560.0,-0.7886189348482736,-0.4022950191570994
326,2006-10-06,NSE:MARICO,25.5,26.1399995,25.2550005,25.9399995,67060.0,0.5816207945254073,-0.7886189348482736
327,2006-10-09,NSE:MARICO,26.0,26.25,25.625,25.7600005,4881820.0,-0.6939051791423462,0.5816207945254073
328,2006-10-10,NSE:MARICO,26.0,26.0,25.820001,25.920001,83940.0,0.6211199413602453,-0.6939051791423462
329,2006-10-11,NSE:MARICO,25.95,26.3,25.85,25.8649995,55680.0,-0.21219713687510847,0.6211199413602453
330,2006-10-12,NSE:MARICO,25.85,26.0625,25.7,25.779999,61720.0,-0.32863136146590527,-0.21219713687510847
331,2006-10-13,NSE:MARICO,25.995001,25.995001,25.8,25.870001,555860.0,0.3491156070254245,-0.32863136146590527
332,2006-10-16,NSE:MARICO,26.075,26.395001,25.9024995,26.0100005,79580.0,0.5411654216789626,0.3491156070254245
333,2006-10-17,NSE:MARICO,25.9,26.0,25.754999,25.895001,35860.0,-0.44213570853256884,0.5411654216789626
334,2006-10-18,NSE:MARICO,25.95,26.0,25.25,25.804999,212820.0,-0.3475651535985726,-0.44213570853256884
335,2006-10-19,NSE:MARICO,25.995001,26.0,25.3375,25.4725005,117320.0,-1.288504215791676,-0.3475651535985726
336,2006-10-20,NSE:MARICO,25.775,26.5,25.55,26.204999,404380.0,2.8756442658623245,-1.288504215791676
337,2006-10-23,NSE:MARICO,26.25,26.35,25.7524995,26.1875,80240.0,-0.06677733511839026,2.8756442658623245
338,2006-10-26,NSE:MARICO,25.754999,26.245001,25.5,26.042499,75640.0,-0.5537031026253006,-0.06677733511839026
339,2006-10-27,NSE:MARICO,26.0975005,26.25,25.804999,26.142499,98620.0,0.3839877271378658,-0.5537031026253006
340,2006-10-30,NSE:MARICO,25.85,26.242499,25.85,25.95,39600.0,-0.7363450602025519,0.3839877271378658
341,2006-10-31,NSE:MARICO,26.2399995,26.5350005,25.995001,26.432501,135960.0,1.8593487475915191,-0.7363450602025519
342,2006-11-02,NSE:MARICO,26.4,26.75,25.9024995,26.4350005,164120.0,0.009456161564138563,1.8593487475915191
343,2006-11-03,NSE:MARICO,26.25,26.25,26.0,26.154999,74060.0,-1.0592074700357992,0.009456161564138563
344,2006-11-06,NSE:MARICO,26.4,26.4,26.1,26.1149995,2987920.0,-0.152932523530207,-1.0592074700357992
345,2006-11-07,NSE:MARICO,26.1,26.5,25.9,26.045001,3236640.0,-0.26803944606623686,-0.152932523530207
346,2006-11-08,NSE:MARICO,26.045001,26.3875,25.7774995,25.9149995,34620.0,-0.4991418506760617,-0.26803944606623686
347,2006-11-09,NSE:MARICO,25.9,26.05,25.85,25.8899995,61720.0,-0.09646922817807553,-0.4991418506760617
348,2006-11-10,NSE:MARICO,25.779999,26.0,25.754999,25.820001,50540.0,-0.2703688735103953,-0.09646922817807553
349,2006-11-13,NSE:MARICO,26.0399995,26.625,26.0024995,26.104999,47920.0,1.1037877186759135,-0.2703688735103953
350,2006-11-14,NSE:MARICO,26.25,26.379999,25.55,25.670001,55300.0,-1.6663398454832359,1.1037877186759135
351,2006-11-15,NSE:MARICO,25.5,26.05,25.5,25.6149995,78120.0,-0.21426372363600407,-1.6663398454832359
352,2006-11-16,NSE:MARICO,25.5449995,25.5449995,25.5449995,25.5449995,115180.0,-0.27327738187150963,-0.21426372363600407
353,2006-11-17,NSE:MARICO,25.575,25.75,25.0,25.1949995,109680.0,-1.3701311679414903,-0.27327738187150963
354,2006-11-20,NSE:MARICO,25.9399995,25.9399995,24.75,25.025,119580.0,-0.674735079871714,-1.3701311679414903
355,2006-11-21,NSE:MARICO,25.5949995,25.5949995,25.0,25.0425005,562920.0,0.06993206793207028,-0.674735079871714
356,2006-11-22,NSE:MARICO,24.9,25.5800005,24.9,25.0175005,200960.0,-0.09983028651631086,0.06993206793207028
357,2006-11-23,NSE:MARICO,25.3324995,25.55,24.95,25.1800005,252280.0,0.6495453052953786,-0.09983028651631086
358,2006-11-24,NSE:MARICO,25.4350005,25.95,25.15,25.6850005,335560.0,2.005559928404301,0.6495453052953786
359,2006-11-27,NSE:MARICO,25.5100005,25.75,25.45,25.620001,528020.0,-0.25306404023625595,2.005559928404301
360,2006-11-28,NSE:MARICO,25.3300005,25.75,25.3300005,25.5399995,351240.0,-0.3122618925736891,-0.25306404023625595
361,2006-11-29,NSE:MARICO,25.7,26.5,25.5050005,26.270001,203740.0,2.858267479605864,-0.3122618925736891
362,2006-11-30,NSE:MARICO,26.25,26.75,25.820001,26.204999,69660.0,-0.24743813294868083,2.858267479605864
363,2006-12-01,NSE:MARICO,26.029999,26.75,26.029999,26.5875,134360.0,1.4596489776626123,-0.24743813294868083
364,2006-12-04,NSE:MARICO,26.7,27.25,26.695001,27.1274995,914480.0,2.0310277385989672,1.4596489776626123
365,2006-12-05,NSE:MARICO,27.5,27.65,27.35,27.5274995,5404920.0,1.4745185047372396,2.0310277385989672
366,2006-12-06,NSE:MARICO,27.1649995,27.1649995,27.1649995,27.1649995,2020240.0,-1.3168649771476726,1.4745185047372396
367,2006-12-07,NSE:MARICO,27.3274995,27.3274995,27.3274995,27.3274995,132580.0,0.5981962193667548,-1.3168649771476726
368,2006-12-08,NSE:MARICO,27.475,27.475,26.6,26.7899995,137240.0,-1.9668832122748658,0.5981962193667548
369,2006-12-11,NSE:MARICO,27.295001,27.295001,25.9,26.0899995,100080.0,-2.612915315657245,-1.9668832122748658
370,2006-12-12,NSE:MARICO,25.9,27.0,25.9,26.5399995,283880.0,1.7247988065312123,-2.612915315657245
371,2006-12-13,NSE:MARICO,26.5,27.0,25.9024995,26.4399995,73160.0,-0.37678975841729545,1.7247988065312123
372,2006-12-14,NSE:MARICO,26.75,27.475,26.5,27.3524995,1139880.0,3.451210352708219,-0.37678975841729545
373,2006-12-15,NSE:MARICO,27.75,28.45,27.6,28.3,452060.0,3.464036257454279,3.451210352708219
374,2006-12-18,NSE:MARICO,28.45,28.45,27.75,27.982501,551460.0,-1.1219045936395813,3.464036257454279
375,2006-12-19,NSE:MARICO,28.0,28.0,27.55,27.954999,118380.0,-0.09828285184372319,-1.1219045936395813
376,2006-12-20,NSE:MARICO,27.9475005,28.0,27.6,27.670001,118340.0,-1.019488500071138,-0.09828285184372319
377,2006-12-21,NSE:MARICO,27.75,28.6350005,26.75,26.917499,191420.0,-2.7195589909808815,-1.019488500071138
378,2006-12-22,NSE:MARICO,27.5,27.8899995,27.25,27.6649995,78200.0,2.7770057686265766,-2.7195589909808815
379,2006-12-26,NSE:MARICO,28.0,28.0,26.9,27.0149995,247100.0,-2.3495391713273013,2.7770057686265766
380,2006-12-27,NSE:MARICO,27.15,27.770001,27.15,27.304999,41600.0,1.0734758666199509,-2.3495391713273013
381,2006-12-28,NSE:MARICO,27.5,27.8725005,27.1100005,27.3024995,111740.0,-0.009154001433946176,1.0734758666199509
382,2006-12-29,NSE:MARICO,27.25,27.6975005,26.904999,27.154999,353260.0,-0.5402454086667032,-0.009154001433946176
383,2007-01-02,NSE:MARICO,27.6899995,27.695001,27.067499,27.207501,274780.0,0.19334193310042283,-0.5402454086667032
384,2007-01-03,NSE:MARICO,27.6,27.6,27.1,27.232501,136580.0,0.09188642499727769,0.19334193310042283
385,2007-01-04,NSE:MARICO,27.25,27.370001,26.825,26.979999,67780.0,-0.9272082648596975,0.09188642499727769
386,2007-01-05,NSE:MARICO,27.695001,27.695001,26.8024995,27.0475005,43880.0,0.25019089140812173,-0.9272082648596975
387,2007-01-08,NSE:MARICO,27.1,27.2375,26.607501,27.004999,40260.0,-0.1571365161819673,0.25019089140812173
388,2007-01-09,NSE:MARICO,26.804999,27.625,26.4,27.0024995,51980.0,-0.009255693732862353,-0.1571365161819673
389,2007-01-10,NSE:MARICO,27.057501,27.45,26.2,26.3649995,92280.0,-2.3608925536689642,-0.009255693732862353
390,2007-01-11,NSE:MARICO,26.707501,26.9,26.425,26.7375,184560.0,1.412859878870853,-2.3608925536689642
391,2007-01-12,NSE:MARICO,26.7,29.95,26.7,28.379999,1946020.0,6.143053763440863,1.412859878870853
392,2007-01-15,NSE:MARICO,29.25,30.4475005,28.6100005,28.820001,1630420.0,1.5503946987454078,6.143053763440863
393,2007-01-16,NSE:MARICO,29.2399995,29.7375,28.2524995,28.820001,848840.0,0.0,1.5503946987454078
394,2007-01-17,NSE:MARICO,29.225,29.225,28.5,28.6475005,380800.0,-0.5985443928333025,0.0
395,2007-01-18,NSE:MARICO,28.975,29.2,28.2649995,28.454999,769700.0,-0.6719661284236604,-0.5985443928333025
396,2007-01-19,NSE:MARICO,28.55,29.55,26.5,28.232501,1541840.0,-0.7819293896302777,-0.6719661284236604
397,2007-01-22,NSE:MARICO,28.725,28.725,28.054999,28.170001,0.0,-0.22137606583277902,-0.7819293896302777
398,2007-01-23,NSE:MARICO,28.057501,28.4475005,27.7600005,27.9774995,282280.0,-0.6833563832674296,-0.22137606583277902
399,2007-01-24,NSE:MARICO,28.1,28.4,27.5,27.770001,198520.0,-0.7416620631161116,-0.6833563832674296
400,2007-01-25,NSE:MARICO,27.85,28.55,27.804999,28.229999,257420.0,1.6564565482010563,-0.7416620631161116
401,2007-01-29,NSE:MARICO,28.642499,29.4475005,28.304999,28.707501,3819280.0,1.6914701272217587,1.6564565482010563
402,2007-01-31,NSE:MARICO,29.0,29.1975005,28.6,28.6774995,247480.0,-0.10450752923426146,1.6914701272217587
403,2007-02-01,NSE:MARICO,28.9,29.05,28.25,28.7350005,195000.0,0.20050911342532504,-0.10450752923426146
404,2007-02-02,NSE:MARICO,29.0,29.0,28.65,28.754999,157860.0,0.0695963099078415,0.20050911342532504
405,2007-02-05,NSE:MARICO,28.825,29.0,28.520001,28.7600005,857380.0,0.017393497388049885,0.0695963099078415
406,2007-02-06,NSE:MARICO,28.775,28.775,28.25,28.454999,1663520.0,-1.060505892550313,0.017393497388049885
407,2007-02-07,NSE:MARICO,28.7,29.35,28.4,28.495001,216480.0,0.1405798678819059,-1.060505892550313
408,2007-02-08,NSE:MARICO,28.6975005,28.9975005,28.55,28.7774995,239580.0,0.9913967014775773,0.1405798678819059
409,2007-02-09,NSE:MARICO,29.1,29.35,28.0,28.4850005,566680.0,-1.0164156201271044,0.9913967014775773
410,2007-02-12,NSE:MARICO,29.0,29.25,27.6,28.104999,424900.0,-1.3340406997711034,-1.0164156201271044
411,2007-02-13,NSE:MARICO,28.2,28.6,27.6125,27.6850005,320680.0,-1.4943907309870335,-1.3340406997711034
412,2007-02-14,NSE:MARICO,27.75,28.642499,26.0625,28.342499,521620.0,2.3749268128060863,-1.4943907309870335
413,2007-02-15,NSE:MARICO,28.995001,29.35,28.5149995,29.2375,568600.0,3.157805527310773,2.3749268128060863
414,2007-02-19,NSE:MARICO,29.745001,30.0,29.4,29.7125,448820.0,1.624625908507902,3.157805527310773
415,2007-02-20,NSE:MARICO,29.85,29.9,28.75,28.967499,728360.0,-2.507365586874206,1.624625908507902
416,2007-02-21,NSE:MARICO,29.700001,29.924999,29.0,29.549999,746782.0,2.0108743250496,-2.507365586874206
417,2007-02-22,NSE:MARICO,29.75,29.875,28.8999995,28.9750005,521912.0,-1.9458494736328065,2.0108743250496
418,2007-02-23,NSE:MARICO,29.125,29.25,28.049999,28.8999995,345996.0,-0.25884727767304205,-1.9458494736328065
419,2007-02-26,NSE:MARICO,29.375,29.825001,28.6000005,29.1499995,207658.0,0.865051918080483,-0.25884727767304205
420,2007-02-27,NSE:MARICO,28.75,30.700001,28.75,29.825001,388714.0,2.315614104899043,0.865051918080483
421,2007-02-28,NSE:MARICO,29.0,30.8500005,25.8999995,30.4750005,533718.0,2.1793779654860694,2.315614104899043
422,2007-03-01,NSE:MARICO,31.325001,31.325001,29.1000005,30.049999,367022.0,-1.3945906251912956,2.1793779654860694
423,2007-03-02,NSE:MARICO,30.8500005,30.8500005,28.6000005,28.9750005,710212.0,-3.5773661756195048,-1.3945906251912956
424,2007-03-05,NSE:MARICO,29.0,29.0,25.8999995,27.0249995,1223662.0,-6.729942938223592,-3.5773661756195048
425,2007-03-06,NSE:MARICO,28.625,28.700001,26.450001,27.2250005,4706806.0,0.7400592181324567,-6.729942938223592
426,2007-03-07,NSE:MARICO,27.825001,28.25,26.5,27.1499995,192996.0,-0.2754857616990689,0.7400592181324567
427,2007-03-08,NSE:MARICO,27.5,27.5,24.549999,26.6000005,195432.0,-2.0257790428320255,-0.2754857616990689
428,2007-03-09,NSE:MARICO,27.0,27.450001,26.299999,26.6000005,184716.0,0.0,-2.0257790428320255
429,2007-03-12,NSE:MARICO,26.5,26.950001,26.299999,26.5,1213856.0,-0.37594172225673517,0.0
430,2007-03-13,NSE:MARICO,26.950001,27.2250005,26.6000005,26.7749995,113094.0,1.0377339622641504,-0.37594172225673517
431,2007-03-14,NSE:MARICO,25.75,26.75,25.75,26.575001,54792.0,-0.746959864555738,1.0377339622641504
432,2007-03-15,NSE:MARICO,27.049999,27.5,26.325001,27.25,169916.0,2.5399773268117642,-0.746959864555738
433,2007-03-16,NSE:MARICO,27.4750005,27.4750005,26.5,26.7749995,70508.0,-1.7431211009174317,2.5399773268117642
434,2007-03-19,NSE:MARICO,26.9750005,27.0,26.4750005,26.6000005,56638.0,-0.653591048619813,-1.7431211009174317
435,2007-03-20,NSE:MARICO,26.6000005,27.700001,26.6000005,27.549999,148442.0,3.5714228651988167,-0.653591048619813
436,2007-03-21,NSE:MARICO,27.75,28.0,27.25,27.625,75550.0,0.2722359445457705,3.5714228651988167
437,2007-03-22,NSE:MARICO,28.1000005,28.3500005,27.625,28.200001,405482.0,2.0814515837104084,0.2722359445457705
438,2007-03-23,NSE:MARICO,27.6499995,28.799999,27.6499995,28.2749995,115010.0,0.2659521182286466,2.0814515837104084
439,2007-03-26,NSE:MARICO,25.9750005,30.75,25.9750005,29.6499995,1223858.0,4.862953224809076,0.2659521182286466
440,2007-03-28,NSE:MARICO,28.5,30.200001,28.5,29.299999,0.0,-1.180440154813494,4.862953224809076
441,2007-03-29,NSE:MARICO,29.0,33.75,29.0,30.674999,3020800.0,4.692832924670066,-1.180440154813494
442,2007-03-30,NSE:MARICO,30.950001,31.700001,30.1499995,30.700001,385916.0,0.08150611512652578,4.692832924670066
443,2007-04-02,NSE:MARICO,31.0,31.375,29.5,29.8500005,364744.0,-2.7687311801716232,0.08150611512652578
444,2007-04-03,NSE:MARICO,30.0249995,30.0249995,30.0249995,30.0249995,0.0,0.58626129671254,-2.7687311801716232
445,2007-04-04,NSE:MARICO,31.5,31.5,29.625,29.825001,162722.0,-0.6661065889443213,0.58626129671254
446,2007-04-05,NSE:MARICO,31.5,31.5,29.799999,31.2250005,245480.0,4.694046783099856,-0.6661065889443213
447,2007-04-09,NSE:MARICO,31.75,32.674999,31.325001,31.8999995,758112.0,2.1617261463294444,4.694046783099856
448,2007-04-10,NSE:MARICO,32.5,32.5,30.700001,30.8999995,260682.0,-3.1347962873792525,2.1617261463294444
449,2007-04-11,NSE:MARICO,30.9750005,31.375,29.6499995,30.25,355624.0,-2.103558286465344,-3.1347962873792525
450,2007-04-12,NSE:MARICO,30.0,30.0,29.25,29.549999,1446690.0,-2.3140528925619845,-2.103558286465344
451,2007-04-13,NSE:MARICO,29.75,30.450001,29.5249995,30.0,5363382.0,1.5228460752232185,-2.3140528925619845
452,2007-04-16,NSE:MARICO,30.0,30.674999,29.25,29.375,2267568.0,-2.083333333333333,1.5228460752232185
453,2007-04-17,NSE:MARICO,29.875,30.0,29.0249995,29.1499995,148530.0,-0.7659591489361708,-2.083333333333333
454,2007-04-18,NSE:MARICO,29.3500005,29.825001,29.0,29.174999,297086.0,0.08576157951563547,-0.7659591489361708
455,2007-04-19,NSE:MARICO,29.0,29.3500005,28.200001,28.5,350710.0,-2.313621330372624,0.08576157951563547
456,2007-04-20,NSE:MARICO,28.924999,29.049999,28.25,28.424999,253504.0,-0.26316140350877304,-2.313621330372624
457,2007-04-23,NSE:MARICO,28.5,28.9750005,28.5,28.799999,140984.0,1.3192612601323224,-0.26316140350877304
458,2007-04-24,NSE:MARICO,28.6000005,28.700001,28.0,28.3999995,117782.0,-1.3888872010030273,1.3192612601323224
459,2007-04-25,NSE:MARICO,28.1499995,29.200001,28.1000005,28.8999995,126594.0,1.760563411277525,-1.3888872010030273
460,2007-04-26,NSE:MARICO,29.325001,30.200001,28.5249995,28.8500005,355080.0,-0.1730069234084232,1.760563411277525
461,2007-04-27,NSE:MARICO,28.8500005,29.0,27.450001,27.875,6605556.0,-3.379551067945389,-0.1730069234084232
462,2007-04-30,NSE:MARICO,28.0,28.0,27.049999,27.325001,795876.0,-1.9730905829596401,-3.379551067945389
463,2007-05-03,NSE:MARICO,28.25,29.875,27.325001,27.4750005,553890.0,0.5489460000385722,-1.9730905829596401
464,2007-05-04,NSE:MARICO,27.75,27.8500005,27.2749995,27.3999995,245154.0,-0.27297906691575974,0.5489460000385722
465,2007-05-07,NSE:MARICO,27.75,27.875,27.700001,27.75,545426.0,1.2773741109009882,-0.27297906691575974
466,2007-05-08,NSE:MARICO,27.299999,28.0,26.25,27.825001,1019998.0,0.27027387387387497,1.2773741109009882
467,2007-05-09,NSE:MARICO,27.8999995,28.625,27.5,28.3999995,613512.0,2.066481507044688,0.27027387387387497
468,2007-05-10,NSE:MARICO,28.9750005,29.0,28.5,28.75,839142.0,1.2323961484576793,2.066481507044688
469,2007-05-11,NSE:MARICO,28.4750005,28.7250005,28.049999,28.549999,481242.0,-0.6956556521739141,1.2323961484576793
470,2007-05-14,NSE:MARICO,29.1000005,29.25,29.0,29.049999,362728.0,1.7513135464558158,-0.6956556521739141
471,2007-05-15,NSE:MARICO,28.5,29.3500005,28.5,29.0,899020.0,-0.17211360317086305,1.7513135464558158
472,2007-05-16,NSE:MARICO,29.0249995,30.25,28.625,29.0249995,1217950.0,0.08620517241379255,-0.17211360317086305
473,2007-05-17,NSE:MARICO,29.375,29.375,28.799999,29.0,283096.0,-0.08613092310303,0.08620517241379255
474,2007-05-18,NSE:MARICO,29.174999,29.2250005,29.0,29.0,198828.0,0.0,-0.08613092310303
475,2007-05-21,NSE:MARICO,29.0,32.8499985,28.9750005,30.1499995,7953832.0,3.965515517241379,0.0
476,2007-05-22,NSE:MARICO,30.450001,30.924999,29.25,29.424999,5902396.0,-2.404645147672391,3.965515517241379
477,2007-05-23,NSE:MARICO,29.7250005,29.7250005,28.799999,29.0,307112.0,-1.4443466930958933,-2.404645147672391
478,2007-05-24,NSE:MARICO,28.549999,29.0,28.299999,28.5249995,154310.0,-1.6379327586206902,-1.4443466930958933
479,2007-05-25,NSE:MARICO,28.0,29.0,28.0,28.7749995,160828.0,0.8764242046700124,-1.6379327586206902
480,2007-05-28,NSE:MARICO,29.1000005,29.2250005,28.5249995,28.6499995,153382.0,-0.43440487288279533,0.8764242046700124
481,2007-05-29,NSE:MARICO,28.8999995,30.200001,28.2749995,29.7250005,488708.0,3.7521850567571575,-0.43440487288279533
482,2007-05-30,NSE:MARICO,29.924999,30.3999995,28.6499995,28.9750005,216976.0,-2.5231286371214696,3.7521850567571575
483,2007-05-31,NSE:MARICO,29.3500005,29.5,28.6000005,28.7250005,156774.0,-0.8628127547400731,-2.5231286371214696
484,2007-06-01,NSE:MARICO,28.9750005,29.0,28.549999,28.700001,79686.0,-0.08703045975577908,-0.8628127547400731
485,2007-06-04,NSE:MARICO,28.6000005,28.875,28.375,28.4750005,122158.0,-0.7839738402796577,-0.08703045975577908
486,2007-06-05,NSE:MARICO,28.799999,29.0,27.700001,28.0,799534.0,-1.668131665177671,-0.7839738402796577
487,2007-06-06,NSE:MARICO,28.174999,28.6499995,27.8999995,28.1499995,268888.0,0.5357124999999995,-1.668131665177671
488,2007-06-07,NSE:MARICO,28.25,28.450001,27.75,28.1499995,166896.0,0.0,0.5357124999999995
489,2007-06-08,NSE:MARICO,27.799999,28.299999,27.7749995,28.0249995,493672.0,-0.4440497414573666,0.0
490,2007-06-11,NSE:MARICO,28.2749995,28.3999995,27.8999995,27.9750005,482258.0,-0.17840856696536136,-0.4440497414573666
491,2007-06-12,NSE:MARICO,27.75,28.1000005,27.5249995,27.674999,121124.0,-1.0723914017445701,-0.17840856696536136
492,2007-06-13,NSE:MARICO,27.75,28.174999,27.5,27.7749995,77146.0,0.3613387664440391,-1.0723914017445701
493,2007-06-14,NSE:MARICO,28.1000005,28.200001,27.7250005,28.049999,61734.0,0.9900972275445039,0.3613387664440391
494,2007-06-15,NSE:MARICO,28.3999995,29.75,28.25,28.549999,1344958.0,1.7825312578442516,0.9900972275445039
495,2007-06-18,NSE:MARICO,28.5,29.6000005,28.200001,28.5,445808.0,-0.17512785201848757,1.7825312578442516
496,2007-06-19,NSE:MARICO,28.25,29.0,28.0,28.049999,292374.0,-1.5789508771929837,-0.17512785201848757
497,2007-06-20,NSE:MARICO,28.299999,28.75,27.625,27.7749995,326084.0,-0.9803904092830799,-1.5789508771929837
498,2007-06-21,NSE:MARICO,28.2250005,28.674999,27.799999,28.3999995,376062.0,2.2502250630103524,-0.9803904092830799
499,2007-06-22,NSE:MARICO,28.6000005,28.6000005,28.049999,28.1000005,121700.0,-1.0563345256396912,2.2502250630103524
500,2007-06-25,NSE:MARICO,28.299999,28.4750005,27.8999995,28.0249995,891490.0,-0.26690746856036646,-1.0563345256396912
501,2007-06-26,NSE:MARICO,28.25,28.25,27.625,27.700001,234092.0,-1.1596735264883753,-0.26690746856036646
502,2007-06-27,NSE:MARICO,27.674999,28.125,27.3999995,27.5,7972768.0,-0.7220252446922305,-1.1596735264883753
503,2007-06-28,NSE:MARICO,27.6499995,27.8500005,27.0,27.2250005,466888.0,-0.9999981818181812,-0.7220252446922305
504,2007-06-29,NSE:MARICO,27.1499995,28.049999,27.125,27.700001,474744.0,1.7447217310427605,-0.9999981818181812
505,2007-07-02,NSE:MARICO,27.950001,28.1000005,27.375,27.8999995,230404.0,0.7220162194217954,1.7447217310427605
506,2007-07-03,NSE:MARICO,28.1000005,28.25,27.200001,27.2749995,582442.0,-2.2401434093215666,0.7220162194217954
507,2007-07-04,NSE:MARICO,27.6000005,27.9750005,27.3999995,27.875,167874.0,2.1998185554503866,-2.2401434093215666
508,2007-07-05,NSE:MARICO,27.6000005,27.9750005,27.5,27.825001,229092.0,-0.1793686098654697,2.1998185554503866
509,2007-07-06,NSE:MARICO,27.950001,28.950001,27.950001,28.3999995,493330.0,2.066481507044688,-0.1793686098654697
510,2007-07-09,NSE:MARICO,28.4750005,28.4750005,27.8999995,27.9750005,128214.0,-1.4964753784590725,2.066481507044688
511,2007-07-10,NSE:MARICO,28.1499995,28.1499995,27.424999,27.6000005,133506.0,-1.3404825497679616,-1.4964753784590725
512,2007-07-11,NSE:MARICO,27.549999,27.875,27.325001,27.575001,106522.0,-0.09057789690982013,-1.3404825497679616
513,2007-07-12,NSE:MARICO,27.6499995,28.1000005,27.625,28.0,177322.0,1.5412474509067096,-0.09057789690982013
514,2007-07-13,NSE:MARICO,28.200001,28.7250005,27.424999,27.7250005,5639206.0,-0.9821410714285708,1.5412474509067096
515,2007-07-16,NSE:MARICO,28.25,28.924999,27.875,28.0,521948.0,0.9918827593889488,-0.9821410714285708
516,2007-07-17,NSE:MARICO,28.299999,28.924999,28.125,28.2749995,414878.0,0.9821410714285708,0.9918827593889488
517,2007-07-18,NSE:MARICO,28.3999995,28.5,27.5,27.7250005,202278.0,-1.9451777532303747,0.9821410714285708
518,2007-07-19,NSE:MARICO,27.75,28.174999,27.4750005,27.625,1855716.0,-0.36068709899572465,-1.9451777532303747
519,2007-07-20,NSE:MARICO,27.825001,27.924999,27.5,27.575001,153280.0,-0.18099185520361877,-0.36068709899572465
520,2007-07-23,NSE:MARICO,27.6000005,27.950001,27.5,27.75,255028.0,0.6346291700950426,-0.18099185520361877
521,2007-07-24,NSE:MARICO,27.875,28.200001,27.3999995,27.5,172302.0,-0.9009009009009009,0.6346291700950426
522,2007-07-25,NSE:MARICO,27.924999,28.3999995,27.375,27.5,1013234.0,0.0,-0.9009009009009009
523,2007-07-26,NSE:MARICO,27.6499995,28.299999,27.6499995,28.0,1416472.0,1.8181818181818181,0.0
524,2007-07-27,NSE:MARICO,27.575001,28.1499995,27.575001,27.7250005,0.0,-0.9821410714285708,1.8181818181818181
525,2007-07-30,NSE:MARICO,27.6499995,28.25,27.5,28.075001,4067234.0,1.2624003379188402,-0.9821410714285708
526,2007-07-31,NSE:MARICO,28.2250005,28.75,27.950001,28.1499995,1612600.0,0.26713623269327585,1.2624003379188402
527,2007-08-01,NSE:MARICO,28.174999,28.5,27.5249995,28.1499995,496650.0,0.0,0.26713623269327585
528,2007-08-02,NSE:MARICO,27.825001,28.25,27.7250005,28.0,911408.0,-0.5328579135498736,0.0
529,2007-08-03,NSE:MARICO,28.450001,28.450001,27.75,28.0,1235276.0,0.0,-0.5328579135498736
530,2007-08-06,NSE:MARICO,27.700001,28.0249995,27.5249995,27.924999,126740.0,-0.2678607142857154,0.0
531,2007-08-07,NSE:MARICO,28.049999,29.25,27.625,28.450001,2991472.0,1.880043039571821,-0.2678607142857154
532,2007-08-08,NSE:MARICO,28.700001,30.25,28.325001,30.0,1597572.0,5.448150950855853,1.880043039571821
533,2007-08-09,NSE:MARICO,30.5,30.674999,28.799999,29.0,654934.0,-3.3333333333333335,5.448150950855853
534,2007-08-10,NSE:MARICO,28.924999,29.5,27.6499995,29.1000005,316484.0,0.34482931034482817,-3.3333333333333335
535,2007-08-13,NSE:MARICO,28.5,29.450001,28.049999,29.125,552032.0,0.08590893323180472,0.34482931034482817
536,2007-08-14,NSE:MARICO,29.3500005,29.6000005,29.0,29.3999995,208716.0,0.9442042918454929,0.08590893323180472
537,2007-08-16,NSE:MARICO,28.950001,28.950001,28.1000005,28.7250005,239232.0,-2.295915005032567,0.9442042918454929
538,2007-08-17,NSE:MARICO,28.8999995,28.950001,28.2250005,28.674999,323986.0,-0.1740696227316009,-2.295915005032567
539,2007-08-20,NSE:MARICO,28.8999995,29.450001,28.5249995,29.0,445060.0,1.1333949828559726,-0.1740696227316009
540,2007-08-21,NSE:MARICO,29.7250005,29.7250005,27.75,28.049999,289086.0,-3.2758655172413804,1.1333949828559726
541,2007-08-22,NSE:MARICO,28.25,29.6000005,27.875,29.125,434964.0,3.832445769427658,-3.2758655172413804
542,2007-08-23,NSE:MARICO,29.450001,29.8999995,28.5,29.075001,310318.0,-0.17167038626609332,3.832445769427658
543,2007-08-24,NSE:MARICO,29.049999,29.25,28.5,28.575001,70078.0,-1.7196903965712675,-0.17167038626609332
544,2007-08-27,NSE:MARICO,28.9750005,29.2250005,28.700001,29.075001,76530.0,1.749781216105644,-1.7196903965712675
545,2007-08-28,NSE:MARICO,29.0,30.0,28.75,29.7250005,190392.0,2.2355957958522508,1.749781216105644
546,2007-08-29,NSE:MARICO,29.7250005,29.7250005,28.799999,29.0,144670.0,-2.4390260313031793,2.2355957958522508
547,2007-08-30,NSE:MARICO,29.375,29.5,28.625,28.674999,196042.0,-1.120693103448277,-2.4390260313031793
548,2007-08-31,NSE:MARICO,28.875,29.049999,28.6499995,28.875,118340.0,0.6974751768953865,-1.120693103448277
549,2007-09-03,NSE:MARICO,29.0,29.6000005,28.8999995,29.424999,162534.0,1.9047584415584402,0.6974751768953865
550,2007-09-04,NSE:MARICO,29.700001,29.700001,29.25,29.5249995,123372.0,0.33984877960403725,1.9047584415584402
551,2007-09-05,NSE:MARICO,29.299999,29.924999,29.049999,29.625,139492.0,0.33869771953764183,0.33984877960403725
552,2007-09-06,NSE:MARICO,29.625,29.75,28.875,29.575001,151950.0,-0.16877299578058966,0.33869771953764183
553,2007-09-07,NSE:MARICO,29.950001,31.25,29.950001,30.2749995,595068.0,2.36685875344518,-0.16877299578058966
554,2007-09-10,NSE:MARICO,29.6000005,30.6000005,29.5249995,30.075001,276326.0,-0.6606061215624447,2.36685875344518
555,2007-09-11,NSE:MARICO,30.4750005,30.700001,29.3500005,29.924999,248476.0,-0.4987597506646821,-0.6606061215624447
556,2007-09-12,NSE:MARICO,29.950001,30.2250005,29.5249995,29.6499995,236680.0,-0.9189624367238904,-0.4987597506646821
557,2007-09-13,NSE:MARICO,29.700001,30.1000005,29.5,29.8500005,133604.0,0.6745396403800962,-0.9189624367238904
558,2007-09-14,NSE:MARICO,30.3999995,33.8499985,29.5,29.674999,624484.0,-0.5862696719217827,0.6745396403800962
559,2007-09-17,NSE:MARICO,30.450001,30.450001,29.25,29.3999995,130280.0,-0.9267043277743661,-0.5862696719217827
560,2007-09-18,NSE:MARICO,29.25,30.0,29.25,29.3999995,180688.0,0.0,-0.9267043277743661
561,2007-09-19,NSE:MARICO,30.0,30.0,28.875,29.424999,282714.0,0.08503231437129732,0.0
562,2007-09-20,NSE:MARICO,29.049999,29.700001,29.0,29.200001,167784.0,-0.7646491338878189,0.08503231437129732
563,2007-09-21,NSE:MARICO,29.1499995,29.5,28.549999,28.7250005,238236.0,-1.626713985386508,-0.7646491338878189
564,2007-09-24,NSE:MARICO,29.0,29.825001,28.700001,29.625,428414.0,3.1331574737483465,-1.626713985386508
565,2007-09-25,NSE:MARICO,29.3999995,29.7250005,29.25,29.325001,158992.0,-1.012654852320674,3.1331574737483465
566,2007-09-26,NSE:MARICO,29.424999,31.049999,29.375,30.5,569886.0,4.006816572657575,-1.012654852320674
567,2007-09-27,NSE:MARICO,30.950001,30.950001,29.6499995,29.950001,852884.0,-1.8032754098360644,4.006816572657575
568,2007-09-28,NSE:MARICO,29.825001,30.75,29.825001,30.325001,1465730.0,1.2520867695463516,-1.8032754098360644
569,2007-10-01,NSE:MARICO,30.9750005,31.424999,30.0,30.549999,992456.0,0.7419554578085565,1.2520867695463516
570,2007-10-03,NSE:MARICO,31.25,32.75,30.875,32.0,1434318.0,4.74632094095977,0.7419554578085565
571,2007-10-04,NSE:MARICO,31.950001,32.5999985,31.5,32.3499985,417108.0,1.093745312499994,4.74632094095977
572,2007-10-05,NSE:MARICO,32.7249985,33.5,31.0,31.125,213616.0,-3.78670342133091,1.093745312499994
573,2007-10-08,NSE:MARICO,31.6000005,31.6000005,30.625,31.4750005,398074.0,1.1244995983935748,-3.78670342133091
574,2007-10-09,NSE:MARICO,31.4750005,32.299999,30.799999,32.2750015,548916.0,2.5417028984638197,1.1244995983935748
575,2007-10-10,NSE:MARICO,32.4749985,32.625,30.75,32.174999,674002.0,-0.3098450669320719,2.5417028984638197
576,2007-10-11,NSE:MARICO,32.299999,32.3499985,31.25,31.6499995,136644.0,-1.6317001284133679,-0.3098450669320719
577,2007-10-12,NSE:MARICO,31.8500005,31.950001,31.049999,31.125,335060.0,-1.6587662189378545,-1.6317001284133679
578,2007-10-15,NSE:MARICO,31.375,31.5,30.924999,31.0249995,259618.0,-0.32128674698795234,-1.6587662189378545
579,2007-10-16,NSE:MARICO,31.3999995,31.625,30.75,31.0249995,336254.0,0.0,-0.32128674698795234
580,2007-10-17,NSE:MARICO,29.950001,30.4750005,29.0,30.2250005,1338706.0,-2.5785624911935927,0.0
581,2007-10-18,NSE:MARICO,30.625,31.5,30.325001,30.700001,465110.0,1.571548361099283,-2.5785624911935927
582,2007-10-19,NSE:MARICO,30.375,30.875,29.875,30.1000005,299970.0,-1.9543989591400996,1.571548361099283
583,2007-10-22,NSE:MARICO,30.0,30.75,29.75,30.375,99866.0,0.9136195861524979,-1.9543989591400996
584,2007-10-23,NSE:MARICO,30.875,31.75,30.3999995,31.049999,147884.0,2.222218930041151,0.9136195861524979
585,2007-10-24,NSE:MARICO,31.75,32.4749985,30.575001,30.950001,491264.0,-0.32205476077470846,2.222218930041151
586,2007-10-25,NSE:MARICO,31.25,31.5,30.75,31.25,159254.0,0.9693020688432278,-0.32205476077470846
587,2007-10-26,NSE:MARICO,31.0249995,32.0,31.0,31.424999,0.0,0.559996799999999,0.9693020688432278
588,2007-10-29,NSE:MARICO,33.0,33.0,31.5,32.4749985,399962.0,3.3412872980520967,0.559996799999999
589,2007-10-30,NSE:MARICO,32.174999,34.0,31.875,32.299999,709766.0,-0.5388745437509365,3.3412872980520967
590,2007-10-31,NSE:MARICO,31.825001,34.4000015,31.825001,33.7750015,484828.0,4.566571348810265,-0.5388745437509365
591,2007-11-01,NSE:MARICO,34.450001,35.0,33.75,34.8499985,407780.0,3.1828185114958356,4.566571348810265
592,2007-11-02,NSE:MARICO,34.450001,36.5999985,32.5,36.4000015,433096.0,4.4476415113762595,3.1828185114958356
593,2007-11-05,NSE:MARICO,36.625,38.375,36.2750015,37.575001,392300.0,3.2280204713727785,4.4476415113762595
594,2007-11-06,NSE:MARICO,38.5,39.0,36.200001,36.25,368986.0,-3.526283339287204,3.2280204713727785
595,2007-11-07,NSE:MARICO,37.0,37.0,34.7750015,35.0250015,151294.0,-3.3793062068965463,-3.526283339287204
596,2007-11-08,NSE:MARICO,35.0,35.174999,33.575001,34.9749985,226290.0,-0.142763734071514,-3.3793062068965463
597,2007-11-09,NSE:MARICO,35.0,35.5,34.549999,34.8499985,23810.0,-0.3573981568576765,-0.142763734071514
598,2007-11-12,NSE:MARICO,34.25,34.5,33.1500015,33.2750015,82286.0,-4.519360309298138,-0.3573981568576765
599,2007-11-13,NSE:MARICO,33.950001,34.325001,33.2750015,34.0,156414.0,2.1788083165075083,-4.519360309298138
600,2007-11-14,NSE:MARICO,34.5,34.9000015,34.049999,34.3499985,1201622.0,1.029407352941171,2.1788083165075083
601,2007-11-15,NSE:MARICO,34.075001,34.700001,33.075001,33.424999,307304.0,-2.6928662020174423,1.029407352941171
602,2007-11-16,NSE:MARICO,33.950001,35.0,33.5,34.0,1105612.0,1.7202723027755373,-2.6928662020174423
603,2007-11-19,NSE:MARICO,34.049999,35.0,33.799999,34.200001,1671140.0,0.5882382352941186,1.7202723027755373
604,2007-11-20,NSE:MARICO,34.875,36.8499985,34.2750015,34.549999,574908.0,1.0233859349887136,0.5882382352941186
605,2007-11-21,NSE:MARICO,34.700001,35.450001,32.625,33.174999,201374.0,-3.979739623147312,1.0233859349887136
606,2007-11-22,NSE:MARICO,33.174999,33.9000015,32.875,33.625,153462.0,1.3564461599531632,-3.979739623147312
607,2007-11-23,NSE:MARICO,34.0,34.325001,33.0,33.200001,338374.0,-1.2639375464684006,1.3564461599531632
608,2007-11-26,NSE:MARICO,33.75,34.0,33.1500015,33.2750015,77952.0,0.22590511367756158,-1.2639375464684006
609,2007-11-27,NSE:MARICO,33.625,34.0,33.1500015,33.2750015,89724.0,0.0,0.22590511367756158
610,2007-11-28,NSE:MARICO,33.575001,33.575001,33.0,33.125,56038.0,-0.45079336810849396,0.0
611,2007-11-29,NSE:MARICO,33.2750015,33.5,32.75,32.8499985,88812.0,-0.8301932075471755,-0.45079336810849396
612,2007-11-30,NSE:MARICO,33.0,33.0999985,32.299999,32.7750015,117650.0,-0.22830138028772273,-0.8301932075471755
613,2007-12-03,NSE:MARICO,32.549999,34.799999,32.549999,34.424999,238466.0,5.0343170846231615,-0.22830138028772273
614,2007-12-04,NSE:MARICO,33.7750015,35.2249985,33.5999985,34.375,1770536.0,-0.14524038185157154,5.0343170846231615
615,2007-12-05,NSE:MARICO,34.5,35.0,34.1500015,34.4000015,219848.0,0.07273163636364188,-0.14524038185157154
616,2007-12-06,NSE:MARICO,34.9749985,35.9749985,34.25,34.375,329620.0,-0.07267877590064029,0.07273163636364188
617,2007-12-07,NSE:MARICO,34.75,34.950001,34.25,34.5,1767504.0,0.36363636363636365,-0.07267877590064029
618,2007-12-10,NSE:MARICO,34.9749985,37.200001,34.7750015,35.625,586718.0,3.260869565217391,0.36363636363636365
619,2007-12-11,NSE:MARICO,35.7750015,36.125,34.700001,35.0,178240.0,-1.7543859649122806,3.260869565217391
620,2007-12-12,NSE:MARICO,35.0,35.2750015,34.549999,34.924999,134922.0,-0.21428857142857233,-1.7543859649122806
621,2007-12-13,NSE:MARICO,35.049999,35.25,34.549999,34.8499985,408146.0,-0.21474732182526785,-0.21428857142857233
622,2007-12-14,NSE:MARICO,35.049999,37.8499985,35.049999,35.825001,2072162.0,2.797711741651875,-0.21474732182526785
623,2007-12-17,NSE:MARICO,37.049999,37.2249985,33.5999985,34.2249985,1346396.0,-4.466161773449782,2.797711741651875
624,2007-12-18,NSE:MARICO,34.25,35.5,33.5999985,34.450001,592122.0,0.6574215043428043,-4.466161773449782
625,2007-12-19,NSE:MARICO,35.0,35.8499985,34.049999,34.200001,878020.0,-0.7256893838696841,0.6574215043428043
626,2007-12-20,NSE:MARICO,34.5,34.75,34.049999,34.299999,744470.0,0.29239180431602724,-0.7256893838696841
627,2007-12-24,NSE:MARICO,35.4000015,35.4000015,34.0,34.0999985,705942.0,-0.5830918537344609,0.29239180431602724
628,2007-12-26,NSE:MARICO,34.5,34.75,33.625,34.049999,361118.0,-0.14662610615656896,-0.5830918537344609
629,2007-12-27,NSE:MARICO,34.049999,34.75,33.9000015,34.125,282746.0,0.2202672605071158,-0.14662610615656896
630,2007-12-28,NSE:MARICO,34.125,34.5,33.825001,34.200001,213156.0,0.21978315018315112,0.2202672605071158
631,2007-12-31,NSE:MARICO,34.450001,35.25,34.0,34.3499985,714022.0,0.4385891684622985,0.21978315018315112
632,2008-01-01,NSE:MARICO,34.75,37.2249985,34.25,35.424999,1902684.0,3.1295503550022037,0.4385891684622985
633,2008-01-02,NSE:MARICO,35.6500015,37.200001,35.0250015,35.2249985,1798790.0,-0.5645744690070467,3.1295503550022037
634,2008-01-03,NSE:MARICO,35.4000015,41.200001,35.25,39.1500015,8529514.0,11.142663355968642,-0.5645744690070467
635,2008-01-04,NSE:MARICO,39.5,42.3499985,39.049999,39.575001,5643648.0,1.0855670082158193,11.142663355968642
636,2008-01-07,NSE:MARICO,39.0,40.9000015,39.0,39.125,3162372.0,-1.1370839889555537,1.0855670082158193
637,2008-01-08,NSE:MARICO,39.9749985,40.674999,37.049999,37.7750015,2247872.0,-3.450475399361017,-1.1370839889555537
638,2008-01-09,NSE:MARICO,37.7750015,38.9000015,36.5250015,37.2750015,1071096.0,-1.3236266847004625,-3.450475399361017
639,2008-01-10,NSE:MARICO,37.9000015,38.2249985,35.0250015,35.875,823130.0,-3.7558724176040656,-1.3236266847004625
640,2008-01-11,NSE:MARICO,36.0,36.200001,33.299999,33.875,1116710.0,-5.574912891986063,-3.7558724176040656
641,2008-01-14,NSE:MARICO,34.0,34.75,33.5,33.8499985,794618.0,-0.07380516605166612,-5.574912891986063
642,2008-01-15,NSE:MARICO,34.2249985,35.950001,33.5999985,33.9000015,1813808.0,0.14771935661977592,-0.07380516605166612
643,2008-01-16,NSE:MARICO,33.9000015,33.9000015,32.9000015,33.575001,979704.0,-0.9587034974025047,0.14771935661977592
644,2008-01-17,NSE:MARICO,33.950001,34.375,33.299999,33.5,1647384.0,-0.2233834631903669,-0.9587034974025047
645,2008-01-18,NSE:MARICO,35.0,40.200001,32.25,32.5250015,1217404.0,-2.910443283582084,-0.2233834631903669
646,2008-01-21,NSE:MARICO,32.0,32.5250015,26.049999,29.1499995,3067940.0,-10.376639029517037,-2.910443283582084
647,2008-01-22,NSE:MARICO,28.9750005,28.9750005,24.0,26.424999,1918532.0,-9.348200846452844,-10.376639029517037
648,2008-01-23,NSE:MARICO,29.450001,30.3999995,27.5,29.549999,1613214.0,11.82592286947674,-9.348200846452844
649,2008-01-24,NSE:MARICO,31.0,32.0,29.125,29.9750005,705346.0,1.4382453955413008,11.82592286947674
650,2008-01-25,NSE:MARICO,30.299999,33.174999,29.875,30.625,1873546.0,2.168472023878698,1.4382453955413008
651,2008-01-28,NSE:MARICO,30.5,33.375,29.375,33.0250015,1089242.0,7.83673959183674,2.168472023878698
652,2008-01-29,NSE:MARICO,33.450001,33.450001,32.049999,32.4749985,317926.0,-1.665414004598921,7.83673959183674
653,2008-01-30,NSE:MARICO,32.5,32.5,30.875,31.200001,233808.0,-3.9260894808047424,-1.665414004598921
654,2008-01-31,NSE:MARICO,31.5,32.700001,30.4750005,31.875,331974.0,2.1634582639917213,-3.9260894808047424
655,2008-02-01,NSE:MARICO,31.875,32.75,30.8500005,32.5250015,299064.0,2.0392203921568686,2.1634582639917213
656,2008-02-04,NSE:MARICO,33.424999,33.5,32.75,32.875,354316.0,1.0760906498343992,2.0392203921568686
657,2008-02-05,NSE:MARICO,33.0,33.450001,32.5,33.125,257746.0,0.7604562737642585,1.0760906498343992
658,2008-02-06,NSE:MARICO,32.5,32.825001,31.5249995,32.5999985,167052.0,-1.5849101886792512,0.7604562737642585
659,2008-02-07,NSE:MARICO,32.7249985,33.2249985,32.125,32.25,256966.0,-1.0736150800743078,-1.5849101886792512
660,2008-02-08,NSE:MARICO,32.5,32.5,30.5,31.7749995,537318.0,-1.472869767441861,-1.0736150800743078
661,2008-02-11,NSE:MARICO,31.7749995,31.8500005,30.875,31.5249995,281886.0,-0.7867820737495211,-1.472869767441861
662,2008-02-12,NSE:MARICO,31.5,31.7250005,30.5,31.450001,439280.0,-0.23790166911818517,-0.7867820737495211
663,2008-02-13,NSE:MARICO,31.5249995,31.825001,30.549999,30.8999995,257466.0,-1.7488123450298159,-0.23790166911818517
664,2008-02-14,NSE:MARICO,31.3500005,32.049999,30.799999,31.674999,209748.0,2.5080890373477183,-1.7488123450298159
665,2008-02-15,NSE:MARICO,31.5,31.924999,31.0249995,31.700001,115038.0,0.07893291488344052,2.5080890373477183
666,2008-02-18,NSE:MARICO,31.9750005,32.4749985,31.049999,31.325001,161442.0,-1.1829652623670264,0.07893291488344052
667,2008-02-19,NSE:MARICO,31.625,33.0250015,31.25,32.5999985,1754834.0,4.070223333751842,-1.1829652623670264
668,2008-02-20,NSE:MARICO,32.7249985,32.7249985,31.25,31.549999,119760.0,-3.2208575101621504,4.070223333751842
669,2008-02-21,NSE:MARICO,31.700001,32.25,31.2749995,31.450001,82660.0,-0.31695088167831437,-3.2208575101621504
670,2008-02-22,NSE:MARICO,31.450001,31.5,30.6000005,31.1000005,130750.0,-1.1128791379052743,-0.31695088167831437
671,2008-02-25,NSE:MARICO,31.325001,32.4000015,31.174999,31.8500005,152294.0,2.411575523929654,-1.1128791379052743
672,2008-02-26,NSE:MARICO,31.8500005,32.0,31.424999,31.5249995,146558.0,-1.0204112869637172,2.411575523929654
673,2008-02-27,NSE:MARICO,31.75,32.75,31.75,32.4749985,244998.0,3.0134782397062314,-1.0204112869637172
674,2008-02-28,NSE:MARICO,32.25,32.25,31.375,31.549999,90096.0,-2.8483434725947667,3.0134782397062314
675,2008-02-29,NSE:MARICO,31.674999,32.450001,30.5,31.5249995,234242.0,-0.07923772041957859,-2.8483434725947667
676,2008-03-03,NSE:MARICO,31.7250005,31.875,29.950001,30.1499995,429340.0,-4.361617832856746,-0.07923772041957859
677,2008-03-04,NSE:MARICO,30.424999,31.825001,30.049999,31.5249995,587744.0,4.560530755564358,-4.361617832856746
678,2008-03-05,NSE:MARICO,31.549999,31.9750005,30.5249995,31.5249995,165692.0,0.0,4.560530755564358
679,2008-03-07,NSE:MARICO,30.5249995,31.2250005,30.0,30.6000005,292276.0,-2.9341760972906585,0.0
680,2008-03-10,NSE:MARICO,30.9750005,31.450001,29.549999,31.125,273588.0,1.715684612488813,-2.9341760972906585
681,2008-03-11,NSE:MARICO,30.5249995,33.0,30.5249995,32.8499985,353628.0,5.5421638554216806,1.715684612488813
682,2008-03-12,NSE:MARICO,32.8499985,33.5,31.0249995,31.4750005,209990.0,-4.185686644704103,5.5421638554216806
683,2008-03-13,NSE:MARICO,30.5249995,31.75,30.25,31.049999,377478.0,-1.3502827426484092,-4.185686644704103
684,2008-03-14,NSE:MARICO,31.4750005,32.450001,31.125,31.5,157860.0,1.4492786296063982,-1.3502827426484092
685,2008-03-17,NSE:MARICO,31.3500005,31.3500005,29.5,30.0,490076.0,-4.761904761904762,1.4492786296063982
686,2008-03-18,NSE:MARICO,30.549999,31.4750005,29.0249995,31.2749995,192882.0,4.249998333333333,-4.761904761904762
687,2008-03-19,NSE:MARICO,32.0,32.0,30.75,31.125,1187298.0,-0.4796147159011141,4.249998333333333
688,2008-03-24,NSE:MARICO,31.5,31.9750005,30.0,31.549999,389888.0,1.3654586345381516,-0.4796147159011141
689,2008-03-25,NSE:MARICO,30.7749995,32.9749985,30.7749995,32.7750015,332056.0,3.8827338790090047,1.3654586345381516
690,2008-03-26,NSE:MARICO,32.7750015,34.450001,32.0250015,33.2249985,482050.0,1.372988495515389,3.8827338790090047
691,2008-03-27,NSE:MARICO,32.75,33.325001,32.4000015,32.549999,179420.0,-2.0316012956328606,1.372988495515389
692,2008-03-28,NSE:MARICO,32.7249985,34.200001,32.575001,33.9000015,236816.0,4.14747324569811,-2.0316012956328606
693,2008-03-31,NSE:MARICO,33.049999,34.25,33.0,33.9000015,169918.0,0.0,4.14747324569811
694,2008-04-01,NSE:MARICO,34.0,34.549999,33.625,34.424999,149482.0,1.5486651232154007,0.0
695,2008-04-02,NSE:MARICO,34.9749985,35.450001,33.549999,33.825001,153088.0,-1.742913630876211,1.5486651232154007
696,2008-04-03,NSE:MARICO,34.0,34.325001,33.549999,34.1500015,162800.0,0.9608292398867972,-1.742913630876211
697,2008-04-04,NSE:MARICO,34.2249985,34.3499985,33.125,33.950001,125356.0,-0.585652975739991,0.9608292398867972
698,2008-04-07,NSE:MARICO,34.0,35.125,33.7249985,35.0250015,324756.0,3.166422587145142,-0.585652975739991
699,2008-04-08,NSE:MARICO,34.9749985,35.4000015,34.5250015,34.75,202994.0,-0.7851577108426445,3.166422587145142
700,2008-04-09,NSE:MARICO,35.049999,35.9749985,34.424999,35.700001,623256.0,2.7338158273381303,-0.7851577108426445
701,2008-04-10,NSE:MARICO,35.700001,35.924999,34.5,34.9749985,1049016.0,-2.030819270845405,2.7338158273381303
702,2008-04-11,NSE:MARICO,35.700001,35.700001,34.25,34.6500015,90972.0,-0.9292266302741835,-2.030819270845405
703,2008-04-15,NSE:MARICO,34.875,34.875,34.049999,34.2750015,80452.0,-1.082251035400388,-0.9292266302741835
704,2008-04-16,NSE:MARICO,34.5,35.5,33.825001,34.5,610412.0,0.6564507371356295,-1.082251035400388
705,2008-04-17,NSE:MARICO,34.950001,35.0999985,34.299999,34.700001,177908.0,0.5797130434782618,0.6564507371356295
706,2008-04-21,NSE:MARICO,34.7249985,37.4000015,34.549999,35.125,599796.0,1.2247809445308075,0.5797130434782618
707,2008-04-22,NSE:MARICO,35.200001,36.9749985,34.8499985,35.700001,480322.0,1.6370135231316734,1.2247809445308075
708,2008-04-23,NSE:MARICO,36.0,36.1500015,34.5,34.625,938570.0,-3.0112071985656255,1.6370135231316734
709,2008-04-24,NSE:MARICO,34.8499985,36.25,33.5999985,34.5999985,1754758.0,-0.07220649819495133,-3.0112071985656255
710,2008-04-25,NSE:MARICO,34.7249985,35.5,34.125,34.5250015,585018.0,-0.21675434465696933,-0.07220649819495133
711,2008-04-28,NSE:MARICO,34.7249985,35.0999985,33.1500015,33.75,368982.0,-2.244754428178669,-0.21675434465696933
712,2008-04-29,NSE:MARICO,33.75,34.2249985,33.25,33.6500015,2319486.0,-0.2962918518518462,-2.244754428178669
713,2008-04-30,NSE:MARICO,33.950001,34.2249985,33.1500015,33.299999,332604.0,-1.040126253783383,-0.2962918518518462
714,2008-05-02,NSE:MARICO,33.674999,34.25,33.549999,34.0250015,1510422.0,2.177184750065615,-1.040126253783383
715,2008-05-05,NSE:MARICO,34.25,34.4000015,33.549999,34.0250015,1571342.0,0.0,2.177184750065615
716,2008-05-06,NSE:MARICO,34.0,34.174999,34.0,34.0250015,324892.0,0.0,0.0
717,2008-05-07,NSE:MARICO,34.0250015,34.125,33.049999,33.2249985,1869894.0,-2.351221057256981,0.0
718,2008-05-08,NSE:MARICO,33.25,33.7249985,32.5,32.575001,317088.0,-1.9563507279014558,-2.351221057256981
719,2008-05-09,NSE:MARICO,33.0,33.700001,32.549999,33.2750015,197792.0,2.1488886523748736,-1.9563507279014558
720,2008-05-12,NSE:MARICO,33.0,33.0250015,30.549999,31.325001,1206470.0,-5.860256685488058,2.1488886523748736
721,2008-05-13,NSE:MARICO,31.799999,32.450001,31.3999995,31.75,760072.0,1.3567405791942342,-5.860256685488058
722,2008-05-14,NSE:MARICO,31.625,34.200001,31.424999,32.4749985,7855126.0,2.283459842519679,1.3567405791942342
723,2008-05-15,NSE:MARICO,33.200001,33.4000015,32.049999,32.549999,397296.0,0.2309484325303405,2.283459842519679
724,2008-05-16,NSE:MARICO,32.875,32.875,32.25,32.3499985,119362.0,-0.6144408790918906,0.2309484325303405
725,2008-05-20,NSE:MARICO,32.7249985,32.875,32.0,32.5999985,222446.0,0.7727975628808763,-0.6144408790918906
726,2008-05-21,NSE:MARICO,32.1500015,32.5999985,32.0250015,32.299999,137696.0,-0.9202439073731812,0.7727975628808763
727,2008-05-22,NSE:MARICO,32.450001,32.7249985,32.125,32.325001,74822.0,0.07740557515187736,-0.9202439073731812
728,2008-05-23,NSE:MARICO,32.174999,32.549999,31.625,31.799999,90014.0,-1.624136067312111,0.07740557515187736
729,2008-05-26,NSE:MARICO,31.2749995,32.0,30.8999995,31.0,168490.0,-2.5157202048968608,-1.624136067312111
730,2008-05-27,NSE:MARICO,31.2250005,31.375,30.8999995,31.200001,234724.0,0.6451645161290332,-2.5157202048968608
731,2008-05-28,NSE:MARICO,31.299999,31.450001,30.625,30.950001,106680.0,-0.8012820255999351,0.6451645161290332
732,2008-05-29,NSE:MARICO,31.0,31.7250005,30.875,31.1000005,135482.0,0.4846510344216139,-0.8012820255999351
733,2008-05-30,NSE:MARICO,31.2250005,32.950001,31.0,32.299999,342328.0,3.858516015136397,0.4846510344216139
734,2008-06-02,NSE:MARICO,32.5,32.5,31.049999,31.1499995,82360.0,-3.560370079268423,3.858516015136397
735,2008-06-03,NSE:MARICO,31.049999,31.75,30.7749995,31.575001,122714.0,1.3643708084168684,-3.560370079268423
736,2008-06-04,NSE:MARICO,31.8999995,32.0250015,31.5,31.700001,206490.0,0.3958828061478129,1.3643708084168684
737,2008-06-05,NSE:MARICO,31.4750005,31.75,31.049999,31.5,558928.0,-0.6309179611697814,0.3958828061478129
738,2008-06-06,NSE:MARICO,31.625,31.75,31.200001,31.5,267332.0,0.0,-0.6309179611697814
739,2008-06-09,NSE:MARICO,29.049999,33.4749985,29.049999,32.200001,174806.0,2.2222253968253978,0.0
740,2008-06-10,NSE:MARICO,32.2249985,32.5,31.25,31.5249995,527642.0,-2.096277885208763,2.2222253968253978
741,2008-06-11,NSE:MARICO,31.799999,32.6500015,31.625,32.5,128742.0,3.0927851402503594,-2.096277885208763
742,2008-06-12,NSE:MARICO,32.25,32.25,31.075001,32.075001,2200720.0,-1.3076892307692298,3.0927851402503594
743,2008-06-13,NSE:MARICO,32.075001,32.5,31.5,32.3499985,156654.0,0.8573577285313186,-1.3076892307692298
744,2008-06-16,NSE:MARICO,32.6500015,33.200001,32.299999,32.5999985,200290.0,0.7727975628808763,0.8573577285313186
745,2008-06-17,NSE:MARICO,32.4000015,32.674999,32.0250015,32.174999,53980.0,-1.3036795078380095,0.7727975628808763
746,2008-06-18,NSE:MARICO,32.174999,33.049999,32.174999,32.674999,124240.0,1.554001602299972,-1.3036795078380095
747,2008-06-19,NSE:MARICO,32.700001,32.700001,31.6000005,31.75,48662.0,-2.83090750821446,1.554001602299972
748,2008-06-20,NSE:MARICO,31.5,32.25,31.375,31.625,1824644.0,-0.39370078740157477,-2.83090750821446
749,2008-06-23,NSE:MARICO,31.799999,31.799999,30.200001,30.875,112488.0,-2.371541501976284,-0.39370078740157477
750,2008-06-24,NSE:MARICO,30.75,30.75,28.5,29.2250005,881452.0,-5.344127935222671,-2.371541501976284
751,2008-06-25,NSE:MARICO,28.5,30.4750005,28.0249995,29.799999,104664.0,1.96748841800704,-5.344127935222671
752,2008-06-26,NSE:MARICO,29.9750005,30.0,28.8999995,29.25,108522.0,-1.8456342901219551,1.96748841800704
753,2008-06-27,NSE:MARICO,29.200001,29.200001,27.5,27.674999,2638184.0,-5.384618803418804,-1.8456342901219551
754,2008-06-30,NSE:MARICO,28.2250005,28.2250005,25.5,26.700001,931306.0,-3.52302813091339,-5.384618803418804
755,2008-07-01,NSE:MARICO,25.6499995,28.7250005,25.6499995,27.2749995,554268.0,2.1535523537995354,-3.52302813091339
756,2008-07-02,NSE:MARICO,27.5249995,28.0,26.075001,27.1000005,444202.0,-0.6416095443008154,2.1535523537995354
757,2008-07-03,NSE:MARICO,27.3500005,27.3500005,26.25,26.424999,622292.0,-2.4907803968490723,-0.6416095443008154
758,2008-07-04,NSE:MARICO,26.424999,27.700001,26.049999,27.174999,3210042.0,2.8382214886744177,-2.4907803968490723
759,2008-07-07,NSE:MARICO,27.4750005,27.924999,26.5,27.325001,1353968.0,0.5519853009010254,2.8382214886744177
760,2008-07-08,NSE:MARICO,26.7749995,27.5,26.0249995,26.2250005,1414430.0,-4.0256192488336975,0.5519853009010254
761,2008-07-09,NSE:MARICO,26.75,27.25,26.375,26.549999,108782.0,1.2392697571159228,-4.0256192488336975
762,2008-07-10,NSE:MARICO,26.25,26.6000005,24.424999,25.5249995,2551232.0,-3.860638563489211,1.2392697571159228
763,2008-07-11,NSE:MARICO,25.75,26.174999,25.0,25.0249995,1495764.0,-1.958863897333279,-3.860638563489211
764,2008-07-14,NSE:MARICO,25.0,25.9750005,24.75,25.0,5471326.0,-0.09989810389406738,-1.958863897333279
765,2008-07-15,NSE:MARICO,25.0,25.450001,24.4750005,24.6499995,268438.0,-1.4000020000000006,-0.09989810389406738
766,2008-07-16,NSE:MARICO,24.9750005,25.3999995,24.75,25.299999,248558.0,2.6369148607893473,-1.4000020000000006
767,2008-07-17,NSE:MARICO,25.825001,26.3999995,25.5,26.0,277956.0,2.766802480901285,2.6369148607893473
768,2008-07-18,NSE:MARICO,26.3500005,27.375,26.0,27.174999,283166.0,4.519226923076921,2.766802480901285
769,2008-07-21,NSE:MARICO,27.3500005,27.4750005,26.3500005,27.200001,149464.0,0.09200368323840835,4.519226923076921
770,2008-07-22,NSE:MARICO,27.450001,28.25,27.049999,28.1499995,195708.0,3.4926414157117107,0.09200368323840835
771,2008-07-23,NSE:MARICO,29.375,30.450001,28.700001,29.875,493346.0,6.127888208310626,3.4926414157117107
772,2008-07-24,NSE:MARICO,30.424999,30.5,28.049999,28.424999,667424.0,-4.853559832635984,6.127888208310626
773,2008-07-25,NSE:MARICO,27.700001,28.5,27.549999,27.7749995,112984.0,-2.286717758547678,-4.853559832635984
774,2008-07-28,NSE:MARICO,28.200001,29.125,28.0,28.125,1414898.0,1.2601278354658483,-2.286717758547678
775,2008-07-29,NSE:MARICO,27.9750005,28.5,27.625,27.799999,104340.0,-1.1555591111111123,1.2601278354658483
776,2008-07-30,NSE:MARICO,28.3500005,28.9750005,27.6000005,27.8999995,1174182.0,0.359714041716333,-1.1555591111111123
777,2008-07-31,NSE:MARICO,28.2250005,28.2250005,26.049999,26.674999,656100.0,-4.390682874384998,0.359714041716333
778,2008-08-01,NSE:MARICO,26.5,27.5,26.5,27.299999,101100.0,2.343017894771055,-4.390682874384998
779,2008-08-04,NSE:MARICO,27.25,28.3999995,27.25,27.950001,97278.0,2.380959794174354,2.343017894771055
780,2008-08-05,NSE:MARICO,28.1000005,28.25,27.575001,28.0,101508.0,0.1788872923475018,2.380959794174354
781,2008-08-06,NSE:MARICO,28.424999,28.9750005,27.875,28.375,220044.0,1.3392857142857142,0.1788872923475018
782,2008-08-07,NSE:MARICO,28.5,29.75,28.450001,29.299999,216082.0,3.259908370044052,1.3392857142857142
783,2008-08-08,NSE:MARICO,29.299999,29.799999,28.7749995,29.6499995,164864.0,1.1945409964007172,3.259908370044052
784,2008-08-11,NSE:MARICO,30.0,30.375,29.5,29.6000005,94056.0,-0.1686306942433496,1.1945409964007172
785,2008-08-12,NSE:MARICO,29.6000005,30.0,29.25,29.3500005,83596.0,-0.8445945803277942,-0.1686306942433496
786,2008-08-13,NSE:MARICO,29.3500005,29.75,28.950001,29.424999,914348.0,0.25553151183080736,-0.8445945803277942
787,2008-08-14,NSE:MARICO,29.5,31.4750005,29.25,31.3500005,339062.0,6.542061394802428,0.25553151183080736
788,2008-08-18,NSE:MARICO,31.75,31.75,30.0,30.6499995,162060.0,-2.2328580186147056,6.542061394802428
789,2008-08-19,NSE:MARICO,32.200001,32.200001,30.0249995,31.049999,120418.0,1.3050554862162391,-2.2328580186147056
790,2008-08-20,NSE:MARICO,31.0,31.0,30.049999,30.2250005,54716.0,-2.65700008557166,1.3050554862162391
791,2008-08-21,NSE:MARICO,30.700001,30.700001,30.049999,30.25,65956.0,0.08271133031081286,-2.65700008557166
792,2008-08-22,NSE:MARICO,30.0,30.3500005,29.549999,30.125,264674.0,-0.4132231404958678,0.08271133031081286
793,2008-08-25,NSE:MARICO,30.6499995,30.950001,30.2250005,30.325001,29496.0,0.6639037344398351,-0.4132231404958678
794,2008-08-26,NSE:MARICO,29.700001,31.325001,29.5249995,30.875,75890.0,1.8136817209008491,0.6639037344398351
795,2008-08-27,NSE:MARICO,30.7749995,31.174999,29.5249995,29.8999995,39376.0,-3.157896356275304,1.8136817209008491
796,2008-08-28,NSE:MARICO,29.5,30.049999,29.5,29.700001,88894.0,-0.6688913155332981,-3.157896356275304
797,2008-08-29,NSE:MARICO,31.0,31.0,29.25,30.125,197670.0,1.4309730157921534,-0.6688913155332981
798,2008-09-01,NSE:MARICO,30.125,30.375,29.625,29.9750005,61964.0,-0.4979236514522816,1.4309730157921534
799,2008-09-02,NSE:MARICO,30.0,30.375,29.6499995,29.8999995,60922.0,-0.2502118390289946,-0.4979236514522816
800,2008-09-04,NSE:MARICO,29.8999995,31.200001,29.75,30.0249995,2227950.0,0.41806020765986973,-0.2502118390289946
801,2008-09-05,NSE:MARICO,29.625,30.375,29.2749995,29.549999,110240.0,-1.582016679134333,0.41806020765986973
802,2008-09-08,NSE:MARICO,30.375,30.375,29.6499995,29.950001,793568.0,1.3536447158593834,-1.582016679134333
803,2008-09-09,NSE:MARICO,30.0,30.0,29.25,29.424999,105414.0,-1.7529281551609988,1.3536447158593834
804,2008-09-10,NSE:MARICO,29.200001,29.7250005,29.1000005,29.2250005,66506.0,-0.6796890630310626,-1.7529281551609988
805,2008-09-11,NSE:MARICO,29.2250005,29.5,29.049999,29.3999995,171028.0,0.5987989632369713,-0.6796890630310626
806,2008-09-15,NSE:MARICO,29.9750005,29.9750005,28.625,29.0,2963902.0,-1.3605425401452809,0.5987989632369713
807,2008-09-16,NSE:MARICO,28.5249995,28.8999995,27.7749995,28.5,1688622.0,-1.7241379310344827,-1.3605425401452809
808,2008-09-17,NSE:MARICO,28.450001,29.0,28.125,28.549999,84286.0,0.17543508771929714,-1.7241379310344827
809,2008-09-18,NSE:MARICO,28.0249995,29.25,27.0249995,28.924999,150362.0,1.313485159841862,0.17543508771929714
810,2008-09-19,NSE:MARICO,29.5249995,30.375,29.0249995,29.5,5245562.0,1.9879032666517995,1.313485159841862
811,2008-09-22,NSE:MARICO,29.75,30.125,29.0,29.299999,118864.0,-0.6779694915254248,1.9879032666517995
812,2008-09-23,NSE:MARICO,28.7749995,29.25,28.700001,29.0249995,826510.0,-0.9385648784493127,-0.6779694915254248
813,2008-09-24,NSE:MARICO,29.0,29.450001,28.549999,29.2250005,264638.0,0.6890646113533966,-0.9385648784493127
814,2008-09-25,NSE:MARICO,28.7749995,30.125,28.6000005,29.799999,693842.0,1.96748841800704,0.6890646113533966
815,2008-09-26,NSE:MARICO,29.75,30.1000005,29.2749995,29.5,652160.0,-1.0067080874734247,1.96748841800704
816,2008-09-29,NSE:MARICO,28.875,29.7250005,28.875,29.6000005,238484.0,0.3389847457627124,-1.0067080874734247
817,2008-09-30,NSE:MARICO,27.0,29.6000005,27.0,29.1499995,2997294.0,-1.520273622968352,0.3389847457627124
818,2008-10-01,NSE:MARICO,29.049999,29.9750005,29.049999,29.325001,190622.0,0.60034820926841,-1.520273622968352
819,2008-10-03,NSE:MARICO,29.049999,29.75,29.0,29.325001,180914.0,0.0,0.60034820926841
820,2008-10-06,NSE:MARICO,29.0,29.200001,27.549999,28.75,1087068.0,-1.960787656921138,0.0
821,2008-10-07,NSE:MARICO,28.1499995,28.325001,27.5,27.575001,62578.0,-4.08695304347826,-1.960787656921138
822,2008-10-08,NSE:MARICO,26.75,27.9750005,26.75,27.3999995,1260596.0,-0.6346382362778535,-4.08695304347826
823,2008-10-10,NSE:MARICO,26.5,26.5,25.049999,25.549999,613416.0,-6.751826765544284,-0.6346382362778535
824,2008-10-13,NSE:MARICO,25.049999,27.700001,25.049999,25.325001,260368.0,-0.8806184297697991,-6.751826765544284
825,2008-10-14,NSE:MARICO,25.75,26.299999,25.25,25.4750005,966168.0,0.5922981009951385,-0.8806184297697991
826,2008-10-15,NSE:MARICO,25.5,26.25,25.0249995,25.174999,627492.0,-1.1776309876814348,0.5922981009951385
827,2008-10-16,NSE:MARICO,25.0,25.200001,23.2250005,25.0,652850.0,-0.6951301169862993,-1.1776309876814348
828,2008-10-17,NSE:MARICO,25.375,25.875,24.799999,25.075001,406314.0,0.30000400000000127,-0.6951301169862993
829,2008-10-20,NSE:MARICO,25.8500005,25.9750005,24.299999,25.700001,884480.0,2.492522333299209,0.30000400000000127
830,2008-10-21,NSE:MARICO,25.424999,27.625,25.424999,27.5,414072.0,7.003886887008291,2.492522333299209
831,2008-10-22,NSE:MARICO,27.0249995,27.5,25.25,26.700001,300858.0,-2.9090872727272714,7.003886887008291
832,2008-10-23,NSE:MARICO,25.625,28.4750005,25.0,27.075001,359952.0,1.4044943294196879,-2.9090872727272714
833,2008-10-24,NSE:MARICO,26.5,27.2250005,25.5,25.7250005,270632.0,-4.986151247048893,1.4044943294196879
834,2008-10-27,NSE:MARICO,25.0249995,26.0,25.0,25.1000005,315286.0,-2.429543198648334,-4.986151247048893
835,2008-10-28,NSE:MARICO,26.6499995,26.6499995,26.0,26.0,42254.0,3.5856553070586585,-2.429543198648334
836,2008-10-29,NSE:MARICO,26.7749995,27.0,25.049999,25.25,60030.0,-2.8846153846153846,3.5856553070586585
837,2008-10-31,NSE:MARICO,25.25,26.2250005,23.7749995,24.5249995,423744.0,-2.8712891089108914,-2.8846153846153846
838,2008-11-03,NSE:MARICO,25.1000005,26.1000005,24.549999,24.950001,482440.0,1.732931737674451,-2.8712891089108914
839,2008-11-04,NSE:MARICO,25.0,25.450001,24.625,25.2749995,77250.0,1.302599146188409,1.732931737674451
840,2008-11-05,NSE:MARICO,25.674999,26.450001,24.625,25.174999,233366.0,-0.3956498594589494,1.302599146188409
841,2008-11-06,NSE:MARICO,25.25,25.75,24.375,25.1000005,106034.0,-0.29790865135684624,-0.3956498594589494
842,2008-11-07,NSE:MARICO,25.25,25.450001,24.5249995,25.25,45634.0,0.5976075578165819,-0.29790865135684624
843,2008-11-10,NSE:MARICO,25.950001,27.125,25.75,26.924999,160536.0,6.633659405940592,0.5976075578165819
844,2008-11-11,NSE:MARICO,26.75,27.0,25.200001,25.5249995,163966.0,-5.199626934062281,6.633659405940592
845,2008-11-12,NSE:MARICO,25.125,25.7250005,24.75,24.8500005,100662.0,-2.644462343672131,-5.199626934062281
846,2008-11-14,NSE:MARICO,25.424999,25.950001,24.5,25.0,252400.0,0.6036197061645928,-2.644462343672131
847,2008-11-17,NSE:MARICO,24.625,25.0249995,23.375,23.674999,541592.0,-5.300004000000001,0.6036197061645928
848,2008-11-18,NSE:MARICO,24.0,25.0,23.700001,24.450001,130404.0,3.273503834150112,-5.300004000000001
849,2008-11-19,NSE:MARICO,25.0,25.450001,24.075001,24.950001,1680458.0,2.0449896914114642,3.273503834150112
850,2008-11-20,NSE:MARICO,25.0,25.125,24.049999,24.674999,63208.0,-1.102212380672853,2.0449896914114642
851,2008-11-21,NSE:MARICO,24.8999995,25.125,24.5,24.8500005,67040.0,0.7092259659260797,-1.102212380672853
852,2008-11-24,NSE:MARICO,25.0,26.200001,24.5249995,25.75,172756.0,3.621728297349531,0.7092259659260797
853,2008-11-25,NSE:MARICO,25.549999,26.049999,25.2749995,25.75,182728.0,0.0,3.621728297349531
854,2008-11-26,NSE:MARICO,25.5249995,26.450001,25.5249995,26.0249995,100796.0,1.0679592233009703,0.0
855,2008-11-28,NSE:MARICO,26.0,26.8500005,25.625,26.6499995,165870.0,2.4015370298085883,1.0679592233009703
856,2008-12-01,NSE:MARICO,26.825001,27.4750005,25.75,25.9750005,297420.0,-2.532829315812932,2.4015370298085883
857,2008-12-02,NSE:MARICO,26.0,26.0,24.700001,25.125,156676.0,-3.27237914778866,-2.532829315812932
858,2008-12-03,NSE:MARICO,25.0,25.5,24.7749995,24.8999995,25028.0,-0.8955243781094534,-3.27237914778866
859,2008-12-04,NSE:MARICO,25.424999,26.450001,24.9750005,25.575001,262856.0,2.710849452025091,-0.8955243781094534
860,2008-12-05,NSE:MARICO,25.5,25.8500005,25.0249995,25.5,171866.0,-0.29325903056660807,2.710849452025091
861,2008-12-08,NSE:MARICO,25.75,25.875,25.0,25.075001,122780.0,-1.666662745098038,-0.29325903056660807
862,2008-12-10,NSE:MARICO,25.450001,25.450001,24.450001,24.6499995,792768.0,-1.6949211686970638,-1.666662745098038
863,2008-12-11,NSE:MARICO,25.3500005,25.625,24.700001,25.25,153972.0,2.434079156877874,-1.6949211686970638
864,2008-12-12,NSE:MARICO,25.200001,25.424999,24.950001,25.0249995,60432.0,-0.8910910891089115,2.434079156877874
865,2008-12-15,NSE:MARICO,25.325001,26.0,25.25,25.7749995,284424.0,2.997003056883178,-0.8910910891089115
866,2008-12-16,NSE:MARICO,25.7749995,26.700001,25.75,26.450001,392372.0,2.6188225532264338,2.997003056883178
867,2008-12-17,NSE:MARICO,26.8500005,27.049999,26.200001,26.375,104186.0,-0.2835576452341167,2.6188225532264338
868,2008-12-18,NSE:MARICO,26.0,26.950001,25.6000005,26.674999,411030.0,1.1374369668246433,-0.2835576452341167
869,2008-12-19,NSE:MARICO,25.875,27.424999,25.875,27.2250005,327900.0,2.061861370641478,1.1374369668246433
870,2008-12-22,NSE:MARICO,27.3500005,27.5,26.25,26.424999,1911036.0,-2.938481121423673,2.061861370641478
871,2008-12-23,NSE:MARICO,26.25,26.25,25.7749995,25.875,158902.0,-2.081358640732587,-2.938481121423673
872,2008-12-24,NSE:MARICO,26.125,26.424999,25.5249995,26.1499995,105076.0,1.0627999999999993,-2.081358640732587
873,2008-12-26,NSE:MARICO,26.375,28.25,26.25,26.4750005,149058.0,1.2428336757711995,1.0627999999999993
874,2008-12-29,NSE:MARICO,26.2250005,27.049999,26.125,26.950001,76956.0,1.794147274898069,1.2428336757711995
875,2008-12-30,NSE:MARICO,26.75,27.5,26.3500005,27.299999,111440.0,1.2986938293620076,1.794147274898069
876,2008-12-31,NSE:MARICO,26.5,28.0249995,25.549999,27.7749995,181404.0,1.7399286351622218,1.2986938293620076
877,2009-01-01,NSE:MARICO,28.5,29.700001,28.049999,28.799999,145690.0,3.6903673031569264,1.7399286351622218
878,2009-01-02,NSE:MARICO,29.200001,30.450001,28.7749995,30.075001,317388.0,4.427090431496198,3.6903673031569264
879,2009-01-05,NSE:MARICO,30.4750005,32.424999,29.049999,29.25,315380.0,-2.7431453784490323,4.427090431496198
880,2009-01-06,NSE:MARICO,29.299999,30.125,29.1000005,29.8999995,968454.0,2.2222205128205124,-2.7431453784490323
881,2009-01-07,NSE:MARICO,29.924999,30.1499995,27.174999,27.825001,158128.0,-6.939794430431344,2.2222205128205124
882,2009-01-09,NSE:MARICO,27.5,27.8500005,26.049999,26.575001,238768.0,-4.492362821478426,-6.939794430431344
883,2009-01-12,NSE:MARICO,26.5,27.450001,26.5,26.7749995,89968.0,0.7525813451521584,-4.492362821478426
884,2009-01-13,NSE:MARICO,26.9750005,27.375,26.450001,26.625,67390.0,-0.5602222326838879,0.7525813451521584
885,2009-01-14,NSE:MARICO,26.75,27.75,26.75,27.549999,68582.0,3.474174647887323,-0.5602222326838879
886,2009-01-15,NSE:MARICO,27.5,27.875,26.5249995,27.700001,75088.0,0.544471889091541,3.474174647887323
887,2009-01-16,NSE:MARICO,27.5249995,28.450001,27.5249995,28.375,62516.0,2.436819406613017,0.544471889091541
888,2009-01-19,NSE:MARICO,28.950001,29.950001,28.299999,28.375,401602.0,0.0,2.436819406613017
889,2009-01-20,NSE:MARICO,28.075001,29.5,27.75,29.200001,1359046.0,2.907492511013217,0.0
890,2009-01-21,NSE:MARICO,28.5,29.049999,28.25,28.424999,158908.0,-2.654116347461771,2.907492511013217
891,2009-01-22,NSE:MARICO,28.950001,29.5,27.575001,29.3500005,668518.0,3.254183052038104,-2.654116347461771
892,2009-01-23,NSE:MARICO,29.5,30.200001,29.0,29.924999,575872.0,1.959108995585876,3.254183052038104
893,2009-01-27,NSE:MARICO,30.450001,31.5,29.325001,29.825001,267448.0,-0.334162083012933,1.959108995585876
894,2009-01-28,NSE:MARICO,30.0,30.5,29.049999,29.450001,194500.0,-1.2573344088068932,-0.334162083012933
895,2009-01-29,NSE:MARICO,29.1499995,30.0,28.8999995,29.125,51814.0,-1.1035687231385842,-1.2573344088068932
896,2009-01-30,NSE:MARICO,28.625,29.700001,28.549999,29.1000005,222890.0,-0.08583519313304666,-1.1035687231385842
897,2009-02-02,NSE:MARICO,29.1000005,29.5,29.1000005,29.25,44910.0,0.5154621904559756,-0.08583519313304666
898,2009-02-03,NSE:MARICO,29.4750005,29.674999,28.549999,29.0,103956.0,-0.8547008547008548,0.5154621904559756
899,2009-02-04,NSE:MARICO,29.0,30.2749995,28.75,29.6499995,171762.0,2.2413775862068963,-0.8547008547008548
900,2009-02-05,NSE:MARICO,29.8999995,30.0,29.049999,29.25,156100.0,-1.3490708490568435,2.2413775862068963
901,2009-02-06,NSE:MARICO,29.25,29.875,29.049999,29.3999995,160404.0,0.5128188034188029,-1.3490708490568435
902,2009-02-09,NSE:MARICO,29.049999,30.700001,28.8500005,29.549999,372206.0,0.5102023896292918,0.5128188034188029
903,2009-02-10,NSE:MARICO,29.3999995,30.174999,29.2749995,29.924999,320236.0,1.2690355759402903,0.5102023896292918
904,2009-02-11,NSE:MARICO,29.049999,29.9750005,29.0,29.6000005,177060.0,-1.086043478230357,1.2690355759402903
905,2009-02-12,NSE:MARICO,29.799999,29.8999995,29.5,29.75,80604.0,0.5067550590075154,-1.086043478230357
906,2009-02-13,NSE:MARICO,30.0,30.200001,29.5,29.7250005,170416.0,-0.08403193277310872,0.5067550590075154
907,2009-02-16,NSE:MARICO,29.549999,30.174999,28.299999,29.299999,623996.0,-1.4297779406261086,-0.08403193277310872
908,2009-02-17,NSE:MARICO,29.299999,29.7250005,28.825001,29.424999,111190.0,0.42662117497000596,-1.4297779406261086
909,2009-02-18,NSE:MARICO,29.5,29.950001,29.0,29.3500005,192666.0,-0.254880212570269,0.42662117497000596
910,2009-02-19,NSE:MARICO,29.4750005,29.4750005,28.6000005,29.0249995,233520.0,-1.1073287715957632,-0.254880212570269
911,2009-02-20,NSE:MARICO,28.8999995,29.700001,28.75,29.5249995,68044.0,1.7226529151189132,-1.1073287715957632
912,2009-02-24,NSE:MARICO,28.825001,29.549999,28.299999,28.5,755602.0,-3.4716325736093574,1.7226529151189132
913,2009-02-25,NSE:MARICO,29.325001,29.325001,28.049999,28.325001,924488.0,-0.6140315789473674,-3.4716325736093574
914,2009-02-26,NSE:MARICO,28.1499995,28.549999,27.924999,28.25,351900.0,-0.26478728103134164,-0.6140315789473674
915,2009-02-27,NSE:MARICO,28.1000005,29.200001,28.1000005,28.8999995,564374.0,2.3008831858407075,-0.26478728103134164
916,2009-03-02,NSE:MARICO,28.7749995,29.625,28.549999,29.325001,320222.0,1.4705934510483312,2.3008831858407075
917,2009-03-03,NSE:MARICO,29.5,29.5,28.3500005,28.5249995,484522.0,-2.728052762896753,1.4705934510483312
918,2009-03-04,NSE:MARICO,28.5,29.450001,28.25,29.075001,472066.0,1.9281385088192569,-2.728052762896753
919,2009-03-05,NSE:MARICO,29.9750005,29.9750005,29.075001,29.5,687740.0,1.461733397704783,1.9281385088192569
920,2009-03-06,NSE:MARICO,29.5,30.1000005,29.049999,29.575001,955764.0,0.2542406779661028,1.461733397704783
921,2009-03-09,NSE:MARICO,29.625,30.674999,29.5,30.3999995,318196.0,2.789513007962365,0.2542406779661028
922,2009-03-12,NSE:MARICO,30.5,30.9750005,29.75,30.4750005,284128.0,0.2467138198472678,2.789513007962365
923,2009-03-13,NSE:MARICO,30.4750005,30.875,30.125,30.424999,138772.0,-0.16407382831708395,0.2467138198472678
924,2009-03-16,NSE:MARICO,30.424999,31.0,30.25,30.8999995,104628.0,1.5612177998756882,-0.16407382831708395
925,2009-03-17,NSE:MARICO,31.0,31.2250005,28.799999,29.9750005,1527452.0,-2.993524320283564,1.5612177998756882
926,2009-03-18,NSE:MARICO,30.25,31.0,29.8500005,30.7250005,263528.0,2.502085029156213,-2.993524320283564
927,2009-03-19,NSE:MARICO,30.950001,31.0,29.299999,29.5,2890152.0,-3.986982848055609,2.502085029156213
928,2009-03-20,NSE:MARICO,29.200001,29.924999,28.7749995,29.1000005,1701068.0,-1.3559305084745759,-3.986982848055609
929,2009-03-23,NSE:MARICO,28.7749995,29.799999,25.424999,29.5249995,175420.0,1.460477638136122,-1.3559305084745759
930,2009-03-24,NSE:MARICO,29.5249995,30.6000005,29.1000005,29.200001,2435846.0,-1.1007570042465185,1.460477638136122
931,2009-03-25,NSE:MARICO,29.375,29.700001,28.7749995,28.9750005,189308.0,-0.7705496311455612,-1.1007570042465185
932,2009-03-26,NSE:MARICO,29.450001,29.924999,29.125,29.5249995,965962.0,1.898184609177141,-0.7705496311455612
933,2009-03-27,NSE:MARICO,29.25,29.75,29.174999,29.6000005,280254.0,0.2540254065033949,1.898184609177141
934,2009-03-30,NSE:MARICO,29.5,30.6000005,29.5,30.25,455850.0,2.1959442196631036,0.2540254065033949
935,2009-03-31,NSE:MARICO,29.6499995,30.8500005,29.625,30.1499995,1130018.0,-0.33058016528925677,2.1959442196631036
936,2009-04-01,NSE:MARICO,30.299999,30.8500005,29.8999995,30.1499995,292762.0,0.0,-0.33058016528925677
937,2009-04-02,NSE:MARICO,30.4750005,30.674999,29.4750005,29.5249995,474694.0,-2.072968525256526,0.0
938,2009-04-06,NSE:MARICO,30.200001,30.5,29.125,29.174999,247820.0,-1.1854377846814195,-2.072968525256526
939,2009-04-08,NSE:MARICO,29.0,34.3499985,29.0,30.674999,675980.0,5.14138835103302,-1.1854377846814195
940,2009-04-09,NSE:MARICO,32.5,33.174999,30.049999,30.25,457028.0,-1.3854898577176797,5.14138835103302
941,2009-04-13,NSE:MARICO,31.549999,32.0,30.3999995,30.4750005,606724.0,0.7438033057851244,-1.3854898577176797
942,2009-04-15,NSE:MARICO,30.5,31.5,30.25,31.075001,1307314.0,1.9688285156878018,0.7438033057851244
943,2009-04-16,NSE:MARICO,31.375,32.299999,29.7749995,31.3500005,1129250.0,0.8849541147239218,1.9688285156878018
944,2009-04-17,NSE:MARICO,31.75,32.125,31.2749995,31.6000005,918906.0,0.7974481531507472,0.8849541147239218
945,2009-04-20,NSE:MARICO,31.2749995,32.7249985,31.2749995,31.924999,485180.0,1.0284762495494248,0.7974481531507472
946,2009-04-21,NSE:MARICO,31.5,32.5,31.5,32.0250015,586248.0,0.3132419831869132,1.0284762495494248
947,2009-04-22,NSE:MARICO,32.375,34.450001,31.7749995,33.6500015,2830632.0,5.074160574200129,0.3132419831869132
948,2009-04-23,NSE:MARICO,34.125,34.5,32.75,34.2750015,3695324.0,1.8573550435057187,5.074160574200129
949,2009-04-24,NSE:MARICO,34.5,34.7249985,33.075001,33.4000015,0.0,-2.5528809969563384,1.8573550435057187
950,2009-04-27,NSE:MARICO,33.375,34.4749985,32.5,34.0,1616856.0,1.7964026139340086,-2.5528809969563384
951,2009-04-28,NSE:MARICO,33.049999,34.200001,33.0,33.1500015,175210.0,-2.4999955882352887,1.7964026139340086
952,2009-04-29,NSE:MARICO,33.0250015,34.5999985,32.5,34.174999,523110.0,3.0919983517949396,-2.4999955882352887
953,2009-05-04,NSE:MARICO,34.174999,34.4000015,33.75,34.0,511920.0,-0.5120673156420565,3.0919983517949396
954,2009-05-05,NSE:MARICO,34.0250015,35.1500015,33.5999985,34.125,443316.0,0.3676470588235294,-0.5120673156420565
955,2009-05-06,NSE:MARICO,34.125,34.5999985,33.049999,33.25,108618.0,-2.564102564102564,0.3676470588235294
956,2009-05-07,NSE:MARICO,33.25,33.700001,33.049999,33.4000015,394214.0,0.4511323308270734,-2.564102564102564
957,2009-05-08,NSE:MARICO,27.575001,34.2249985,27.575001,33.2750015,1842306.0,-0.3742514801982868,0.4511323308270734
958,2009-05-11,NSE:MARICO,33.5,33.700001,32.75,33.0,4419634.0,-0.8264507516250658,-0.3742514801982868
959,2009-05-12,NSE:MARICO,33.075001,33.2249985,32.5,32.674999,134584.0,-0.9848515151515161,-0.8264507516250658
960,2009-05-13,NSE:MARICO,32.950001,33.0,32.0999985,32.25,4208876.0,-1.3006855792099632,-0.9848515151515161
961,2009-05-14,NSE:MARICO,32.0,32.0,31.049999,31.2250005,273666.0,-3.1782930232558133,-1.3006855792099632
962,2009-05-15,NSE:MARICO,31.7250005,32.25,31.5,31.75,1845446.0,1.68134344785679,-3.1782930232558133
963,2009-05-19,NSE:MARICO,33.325001,33.950001,32.450001,32.6500015,545834.0,2.8346503937007936,1.68134344785679
964,2009-05-20,NSE:MARICO,32.5,33.9749985,32.5,33.0,883244.0,1.0719708542739212,2.8346503937007936
965,2009-05-21,NSE:MARICO,33.2249985,33.9749985,32.0250015,32.4000015,4911250.0,-1.8181772727272671,1.0719708542739212
966,2009-05-22,NSE:MARICO,31.549999,33.5,28.8500005,33.2750015,370476.0,2.700617158922045,-1.8181772727272671
967,2009-05-25,NSE:MARICO,33.4749985,35.4000015,33.25,33.575001,2037026.0,0.9015762178102333,2.700617158922045
968,2009-05-26,NSE:MARICO,33.9749985,34.2750015,32.5,32.75,1555212.0,-2.4571883110293884,0.9015762178102333
969,2009-05-27,NSE:MARICO,33.25,33.450001,32.75,33.2249985,1273102.0,1.4503770992366354,-2.4571883110293884
970,2009-05-28,NSE:MARICO,33.424999,35.299999,32.875,34.825001,4160466.0,4.815658607177973,1.4503770992366354
971,2009-05-29,NSE:MARICO,35.0250015,35.4000015,34.0,34.7750015,1955306.0,-0.14357357807397744,4.815658607177973
972,2009-06-01,NSE:MARICO,35.0,35.375,34.424999,34.8499985,3686566.0,0.21566354209933306,-0.14357357807397744
973,2009-06-02,NSE:MARICO,34.75,35.9749985,34.0250015,34.825001,746576.0,-0.07172884096393228,0.21566354209933306
974,2009-06-03,NSE:MARICO,34.9749985,36.200001,34.5250015,35.2249985,2184450.0,1.148592931842264,-0.07172884096393228
975,2009-06-04,NSE:MARICO,34.7750015,38.25,34.75,37.75,2645222.0,7.168208963869799,1.148592931842264
976,2009-06-05,NSE:MARICO,38.5,39.424999,36.75,38.0999985,1789564.0,0.9271483443708558,7.168208963869799
977,2009-06-08,NSE:MARICO,37.0250015,37.9749985,35.0250015,35.375,672176.0,-7.152227315704483,0.9271483443708558
978,2009-06-09,NSE:MARICO,35.375,37.299999,35.0,36.9749985,711944.0,4.522963957597168,-7.152227315704483
979,2009-06-10,NSE:MARICO,36.9749985,37.8499985,36.575001,36.875,2270536.0,-0.2704489629661462,4.522963957597168
980,2009-06-11,NSE:MARICO,36.875,37.1500015,35.4000015,35.75,250496.0,-3.050847457627119,-0.2704489629661462
981,2009-06-12,NSE:MARICO,36.4749985,37.0,35.25,35.875,547992.0,0.34965034965034963,-3.050847457627119
982,2009-06-15,NSE:MARICO,35.549999,36.25,35.174999,35.75,153246.0,-0.34843205574912894,0.34965034965034963
983,2009-06-16,NSE:MARICO,35.0250015,35.9000015,34.950001,35.424999,698032.0,-0.9090937062937072,-0.34843205574912894
984,2009-06-17,NSE:MARICO,35.75,36.25,34.5,34.700001,424768.0,-2.0465716879766163,-0.9090937062937072
985,2009-06-18,NSE:MARICO,34.0,37.0,34.0,35.875,2979932.0,3.3861641675457,-2.0465716879766163
986,2009-06-19,NSE:MARICO,36.5250015,37.950001,35.549999,35.950001,623270.0,0.2090620209059242,3.3861641675457
987,2009-06-22,NSE:MARICO,36.2249985,37.450001,36.0,36.174999,414014.0,0.6258636821734702,0.2090620209059242
988,2009-06-23,NSE:MARICO,35.9000015,36.0,35.0250015,35.5250015,471804.0,-1.7968141478041169,0.6258636821734702
989,2009-06-24,NSE:MARICO,36.0,37.25,35.5,36.5250015,1449598.0,2.8149189522201707,-1.7968141478041169
990,2009-06-25,NSE:MARICO,36.75,37.200001,36.200001,36.549999,431152.0,0.06843942224067474,2.8149189522201707
991,2009-06-26,NSE:MARICO,36.9749985,37.25,36.299999,36.4749985,498804.0,-0.20519973201641287,0.06843942224067474
992,2009-06-29,NSE:MARICO,36.325001,37.950001,36.25,37.4749985,2664350.0,2.7416039509912524,-0.20519973201641287
993,2009-06-30,NSE:MARICO,37.924999,38.4000015,36.2750015,36.5250015,516132.0,-2.5350154450306284,2.7416039509912524
994,2009-07-01,NSE:MARICO,37.1500015,38.2249985,36.549999,36.7750015,401878.0,0.6844626686736754,-2.5350154450306284
995,2009-07-02,NSE:MARICO,37.0,37.625,36.75,37.25,367996.0,1.2916342097225968,0.6844626686736754
996,2009-07-03,NSE:MARICO,37.200001,37.5,37.0,37.2750015,126358.0,0.06711812080537422,1.2916342097225968
997,2009-07-06,NSE:MARICO,37.4749985,37.4749985,35.549999,35.825001,182314.0,-3.890007891750189,0.06711812080537422
998,2009-07-07,NSE:MARICO,36.2249985,42.450001,36.2249985,40.200001,5029714.0,12.212142017804828,-3.890007891750189
999,2009-07-08,NSE:MARICO,39.450001,41.0,38.0250015,40.4000015,4941208.0,0.4975136692160818,12.212142017804828
1000,2009-07-09,NSE:MARICO,40.799999,43.5999985,40.0,42.0,3055692.0,3.9603921796884043,0.4975136692160818
1001,2009-07-10,NSE:MARICO,42.375,42.375,39.75,40.674999,3231652.0,-3.1547642857142866,3.9603921796884043
1002,2009-07-13,NSE:MARICO,39.0,40.424999,38.0250015,38.5250015,475622.0,-5.285796073406168,-3.1547642857142866
1003,2009-07-14,NSE:MARICO,39.424999,39.9749985,38.549999,38.875,237196.0,0.9084970444452756,-5.285796073406168
1004,2009-07-15,NSE:MARICO,39.4000015,39.7249985,38.549999,39.375,400416.0,1.2861736334405145,0.9084970444452756
1005,2009-07-16,NSE:MARICO,39.75,40.950001,38.75,40.3499985,5307628.0,2.4761866666666617,1.2861736334405145
1006,2009-07-17,NSE:MARICO,40.5,40.75,38.75,39.2750015,443098.0,-2.6641810160166335,2.4761866666666617
1007,2009-07-20,NSE:MARICO,39.825001,43.200001,39.25,42.0999985,2712426.0,7.192862869782439,-2.6641810160166335
1008,2009-07-21,NSE:MARICO,42.450001,43.950001,41.575001,42.9749985,1761086.0,2.07838487215148,7.192862869782439
1009,2009-07-22,NSE:MARICO,42.575001,45.950001,42.575001,43.674999,1176210.0,1.6288552051956477,2.07838487215148
1010,2009-07-23,NSE:MARICO,44.75,45.8499985,42.299999,42.875,1709400.0,-1.8317092577380476,1.6288552051956477
1011,2009-07-24,NSE:MARICO,44.4000015,44.4000015,42.799999,43.0999985,522704.0,0.5247778425655932,-1.8317092577380476
1012,2009-07-27,NSE:MARICO,43.4749985,44.5,42.950001,44.0999985,1416880.0,2.32018569559811,0.5247778425655932
1013,2009-07-28,NSE:MARICO,44.75,45.75,43.5250015,44.0,1014660.0,-0.22675397596668423,2.32018569559811
1014,2009-07-29,NSE:MARICO,44.0,44.2249985,43.0250015,43.5,560858.0,-1.1363636363636365,-0.22675397596668423
1015,2009-07-30,NSE:MARICO,43.4000015,44.25,42.7750015,43.950001,296634.0,1.0344850574712652,-1.1363636363636365
1016,2009-07-31,NSE:MARICO,42.549999,44.5,42.549999,44.049999,377144.0,0.22752672974910595,1.0344850574712652
1017,2009-08-03,NSE:MARICO,44.5,45.0,43.049999,43.3499985,404990.0,-1.5891044628627609,0.22752672974910595
1018,2009-08-04,NSE:MARICO,43.5,43.575001,42.5250015,42.9000015,349320.0,-1.0380553992406627,-1.5891044628627609
1019,2009-08-05,NSE:MARICO,43.0,43.0,41.3499985,41.75,551326.0,-2.6806560834269475,-1.0380553992406627
1020,2009-08-06,NSE:MARICO,41.5,43.2249985,40.950001,41.674999,1254358.0,-0.17964311377245584,-2.6806560834269475
1021,2009-08-07,NSE:MARICO,41.2750015,42.424999,41.0,41.200001,340034.0,-1.139767273899633,-0.17964311377245584
1022,2009-08-10,NSE:MARICO,41.549999,41.9749985,40.0,40.2249985,415638.0,-2.366510864890518,-1.139767273899633
1023,2009-08-11,NSE:MARICO,40.2249985,41.424999,39.0999985,40.875,331816.0,1.6159142927003514,-2.366510864890518
1024,2009-08-12,NSE:MARICO,40.5,41.2249985,39.875,40.5250015,955672.0,-0.8562654434250718,1.6159142927003514
1025,2009-08-13,NSE:MARICO,41.0,42.125,40.5999985,41.924999,872914.0,3.4546513218512716,-0.8562654434250718
1026,2009-08-14,NSE:MARICO,42.25,42.875,41.549999,42.799999,306158.0,2.087060276375916,3.4546513218512716
1027,2009-08-17,NSE:MARICO,42.5,46.6500015,42.25,44.1500015,2149800.0,3.154211522294667,2.087060276375916
1028,2009-08-18,NSE:MARICO,45.0,45.25,42.549999,43.674999,635748.0,-1.0758833156551584,3.154211522294667
1029,2009-08-19,NSE:MARICO,43.950001,43.950001,41.9749985,43.075001,4716750.0,-1.373779081254242,-1.0758833156551584
1030,2009-08-20,NSE:MARICO,43.25,44.25,40.924999,43.5999985,628576.0,1.2187985787858666,-1.373779081254242
1031,2009-08-21,NSE:MARICO,44.0,44.0,43.375,43.549999,239280.0,-0.11467775623891002,1.2187985787858666
1032,2009-08-24,NSE:MARICO,43.549999,44.9000015,43.5,44.075001,217384.0,1.2055155271071318,-0.11467775623891002
1033,2009-08-25,NSE:MARICO,43.75,44.625,43.75,44.424999,202312.0,0.7940964085287244,1.2055155271071318
1034,2009-08-26,NSE:MARICO,44.5,45.0,43.7750015,44.4749985,142278.0,0.11254811733366257,0.7940964085287244
1035,2009-08-27,NSE:MARICO,45.0,45.5,42.8499985,43.4749985,499318.0,-2.248454263579121,0.11254811733366257
1036,2009-08-28,NSE:MARICO,43.7750015,44.0,43.25,43.6500015,166420.0,0.40253710417035166,-2.248454263579121
1037,2009-08-31,NSE:MARICO,43.6500015,43.6500015,42.25,42.825001,362412.0,-1.8900354447868726,0.40253710417035166
1038,2009-09-01,NSE:MARICO,42.75,43.5999985,42.75,43.375,139060.0,1.284294190676142,-1.8900354447868726
1039,2009-09-02,NSE:MARICO,43.625,43.6500015,42.75,43.5,429818.0,0.2881844380403458,1.284294190676142
1040,2009-09-03,NSE:MARICO,43.75,43.75,43.0,43.5250015,565852.0,0.05747471264368252,0.2881844380403458
1041,2009-09-04,NSE:MARICO,43.75,45.125,43.375,43.825001,562384.0,0.6892578740060432,0.05747471264368252
1042,2009-09-07,NSE:MARICO,44.4749985,45.450001,43.8499985,45.075001,468186.0,2.852253215008483,0.6892578740060432
1043,2009-09-08,NSE:MARICO,45.549999,46.4000015,44.0,44.4000015,563322.0,-1.497503017248959,2.852253215008483
1044,2009-09-09,NSE:MARICO,45.0,47.4749985,44.6500015,45.9749985,1179812.0,3.547290420699639,-1.497503017248959
1045,2009-09-10,NSE:MARICO,46.450001,46.450001,44.049999,44.5250015,441862.0,-3.1538815602136374,3.547290420699639
1046,2009-09-11,NSE:MARICO,44.9749985,45.7249985,43.5,43.700001,249310.0,-1.8528926944561732,-3.1538815602136374
1047,2009-09-14,NSE:MARICO,44.0,44.125,43.049999,43.5,353148.0,-0.45766818174672425,-1.8528926944561732
1048,2009-09-15,NSE:MARICO,43.549999,43.875,43.049999,43.450001,349682.0,-0.11494022988505674,-0.45766818174672425
1049,2009-09-16,NSE:MARICO,44.0,46.5,43.5,43.825001,3646874.0,0.8630609697799546,-0.11494022988505674
1050,2009-09-17,NSE:MARICO,44.0,44.75,43.0999985,43.549999,1182506.0,-0.6275002709070118,0.8630609697799546
1051,2009-09-18,NSE:MARICO,43.75,44.0,43.0999985,43.450001,391402.0,-0.22961653799348966,-0.6275002709070118
1052,2009-09-22,NSE:MARICO,43.7249985,43.9749985,43.0999985,43.25,357288.0,-0.46030148537856264,-0.22961653799348966
1053,2009-09-23,NSE:MARICO,43.1500015,43.875,42.3499985,43.4749985,1087750.0,0.5202277456647355,-0.46030148537856264
1054,2009-09-24,NSE:MARICO,43.0250015,45.700001,42.174999,44.450001,790696.0,2.2426740279243536,0.5202277456647355
1055,2009-09-25,NSE:MARICO,44.0,46.125,43.5,45.8499985,1092430.0,3.1496006040584743,2.2426740279243536
1056,2009-09-29,NSE:MARICO,45.8499985,46.674999,45.0250015,45.8499985,1407664.0,0.0,3.1496006040584743
1057,2009-09-30,NSE:MARICO,45.049999,46.450001,44.25,44.75,485650.0,-2.3991243969179155,0.0
1058,2009-10-01,NSE:MARICO,45.5,45.5,44.0250015,44.25,357554.0,-1.1173184357541899,-2.3991243969179155
1059,2009-10-05,NSE:MARICO,44.25,44.450001,43.5250015,44.1500015,346544.0,-0.225985310734459,-1.1173184357541899
1060,2009-10-06,NSE:MARICO,44.1500015,45.9000015,43.8499985,45.0250015,1751280.0,1.9818798873653491,-0.225985310734459
1061,2009-10-07,NSE:MARICO,45.5,46.200001,45.0,45.2750015,512534.0,0.555247066454845,1.9818798873653491
1062,2009-10-08,NSE:MARICO,45.4749985,45.75,45.0,45.5250015,213548.0,0.5521810971116146,0.555247066454845
1063,2009-10-09,NSE:MARICO,45.549999,47.375,44.4000015,44.75,506036.0,-1.702364578724949,0.5521810971116146
1064,2009-10-12,NSE:MARICO,45.5,46.200001,44.825001,45.75,213384.0,2.2346368715083798,-1.702364578724949
1065,2009-10-14,NSE:MARICO,45.75,46.5,45.75,46.125,401226.0,0.819672131147541,2.2346368715083798
1066,2009-10-15,NSE:MARICO,46.5,47.0,46.125,46.450001,255072.0,0.7046092140921416,0.819672131147541
1067,2009-10-16,NSE:MARICO,46.9000015,46.9749985,46.049999,46.5999985,285422.0,0.3229224903568846,0.7046092140921416
1068,2009-10-20,NSE:MARICO,47.0250015,47.9000015,46.575001,47.575001,389316.0,2.092280110266532,0.3229224903568846
1069,2009-10-21,NSE:MARICO,47.4749985,49.875,47.4000015,49.125,1043160.0,3.258011492212054,2.092280110266532
1070,2009-10-22,NSE:MARICO,49.25,53.6,49.125,51.0,3950602.0,3.816793893129771,3.258011492212054
1071,2009-10-23,NSE:MARICO,51.25,52.0,49.1500015,49.75,1102244.0,-2.450980392156863,3.816793893129771
1072,2009-10-26,NSE:MARICO,49.75,51.35,47.7750015,50.0,859512.0,0.5025125628140703,-2.450980392156863
1073,2009-10-27,NSE:MARICO,49.450001,50.0,47.0,48.4749985,1600592.0,-3.050003000000004,0.5025125628140703
1074,2009-10-28,NSE:MARICO,48.75,50.075,47.5,48.8499985,1139710.0,0.7735946603484681,-3.050003000000004
1075,2009-10-29,NSE:MARICO,48.9749985,49.8499985,48.0250015,49.4749985,0.0,1.2794268560724726,0.7735946603484681
1076,2009-10-30,NSE:MARICO,49.9749985,52.0,48.5,48.9000015,503072.0,-1.1621971044627646,1.2794268560724726
1077,2009-11-03,NSE:MARICO,49.5,50.9,48.5,50.425,644552.0,3.1186062438055244,-1.1621971044627646
1078,2009-11-04,NSE:MARICO,51.0,51.9,49.5,49.8499985,321798.0,-1.1403103619236472,3.1186062438055244
1079,2009-11-05,NSE:MARICO,49.75,50.675,49.6500015,50.0,239224.0,0.300905726205793,-1.1403103619236472
1080,2009-11-06,NSE:MARICO,51.3,51.65,50.55,51.325,364654.0,2.6500000000000057,0.300905726205793
1081,2009-11-09,NSE:MARICO,51.95,51.95,50.5,51.075,436788.0,-0.4870920603994155,2.6500000000000057
1082,2009-11-10,NSE:MARICO,51.65,51.875,50.775,51.0,625704.0,-0.14684287812041671,-0.4870920603994155
1083,2009-11-11,NSE:MARICO,50.775,56.45,50.75,55.075,3242144.0,7.990196078431378,-0.14684287812041671
1084,2009-11-12,NSE:MARICO,54.475,54.475,51.5,52.375,754992.0,-4.902405810258743,7.990196078431378
1085,2009-11-13,NSE:MARICO,52.5,52.5,51.55,51.85,436542.0,-1.002386634844866,-4.902405810258743
1086,2009-11-16,NSE:MARICO,52.0,54.225,51.85,53.1,462814.0,2.4108003857280615,-1.002386634844866
1087,2009-11-17,NSE:MARICO,52.25,54.5,52.075,52.3,253030.0,-1.5065913370998196,2.4108003857280615
1088,2009-11-18,NSE:MARICO,52.65,53.975,51.625,52.0,461136.0,-0.5736137667303961,-1.5065913370998196
1089,2009-11-19,NSE:MARICO,52.0,52.475,50.65,50.8,367770.0,-2.307692307692313,-0.5736137667303961
1090,2009-11-20,NSE:MARICO,50.4,51.8,50.3,50.775,249020.0,-0.04921259842519405,-2.307692307692313
1091,2009-11-23,NSE:MARICO,50.8,52.1,50.8,51.125,335574.0,0.6893156080748428,-0.04921259842519405
1092,2009-11-24,NSE:MARICO,51.4,51.5,50.525,50.975,566356.0,-0.2933985330073322,0.6893156080748428
1093,2009-11-25,NSE:MARICO,50.525,52.475,50.525,51.175,373372.0,0.39234919077978564,-0.2933985330073322
1094,2009-11-26,NSE:MARICO,51.4,52.4,50.375,50.55,335206.0,-1.2212994626282365,0.39234919077978564
1095,2009-11-27,NSE:MARICO,48.5250015,52.0,45.049999,51.75,409612.0,2.3738872403560887,-1.2212994626282365
1096,2009-11-30,NSE:MARICO,52.0,52.5,51.25,51.75,235752.0,0.0,2.3738872403560887
1097,2009-12-01,NSE:MARICO,52.3,52.5,51.0,51.25,341358.0,-0.966183574879227,0.0
1098,2009-12-02,NSE:MARICO,51.25,52.0,50.5,50.775,203496.0,-0.9268292682926856,-0.966183574879227
1099,2009-12-03,NSE:MARICO,50.8,53.5,50.8,52.475,770000.0,3.3481043820778,-0.9268292682926856
1100,2009-12-04,NSE:MARICO,51.95,53.85,51.5,53.45,586338.0,1.8580276322058151,3.3481043820778
1101,2009-12-07,NSE:MARICO,53.5,54.875,53.0,53.475,331964.0,0.04677268475210211,1.8580276322058151
1102,2009-12-08,NSE:MARICO,53.5,54.975,53.125,53.875,883874.0,0.7480130902290764,0.04677268475210211
1103,2009-12-09,NSE:MARICO,53.5,53.5,52.375,52.65,203028.0,-2.273781902552207,0.7480130902290764
1104,2009-12-10,NSE:MARICO,52.95,53.675,51.55,51.85,371806.0,-1.5194681861348476,-2.273781902552207
1105,2009-12-11,NSE:MARICO,52.45,53.0,51.55,51.85,731980.0,0.0,-1.5194681861348476
1106,2009-12-14,NSE:MARICO,52.8,52.975,50.875,51.2,370114.0,-1.2536162005785894,0.0
1107,2009-12-15,NSE:MARICO,51.975,52.025,50.55,51.15,854066.0,-0.09765625000000833,-1.2536162005785894
1108,2009-12-16,NSE:MARICO,51.05,51.75,50.775,51.525,91118.0,0.7331378299120235,-0.09765625000000833
1109,2009-12-17,NSE:MARICO,51.75,52.45,51.125,51.4,177154.0,-0.24260067928190202,0.7331378299120235
1110,2009-12-18,NSE:MARICO,51.5,52.3,51.125,51.475,219166.0,0.14591439688716507,-0.24260067928190202
1111,2009-12-21,NSE:MARICO,51.975,53.4,51.05,51.975,1596658.0,0.9713453132588635,0.14591439688716507
1112,2009-12-22,NSE:MARICO,53.0,53.05,51.925,52.5,366764.0,1.0101010101010075,0.9713453132588635
1113,2009-12-23,NSE:MARICO,52.6,53.0,50.55,52.45,267510.0,-0.09523809523808983,1.0101010101010075
1114,2009-12-24,NSE:MARICO,52.5,53.0,52.0,52.4,297756.0,-0.09532888465205769,-0.09523809523808983
1115,2009-12-29,NSE:MARICO,51.55,53.0,51.55,52.5,390108.0,0.19083969465649128,-0.09532888465205769
1116,2009-12-30,NSE:MARICO,52.5,52.75,51.525,51.65,121366.0,-1.6190476190476217,0.19083969465649128
1117,2009-12-31,NSE:MARICO,51.975,52.625,51.525,51.575,2645174.0,-0.14520813165536445,-1.6190476190476217
1118,2010-01-04,NSE:MARICO,52.225,52.75,46.299999,50.9,1575324.0,-1.3087736306350057,-0.14520813165536445
1119,2010-01-05,NSE:MARICO,51.925,52.95,51.35,51.65,855776.0,1.4734774066797642,-1.3087736306350057
1120,2010-01-06,NSE:MARICO,52.225,52.225,51.0,51.3,1730504.0,-0.6776379477250754,1.4734774066797642
1121,2010-01-07,NSE:MARICO,51.5,51.725,50.4,50.8,625452.0,-0.9746588693957117,-0.6776379477250754
1122,2010-01-08,NSE:MARICO,51.0,51.225,50.5,50.6,339126.0,-0.39370078740156644,-0.9746588693957117
1123,2010-01-11,NSE:MARICO,51.0,51.8,50.25,50.55,1277492.0,-0.09881422924902028,-0.39370078740156644
1124,2010-01-12,NSE:MARICO,51.3,52.25,50.55,51.225,973180.0,1.335311572700305,-0.09881422924902028
1125,2010-01-13,NSE:MARICO,50.55,52.1,50.55,51.7,386522.0,0.9272816007808715,1.335311572700305
1126,2010-01-14,NSE:MARICO,52.0,53.0,51.55,52.425,731402.0,1.402321083172136,0.9272816007808715
1127,2010-01-15,NSE:MARICO,52.5,53.925,52.35,52.85,1238184.0,0.810681926561763,1.402321083172136
1128,2010-01-18,NSE:MARICO,52.55,53.4,51.55,52.1,215998.0,-1.4191106906338693,0.810681926561763
1129,2010-01-19,NSE:MARICO,52.8,53.0,51.6,51.825,208476.0,-0.5278310940499013,-1.4191106906338693
1130,2010-01-20,NSE:MARICO,52.0,53.5,51.5,52.4,215234.0,1.1095031355523315,-0.5278310940499013
1131,2010-01-21,NSE:MARICO,50.55,52.975,50.55,51.35,137610.0,-2.0038167938931246,1.1095031355523315
1132,2010-01-22,NSE:MARICO,51.35,52.35,50.3,50.575,230480.0,-1.5092502434274557,-2.0038167938931246
1133,2010-01-25,NSE:MARICO,50.75,51.25,49.7750015,50.0,214164.0,-1.1369253583786512,-1.5092502434274557
1134,2010-01-27,NSE:MARICO,50.0,50.75,48.799999,49.049999,225002.0,-1.9000020000000006,-1.1369253583786512
1135,2010-01-28,NSE:MARICO,49.9749985,50.2,48.5,49.2750015,293460.0,0.45872070252234304,-1.9000020000000006
1136,2010-01-29,NSE:MARICO,49.5,49.9749985,48.0999985,49.200001,1151434.0,-0.15220801160199168,0.45872070252234304
1137,2010-02-01,NSE:MARICO,49.200001,51.4,49.200001,51.025,198198.0,3.7093474855823647,-0.15220801160199168
1138,2010-02-02,NSE:MARICO,51.975,52.5,50.55,51.35,295550.0,0.6369426751592413,3.7093474855823647
1139,2010-02-03,NSE:MARICO,52.475,52.475,50.0,50.425,469170.0,-1.8013631937682653,0.6369426751592413
1140,2010-02-04,NSE:MARICO,50.95,51.75,50.775,51.0,376136.0,1.1403073872087315,-1.8013631937682653
1141,2010-02-05,NSE:MARICO,50.475,50.5,48.7750015,49.3499985,332344.0,-3.235297058823533,1.1403073872087315
1142,2010-02-08,NSE:MARICO,49.9000015,50.2,49.0,49.5999985,184980.0,0.5065856283663313,-3.235297058823533
1143,2010-02-09,NSE:MARICO,49.75,50.75,48.5,49.2750015,849958.0,-0.6552359069123685,0.5065856283663313
1144,2010-02-10,NSE:MARICO,49.625,50.25,48.5999985,48.8499985,705256.0,-0.86251240398238,-0.6552359069123685
1145,2010-02-11,NSE:MARICO,49.125,51.5,49.125,49.950001,382900.0,2.2517963843949804,-0.86251240398238
1146,2010-02-15,NSE:MARICO,50.4,50.75,49.5,50.0,176688.0,0.10009809609413158,2.2517963843949804
1147,2010-02-16,NSE:MARICO,50.475,51.6,49.450001,49.8499985,1233408.0,-0.3000030000000038,0.10009809609413158
1148,2010-02-17,NSE:MARICO,50.25,50.5,49.5999985,49.8499985,139632.0,0.0,-0.3000030000000038
1149,2010-02-18,NSE:MARICO,49.9749985,51.475,49.799999,50.75,344490.0,1.8054193120988797,0.0
1150,2010-02-19,NSE:MARICO,50.75,51.25,49.75,49.950001,495164.0,-1.5763527093596055,1.8054193120988797
1151,2010-02-22,NSE:MARICO,50.0,50.925,49.049999,49.299999,477190.0,-1.301305279253149,-1.5763527093596055
1152,2010-02-23,NSE:MARICO,49.5,50.25,49.3499985,49.825001,248188.0,1.0649128005053319,-1.301305279253149
1153,2010-02-24,NSE:MARICO,49.75,50.9,49.0999985,49.950001,582872.0,0.2508780682212129,1.0649128005053319
1154,2010-02-25,NSE:MARICO,49.75,50.75,49.25,49.7750015,796450.0,-0.3503493423353453,0.2508780682212129
1155,2010-02-26,NSE:MARICO,49.7750015,52.1,49.7750015,51.65,754028.0,3.766948153683123,-0.3503493423353453
1156,2010-03-02,NSE:MARICO,52.0,52.75,51.55,52.05,257126.0,0.7744433688286516,3.766948153683123
1157,2010-03-03,NSE:MARICO,52.125,54.2,51.375,52.7,375382.0,1.2487992315081762,0.7744433688286516
1158,2010-03-04,NSE:MARICO,53.475,53.475,51.025,52.325,112978.0,-0.7115749525616698,1.2487992315081762
1159,2010-03-05,NSE:MARICO,52.55,53.25,50.975,51.225,1508324.0,-2.1022455805064526,-0.7115749525616698
1160,2010-03-08,NSE:MARICO,51.9,53.0,51.5,52.525,1339830.0,2.537823328452898,-2.1022455805064526
1161,2010-03-09,NSE:MARICO,52.45,53.05,52.0,52.75,1145644.0,0.42836744407425303,2.537823328452898
1162,2010-03-10,NSE:MARICO,52.575,53.0,52.5,52.75,645102.0,0.0,0.42836744407425303
1163,2010-03-11,NSE:MARICO,52.95,53.725,52.7,53.325,324360.0,1.0900473933649342,0.0
1164,2010-03-12,NSE:MARICO,53.6,54.0,52.425,52.575,221736.0,-1.4064697609001406,1.0900473933649342
1165,2010-03-15,NSE:MARICO,52.55,53.0,52.05,52.725,1336570.0,0.2853067047075579,-1.4064697609001406
1166,2010-03-16,NSE:MARICO,52.525,53.75,52.25,53.225,250814.0,0.9483167377904219,0.2853067047075579
1167,2010-03-17,NSE:MARICO,54.5,56.35,53.95,54.55,825090.0,2.489431658055417,0.9483167377904219
1168,2010-03-18,NSE:MARICO,55.125,55.65,54.25,55.0,2292876.0,0.8249312557286945,2.489431658055417
1169,2010-03-19,NSE:MARICO,54.525,55.0,52.8,54.35,300838.0,-1.1818181818181792,0.8249312557286945
1170,2010-03-22,NSE:MARICO,54.25,54.275,52.05,52.8,572000.0,-2.8518859245630255,-1.1818181818181792
1171,2010-03-23,NSE:MARICO,53.0,57.475,52.75,54.85,398432.0,3.882575757575766,-2.8518859245630255
1172,2010-03-25,NSE:MARICO,55.55,57.375,54.525,55.65,1091110.0,1.4585232452142154,3.882575757575766
1173,2010-03-26,NSE:MARICO,56.25,57.25,55.5,55.825,731458.0,0.3144654088050391,1.4585232452142154
1174,2010-03-29,NSE:MARICO,56.0,56.25,54.4,54.925,545842.0,-1.6121809225257602,0.3144654088050391
1175,2010-03-30,NSE:MARICO,55.5,56.45,54.05,54.3,328640.0,-1.137915339098771,-1.6121809225257602
1176,2010-03-31,NSE:MARICO,54.7,55.35,53.75,54.525,344010.0,0.41436464088398056,-1.137915339098771
1177,2010-04-01,NSE:MARICO,54.95,55.125,54.0,54.375,174116.0,-0.27510316368637977,0.41436464088398056
1178,2010-04-05,NSE:MARICO,53.5,62.425,53.5,58.6,581350.0,7.770114942528739,-0.27510316368637977
1179,2010-04-06,NSE:MARICO,59.0,60.45,57.1,57.325,694582.0,-2.175767918088735,7.770114942528739
1180,2010-04-07,NSE:MARICO,57.75,59.25,56.85,57.175,323710.0,-0.2616659398168437,-2.175767918088735
1181,2010-04-08,NSE:MARICO,57.25,58.0,55.5,57.25,578076.0,0.13117621337997873,-0.2616659398168437
1182,2010-04-09,NSE:MARICO,57.775,58.15,56.25,56.625,314408.0,-1.0917030567685588,0.13117621337997873
1183,2010-04-12,NSE:MARICO,56.675,58.15,56.275,56.45,500236.0,-0.30905077262692654,-1.0917030567685588
1184,2010-04-13,NSE:MARICO,56.5,57.45,56.075,56.7,212586.0,0.44286979627989365,-0.30905077262692654
1185,2010-04-15,NSE:MARICO,56.975,58.25,56.7,57.975,607394.0,2.248677248677246,0.44286979627989365
1186,2010-04-16,NSE:MARICO,58.0,58.725,57.0,57.925,661860.0,-0.08624407072014534,2.248677248677246
1187,2010-04-19,NSE:MARICO,57.5,57.75,55.775,56.875,253688.0,-1.8126888217522612,-0.08624407072014534
1188,2010-04-20,NSE:MARICO,57.45,57.975,55.25,56.2,502988.0,-1.186813186813182,-1.8126888217522612
1189,2010-04-21,NSE:MARICO,56.4,56.95,56.075,56.5,1451268.0,0.5338078291814896,-1.186813186813182
1190,2010-04-22,NSE:MARICO,56.975,57.25,56.125,56.325,200684.0,-0.30973451327433127,0.5338078291814896
1191,2010-04-23,NSE:MARICO,56.95,57.25,56.075,56.25,167468.0,-0.13315579227696908,-0.30973451327433127
1192,2010-04-26,NSE:MARICO,56.7,56.7,55.75,55.85,102930.0,-0.7111111111111086,-0.13315579227696908
1193,2010-04-27,NSE:MARICO,55.6,56.55,55.6,56.45,109210.0,1.0743061772605218,-0.7111111111111086
1194,2010-04-28,NSE:MARICO,56.45,58.0,55.1,55.85,748832.0,-1.0628875110717475,1.0743061772605218
1195,2010-04-29,NSE:MARICO,56.75,56.75,53.25,53.675,671322.0,-3.89435989256939,-1.0628875110717475
1196,2010-04-30,NSE:MARICO,54.45,54.95,53.125,53.75,587116.0,0.13972985561248782,-3.89435989256939
1197,2010-05-03,NSE:MARICO,53.75,55.975,52.825,54.925,629508.0,2.1860465116279015,0.13972985561248782
1198,2010-05-04,NSE:MARICO,53.75,55.425,53.75,54.3,729648.0,-1.137915339098771,2.1860465116279015
1199,2010-05-05,NSE:MARICO,52.775,54.25,51.65,53.35,1516450.0,-1.7495395948434547,-1.137915339098771
1200,2010-05-06,NSE:MARICO,53.5,54.475,53.125,53.875,264978.0,0.9840674789128371,-1.7495395948434547
1201,2010-05-07,NSE:MARICO,53.5,53.95,52.875,53.6,212704.0,-0.5104408352668187,0.9840674789128371
1202,2010-05-10,NSE:MARICO,54.45,54.75,53.575,53.975,359832.0,0.6996268656716418,-0.5104408352668187
1203,2010-05-11,NSE:MARICO,53.975,54.375,53.05,53.575,123834.0,-0.7410838351088441,0.6996268656716418
1204,2010-05-12,NSE:MARICO,53.15,54.5,52.225,54.175,846132.0,1.1199253383107686,-0.7410838351088441
1205,2010-05-13,NSE:MARICO,54.35,55.45,54.275,54.975,391034.0,1.4766958929395557,1.1199253383107686
1206,2010-05-14,NSE:MARICO,54.95,55.775,54.5,55.525,165180.0,1.0004547521600675,1.4766958929395557
1207,2010-05-17,NSE:MARICO,55.95,57.875,54.625,56.275,498816.0,1.35074290859973,1.0004547521600675
1208,2010-05-18,NSE:MARICO,56.75,58.75,55.5,57.35,503250.0,1.9102621057307916,1.35074290859973
1209,2010-05-19,NSE:MARICO,57.35,57.35,55.0,55.275,931816.0,-3.618134263295558,1.9102621057307916
1210,2010-05-20,NSE:MARICO,55.975,57.225,54.5,55.2,419030.0,-0.1356852103120683,-3.618134263295558
1211,2010-05-21,NSE:MARICO,54.425,54.95,53.525,54.375,129642.0,-1.4945652173913093,-0.1356852103120683
1212,2010-05-24,NSE:MARICO,55.0,55.75,51.8,52.575,718524.0,-3.3103448275862015,-1.4945652173913093
1213,2010-05-25,NSE:MARICO,51.75,52.475,49.575001,50.2,444234.0,-4.51735615786971,-3.3103448275862015
1214,2010-05-26,NSE:MARICO,51.075,52.4,50.95,51.525,771196.0,2.6394422310756886,-4.51735615786971
1215,2010-05-27,NSE:MARICO,51.625,54.0,51.35,53.075,239472.0,3.0082484230955933,2.6394422310756886
1216,2010-05-28,NSE:MARICO,53.95,54.2,53.05,53.5,68048.0,0.8007536504945777,3.0082484230955933
1217,2010-05-31,NSE:MARICO,53.5,54.0,52.525,53.65,70704.0,0.28037383177569825,0.8007536504945777
1218,2010-06-01,NSE:MARICO,53.625,53.95,52.775,53.0,130232.0,-1.2115563839701744,0.28037383177569825
1219,2010-06-02,NSE:MARICO,52.5,54.725,52.5,54.3,434342.0,2.45283018867924,-1.2115563839701744
1220,2010-06-03,NSE:MARICO,54.5,56.4,54.45,55.675,241224.0,2.532228360957643,2.45283018867924
1221,2010-06-04,NSE:MARICO,56.0,57.45,53.25,53.525,428232.0,-3.8616973506960015,2.532228360957643
1222,2010-06-07,NSE:MARICO,53.525,53.525,52.025,53.025,1501646.0,-0.9341429238673516,-3.8616973506960015
1223,2010-06-08,NSE:MARICO,52.175,53.95,52.175,52.775,530630.0,-0.4714757190004715,-0.9341429238673516
1224,2010-06-09,NSE:MARICO,53.8,60.825,53.75,55.975,12882684.0,6.06347702510659,-0.4714757190004715
1225,2010-06-10,NSE:MARICO,56.35,59.15,56.2,58.5,4546710.0,4.510942384993298,6.06347702510659
1226,2010-06-11,NSE:MARICO,60.0,60.0,56.075,56.75,1185364.0,-2.9914529914529915,4.510942384993298
1227,2010-06-14,NSE:MARICO,57.325,59.475,56.825,58.6,1819266.0,3.25991189427313,-2.9914529914529915
1228,2010-06-15,NSE:MARICO,57.05,59.0,57.05,58.5,667482.0,-0.17064846416382495,3.25991189427313
1229,2010-06-16,NSE:MARICO,58.875,58.875,57.3,57.6,233318.0,-1.538461538461536,-0.17064846416382495
1230,2010-06-17,NSE:MARICO,57.875,58.9,57.525,57.975,418154.0,0.6510416666666666,-1.538461538461536
1231,2010-06-18,NSE:MARICO,58.0,58.475,56.55,56.825,227102.0,-1.9836136265631712,0.6510416666666666
1232,2010-06-21,NSE:MARICO,57.15,58.9,57.15,58.475,280946.0,2.90365156181258,-1.9836136265631712
1233,2010-06-22,NSE:MARICO,57.775,58.325,57.4,57.825,161968.0,-1.111586147926462,2.90365156181258
1234,2010-06-23,NSE:MARICO,57.95,67.449995,57.3,62.05,4988466.0,7.306528318201459,-1.111586147926462
1235,2010-06-24,NSE:MARICO,62.05,64.0,60.55,62.875,1519164.0,1.3295729250604398,7.306528318201459
1236,2010-06-25,NSE:MARICO,63.5,64.725,62.45,62.875,1236028.0,0.0,1.3295729250604398
1237,2010-06-28,NSE:MARICO,62.875,63.5,62.0,63.3,293154.0,0.6759443339960193,0.0
1238,2010-06-29,NSE:MARICO,62.55,63.5,62.05,62.275,148850.0,-1.6192733017377545,0.6759443339960193
1239,2010-06-30,NSE:MARICO,62.6,68.25,60.0,64.75,1869666.0,3.9743075070252933,-1.6192733017377545
1240,2010-07-01,NSE:MARICO,65.025,67.25,63.85,65.449995,1645648.0,1.081073359073361,3.9743075070252933
1241,2010-07-02,NSE:MARICO,65.5,65.5,62.75,63.25,213460.0,-3.3613371551823668,1.081073359073361
1242,2010-07-05,NSE:MARICO,63.15,63.975,62.075,62.5,192094.0,-1.185770750988142,-3.3613371551823668
1243,2010-07-06,NSE:MARICO,62.5,64.75,62.1,62.6,1954068.0,0.16000000000000228,-1.185770750988142
1244,2010-07-07,NSE:MARICO,63.225,66.699995,63.05,65.125,1975654.0,4.033546325878592,0.16000000000000228
1245,2010-07-08,NSE:MARICO,66.25,66.75,65.074995,65.475,793706.0,0.5374280230326208,4.033546325878592
1246,2010-07-09,NSE:MARICO,66.0,66.550005,65.25,65.550005,334598.0,0.11455517373043823,0.5374280230326208
1247,2010-07-12,NSE:MARICO,65.550005,65.9,63.575,64.375,2017546.0,-1.7925322812713727,0.11455517373043823
1248,2010-07-13,NSE:MARICO,64.25,65.199995,64.050005,64.65,1211662.0,0.42718446601942633,-1.7925322812713727
1249,2010-07-14,NSE:MARICO,65.15,65.25,61.875,62.175,602586.0,-3.828306264501173,0.42718446601942633
1250,2010-07-15,NSE:MARICO,62.65,63.75,62.275,62.775,477982.0,0.9650180940892665,-3.828306264501173
1251,2010-07-16,NSE:MARICO,63.0,63.95,62.725,63.225,272174.0,0.7168458781362053,0.9650180940892665
1252,2010-07-19,NSE:MARICO,62.075,64.0,62.075,62.975,180026.0,-0.39541320680110714,0.7168458781362053
1253,2010-07-20,NSE:MARICO,63.225,63.45,62.25,62.475,87466.0,-0.7939658594680429,-0.39541320680110714
1254,2010-07-21,NSE:MARICO,62.5,63.15,62.05,62.55,85842.0,0.12004801920767626,-0.7939658594680429
1255,2010-07-22,NSE:MARICO,62.775,63.1,62.25,62.45,131900.0,-0.1598721023181364,0.12004801920767626
1256,2010-07-23,NSE:MARICO,62.5,62.7,62.0,62.175,138832.0,-0.4403522818254695,-0.1598721023181364
1257,2010-07-26,NSE:MARICO,62.25,62.8,62.175,62.425,142630.0,0.40209087253719344,-0.4403522818254695
1258,2010-07-27,NSE:MARICO,62.5,63.25,61.625,62.725,220536.0,0.4805766920304434,0.40209087253719344
1259,2010-07-28,NSE:MARICO,62.725,64.925005,62.25,63.225,724800.0,0.7971303308090874,0.4805766920304434
1260,2010-07-29,NSE:MARICO,63.975,65.925005,62.5,62.675,5008602.0,-0.8699090549624425,0.7971303308090874
1261,2010-07-30,NSE:MARICO,62.4,63.45,61.8,62.025,233050.0,-1.0370961308336635,-0.8699090549624425
1262,2010-08-02,NSE:MARICO,62.35,63.0,60.75,61.325,524350.0,-1.1285771866182923,-1.0370961308336635
1263,2010-08-03,NSE:MARICO,61.825,62.25,61.0,61.55,298702.0,0.3668976763147074,-1.1285771866182923
1264,2010-08-04,NSE:MARICO,61.375,61.375,60.05,60.675,691762.0,-1.421608448415922,0.3668976763147074
1265,2010-08-05,NSE:MARICO,60.675,62.0,60.4,60.9,150938.0,0.37082818294190595,-1.421608448415922
1266,2010-08-06,NSE:MARICO,60.9,61.0,59.125,60.3,729768.0,-0.9852216748768498,0.37082818294190595
1267,2010-08-09,NSE:MARICO,60.3,62.0,59.55,59.8,845496.0,-0.8291873963515755,-0.9852216748768498
1268,2010-08-10,NSE:MARICO,60.0,60.7,59.325,59.5,1015562.0,-0.5016722408026708,-0.8291873963515755
1269,2010-08-11,NSE:MARICO,59.775,60.25,58.4,58.7,1604222.0,-1.3445378151260456,-0.5016722408026708
1270,2010-08-12,NSE:MARICO,58.3,60.125,58.075,59.075,8674624.0,0.6388415672913117,-1.3445378151260456
1271,2010-08-13,NSE:MARICO,59.5,60.75,59.0,59.55,1249418.0,0.8040626322471338,0.6388415672913117
1272,2010-08-16,NSE:MARICO,60.0,60.7,59.925,60.075,294930.0,0.8816120906801104,0.8040626322471338
1273,2010-08-17,NSE:MARICO,59.1,61.25,59.1,61.075,927050.0,1.6645859342488554,0.8816120906801104
1274,2010-08-18,NSE:MARICO,61.125,63.95,60.775,63.55,1090608.0,4.052394596807194,1.6645859342488554
1275,2010-08-19,NSE:MARICO,63.55,64.9,62.275,62.475,633618.0,-1.6915814319433449,4.052394596807194
1276,2010-08-20,NSE:MARICO,63.45,72.324995,62.825,64.199995,1503144.0,2.76109643857543,-1.6915814319433449
1277,2010-08-23,NSE:MARICO,64.5,65.449995,64.0,64.275,845088.0,0.11683022716747007,2.76109643857543
1278,2010-08-24,NSE:MARICO,64.449995,66.425005,63.275,64.050005,3765572.0,-0.3500505639828968,0.11683022716747007
1279,2010-08-25,NSE:MARICO,64.35,64.975,63.0,63.8,690162.0,-0.39032783838190427,-0.3500505639828968
1280,2010-08-26,NSE:MARICO,64.975,69.9,62.0,62.55,1955378.0,-1.9592476489028214,-0.39032783838190427
1281,2010-08-27,NSE:MARICO,62.55,62.975,60.75,61.175,674148.0,-2.1982414068745006,-1.9592476489028214
1282,2010-08-30,NSE:MARICO,61.525,62.45,60.6,60.85,483492.0,-0.5312627707396743,-2.1982414068745006
1283,2010-08-31,NSE:MARICO,60.5,63.625,60.3,62.825,2074252.0,3.245686113393593,-0.5312627707396743
1284,2010-09-01,NSE:MARICO,62.025,63.35,61.075,62.15,1024616.0,-1.0744130521289363,3.245686113393593
1285,2010-09-02,NSE:MARICO,62.7,62.95,61.125,62.15,325500.0,0.0,-1.0744130521289363
1286,2010-09-03,NSE:MARICO,62.075,62.675,61.55,61.85,441274.0,-0.4827031375703897,0.0
1287,2010-09-06,NSE:MARICO,62.625,63.4,62.25,62.45,349682.0,0.9700889248181107,-0.4827031375703897
1288,2010-09-07,NSE:MARICO,62.975,63.6,62.275,62.475,615318.0,0.04003202562049412,0.9700889248181107
1289,2010-09-08,NSE:MARICO,62.3,63.5,62.3,63.0,1711448.0,0.8403361344537792,0.04003202562049412
1290,2010-09-09,NSE:MARICO,63.25,63.25,62.0,62.25,673008.0,-1.1904761904761905,0.8403361344537792
1291,2010-09-13,NSE:MARICO,62.925,62.975,61.65,61.825,416204.0,-0.6827309236947745,-1.1904761904761905
1292,2010-09-14,NSE:MARICO,61.775,63.425,61.775,62.475,685674.0,1.0513546300040413,-0.6827309236947745
1293,2010-09-15,NSE:MARICO,62.65,63.225,62.025,63.0,1156392.0,0.8403361344537792,1.0513546300040413
1294,2010-09-16,NSE:MARICO,63.15,64.0,60.775,61.45,580632.0,-2.4603174603174556,0.8403361344537792
1295,2010-09-17,NSE:MARICO,61.8,63.25,61.8,62.65,603878.0,1.9528071602929142,-2.4603174603174556
1296,2010-09-20,NSE:MARICO,63.225,63.725,62.65,63.4,2412394.0,1.1971268954509178,1.9528071602929142
1297,2010-09-21,NSE:MARICO,63.5,66.699995,63.5,66.074995,4668308.0,4.219235015772875,1.1971268954509178
1298,2010-09-22,NSE:MARICO,66.074995,66.85,64.074995,64.949995,956508.0,-1.7026107985327883,4.219235015772875
1299,2010-09-23,NSE:MARICO,64.525,64.75,63.0,63.25,329262.0,-2.617390501723674,-1.7026107985327883
1300,2010-09-24,NSE:MARICO,63.125,65.824995,63.125,64.574995,745600.0,2.0948537549407136,-2.617390501723674
1301,2010-09-27,NSE:MARICO,64.449995,64.449995,63.05,63.275,235096.0,-2.013155401715482,2.0948537549407136
1302,2010-09-28,NSE:MARICO,63.275,63.5,62.5,62.75,216320.0,-0.8297115764519931,-2.013155401715482
1303,2010-09-29,NSE:MARICO,62.65,63.925,62.325,63.0,800588.0,0.398406374501992,-0.8297115764519931
1304,2010-09-30,NSE:MARICO,63.4,65.5,62.25,63.725,833280.0,1.1507936507936531,0.398406374501992
1305,2010-10-01,NSE:MARICO,64.25,65.75,64.025,64.75,559826.0,1.6084739113377773,1.1507936507936531
1306,2010-10-04,NSE:MARICO,64.025,65.949995,64.025,65.550005,667940.0,1.2355289575289556,1.6084739113377773
1307,2010-10-05,NSE:MARICO,65.0,66.925005,64.525,66.65,500850.0,1.6781005584972981,1.2355289575289556
1308,2010-10-06,NSE:MARICO,66.25,68.449995,66.25,66.949995,1024822.0,0.45010502625655746,1.6781005584972981
1309,2010-10-07,NSE:MARICO,67.475,68.35,66.550005,67.074995,324150.0,0.18670651132983654,0.45010502625655746
1310,2010-10-08,NSE:MARICO,68.475,68.475,64.25,64.925005,355036.0,-3.205352456604734,0.18670651132983654
1311,2010-10-11,NSE:MARICO,65.0,65.824995,64.275,64.925005,350386.0,0.0,-3.205352456604734
1312,2010-10-12,NSE:MARICO,65.0,67.5,65.0,65.975,526144.0,1.6172428481137515,0.0
1313,2010-10-13,NSE:MARICO,65.975,67.175005,65.574995,66.225,303948.0,0.378931413414172,1.6172428481137515
1314,2010-10-14,NSE:MARICO,66.25,67.800005,65.625,65.875,669402.0,-0.5285013212532946,0.378931413414172
1315,2010-10-15,NSE:MARICO,65.800005,66.375,65.050005,65.225,124674.0,-0.9867172675521908,-0.5285013212532946
1316,2010-10-18,NSE:MARICO,65.050005,65.725,64.25,64.475,138230.0,-1.1498658489842852,-0.9867172675521908
1317,2010-10-19,NSE:MARICO,64.65,65.475,64.300005,64.725,85506.0,0.38774718883288095,-1.1498658489842852
1318,2010-10-20,NSE:MARICO,64.75,65.175005,63.4,63.775,241584.0,-1.4677481653147868,0.38774718883288095
1319,2010-10-21,NSE:MARICO,63.525,64.75,63.525,64.324995,120374.0,0.8623990591924778,-1.4677481653147868
1320,2010-10-22,NSE:MARICO,64.800005,64.800005,63.75,63.9,71590.0,-0.6606996238398505,0.8623990591924778
1321,2010-10-25,NSE:MARICO,63.525,65.75,63.525,65.35,1248228.0,2.2691705790297276,-0.6606996238398505
1322,2010-10-26,NSE:MARICO,65.975,69.725,65.15,66.65,2662566.0,1.989288446824807,2.2691705790297276
1323,2010-10-27,NSE:MARICO,69.25,69.25,65.025,68.0,1963740.0,2.02550637659414,1.989288446824807
1324,2010-10-28,NSE:MARICO,68.975,72.85,67.525,69.975,3022570.0,2.9044117647058743,2.02550637659414
1325,2010-10-29,NSE:MARICO,69.975,70.625,67.525,68.574995,1286466.0,-2.000721686316532,2.9044117647058743
1326,2010-11-01,NSE:MARICO,68.75,69.449995,68.1,68.925005,129828.0,0.5104047036386915,-2.000721686316532
1327,2010-11-02,NSE:MARICO,69.0,70.9,69.0,70.449995,519740.0,2.212535204023565,0.5104047036386915
1328,2010-11-03,NSE:MARICO,70.5,70.675005,70.025,70.300005,253226.0,-0.2129027830307192,2.212535204023565
1329,2010-11-04,NSE:MARICO,70.5,72.300005,69.75,70.800005,913952.0,0.7112375027569344,-0.2129027830307192
1330,2010-11-05,NSE:MARICO,71.5,71.65,70.0,70.449995,34672.0,-0.4943643718669194,0.7112375027569344
1331,2010-11-08,NSE:MARICO,70.75,70.75,68.025,70.425005,645648.0,-0.03547196845081751,-0.4943643718669194
1332,2010-11-09,NSE:MARICO,70.199995,71.25,68.75,69.175005,469302.0,-1.7749377511581292,-0.03547196845081751
1333,2010-11-10,NSE:MARICO,69.1,70.525,68.5,69.550005,322748.0,0.5421033218573674,-1.7749377511581292
1334,2010-11-11,NSE:MARICO,70.35,70.5,68.324995,69.125,591716.0,-0.6110783169605792,0.5421033218573674
1335,2010-11-12,NSE:MARICO,71.9,71.9,68.4,69.125,133164.0,0.0,-0.6110783169605792
1336,2010-11-15,NSE:MARICO,68.625,70.449995,68.025,69.975,214912.0,1.2296564195298292,0.0
1337,2010-11-16,NSE:MARICO,69.75,70.475,68.550005,69.1,132502.0,-1.2504465880671671,1.2296564195298292
1338,2010-11-18,NSE:MARICO,69.0,71.449995,69.0,71.0,396828.0,2.749638205499285,-1.2504465880671671
1339,2010-11-19,NSE:MARICO,70.5,71.475,68.775,69.300005,92004.0,-2.3943591549295795,2.749638205499285
1340,2010-11-22,NSE:MARICO,70.125,71.0,67.824995,68.574995,426944.0,-1.0461904007077596,-2.3943591549295795
1341,2010-11-23,NSE:MARICO,68.475,70.449995,68.050005,69.824995,206174.0,1.8228218609421698,-1.0461904007077596
1342,2010-11-24,NSE:MARICO,70.475,70.949995,67.050005,67.800005,535106.0,-2.9000932975362224,1.8228218609421698
1343,2010-11-25,NSE:MARICO,69.475,69.699995,67.199995,67.574995,237896.0,-0.33187313186775946,-2.9000932975362224
1344,2010-11-26,NSE:MARICO,68.449995,68.449995,63.0,66.125,205182.0,-2.1457567255461893,-0.33187313186775946
1345,2010-11-29,NSE:MARICO,62.675,66.5,62.675,64.949995,160094.0,-1.7769451795841191,-2.1457567255461893
1346,2010-11-30,NSE:MARICO,64.574995,65.199995,64.074995,64.949995,92668.0,0.0,-1.7769451795841191
1347,2010-12-01,NSE:MARICO,64.5,65.449995,64.15,64.449995,433234.0,-0.7698229999863742,0.0
1348,2010-12-02,NSE:MARICO,65.4,65.9,63.15,63.6,664426.0,-1.3188441674820919,-0.7698229999863742
1349,2010-12-03,NSE:MARICO,64.449995,64.475,63.5,63.925,173350.0,0.5110062893081694,-1.3188441674820919
1350,2010-12-06,NSE:MARICO,63.525,64.949995,63.525,64.125,121874.0,0.3128666405944511,0.5110062893081694
1351,2010-12-07,NSE:MARICO,64.050005,64.074995,62.0,62.625,341512.0,-2.3391812865497075,0.3128666405944511
1352,2010-12-08,NSE:MARICO,61.5,62.9,61.5,62.4,167466.0,-0.3592814371257508,-2.3391812865497075
1353,2010-12-09,NSE:MARICO,62.0,62.3,59.3,60.2,670534.0,-3.5256410256410184,-0.3592814371257508
1354,2010-12-10,NSE:MARICO,59.025,61.65,59.0,59.65,346104.0,-0.9136212624584787,-3.5256410256410184
1355,2010-12-13,NSE:MARICO,60.5,62.4,59.0,60.8,756552.0,1.9279128248113973,-0.9136212624584787
1356,2010-12-14,NSE:MARICO,62.0,63.0,61.55,61.9,224644.0,1.809210526315792,1.9279128248113973
1357,2010-12-15,NSE:MARICO,62.0,66.0,61.65,62.225,5493962.0,0.5250403877221371,1.809210526315792
1358,2010-12-16,NSE:MARICO,62.975,63.2,61.025,62.1,575536.0,-0.2008838891120932,0.5250403877221371
1359,2010-12-20,NSE:MARICO,61.625,65.5,61.625,62.8,708292.0,1.1272141706924246,-0.2008838891120932
1360,2010-12-21,NSE:MARICO,63.475,63.475,61.5,62.35,1051030.0,-0.7165605095541334,1.1272141706924246
1361,2010-12-22,NSE:MARICO,62.25,63.15,61.75,62.4,264218.0,0.08019246190857603,-0.7165605095541334
1362,2010-12-23,NSE:MARICO,62.45,62.925,61.05,61.325,110902.0,-1.7227564102564035,0.08019246190857603
1363,2010-12-24,NSE:MARICO,61.325,61.85,60.0,60.35,327486.0,-1.5898899306971077,-1.7227564102564035
1364,2010-12-27,NSE:MARICO,60.35,61.75,60.0,60.325,345060.0,-0.041425020712508004,-1.5898899306971077
1365,2010-12-28,NSE:MARICO,60.175,60.875,59.55,59.875,187302.0,-0.74595938665562,-0.041425020712508004
1366,2010-12-29,NSE:MARICO,60.0,61.45,59.8,60.275,465466.0,0.6680584551148202,-0.74595938665562
1367,2010-12-30,NSE:MARICO,59.525,61.225,59.3,59.575,554788.0,-1.1613438407299805,0.6680584551148202
1368,2010-12-31,NSE:MARICO,59.925,60.95,59.25,59.85,916228.0,0.4616030214015922,-1.1613438407299805
1369,2011-01-03,NSE:MARICO,60.125,61.8,60.125,60.675,279942.0,1.3784461152882133,0.4616030214015922
1370,2011-01-04,NSE:MARICO,61.05,62.375,60.975,61.7,2834896.0,1.6893283889575703,1.3784461152882133
1371,2011-01-05,NSE:MARICO,61.975,62.675,61.65,61.925,3126304.0,0.36466774716368605,1.6893283889575703
1372,2011-01-06,NSE:MARICO,62.25,65.5,61.875,63.825,1441398.0,3.0682276947920966,0.36466774716368605
1373,2011-01-07,NSE:MARICO,64.574995,64.85,62.45,62.75,446448.0,-1.6842929886408189,3.0682276947920966
1374,2011-01-10,NSE:MARICO,62.0,63.125,61.525,62.1,209596.0,-1.035856573705177,-1.6842929886408189
1375,2011-01-11,NSE:MARICO,61.525,63.5,60.75,61.025,304686.0,-1.731078904991953,-1.035856573705177
1376,2011-01-12,NSE:MARICO,63.975,63.975,60.675,60.975,392122.0,-0.08193363375665244,-1.731078904991953
1377,2011-01-13,NSE:MARICO,61.0,61.875,60.8,61.4,857794.0,0.697006970069696,-0.08193363375665244
1378,2011-01-14,NSE:MARICO,62.0,63.0,61.75,62.275,319906.0,1.425081433224756,0.697006970069696
1379,2011-01-17,NSE:MARICO,63.0,64.675005,61.925,62.775,2242334.0,0.8028904054596547,1.425081433224756
1380,2011-01-18,NSE:MARICO,63.5,64.5,62.5,63.9,1424216.0,1.7921146953405016,0.8028904054596547
1381,2011-01-19,NSE:MARICO,64.0,67.0,63.575,66.1,2953316.0,3.4428794992175207,1.7921146953405016
1382,2011-01-20,NSE:MARICO,66.85,68.35,65.75,66.525,1698004.0,0.6429652042360233,3.4428794992175207
1383,2011-01-21,NSE:MARICO,66.525,66.525,63.775,64.199995,689140.0,-3.494934235249912,0.6429652042360233
1384,2011-01-24,NSE:MARICO,64.5,65.35,62.85,63.375,305000.0,-1.285039040890893,-3.494934235249912
1385,2011-01-25,NSE:MARICO,63.025,63.925,61.85,62.075,418006.0,-2.0512820512820467,-1.285039040890893
1386,2011-01-27,NSE:MARICO,62.8,64.725,62.1,63.625,1598350.0,2.4969794603302407,-2.0512820512820467
1387,2011-01-28,NSE:MARICO,63.475,64.949995,61.5,62.225,458410.0,-2.2003929273084455,2.4969794603302407
1388,2011-01-31,NSE:MARICO,61.45,63.4,60.0,62.825,580568.0,0.9642426677380497,-2.2003929273084455
1389,2011-02-01,NSE:MARICO,62.525,63.0,59.05,59.9,962208.0,-4.655789892558702,0.9642426677380497
1390,2011-02-02,NSE:MARICO,59.5,61.925,59.5,60.675,5425594.0,1.2938230383973264,-4.655789892558702
1391,2011-02-03,NSE:MARICO,61.225,61.475,60.0,60.15,243226.0,-0.8652657601977728,1.2938230383973264
1392,2011-02-04,NSE:MARICO,59.7,60.2,56.55,57.325,512338.0,-4.696591853699079,-0.8652657601977728
1393,2011-02-07,NSE:MARICO,57.9,58.4,56.5,56.975,872970.0,-0.6105538595726148,-4.696591853699079
1394,2011-02-08,NSE:MARICO,57.475,57.5,56.45,57.0,1430756.0,0.04387889425186236,-0.6105538595726148
1395,2011-02-09,NSE:MARICO,57.0,57.5,56.025,56.75,6607950.0,-0.43859649122807015,0.04387889425186236
1396,2011-02-10,NSE:MARICO,57.0,57.9,56.2,57.075,6001130.0,0.5726872246696085,-0.43859649122807015
1397,2011-02-11,NSE:MARICO,57.45,58.75,56.975,58.025,315346.0,1.664476565922025,0.5726872246696085
1398,2011-02-14,NSE:MARICO,58.0,63.9,58.0,61.25,773240.0,5.557949159844897,1.664476565922025
1399,2011-02-15,NSE:MARICO,61.25,64.9,60.0,63.2,5306622.0,3.18367346938776,5.557949159844897
1400,2011-02-16,NSE:MARICO,63.05,64.824995,60.525,62.55,938600.0,-1.0284810126582369,3.18367346938776
1401,2011-02-17,NSE:MARICO,62.975,62.975,60.75,62.575,98418.0,0.03996802557954546,-1.0284810126582369
1402,2011-02-18,NSE:MARICO,63.0,64.1,62.0,62.65,467440.0,0.11985617259288171,0.03996802557954546
1403,2011-02-21,NSE:MARICO,63.0,63.6,62.55,62.7,112144.0,0.07980845969673465,0.11985617259288171
1404,2011-02-22,NSE:MARICO,62.0,62.725,62.0,62.5,107298.0,-0.3189792663476919,0.07980845969673465
1405,2011-02-23,NSE:MARICO,62.25,62.975,61.875,62.175,159898.0,-0.5200000000000046,-0.3189792663476919
1406,2011-02-24,NSE:MARICO,62.0,62.75,59.55,62.025,169080.0,-0.24125452352231377,-0.5200000000000046
1407,2011-02-25,NSE:MARICO,61.65,62.0,60.275,61.4,91918.0,-1.007658202337767,-0.24125452352231377
1408,2011-02-28,NSE:MARICO,60.625,61.975,58.0,59.525,395704.0,-3.053745928338762,-1.007658202337767
1409,2011-03-01,NSE:MARICO,60.75,63.75,59.775,60.05,15001950.0,0.8819823603527905,-3.053745928338762
1410,2011-03-03,NSE:MARICO,63.4,63.5,59.7,62.775,641902.0,4.537885095753541,0.8819823603527905
1411,2011-03-04,NSE:MARICO,63.4,64.225,62.25,62.45,123770.0,-0.5177220230983605,4.537885095753541
1412,2011-03-07,NSE:MARICO,62.925,66.324995,61.525,65.35,405644.0,4.643714971977568,-0.5177220230983605
1413,2011-03-08,NSE:MARICO,65.75,66.975,65.050005,66.025,788308.0,1.032899770466735,4.643714971977568
1414,2011-03-09,NSE:MARICO,65.550005,66.025,64.199995,65.5,126256.0,-0.7951533510034162,1.032899770466735
1415,2011-03-10,NSE:MARICO,65.824995,66.75,64.949995,66.4,211368.0,1.3740458015267263,-0.7951533510034162
1416,2011-03-11,NSE:MARICO,65.25,66.5,65.199995,65.975,78252.0,-0.6400602409638725,1.3740458015267263
1417,2011-03-14,NSE:MARICO,65.5,67.75,65.025,66.975,198196.0,1.515725653656688,-0.6400602409638725
1418,2011-03-15,NSE:MARICO,65.5,67.475,65.025,66.75,134890.0,-0.3359462486002155,1.515725653656688
1419,2011-03-16,NSE:MARICO,67.25,69.0,66.050005,68.75,353700.0,2.9962546816479403,-0.3359462486002155
1420,2011-03-17,NSE:MARICO,68.5,69.0,66.6,66.75,129626.0,-2.909090909090909,2.9962546816479403
1421,2011-03-18,NSE:MARICO,66.75,68.4,66.574995,67.425005,136664.0,1.011243445692882,-2.909090909090909
1422,2011-03-21,NSE:MARICO,67.425005,67.425005,65.0,65.275,79882.0,-3.1887353957185365,1.011243445692882
1423,2011-03-22,NSE:MARICO,65.225,65.725,64.300005,64.574995,88184.0,-1.0723937188816612,-3.1887353957185365
1424,2011-03-23,NSE:MARICO,64.300005,65.699995,64.300005,64.824995,56618.0,0.3871467585866635,-1.0723937188816612
1425,2011-03-24,NSE:MARICO,65.0,65.425005,64.574995,64.975,112448.0,0.23139994071730055,0.3871467585866635
1426,2011-03-25,NSE:MARICO,65.625,65.625,64.025,65.050005,49498.0,0.1154367064255551,0.23139994071730055
1427,2011-03-28,NSE:MARICO,66.975,68.9,65.5,67.125,1544434.0,3.18984602691422,0.1154367064255551
1428,2011-03-29,NSE:MARICO,67.175005,67.75,65.525,66.074995,113624.0,-1.5642532588454359,3.18984602691422
1429,2011-03-30,NSE:MARICO,66.550005,68.449995,66.550005,67.949995,304996.0,2.837684664221314,-1.5642532588454359
1430,2011-03-31,NSE:MARICO,68.475,70.4,66.074995,69.725,295658.0,2.612222414438725,2.837684664221314
1431,2011-04-01,NSE:MARICO,69.725,69.824995,68.675005,69.0,200836.0,-1.0397992111867973,2.612222414438725
1432,2011-04-04,NSE:MARICO,69.925005,69.925005,68.6,69.199995,51372.0,0.2898478260869583,-1.0397992111867973
1433,2011-04-05,NSE:MARICO,69.800005,70.0,68.75,69.5,377710.0,0.43353326831887595,0.2898478260869583
1434,2011-04-06,NSE:MARICO,69.425005,69.85,68.75,69.15,32846.0,-0.50359712230215,0.43353326831887595
1435,2011-04-07,NSE:MARICO,69.025,69.925005,68.875,69.574995,52260.0,0.6145986984815553,-0.50359712230215
1436,2011-04-08,NSE:MARICO,69.5,69.875,68.824995,69.125,53498.0,-0.6467769059846878,0.6145986984815553
1437,2011-04-11,NSE:MARICO,68.75,75.0,68.525,73.949995,3100678.0,6.980101265822787,-0.6467769059846878
1438,2011-04-13,NSE:MARICO,68.5,74.949995,68.5,72.050005,995846.0,-2.569290234569999,6.980101265822787
1439,2011-04-15,NSE:MARICO,72.0,72.449995,68.625,69.775,504902.0,-3.157536213911426,-2.569290234569999
1440,2011-04-18,NSE:MARICO,70.0,70.050005,67.550005,68.125,129166.0,-2.3647438194195707,-3.157536213911426
1441,2011-04-19,NSE:MARICO,68.275,68.800005,67.25,67.5,105606.0,-0.9174311926605505,-2.3647438194195707
1442,2011-04-20,NSE:MARICO,68.1,69.949995,68.025,68.300005,222406.0,1.1851925925925908,-0.9174311926605505
1443,2011-04-21,NSE:MARICO,68.0,70.975,68.0,70.025,468162.0,2.5256147492229424,1.1851925925925908
1444,2011-04-25,NSE:MARICO,70.0,70.699995,69.5,69.824995,76072.0,-0.28561942163513665,2.5256147492229424
1445,2011-04-26,NSE:MARICO,70.025,70.025,67.525,68.0,193660.0,-2.6136700761668528,-0.28561942163513665
1446,2011-04-27,NSE:MARICO,68.5,69.199995,68.25,68.925005,171632.0,1.3603014705882335,-2.6136700761668528
1447,2011-04-28,NSE:MARICO,68.925005,70.4,68.324995,69.875,257436.0,1.3783024027346844,1.3603014705882335
1448,2011-04-29,NSE:MARICO,69.949995,71.949995,68.275,70.324995,222064.0,0.6440000000000018,1.3783024027346844
1449,2011-05-02,NSE:MARICO,72.175005,73.800005,67.875,68.300005,2716794.0,-2.8794740760379756,0.6440000000000018
1450,2011-05-03,NSE:MARICO,68.025,70.0,67.5,69.275,810626.0,1.4275181971070237,-2.8794740760379756
1451,2011-05-04,NSE:MARICO,69.5,69.9,68.050005,68.949995,175986.0,-0.4691519307109411,1.4275181971070237
1452,2011-05-05,NSE:MARICO,69.475,69.475,64.050005,65.199995,953204.0,-5.438724107231625,-0.4691519307109411
1453,2011-05-06,NSE:MARICO,65.5,65.5,63.6,64.225,264176.0,-1.49539121897173,-5.438724107231625
1454,2011-05-09,NSE:MARICO,64.949995,66.699995,64.0,65.9,1608366.0,2.60801868431298,-1.49539121897173
1455,2011-05-10,NSE:MARICO,66.525,66.525,65.5,65.550005,135522.0,-0.5311001517450789,2.60801868431298
1456,2011-05-11,NSE:MARICO,66.0,67.0,65.050005,66.800005,666962.0,1.9069411207520122,-0.5311001517450789
1457,2011-05-12,NSE:MARICO,66.9,69.9,66.074995,66.85,402206.0,0.07484280876924422,1.9069411207520122
1458,2011-05-13,NSE:MARICO,67.475,68.699995,67.4,68.4,123288.0,2.318623784592388,0.07484280876924422
1459,2011-05-16,NSE:MARICO,68.975,68.975,66.550005,66.9,84138.0,-2.1929824561403506,2.318623784592388
1460,2011-05-17,NSE:MARICO,66.525,67.6,64.25,65.0,312102.0,-2.840059790732445,-2.1929824561403506
1461,2011-05-18,NSE:MARICO,65.25,67.449995,65.25,66.6,540574.0,2.461538461538453,-2.840059790732445
1462,2011-05-19,NSE:MARICO,66.550005,68.25,66.550005,67.949995,120170.0,2.02701951951953,2.461538461538453
1463,2011-05-20,NSE:MARICO,68.5,70.5,67.6,69.625,453570.0,2.4650553690254116,2.02701951951953
1464,2011-05-23,NSE:MARICO,68.5,69.1,68.050005,68.375,45942.0,-1.7953321364452424,2.4650553690254116
1465,2011-05-24,NSE:MARICO,68.5,70.0,68.5,69.525,92406.0,1.681901279707504,-1.7953321364452424
1466,2011-05-25,NSE:MARICO,69.975,70.0,68.75,69.699995,171798.0,0.2517008270406265,1.681901279707504
1467,2011-05-26,NSE:MARICO,69.725,71.0,69.275,70.625,137598.0,1.3271234811422852,0.2517008270406265
1468,2011-05-27,NSE:MARICO,69.525,71.125,69.525,70.625,437048.0,0.0,1.3271234811422852
1469,2011-05-30,NSE:MARICO,70.4,70.5,68.5,68.699995,167446.0,-2.725670796460175,0.0
1470,2011-05-31,NSE:MARICO,68.9,76.199995,68.9,74.949995,1199584.0,9.097526135191131,-2.725670796460175
1471,2011-06-01,NSE:MARICO,75.5,75.5,71.625,71.925005,346426.0,-4.036010943029419,9.097526135191131
1472,2011-06-02,NSE:MARICO,71.5,72.0,70.550005,70.949995,256044.0,-1.355592536976532,-4.036010943029419
1473,2011-06-03,NSE:MARICO,70.5,72.0,70.300005,70.550005,126970.0,-0.5637632532602751,-1.355592536976532
1474,2011-06-06,NSE:MARICO,70.5,71.225,69.050005,69.975,159942.0,-0.8150318345122788,-0.5637632532602751
1475,2011-06-07,NSE:MARICO,70.0,70.425005,69.449995,69.975,514990.0,0.0,-0.8150318345122788
1476,2011-06-08,NSE:MARICO,69.9,70.125,69.449995,69.9,39562.0,-0.10718113612002662,0.0
1477,2011-06-09,NSE:MARICO,70.0,71.949995,68.449995,68.775,445034.0,-1.6094420600858368,-0.10718113612002662
1478,2011-06-10,NSE:MARICO,69.4,69.949995,68.574995,69.675005,119340.0,1.30862231915666,-1.6094420600858368
1479,2011-06-13,NSE:MARICO,69.925005,70.4,68.6,70.0,104824.0,0.46644417176575914,1.30862231915666
1480,2011-06-14,NSE:MARICO,70.4,70.949995,69.550005,69.875,166388.0,-0.17857142857142858,0.46644417176575914
1481,2011-06-15,NSE:MARICO,70.0,73.800005,69.199995,72.275,810754.0,3.4347048300536756,-0.17857142857142858
1482,2011-06-16,NSE:MARICO,71.125,73.15,70.6,71.625,307616.0,-0.8993427879626505,3.4347048300536756
1483,2011-06-17,NSE:MARICO,71.5,72.949995,71.5,72.625,233664.0,1.3961605584642234,-0.8993427879626505
1484,2011-06-20,NSE:MARICO,73.475,73.475,69.699995,70.4,173060.0,-3.063683304647152,1.3961605584642234
1485,2011-06-21,NSE:MARICO,71.449995,72.949995,70.550005,71.35,371316.0,1.349431818181802,-3.063683304647152
1486,2011-06-22,NSE:MARICO,71.975,71.975,69.25,69.975,1412850.0,-1.9271198318149967,1.349431818181802
1487,2011-06-23,NSE:MARICO,70.0,71.15,69.0,70.025,188078.0,0.0714540907467115,-1.9271198318149967
1488,2011-06-24,NSE:MARICO,70.35,72.25,70.0,72.125,174712.0,2.9989289539450112,0.0714540907467115
1489,2011-06-27,NSE:MARICO,70.050005,73.5,70.050005,72.925005,1219194.0,1.1091923743500849,2.9989289539450112
1490,2011-06-28,NSE:MARICO,70.425005,76.699995,70.425005,75.0,432368.0,2.8453820469398683,1.1091923743500849
1491,2011-06-29,NSE:MARICO,75.0,78.449995,75.0,77.85,936024.0,3.7999999999999923,2.8453820469398683
1492,2011-06-30,NSE:MARICO,78.5,79.75,77.0,77.775,881486.0,-0.09633911368013955,3.7999999999999923
1493,2011-07-01,NSE:MARICO,78.225,79.0,77.4,78.15,129084.0,0.4821600771456124,-0.09633911368013955
1494,2011-07-04,NSE:MARICO,78.375,78.75,77.5,77.625,90824.0,-0.6717850287907942,0.4821600771456124
1495,2011-07-05,NSE:MARICO,77.800005,78.025,75.525,76.225,258970.0,-1.8035426731078978,-0.6717850287907942
1496,2011-07-06,NSE:MARICO,76.675005,76.75,75.1,75.5,1486754.0,-0.9511315185306584,-1.8035426731078978
1497,2011-07-07,NSE:MARICO,75.550005,81.225,75.050005,80.550005,1770306.0,6.688748344370859,-0.9511315185306584
1498,2011-07-08,NSE:MARICO,80.550005,84.5,80.550005,82.449995,1254064.0,2.358770803304112,6.688748344370859
1499,2011-07-11,NSE:MARICO,82.25,83.975,80.125,83.0,723596.0,0.6670770568269879,2.358770803304112
1500,2011-07-12,NSE:MARICO,82.025,84.0,81.050005,83.6,424862.0,0.7228915662650535,0.6670770568269879
1501,2011-07-13,NSE:MARICO,83.0,84.375,81.800005,82.199995,427126.0,-1.6746471291865948,0.7228915662650535
1502,2011-07-14,NSE:MARICO,81.75,82.199995,80.025,80.300005,266344.0,-2.311423498261773,-1.6746471291865948
1503,2011-07-15,NSE:MARICO,80.449995,81.475,78.025,78.175005,307788.0,-2.6463261116857963,-2.311423498261773
1504,2011-07-18,NSE:MARICO,79.0,79.699995,78.050005,78.25,97158.0,0.09593219725409836,-2.6463261116857963
1505,2011-07-19,NSE:MARICO,78.375,81.0,76.0,80.275,347512.0,2.587859424920135,0.09593219725409836
1506,2011-07-20,NSE:MARICO,81.975,83.0,79.525,80.0,397162.0,-0.3425724073497423,2.587859424920135
1507,2011-07-21,NSE:MARICO,79.9,82.375,79.6,80.975,545410.0,1.218749999999993,-0.3425724073497423
1508,2011-07-22,NSE:MARICO,81.300005,81.925005,79.949995,80.225,150664.0,-0.9262117937635074,1.218749999999993
1509,2011-07-25,NSE:MARICO,82.449995,82.449995,80.300005,81.074995,802526.0,1.0595138672483728,-0.9262117937635074
1510,2011-07-26,NSE:MARICO,81.300005,81.5,77.625,77.975,477376.0,-3.8236141735192297,1.0595138672483728
1511,2011-07-27,NSE:MARICO,78.449995,86.475,77.074995,83.449995,3476114.0,7.021474831676828,-3.8236141735192297
1512,2011-07-28,NSE:MARICO,82.5,84.35,80.025,81.300005,878498.0,-2.576381220873653,7.021474831676828
1513,2011-07-29,NSE:MARICO,81.625,84.949995,78.6,84.0,761608.0,3.32102685602541,-2.576381220873653
1514,2011-08-01,NSE:MARICO,84.975,86.824995,81.625,82.0,177160.0,-2.380952380952381,3.32102685602541
1515,2011-08-02,NSE:MARICO,81.9,83.725,80.550005,80.775,218660.0,-1.4939024390243834,-2.380952380952381
1516,2011-08-03,NSE:MARICO,80.75,81.875,79.574995,79.85,126236.0,-1.145156298359655,-1.4939024390243834
1517,2011-08-04,NSE:MARICO,80.175005,82.125,79.074995,79.5,87338.0,-0.4383218534752591,-1.145156298359655
1518,2011-08-05,NSE:MARICO,77.199995,78.800005,75.699995,77.875,220982.0,-2.044025157232704,-0.4383218534752591
1519,2011-08-08,NSE:MARICO,75.175005,77.5,74.6,77.199995,272512.0,-0.8667800963081845,-2.044025157232704
1520,2011-08-09,NSE:MARICO,74.85,82.675005,74.025,81.300005,930444.0,5.310894126353243,-0.8667800963081845
1521,2011-08-10,NSE:MARICO,81.525,82.975,79.199995,81.324995,615034.0,0.03073800548967065,5.310894126353243
1522,2011-08-11,NSE:MARICO,81.324995,81.475,79.449995,79.975,408852.0,-1.660000102059652,0.03073800548967065
1523,2011-08-12,NSE:MARICO,80.0,80.675005,78.75,79.300005,236602.0,-0.8440075023444772,-1.660000102059652
1524,2011-08-16,NSE:MARICO,79.5,82.449995,79.5,80.875,503364.0,1.9861221950742642,-0.8440075023444772
1525,2011-08-17,NSE:MARICO,81.5,81.9,77.525,79.65,705664.0,-1.5146831530139033,1.9861221950742642
1526,2011-08-18,NSE:MARICO,80.35,80.949995,79.275,80.074995,210690.0,0.5335781544256064,-1.5146831530139033
1527,2011-08-19,NSE:MARICO,77.824995,79.0,76.75,77.074995,192754.0,-3.7464879017476056,0.5335781544256064
1528,2011-08-22,NSE:MARICO,77.9,79.25,76.65,78.225,61044.0,1.4920597789205086,-3.7464879017476056
1529,2011-08-23,NSE:MARICO,78.225,79.225,77.25,77.625,406938.0,-0.7670182166826389,1.4920597789205086
1530,2011-08-24,NSE:MARICO,77.675005,80.199995,77.675005,79.225,306842.0,2.0611916264090104,-0.7670182166826389
1531,2011-08-25,NSE:MARICO,79.4,80.4,77.65,78.199995,255942.0,-1.2937898390659428,2.0611916264090104
1532,2011-08-26,NSE:MARICO,77.5,79.375,76.949995,77.300005,165856.0,-1.1508824265270126,-1.2937898390659428
1533,2011-08-29,NSE:MARICO,75.525,77.9,73.074995,74.15,909276.0,-4.075038546245881,-1.1508824265270126
1534,2011-08-30,NSE:MARICO,74.85,77.625,72.025,74.125,3861266.0,-0.033715441672293574,-4.075038546245881
1535,2011-09-02,NSE:MARICO,75.525,76.875,73.1,74.65,269232.0,0.7082630691399739,-0.033715441672293574
1536,2011-09-05,NSE:MARICO,74.35,78.699995,74.35,78.074995,439092.0,4.5880709979906165,0.7082630691399739
1537,2011-09-06,NSE:MARICO,78.074995,80.725,77.5,80.199995,809108.0,2.721742089128536,4.5880709979906165
1538,2011-09-07,NSE:MARICO,80.475,82.5,80.375,82.175005,263716.0,2.462606138566464,2.721742089128536
1539,2011-09-08,NSE:MARICO,82.4,82.525,79.75,80.800005,839522.0,-1.6732581884235966,2.462606138566464
1540,2011-09-09,NSE:MARICO,80.300005,81.5,78.5,78.699995,127462.0,-2.599022116397143,-1.6732581884235966
1541,2011-09-12,NSE:MARICO,78.199995,83.4,78.175005,79.15,879242.0,0.5717980032908572,-2.599022116397143
1542,2011-09-13,NSE:MARICO,79.775,80.675005,78.35,79.025,219218.0,-0.15792798483891343,0.5717980032908572
1543,2011-09-14,NSE:MARICO,79.074995,80.175005,78.4,79.75,106320.0,0.9174311926605432,-0.15792798483891343
1544,2011-09-15,NSE:MARICO,75.0,76.199995,70.5,71.550005,5361440.0,-10.282125391849531,0.9174311926605432
1545,2011-09-16,NSE:MARICO,72.475,73.475,69.75,70.525,1389088.0,-1.4325715281221756,-10.282125391849531
1546,2011-09-19,NSE:MARICO,70.0,71.75,69.1,69.925005,461600.0,-0.8507550514002226,-1.4325715281221756
1547,2011-09-20,NSE:MARICO,70.0,70.824995,69.550005,70.324995,462050.0,0.572027131067066,-0.8507550514002226
1548,2011-09-21,NSE:MARICO,70.300005,74.949995,70.300005,72.824995,2268818.0,3.554923821892913,0.572027131067066
1549,2011-09-22,NSE:MARICO,72.0,73.725,71.1,72.25,835696.0,-0.7895572117787323,3.554923821892913
1550,2011-09-23,NSE:MARICO,72.4,73.625,70.5,72.725,573750.0,0.6574394463667741,-0.7895572117787323
1551,2011-09-26,NSE:MARICO,70.5,73.050005,70.5,70.775,136562.0,-2.6813337916809745,0.6574394463667741
1552,2011-09-27,NSE:MARICO,73.0,73.0,71.074995,72.574995,245122.0,2.5432638643588774,-2.6813337916809745
1553,2011-09-28,NSE:MARICO,71.300005,72.875,71.300005,72.550005,121700.0,-0.034433347187970885,2.5432638643588774
1554,2011-09-29,NSE:MARICO,72.975,72.975,71.125,71.875,57428.0,-0.9303996602067757,-0.034433347187970885
1555,2011-09-30,NSE:MARICO,72.050005,72.65,71.5,71.925005,135280.0,0.06957217391304173,-0.9303996602067757
1556,2011-10-03,NSE:MARICO,71.050005,72.199995,70.9,71.025,485692.0,-1.2513103057830766,0.06957217391304173
1557,2011-10-04,NSE:MARICO,71.35,72.25,70.324995,71.125,59092.0,0.1407954945441666,-1.2513103057830766
1558,2011-10-05,NSE:MARICO,71.75,72.949995,71.375,72.15,198450.0,1.4411247803163523,0.1407954945441666
1559,2011-10-07,NSE:MARICO,72.725,73.5,71.25,72.125,492158.0,-0.03465003465004253,1.4411247803163523
1560,2011-10-10,NSE:MARICO,72.025,73.199995,72.025,72.775,138590.0,0.901213171577131,-0.03465003465004253
1561,2011-10-11,NSE:MARICO,73.300005,73.75,72.775,73.324995,181764.0,0.7557471659223572,0.901213171577131
1562,2011-10-12,NSE:MARICO,73.324995,73.4,72.275,72.475,83120.0,-1.1592158990259827,0.7557471659223572
1563,2011-10-13,NSE:MARICO,72.5,73.75,71.824995,72.125,311422.0,-0.4829251466022688,-1.1592158990259827
1564,2011-10-14,NSE:MARICO,72.4,86.550005,71.800005,75.199995,1113412.0,4.263424610051994,-0.4829251466022688
1565,2011-10-17,NSE:MARICO,75.525,77.949995,75.199995,77.199995,300988.0,2.6595746449185267,4.263424610051994
1566,2011-10-18,NSE:MARICO,76.725,77.0,75.275,75.625,1113826.0,-2.0401490958645803,2.6595746449185267
1567,2011-10-19,NSE:MARICO,75.75,77.324995,75.75,75.949995,125404.0,0.42974545454545615,-2.0401490958645803
1568,2011-10-20,NSE:MARICO,75.65,76.0,74.125,75.65,77220.0,-0.39499015108558677,0.42974545454545615
1569,2011-10-21,NSE:MARICO,75.199995,77.074995,75.074995,76.4,83812.0,0.991407799074686,-0.39499015108558677
1570,2011-10-24,NSE:MARICO,76.4,76.75,75.525,76.324995,406562.0,-0.09817408376963929,0.991407799074686
1571,2011-10-25,NSE:MARICO,75.5,78.449995,75.5,77.324995,198122.0,1.310186787434444,-0.09817408376963929
1572,2011-10-26,NSE:MARICO,77.15,77.875,76.0,77.475,45462.0,0.19399289970855227,1.310186787434444
1573,2011-10-28,NSE:MARICO,77.9,78.925005,76.574995,76.925005,519072.0,-0.7098999677315206,0.19399289970855227
1574,2011-10-31,NSE:MARICO,79.0,79.475,76.025,77.275,1261424.0,0.45498209587377597,-0.7098999677315206
1575,2011-11-01,NSE:MARICO,77.0,78.375,77.0,77.975,1142626.0,0.905855710126158,0.45498209587377597
1576,2011-11-02,NSE:MARICO,79.875,88.6,74.025,75.175005,2836288.0,-3.5908881051619055,0.905855710126158
1577,2011-11-03,NSE:MARICO,75.525,77.199995,74.5,74.9,566174.0,-0.3658197295763307,-3.5908881051619055
1578,2011-11-04,NSE:MARICO,75.625,76.824995,73.275,74.574995,2655746.0,-0.4339185580774425,-0.3658197295763307
1579,2011-11-08,NSE:MARICO,74.6,75.449995,73.824995,74.275,1314658.0,-0.40227290662238135,-0.4339185580774425
1580,2011-11-09,NSE:MARICO,75.25,75.725,73.0,74.949995,589130.0,0.9087781891618922,-0.40227290662238135
1581,2011-11-11,NSE:MARICO,75.975,75.975,72.175005,73.6,978028.0,-1.8011942495793454,0.9087781891618922
1582,2011-11-14,NSE:MARICO,74.4,74.824995,73.15,74.300005,450222.0,0.9510937500000061,-1.8011942495793454
1583,2011-11-15,NSE:MARICO,74.324995,74.75,73.25,74.300005,211054.0,0.0,0.9510937500000061
1584,2011-11-16,NSE:MARICO,74.300005,74.300005,72.300005,73.275,369764.0,-1.379549032331819,0.0
1585,2011-11-17,NSE:MARICO,72.75,74.4,72.550005,74.125,94168.0,1.1600136472193712,-1.379549032331819
1586,2011-11-18,NSE:MARICO,74.0,74.25,71.025,72.324995,2205752.0,-2.42833726812816,1.1600136472193712
1587,2011-11-21,NSE:MARICO,72.475,73.375,71.5,73.25,190332.0,1.2789561893505819,-2.42833726812816
1588,2011-11-22,NSE:MARICO,73.5,73.5,72.25,72.525,163220.0,-0.989761092150163,1.2789561893505819
1589,2011-11-23,NSE:MARICO,72.5,73.125,71.5,72.050005,88454.0,-0.6549396759738116,-0.989761092150163
1590,2011-11-24,NSE:MARICO,72.025,77.0,72.025,75.175005,572332.0,4.337265486657496,-0.6549396759738116
1591,2011-11-25,NSE:MARICO,74.975,75.675005,72.824995,73.6,117440.0,-2.095117918515608,4.337265486657496
1592,2011-11-28,NSE:MARICO,74.025,75.4,73.5,73.949995,260698.0,0.4755366847826181,-2.095117918515608
1593,2011-11-29,NSE:MARICO,73.949995,74.324995,72.5,72.9,121122.0,-1.4198716308229575,0.4755366847826181
1594,2011-11-30,NSE:MARICO,72.5,74.0,72.5,72.875,449368.0,-0.034293552812079124,-1.4198716308229575
1595,2011-12-01,NSE:MARICO,77.449995,77.449995,73.324995,74.15,356550.0,1.7495711835334555,-0.034293552812079124
1596,2011-12-02,NSE:MARICO,72.75,74.949995,72.0,73.875,210170.0,-0.37086985839515263,1.7495711835334555
1597,2011-12-05,NSE:MARICO,73.875,74.25,73.625,73.85,37294.0,-0.033840947546539,-0.37086985839515263
1598,2011-12-07,NSE:MARICO,74.1,74.15,73.824995,73.949995,161962.0,0.13540284360190513,-0.033840947546539
1599,2011-12-08,NSE:MARICO,73.65,74.199995,72.775,73.35,369552.0,-0.8113523199021271,0.13540284360190513
1600,2011-12-09,NSE:MARICO,72.800005,73.25,71.775,72.0,331858.0,-1.8404907975460048,-0.8113523199021271
1601,2011-12-12,NSE:MARICO,72.525,72.875,70.625,71.375,124288.0,-0.8680555555555556,-1.8404907975460048
1602,2011-12-13,NSE:MARICO,71.35,72.5,70.625,71.775,1773860.0,0.5604203152364353,-0.8680555555555556
1603,2011-12-14,NSE:MARICO,71.0,73.0,69.5,71.6,146702.0,-0.24381748519681137,0.5604203152364353
1604,2011-12-15,NSE:MARICO,71.5,72.15,70.050005,70.525,935872.0,-1.501396648044677,-0.24381748519681137
1605,2011-12-16,NSE:MARICO,71.5,71.5,68.5,68.975,491808.0,-2.1978021978022135,-1.501396648044677
1606,2011-12-19,NSE:MARICO,70.0,70.0,68.5,69.824995,71654.0,1.2323233055454976,-2.1978021978022135
1607,2011-12-20,NSE:MARICO,70.975,72.199995,69.5,71.15,471116.0,1.8976084423636612,1.2323233055454976
1608,2011-12-21,NSE:MARICO,71.5,72.975,71.5,72.375,280642.0,1.7217146872803852,1.8976084423636612
1609,2011-12-22,NSE:MARICO,73.0,73.0,70.050005,70.775,454638.0,-2.210708117443861,1.7217146872803852
1610,2011-12-23,NSE:MARICO,71.425005,72.800005,70.5,71.6,149654.0,1.1656658424584792,-2.210708117443861
1611,2011-12-26,NSE:MARICO,71.5,72.0,70.5,71.550005,68184.0,-0.06982541899440722,1.1656658424584792
1612,2011-12-27,NSE:MARICO,71.975,73.0,70.35,73.0,114150.0,2.026547727005751,-0.06982541899440722
1613,2011-12-28,NSE:MARICO,73.175005,73.949995,72.074995,73.375,374812.0,0.5136986301369862,2.026547727005751
1614,2011-12-29,NSE:MARICO,73.925005,73.949995,72.5,72.875,57562.0,-0.6814310051107325,0.5136986301369862
1615,2011-12-30,NSE:MARICO,73.65,73.75,72.25,72.675005,56744.0,-0.2744356775300189,-0.6814310051107325
1616,2012-01-02,NSE:MARICO,72.5,73.25,70.675005,72.175005,135556.0,-0.6879944487103923,-0.2744356775300189
1617,2012-01-03,NSE:MARICO,72.025,73.75,72.025,73.050005,97194.0,1.212331055605746,-0.6879944487103923
1618,2012-01-04,NSE:MARICO,73.300005,75.85,72.824995,75.025,392580.0,2.7036206226132458,1.212331055605746
1619,2012-01-05,NSE:MARICO,75.0,75.875,74.300005,75.025,237308.0,0.0,2.7036206226132458
1620,2012-01-06,NSE:MARICO,75.5,76.449995,74.775,75.925005,117170.0,1.1996067977340792,0.0
1621,2012-01-09,NSE:MARICO,75.949995,76.5,75.025,76.300005,77574.0,0.49390842977224697,1.1996067977340792
1622,2012-01-10,NSE:MARICO,75.5,76.6,75.050005,75.5,59242.0,-1.0484992759830079,0.49390842977224697
1623,2012-01-11,NSE:MARICO,75.775,76.9,75.4,76.425005,113144.0,1.2251721854304618,-1.0484992759830079
1624,2012-01-12,NSE:MARICO,76.0,76.9,75.0,75.25,53416.0,-1.5374614630381755,1.2251721854304618
1625,2012-01-13,NSE:MARICO,75.25,76.625,75.125,75.949995,185050.0,0.9302259136212642,-1.5374614630381755
1626,2012-01-16,NSE:MARICO,75.949995,75.949995,75.125,75.75,1750012.0,-0.26332457296409467,0.9302259136212642
1627,2012-01-17,NSE:MARICO,75.75,78.199995,75.125,76.75,1412688.0,1.3201320132013201,-0.26332457296409467
1628,2012-01-18,NSE:MARICO,76.050005,77.85,74.75,76.125,702586.0,-0.8143322475570033,1.3201320132013201
1629,2012-01-19,NSE:MARICO,76.875,77.449995,75.5,76.0,70054.0,-0.16420361247947454,-0.8143322475570033
1630,2012-01-20,NSE:MARICO,76.9,76.9,75.300005,75.65,173742.0,-0.4605263157894662,-0.16420361247947454
1631,2012-01-23,NSE:MARICO,75.5,76.0,73.199995,74.550005,256900.0,-1.4540581625908882,-0.4605263157894662
1632,2012-01-24,NSE:MARICO,74.5,75.199995,73.65,74.175005,682406.0,-0.5030180749149513,-1.4540581625908882
1633,2012-01-25,NSE:MARICO,74.125,75.9,74.074995,75.525,120666.0,1.8200133589475416,-0.5030180749149513
1634,2012-01-27,NSE:MARICO,75.800005,75.9,74.35,74.975,291054.0,-0.7282356835485089,1.8200133589475416
1635,2012-01-30,NSE:MARICO,74.9,75.074995,73.75,74.5,116110.0,-0.6335445148382719,-0.7282356835485089
1636,2012-01-31,NSE:MARICO,74.0,78.199995,74.0,75.9,332820.0,1.8791946308724907,-0.6335445148382719
1637,2012-02-01,NSE:MARICO,75.9,76.475,74.550005,75.050005,260272.0,-1.1198880105401936,1.8791946308724907
1638,2012-02-02,NSE:MARICO,76.0,77.449995,75.550005,76.625,601736.0,2.0985941306732774,-1.1198880105401936
1639,2012-02-03,NSE:MARICO,77.0,82.25,77.0,81.800005,1528852.0,6.753676998368677,2.0985941306732774
1640,2012-02-06,NSE:MARICO,89.25,89.25,79.75,80.65,734702.0,-1.4058739971959575,6.753676998368677
1641,2012-02-07,NSE:MARICO,81.35,83.5,77.300005,82.5,1918554.0,2.2938623682578974,-1.4058739971959575
1642,2012-02-08,NSE:MARICO,83.0,84.949995,81.125,81.800005,583906.0,-0.8484787878787894,2.2938623682578974
1643,2012-02-09,NSE:MARICO,82.9,82.9,80.1,80.824995,481896.0,-1.1919436924239766,-0.8484787878787894
1644,2012-02-10,NSE:MARICO,80.5,81.925005,80.35,81.375,260794.0,0.680488752272733,-1.1919436924239766
1645,2012-02-13,NSE:MARICO,81.5,81.75,80.75,81.025,112298.0,-0.4301075268817134,0.680488752272733
1646,2012-02-14,NSE:MARICO,81.0,81.475,79.15,80.949995,114326.0,-0.0925701943844547,-0.4301075268817134
1647,2012-02-15,NSE:MARICO,80.625,82.9,80.625,82.525,274362.0,1.9456517569889962,-0.0925701943844547
1648,2012-02-16,NSE:MARICO,83.5,87.0,80.300005,81.125,1151014.0,-1.6964556195092466,1.9456517569889962
1649,2012-02-17,NSE:MARICO,81.25,82.475,78.75,80.1,983520.0,-1.26348228043144,-1.6964556195092466
1650,2012-02-21,NSE:MARICO,81.85,82.0,80.25,80.475,810176.0,0.46816479400749067,-1.26348228043144
1651,2012-02-22,NSE:MARICO,81.35,81.375,79.525,79.949995,425182.0,-0.6523827275551328,0.46816479400749067
1652,2012-02-23,NSE:MARICO,80.0,80.5,78.050005,79.824995,629112.0,-0.15634772710117117,-0.6523827275551328
1653,2012-02-24,NSE:MARICO,79.574995,80.9,78.5,80.025,619996.0,0.2505543533075128,-0.15634772710117117
1654,2012-02-27,NSE:MARICO,79.725,80.699995,79.050005,79.5,187916.0,-0.6560449859419002,0.2505543533075128
1655,2012-02-28,NSE:MARICO,79.025,80.574995,79.025,80.125,134312.0,0.7861635220125787,-0.6560449859419002
1656,2012-02-29,NSE:MARICO,80.25,81.475,78.5,78.65,682228.0,-1.840873634945391,0.7861635220125787
1657,2012-03-01,NSE:MARICO,78.525,79.699995,77.625,78.65,194176.0,0.0,-1.840873634945391
1658,2012-03-02,NSE:MARICO,78.525,80.4,78.0,78.675005,871732.0,0.031792752701834785,0.0
1659,2012-03-05,NSE:MARICO,78.5,79.699995,77.800005,79.4,238218.0,0.9215061378134097,0.031792752701834785
1660,2012-03-06,NSE:MARICO,79.4,80.25,78.5,78.625,209028.0,-0.9760705289672615,0.9215061378134097
1661,2012-03-07,NSE:MARICO,79.35,79.525,77.800005,78.800005,118796.0,0.22258187599363913,-0.9760705289672615
1662,2012-03-09,NSE:MARICO,79.475,79.975,78.050005,79.6,104840.0,1.0152220168006278,0.22258187599363913
1663,2012-03-12,NSE:MARICO,79.699995,80.75,79.699995,80.175005,113016.0,0.7223680904522669,1.0152220168006278
1664,2012-03-13,NSE:MARICO,79.875,80.75,79.875,80.0,256716.0,-0.21827875158847665,0.7223680904522669
1665,2012-03-14,NSE:MARICO,80.475,82.0,80.0,80.15,277306.0,0.1875000000000071,-0.21827875158847665
1666,2012-03-15,NSE:MARICO,80.025,80.449995,78.625,79.525,1003196.0,-0.7797878976918278,0.1875000000000071
1667,2012-03-16,NSE:MARICO,78.975,80.199995,78.125,78.9,190758.0,-0.7859163784973278,-0.7797878976918278
1668,2012-03-19,NSE:MARICO,79.949995,79.949995,77.75,78.65,491978.0,-0.3168567807351077,-0.7859163784973278
1669,2012-03-20,NSE:MARICO,79.449995,80.9,78.25,80.5,187364.0,2.352193261284163,-0.3168567807351077
1670,2012-03-21,NSE:MARICO,79.6,82.35,79.6,81.975,467434.0,1.8322981366459556,2.352193261284163
1671,2012-03-22,NSE:MARICO,81.9,83.725,81.300005,81.675005,383540.0,-0.3659591338822758,1.8322981366459556
1672,2012-03-23,NSE:MARICO,81.85,83.199995,80.1,82.425005,480162.0,0.918273589331277,-0.3659591338822758
1673,2012-03-26,NSE:MARICO,82.25,82.9,81.5,82.625,284320.0,0.24263874779261616,0.918273589331277
1674,2012-03-27,NSE:MARICO,83.0,83.4,82.125,82.525,339646.0,-0.12102874432677073,0.24263874779261616
1675,2012-03-28,NSE:MARICO,82.5,84.65,81.175005,84.199995,765442.0,2.0296819145713365,-0.12102874432677073
1676,2012-03-29,NSE:MARICO,84.449995,85.324995,82.199995,84.975,293536.0,0.9204335463440266,2.0296819145713365
1677,2012-03-30,NSE:MARICO,85.0,89.0,83.5,87.65,809246.0,3.147984701382773,0.9204335463440266
1678,2012-04-02,NSE:MARICO,86.4,86.949995,85.050005,85.324995,135256.0,-2.652601254991448,3.147984701382773
1679,2012-04-03,NSE:MARICO,86.949995,86.949995,85.35,85.6,769522.0,0.32230297816014297,-2.652601254991448
1680,2012-04-04,NSE:MARICO,85.050005,86.199995,84.85,85.199995,2165836.0,-0.46729556074765544,0.32230297816014297
1681,2012-04-09,NSE:MARICO,87.0,87.5,84.050005,85.625,617830.0,0.4988321888986012,-0.46729556074765544
1682,2012-04-10,NSE:MARICO,86.449995,87.0,85.0,85.35,1560080.0,-0.32116788321168543,0.4988321888986012
1683,2012-04-11,NSE:MARICO,85.5,86.15,84.525,86.025,175262.0,0.7908611599297146,-0.32116788321168543
1684,2012-04-12,NSE:MARICO,86.025,86.975,85.574995,86.275,185260.0,0.29061319383900025,0.7908611599297146
1685,2012-04-13,NSE:MARICO,87.475,88.75,85.125,87.875,282118.0,1.8545349174152352,0.29061319383900025
1686,2012-04-16,NSE:MARICO,87.25,89.975,87.25,88.824995,386432.0,1.0810753911806559,1.8545349174152352
1687,2012-04-17,NSE:MARICO,88.824995,90.25,87.75,89.9,265052.0,1.2102505606670784,1.0810753911806559
1688,2012-04-18,NSE:MARICO,90.0,92.0,87.5,89.800005,294926.0,-0.11122914349277746,1.2102505606670784
1689,2012-04-19,NSE:MARICO,90.0,90.449995,88.4,88.85,188094.0,-1.0579119678222786,-0.11122914349277746
1690,2012-04-20,NSE:MARICO,88.75,90.199995,88.5,89.949995,150806.0,1.2380360157569015,-1.0579119678222786
1691,2012-04-23,NSE:MARICO,89.9,91.0,88.550005,89.050005,103190.0,-1.0005448026984354,1.2380360157569015
1692,2012-04-24,NSE:MARICO,89.050005,90.775,86.5,90.025,1012624.0,1.094884834649933,-1.0005448026984354
1693,2012-04-25,NSE:MARICO,90.125,94.5,90.050005,90.675005,180682.0,0.722027214662586,1.094884834649933
1694,2012-04-26,NSE:MARICO,90.975,91.975,89.65,90.35,131986.0,-0.35842843350271053,0.722027214662586
1695,2012-04-27,NSE:MARICO,90.5,90.9,89.074995,89.5,144776.0,-0.9407858328721576,-0.35842843350271053
1696,2012-04-30,NSE:MARICO,88.050005,90.199995,88.050005,88.550005,77934.0,-1.0614469273743032,-0.9407858328721576
1697,2012-05-02,NSE:MARICO,88.675005,90.949995,88.675005,90.125,138754.0,1.7786503795228485,-1.0614469273743032
1698,2012-05-03,NSE:MARICO,90.125,91.574995,85.65,89.699995,1722096.0,-0.47157281553397923,1.7786503795228485
1699,2012-05-04,NSE:MARICO,89.5,90.975,88.025,90.0,184034.0,0.33445375331403165,-0.47157281553397923
1700,2012-05-07,NSE:MARICO,90.0,90.0,86.699995,88.550005,96494.0,-1.611105555555557,0.33445375331403165
1701,2012-05-08,NSE:MARICO,88.574995,89.449995,88.125,89.025,149600.0,0.5364144248213277,-1.611105555555557
1702,2012-05-09,NSE:MARICO,88.574995,89.175005,88.275,88.725,55510.0,-0.33698399326033285,0.5364144248213277
1703,2012-05-10,NSE:MARICO,88.525,91.125,88.35,90.824995,298778.0,2.366858269935201,-0.33698399326033285
1704,2012-05-11,NSE:MARICO,89.025,91.175005,88.550005,88.9,344800.0,-2.1194551125491343,2.366858269935201
1705,2012-05-14,NSE:MARICO,89.25,90.0,86.275,86.800005,1065512.0,-2.3621991001124933,-2.1194551125491343
1706,2012-05-15,NSE:MARICO,86.5,87.0,85.5,86.225,157088.0,-0.6624481185225789,-2.3621991001124933
1707,2012-05-16,NSE:MARICO,87.550005,87.550005,85.324995,85.574995,2719658.0,-0.7538474920266663,-0.6624481185225789
1708,2012-05-17,NSE:MARICO,86.475,88.275,85.15,88.074995,125692.0,2.9214141350519505,-0.7538474920266663
1709,2012-05-18,NSE:MARICO,85.6,87.050005,85.15,86.025,956914.0,-2.3275561923108774,2.9214141350519505
1710,2012-05-21,NSE:MARICO,87.425005,87.425005,85.5,85.699995,35178.0,-0.3778029642545823,-2.3275561923108774
1711,2012-05-22,NSE:MARICO,86.25,86.449995,83.800005,84.475,234216.0,-1.4293991499066097,-0.3778029642545823
1712,2012-05-23,NSE:MARICO,85.449995,85.449995,83.550005,84.074995,329210.0,-0.47351879254216406,-1.4293991499066097
1713,2012-05-24,NSE:MARICO,85.324995,86.75,83.525,86.425005,101244.0,2.795135462095475,-0.47351879254216406
1714,2012-05-25,NSE:MARICO,86.824995,89.725,85.5,88.925005,1091210.0,2.8926813484129967,2.795135462095475
1715,2012-05-28,NSE:MARICO,89.35,89.875,87.050005,89.300005,431422.0,0.4217036591676323,2.8926813484129967
1716,2012-05-29,NSE:MARICO,90.025,90.025,86.800005,87.15,378180.0,-2.407620245933909,0.4217036591676323
1717,2012-05-30,NSE:MARICO,86.550005,87.625,85.050005,85.824995,155068.0,-1.5203729202524434,-2.407620245933909
1718,2012-05-31,NSE:MARICO,84.775,88.65,83.475,87.6,606284.0,2.06816790376742,-1.5203729202524434
1719,2012-06-01,NSE:MARICO,87.75,87.75,84.25,84.975,234688.0,-2.9965753424657535,2.06816790376742
1720,2012-06-04,NSE:MARICO,84.5,85.4,83.550005,83.800005,245468.0,-1.3827537511032606,-2.9965753424657535
1721,2012-06-05,NSE:MARICO,84.949995,84.949995,83.550005,84.175005,382500.0,0.4474940067127681,-1.3827537511032606
1722,2012-06-06,NSE:MARICO,83.975,85.275,83.625,84.175005,482096.0,0.0,0.4474940067127681
1723,2012-06-07,NSE:MARICO,85.0,85.975,84.324995,85.4,182874.0,1.4552954288508886,0.0
1724,2012-06-08,NSE:MARICO,85.050005,86.25,84.550005,85.324995,863316.0,-0.0878278688524642,1.4552954288508886
1725,2012-06-11,NSE:MARICO,86.0,86.025,83.0,83.65,1708686.0,-1.9630765873469969,-0.0878278688524642
1726,2012-06-12,NSE:MARICO,82.675005,84.699995,82.675005,84.275,359338.0,0.7471607890017932,-1.9630765873469969
1727,2012-06-13,NSE:MARICO,86.875,86.875,84.225,85.875,244008.0,1.8985464253930515,0.7471607890017932
1728,2012-06-14,NSE:MARICO,85.975,86.875,85.0,86.25,315168.0,0.43668122270742354,1.8985464253930515
1729,2012-06-15,NSE:MARICO,86.6,87.0,85.1,85.699995,98190.0,-0.6376869565217377,0.43668122270742354
1730,2012-06-18,NSE:MARICO,85.125,86.5,84.175005,86.449995,1037770.0,0.8751459087016282,-0.6376869565217377
1731,2012-06-19,NSE:MARICO,86.0,86.6,85.25,86.0,124884.0,-0.5205263458951054,0.8751459087016282
1732,2012-06-20,NSE:MARICO,86.574995,88.5,85.125,87.975,527072.0,2.29651162790697,-0.5205263458951054
1733,2012-06-21,NSE:MARICO,87.0,87.949995,86.199995,87.800005,77474.0,-0.1989144643364542,2.29651162790697
1734,2012-06-22,NSE:MARICO,87.475,88.074995,85.725,87.125,74788.0,-0.768798361685741,-0.1989144643364542
1735,2012-06-25,NSE:MARICO,85.0,88.4,85.0,85.949995,339920.0,-1.3486427546628392,-0.768798361685741
1736,2012-06-26,NSE:MARICO,86.85,90.475,85.949995,89.574995,655728.0,4.21756859904413,-1.3486427546628392
1737,2012-06-27,NSE:MARICO,90.0,91.5,88.800005,91.0,3845232.0,1.590851330775959,4.21756859904413
1738,2012-06-28,NSE:MARICO,92.199995,92.199995,90.574995,91.25,2182242.0,0.27472527472527475,1.590851330775959
1739,2012-06-29,NSE:MARICO,90.15,92.675005,90.15,91.85,4319940.0,0.6575342465753362,0.27472527472527475
1740,2012-07-02,NSE:MARICO,92.449995,92.5,91.5,91.725,153040.0,-0.1360914534567229,0.6575342465753362
1741,2012-07-03,NSE:MARICO,92.0,93.125,90.300005,90.725,265148.0,-1.0902153175252112,-0.1360914534567229
1742,2012-07-04,NSE:MARICO,92.35,92.5,90.550005,90.949995,1130024.0,0.24799669330394813,-1.0902153175252112
1743,2012-07-05,NSE:MARICO,90.525,92.25,90.525,91.574995,564974.0,0.6871908019346235,0.24799669330394813
1744,2012-07-06,NSE:MARICO,91.949995,93.875,91.625,92.15,253914.0,0.6279061221898012,0.6871908019346235
1745,2012-07-09,NSE:MARICO,91.025,92.15,90.35,91.074995,209436.0,-1.1665816603364128,0.6279061221898012
1746,2012-07-10,NSE:MARICO,91.625,92.25,90.275,91.074995,751964.0,0.0,-1.1665816603364128
1747,2012-07-11,NSE:MARICO,90.9,91.975,90.275,90.5,554930.0,-0.6313423349625232,0.0
1748,2012-07-12,NSE:MARICO,90.275,91.925005,90.275,91.475,780112.0,1.0773480662983363,-0.6313423349625232
1749,2012-07-13,NSE:MARICO,91.5,92.0,90.9,91.025,427436.0,-0.4919376878928545,1.0773480662983363
1750,2012-07-16,NSE:MARICO,90.85,92.75,90.125,90.4,516680.0,-0.6866245536940401,-0.4919376878928545
1751,2012-07-17,NSE:MARICO,91.725,92.5,90.75,92.5,181018.0,2.3230088495575156,-0.6866245536940401
1752,2012-07-18,NSE:MARICO,91.574995,93.5,91.4,92.125,120138.0,-0.40540540540540543,2.3230088495575156
1753,2012-07-19,NSE:MARICO,92.975,93.425005,90.65,92.5,264212.0,0.40705563093622793,-0.40540540540540543
1754,2012-07-20,NSE:MARICO,91.550005,92.300005,91.1,91.275,270436.0,-1.3243243243243183,0.40705563093622793
1755,2012-07-23,NSE:MARICO,91.975,92.15,90.65,91.375,50388.0,0.10955902492467194,-1.3243243243243183
1756,2012-07-24,NSE:MARICO,91.525,94.975,91.0,94.199995,426414.0,3.091649794801643,0.10955902492467194
1757,2012-07-25,NSE:MARICO,95.0,98.25,93.675005,97.525,952006.0,3.529729486716007,3.091649794801643
1758,2012-07-26,NSE:MARICO,97.5,99.025,94.25,97.449995,972460.0,-0.0769084850038497,3.529729486716007
1759,2012-07-27,NSE:MARICO,92.65,99.975,92.65,98.225,412978.0,0.7952848022208652,-0.0769084850038497
1760,2012-07-30,NSE:MARICO,98.475,99.9,97.050005,97.775,186118.0,-0.4581318401628798,0.7952848022208652
1761,2012-07-31,NSE:MARICO,98.0,99.0,97.25,97.25,296674.0,-0.536947072360016,-0.4581318401628798
1762,2012-08-01,NSE:MARICO,97.5,98.025,95.824995,96.725,112848.0,-0.5398457583547617,-0.536947072360016
1763,2012-08-02,NSE:MARICO,98.5,98.6,96.625,96.875,223082.0,0.15507883173947343,-0.5398457583547617
1764,2012-08-03,NSE:MARICO,97.5,98.699995,93.574995,94.050005,2771504.0,-2.9161238709677435,0.15507883173947343
1765,2012-08-06,NSE:MARICO,95.0,95.75,94.25,94.5,857000.0,0.47846355776376753,-2.9161238709677435
1766,2012-08-07,NSE:MARICO,95.425005,96.300005,93.675005,94.175005,276476.0,-0.3439100529100543,0.47846355776376753
1767,2012-08-08,NSE:MARICO,93.475,94.699995,91.875,92.525,325980.0,-1.7520625563014232,-0.3439100529100543
1768,2012-08-09,NSE:MARICO,92.975,98.5,91.775,97.125,1194862.0,4.971629289381242,-1.7520625563014232
1769,2012-08-10,NSE:MARICO,97.25,98.475,95.300005,95.5,217024.0,-1.673101673101673,4.971629289381242
1770,2012-08-13,NSE:MARICO,95.675005,96.5,94.525,95.475,418392.0,-0.02617801047121014,-1.673101673101673
1771,2012-08-14,NSE:MARICO,95.025,96.199995,94.5,94.949995,171114.0,-0.5498874050798566,-0.02617801047121014
1772,2012-08-16,NSE:MARICO,95.949995,95.949995,94.0,95.0,187084.0,0.052664563068169454,-0.5498874050798566
1773,2012-08-17,NSE:MARICO,95.725,97.225,95.275,95.5,517686.0,0.5263157894736842,0.052664563068169454
1774,2012-08-21,NSE:MARICO,96.699995,96.699995,95.300005,95.875,354602.0,0.3926701570680628,0.5263157894736842
1775,2012-08-22,NSE:MARICO,96.375,96.375,93.800005,94.025,355332.0,-1.929595827900907,0.3926701570680628
1776,2012-08-23,NSE:MARICO,94.25,100.9,94.225,96.725,1688024.0,2.8715767083222423,-1.929595827900907
1777,2012-08-24,NSE:MARICO,97.0,98.65,96.5,97.550005,241784.0,0.8529387438614675,2.8715767083222423
1778,2012-08-27,NSE:MARICO,97.550005,99.35,96.5,97.125,175650.0,-0.4356791165720584,0.8529387438614675
1779,2012-08-28,NSE:MARICO,97.5,97.699995,96.025,96.35,184390.0,-0.7979407979408039,-0.4356791165720584
1780,2012-08-29,NSE:MARICO,96.9,98.4,96.275,97.824995,154804.0,1.5308718214841797,-0.7979407979408039
1781,2012-08-30,NSE:MARICO,98.449995,99.5,96.525,98.875,438100.0,1.073350425420414,1.5308718214841797
1782,2012-08-31,NSE:MARICO,99.375,100.9,97.550005,100.0,394358.0,1.1378002528445006,1.073350425420414
1783,2012-09-03,NSE:MARICO,100.0,102.975,99.875,102.125,337292.0,2.125,1.1378002528445006
1784,2012-09-04,NSE:MARICO,102.125,104.225,100.85,103.25,562904.0,1.101591187270502,2.125
1785,2012-09-05,NSE:MARICO,103.725,104.449995,101.875,102.175005,95076.0,-1.0411573849878948,1.101591187270502
1786,2012-09-06,NSE:MARICO,102.449995,102.475,100.65,101.550005,104310.0,-0.6116955903256379,-1.0411573849878948
1787,2012-09-07,NSE:MARICO,103.9,104.5,101.025,102.975,369558.0,1.4032446379495458,-0.6116955903256379
1788,2012-09-10,NSE:MARICO,102.525,104.475,102.35,104.1,140118.0,1.0924981791697013,1.4032446379495458
1789,2012-09-11,NSE:MARICO,104.275,105.475,102.5,102.800005,135950.0,-1.2487944284341936,1.0924981791697013
1790,2012-09-12,NSE:MARICO,103.725,103.800005,101.699995,102.375,110126.0,-0.4134289682184342,-1.2487944284341936
1791,2012-09-13,NSE:MARICO,103.25,103.425005,101.775,102.6,192768.0,0.21978021978021423,-0.4134289682184342
1792,2012-09-14,NSE:MARICO,103.925005,103.925005,97.5,98.9,513398.0,-3.606237816764122,0.21978021978021423
1793,2012-09-17,NSE:MARICO,102.35,102.35,97.75,98.1,352532.0,-0.8088978766430853,-3.606237816764122
1794,2012-09-18,NSE:MARICO,99.5,99.975,95.0,95.300005,419598.0,-2.8542252803261934,-0.8088978766430853
1795,2012-09-20,NSE:MARICO,95.300005,97.25,93.1,95.85,875448.0,0.5771195919664386,-2.8542252803261934
1796,2012-09-21,NSE:MARICO,96.5,98.949995,94.300005,97.5,890634.0,1.7214397496087699,0.5771195919664386
1797,2012-09-24,NSE:MARICO,98.475,98.475,94.65,95.625,1212650.0,-1.9230769230769231,1.7214397496087699
1798,2012-09-25,NSE:MARICO,96.0,97.449995,95.125,96.949995,760244.0,1.385615686274511,-1.9230769230769231
1799,2012-09-26,NSE:MARICO,97.225,101.699995,96.625,100.550005,508092.0,3.7132647608697633,1.385615686274511
1800,2012-09-27,NSE:MARICO,101.449995,101.875,98.800005,99.449995,182948.0,-1.093992983888959,3.7132647608697633
1801,2012-09-28,NSE:MARICO,99.525,100.925005,98.824995,99.949995,438356.0,0.5027652339248484,-1.093992983888959
1802,2012-10-01,NSE:MARICO,100.949995,102.5,99.725,101.525,267004.0,1.5757929752772917,0.5027652339248484
1803,2012-10-03,NSE:MARICO,101.475,103.375,101.125,102.675005,1861494.0,1.1327308544693355,1.5757929752772917
1804,2012-10-04,NSE:MARICO,102.925005,103.25,101.25,101.975,1595784.0,-0.6817676804593333,1.1327308544693355
1805,2012-10-05,NSE:MARICO,101.5,103.949995,98.699995,101.475,833730.0,-0.49031625398381956,-0.6817676804593333
1806,2012-10-08,NSE:MARICO,101.4,102.375,101.0,101.275,355310.0,-0.1970928800196981,-0.49031625398381956
1807,2012-10-09,NSE:MARICO,101.025,102.425005,100.550005,101.65,485924.0,0.3702789434707479,-0.1970928800196981
1808,2012-10-10,NSE:MARICO,101.65,101.949995,100.5,100.949995,73738.0,-0.6886424003935114,0.3702789434707479
1809,2012-10-11,NSE:MARICO,100.85,101.75,99.65,101.525,6392254.0,0.5695938865574035,-0.6886424003935114
1810,2012-10-12,NSE:MARICO,102.199995,102.300005,100.5,101.0,308144.0,-0.5171140113272649,0.5695938865574035
1811,2012-10-15,NSE:MARICO,100.4,101.949995,100.4,101.5,241204.0,0.49504950495049505,-0.5171140113272649
1812,2012-10-16,NSE:MARICO,101.525,101.949995,101.199995,101.449995,708298.0,-0.049266009852215506,0.49504950495049505
1813,2012-10-17,NSE:MARICO,102.725,102.725,101.125,101.975,2454710.0,0.5175012576392862,-0.049266009852215506
1814,2012-10-18,NSE:MARICO,102.875,104.1,101.85,102.775,2796058.0,0.7845060063741225,0.5175012576392862
1815,2012-10-19,NSE:MARICO,102.475,102.475,101.175005,102.35,109348.0,-0.41352468985649365,0.7845060063741225
1816,2012-10-22,NSE:MARICO,101.050005,103.6,101.025,103.050005,281524.0,0.6839325842696673,-0.41352468985649365
1817,2012-10-23,NSE:MARICO,103.175005,105.449995,102.975,105.0,301068.0,1.8922803545715512,0.6839325842696673
1818,2012-10-25,NSE:MARICO,105.0,106.275,103.525,105.5,594414.0,0.4761904761904762,1.8922803545715512
1819,2012-10-26,NSE:MARICO,104.925005,105.9,102.75,103.050005,79536.0,-2.322270142180096,0.4761904761904762
1820,2012-10-29,NSE:MARICO,104.4,104.425005,103.0,103.449995,418556.0,0.3881513639907174,-2.322270142180096
1821,2012-10-30,NSE:MARICO,104.35,104.35,101.699995,102.5,608148.0,-0.9183132391644884,0.3881513639907174
1822,2012-10-31,NSE:MARICO,103.425005,105.475,102.5,104.775,123510.0,2.2195121951219567,-0.9183132391644884
1823,2012-11-01,NSE:MARICO,105.0,107.9,104.975,106.699995,273758.0,1.8372655690765884,2.2195121951219567
1824,2012-11-02,NSE:MARICO,107.050005,109.0,100.550005,102.175005,3625954.0,-4.240853057209612,1.8372655690765884
1825,2012-11-05,NSE:MARICO,102.0,106.0,101.5,105.65,789118.0,3.401022588645831,-4.240853057209612
1826,2012-11-06,NSE:MARICO,100.15,105.300005,100.15,104.375,653758.0,-1.2068149550402325,3.401022588645831
1827,2012-11-07,NSE:MARICO,104.0,104.949995,102.5,102.800005,621446.0,-1.5089772455089832,-1.2068149550402325
1828,2012-11-08,NSE:MARICO,102.800005,104.4,102.050005,103.625,2166774.0,0.802524280032867,-1.5089772455089832
1829,2012-11-09,NSE:MARICO,104.0,107.0,103.1,107.0,695632.0,3.2569360675512664,0.802524280032867
1830,2012-11-12,NSE:MARICO,106.375,112.875,105.65,112.199995,1603346.0,4.859808411214955,3.2569360675512664
1831,2012-11-13,NSE:MARICO,112.85,115.0,111.0,114.550005,166088.0,2.094483159290691,4.859808411214955
1832,2012-11-15,NSE:MARICO,113.550005,114.0,111.574995,112.875,947394.0,-1.4622478628438285,2.094483159290691
1833,2012-11-16,NSE:MARICO,113.800005,116.425005,108.175005,108.725,2920602.0,-3.6766334440753097,-1.4622478628438285
1834,2012-11-19,NSE:MARICO,108.725,109.975,104.125,105.125,213824.0,-3.3111060013796227,-3.6766334440753097
1835,2012-11-20,NSE:MARICO,105.625,106.949995,105.0,106.35,260526.0,1.1652794292508863,-3.3111060013796227
1836,2012-11-21,NSE:MARICO,107.375,107.75,105.1,105.300005,64538.0,-0.9873013634226568,1.1652794292508863
1837,2012-11-22,NSE:MARICO,105.275,107.5,105.25,106.65,294486.0,1.2820464728373062,-0.9873013634226568
1838,2012-11-23,NSE:MARICO,107.15,107.4,106.025,106.699995,95346.0,0.04687763713079753,1.2820464728373062
1839,2012-11-26,NSE:MARICO,106.675005,107.949995,106.25,107.425005,49760.0,0.6794845679233606,0.04687763713079753
1840,2012-11-27,NSE:MARICO,107.5,108.875,106.775,107.875,281296.0,0.4188922309103,0.6794845679233606
1841,2012-11-29,NSE:MARICO,108.425005,113.35,107.699995,109.5,639956.0,1.5063731170336037,0.4188922309103
1842,2012-11-30,NSE:MARICO,111.375,112.425005,110.0,111.025,131428.0,1.3926940639269458,1.5063731170336037
1843,2012-12-03,NSE:MARICO,111.025,113.5,110.15,111.425005,333228.0,0.360283719882903,1.3926940639269458
1844,2012-12-04,NSE:MARICO,111.25,114.175005,110.15,110.625,306922.0,-0.7179761849685344,0.360283719882903
1845,2012-12-05,NSE:MARICO,111.875,111.875,108.5,108.824995,167514.0,-1.6271231638418069,-0.7179761849685344
1846,2012-12-06,NSE:MARICO,110.925005,110.949995,108.6,110.25,343944.0,1.309446418995929,-1.6271231638418069
1847,2012-12-07,NSE:MARICO,111.4,111.475,108.574995,110.025,432654.0,-0.2040816326530561,1.309446418995929
1848,2012-12-10,NSE:MARICO,110.9,110.9,108.75,109.5,121100.0,-0.4771642808452676,-0.2040816326530561
1849,2012-12-11,NSE:MARICO,109.050005,111.199995,109.0,109.800005,209018.0,0.27397716894977053,-0.4771642808452676
1850,2012-12-12,NSE:MARICO,108.525,110.85,108.5,110.050005,119672.0,0.2276866927282927,0.27397716894977053
1851,2012-12-13,NSE:MARICO,109.0,111.050005,109.0,110.5,410440.0,0.4089004811948907,0.2276866927282927
1852,2012-12-14,NSE:MARICO,109.25,111.025,109.25,110.324995,321882.0,-0.15837556561085858,0.4089004811948907
1853,2012-12-17,NSE:MARICO,110.35,111.25,110.0,110.65,325938.0,0.29458872851071005,-0.15837556561085858
1854,2012-12-18,NSE:MARICO,110.75,112.0,110.525,111.025,486868.0,0.3389064618165386,0.29458872851071005
1855,2012-12-19,NSE:MARICO,111.525,111.9,110.4,110.925005,249990.0,-0.09006530060797742,0.3389064618165386
1856,2012-12-20,NSE:MARICO,112.449995,112.449995,110.225,110.375,1328086.0,-0.49583500131462577,-0.09006530060797742
1857,2012-12-21,NSE:MARICO,116.475,116.475,109.15,109.550005,432760.0,-0.7474473386183477,-0.49583500131462577
1858,2012-12-24,NSE:MARICO,111.475,111.475,109.275,109.925005,309000.0,0.34230943211732395,-0.7474473386183477
1859,2012-12-26,NSE:MARICO,110.9,111.75,109.5,110.5,355000.0,0.5230793485067399,0.34230943211732395
1860,2012-12-27,NSE:MARICO,112.0,112.0,109.775,110.35,296796.0,-0.13574660633484675,0.5230793485067399
1861,2012-12-28,NSE:MARICO,110.125,110.5,109.025,109.324995,497728.0,-0.9288672405980907,-0.13574660633484675
1862,2012-12-31,NSE:MARICO,109.5,110.35,108.5,109.025,90588.0,-0.2744065984178601,-0.9288672405980907
1863,2013-01-01,NSE:MARICO,109.5,111.0,109.25,109.775,332900.0,0.687915615684476,-0.2744065984178601
1864,2013-01-02,NSE:MARICO,110.475,110.975,109.275,110.050005,358526.0,0.25051696652242594,0.687915615684476
1865,2013-01-03,NSE:MARICO,111.475,111.949995,110.025,111.800005,302988.0,1.5901862067157564,0.25051696652242594
1866,2013-01-04,NSE:MARICO,110.300005,114.4,110.300005,112.375,255756.0,0.5143067748521132,1.5901862067157564
1867,2013-01-07,NSE:MARICO,112.525,115.324995,111.475,114.15,542168.0,1.5795328142380474,0.5143067748521132
1868,2013-01-08,NSE:MARICO,114.5,119.25,114.5,115.625,1199314.0,1.2921594393342042,1.5795328142380474
1869,2013-01-09,NSE:MARICO,116.425005,117.625,113.65,114.25,470108.0,-1.1891891891891893,1.2921594393342042
1870,2013-01-10,NSE:MARICO,114.800005,115.475,114.0,114.449995,131958.0,0.17505032822757222,-1.1891891891891893
1871,2013-01-11,NSE:MARICO,115.025,115.15,110.824995,113.65,191998.0,-0.6989908562250225,0.17505032822757222
1872,2013-01-14,NSE:MARICO,114.925005,114.949995,113.225,114.875,69350.0,1.0778706555213324,-0.6989908562250225
1873,2013-01-15,NSE:MARICO,113.6,114.925005,112.775,113.15,186150.0,-1.5016322089227372,1.0778706555213324
1874,2013-01-16,NSE:MARICO,114.725,114.725,112.275,112.525,188866.0,-0.552364118426867,-1.5016322089227372
1875,2013-01-17,NSE:MARICO,112.699995,113.925005,111.1,112.0,176336.0,-0.4665629860031154,-0.552364118426867
1876,2013-01-18,NSE:MARICO,111.775,112.475,111.125,111.525,172538.0,-0.4241071428571378,-0.4665629860031154
1877,2013-01-21,NSE:MARICO,112.375,113.125,111.1,112.5,181740.0,0.874243443174171,-0.4241071428571378
1878,2013-01-22,NSE:MARICO,112.5,112.9,111.25,112.25,42108.0,-0.2222222222222222,0.874243443174171
1879,2013-01-23,NSE:MARICO,111.949995,115.5,109.625,111.0,345554.0,-1.1135857461024499,-0.2222222222222222
1880,2013-01-24,NSE:MARICO,110.975,111.875,110.25,111.050005,245040.0,0.04504954954954842,-1.1135857461024499
1881,2013-01-25,NSE:MARICO,111.0,111.75,108.125,108.625,150426.0,-2.183705439725103,0.04504954954954842
1882,2013-01-28,NSE:MARICO,109.449995,112.1,109.0,111.125,965588.0,2.3014959723820483,-2.183705439725103
1883,2013-01-29,NSE:MARICO,111.975,113.4,111.25,112.275,1189370.0,1.034870641169859,2.3014959723820483
1884,2013-01-30,NSE:MARICO,112.525,113.449995,111.0,113.0,251628.0,0.6457359162769933,1.034870641169859
1885,2013-01-31,NSE:MARICO,112.5,113.699995,111.550005,113.275,192776.0,0.24336283185841212,0.6457359162769933
1886,2013-02-01,NSE:MARICO,114.15,116.725,111.6,115.050005,1753284.0,1.5669874199955798,0.24336283185841212
1887,2013-02-04,NSE:MARICO,115.5,116.5,111.5,112.025,312564.0,-2.629295844011474,1.5669874199955798
1888,2013-02-05,NSE:MARICO,111.699995,111.875,109.074995,109.375,134862.0,-2.3655434054898508,-2.629295844011474
1889,2013-02-06,NSE:MARICO,109.375,110.725,108.65,109.4,138604.0,0.022857142857148054,-2.3655434054898508
1890,2013-02-07,NSE:MARICO,109.25,110.5,109.199995,109.375,186996.0,-0.02285191956124834,0.022857142857148054
1891,2013-02-08,NSE:MARICO,108.925005,110.199995,107.725,109.25,336694.0,-0.1142857142857143,-0.02285191956124834
1892,2013-02-11,NSE:MARICO,109.35,109.5,107.9,108.725,68260.0,-0.4805491990846734,-0.1142857142857143
1893,2013-02-12,NSE:MARICO,109.25,109.75,107.75,109.449995,130762.0,0.6668153598528461,-0.4805491990846734
1894,2013-02-13,NSE:MARICO,108.9,109.475,107.75,108.15,288858.0,-1.1877524526154575,0.6668153598528461
1895,2013-02-14,NSE:MARICO,108.324995,108.475,102.25,105.625,412212.0,-2.3347202958853495,-1.1877524526154575
1896,2013-02-15,NSE:MARICO,105.449995,107.4,102.5,106.475,307960.0,0.8047337278106454,-2.3347202958853495
1897,2013-02-18,NSE:MARICO,106.5,109.025,106.5,108.875,865734.0,2.2540502465367513,0.8047337278106454
1898,2013-02-19,NSE:MARICO,108.85,112.699995,108.225,111.85,204232.0,2.732491389207802,2.2540502465367513
1899,2013-02-20,NSE:MARICO,113.449995,113.449995,111.074995,111.925005,217284.0,0.06705856057219886,2.732491389207802
1900,2013-02-21,NSE:MARICO,112.5,112.5,109.300005,109.824995,34850.0,-1.8762652724473834,0.06705856057219886
1901,2013-02-22,NSE:MARICO,111.475,111.475,109.5,110.375,342990.0,0.5008012975552594,-1.8762652724473834
1902,2013-02-25,NSE:MARICO,115.0,115.0,109.074995,110.949995,41088.0,0.520946772366932,0.5008012975552594
1903,2013-02-26,NSE:MARICO,113.824995,113.824995,109.125,110.25,229934.0,-0.6309103483961411,0.520946772366932
1904,2013-02-27,NSE:MARICO,112.475,112.475,107.6,108.4,681460.0,-1.6780045351473871,-0.6309103483961411
1905,2013-02-28,NSE:MARICO,108.85,109.9,106.125,106.699995,90030.0,-1.568270295202956,-1.6780045351473871
1906,2013-03-01,NSE:MARICO,106.824995,110.949995,106.824995,109.425005,185486.0,2.5538989013073503,-1.568270295202956
1907,2013-03-04,NSE:MARICO,109.324995,110.324995,107.15,107.525,56954.0,-1.7363535875552332,2.5538989013073503
1908,2013-03-05,NSE:MARICO,107.525,109.4,107.525,108.875,112984.0,1.2555219716344983,-1.7363535875552332
1909,2013-03-06,NSE:MARICO,109.550005,109.675005,107.25,107.9,690322.0,-0.8955223880596963,1.2555219716344983
1910,2013-03-07,NSE:MARICO,107.925005,108.5,107.0,108.074995,392518.0,0.1621825764596808,-0.8955223880596963
1911,2013-03-08,NSE:MARICO,108.475,108.949995,107.85,108.75,71028.0,0.6245709287333289,0.1621825764596808
1912,2013-03-11,NSE:MARICO,109.225,109.675005,108.199995,108.625,52904.0,-0.11494252873563218,0.6245709287333289
1913,2013-03-12,NSE:MARICO,109.9,109.9,108.625,109.0,100144.0,0.34522439585730724,-0.11494252873563218
1914,2013-03-13,NSE:MARICO,114.550005,114.550005,108.15,108.725,111266.0,-0.2522935779816566,0.34522439585730724
1915,2013-03-14,NSE:MARICO,110.0,110.0,107.975,108.125,371380.0,-0.5518510002299327,-0.2522935779816566
1916,2013-03-15,NSE:MARICO,109.199995,111.0,106.25,110.15,762594.0,1.8728323699422018,-0.5518510002299327
1917,2013-03-18,NSE:MARICO,109.300005,110.15,108.15,108.625,60974.0,-1.3844757149341858,1.8728323699422018
1918,2013-03-19,NSE:MARICO,111.125,113.35,109.1,112.550005,626312.0,3.61335327963176,-1.3844757149341858
1919,2013-03-20,NSE:MARICO,111.525,113.35,110.25,112.0,451764.0,-0.4886761222267371,3.61335327963176
1920,2013-03-21,NSE:MARICO,111.875,113.0,102.025,104.074995,517936.0,-7.07589732142857,-0.4886761222267371
1921,2013-03-22,NSE:MARICO,103.75,110.0,102.025,104.050005,316176.0,-0.0240115313001,-7.07589732142857
1922,2013-03-25,NSE:MARICO,106.175005,106.199995,103.0,105.5,1344924.0,1.3935559157349404,-0.0240115313001
1923,2013-03-26,NSE:MARICO,105.449995,107.5,104.199995,106.5,114160.0,0.9478672985781991,1.3935559157349404
1924,2013-03-28,NSE:MARICO,107.0,107.5,103.324995,106.449995,691798.0,-0.04695305164319131,0.9478672985781991
1925,2013-04-01,NSE:MARICO,106.625,108.0,106.175005,106.725,40686.0,0.25834195670933857,-0.04695305164319131
1926,2013-04-02,NSE:MARICO,106.1,111.0,106.1,110.25,612092.0,3.3028812368236173,0.25834195670933857
1927,2013-04-03,NSE:MARICO,110.25,111.949995,108.925005,109.050005,156284.0,-1.0884308390022686,3.3028812368236173
1928,2013-04-04,NSE:MARICO,110.0,110.0,107.300005,108.550005,93838.0,-0.4585052517879298,-1.0884308390022686
1929,2013-04-05,NSE:MARICO,107.5,110.65,107.5,109.0,140164.0,0.41455087910866634,-0.4585052517879298
1930,2013-04-08,NSE:MARICO,107.5,110.9,107.5,110.275,258786.0,1.1697247706422071,0.41455087910866634
1931,2013-04-09,NSE:MARICO,109.525,110.550005,108.800005,109.5,72534.0,-0.7027884833371169,1.1697247706422071
1932,2013-04-10,NSE:MARICO,108.5,110.425005,108.25,108.75,96328.0,-0.684931506849315,-0.7027884833371169
1933,2013-04-11,NSE:MARICO,110.0,110.0,109.0,109.699995,83808.0,0.8735586206896563,-0.684931506849315
1934,2013-04-12,NSE:MARICO,108.550005,110.25,107.300005,108.225,728636.0,-1.3445716200807547,0.8735586206896563
1935,2013-04-15,NSE:MARICO,107.550005,108.949995,106.050005,106.4,241916.0,-1.686301686301676,-1.3445716200807547
1936,2013-04-16,NSE:MARICO,106.5,107.925005,106.5,107.5,362726.0,1.03383458646616,-1.686301686301676
1937,2013-04-17,NSE:MARICO,107.6,108.125,105.85,106.6,222532.0,-0.8372093023255867,1.03383458646616
1938,2013-04-18,NSE:MARICO,106.9,108.449995,105.6,106.449995,1506336.0,-0.14071763602250756,-0.8372093023255867
1939,2013-04-22,NSE:MARICO,107.449995,107.449995,105.525,107.199995,209412.0,0.7045561627316187,-0.14071763602250756
1940,2013-04-23,NSE:MARICO,107.300005,108.625,106.275,107.800005,225028.0,0.5597108470014365,0.7045561627316187
1941,2013-04-25,NSE:MARICO,107.975,111.0,107.975,109.5,499996.0,1.5769897227741327,0.5597108470014365
1942,2013-04-26,NSE:MARICO,109.9,111.525,108.074995,109.25,497194.0,-0.228310502283105,1.5769897227741327
1943,2013-04-29,NSE:MARICO,108.5,112.699995,108.5,112.425005,280180.0,2.906183066361555,-0.228310502283105
1944,2013-04-30,NSE:MARICO,113.699995,118.699995,112.175005,112.574995,1047016.0,0.13341338076880896,2.906183066361555
1945,2013-05-02,NSE:MARICO,111.5,114.449995,109.1,110.0,1299354.0,-2.2873596396784217,0.13341338076880896
1946,2013-05-03,NSE:MARICO,111.0,111.975,107.050005,107.574995,349030.0,-2.204549999999999,-2.2873596396784217
1947,2013-05-06,NSE:MARICO,109.5,109.975,108.5,109.475,121600.0,1.7662143512067958,-2.204549999999999
1948,2013-05-07,NSE:MARICO,110.175005,111.5,109.15,109.875,478838.0,0.3653802237953923,1.7662143512067958
1949,2013-05-08,NSE:MARICO,110.9,110.9,105.35,106.4,924926.0,-3.1626848691695053,0.3653802237953923
1950,2013-05-09,NSE:MARICO,106.75,107.35,104.300005,105.6,686898.0,-0.7518796992481309,-3.1626848691695053
1951,2013-05-10,NSE:MARICO,104.6,106.85,104.6,106.5,174948.0,0.8522727272727327,-0.7518796992481309
1952,2013-05-13,NSE:MARICO,106.1,107.25,105.025,107.225,344236.0,0.6807511737089149,0.8522727272727327
1953,2013-05-14,NSE:MARICO,106.0,107.4,106.0,107.25,210348.0,0.023315458148757927,0.6807511737089149
1954,2013-05-15,NSE:MARICO,107.425005,109.25,107.074995,109.0,430522.0,1.6317016317016315,0.023315458148757927
1955,2013-05-16,NSE:MARICO,108.125,110.0,108.125,109.550005,195012.0,0.5045917431192649,1.6317016317016315
1956,2013-05-17,NSE:MARICO,108.775,111.725,108.775,111.0,622590.0,1.3235919067278923,0.5045917431192649
1957,2013-05-20,NSE:MARICO,111.5,111.5,109.074995,109.25,167716.0,-1.5765765765765765,1.3235919067278923
1958,2013-05-21,NSE:MARICO,109.525,111.4,109.525,110.025,293922.0,0.7093821510297535,-1.5765765765765765
1959,2013-05-22,NSE:MARICO,109.5,110.975,109.025,109.775,2318278.0,-0.22722108611679162,0.7093821510297535
1960,2013-05-23,NSE:MARICO,110.550005,114.199995,109.625,112.5,611294.0,2.4823502618993345,-0.22722108611679162
1961,2013-05-24,NSE:MARICO,112.25,113.0,108.574995,111.75,403444.0,-0.6666666666666667,2.4823502618993345
1962,2013-05-27,NSE:MARICO,111.025,112.925005,109.824995,112.775,279408.0,0.9172259507830028,-0.6666666666666667
1963,2013-05-28,NSE:MARICO,112.5,113.5,111.225,113.225,179508.0,0.3990246065173918,0.9172259507830028
1964,2013-05-29,NSE:MARICO,112.775,115.75,112.0,115.0,678164.0,1.567674983440058,0.3990246065173918
1965,2013-05-30,NSE:MARICO,114.5,115.9,113.15,114.949995,268938.0,-0.043482608695651084,1.567674983440058
1966,2013-05-31,NSE:MARICO,114.074995,125.85,113.975,117.5,1116928.0,2.2183602530822197,-0.043482608695651084
1967,2013-06-03,NSE:MARICO,117.0,119.4,115.0,116.949995,133834.0,-0.46808936170212656,2.2183602530822197
1968,2013-06-04,NSE:MARICO,115.625,119.625,115.625,116.225,111600.0,-0.6199187952081631,-0.46808936170212656
1969,2013-06-05,NSE:MARICO,116.0,118.5,115.725,117.475,1668564.0,1.0755001075500108,-0.6199187952081631
1970,2013-06-06,NSE:MARICO,115.0,119.375,115.0,117.25,284244.0,-0.1915301127899505,1.0755001075500108
1971,2013-06-07,NSE:MARICO,117.35,117.9,115.074995,117.025,256506.0,-0.1918976545842169,-0.1915301127899505
1972,2013-06-10,NSE:MARICO,116.5,118.4,115.375,118.25,4679120.0,1.0467848750266988,-0.1918976545842169
1973,2013-06-11,NSE:MARICO,116.275,117.5,113.775,114.0,367224.0,-3.5940803382663846,1.0467848750266988
1974,2013-06-12,NSE:MARICO,115.025,115.324995,112.050005,112.625,200684.0,-1.2061403508771928,-3.5940803382663846
1975,2013-06-13,NSE:MARICO,111.5,111.975,110.1,111.025,321950.0,-1.4206437291897842,-1.2061403508771928
1976,2013-06-14,NSE:MARICO,110.75,114.449995,110.75,111.975,214154.0,0.8556631389326625,-1.4206437291897842
1977,2013-06-17,NSE:MARICO,111.5,114.425005,111.5,113.125,383898.0,1.0270149586961426,0.8556631389326625
1978,2013-06-18,NSE:MARICO,114.199995,114.199995,110.275,111.625,685618.0,-1.3259668508287292,1.0270149586961426
1979,2013-06-19,NSE:MARICO,112.449995,112.449995,109.525,110.25,478314.0,-1.2318029115341544,-1.3259668508287292
1980,2013-06-20,NSE:MARICO,110.0,110.475,105.6,106.025,835424.0,-3.832199546485256,-1.2318029115341544
1981,2013-06-21,NSE:MARICO,106.925005,106.925005,103.824995,104.25,518796.0,-1.6741334590898425,-3.832199546485256
1982,2013-06-24,NSE:MARICO,104.85,104.85,100.5,100.949995,471900.0,-3.165472422062349,-1.6741334590898425
1983,2013-06-25,NSE:MARICO,101.5,103.0,95.0,95.125,2247760.0,-5.770178591886014,-3.165472422062349
1984,2013-06-26,NSE:MARICO,95.15,102.975,95.125,102.875,1373786.0,8.14717477003942,-5.770178591886014
1985,2013-06-27,NSE:MARICO,103.449995,104.824995,103.0,103.75,541454.0,0.850546780072904,8.14717477003942
1986,2013-06-28,NSE:MARICO,104.9,105.449995,102.35,103.85,112446.0,0.09638554216866922,0.850546780072904
1987,2013-07-01,NSE:MARICO,103.275,104.925005,100.550005,101.5,353214.0,-2.2628791526239715,0.09638554216866922
1988,2013-07-02,NSE:MARICO,102.775,102.775,100.0,102.0,321824.0,0.49261083743842365,-2.2628791526239715
1989,2013-07-03,NSE:MARICO,102.75,102.75,101.550005,102.199995,498834.0,0.19607352941176595,0.49261083743842365
1990,2013-07-04,NSE:MARICO,102.199995,104.75,102.199995,104.050005,399994.0,1.810185998541387,0.19607352941176595
1991,2013-07-05,NSE:MARICO,104.75,106.725,104.5,104.800005,223746.0,0.7208072695431395,1.810185998541387
1992,2013-07-08,NSE:MARICO,104.65,107.449995,103.324995,106.0,171808.0,1.1450333423171126,0.7208072695431395
1993,2013-07-09,NSE:MARICO,104.775,106.0,102.675005,104.5,263286.0,-1.4150943396226416,1.1450333423171126
1994,2013-07-10,NSE:MARICO,104.0,106.35,104.0,104.65,111512.0,0.14354066985646477,-1.4150943396226416
1995,2013-07-11,NSE:MARICO,104.0,107.0,104.0,105.5,172254.0,0.8122312470138502,0.14354066985646477
1996,2013-07-12,NSE:MARICO,105.5,106.199995,103.525,104.0,67864.0,-1.4218009478672986,0.8122312470138502
1997,2013-07-15,NSE:MARICO,103.574995,109.5,103.574995,109.0,392984.0,4.807692307692308,-1.4218009478672986
1998,2013-07-16,NSE:MARICO,108.525,112.324995,107.65,111.175005,687100.0,1.9954174311926594,4.807692307692308
1999,2013-07-17,NSE:MARICO,111.5,115.5,111.025,113.5,679048.0,2.0912929124671518,1.9954174311926594
2000,2013-07-18,NSE:MARICO,114.25,115.5,110.074995,112.5,908862.0,-0.881057268722467,2.0912929124671518
2001,2013-07-19,NSE:MARICO,112.15,112.15,108.25,108.975,456962.0,-3.1333333333333386,-0.881057268722467
2002,2013-07-22,NSE:MARICO,108.199995,110.699995,107.1,107.5,138240.0,-1.353521449873819,-3.1333333333333386
2003,2013-07-23,NSE:MARICO,108.975,108.975,106.75,107.725,66916.0,0.20930232558139006,-1.353521449873819
2004,2013-07-24,NSE:MARICO,106.699995,109.449995,105.65,108.5,317142.0,0.71942446043166,0.20930232558139006
2005,2013-07-25,NSE:MARICO,107.975,109.949995,107.550005,109.949995,296946.0,1.3364009216589874,0.71942446043166
2006,2013-07-26,NSE:MARICO,108.025,110.875,108.0,108.449995,136046.0,-1.364256542258142,1.3364009216589874
2007,2013-07-29,NSE:MARICO,108.5,109.425005,106.5,108.85,236164.0,0.3688381912788406,-1.364256542258142
2008,2013-07-30,NSE:MARICO,108.5,109.949995,106.0,107.0,481752.0,-1.699586587046389,0.3688381912788406
2009,2013-07-31,NSE:MARICO,107.5,107.5,103.300005,104.5,539504.0,-2.336448598130841,-1.699586587046389
2010,2013-08-01,NSE:MARICO,104.5,108.699995,102.525,102.949995,273680.0,-1.4832583732057405,-2.336448598130841
2011,2013-08-02,NSE:MARICO,103.5,106.4,102.824995,105.875,78490.0,2.841190035997572,-1.4832583732057405
2012,2013-08-05,NSE:MARICO,105.449995,106.449995,104.074995,105.75,236158.0,-0.11806375442739078,2.841190035997572
2013,2013-08-06,NSE:MARICO,106.324995,106.324995,104.0,104.5,213378.0,-1.1820330969267139,-0.11806375442739078
2014,2013-08-07,NSE:MARICO,104.85,104.85,99.574995,102.425005,800526.0,-1.9856411483253602,-1.1820330969267139
2015,2013-08-08,NSE:MARICO,101.5,101.6,98.75,99.699995,160704.0,-2.66049291381533,-1.9856411483253602
2016,2013-08-12,NSE:MARICO,99.75,103.4,98.125,101.074995,1801480.0,1.3791374814010773,-2.66049291381533
2017,2013-08-13,NSE:MARICO,102.375,107.25,101.300005,106.25,3159782.0,5.119965625523898,1.3791374814010773
2018,2013-08-14,NSE:MARICO,107.625,108.425005,104.5,106.824995,690370.0,0.5411717647058836,5.119965625523898
2019,2013-08-16,NSE:MARICO,106.5,107.5,103.35,106.9,423728.0,0.07021296841624419,0.5411717647058836
2020,2013-08-19,NSE:MARICO,107.25,107.25,104.5,106.25,309746.0,-0.6080449017773673,0.07021296841624419
2021,2013-08-20,NSE:MARICO,106.475,106.5,104.675005,106.449995,246538.0,0.1882305882352953,-0.6080449017773673
2022,2013-08-21,NSE:MARICO,106.475,106.475,103.775,104.699995,490812.0,-1.6439643797071104,0.1882305882352953
2023,2013-08-22,NSE:MARICO,103.550005,104.25,102.525,103.25,77192.0,-1.3849045551530361,-1.6439643797071104
2024,2013-08-23,NSE:MARICO,103.15,104.775,101.199995,103.5,420452.0,0.24213075060532688,-1.3849045551530361
2025,2013-08-26,NSE:MARICO,103.5,105.775,101.4,104.0,271714.0,0.4830917874396135,0.24213075060532688
2026,2013-08-27,NSE:MARICO,104.300005,104.775,101.0,103.775,155708.0,-0.2163461538461484,0.4830917874396135
2027,2013-08-28,NSE:MARICO,102.074995,103.5,100.775,101.4,275714.0,-2.2886051553842446,-0.2163461538461484
2028,2013-08-29,NSE:MARICO,103.225,107.300005,101.75,106.449995,148210.0,4.980271203155814,-2.2886051553842446
2029,2013-08-30,NSE:MARICO,106.375,107.225,103.525,107.1,473862.0,0.6106200380751479,4.980271203155814
2030,2013-09-02,NSE:MARICO,106.25,109.35,105.15,109.0,193174.0,1.7740429505135442,0.6106200380751479
2031,2013-09-03,NSE:MARICO,109.0,109.025,103.975,106.25,68588.0,-2.522935779816514,1.7740429505135442
2032,2013-09-04,NSE:MARICO,106.449995,107.449995,102.5,103.75,748856.0,-2.3529411764705883,-2.522935779816514
2033,2013-09-05,NSE:MARICO,104.0,105.4,102.550005,102.550005,188838.0,-1.1566216867469892,-2.3529411764705883
2034,2013-09-06,NSE:MARICO,104.35,105.300005,103.525,103.824995,129072.0,1.2432861412342229,-1.1566216867469892
2035,2013-09-10,NSE:MARICO,104.0,107.425005,101.324995,104.875,1194442.0,1.0113219846531163,1.2432861412342229
2036,2013-09-11,NSE:MARICO,105.0,105.75,103.550005,105.050005,1539860.0,0.16687008343265672,1.0113219846531163
2037,2013-09-12,NSE:MARICO,105.225,107.5,105.175005,107.025,373718.0,1.8800522665372619,0.16687008343265672
2038,2013-09-13,NSE:MARICO,107.975,108.275,104.675005,104.975,622244.0,-1.9154403176827948,1.8800522665372619
2039,2013-09-16,NSE:MARICO,105.0,108.9,104.0,107.9,360848.0,2.786377708978339,-1.9154403176827948
2040,2013-09-17,NSE:MARICO,108.5,109.25,106.75,109.25,275202.0,1.2511584800741373,2.786377708978339
2041,2013-09-18,NSE:MARICO,109.949995,112.475,109.475,110.5,612810.0,1.1441647597254003,1.2511584800741373
2042,2013-09-19,NSE:MARICO,110.9,112.0,109.625,110.525,4536642.0,0.022624434389145416,1.1441647597254003
2043,2013-09-20,NSE:MARICO,111.0,111.800005,109.875,110.975,1291850.0,0.40714770413932466,0.022624434389145416
2044,2013-09-23,NSE:MARICO,109.5,111.375,109.5,111.0,737704.0,0.02252759630547933,0.40714770413932466
2045,2013-09-24,NSE:MARICO,109.175005,112.975,109.1,111.5,1702230.0,0.45045045045045046,0.02252759630547933
2046,2013-09-25,NSE:MARICO,111.875,112.375,110.25,110.475,269846.0,-0.9192825112107674,0.45045045045045046
2047,2013-09-26,NSE:MARICO,110.050005,111.5,106.75,109.5,184474.0,-0.8825526137135047,-0.9192825112107674
2048,2013-09-27,NSE:MARICO,108.65,110.475,108.65,109.824995,79498.0,0.296799086757992,-0.8825526137135047
2049,2013-09-30,NSE:MARICO,110.0,110.949995,106.175005,107.75,1643552.0,-1.8893649847195542,0.296799086757992
2050,2013-10-01,NSE:MARICO,110.0,110.0,107.5,107.525,96022.0,-0.20881670533642163,-1.8893649847195542
2051,2013-10-03,NSE:MARICO,109.0,109.0,105.5,105.9,1250706.0,-1.5112764473378284,-0.20881670533642163
2052,2013-10-04,NSE:MARICO,107.0,107.475,105.074995,106.699995,1044624.0,0.755424929178466,-1.5112764473378284
2053,2013-10-07,NSE:MARICO,105.25,107.15,105.25,106.4,3798548.0,-0.2811574639717608,0.755424929178466
2054,2013-10-08,NSE:MARICO,106.425005,107.5,106.0,107.050005,2580590.0,0.6109069548872115,-0.2811574639717608
2055,2013-10-09,NSE:MARICO,107.75,110.5,107.125,109.699995,636852.0,2.4754692911971397,0.6109069548872115
2056,2013-10-10,NSE:MARICO,110.699995,111.15,107.65,109.25,320850.0,-0.41020512352803773,2.4754692911971397
2057,2013-10-11,NSE:MARICO,110.5,110.75,109.0,109.0,144582.0,-0.2288329519450801,-0.41020512352803773
2058,2013-10-14,NSE:MARICO,110.975,110.975,109.1,109.25,107860.0,0.22935779816513763,-0.2288329519450801
2059,2013-10-15,NSE:MARICO,109.175005,111.5,107.699995,111.0,639998.0,1.6018306636155606,0.22935779816513763
2060,2013-10-17,NSE:MARICO,112.699995,112.699995,107.75,108.074995,750972.0,-2.6351396396396383,1.6018306636155606
2061,2013-10-18,NSE:MARICO,110.0,110.0,107.6,107.949995,313210.0,-0.1156604263548659,-2.6351396396396383
2062,2013-10-21,NSE:MARICO,108.5,108.725,106.824995,106.85,239884.0,-1.018985688697815,-0.1156604263548659
2063,2013-10-22,NSE:MARICO,108.300005,108.300005,104.725,105.175005,661608.0,-1.567613476836683,-1.018985688697815
2064,2013-10-23,NSE:MARICO,106.9,106.9,104.050005,104.324995,569574.0,-0.8081863176521813,-1.567613476836683
2065,2013-10-24,NSE:MARICO,105.275,106.1,103.5,103.75,433910.0,-0.5511574671055591,-0.8081863176521813
2066,2013-10-25,NSE:MARICO,104.475,106.0,103.25,105.699995,578546.0,1.8795132530120495,-0.5511574671055591
2067,2013-10-28,NSE:MARICO,106.475,106.824995,105.525,106.0,537818.0,0.2838268819218002,1.8795132530120495
2068,2013-10-29,NSE:MARICO,106.9,110.4,104.25,106.0,2577580.0,0.0,0.2838268819218002
2069,2013-10-30,NSE:MARICO,107.0,108.25,105.25,105.6,1291132.0,-0.3773584905660431,0.0
2070,2013-10-31,NSE:MARICO,106.949995,106.949995,105.5,105.5,1383796.0,-0.09469696969696433,-0.3773584905660431
2071,2013-11-01,NSE:MARICO,104.35,106.5,104.0,105.0,56298.0,-0.47393364928909953,-0.09469696969696433
2072,2013-11-05,NSE:MARICO,102.5,107.15,102.5,104.125,182990.0,-0.8333333333333334,-0.47393364928909953
2073,2013-11-06,NSE:MARICO,106.35,106.35,102.5,104.5,1788418.0,0.36014405762304924,-0.8333333333333334
2074,2013-11-07,NSE:MARICO,103.0,104.9,103.0,104.0,551098.0,-0.4784688995215311,0.36014405762304924
2075,2013-11-08,NSE:MARICO,103.75,105.199995,103.275,103.525,478594.0,-0.4567307692307638,-0.4784688995215311
2076,2013-11-11,NSE:MARICO,105.0,105.0,103.0,103.074995,64810.0,-0.43468244385414573,-0.4567307692307638
2077,2013-11-12,NSE:MARICO,103.5,104.475,101.5,102.75,61914.0,-0.3152995544651749,-0.43468244385414573
2078,2013-11-13,NSE:MARICO,103.975,105.050005,101.225,105.050005,1205122.0,2.2384476885644755,-0.3152995544651749
2079,2013-11-14,NSE:MARICO,103.5,105.0,102.5,103.65,805624.0,-1.3327034111040672,2.2384476885644755
2080,2013-11-18,NSE:MARICO,105.0,105.1,103.725,104.5,68584.0,0.820067534973463,-1.3327034111040672
2081,2013-11-19,NSE:MARICO,105.1,105.5,103.550005,105.5,215606.0,0.9569377990430622,0.820067534973463
2082,2013-11-20,NSE:MARICO,105.025,106.0,104.5,105.324995,355288.0,-0.16588151658767653,0.9569377990430622
2083,2013-11-21,NSE:MARICO,105.975,105.975,103.775,104.0,67990.0,-1.2580062310945292,-0.16588151658767653
2084,2013-11-22,NSE:MARICO,105.85,105.85,103.0,103.225,116088.0,-0.7451923076923131,-1.2580062310945292
2085,2013-11-25,NSE:MARICO,103.15,104.125,102.5,103.5,302162.0,0.2664083313150939,-0.7451923076923131
2086,2013-11-26,NSE:MARICO,103.949995,103.975,102.65,103.975,181852.0,0.4589371980676274,0.2664083313150939
2087,2013-11-27,NSE:MARICO,104.300005,105.375,102.75,104.1,730386.0,0.12022120702091851,0.4589371980676274
2088,2013-11-28,NSE:MARICO,105.0,106.775,103.675005,106.0,1370996.0,1.8251681075888624,0.12022120702091851
2089,2013-11-29,NSE:MARICO,107.5,108.5,106.574995,107.65,2382128.0,1.556603773584911,1.8251681075888624
2090,2013-12-02,NSE:MARICO,108.425005,108.9,107.6,107.9,2062678.0,0.2322340919647004,1.556603773584911
2091,2013-12-03,NSE:MARICO,109.0,109.4,107.5,107.550005,203814.0,-0.32436978683967277,0.2322340919647004
2092,2013-12-04,NSE:MARICO,107.5,108.175005,106.199995,106.550005,78396.0,-0.9298000497536006,-0.32436978683967277
2093,2013-12-05,NSE:MARICO,106.625,108.6,106.625,107.25,374640.0,0.6569638359003374,-0.9298000497536006
2094,2013-12-06,NSE:MARICO,108.025,108.25,106.125,106.15,678012.0,-1.0256410256410202,0.6569638359003374
2095,2013-12-09,NSE:MARICO,108.699995,108.699995,103.75,104.125,187524.0,-1.9076778144135709,-1.0256410256410202
2096,2013-12-10,NSE:MARICO,103.525,105.0,103.525,104.5,104524.0,0.36014405762304924,-1.9076778144135709
2097,2013-12-11,NSE:MARICO,104.875,105.0,103.550005,104.449995,154204.0,-0.047851674641147125,0.36014405762304924
2098,2013-12-12,NSE:MARICO,104.0,108.199995,104.0,104.975,3019168.0,0.5026376497193639,-0.047851674641147125
2099,2013-12-13,NSE:MARICO,105.625,106.0,102.949995,104.300005,262952.0,-0.6430054774946373,0.5026376497193639
2100,2013-12-16,NSE:MARICO,104.5,105.75,103.949995,104.449995,92808.0,0.14380632100641078,-0.6430054774946373
2101,2013-12-17,NSE:MARICO,105.0,105.725,104.0,105.050005,200664.0,0.5744471313761168,0.14380632100641078
2102,2013-12-18,NSE:MARICO,105.699995,108.85,104.6,107.85,1127836.0,2.66539254329402,0.5744471313761168
2103,2013-12-19,NSE:MARICO,106.275,111.5,106.199995,110.65,2460742.0,2.596198423736682,2.66539254329402
2104,2013-12-20,NSE:MARICO,111.0,112.5,109.625,110.25,470094.0,-0.36150022593764636,2.596198423736682
2105,2013-12-23,NSE:MARICO,110.175005,110.925005,107.0,108.0,168334.0,-2.0408163265306123,-0.36150022593764636
2106,2013-12-24,NSE:MARICO,107.525,108.9,107.025,108.5,291610.0,0.4629629629629629,-2.0408163265306123
2107,2013-12-26,NSE:MARICO,107.75,109.725,107.75,108.75,148830.0,0.2304147465437788,0.4629629629629629
2108,2013-12-27,NSE:MARICO,109.5,111.425005,108.625,110.300005,395594.0,1.4252919540229874,0.2304147465437788
2109,2013-12-30,NSE:MARICO,111.0,111.75,109.275,109.550005,378308.0,-0.6799637044440751,1.4252919540229874
2110,2013-12-31,NSE:MARICO,110.5,110.5,108.0,108.449995,105656.0,-1.0041167957956711,-0.6799637044440751
2111,2014-01-01,NSE:MARICO,109.475,111.0,108.699995,109.475,161778.0,0.9451406613711629,-1.0041167957956711
2112,2014-01-02,NSE:MARICO,110.5,110.5,107.300005,108.199995,205216.0,-1.1646540306005875,0.9451406613711629
2113,2014-01-03,NSE:MARICO,107.0,108.6,107.0,107.775,49914.0,-0.3927865246204453,-1.1646540306005875
2114,2014-01-06,NSE:MARICO,109.875,112.4,108.324995,110.0,746238.0,2.0644861980978835,-0.3927865246204453
2115,2014-01-07,NSE:MARICO,111.449995,111.775,108.699995,111.0,556634.0,0.9090909090909091,2.0644861980978835
2116,2014-01-08,NSE:MARICO,111.4,113.425005,109.0,109.75,1042656.0,-1.1261261261261262,0.9090909090909091
2117,2014-01-09,NSE:MARICO,110.5,110.5,107.574995,107.675005,124850.0,-1.8906560364464704,-1.1261261261261262
2118,2014-01-10,NSE:MARICO,108.0,108.9,107.25,107.65,331020.0,-0.02322265970639431,-1.8906560364464704
2119,2014-01-13,NSE:MARICO,108.699995,108.699995,106.75,107.25,373982.0,-0.37157454714352595,-0.02322265970639431
2120,2014-01-14,NSE:MARICO,107.0,109.25,106.525,107.5,50394.0,0.2331002331002331,-0.37157454714352595
2121,2014-01-15,NSE:MARICO,107.275,108.225,106.550005,107.0,304610.0,-0.46511627906976744,0.2331002331002331
2122,2014-01-16,NSE:MARICO,107.449995,108.25,106.75,107.025,397566.0,0.023364485981313726,-0.46511627906976744
2123,2014-01-17,NSE:MARICO,107.85,108.35,106.824995,108.225,946944.0,1.121233356692351,0.023364485981313726
2124,2014-01-20,NSE:MARICO,107.6,108.5,107.074995,108.074995,197122.0,-0.1386047586047522,1.121233356692351
2125,2014-01-21,NSE:MARICO,108.5,110.4,108.25,110.0,162476.0,1.7811751922819876,-0.1386047586047522
2126,2014-01-22,NSE:MARICO,109.6,110.449995,108.550005,109.175005,216794.0,-0.7499954545454557,1.7811751922819876
2127,2014-01-23,NSE:MARICO,110.4,110.4,107.5,107.675005,441006.0,-1.3739408576166312,-0.7499954545454557
2128,2014-01-24,NSE:MARICO,108.225,108.225,105.25,105.5,1339102.0,-2.0199720445798897,-1.3739408576166312
2129,2014-01-27,NSE:MARICO,106.0,107.475,104.1,105.775,112604.0,0.2606635071090101,-2.0199720445798897
2130,2014-01-28,NSE:MARICO,105.0,106.699995,105.0,105.425005,181854.0,-0.3308863152918997,0.2606635071090101
2131,2014-01-29,NSE:MARICO,105.574995,106.949995,105.1,105.25,410214.0,-0.1659995178563176,-0.3308863152918997
2132,2014-01-30,NSE:MARICO,105.449995,106.9,104.975,105.725,902474.0,0.4513064133016573,-0.1659995178563176
2133,2014-01-31,NSE:MARICO,106.75,110.0,106.5,106.725,741860.0,0.9458500827618822,0.4513064133016573
2134,2014-02-03,NSE:MARICO,107.5,109.925005,105.550005,106.5,297464.0,-0.21082220660575715,0.9458500827618822
2135,2014-02-04,NSE:MARICO,106.449995,108.725,105.125,108.0,673874.0,1.4084507042253522,-0.21082220660575715
2136,2014-02-05,NSE:MARICO,108.425005,110.35,106.6,109.574995,998492.0,1.458328703703705,1.4084507042253522
2137,2014-02-06,NSE:MARICO,109.975,110.425005,107.1,107.5,677000.0,-1.8936756510917487,1.458328703703705
2138,2014-02-07,NSE:MARICO,109.0,109.0,107.275,108.0,988636.0,0.46511627906976744,-1.8936756510917487
2139,2014-02-10,NSE:MARICO,108.675005,108.675005,107.25,108.15,1222044.0,0.13888888888889414,0.46511627906976744
2140,2014-02-11,NSE:MARICO,109.475,109.475,108.0,108.824995,660870.0,0.6241285251964822,0.13888888888889414
2141,2014-02-12,NSE:MARICO,109.25,109.25,107.1,108.15,729890.0,-0.620257322318274,0.6241285251964822
2142,2014-02-13,NSE:MARICO,108.300005,108.675005,106.449995,106.975,655332.0,-1.0864539990753688,-0.620257322318274
2143,2014-02-14,NSE:MARICO,107.4,108.1,106.6,107.725,732316.0,0.7010983874737089,-1.0864539990753688
2144,2014-02-17,NSE:MARICO,107.775,108.475,107.5,108.199995,42814.0,0.44093293107450177,0.7010983874737089
2145,2014-02-18,NSE:MARICO,109.225,109.225,107.550005,107.9,92238.0,-0.27725971706375363,0.44093293107450177
2146,2014-02-19,NSE:MARICO,108.75,108.75,107.1,107.949995,61196.0,0.04633456904540831,-0.27725971706375363
2147,2014-02-20,NSE:MARICO,108.449995,108.449995,107.5,107.550005,2955256.0,-0.3705326711687226,0.04633456904540831
2148,2014-02-21,NSE:MARICO,108.425005,108.425005,107.324995,107.75,246398.0,0.18595536095047252,-0.3705326711687226
2149,2014-02-24,NSE:MARICO,108.0,108.0,106.0,106.85,61622.0,-0.835266821345713,0.18595536095047252
2150,2014-02-25,NSE:MARICO,107.5,107.85,106.550005,107.475,557842.0,0.584932147870847,-0.835266821345713
2151,2014-02-26,NSE:MARICO,107.475,108.0,105.5,105.675005,122770.0,-1.67480344266108,0.584932147870847
2152,2014-02-28,NSE:MARICO,106.0,106.0,105.0,105.5,171204.0,-0.1656068055071289,-1.67480344266108
2153,2014-03-03,NSE:MARICO,105.699995,106.525,104.574995,104.925005,66254.0,-0.5450189573459728,-0.1656068055071289
2154,2014-03-04,NSE:MARICO,104.925005,105.425005,103.800005,104.175005,194400.0,-0.7147962489970813,-0.5450189573459728
2155,2014-03-05,NSE:MARICO,104.85,105.0,103.75,103.925005,214822.0,-0.23998079001772066,-0.7147962489970813
2156,2014-03-06,NSE:MARICO,103.550005,104.25,102.5,102.800005,288894.0,-1.0825113744281274,-0.23998079001772066
2157,2014-03-07,NSE:MARICO,103.925005,104.25,102.65,103.275,180776.0,0.46205737052250817,-1.0825113744281274
2158,2014-03-10,NSE:MARICO,104.0,104.125,101.25,101.550005,321290.0,-1.670292907286378,0.46205737052250817
2159,2014-03-11,NSE:MARICO,101.525,102.699995,100.199995,101.550005,414548.0,0.0,-1.670292907286378
2160,2014-03-12,NSE:MARICO,101.5,102.949995,101.5,102.225,2216158.0,0.6646922370904812,0.0
2161,2014-03-13,NSE:MARICO,102.925005,103.025,101.0,101.4,128978.0,-0.8070432868671935,0.6646922370904812
2162,2014-03-14,NSE:MARICO,101.5,102.199995,100.125,100.824995,107518.0,-0.5670660749506947,-0.8070432868671935
2163,2014-03-18,NSE:MARICO,101.0,102.0,100.35,100.675005,3152428.0,-0.14876271503906596,-0.5670660749506947
2164,2014-03-19,NSE:MARICO,101.425005,103.949995,101.0,102.949995,361818.0,2.259736664527608,-0.14876271503906596
2165,2014-03-20,NSE:MARICO,102.25,104.0,102.25,102.550005,1201484.0,-0.38852843072017873,2.259736664527608
2166,2014-03-21,NSE:MARICO,103.449995,104.699995,101.775,103.800005,782302.0,1.218917541739759,-0.38852843072017873
2167,2014-03-24,NSE:MARICO,104.5,104.75,102.6,103.199995,280994.0,-0.5780442881481533,1.218917541739759
2168,2014-03-25,NSE:MARICO,103.475,104.25,102.75,103.625,303584.0,0.4118265703404334,-0.5780442881481533
2169,2014-03-26,NSE:MARICO,102.75,104.574995,102.75,103.35,266782.0,-0.26537997587455314,0.4118265703404334
2170,2014-03-27,NSE:MARICO,102.800005,104.449995,102.800005,103.625,105852.0,0.26608611514272446,-0.26537997587455314
2171,2014-03-28,NSE:MARICO,103.75,106.0,103.75,105.1,247800.0,1.4234016887816592,0.26608611514272446
2172,2014-03-31,NSE:MARICO,106.949995,106.949995,104.0,104.574995,359174.0,-0.49952901998096394,1.4234016887816592
2173,2014-04-01,NSE:MARICO,105.0,105.0,103.800005,104.449995,90664.0,-0.11953144248297598,-0.49952901998096394
2174,2014-04-02,NSE:MARICO,104.449995,106.949995,104.449995,106.824995,202160.0,2.2738153314416145,-0.11953144248297598
2175,2014-04-03,NSE:MARICO,106.824995,107.475,105.25,107.0,111380.0,0.16382401890119325,2.2738153314416145
2176,2014-04-04,NSE:MARICO,107.5,107.5,104.699995,104.925005,812256.0,-1.9392476635514029,0.16382401890119325
2177,2014-04-07,NSE:MARICO,105.0,106.75,104.65,105.574995,113176.0,0.6194805518474862,-1.9392476635514029
2178,2014-04-09,NSE:MARICO,106.725,106.725,104.75,106.449995,218310.0,0.8287947349654148,0.6194805518474862
2179,2014-04-10,NSE:MARICO,106.699995,108.125,104.800005,106.074995,980674.0,-0.35227808136580935,0.8287947349654148
2180,2014-04-11,NSE:MARICO,106.824995,107.949995,106.0,106.525,855266.0,0.4242328741094962,-0.35227808136580935
2181,2014-04-15,NSE:MARICO,106.525,107.75,105.0,105.125,620352.0,-1.31424548228116,0.4242328741094962
2182,2014-04-16,NSE:MARICO,105.875,105.875,103.25,104.475,329078.0,-0.6183115338882338,-1.31424548228116
2183,2014-04-17,NSE:MARICO,104.074995,104.5,102.0,103.25,559550.0,-1.1725293132328254,-0.6183115338882338
2184,2014-04-21,NSE:MARICO,103.275,104.300005,102.550005,102.725,145574.0,-0.508474576271192,-1.1725293132328254
2185,2014-04-22,NSE:MARICO,103.699995,103.875,102.5,103.0,474656.0,0.26770503772207904,-0.508474576271192
2186,2014-04-23,NSE:MARICO,103.949995,104.15,102.550005,103.125,621780.0,0.12135922330097086,0.26770503772207904
2187,2014-04-25,NSE:MARICO,103.5,103.625,101.125,101.4,226598.0,-1.672727272727267,0.12135922330097086
2188,2014-04-28,NSE:MARICO,101.0,103.15,101.0,101.975,670022.0,0.5670611439842097,-1.672727272727267
2189,2014-04-29,NSE:MARICO,101.775,102.5,101.025,101.475,238662.0,-0.49031625398381956,0.5670611439842097
2190,2014-04-30,NSE:MARICO,102.475,102.875,100.025,102.0,2226970.0,0.5173688100517425,-0.49031625398381956
2191,2014-05-02,NSE:MARICO,103.4,109.65,103.4,108.699995,1587264.0,6.56862254901961,0.5173688100517425
2192,2014-05-05,NSE:MARICO,109.199995,114.65,109.199995,113.4,1873504.0,4.323831845622443,6.56862254901961
2193,2014-05-06,NSE:MARICO,114.949995,115.199995,111.324995,112.15,717974.0,-1.1022927689594355,4.323831845622443
2194,2014-05-07,NSE:MARICO,112.75,117.5,112.475,115.574995,1431822.0,3.0539411502452034,-1.1022927689594355
2195,2014-05-08,NSE:MARICO,114.574995,121.375,113.5,120.175005,1648256.0,3.980108327065034,3.0539411502452034
2196,2014-05-09,NSE:MARICO,120.25,120.9,116.0,118.75,2460842.0,-1.1857748622519289,3.980108327065034
2197,2014-05-12,NSE:MARICO,117.5,118.725,115.75,116.75,1580348.0,-1.6842105263157894,-1.1857748622519289
2198,2014-05-13,NSE:MARICO,115.525,119.925005,115.525,116.65,498538.0,-0.08565310492504866,-1.6842105263157894
2199,2014-05-14,NSE:MARICO,117.5,118.275,115.050005,115.625,426024.0,-0.878696956708106,-0.08565310492504866
2200,2014-05-15,NSE:MARICO,116.800005,116.800005,112.574995,112.9,216658.0,-2.356756756756752,-0.878696956708106
2201,2014-05-16,NSE:MARICO,112.5,115.0,111.775,114.0,303816.0,0.9743135518157611,-2.356756756756752
2202,2014-05-19,NSE:MARICO,114.5,114.5,111.25,111.475,226314.0,-2.2149122807017596,0.9743135518157611
2203,2014-05-20,NSE:MARICO,112.025,114.025,111.550005,113.324995,106796.0,1.659560439560446,-2.2149122807017596
2204,2014-05-21,NSE:MARICO,113.975,113.975,111.75,113.449995,157020.0,0.11030223297164053,1.659560439560446
2205,2014-05-22,NSE:MARICO,113.5,118.25,113.4,117.225,450082.0,3.327461583405088,0.11030223297164053
2206,2014-05-23,NSE:MARICO,118.25,119.5,116.800005,118.125,326326.0,0.7677543186180471,3.327461583405088
2207,2014-05-26,NSE:MARICO,119.0,123.25,116.0,121.6,1327368.0,2.941798941798937,0.7677543186180471
2208,2014-05-27,NSE:MARICO,123.0,124.300005,117.5,118.5,923304.0,-2.5493421052631535,2.941798941798937
2209,2014-05-28,NSE:MARICO,118.525,119.025,114.800005,115.775,391890.0,-2.299578059071725,-2.5493421052631535
2210,2014-05-29,NSE:MARICO,115.800005,119.699995,114.525,118.15,453144.0,2.05139278773483,-2.299578059071725
2211,2014-05-30,NSE:MARICO,119.85,122.949995,119.699995,121.975,439072.0,3.237410071942436,2.05139278773483
2212,2014-06-02,NSE:MARICO,122.0,122.5,120.025,121.925005,389506.0,-0.04098790735806155,3.237410071942436
2213,2014-06-03,NSE:MARICO,121.925005,122.5,121.025,122.324995,130748.0,0.3280623199482358,-0.04098790735806155
2214,2014-06-04,NSE:MARICO,122.324995,123.275,121.574995,122.199995,107562.0,-0.10218680164262423,0.3280623199482358
2215,2014-06-05,NSE:MARICO,123.5,126.699995,122.5,125.800005,1942952.0,2.9459984838788227,-0.10218680164262423
2216,2014-06-06,NSE:MARICO,125.5,125.800005,122.65,124.525,179806.0,-1.0135174477934188,2.9459984838788227
2217,2014-06-09,NSE:MARICO,124.0,132.0,124.0,125.4,518720.0,0.7026701465569163,-1.0135174477934188
2218,2014-06-10,NSE:MARICO,125.0,125.800005,123.5,124.15,87814.0,-0.996810207336523,0.7026701465569163
2219,2014-06-11,NSE:MARICO,123.5,124.949995,121.5,122.949995,127728.0,-0.9665767217076152,-0.996810207336523
2220,2014-06-12,NSE:MARICO,122.449995,124.5,121.025,124.050005,106948.0,0.8946808009223567,-0.9665767217076152
2221,2014-06-13,NSE:MARICO,123.525,124.775,121.4,122.074995,68956.0,-1.592107956787263,0.8946808009223567
2222,2014-06-16,NSE:MARICO,121.0,124.4,120.824995,123.4,112944.0,1.085402461003586,-1.592107956787263
2223,2014-06-17,NSE:MARICO,122.15,123.875,121.175005,121.425005,129512.0,-1.600482171799033,1.085402461003586
2224,2014-06-18,NSE:MARICO,121.5,123.0,120.800005,121.175005,34970.0,-0.2058884000045954,-1.600482171799033
2225,2014-06-19,NSE:MARICO,121.25,122.225,120.0,121.125,65852.0,-0.041266761243375846,-0.2058884000045954
2226,2014-06-20,NSE:MARICO,121.5,123.0,119.949995,121.225,97182.0,0.08255933952527911,-0.041266761243375846
2227,2014-06-23,NSE:MARICO,120.0,122.25,119.675005,120.375,64644.0,-0.7011755001031095,0.08255933952527911
2228,2014-06-24,NSE:MARICO,118.275,120.4,116.35,117.525,219326.0,-2.3676012461059144,-0.7011755001031095
2229,2014-06-25,NSE:MARICO,117.550005,120.5,115.550005,119.175005,108692.0,1.4039608593916129,-2.3676012461059144
2230,2014-06-26,NSE:MARICO,120.5,121.15,117.5,118.300005,214456.0,-0.7342143597980131,1.4039608593916129
2231,2014-06-27,NSE:MARICO,117.550005,122.0,116.699995,121.050005,354364.0,2.324598380194489,-0.7342143597980131
2232,2014-06-30,NSE:MARICO,122.824995,122.824995,120.0,122.025,162796.0,0.8054481286473363,2.324598380194489
2233,2014-07-01,NSE:MARICO,122.75,126.0,122.1,124.699995,663764.0,2.1921696373693877,0.8054481286473363
2234,2014-07-02,NSE:MARICO,124.5,126.025,122.5,123.025,101348.0,-1.3432197812036766,2.1921696373693877
2235,2014-07-03,NSE:MARICO,123.5,125.025,123.199995,124.5,328202.0,1.1989433042064574,-1.3432197812036766
2236,2014-07-04,NSE:MARICO,124.5,125.449995,123.75,124.550005,420246.0,0.040164658634537144,1.1989433042064574
2237,2014-07-07,NSE:MARICO,125.0,128.0,124.9,126.0,721094.0,1.1641870267287433,0.040164658634537144
2238,2014-07-08,NSE:MARICO,126.550005,126.75,122.525,123.975,428546.0,-1.6071428571428614,1.1641870267287433
2239,2014-07-09,NSE:MARICO,124.875,124.875,118.5,121.074995,148966.0,-2.339185319620886,-1.6071428571428614
2240,2014-07-10,NSE:MARICO,120.050005,121.375,119.050005,120.35,139620.0,-0.5987982902662989,-2.339185319620886
2241,2014-07-11,NSE:MARICO,120.9,121.875,119.5,120.625,178948.0,0.22850020772746632,-0.5987982902662989
2242,2014-07-14,NSE:MARICO,120.975,121.0,119.074995,119.775,214092.0,-0.7046632124352284,0.22850020772746632
2243,2014-07-15,NSE:MARICO,120.0,121.0,117.65,118.125,195454.0,-1.3775829680651268,-0.7046632124352284
2244,2014-07-16,NSE:MARICO,118.074995,123.5,118.074995,118.9,6523216.0,0.6560846560846609,-1.3775829680651268
2245,2014-07-17,NSE:MARICO,118.9,120.949995,116.800005,118.9,235310.0,0.0,0.6560846560846609
2246,2014-07-18,NSE:MARICO,119.9,119.9,117.949995,118.300005,187448.0,-0.5046215306980714,0.0
2247,2014-07-21,NSE:MARICO,118.75,120.85,118.65,119.949995,247100.0,1.3947505750316769,-0.5046215306980714
2248,2014-07-22,NSE:MARICO,121.449995,121.925005,119.5,120.300005,167958.0,0.2917965940723861,1.3947505750316769
2249,2014-07-23,NSE:MARICO,120.0,121.475,120.0,120.925005,151996.0,0.5195344754973202,0.2917965940723861
2250,2014-07-24,NSE:MARICO,120.9,121.800005,119.225,121.425005,80206.0,0.4134794123018643,0.5195344754973202
2251,2014-07-25,NSE:MARICO,121.0,125.074995,120.5,123.949995,430230.0,2.0794646045104157,0.4134794123018643
2252,2014-07-28,NSE:MARICO,124.875,126.9,124.025,125.125,614582.0,0.9479669603859191,2.0794646045104157
2253,2014-07-30,NSE:MARICO,126.0,127.425005,125.199995,127.1,188946.0,1.5784215784215738,0.9479669603859191
2254,2014-07-31,NSE:MARICO,127.475,128.699995,126.800005,127.824995,126612.0,0.5704130605822242,1.5784215784215738
2255,2014-08-01,NSE:MARICO,126.5,132.949995,124.525,130.875,1062400.0,2.386078716451347,0.5704130605822242
2256,2014-08-04,NSE:MARICO,133.600005,134.125,126.625,127.9,2163540.0,-2.2731614135625553,2.386078716451347
2257,2014-08-05,NSE:MARICO,129.25,147.25,129.0,132.125,5839086.0,3.303362001563717,-2.2731614135625553
2258,2014-08-06,NSE:MARICO,132.899995,135.5,132.5,133.125,1782808.0,0.7568590350047304,3.303362001563717
2259,2014-08-07,NSE:MARICO,133.149995,135.449995,131.0,134.600005,681724.0,1.1079849765258292,0.7568590350047304
2260,2014-08-08,NSE:MARICO,134.0,137.449995,132.5,134.024995,1472140.0,-0.4271990926003459,1.1079849765258292
2261,2014-08-11,NSE:MARICO,135.449995,136.925005,131.125,132.199995,770802.0,-1.3616863033645243,-0.4271990926003459
2262,2014-08-12,NSE:MARICO,133.350005,134.75,132.324995,134.274995,435758.0,1.5695915873521693,-1.3616863033645243
2263,2014-08-13,NSE:MARICO,134.899995,135.300005,133.25,134.050005,314582.0,-0.16755911999847117,1.5695915873521693
2264,2014-08-14,NSE:MARICO,132.774995,135.0,132.0,133.024995,1616722.0,-0.7646474910612714,-0.16755911999847117
2265,2014-08-18,NSE:MARICO,133.024995,135.300005,132.0,132.975005,975620.0,-0.03757940378045478,-0.7646474910612714
2266,2014-08-19,NSE:MARICO,133.125,135.300005,132.0,133.074995,1112100.0,0.07519458262099042,-0.03757940378045478
2267,2014-08-20,NSE:MARICO,132.125,135.449995,132.0,132.475005,505206.0,-0.450866069917937,0.07519458262099042
2268,2014-08-21,NSE:MARICO,132.074995,133.175005,131.125,132.25,380866.0,-0.1698471345594666,-0.450866069917937
2269,2014-08-22,NSE:MARICO,135.0,135.800005,132.625,134.949995,783628.0,2.0415841209829875,-0.1698471345594666
2270,2014-08-25,NSE:MARICO,134.550005,135.699995,132.574995,132.949995,207592.0,-1.4820304365331767,2.0415841209829875
2271,2014-08-26,NSE:MARICO,133.050005,136.824995,133.0,135.074995,630610.0,1.5983453026831629,-1.4820304365331767
2272,2014-08-27,NSE:MARICO,136.199995,137.324995,134.649995,135.5,597588.0,0.31464372810082186,1.5983453026831629
2273,2014-08-28,NSE:MARICO,136.5,136.850005,135.0,136.125,240654.0,0.46125461254612543,0.31464372810082186
2274,2014-09-01,NSE:MARICO,137.375,137.375,134.199995,134.800005,1163574.0,-0.9733663911845739,0.46125461254612543
2275,2014-09-02,NSE:MARICO,135.449995,139.0,135.074995,135.899995,600694.0,0.8160162902071043,-0.9733663911845739
2276,2014-09-03,NSE:MARICO,136.5,139.199995,136.050005,138.350005,747472.0,1.80280359833716,0.8160162902071043
2277,2014-09-04,NSE:MARICO,139.0,140.699995,136.5,138.550005,766606.0,0.1445608910530857,1.80280359833716
2278,2014-09-05,NSE:MARICO,139.375,141.5,138.625,140.649995,816188.0,1.5156910315521035,0.1445608910530857
2279,2014-09-08,NSE:MARICO,141.5,146.725005,141.324995,144.75,1028878.0,2.9150409852485315,1.5156910315521035
2280,2014-09-09,NSE:MARICO,146.0,148.425005,142.0,145.0,673532.0,0.17271157167530224,2.9150409852485315
2281,2014-09-10,NSE:MARICO,144.199995,145.100005,142.25,142.850005,956802.0,-1.4827551724137862,0.17271157167530224
2282,2014-09-11,NSE:MARICO,144.5,144.75,142.300005,143.475005,1168692.0,0.43752186077977384,-1.4827551724137862
2283,2014-09-12,NSE:MARICO,143.024995,145.800005,143.024995,145.0,819946.0,1.062899422794925,0.43752186077977384
2284,2014-09-15,NSE:MARICO,147.199995,147.199995,143.0,144.25,758844.0,-0.5172413793103449,1.062899422794925
2285,2014-09-16,NSE:MARICO,145.5,147.5,143.475005,144.800005,1017982.0,0.38128596187174957,-0.5172413793103449
2286,2014-09-17,NSE:MARICO,146.0,146.5,141.649995,145.125,880594.0,0.22444405302334156,0.38128596187174957
2287,2014-09-18,NSE:MARICO,144.475005,147.5,144.050005,145.350005,1446652.0,0.15504220499570034,0.22444405302334156
2288,2014-09-19,NSE:MARICO,146.425005,147.5,142.0,144.25,1831244.0,-0.756797359587301,0.15504220499570034
2289,2014-09-22,NSE:MARICO,142.649995,143.5,139.0,142.475005,1374296.0,-1.2304991334488666,-0.756797359587301
2290,2014-09-23,NSE:MARICO,143.675005,144.5,140.425005,141.675005,1739600.0,-0.5615019981926032,-1.2304991334488666
2291,2014-09-24,NSE:MARICO,140.625,142.399995,138.5,139.699995,3556996.0,-1.3940426541717768,-0.5615019981926032
2292,2014-09-25,NSE:MARICO,139.5,141.350005,138.5,140.25,2109688.0,0.39370438059070706,-1.3940426541717768
2293,2014-09-26,NSE:MARICO,139.0,146.925005,139.0,145.899995,929798.0,4.028516934046339,0.39370438059070706
2294,2014-09-29,NSE:MARICO,146.875,149.199995,144.5,148.274995,1137734.0,1.6278273347439116,4.028516934046339
2295,2014-09-30,NSE:MARICO,148.975005,158.675005,148.5,155.0,3308734.0,4.535495010470249,1.6278273347439116
2296,2014-10-01,NSE:MARICO,156.0,157.75,153.824995,155.625,1462234.0,0.4032258064516129,4.535495010470249
2297,2014-10-07,NSE:MARICO,156.475005,156.949995,150.5,152.350005,1077532.0,-2.104414457831319,0.4032258064516129
2298,2014-10-08,NSE:MARICO,152.975005,153.350005,151.324995,152.625,1084686.0,0.18050212732187956,-2.104414457831319
2299,2014-10-09,NSE:MARICO,152.625,152.925005,149.125,150.875,884118.0,-1.1466011466011465,0.18050212732187956
2300,2014-10-10,NSE:MARICO,148.850005,152.75,148.850005,151.199995,407180.0,0.2154067937033977,-1.1466011466011465
2301,2014-10-13,NSE:MARICO,151.199995,152.0,146.199995,147.949995,386210.0,-2.1494709705512887,0.2154067937033977
2302,2014-10-14,NSE:MARICO,147.574995,150.100005,146.125,149.774995,868506.0,1.2335248811600086,-2.1494709705512887
2303,2014-10-16,NSE:MARICO,149.5,152.225005,148.550005,149.875,728200.0,0.06677015746187147,1.2335248811600086
2304,2014-10-17,NSE:MARICO,149.024995,151.5,149.024995,150.425005,725972.0,0.3669758131776472,0.06677015746187147
2305,2014-10-20,NSE:MARICO,151.5,155.0,146.75,150.050005,1095720.0,-0.24929365965452355,0.3669758131776472
2306,2014-10-21,NSE:MARICO,150.0,150.75,149.5,149.975005,1863000.0,-0.04998333722147402,-0.24929365965452355
2307,2014-10-22,NSE:MARICO,150.024995,151.024995,148.175005,149.925005,572602.0,-0.033338888703495204,-0.04998333722147402
2308,2014-10-23,NSE:MARICO,151.975005,152.449995,151.074995,151.949995,58102.0,1.3506686226223588,-0.033338888703495204
2309,2014-10-27,NSE:MARICO,150.649995,152.050005,147.824995,150.074995,6752670.0,-1.2339585795971892,1.3506686226223588
2310,2014-10-28,NSE:MARICO,150.125,150.925005,147.274995,147.625,892216.0,-1.6325137975183683,-1.2339585795971892
2311,2014-10-29,NSE:MARICO,149.899995,159.75,148.100005,154.925005,2088346.0,4.9449652836579165,-1.6325137975183683
2312,2014-10-30,NSE:MARICO,155.949995,155.949995,151.875,153.949995,2390454.0,-0.6293432102842259,4.9449652836579165
2313,2014-10-31,NSE:MARICO,154.050005,160.5,154.050005,155.625,2599474.0,1.088018872621593,-0.6293432102842259
2314,2014-11-03,NSE:MARICO,156.475005,156.475005,153.149995,155.225005,512312.0,-0.2570248995983871,1.088018872621593
2315,2014-11-05,NSE:MARICO,154.199995,156.225005,149.475005,150.550005,3723468.0,-3.011757029738869,-0.2570248995983871
2316,2014-11-07,NSE:MARICO,152.300005,155.949995,150.774995,153.75,2608182.0,2.125536296063226,-3.011757029738869
2317,2014-11-10,NSE:MARICO,154.949995,159.199995,154.625,158.600005,997342.0,3.154474796747974,2.125536296063226
2318,2014-11-11,NSE:MARICO,159.5,175.100005,158.699995,167.274995,2462504.0,5.469728705241831,3.154474796747974
2319,2014-11-12,NSE:MARICO,168.0,168.425005,163.0,164.449995,2408406.0,-1.6888357999950852,5.469728705241831
2320,2014-11-13,NSE:MARICO,165.5,165.975005,164.024995,164.625,741710.0,0.10641836748003473,-1.6888357999950852
2321,2014-11-14,NSE:MARICO,164.5,167.5,163.875,164.949995,1188064.0,0.19741533788914276,0.10641836748003473
2322,2014-11-17,NSE:MARICO,165.850005,168.649995,164.550005,165.199995,1546678.0,0.15156108370903557,0.19741533788914276
2323,2014-11-18,NSE:MARICO,166.0,167.375,163.550005,164.375,917880.0,-0.49939166160386467,0.15156108370903557
2324,2014-11-19,NSE:MARICO,165.449995,165.449995,164.0,164.199995,545246.0,-0.10646692015209049,-0.49939166160386467
2325,2014-11-20,NSE:MARICO,162.574995,164.5,160.925005,161.574995,1033946.0,-1.5986602192040262,-0.10646692015209049
2326,2014-11-21,NSE:MARICO,161.649995,163.0,160.975005,161.524995,405866.0,-0.030945382359449474,-1.5986602192040262
2327,2014-11-24,NSE:MARICO,161.050005,162.5,160.5,161.25,688012.0,-0.17024919270233682,-0.030945382359449474
2328,2014-11-25,NSE:MARICO,162.225005,162.225005,159.199995,160.925005,766208.0,-0.2015472868217062,-0.17024919270233682
2329,2014-11-26,NSE:MARICO,161.524995,163.949995,159.100005,162.949995,1068098.0,1.2583439099473712,-0.2015472868217062
2330,2014-11-27,NSE:MARICO,161.524995,163.25,161.524995,162.175005,389380.0,-0.47559989185639595,1.2583439099473712
2331,2014-11-28,NSE:MARICO,161.100005,162.600005,161.0,161.574995,642156.0,-0.3699768654238657,-0.47559989185639595
2332,2014-12-01,NSE:MARICO,161.699995,163.074995,160.0,161.899995,1385178.0,0.20114498533636882,-0.3699768654238657
2333,2014-12-02,NSE:MARICO,162.975005,165.524995,162.050005,165.0,1246244.0,1.9147653463485348,0.20114498533636882
2334,2014-12-03,NSE:MARICO,166.625,166.625,163.0,164.274995,1059242.0,-0.43939696969697584,1.9147653463485348
2335,2014-12-04,NSE:MARICO,164.5,166.0,163.475005,164.5,1135224.0,0.1369685021144028,-0.43939696969697584
2336,2014-12-05,NSE:MARICO,164.5,165.0,163.5,164.050005,946118.0,-0.27355319148936247,0.1369685021144028
2337,2014-12-08,NSE:MARICO,164.850005,164.850005,160.600005,161.25,319722.0,-1.7067997041511815,-0.27355319148936247
2338,2014-12-09,NSE:MARICO,161.5,162.949995,160.050005,161.350005,284186.0,0.06201860465116907,-1.7067997041511815
2339,2014-12-10,NSE:MARICO,160.975005,164.475005,160.524995,163.600005,438416.0,1.39448399769185,0.06201860465116907
2340,2014-12-11,NSE:MARICO,163.5,164.75,160.524995,161.125,374766.0,-1.512839195817879,1.39448399769185
2341,2014-12-12,NSE:MARICO,162.25,164.324995,160.550005,161.25,1832970.0,0.07757951900698215,-1.512839195817879
2342,2014-12-15,NSE:MARICO,159.75,160.725005,158.5,160.050005,466238.0,-0.744182945736435,0.07757951900698215
2343,2014-12-16,NSE:MARICO,158.5,161.850005,158.5,160.399995,695536.0,0.21867540710166872,-0.744182945736435
2344,2014-12-17,NSE:MARICO,159.125,161.0,156.574995,159.024995,303182.0,-0.8572319469211954,0.21867540710166872
2345,2014-12-18,NSE:MARICO,161.350005,165.5,161.100005,164.149995,930924.0,3.2227638177256352,-0.8572319469211954
2346,2014-12-19,NSE:MARICO,165.925005,165.975005,162.625,164.274995,704022.0,0.07614986524976745,3.2227638177256352
2347,2014-12-22,NSE:MARICO,164.274995,166.0,163.25,164.449995,635616.0,0.10652868989587332,0.07614986524976745
2348,2014-12-23,NSE:MARICO,164.449995,165.850005,163.5,164.024995,6672872.0,-0.25843722281658404,0.10652868989587332
2349,2014-12-24,NSE:MARICO,165.600005,165.850005,160.100005,161.625,1090242.0,-1.463188582935174,-0.25843722281658404
2350,2014-12-26,NSE:MARICO,161.675005,162.375,160.5,161.574995,190596.0,-0.030938901778808196,-1.463188582935174
2351,2014-12-29,NSE:MARICO,160.725005,164.899995,160.725005,163.975005,601246.0,1.4853845423297143,-0.030938901778808196
2352,2014-12-30,NSE:MARICO,162.600005,165.0,161.75,163.925005,507246.0,-0.030492452188070594,1.4853845423297143
2353,2014-12-31,NSE:MARICO,162.824995,166.0,162.074995,162.574995,252842.0,-0.8235534292037981,-0.030492452188070594
2354,2015-01-01,NSE:MARICO,164.0,164.0,161.574995,161.925005,142730.0,-0.39980933107210154,-0.8235534292037981
2355,2015-01-02,NSE:MARICO,162.800005,165.899995,162.050005,164.975005,658102.0,1.8835880227392994,-0.39980933107210154
2356,2015-01-05,NSE:MARICO,163.5,165.5,161.600005,161.975005,953386.0,-1.8184572869084017,1.8835880227392994
2357,2015-01-06,NSE:MARICO,161.550005,165.5,160.75,163.824995,1854742.0,1.1421453575506857,-1.8184572869084017
2358,2015-01-07,NSE:MARICO,163.850005,164.875,158.550005,161.0,1531050.0,-1.7243980382846957,1.1421453575506857
2359,2015-01-08,NSE:MARICO,161.0,161.925005,159.75,160.774995,1607030.0,-0.13975465838509943,-1.7243980382846957
2360,2015-01-09,NSE:MARICO,161.25,164.899995,157.800005,159.475005,28894960.0,-0.8085772293135384,-0.13975465838509943
2361,2015-01-12,NSE:MARICO,159.850005,161.0,157.550005,159.375,7008848.0,-0.06270888657442594,-0.8085772293135384
2362,2015-01-13,NSE:MARICO,159.649995,168.875,159.375,167.125,15155768.0,4.862745098039216,-0.06270888657442594
2363,2015-01-14,NSE:MARICO,167.050005,182.5,167.024995,175.925005,10559456.0,5.265522812266267,4.862745098039216
2364,2015-01-15,NSE:MARICO,179.5,179.949995,174.824995,177.699995,2655748.0,1.0089469657823813,5.265522812266267
2365,2015-01-16,NSE:MARICO,178.274995,180.350005,174.074995,175.125,1251134.0,-1.4490686958094743,1.0089469657823813
2366,2015-01-19,NSE:MARICO,175.949995,184.75,174.574995,178.925005,2461916.0,2.169881513204853,-1.4490686958094743
2367,2015-01-20,NSE:MARICO,180.0,180.0,173.074995,175.574995,1228736.0,-1.8722983967500784,2.169881513204853
2368,2015-01-21,NSE:MARICO,176.0,181.449995,174.524995,176.399995,3524786.0,0.4698846780545195,-1.8722983967500784
2369,2015-01-22,NSE:MARICO,175.800005,182.449995,175.800005,180.975005,2148870.0,2.5935431574133663,0.4698846780545195
2370,2015-01-23,NSE:MARICO,182.699995,183.350005,176.75,179.324995,1930778.0,-0.911733639681352,2.5935431574133663
2371,2015-01-27,NSE:MARICO,180.0,180.899995,175.050005,176.75,6040466.0,-1.4359375836034465,-0.911733639681352
2372,2015-01-28,NSE:MARICO,177.300005,178.350005,175.5,176.600005,487904.0,-0.08486280056576513,-1.4359375836034465
2373,2015-01-29,NSE:MARICO,176.850005,177.149995,173.024995,175.899995,678956.0,-0.39638164223156175,-0.08486280056576513
2374,2015-01-30,NSE:MARICO,177.324995,182.25,176.0,180.399995,4729500.0,2.55827181802933,-0.39638164223156175
2375,2015-02-02,NSE:MARICO,180.850005,186.0,179.125,180.25,5856806.0,-0.08314578944416816,2.55827181802933
2376,2015-02-03,NSE:MARICO,179.600005,183.449995,169.324995,174.850005,5544084.0,-2.995836338418857,-0.08314578944416816
2377,2015-02-04,NSE:MARICO,176.25,179.425005,176.0,177.949995,1285060.0,1.7729424714628923,-2.995836338418857
2378,2015-02-05,NSE:MARICO,179.399995,179.399995,177.024995,178.350005,1281778.0,0.22478786807496615,1.7729424714628923
2379,2015-02-06,NSE:MARICO,178.850005,178.850005,174.850005,176.300005,1454680.0,-1.1494252551324633,0.22478786807496615
2380,2015-02-09,NSE:MARICO,176.399995,177.75,172.5,176.199995,1596838.0,-0.05672716798845098,-1.1494252551324633
2381,2015-02-10,NSE:MARICO,174.225005,177.524995,172.800005,176.0,976000.0,-0.11350454351602068,-0.05672716798845098
2382,2015-02-11,NSE:MARICO,176.5,177.5,175.600005,177.149995,456326.0,0.6534062499999943,-0.11350454351602068
2383,2015-02-12,NSE:MARICO,177.975005,177.975005,174.324995,175.725005,1816240.0,-0.80439742603435,0.6534062499999943
2384,2015-02-13,NSE:MARICO,176.5,177.550005,176.0,177.425005,1067198.0,0.9674206582039867,-0.80439742603435
2385,2015-02-16,NSE:MARICO,176.5,177.949995,176.0,176.625,459846.0,-0.4508975496435797,0.9674206582039867
2386,2015-02-18,NSE:MARICO,177.425005,187.175005,176.625,179.050005,1668672.0,1.3729681528662412,-0.4508975496435797
2387,2015-02-19,NSE:MARICO,179.949995,180.5,176.0,176.649995,416066.0,-1.3404132549451808,1.3729681528662412
2388,2015-02-20,NSE:MARICO,176.975005,179.0,176.300005,176.899995,363814.0,0.14152278917415198,-1.3404132549451808
2389,2015-02-23,NSE:MARICO,177.350005,184.0,176.75,178.574995,1177970.0,0.9468626610193017,0.14152278917415198
2390,2015-02-24,NSE:MARICO,178.75,178.800005,176.050005,177.949995,1343294.0,-0.34999300993960547,0.9468626610193017
2391,2015-02-25,NSE:MARICO,178.0,178.324995,177.024995,177.25,624030.0,-0.3933661251297036,-0.34999300993960547
2392,2015-02-26,NSE:MARICO,176.375,177.75,176.375,177.324995,640818.0,0.042310296191820175,-0.3933661251297036
2393,2015-02-27,NSE:MARICO,177.125,180.449995,176.925005,178.875,1525022.0,0.8741040708897236,0.042310296191820175
2394,2015-02-28,NSE:MARICO,180.949995,180.949995,176.100005,177.875,113396.0,-0.5590496156533892,0.8741040708897236
2395,2015-03-02,NSE:MARICO,178.5,182.199995,177.199995,179.550005,2170958.0,0.9416753338018264,-0.5590496156533892
2396,2015-03-03,NSE:MARICO,181.975005,187.5,179.0,184.399995,4722644.0,2.7011917933391265,0.9416753338018264
2397,2015-03-04,NSE:MARICO,186.399995,201.850005,185.0,192.0,5681106.0,4.121477877480426,2.7011917933391265
2398,2015-03-05,NSE:MARICO,191.25,204.199995,191.25,199.175005,3315512.0,3.736981770833333,4.121477877480426
2399,2015-03-09,NSE:MARICO,199.399995,199.399995,189.725005,192.0,1351160.0,-3.6023621538254758,3.736981770833333
2400,2015-03-10,NSE:MARICO,192.550005,193.050005,187.550005,189.375,1236428.0,-1.3671875,-3.6023621538254758
2401,2015-03-11,NSE:MARICO,190.0,192.899995,186.0,188.425005,1515948.0,-0.5016475247524759,-1.3671875
2402,2015-03-12,NSE:MARICO,187.774995,194.600005,186.324995,191.399995,864006.0,1.578872188433797,-0.5016475247524759
2403,2015-03-13,NSE:MARICO,193.475005,194.899995,181.5,182.875,1105854.0,-4.454020492529266,1.578872188433797
2404,2015-03-16,NSE:MARICO,184.699995,185.875,178.649995,182.475005,860692.0,-0.21872590567326858,-4.454020492529266
2405,2015-03-17,NSE:MARICO,185.475005,193.475005,185.475005,192.274995,2589368.0,5.370593084789875,-0.21872590567326858
2406,2015-03-18,NSE:MARICO,192.5,196.699995,183.125,184.274995,1773178.0,-4.160707428441229,5.370593084789875
2407,2015-03-19,NSE:MARICO,186.899995,186.899995,184.125,184.975005,2064184.0,0.3798724835130346,-4.160707428441229
2408,2015-03-20,NSE:MARICO,187.649995,188.324995,177.649995,182.25,7080928.0,-1.473174713524138,0.3798724835130346
2409,2015-03-23,NSE:MARICO,182.475005,186.75,181.125,185.274995,1157602.0,1.659805212620022,-1.473174713524138
2410,2015-03-24,NSE:MARICO,186.850005,186.850005,183.050005,185.524995,455518.0,0.13493456038144813,1.659805212620022
2411,2015-03-25,NSE:MARICO,184.5,185.949995,181.774995,182.375,254420.0,-1.6978817328629978,0.13493456038144813
2412,2015-03-26,NSE:MARICO,182.0,192.25,181.5,186.975005,1642370.0,2.5222782727895874,-1.6978817328629978
2413,2015-03-27,NSE:MARICO,188.0,194.0,187.5,193.399995,1275454.0,3.436282833633287,2.5222782727895874
2414,2015-03-30,NSE:MARICO,194.949995,195.0,186.375,188.350005,868596.0,-2.611163459440617,3.436282833633287
2415,2015-03-31,NSE:MARICO,189.0,197.524995,189.0,192.875,1400022.0,2.402439543338472,-2.611163459440617
2416,2015-04-01,NSE:MARICO,193.75,196.0,190.875,193.725005,573584.0,0.44070252754375117,2.402439543338472
2417,2015-04-06,NSE:MARICO,194.0,194.0,190.649995,191.350005,337008.0,-1.2259646089569076,0.44070252754375117
2418,2015-04-07,NSE:MARICO,193.0,197.975005,191.925005,195.350005,748474.0,2.0904101883875046,-1.2259646089569076
2419,2015-04-08,NSE:MARICO,196.0,205.0,194.475005,204.024995,2207546.0,4.440742143825376,2.0904101883875046
2420,2015-04-09,NSE:MARICO,205.75,207.75,196.074995,197.274995,1025820.0,-3.3084181670976145,4.440742143825376
2421,2015-04-10,NSE:MARICO,197.949995,202.5,194.0,200.75,724850.0,1.7615030227221704,-3.3084181670976145
2422,2015-04-13,NSE:MARICO,201.0,202.149995,196.300005,200.375,2076428.0,-0.18679950186799502,1.7615030227221704
2423,2015-04-15,NSE:MARICO,201.425005,203.175005,198.074995,201.925005,1096110.0,0.7735520898315652,-0.18679950186799502
2424,2015-04-16,NSE:MARICO,203.0,211.5,203.0,209.524995,2399766.0,3.763768632814936,0.7735520898315652
2425,2015-04-17,NSE:MARICO,213.375,214.199995,207.125,208.100005,1495118.0,-0.6801050156330893,3.763768632814936
2426,2015-04-20,NSE:MARICO,206.0,207.0,195.125,197.75,1659718.0,-4.973572682038143,-0.6801050156330893
2427,2015-04-21,NSE:MARICO,197.199995,201.649995,193.050005,198.875,2068118.0,0.5689001264222503,-4.973572682038143
2428,2015-04-22,NSE:MARICO,198.725005,200.975005,196.574995,198.425005,386566.0,-0.2262702702702709,0.5689001264222503
2429,2015-04-23,NSE:MARICO,198.425005,206.5,197.600005,199.024995,1319548.0,0.30237620505540175,-0.2262702702702709
2430,2015-04-24,NSE:MARICO,199.475005,209.75,194.5,198.0,1968460.0,-0.5150081777416902,0.30237620505540175
2431,2015-04-27,NSE:MARICO,198.199995,203.074995,194.574995,196.675005,925574.0,-0.6691893939393946,-0.5150081777416902
2432,2015-04-28,NSE:MARICO,196.675005,201.0,195.425005,200.024995,1310780.0,1.703312528198482,-0.6691893939393946
2433,2015-04-29,NSE:MARICO,200.925005,202.5,196.5,199.925005,695864.0,-0.049988752655632435,1.703312528198482
2434,2015-04-30,NSE:MARICO,201.899995,205.925005,198.75,200.850005,3069906.0,0.4626734909922905,-0.049988752655632435
2435,2015-05-04,NSE:MARICO,202.0,202.0,190.225005,194.225005,2171044.0,-3.2984813717082053,0.4626734909922905
2436,2015-05-05,NSE:MARICO,195.399995,195.399995,191.5,193.0,1602862.0,-0.6307143614180934,-3.2984813717082053
2437,2015-05-06,NSE:MARICO,193.0,196.449995,186.875,187.550005,2126696.0,-2.823831606217617,-0.6307143614180934
2438,2015-05-07,NSE:MARICO,188.5,189.199995,180.0,184.475005,1197890.0,-1.6395627395477748,-2.823831606217617
2439,2015-05-08,NSE:MARICO,187.5,187.5,182.600005,184.725005,836790.0,0.1355197144458676,-1.6395627395477748
2440,2015-05-11,NSE:MARICO,184.399995,190.449995,182.725005,189.75,1294368.0,2.7202570653604745,0.1355197144458676
2441,2015-05-12,NSE:MARICO,189.449995,192.399995,186.550005,189.925005,3229186.0,0.09222924901185704,2.7202570653604745
2442,2015-05-13,NSE:MARICO,194.5,209.949995,192.449995,203.0,10174958.0,6.884293618947121,0.09222924901185704
2443,2015-05-14,NSE:MARICO,201.524995,210.0,199.524995,201.125,4942854.0,-0.9236453201970444,6.884293618947121
2444,2015-05-15,NSE:MARICO,201.0,206.074995,199.524995,202.800005,3867164.0,0.832817899316345,-0.9236453201970444
2445,2015-05-18,NSE:MARICO,202.324995,207.25,201.0,205.0,2023828.0,1.0848101310451157,0.832817899316345
2446,2015-05-19,NSE:MARICO,204.699995,207.0,203.125,205.399995,1951934.0,0.19511951219511703,1.0848101310451157
2447,2015-05-20,NSE:MARICO,205.399995,211.0,202.0,205.850005,4062448.0,0.21908958663802314,0.19511951219511703
2448,2015-05-21,NSE:MARICO,206.975005,207.25,201.5,204.274995,2381126.0,-0.7651250725012225,0.21908958663802314
2449,2015-05-22,NSE:MARICO,204.899995,207.25,202.5,205.125,2918736.0,0.4161081976773565,-0.7651250725012225
2450,2015-05-25,NSE:MARICO,205.100005,210.0,204.350005,208.774995,4583166.0,1.779400365630708,0.4161081976773565
2451,2015-05-26,NSE:MARICO,209.25,214.949995,207.5,212.824995,7227350.0,1.9398874850889167,1.779400365630708
2452,2015-05-27,NSE:MARICO,210.0,213.449995,202.300005,205.649995,3195882.0,-3.3713145394412023,1.9398874850889167
2453,2015-05-28,NSE:MARICO,204.5,207.350005,203.25,204.899995,2622984.0,-0.3646973101069125,-3.3713145394412023
2454,2015-05-29,NSE:MARICO,206.125,227.975005,205.25,219.800005,44809680.0,7.2718449797912434,-0.3646973101069125
2455,2015-06-01,NSE:MARICO,212.375,224.5,210.050005,222.625,3935578.0,1.2852570226283668,7.2718449797912434
2456,2015-06-02,NSE:MARICO,220.625,221.600005,209.074995,210.75,1568138.0,-5.3340819764177425,1.2852570226283668
2457,2015-06-03,NSE:MARICO,210.5,213.225005,206.050005,208.274995,1162300.0,-1.174379596678534,-5.3340819764177425
2458,2015-06-04,NSE:MARICO,208.574995,213.350005,208.300005,212.399995,1015418.0,1.9805546028221008,-1.174379596678534
2459,2015-06-05,NSE:MARICO,212.375,223.899995,210.100005,219.524995,1451038.0,3.3545198529783398,1.9805546028221008
2460,2015-06-08,NSE:MARICO,221.975005,224.899995,213.550005,215.975005,1518418.0,-1.6171233713044748,3.3545198529783398
2461,2015-06-09,NSE:MARICO,215.5,216.5,208.899995,211.975005,994294.0,-1.8520661684901918,-1.6171233713044748
2462,2015-06-10,NSE:MARICO,213.0,213.625,208.074995,210.925005,1131028.0,-0.4953414200886615,-1.8520661684901918
2463,2015-06-11,NSE:MARICO,211.25,211.75,200.100005,202.824995,727906.0,-3.840232219029696,-0.4953414200886615
2464,2015-06-12,NSE:MARICO,202.5,208.449995,202.5,206.875,668806.0,1.9967977812596511,-3.840232219029696
2465,2015-06-15,NSE:MARICO,205.125,210.25,205.125,208.274995,292506.0,0.676734743202412,1.9967977812596511
2466,2015-06-16,NSE:MARICO,208.5,210.0,203.100005,203.824995,357456.0,-2.1365982988020185,0.676734743202412
2467,2015-06-17,NSE:MARICO,204.850005,212.0,204.550005,210.425005,1408726.0,3.2380768609855712,-2.1365982988020185
2468,2015-06-18,NSE:MARICO,210.600005,212.25,208.0,211.225005,466132.0,0.3801829540172811,3.2380768609855712
2469,2015-06-19,NSE:MARICO,211.699995,221.0,210.100005,219.574995,1734460.0,3.95312572012958,0.3801829540172811
2470,2015-06-22,NSE:MARICO,220.350005,228.199995,220.350005,224.975005,1034138.0,2.459300978237531,3.95312572012958
2471,2015-06-23,NSE:MARICO,227.125,231.5,221.149995,222.699995,870362.0,-1.0112278917384663,2.459300978237531
2472,2015-06-24,NSE:MARICO,223.0,233.5,220.0,229.800005,2218774.0,3.1881500491277506,-1.0112278917384663
2473,2015-06-25,NSE:MARICO,232.25,232.25,222.225005,224.875,1748280.0,-2.14317010132354,3.1881500491277506
2474,2015-06-26,NSE:MARICO,225.399995,225.399995,222.0,224.399995,660256.0,-0.2112306837131785,-2.14317010132354
2475,2015-06-29,NSE:MARICO,220.0,221.5,215.875,217.175005,435618.0,-3.219692585109011,-0.2112306837131785
2476,2015-06-30,NSE:MARICO,217.0,226.25,216.774995,224.824995,1891738.0,3.5225002066881514,-3.219692585109011
2477,2015-07-01,NSE:MARICO,226.449995,227.050005,222.574995,223.774995,614828.0,-0.46702992254042364,3.5225002066881514
2478,2015-07-02,NSE:MARICO,225.699995,226.399995,219.899995,222.149995,1263066.0,-0.72617586249974,-0.46702992254042364
2479,2015-07-03,NSE:MARICO,223.725005,223.725005,216.100005,217.024995,468902.0,-2.306999826851223,-0.72617586249974
2480,2015-07-06,NSE:MARICO,217.0,223.949995,215.5,220.975005,347568.0,1.8200714622755874,-2.306999826851223
2481,2015-07-07,NSE:MARICO,221.350005,223.375,218.524995,219.699995,400592.0,-0.5769928594412788,1.8200714622755874
2482,2015-07-08,NSE:MARICO,217.524995,224.0,217.050005,219.375,668130.0,-0.14792672161872433,-0.5769928594412788
2483,2015-07-09,NSE:MARICO,218.675005,222.899995,213.074995,214.350005,460298.0,-2.2905960113960067,-0.14792672161872433
2484,2015-07-10,NSE:MARICO,214.350005,217.5,214.324995,215.050005,401424.0,0.3265686884401932,-2.2905960113960067
2485,2015-07-13,NSE:MARICO,215.074995,219.949995,214.149995,219.300005,424322.0,1.9762845390308175,0.3265686884401932
2486,2015-07-14,NSE:MARICO,221.0,221.774995,218.0,219.725005,523630.0,0.19379844519383907,1.9762845390308175
2487,2015-07-15,NSE:MARICO,220.0,220.899995,218.100005,219.175005,267040.0,-0.25031288541784824,0.19379844519383907
2488,2015-07-16,NSE:MARICO,219.774995,222.425005,218.5,220.324995,447148.0,0.5246903039879034,-0.25031288541784824
2489,2015-07-17,NSE:MARICO,221.375,221.375,219.0,219.975005,281536.0,-0.15885169996258985,0.5246903039879034
2490,2015-07-20,NSE:MARICO,220.5,222.100005,217.5,218.324995,505016.0,-0.7500897658804503,-0.15885169996258985
2491,2015-07-21,NSE:MARICO,218.425005,219.925005,213.149995,214.425005,1193640.0,-1.7863231830143873,-0.7500897658804503
2492,2015-07-22,NSE:MARICO,216.225005,216.375,213.0,215.199995,278944.0,0.3614270639751192,-1.7863231830143873
2493,2015-07-23,NSE:MARICO,215.850005,217.5,214.625,216.024995,405902.0,0.38336432117481634,0.3614270639751192
2494,2015-07-24,NSE:MARICO,216.125,220.5,214.100005,217.425005,1448052.0,0.6480777837768306,0.38336432117481634
2495,2015-07-27,NSE:MARICO,219.0,219.274995,213.199995,213.824995,407274.0,-1.6557479209900434,0.6480777837768306
2496,2015-07-28,NSE:MARICO,213.850005,215.199995,208.524995,209.449995,507068.0,-2.0460657557831348,-1.6557479209900434
2497,2015-07-29,NSE:MARICO,210.725005,217.5,210.125,215.225005,972734.0,2.757226134094684,-2.0460657557831348
2498,2015-07-30,NSE:MARICO,217.425005,220.0,215.600005,218.399995,520662.0,1.4751956911326263,2.757226134094684
2499,2015-07-31,NSE:MARICO,219.949995,222.399995,218.574995,220.024995,1582696.0,0.7440476360816767,1.4751956911326263
2500,2015-08-03,NSE:MARICO,220.5,223.5,215.75,216.225005,687974.0,-1.7270719628922067,0.7440476360816767
2501,2015-08-04,NSE:MARICO,215.550005,222.449995,215.074995,221.050005,1087794.0,2.231471794855543,-1.7270719628922067
2502,2015-08-05,NSE:MARICO,225.024995,228.5,217.050005,220.199995,4277354.0,-0.38453290240821186,2.231471794855543
2503,2015-08-06,NSE:MARICO,222.5,224.199995,218.75,220.375,1114822.0,0.0794754786438568,-0.38453290240821186
2504,2015-08-07,NSE:MARICO,218.125,220.324995,216.5,219.449995,1328012.0,-0.4197413499716387,0.0794754786438568
2505,2015-08-10,NSE:MARICO,219.0,221.949995,217.050005,218.449995,382870.0,-0.455684676593408,-0.4197413499716387
2506,2015-08-11,NSE:MARICO,219.975005,220.0,215.550005,218.350005,400526.0,-0.04577248903118132,-0.455684676593408
2507,2015-08-12,NSE:MARICO,218.024995,218.024995,209.600005,211.699995,654956.0,-3.045573550593694,-0.04577248903118132
2508,2015-08-13,NSE:MARICO,213.0,215.5,208.875,209.774995,417966.0,-0.9093056426383058,-3.045573550593694
2509,2015-08-14,NSE:MARICO,209.975005,212.5,208.649995,208.899995,339512.0,-0.4171135840093811,-0.9093056426383058
2510,2015-08-17,NSE:MARICO,209.399995,213.850005,209.0,212.375,282002.0,1.6634777803608902,-0.4171135840093811
2511,2015-08-18,NSE:MARICO,214.5,216.300005,213.199995,214.899995,1175502.0,1.188932313125363,1.6634777803608902
2512,2015-08-19,NSE:MARICO,215.425005,216.925005,213.524995,215.925005,1238402.0,0.4769706951365955,1.188932313125363
2513,2015-08-20,NSE:MARICO,216.050005,217.0,209.75,211.024995,427730.0,-2.269311050843791,0.4769706951365955
2514,2015-08-21,NSE:MARICO,209.5,216.725005,209.0,215.300005,609206.0,2.0258311106700932,-2.269311050843791
2515,2015-08-24,NSE:MARICO,208.375,211.199995,191.0,198.125,1237362.0,-7.977243196069596,2.0258311106700932
2516,2015-08-25,NSE:MARICO,200.050005,202.5,191.524995,199.524995,1548900.0,0.7066220820189224,-7.977243196069596
2517,2015-08-26,NSE:MARICO,198.5,205.524995,196.350005,200.699995,1241146.0,0.5888986490138799,0.7066220820189224
2518,2015-08-27,NSE:MARICO,203.5,207.949995,201.125,205.050005,736874.0,2.1674190873796473,0.5888986490138799
2519,2015-08-28,NSE:MARICO,206.449995,208.324995,203.649995,205.550005,801288.0,0.24384295918451698,2.1674190873796473
2520,2015-08-31,NSE:MARICO,203.25,209.949995,201.100005,202.774995,1408430.0,-1.3500413196292593,0.24384295918451698
2521,2015-09-01,NSE:MARICO,201.899995,205.274995,200.050005,202.425005,922644.0,-0.1726001768610529,-1.3500413196292593
2522,2015-09-02,NSE:MARICO,206.0,206.0,200.699995,202.475005,1640322.0,0.024700505750271006,-0.1726001768610529
2523,2015-09-03,NSE:MARICO,202.25,203.625,201.25,202.75,903636.0,0.13581676414824134,0.024700505750271006
2524,2015-09-04,NSE:MARICO,203.425005,203.425005,199.149995,200.875,436216.0,-0.9247842170160296,0.13581676414824134
2525,2015-09-07,NSE:MARICO,201.550005,202.725005,196.175005,198.25,288692.0,-1.3067828251400124,-0.9247842170160296
2526,2015-09-08,NSE:MARICO,198.75,200.449995,190.149995,191.899995,466496.0,-3.2030290037831075,-1.3067828251400124
2527,2015-09-09,NSE:MARICO,193.574995,200.5,193.574995,197.5,682422.0,2.918189237055483,-3.2030290037831075
2528,2015-09-10,NSE:MARICO,196.875,199.274995,192.5,197.149995,477468.0,-0.17721772151899245,2.918189237055483
2529,2015-09-11,NSE:MARICO,198.5,204.975005,198.475005,202.675005,817246.0,2.802439837748923,-0.17721772151899245
2530,2015-09-14,NSE:MARICO,203.0,205.699995,199.5,204.100005,687510.0,0.7030960724535378,2.802439837748923
2531,2015-09-15,NSE:MARICO,204.699995,204.699995,201.574995,202.350005,1934100.0,-0.8574228109401564,0.7030960724535378
2532,2015-09-16,NSE:MARICO,203.725005,205.875,202.5,203.399995,1579074.0,0.518897936276295,-0.8574228109401564
2533,2015-09-18,NSE:MARICO,203.725005,207.25,201.149995,202.399995,1214264.0,-0.49164209664803576,0.518897936276295
2534,2015-09-21,NSE:MARICO,201.225005,204.649995,199.675005,201.925005,437942.0,-0.234678859552339,-0.49164209664803576
2535,2015-09-22,NSE:MARICO,202.550005,202.949995,196.5,196.850005,555216.0,-2.5133093348196223,-0.234678859552339
2536,2015-09-23,NSE:MARICO,196.5,197.0,192.0,195.25,583672.0,-0.8128041449630699,-2.5133093348196223
2537,2015-09-24,NSE:MARICO,199.0,201.074995,196.524995,197.699995,865814.0,1.2547989756722158,-0.8128041449630699
2538,2015-09-28,NSE:MARICO,199.75,203.0,197.725005,198.875,1191950.0,0.5943373948997817,1.2547989756722158
2539,2015-09-29,NSE:MARICO,197.199995,200.0,193.050005,198.225005,777724.0,-0.326835952231296,0.5943373948997817
2540,2015-09-30,NSE:MARICO,199.949995,202.524995,197.949995,202.100005,2576848.0,1.954849238117058,-0.326835952231296
2541,2015-10-01,NSE:MARICO,204.0,204.5,199.300005,199.925005,1675576.0,-1.0761998744136654,1.954849238117058
2542,2015-10-05,NSE:MARICO,200.149995,202.25,200.149995,201.475005,1022008.0,0.7752907146357262,-1.0761998744136654
2543,2015-10-06,NSE:MARICO,201.75,203.0,200.050005,200.975005,1202424.0,-0.24816974194888344,0.7752907146357262
2544,2015-10-07,NSE:MARICO,204.0,204.0,200.524995,201.574995,854448.0,0.29853961192835454,-0.24816974194888344
2545,2015-10-08,NSE:MARICO,201.0,201.475005,199.024995,200.875,1034506.0,-0.3472628140211544,0.29853961192835454
2546,2015-10-09,NSE:MARICO,201.050005,202.0,199.225005,200.050005,869120.0,-0.41070068450529,-0.3472628140211544
2547,2015-10-12,NSE:MARICO,200.324995,200.850005,193.649995,197.574995,735318.0,-1.2371956701525688,-0.41070068450529
2548,2015-10-13,NSE:MARICO,197.5,197.574995,194.550005,195.625,574426.0,-0.9869644688590281,-1.2371956701525688
2549,2015-10-14,NSE:MARICO,196.475005,197.824995,194.949995,197.324995,447232.0,0.8690070287539943,-0.9869644688590281
2550,2015-10-15,NSE:MARICO,197.975005,201.0,197.425005,199.824995,1353120.0,1.266945426756504,0.8690070287539943
2551,2015-10-16,NSE:MARICO,200.949995,200.949995,198.125,199.949995,744130.0,0.0625547369587073,1.266945426756504
2552,2015-10-19,NSE:MARICO,200.0,201.399995,199.300005,200.550005,1394086.0,0.30008002750887663,0.0625547369587073
2553,2015-10-20,NSE:MARICO,200.074995,200.5,195.375,196.925005,1108910.0,-1.807529249375985,0.30008002750887663
2554,2015-10-21,NSE:MARICO,197.0,198.375,195.625,196.475005,375044.0,-0.2285133876218455,-1.807529249375985
2555,2015-10-23,NSE:MARICO,197.0,198.5,190.574995,192.800005,1175290.0,-1.8704669329312456,-0.2285133876218455
2556,2015-10-26,NSE:MARICO,193.0,195.0,190.699995,194.300005,1201116.0,0.7780082785786234,-1.8704669329312456
2557,2015-10-27,NSE:MARICO,194.699995,197.300005,193.100005,195.675005,1078472.0,0.7076685355720912,0.7780082785786234
2558,2015-10-28,NSE:MARICO,196.5,198.75,193.949995,196.850005,680954.0,0.6004854835700714,0.7076685355720912
2559,2015-10-29,NSE:MARICO,196.5,198.0,194.875,196.024995,1125000.0,-0.4191059075665354,0.6004854835700714
2560,2015-10-30,NSE:MARICO,196.25,197.125,192.5,193.600005,1031808.0,-1.2370820364005009,-0.4191059075665354
2561,2015-11-02,NSE:MARICO,193.949995,194.324995,190.625,192.975005,1112308.0,-0.3228305701748303,-1.2370820364005009
2562,2015-11-03,NSE:MARICO,194.0,196.774995,189.300005,195.25,2420776.0,1.1789065635728262,-0.3228305701748303
2563,2015-11-04,NSE:MARICO,195.475005,203.5,191.550005,199.699995,9408310.0,2.279126760563381,1.1789065635728262
2564,2015-11-05,NSE:MARICO,201.300005,208.25,200.050005,201.625,5275728.0,0.9639484467688638,2.279126760563381
2565,2015-11-06,NSE:MARICO,202.475005,204.800005,200.5,201.375,1364176.0,-0.12399256044637322,0.9639484467688638
2566,2015-11-09,NSE:MARICO,199.975005,202.949995,197.5,202.175005,1086156.0,0.39727126008690195,-0.12399256044637322
2567,2015-11-10,NSE:MARICO,202.449995,205.425005,197.5,201.824995,575662.0,-0.17312229075992724,0.39727126008690195
2568,2015-11-11,NSE:MARICO,202.625,205.5,202.625,204.75,293428.0,1.4492778756169415,-0.17312229075992724
2569,2015-11-13,NSE:MARICO,201.5,202.850005,198.024995,198.850005,1249188.0,-2.8815604395604346,1.4492778756169415
2570,2015-11-16,NSE:MARICO,198.050005,200.475005,195.0,195.875,690964.0,-1.496105066731082,-2.8815604395604346
2571,2015-11-17,NSE:MARICO,196.75,201.949995,196.625,200.975005,1239886.0,2.6037038927887735,-1.496105066731082
2572,2015-11-18,NSE:MARICO,201.75,212.449995,201.0,209.475005,3302042.0,4.229381658679396,2.6037038927887735
2573,2015-11-19,NSE:MARICO,212.0,213.5,209.550005,210.774995,1429046.0,0.6205943281872602,4.229381658679396
2574,2015-11-20,NSE:MARICO,210.0,212.0,207.550005,209.600005,1018468.0,-0.5574617615338953,0.6205943281872602
2575,2015-11-23,NSE:MARICO,210.5,215.824995,208.774995,214.800005,2320414.0,2.4809159713521898,-0.5574617615338953
2576,2015-11-24,NSE:MARICO,215.75,218.25,213.75,216.375,1445838.0,0.7332378786490258,2.4809159713521898
2577,2015-11-26,NSE:MARICO,216.5,219.0,212.899995,214.675005,1943676.0,-0.7856707105719243,0.7332378786490258
2578,2015-11-27,NSE:MARICO,216.475005,216.475005,209.350005,210.5,956058.0,-1.9448025632979482,-0.7856707105719243
2579,2015-11-30,NSE:MARICO,209.0,212.725005,207.225005,211.324995,3077504.0,0.39192161520190083,-1.9448025632979482
2580,2015-12-01,NSE:MARICO,212.675005,213.0,210.050005,212.225005,1154952.0,0.4258890435558789,0.39192161520190083
2581,2015-12-02,NSE:MARICO,213.024995,217.199995,212.5,215.975005,1422034.0,1.7669925370010005,0.4258890435558789
2582,2015-12-03,NSE:MARICO,214.550005,215.125,211.625,212.574995,524698.0,-1.574260873382088,1.7669925370010005
2583,2015-12-04,NSE:MARICO,210.625,213.725005,210.625,212.074995,634686.0,-0.23521110749643906,-1.574260873382088
2584,2015-12-07,NSE:MARICO,212.100005,215.925005,212.024995,212.975005,1169112.0,0.42438289341938157,-0.23521110749643906
2585,2015-12-08,NSE:MARICO,211.300005,215.5,211.25,213.125,573096.0,0.07042845239045299,0.42438289341938157
2586,2015-12-09,NSE:MARICO,213.925005,217.449995,210.625,211.824995,1484666.0,-0.6099730205278587,0.07042845239045299
2587,2015-12-10,NSE:MARICO,214.699995,214.699995,208.824995,212.149995,869270.0,0.15342854132959552,-0.6099730205278587
2588,2015-12-11,NSE:MARICO,212.399995,215.600005,212.25,214.399995,973032.0,1.0605703761623941,0.15342854132959552
2589,2015-12-14,NSE:MARICO,216.949995,216.949995,212.5,215.25,859454.0,0.3964575652158994,1.0605703761623941
2590,2015-12-15,NSE:MARICO,217.0,217.5,215.149995,216.449995,2373902.0,0.5574889663182352,0.3964575652158994
2591,2015-12-16,NSE:MARICO,217.449995,219.0,216.550005,217.774995,2572340.0,0.6121506262913006,0.5574889663182352
2592,2015-12-17,NSE:MARICO,220.5,227.350005,218.399995,225.449995,19343570.0,3.5242797273396844,0.6121506262913006
2593,2015-12-18,NSE:MARICO,225.949995,228.975005,222.5,227.300005,9324454.0,0.8205855138741509,3.5242797273396844
2594,2015-12-21,NSE:MARICO,231.399995,234.300005,222.5,231.5,10922390.0,1.8477760262257807,0.8205855138741509
2595,2015-12-22,NSE:MARICO,225.0,225.0,216.64999,221.2,4847658.0,-4.449244060475166,1.8477760262257807
2596,2015-12-23,NSE:MARICO,222.2,225.7,221.45,222.95,2171754.0,0.7911392405063291,-4.449244060475166
2597,2015-12-24,NSE:MARICO,224.5,229.75,222.7,226.10001,3905231.0,1.412877326754882,0.7911392405063291
2598,2015-12-28,NSE:MARICO,226.45,228.0,223.35001,224.3,1072054.0,-0.7961123044620768,1.412877326754882
2599,2015-12-29,NSE:MARICO,226.0,226.0,222.89999,223.5,1217508.0,-0.3566651805617527,-0.7961123044620768
2600,2015-12-30,NSE:MARICO,224.5,227.3,223.05,225.5,3092677.0,0.8948545861297539,-0.3566651805617527
2601,2015-12-31,NSE:MARICO,227.0,228.0,224.10001,226.14999,3893216.0,0.28824390243902553,0.8948545861297539
2602,2016-01-01,NSE:MARICO,225.89999,229.75,224.39999,227.14999,275593.0,0.442184410443706,0.28824390243902553
2603,2016-01-04,NSE:MARICO,226.75,226.85001,223.55,225.3,549120.0,-0.8144354309678777,0.442184410443706
2604,2016-01-05,NSE:MARICO,226.0,233.8,223.85001,229.64999,1173777.0,1.9307545494895655,-0.8144354309678777
2605,2016-01-06,NSE:MARICO,231.0,233.45,224.75,226.85001,1507146.0,-1.2192380239163108,1.9307545494895655
2606,2016-01-07,NSE:MARICO,224.05,225.7,221.8,223.7,1808363.0,-1.388587110928498,-1.2192380239163108
2607,2016-01-08,NSE:MARICO,224.5,229.0,224.25,228.2,942938.0,2.0116227089852483,-1.388587110928498
2608,2016-01-11,NSE:MARICO,225.0,225.60001,219.05,221.5,1761502.0,-2.936021034180538,2.0116227089852483
2609,2016-01-12,NSE:MARICO,221.55,224.0,219.5,221.05,1188532.0,-0.20316027088035604,-2.936021034180538
2610,2016-01-13,NSE:MARICO,221.05,226.60001,221.05,225.3,1419934.0,1.922641936213526,-0.20316027088035604
2611,2016-01-14,NSE:MARICO,224.3,228.2,221.8,225.14999,828936.0,-0.06658233466489517,1.922641936213526
2612,2016-01-15,NSE:MARICO,226.89999,228.89999,223.55,225.10001,650453.0,-0.022198535296406197,-0.06658233466489517
2613,2016-01-18,NSE:MARICO,223.0,225.95,216.8,219.64999,2183695.0,-2.421154934644381,-0.022198535296406197
2614,2016-01-19,NSE:MARICO,220.75,227.0,220.55,224.0,870082.0,1.980428043725382,-2.421154934644381
2615,2016-01-20,NSE:MARICO,224.0,228.5,221.5,226.10001,2664817.0,0.9375044642857131,1.980428043725382
2616,2016-01-21,NSE:MARICO,227.5,229.0,219.0,219.85001,2974984.0,-2.7642634779184663,0.9375044642857131
2617,2016-01-22,NSE:MARICO,221.2,224.0,216.8,219.3,3104923.0,-0.25017510802022985,-2.7642634779184663
2618,2016-01-25,NSE:MARICO,222.95,222.95,214.0,214.95,640993.0,-1.9835841313269598,-0.25017510802022985
2619,2016-01-27,NSE:MARICO,212.05,216.39999,210.95,213.60001,1411309.0,-0.6280483833449598,-1.9835841313269598
2620,2016-01-28,NSE:MARICO,211.45,215.89999,207.3,213.14999,2012048.0,-0.21068351073578834,-0.6280483833449598
2621,2016-01-29,NSE:MARICO,213.25,223.95,211.60001,221.64999,2138703.0,3.9878022044476755,-0.21068351073578834
2622,2016-02-01,NSE:MARICO,225.89999,231.60001,221.05,226.0,3107761.0,1.9625581756173314,3.9878022044476755
2623,2016-02-02,NSE:MARICO,226.05,227.95,220.89999,222.75,959010.0,-1.4380530973451326,1.9625581756173314
2624,2016-02-03,NSE:MARICO,220.89999,225.8,219.2,221.14999,1086283.0,-0.7182985409652065,-1.4380530973451326
2625,2016-02-04,NSE:MARICO,224.7,229.89999,223.95,225.10001,1961021.0,1.7861271438447703,-0.7182985409652065
2626,2016-02-05,NSE:MARICO,224.8,229.0,224.05,227.95,3948713.0,1.266099455082206,1.7861271438447703
2627,2016-02-08,NSE:MARICO,227.05,238.14999,227.05,233.25,1782502.0,2.325071287563067,1.266099455082206
2628,2016-02-09,NSE:MARICO,230.0,234.45,229.0,230.3,1527114.0,-1.264737406216501,2.325071287563067
2629,2016-02-10,NSE:MARICO,230.45,232.45,226.10001,228.39999,842947.0,-0.8250151975683928,-1.264737406216501
2630,2016-02-11,NSE:MARICO,231.89999,231.89999,225.39999,228.25,1885533.0,-0.06566988028327081,-0.8250151975683928
2631,2016-02-12,NSE:MARICO,228.0,230.60001,226.8,228.25,2248724.0,0.0,-0.06566988028327081
2632,2016-02-15,NSE:MARICO,233.0,233.0,227.05,229.14999,3516834.0,0.39430010952902633,0.0
2633,2016-02-16,NSE:MARICO,227.25,230.39999,220.2,221.39999,609126.0,-3.38206429771173,0.39430010952902633
2634,2016-02-17,NSE:MARICO,223.0,229.5,215.60001,227.3,1085499.0,2.664864619009246,-3.38206429771173
2635,2016-02-18,NSE:MARICO,230.2,231.95,228.0,231.35001,1954535.0,1.7817905851297782,2.664864619009246
2636,2016-02-19,NSE:MARICO,232.45,234.39999,229.75,233.05,2913559.0,0.7348130220526093,1.7817905851297782
2637,2016-02-22,NSE:MARICO,235.0,242.39999,234.0,241.14999,2502756.0,3.4756447114353106,0.7348130220526093
2638,2016-02-23,NSE:MARICO,242.39999,242.39999,236.0,237.5,1338472.0,-1.5135766748321253,3.4756447114353106
2639,2016-02-24,NSE:MARICO,238.45,240.0,231.60001,236.45,1459405.0,-0.44210526315789955,-1.5135766748321253
2640,2016-02-25,NSE:MARICO,234.05,243.60001,234.05,241.05,2425643.0,1.9454430112074532,-0.44210526315789955
2641,2016-02-26,NSE:MARICO,242.89999,246.0,236.75,237.55,912625.0,-1.451980916822236,1.9454430112074532
2642,2016-02-29,NSE:MARICO,238.95,240.0,234.7,236.75,1066114.0,-0.3367712060618865,-1.451980916822236
2643,2016-03-01,NSE:MARICO,237.0,238.05,234.39999,235.75,1400288.0,-0.42238648363252373,-0.3367712060618865
2644,2016-03-02,NSE:MARICO,236.8,240.89999,236.10001,236.95,990160.0,0.509013785790027,-0.42238648363252373
2645,2016-03-03,NSE:MARICO,239.3,241.75,237.3,239.2,1651384.0,0.9495674192867695,0.509013785790027
2646,2016-03-04,NSE:MARICO,240.10001,241.95,236.5,237.25,1181073.0,-0.8152173913043431,0.9495674192867695
2647,2016-03-08,NSE:MARICO,237.05,241.35001,235.0,238.35001,931508.0,0.4636501580611159,-0.8152173913043431
2648,2016-03-09,NSE:MARICO,239.7,240.39999,236.55,238.8,1198626.0,0.1887937827231532,0.4636501580611159
2649,2016-03-10,NSE:MARICO,240.39999,240.39999,236.60001,237.64999,986531.0,-0.4815787269681779,0.1887937827231532
2650,2016-03-11,NSE:MARICO,239.0,248.05,236.75,246.05,2708517.0,3.5346140767773684,-0.4815787269681779
2651,2016-03-14,NSE:MARICO,250.0,252.89999,249.10001,250.85001,1750551.0,1.9508270676691672,3.5346140767773684
2652,2016-03-15,NSE:MARICO,251.75,251.75,241.5,242.89999,1749372.0,-3.1692324827892153,1.9508270676691672
2653,2016-03-16,NSE:MARICO,242.89999,242.89999,238.05,240.2,1082071.0,-1.1115644755687366,-3.1692324827892153
2654,2016-03-17,NSE:MARICO,242.8,247.75,240.64999,245.5,5781830.0,2.2064945878434683,-1.1115644755687366
2655,2016-03-18,NSE:MARICO,245.8,249.0,240.2,247.7,2292028.0,0.8961303462321746,2.2064945878434683
2656,2016-03-21,NSE:MARICO,243.55,250.5,243.55,247.35001,3331874.0,-0.14129592248687572,0.8961303462321746
2657,2016-03-22,NSE:MARICO,247.3,250.64999,243.95,245.05,1555683.0,-0.9298604839352891,-0.14129592248687572
2658,2016-03-23,NSE:MARICO,245.2,246.45,239.95,240.8,1054395.0,-1.7343399306264027,-0.9298604839352891
2659,2016-03-28,NSE:MARICO,239.0,242.75,235.35001,237.8,1173159.0,-1.2458471760797343,-1.7343399306264027
2660,2016-03-29,NSE:MARICO,236.5,241.45,236.05,240.3,964252.0,1.0513036164844407,-1.2458471760797343
2661,2016-03-30,NSE:MARICO,244.0,251.0,240.75,247.2,1845890.0,2.871410736579266,1.0513036164844407
2662,2016-03-31,NSE:MARICO,247.10001,247.85001,241.05,244.3,2119813.0,-1.1731391585760427,2.871410736579266
2663,2016-04-01,NSE:MARICO,244.55,246.39999,240.10001,242.0,943923.0,-0.941465411379456,-1.1731391585760427
2664,2016-04-04,NSE:MARICO,242.0,244.5,240.0,243.14999,660303.0,0.4752024793388441,-0.941465411379456
2665,2016-04-05,NSE:MARICO,243.0,246.39999,240.8,245.0,680853.0,0.7608513576332031,0.4752024793388441
2666,2016-04-06,NSE:MARICO,246.5,253.75,245.10001,251.89999,1541763.0,2.816322448979593,0.7608513576332031
2667,2016-04-07,NSE:MARICO,254.60001,254.89999,245.5,247.14999,1149821.0,-1.885668991094442,2.816322448979593
2668,2016-04-08,NSE:MARICO,248.5,253.5,245.35001,252.10001,1214850.0,2.0028404613732715,-1.885668991094442
2669,2016-04-11,NSE:MARICO,253.0,254.64999,250.2,254.05,680455.0,0.7734985809798317,2.0028404613732715
2670,2016-04-12,NSE:MARICO,255.0,259.29999,251.64999,258.20001,977437.0,1.6335406416059863,0.7734985809798317
2671,2016-04-13,NSE:MARICO,258.20001,258.20001,250.05,251.39999,1520188.0,-2.633624994824755,1.6335406416059863
2672,2016-04-18,NSE:MARICO,252.64999,259.35001,248.5,257.85001,1447032.0,2.565640515737489,-2.633624994824755
2673,2016-04-20,NSE:MARICO,257.85001,258.5,251.95,253.45,1144256.0,-1.7064222723900644,2.565640515737489
2674,2016-04-21,NSE:MARICO,253.85001,260.79999,253.75,259.20001,852818.0,2.2686959952653507,-1.7064222723900644
2675,2016-04-22,NSE:MARICO,262.0,263.5,258.0,259.0,1068428.0,-0.07716434887484001,2.2686959952653507
2676,2016-04-25,NSE:MARICO,258.0,261.25,252.5,254.45,757006.0,-1.756756756756761,-0.07716434887484001
2677,2016-04-26,NSE:MARICO,254.0,255.0,251.10001,251.55,1170519.0,-1.1397131067007182,-1.756756756756761
2678,2016-04-27,NSE:MARICO,252.64999,252.64999,247.25,250.0,815551.0,-0.6161796859471322,-1.1397131067007182
2679,2016-04-28,NSE:MARICO,251.0,253.89999,247.5,251.14999,2352779.0,0.45999600000000096,-0.6161796859471322
2680,2016-04-29,NSE:MARICO,253.10001,260.5,252.14999,259.10001,2361478.0,3.165447070095442,0.45999600000000096
2681,2016-05-02,NSE:MARICO,261.89999,268.70001,259.25,267.39999,1554850.0,3.203388529394501,3.165447070095442
2682,2016-05-03,NSE:MARICO,269.0,269.25,253.25,254.5,2346993.0,-4.824229798961474,3.203388529394501
2683,2016-05-04,NSE:MARICO,254.0,255.8,249.75,250.5,1458287.0,-1.5717092337917484,-4.824229798961474
2684,2016-05-05,NSE:MARICO,251.0,252.45,245.75,246.60001,1100069.0,-1.5568822355289431,-1.5717092337917484
2685,2016-05-06,NSE:MARICO,247.95,249.75,244.64999,245.2,673882.0,-0.567725037805152,-1.5568822355289431
2686,2016-05-09,NSE:MARICO,245.64999,252.2,245.64999,247.3,987851.0,0.8564437194127337,-0.567725037805152
2687,2016-05-10,NSE:MARICO,247.35001,251.5,246.64999,250.10001,1060989.0,1.132232106752926,0.8564437194127337
2688,2016-05-11,NSE:MARICO,248.7,256.79999,245.95,255.3,1182193.0,2.0791642511329824,1.132232106752926
2689,2016-05-12,NSE:MARICO,255.7,258.0,253.0,254.3,569340.0,-0.3916960438699569,2.0791642511329824
2690,2016-05-13,NSE:MARICO,253.35001,257.39999,251.7,254.39999,686150.0,0.039319701140381885,-0.3916960438699569
2691,2016-05-16,NSE:MARICO,254.8,255.85001,249.14999,251.60001,563668.0,-1.1006211124458005,0.039319701140381885
2692,2016-05-17,NSE:MARICO,252.5,253.8,248.89999,249.39999,440489.0,-0.8744117299518371,-1.1006211124458005
2693,2016-05-18,NSE:MARICO,248.0,251.85001,246.35001,251.10001,877376.0,0.6816439728004781,-0.8744117299518371
2694,2016-05-19,NSE:MARICO,252.39999,252.5,246.64999,248.55,1393049.0,-1.0155356027265734,0.6816439728004781
2695,2016-05-20,NSE:MARICO,248.89999,248.89999,242.0,243.14999,861942.0,-2.172605109635892,-1.0155356027265734
2696,2016-05-23,NSE:MARICO,244.35001,248.5,240.05,247.55,527564.0,1.8095867493146962,-2.172605109635892
2697,2016-05-24,NSE:MARICO,247.60001,248.7,244.10001,245.8,539977.0,-0.7069278933548777,1.8095867493146962
2698,2016-05-25,NSE:MARICO,247.0,251.89999,246.0,250.8,774920.0,2.034174125305126,-0.7069278933548777
2699,2016-05-26,NSE:MARICO,249.0,255.0,249.0,253.75,762022.0,1.1762360446570927,2.034174125305126
2700,2016-05-27,NSE:MARICO,253.0,258.39999,252.5,257.29999,871893.0,1.3990108374384156,1.1762360446570927
2701,2016-05-30,NSE:MARICO,257.0,260.45001,252.60001,253.7,542219.0,-1.3991411348286455,1.3990108374384156
2702,2016-05-31,NSE:MARICO,253.3,254.3,246.7,249.2,1699096.0,-1.7737485218762319,-1.3991411348286455
2703,2016-06-01,NSE:MARICO,250.10001,253.0,249.39999,251.55,509540.0,0.9430176565008117,-1.7737485218762319
2704,2016-06-02,NSE:MARICO,251.14999,252.2,247.25,248.95,735428.0,-1.0335917312661589,0.9430176565008117
2705,2016-06-03,NSE:MARICO,250.25,255.25,249.45,254.0,898022.0,2.0285197830889783,-1.0335917312661589
2706,2016-06-06,NSE:MARICO,255.0,258.64999,253.85001,256.25,730312.0,0.8858267716535433,2.0285197830889783
2707,2016-06-07,NSE:MARICO,257.45001,258.70001,255.0,255.8,889853.0,-0.17560975609755652,0.8858267716535433
2708,2016-06-08,NSE:MARICO,256.95001,258.0,255.0,257.20001,637178.0,0.5473064894448822,-0.17560975609755652
2709,2016-06-09,NSE:MARICO,257.0,257.29999,250.0,250.5,598921.0,-2.6049804585933023,0.5473064894448822
2710,2016-06-10,NSE:MARICO,250.3,255.39999,250.0,253.5,707562.0,1.1976047904191618,-2.6049804585933023
2711,2016-06-13,NSE:MARICO,252.0,255.5,249.0,252.75,688082.0,-0.2958579881656805,1.1976047904191618
2712,2016-06-14,NSE:MARICO,253.25,254.64999,250.2,252.85001,478880.0,0.03956874381800098,-0.2958579881656805
2713,2016-06-15,NSE:MARICO,254.0,254.39999,249.85001,251.95,2600383.0,-0.3559461990925011,0.03956874381800098
2714,2016-06-16,NSE:MARICO,252.10001,255.95,250.85001,255.25,752465.0,1.3097836872395363,-0.3559461990925011
2715,2016-06-17,NSE:MARICO,257.54999,257.54999,252.8,256.0,937487.0,0.2938295788442703,1.3097836872395363
2716,2016-06-20,NSE:MARICO,253.95,257.20001,253.45,254.89999,464363.0,-0.429691406249999,0.2938295788442703
2717,2016-06-21,NSE:MARICO,255.0,259.89999,254.10001,256.20001,975155.0,0.5100117893296181,-0.429691406249999
2718,2016-06-22,NSE:MARICO,257.5,260.79999,256.70001,260.04999,844696.0,1.5027243753815465,0.5100117893296181
2719,2016-06-23,NSE:MARICO,260.04999,261.89999,258.45001,260.14999,954998.0,0.03845414491268496,1.5027243753815465
2720,2016-06-24,NSE:MARICO,258.0,258.0,250.3,256.5,932615.0,-1.4030329195861213,0.03845414491268496
2721,2016-06-27,NSE:MARICO,256.54999,259.70001,255.05,256.70001,744783.0,0.07797660818714239,-1.4030329195861213
2722,2016-06-28,NSE:MARICO,257.14999,259.5,255.55,256.39999,788257.0,-0.11687572587161865,0.07797660818714239
2723,2016-06-29,NSE:MARICO,257.35001,260.35001,256.60001,259.20001,609513.0,1.0920515246510025,-0.11687572587161865
2724,2016-06-30,NSE:MARICO,261.25,266.5,259.60001,263.60001,1585164.0,1.6975307987063644,1.0920515246510025
2725,2016-07-01,NSE:MARICO,264.89999,269.0,263.29999,268.25,1005878.0,1.7640325582688723,1.6975307987063644
2726,2016-07-04,NSE:MARICO,269.39999,269.5,263.35001,265.04999,539270.0,-1.192920782851825,1.7640325582688723
2727,2016-07-05,NSE:MARICO,264.5,273.14999,263.0,271.79999,875102.0,2.546689399988282,-1.192920782851825
2728,2016-07-07,NSE:MARICO,273.0,274.0,267.5,268.75,2443887.0,-1.122145000814746,2.546689399988282
2729,2016-07-08,NSE:MARICO,269.60001,270.0,262.5,264.10001,1540822.0,-1.7302288372093033,-1.122145000814746
2730,2016-07-11,NSE:MARICO,264.95001,271.0,264.70001,269.5,1614085.0,2.0446761815722776,-1.7302288372093033
2731,2016-07-12,NSE:MARICO,268.5,274.25,268.5,273.45001,1179853.0,1.465680890538041,2.0446761815722776
2732,2016-07-13,NSE:MARICO,275.0,279.70001,273.29999,278.54999,2100371.0,1.8650502152111677,1.465680890538041
2733,2016-07-14,NSE:MARICO,281.0,281.5,276.79999,278.39999,564417.0,-0.05385029810985715,1.8650502152111677
2734,2016-07-15,NSE:MARICO,278.10001,281.39999,277.89999,279.04999,712208.0,0.2334770198806319,-0.05385029810985715
2735,2016-07-18,NSE:MARICO,278.04999,281.0,278.0,279.95001,1072786.0,0.3225300241007142,0.2334770198806319
2736,2016-07-19,NSE:MARICO,281.54999,281.54999,276.54999,278.70001,978343.0,-0.4465082891049012,0.3225300241007142
2737,2016-07-20,NSE:MARICO,278.0,278.60001,275.10001,277.20001,600803.0,-0.5382131130888729,-0.4465082891049012
2738,2016-07-21,NSE:MARICO,277.20001,280.0,275.70001,277.75,380614.0,0.19840908375146873,-0.5382131130888729
2739,2016-07-22,NSE:MARICO,277.85001,279.79999,275.95001,277.04999,776826.0,-0.2520288028802953,0.19840908375146873
2740,2016-07-25,NSE:MARICO,277.04999,284.0,275.39999,282.89999,988959.0,2.1115322906165863,-0.2520288028802953
2741,2016-07-26,NSE:MARICO,282.39999,289.20001,282.39999,287.10001,896935.0,1.484630664002496,2.1115322906165863
2742,2016-07-27,NSE:MARICO,288.0,289.35001,276.29999,278.10001,2885482.0,-3.134796129056213,1.484630664002496
2743,2016-07-28,NSE:MARICO,279.29999,285.0,275.0,283.29999,2811850.0,1.8698237371512434,-3.134796129056213
2744,2016-07-29,NSE:MARICO,285.0,286.5,281.54999,284.25,1359374.0,0.3353371103190015,1.8698237371512434
2745,2016-08-01,NSE:MARICO,286.54999,288.95001,282.20001,286.54999,984250.0,0.8091433597185504,0.3353371103190015
2746,2016-08-02,NSE:MARICO,288.95001,306.89999,287.0,299.10001,2972838.0,4.379696540907232,0.8091433597185504
2747,2016-08-03,NSE:MARICO,306.79999,306.79999,293.20001,297.79999,1827722.0,-0.43464391726366636,4.379696540907232
2748,2016-08-04,NSE:MARICO,300.0,303.0,292.95001,294.29999,1267914.0,-1.1752854659263086,-0.43464391726366636
2749,2016-08-05,NSE:MARICO,295.0,299.89999,290.5,296.64999,2022650.0,0.798504954077648,-1.1752854659263086
2750,2016-08-08,NSE:MARICO,297.0,305.64999,296.0,300.20001,3084367.0,1.1967032259128063,0.798504954077648
2751,2016-08-09,NSE:MARICO,301.45001,303.45001,291.39999,294.45001,1229655.0,-1.915389676369431,1.1967032259128063
2752,2016-08-10,NSE:MARICO,294.25,294.25,286.39999,288.85001,1038700.0,-1.9018508438834907,-1.915389676369431
2753,2016-08-11,NSE:MARICO,288.35001,297.0,286.10001,295.70001,897678.0,2.3714730008145137,-1.9018508438834907
2754,2016-08-12,NSE:MARICO,295.35001,301.5,295.35001,297.70001,1439411.0,0.6763611539952264,2.3714730008145137
2755,2016-08-16,NSE:MARICO,297.60001,302.85001,293.54999,295.89999,1271365.0,-0.604642236995564,0.6763611539952264
2756,2016-08-17,NSE:MARICO,296.54999,300.70001,292.20001,299.79999,1271629.0,1.3180128867189138,-0.604642236995564
2757,2016-08-18,NSE:MARICO,300.89999,301.95001,296.70001,300.54999,758729.0,0.2501667861963571,1.3180128867189138
2758,2016-08-19,NSE:MARICO,303.70001,304.5,299.79999,300.85001,889067.0,0.09982365995088462,0.2501667861963571
2759,2016-08-22,NSE:MARICO,300.5,301.39999,292.5,293.85001,577019.0,-2.3267408234422198,0.09982365995088462
2760,2016-08-23,NSE:MARICO,293.10001,295.5,288.10001,289.85001,697979.0,-1.3612386809175199,-2.3267408234422198
2761,2016-08-24,NSE:MARICO,290.75,293.20001,288.5,291.29999,910136.0,0.5002518371484556,-1.3612386809175199
2762,2016-08-25,NSE:MARICO,291.0,291.0,284.60001,285.45001,1943784.0,-2.0082321321054493,0.5002518371484556
2763,2016-08-26,NSE:MARICO,289.0,289.5,283.0,284.25,1167074.0,-0.42039234820836757,-2.0082321321054493
2764,2016-08-29,NSE:MARICO,285.70001,285.95001,278.75,284.14999,728973.0,-0.035183817062444146,-0.42039234820836757
2765,2016-08-30,NSE:MARICO,284.25,288.25,283.70001,287.14999,1349994.0,1.0557804348330262,-0.035183817062444146
2766,2016-08-31,NSE:MARICO,287.20001,294.64999,287.20001,291.5,2024240.0,1.5148912246174893,1.0557804348330262
2767,2016-09-01,NSE:MARICO,291.89999,297.89999,291.60001,294.39999,1100114.0,0.9948507718696407,1.5148912246174893
2768,2016-09-02,NSE:MARICO,295.10001,295.89999,289.95001,290.89999,1159796.0,-1.188858736034604,0.9948507718696407
2769,2016-09-06,NSE:MARICO,291.95001,299.85001,291.25,298.70001,1106685.0,2.6813407590698155,-1.188858736034604
2770,2016-09-07,NSE:MARICO,299.64999,300.10001,295.64999,297.85001,798513.0,-0.2845664451099358,2.6813407590698155
2771,2016-09-08,NSE:MARICO,297.85001,302.0,296.25,300.04999,1159095.0,0.7386200859956266,-0.2845664451099358
2772,2016-09-09,NSE:MARICO,300.04999,302.75,293.04999,293.89999,661674.0,-2.0496584585788447,0.7386200859956266
2773,2016-09-12,NSE:MARICO,292.45001,292.45001,281.95001,288.54999,534368.0,-1.820347118759692,-2.0496584585788447
2774,2016-09-14,NSE:MARICO,288.5,293.60001,287.89999,290.20001,670318.0,0.5718315914687921,-1.820347118759692
2775,2016-09-15,NSE:MARICO,290.25,292.70001,290.0,290.95001,461075.0,0.2584424445746918,0.5718315914687921
2776,2016-09-16,NSE:MARICO,291.79999,296.20001,291.75,295.29999,1516346.0,1.4950953258258899,0.2584424445746918
2777,2016-09-19,NSE:MARICO,295.5,296.39999,292.14999,293.45001,621648.0,-0.6264747926337416,1.4950953258258899
2778,2016-09-20,NSE:MARICO,294.0,294.0,290.35001,291.45001,325841.0,-0.6815470887187907,-0.6264747926337416
2779,2016-09-21,NSE:MARICO,292.0,293.5,287.10001,288.04999,1589164.0,-1.1665877108736555,-0.6815470887187907
2780,2016-09-22,NSE:MARICO,289.5,290.95001,285.0,285.85001,913274.0,-0.763749375585808,-1.1665877108736555
2781,2016-09-23,NSE:MARICO,285.75,287.45001,282.5,284.45001,2188072.0,-0.4897673433700343,-0.763749375585808
2782,2016-09-26,NSE:MARICO,284.45001,284.95001,277.14999,278.5,1654052.0,-2.091759462409588,-0.4897673433700343
2783,2016-09-27,NSE:MARICO,278.54999,281.79999,277.95001,278.70001,1213394.0,0.07181687612208985,-2.091759462409588
2784,2016-09-28,NSE:MARICO,281.70001,285.79999,279.45001,284.70001,815085.0,2.1528524523554915,0.07181687612208985
2785,2016-09-29,NSE:MARICO,285.45001,286.29999,269.89999,270.79999,1459391.0,-4.882339133040438,2.1528524523554915
2786,2016-09-30,NSE:MARICO,273.0,279.25,269.20001,275.5,802825.0,1.7356019843279982,-4.882339133040438
2787,2016-10-03,NSE:MARICO,277.5,283.95001,277.5,282.0,561754.0,2.35934664246824,1.7356019843279982
2788,2016-10-04,NSE:MARICO,282.70001,284.89999,281.64999,283.0,506265.0,0.3546099290780142,2.35934664246824
2789,2016-10-05,NSE:MARICO,286.0,287.70001,283.70001,286.39999,1130975.0,1.2014098939929339,0.3546099290780142
2790,2016-10-06,NSE:MARICO,288.5,288.89999,284.14999,286.04999,585361.0,-0.12220670817761647,1.2014098939929339
2791,2016-10-07,NSE:MARICO,287.25,287.29999,278.10001,279.25,827307.0,-2.3772033692432504,-0.12220670817761647
2792,2016-10-10,NSE:MARICO,280.39999,281.64999,277.60001,278.25,356302.0,-0.35810205908683973,-2.3772033692432504
2793,2016-10-13,NSE:MARICO,281.0,283.79999,276.04999,277.95001,1028429.0,-0.10781311769990289,-0.35810205908683973
2794,2016-10-14,NSE:MARICO,277.95001,278.5,273.64999,275.70001,403204.0,-0.8094980820471998,-0.10781311769990289
2795,2016-10-17,NSE:MARICO,276.54999,281.10001,275.5,276.0,652400.0,0.10881029710516868,-0.8094980820471998
2796,2016-10-18,NSE:MARICO,280.0,285.29999,277.75,284.20001,738610.0,2.9710181159420364,0.10881029710516868
2797,2016-10-19,NSE:MARICO,285.35001,289.45001,283.85001,286.95001,1019387.0,0.9676283966351725,2.9710181159420364
2798,2016-10-20,NSE:MARICO,288.10001,289.89999,282.79999,283.64999,758075.0,-1.150033066735219,0.9676283966351725
2799,2016-10-21,NSE:MARICO,284.14999,286.14999,283.39999,284.95001,516768.0,0.4583183662372129,-1.150033066735219
2800,2016-10-24,NSE:MARICO,287.0,287.95001,282.20001,283.45001,954413.0,-0.5264081233055581,0.4583183662372129
2801,2016-10-25,NSE:MARICO,284.14999,285.75,281.04999,285.04999,534329.0,0.5644663762756471,-0.5264081233055581
2802,2016-10-26,NSE:MARICO,283.04999,283.04999,278.89999,280.89999,842804.0,-1.4558849835427035,0.5644663762756471
2803,2016-10-27,NSE:MARICO,281.0,281.0,272.60001,278.54999,1662579.0,-0.8365966833961165,-1.4558849835427035
2804,2016-10-28,NSE:MARICO,280.0,285.0,276.60001,281.95001,877797.0,1.2206139371967095,-0.8365966833961165
2805,2016-11-01,NSE:MARICO,278.10001,278.14999,274.60001,276.0,1087764.0,-2.110306717137559,1.2206139371967095
2806,2016-11-02,NSE:MARICO,275.0,275.0,266.79999,268.60001,1219701.0,-2.68115579710145,-2.110306717137559
2807,2016-11-03,NSE:MARICO,268.79999,269.70001,263.29999,265.54999,1733555.0,-1.1355249018791986,-2.68115579710145
2808,2016-11-04,NSE:MARICO,266.95001,271.60001,260.5,261.60001,2438479.0,-1.4874713420248982,-1.1355249018791986
2809,2016-11-07,NSE:MARICO,264.70001,265.5,257.60001,258.85001,1900720.0,-1.051223201405841,-1.4874713420248982
2810,2016-11-08,NSE:MARICO,261.39999,261.39999,256.39999,260.35001,1836156.0,0.5794861665255489,-1.051223201405841
2811,2016-11-09,NSE:MARICO,249.0,265.5,234.8,263.14999,2553752.0,1.0754675984072384,0.5794861665255489
2812,2016-11-10,NSE:MARICO,266.25,269.89999,262.5,267.10001,1007348.0,1.5010526886206588,1.0754675984072384
2813,2016-11-11,NSE:MARICO,260.5,261.35001,245.0,246.89999,2878530.0,-7.562717799973124,1.5010526886206588
2814,2016-11-15,NSE:MARICO,244.8,248.10001,235.05,239.64999,3941458.0,-2.9364116215638565,-7.562717799973124
2815,2016-11-16,NSE:MARICO,240.55,250.85001,240.55,248.0,1716915.0,3.4842521796057646,-2.9364116215638565
2816,2016-11-17,NSE:MARICO,246.14999,254.3,245.05,249.14999,1601412.0,0.4637056451612913,3.4842521796057646
2817,2016-11-18,NSE:MARICO,251.0,251.5,247.2,250.05,1180860.0,0.36123220394269684,0.4637056451612913
2818,2016-11-21,NSE:MARICO,249.0,253.2,248.25,249.64999,2236813.0,-0.15997200559888375,0.36123220394269684
2819,2016-11-22,NSE:MARICO,250.0,255.7,246.39999,252.5,3571862.0,1.1416022888685065,-0.15997200559888375
2820,2016-11-23,NSE:MARICO,252.2,256.75,252.2,255.3,1273867.0,1.1089108910891134,1.1416022888685065
2821,2016-11-24,NSE:MARICO,255.85001,255.85001,249.3,250.25,1710173.0,-1.9780650215432867,1.1089108910891134
2822,2016-11-25,NSE:MARICO,250.0,256.29999,250.0,255.14999,565980.0,1.958037962037963,-1.9780650215432867
2823,2016-11-28,NSE:MARICO,254.7,255.0,248.3,249.7,2946125.0,-2.135994596746805,1.958037962037963
2824,2016-11-29,NSE:MARICO,249.60001,250.5,245.7,248.0,2124163.0,-0.6808169803764472,-2.135994596746805
2825,2016-11-30,NSE:MARICO,249.0,254.75,245.3,252.64999,5768310.0,1.8749959677419363,-0.6808169803764472
2826,2016-12-01,NSE:MARICO,252.64999,259.75,252.39999,255.3,1492937.0,1.0488858519250324,1.8749959677419363
2827,2016-12-02,NSE:MARICO,253.64999,255.7,250.85001,254.64999,1026768.0,-0.25460634547591415,1.0488858519250324
2828,2016-12-05,NSE:MARICO,253.60001,256.29999,251.39999,254.14999,1107129.0,-0.19634793623985614,-0.25460634547591415
2829,2016-12-06,NSE:MARICO,254.14999,255.89999,252.85001,255.0,825371.0,0.3344521083789921,-0.19634793623985614
2830,2016-12-07,NSE:MARICO,257.20001,257.5,253.35001,256.0,917206.0,0.39215686274509803,0.3344521083789921
2831,2016-12-08,NSE:MARICO,257.10001,259.20001,253.95,256.5,1961193.0,0.1953125,0.39215686274509803
2832,2016-12-09,NSE:MARICO,256.29999,258.54999,251.14999,253.8,1490697.0,-1.0526315789473641,0.1953125
2833,2016-12-12,NSE:MARICO,254.60001,254.64999,249.5,250.35001,1623930.0,-1.3593341213554033,-1.0526315789473641
2834,2016-12-13,NSE:MARICO,250.75,253.64999,248.60001,251.60001,655331.0,0.4993009586858015,-1.3593341213554033
2835,2016-12-14,NSE:MARICO,251.10001,255.10001,249.35001,253.0,830101.0,0.556434795054262,0.4993009586858015
2836,2016-12-15,NSE:MARICO,249.0,254.95,249.0,253.14999,578507.0,0.05928458498023815,0.556434795054262
2837,2016-12-16,NSE:MARICO,253.55,253.89999,249.39999,250.75,1985573.0,-0.9480506003575202,0.05928458498023815
2838,2016-12-19,NSE:MARICO,250.75,251.35001,247.75,250.0,1012230.0,-0.29910269192422734,-0.9480506003575202
2839,2016-12-20,NSE:MARICO,248.14999,253.10001,247.75,251.14999,694392.0,0.45999600000000096,-0.29910269192422734
2840,2016-12-21,NSE:MARICO,251.0,251.8,248.10001,249.0,843728.0,-0.8560581666756198,0.45999600000000096
2841,2016-12-22,NSE:MARICO,248.5,249.89999,242.64999,248.5,1109912.0,-0.2008032128514056,-0.8560581666756198
2842,2016-12-23,NSE:MARICO,249.75,250.14999,244.7,245.39999,620348.0,-1.2474889336016086,-0.2008032128514056
2843,2016-12-26,NSE:MARICO,246.14999,247.2,238.05,239.14999,1013424.0,-2.546862369472794,-1.2474889336016086
2844,2016-12-27,NSE:MARICO,240.0,246.8,239.2,245.60001,1055984.0,2.697060535106021,-2.546862369472794
2845,2016-12-28,NSE:MARICO,246.10001,251.0,245.64999,250.3,1231506.0,1.913676632179296,2.697060535106021
2846,2016-12-29,NSE:MARICO,250.3,252.95,249.14999,251.60001,776753.0,0.5193807431082645,1.913676632179296
2847,2016-12-30,NSE:MARICO,253.0,261.60001,252.10001,260.45001,1259401.0,3.517487936506848,0.5193807431082645
2848,2017-01-02,NSE:MARICO,260.0,260.5,252.64999,253.8,767759.0,-2.5532769225080885,3.517487936506848
2849,2017-01-03,NSE:MARICO,254.14999,259.10001,253.75,257.75,692811.0,1.5563435776201688,-2.5532769225080885
2850,2017-01-04,NSE:MARICO,259.70001,259.70001,254.5,257.75,1351459.0,0.0,1.5563435776201688
2851,2017-01-05,NSE:MARICO,257.89999,262.0,257.89999,260.54999,1172285.0,1.0863200775945605,0.0
2852,2017-01-06,NSE:MARICO,261.54999,264.5,259.10001,260.39999,3310990.0,-0.05757052610133559,1.0863200775945605
2853,2017-01-09,NSE:MARICO,260.39999,263.35001,257.0,257.60001,456790.0,-1.0752611780054235,-0.05757052610133559
2854,2017-01-10,NSE:MARICO,259.25,261.75,257.04999,260.75,845215.0,1.2228221574991407,-1.0752611780054235
2855,2017-01-11,NSE:MARICO,261.10001,263.39999,259.75,261.0,1014655.0,0.09587727708533077,1.2228221574991407
2856,2017-01-12,NSE:MARICO,261.10001,263.20001,259.0,259.89999,973735.0,-0.42145977011494157,0.09587727708533077
2857,2017-01-13,NSE:MARICO,260.20001,261.0,256.5,258.35001,1310681.0,-0.5963755519959831,-0.42145977011494157
2858,2017-01-16,NSE:MARICO,258.5,259.64999,256.64999,257.79999,631934.0,-0.21289722419597262,-0.5963755519959831
2859,2017-01-17,NSE:MARICO,258.79999,258.85001,252.8,255.95,1403076.0,-0.7176066996744226,-0.21289722419597262
2860,2017-01-18,NSE:MARICO,256.0,262.35001,256.0,259.89999,1021462.0,1.5432662629419864,-0.7176066996744226
2861,2017-01-19,NSE:MARICO,261.0,261.0,256.54999,257.95001,410086.0,-0.750280906128539,1.5432662629419864
2862,2017-01-20,NSE:MARICO,257.85001,257.85001,254.5,255.5,952405.0,-0.9498003120837327,-0.750280906128539
2863,2017-01-23,NSE:MARICO,254.5,256.54999,253.7,254.85001,997333.0,-0.254399217221136,-0.9498003120837327
2864,2017-01-24,NSE:MARICO,256.70001,258.79999,253.8,257.75,1269494.0,1.1379203006505678,-0.254399217221136
2865,2017-01-25,NSE:MARICO,257.75,259.79999,254.7,255.85001,1710729.0,-0.7371445198836092,1.1379203006505678
2866,2017-01-27,NSE:MARICO,259.25,259.25,256.35001,257.89999,696646.0,0.8012428844540617,-0.7371445198836092
2867,2017-01-30,NSE:MARICO,259.0,259.79999,256.95001,258.14999,336598.0,0.09693680096691745,0.8012428844540617
2868,2017-01-31,NSE:MARICO,259.5,259.70001,255.0,257.25,745867.0,-0.3486306546051009,0.09693680096691745
2869,2017-02-01,NSE:MARICO,257.10001,259.0,256.0,258.5,963780.0,0.4859086491739553,-0.3486306546051009
2870,2017-02-02,NSE:MARICO,259.45001,262.35001,253.2,255.10001,3086838.0,-1.315276595744682,0.4859086491739553
2871,2017-02-03,NSE:MARICO,255.5,256.54999,252.55,255.3,1094796.0,0.07839670410048744,-1.315276595744682
2872,2017-02-06,NSE:MARICO,256.0,257.89999,254.3,256.0,2516947.0,0.2741872307089654,0.07839670410048744
2873,2017-02-07,NSE:MARICO,256.95001,271.0,255.8,269.39999,4746036.0,5.234371093750001,0.2741872307089654
2874,2017-02-08,NSE:MARICO,272.64999,274.64999,267.60001,272.70001,1463457.0,1.224951790087304,5.234371093750001
2875,2017-02-09,NSE:MARICO,272.0,272.0,265.0,267.79999,1087577.0,-1.79685361947733,1.224951790087304
2876,2017-02-10,NSE:MARICO,269.0,271.85001,266.04999,269.95001,912914.0,0.8028454369994713,-1.79685361947733
2877,2017-02-13,NSE:MARICO,271.45001,271.45001,266.10001,269.85001,381427.0,-0.03704389564572445,0.8028454369994713
2878,2017-02-14,NSE:MARICO,270.35001,270.35001,265.85001,267.95001,557902.0,-0.7040948414269013,-0.03704389564572445
2879,2017-02-15,NSE:MARICO,266.75,268.95001,263.20001,265.54999,887812.0,-0.8956969249600103,-0.7040948414269013
2880,2017-02-16,NSE:MARICO,265.89999,269.20001,263.60001,268.20001,1475653.0,0.9979363960812202,-0.8956969249600103
2881,2017-02-17,NSE:MARICO,270.64999,270.79999,265.60001,268.75,566343.0,0.20506710644790047,0.9979363960812202
2882,2017-02-20,NSE:MARICO,267.60001,268.95001,265.5,267.10001,297652.0,-0.6139497674418614,0.20506710644790047
2883,2017-02-21,NSE:MARICO,268.0,275.29999,266.0,274.45001,1537924.0,2.7517782571404705,-0.6139497674418614
2884,2017-02-22,NSE:MARICO,276.95001,277.75,272.35001,273.20001,1586769.0,-0.45545635068477497,2.7517782571404705
2885,2017-02-23,NSE:MARICO,273.95001,274.45001,267.60001,268.89999,2031216.0,-1.573945769621318,-0.45545635068477497
2886,2017-02-27,NSE:MARICO,267.29999,277.64999,267.29999,276.75,1745078.0,2.9193046827558446,-1.573945769621318
2887,2017-02-28,NSE:MARICO,277.0,282.79999,275.35001,281.20001,2418430.0,1.6079530261969361,2.9193046827558446
2888,2017-03-01,NSE:MARICO,281.0,282.0,277.0,278.89999,622739.0,-0.8179302696326425,1.6079530261969361
2889,2017-03-02,NSE:MARICO,278.89999,283.70001,278.14999,281.5,1613596.0,0.9322373944868185,-0.8179302696326425
2890,2017-03-03,NSE:MARICO,281.0,282.0,278.85001,279.25,684909.0,-0.7992895204262878,0.9322373944868185
2891,2017-03-06,NSE:MARICO,280.0,280.75,276.25,277.64999,527253.0,-0.5729668755595335,-0.7992895204262878
2892,2017-03-07,NSE:MARICO,277.5,280.29999,277.5,278.5,235892.0,0.30614443746243153,-0.5729668755595335
2893,2017-03-08,NSE:MARICO,278.5,279.85001,276.79999,279.04999,790435.0,0.1974829443446965,0.30614443746243153
2894,2017-03-09,NSE:MARICO,278.95001,281.89999,276.89999,280.39999,522060.0,0.4837842853891602,0.1974829443446965
2895,2017-03-10,NSE:MARICO,280.45001,282.25,278.39999,279.95001,525007.0,-0.16047789445355626,0.4837842853891602
2896,2017-03-14,NSE:MARICO,284.75,284.75,279.0,281.95001,1424636.0,0.714413262567842,-0.16047789445355626
2897,2017-03-15,NSE:MARICO,282.85001,287.39999,279.39999,286.60001,802623.0,1.6492285281351742,0.714413262567842
2898,2017-03-16,NSE:MARICO,288.20001,295.0,286.75,293.14999,1813216.0,2.28540815473105,1.6492285281351742
2899,2017-03-17,NSE:MARICO,293.89999,297.0,292.39999,293.60001,2755214.0,0.1535118592362889,2.28540815473105
2900,2017-03-20,NSE:MARICO,296.20001,296.20001,290.35001,292.64999,592657.0,-0.3235762832569369,0.1535118592362889
2901,2017-03-21,NSE:MARICO,292.39999,294.14999,290.29999,291.95001,686749.0,-0.23918675001491793,-0.3235762832569369
2902,2017-03-22,NSE:MARICO,287.0,290.64999,283.5,285.25,1900492.0,-2.2949168592253244,-0.23918675001491793
2903,2017-03-23,NSE:MARICO,280.20001,295.79999,280.14999,291.54999,1920107.0,2.2085854513584504,-2.2949168592253244
2904,2017-03-24,NSE:MARICO,289.79999,291.5,288.70001,290.79999,649622.0,-0.2572457642684193,2.2085854513584504
2905,2017-03-27,NSE:MARICO,291.95001,291.95001,286.89999,287.79999,840748.0,-1.0316368992997558,-0.2572457642684193
2906,2017-03-28,NSE:MARICO,288.29999,292.35001,286.54999,291.29999,660489.0,1.2161223494135631,-1.0316368992997558
2907,2017-03-29,NSE:MARICO,292.39999,299.60001,289.0,298.70001,2175698.0,2.5403433759129346,1.2161223494135631
2908,2017-03-30,NSE:MARICO,299.95001,299.95001,294.10001,296.5,2296622.0,-0.7365282645956457,2.5403433759129346
2909,2017-03-31,NSE:MARICO,296.0,296.75,292.5,294.85001,867262.0,-0.5564890387858356,-0.7365282645956457
2910,2017-04-03,NSE:MARICO,296.45001,300.64999,293.04999,296.54999,734491.0,0.5765575520923274,-0.5564890387858356
2911,2017-04-05,NSE:MARICO,295.79999,300.0,295.10001,298.85001,700530.0,0.7755926749483343,0.5765575520923274
2912,2017-04-06,NSE:MARICO,298.0,302.45001,297.29999,299.04999,2201267.0,0.06691651106184748,0.7755926749483343
2913,2017-04-07,NSE:MARICO,299.0,302.39999,295.29999,300.04999,2055753.0,0.33439225328180083,0.06691651106184748
2914,2017-04-10,NSE:MARICO,301.04999,303.39999,298.75,299.89999,1393287.0,-0.04999166972142785,0.33439225328180083
2915,2017-04-11,NSE:MARICO,300.64999,302.39999,299.20001,301.14999,477848.0,0.41680561576544234,-0.04999166972142785
2916,2017-04-12,NSE:MARICO,302.45001,307.89999,298.54999,303.64999,1438889.0,0.8301511150639587,0.41680561576544234
2917,2017-04-13,NSE:MARICO,303.5,304.89999,299.95001,300.60001,504276.0,-1.0044393546662078,0.8301511150639587
2918,2017-04-17,NSE:MARICO,301.0,302.64999,297.45001,300.95001,364902.0,0.11643379519515742,-1.0044393546662078
2919,2017-04-18,NSE:MARICO,301.5,304.14999,297.5,299.89999,545525.0,-0.3489017993387067,0.11643379519515742
2920,2017-04-19,NSE:MARICO,299.35001,302.25,298.5,301.29999,292450.0,0.4668222896572878,-0.3489017993387067
2921,2017-04-20,NSE:MARICO,301.29999,303.29999,300.0,302.5,509996.0,0.3982774775399164,0.4668222896572878
2922,2017-04-21,NSE:MARICO,302.70001,305.25,299.75,300.0,758253.0,-0.8264462809917356,0.3982774775399164
2923,2017-04-24,NSE:MARICO,301.29999,303.75,299.5,301.5,556689.0,0.5,-0.8264462809917356
2924,2017-04-25,NSE:MARICO,302.20001,313.35001,301.64999,312.04999,1089274.0,3.499167495854056,0.5
2925,2017-04-26,NSE:MARICO,312.5,325.29999,312.5,323.60001,3293137.0,3.7013364429205775,3.499167495854056
2926,2017-04-27,NSE:MARICO,323.0,323.0,315.0,318.0,2035955.0,-1.7305345571528252,3.7013364429205775
2927,2017-04-28,NSE:MARICO,317.70001,318.0,313.0,315.20001,759383.0,-0.8804999999999936,-1.7305345571528252
2928,2017-05-02,NSE:MARICO,316.0,321.0,314.79999,319.35001,1175212.0,1.31662432371115,-0.8804999999999936
2929,2017-05-03,NSE:MARICO,328.0,328.0,313.04999,315.04999,2039533.0,-1.34649126831091,1.31662432371115
2930,2017-05-04,NSE:MARICO,315.0,315.54999,308.70001,310.79999,1154578.0,-1.348992266274949,-1.34649126831091
2931,2017-05-05,NSE:MARICO,308.20001,310.60001,303.89999,305.10001,874739.0,-1.8339704579784517,-1.348992266274949
2932,2017-05-08,NSE:MARICO,305.25,310.45001,301.0,303.35001,843200.0,-0.5735824131896948,-1.8339704579784517
2933,2017-05-09,NSE:MARICO,304.0,305.45001,301.10001,302.64999,1295334.0,-0.2307631372749897,-0.5735824131896948
2934,2017-05-10,NSE:MARICO,304.0,318.0,301.14999,315.29999,2049691.0,4.179745718808706,-0.2307631372749897
2935,2017-05-11,NSE:MARICO,319.79999,319.89999,311.25,312.70001,1340841.0,-0.8246051641168652,4.179745718808706
2936,2017-05-12,NSE:MARICO,312.64999,315.79999,309.29999,313.85001,498300.0,0.36776461887544465,-0.8246051641168652
2937,2017-05-15,NSE:MARICO,314.29999,315.0,306.79999,310.14999,499424.0,-1.178913456144225,0.36776461887544465
2938,2017-05-16,NSE:MARICO,313.95001,313.95001,307.20001,310.85001,374983.0,0.22570369903929222,-1.178913456144225
2939,2017-05-17,NSE:MARICO,310.0,310.0,305.70001,307.75,462663.0,-0.9972687470719391,0.22570369903929222
2940,2017-05-18,NSE:MARICO,307.0,311.0,304.95001,305.60001,875749.0,-0.6986157595450861,-0.9972687470719391
2941,2017-05-19,NSE:MARICO,311.0,320.25,307.0,309.29999,1615655.0,1.2107264001725597,-0.6986157595450861
2942,2017-05-22,NSE:MARICO,312.0,318.89999,310.35001,317.29999,1275040.0,2.58648569629763,1.2107264001725597
2943,2017-05-23,NSE:MARICO,320.95001,322.45001,310.64999,313.54999,2814457.0,-1.1818468698974747,2.58648569629763
2944,2017-05-24,NSE:MARICO,313.20001,314.79999,309.79999,311.20001,804026.0,-0.7494753866839414,-1.1818468698974747
2945,2017-05-25,NSE:MARICO,312.89999,318.0,311.39999,315.95001,2054399.0,1.526349565348664,-0.7494753866839414
2946,2017-05-26,NSE:MARICO,315.95001,322.0,311.14999,314.60001,848824.0,-0.42728278438732215,1.526349565348664
2947,2017-05-29,NSE:MARICO,317.29999,318.75,312.25,316.29999,2709010.0,0.5403623477316426,-0.42728278438732215
2948,2017-05-30,NSE:MARICO,316.0,317.29999,312.10001,314.20001,1066451.0,-0.6639203497919679,0.5403623477316426
2949,2017-05-31,NSE:MARICO,314.39999,315.54999,311.20001,314.0,2847183.0,-0.06365690440303302,-0.6639203497919679
2950,2017-06-01,NSE:MARICO,313.75,317.04999,313.0,316.5,1139238.0,0.7961783439490446,-0.06365690440303302
2951,2017-06-02,NSE:MARICO,316.95001,325.0,316.54999,321.89999,3069791.0,1.7061579778830973,0.7961783439490446
2952,2017-06-05,NSE:MARICO,322.79999,326.04999,321.0,323.0,1253444.0,0.34172414854688177,1.7061579778830973
2953,2017-06-06,NSE:MARICO,322.45001,324.35001,316.04999,318.14999,1293109.0,-1.5015510835913304,0.34172414854688177
2954,2017-06-07,NSE:MARICO,319.10001,323.25,317.29999,319.20001,603091.0,0.3300393000169567,-1.5015510835913304
2955,2017-06-08,NSE:MARICO,319.5,321.89999,318.20001,320.10001,401417.0,0.2819548783848651,0.3300393000169567
2956,2017-06-09,NSE:MARICO,319.5,321.0,315.5,316.54999,867126.0,-1.1090346420170427,0.2819548783848651
2957,2017-06-12,NSE:MARICO,317.0,318.0,313.29999,315.14999,669268.0,-0.4422682180466906,-1.1090346420170427
2958,2017-06-13,NSE:MARICO,316.95001,318.60001,315.25,316.29999,1162732.0,0.364905612086479,-0.4422682180466906
2959,2017-06-14,NSE:MARICO,318.0,319.64999,314.35001,315.85001,979297.0,-0.14226367822521346,0.364905612086479
2960,2017-06-15,NSE:MARICO,315.85001,317.35001,314.70001,315.54999,615139.0,-0.09498812426823026,-0.14226367822521346
2961,2017-06-16,NSE:MARICO,317.0,317.0,311.10001,313.29999,524272.0,-0.7130407451446917,-0.09498812426823026
2962,2017-06-19,NSE:MARICO,314.95001,314.95001,307.60001,310.04999,1190118.0,-1.0373444314505087,-0.7130407451446917
2963,2017-06-20,NSE:MARICO,313.5,320.45001,312.25,317.95001,986909.0,2.547982665634029,-1.0373444314505087
2964,2017-06-21,NSE:MARICO,319.0,319.85001,314.39999,316.75,614277.0,-0.37742096627077326,2.547982665634029
2965,2017-06-22,NSE:MARICO,316.89999,316.89999,312.10001,314.45001,679608.0,-0.7261215469613196,-0.37742096627077326
2966,2017-06-23,NSE:MARICO,312.5,317.29999,310.95001,312.45001,546573.0,-0.6360311453003292,-0.7261215469613196
2967,2017-06-27,NSE:MARICO,312.0,313.5,306.95001,307.95001,703899.0,-1.4402303907751515,-0.6360311453003292
2968,2017-06-28,NSE:MARICO,306.70001,312.0,304.5,311.0,370380.0,0.9904172433701106,-1.4402303907751515
2969,2017-06-29,NSE:MARICO,311.0,315.75,308.20001,312.70001,1598765.0,0.5466270096463087,0.9904172433701106
2970,2017-06-30,NSE:MARICO,314.0,315.79999,311.04999,314.35001,552133.0,0.5276622792560758,0.5466270096463087
2971,2017-07-03,NSE:MARICO,314.0,325.0,312.79999,323.95001,643521.0,3.0539206917792123,0.5276622792560758
2972,2017-07-04,NSE:MARICO,326.04999,329.95001,320.5,323.39999,744889.0,-0.1697854554781516,3.0539206917792123
2973,2017-07-05,NSE:MARICO,323.0,327.0,320.20001,325.60001,354179.0,0.6802783141706328,-0.1697854554781516
2974,2017-07-06,NSE:MARICO,325.60001,325.75,322.10001,323.95001,767628.0,-0.5067567411929678,0.6802783141706328
2975,2017-07-07,NSE:MARICO,324.0,324.25,318.79999,320.20001,876158.0,-1.157586011496033,-0.5067567411929678
2976,2017-07-10,NSE:MARICO,321.85001,323.85001,319.54999,323.0,68562.0,0.8744503162257802,-1.157586011496033
2977,2017-07-11,NSE:MARICO,324.0,325.0,319.95001,321.95001,956672.0,-0.3250743034055665,0.8744503162257802
2978,2017-07-12,NSE:MARICO,321.0,325.0,321.0,323.79999,267775.0,0.5746171587321769,-0.3250743034055665
2979,2017-07-13,NSE:MARICO,324.5,334.5,323.10001,328.04999,1099204.0,1.3125386446120646,0.5746171587321769
2980,2017-07-14,NSE:MARICO,328.20001,333.29999,325.75,327.04999,828849.0,-0.30483158984397474,1.3125386446120646
2981,2017-07-17,NSE:MARICO,327.14999,329.89999,324.10001,327.39999,431513.0,0.10701727891813198,-0.30483158984397474
2982,2017-07-18,NSE:MARICO,327.20001,330.60001,324.14999,329.10001,790944.0,0.5192486413942758,0.10701727891813198
2983,2017-07-19,NSE:MARICO,331.0,333.70001,329.5,330.89999,502939.0,0.5469401231558775,0.5192486413942758
2984,2017-07-20,NSE:MARICO,331.95001,331.95001,322.0,325.70001,447725.0,-1.5714657470977809,0.5469401231558775
2985,2017-07-21,NSE:MARICO,326.5,330.79999,324.20001,329.64999,1033196.0,1.2127663121655974,-1.5714657470977809
2986,2017-07-24,NSE:MARICO,328.25,331.5,325.54999,330.0,792802.0,0.10617625075614215,1.2127663121655974
2987,2017-07-25,NSE:MARICO,330.0,332.85001,327.0,330.75,849301.0,0.22727272727272727,0.10617625075614215
2988,2017-07-26,NSE:MARICO,331.04999,331.5,324.29999,326.70001,833790.0,-1.2244867724867663,0.22727272727272727
2989,2017-07-27,NSE:MARICO,326.75,329.60001,324.0,326.29999,1997793.0,-0.12244260414930519,-1.2244867724867663
2990,2017-07-28,NSE:MARICO,325.20001,333.0,324.5,332.39999,881810.0,1.86944535303235,-0.12244260414930519
2991,2017-07-31,NSE:MARICO,334.04999,335.89999,327.60001,334.70001,838780.0,0.6919434624531781,1.86944535303235
2992,2017-08-01,NSE:MARICO,334.70001,334.79999,316.70001,326.35001,5253719.0,-2.494771362570327,0.6919434624531781
2993,2017-08-02,NSE:MARICO,317.0,326.95001,316.5,326.10001,2181797.0,-0.07660486972254114,-2.494771362570327
2994,2017-08-03,NSE:MARICO,324.0,329.29999,319.60001,327.79999,3186048.0,0.5213063317599966,-0.07660486972254114
2995,2017-08-04,NSE:MARICO,329.89999,329.89999,322.5,324.85001,2128283.0,-0.8999329133597541,0.5213063317599966
2996,2017-08-07,NSE:MARICO,329.0,335.5,325.0,334.25,3052279.0,2.8936400525276276,-0.8999329133597541
2997,2017-08-08,NSE:MARICO,333.0,337.85001,328.29999,333.95001,2835258.0,-0.08975018698578303,2.8936400525276276
2998,2017-08-09,NSE:MARICO,333.0,333.0,324.29999,325.70001,2275048.0,-2.470429631069632,-0.08975018698578303
2999,2017-08-10,NSE:MARICO,324.0,324.85001,317.0,320.54999,1679678.0,-1.581215794251907,-2.470429631069632
3000,2017-08-11,NSE:MARICO,320.54999,324.04999,315.35001,319.95001,1062783.0,-0.1871720538815052,-1.581215794251907
3001,2017-08-14,NSE:MARICO,319.95001,326.35001,317.64999,318.35001,1144214.0,-0.5000781215790625,-0.1871720538815052
3002,2017-08-16,NSE:MARICO,318.35001,320.29999,312.39999,315.95001,1454928.0,-0.7538872073539364,-0.5000781215790625
3003,2017-08-17,NSE:MARICO,313.64999,323.85001,313.64999,319.85001,1557457.0,1.2343724882300136,-0.7538872073539364
3004,2017-08-18,NSE:MARICO,316.5,322.5,316.5,319.89999,928269.0,0.01562607423398393,1.2343724882300136
3005,2017-08-21,NSE:MARICO,319.85001,320.20001,315.70001,317.85001,947075.0,-0.6408190259712121,0.01562607423398393
3006,2017-08-22,NSE:MARICO,317.39999,322.39999,314.75,315.10001,1800960.0,-0.8651879545323908,-0.6408190259712121
3007,2017-08-23,NSE:MARICO,317.75,317.95001,314.20001,314.95001,1265870.0,-0.04760393374788444,-0.8651879545323908
3008,2017-08-24,NSE:MARICO,316.5,317.60001,315.0,316.10001,695941.0,0.36513731179115605,-0.04760393374788444
3009,2017-08-28,NSE:MARICO,315.64999,320.0,315.64999,318.25,1213344.0,0.6801613198303924,0.36513731179115605
3010,2017-08-29,NSE:MARICO,317.29999,317.95001,310.10001,312.64999,982750.0,-1.7596260801256864,0.6801613198303924
3011,2017-08-30,NSE:MARICO,312.89999,315.79999,309.70001,314.75,1029028.0,0.671680814702728,-1.7596260801256864
3012,2017-08-31,NSE:MARICO,314.5,317.5,311.20001,315.45001,2496373.0,0.22240190627482773,0.671680814702728
3013,2017-09-01,NSE:MARICO,315.89999,315.89999,312.14999,314.35001,1355843.0,-0.3487081835882721,0.22240190627482773
3014,2017-09-04,NSE:MARICO,313.0,315.54999,311.04999,314.64999,1120905.0,0.09542865928332721,-0.3487081835882721
3015,2017-09-05,NSE:MARICO,315.04999,315.29999,311.85001,313.85001,1052762.0,-0.2542444066182888,0.09542865928332721
3016,2017-09-06,NSE:MARICO,312.5,320.79999,312.5,319.04999,1501844.0,1.6568360153947366,-0.2542444066182888
3017,2017-09-07,NSE:MARICO,320.04999,322.85001,316.20001,320.89999,1113596.0,0.579846437230737,1.6568360153947366
3018,2017-09-08,NSE:MARICO,319.75,326.35001,319.75,325.25,1405499.0,1.355565639001733,0.579846437230737
3019,2017-09-11,NSE:MARICO,325.25,326.85001,319.89999,323.95001,923061.0,-0.39968946963873325,1.355565639001733
3020,2017-09-12,NSE:MARICO,324.14999,331.5,323.25,330.10001,996802.0,1.898441058853487,-0.39968946963873325
3021,2017-09-13,NSE:MARICO,330.10001,348.70001,330.10001,337.75,2711763.0,2.317476452060696,1.898441058853487
3022,2017-09-14,NSE:MARICO,337.75,342.0,330.04999,331.75,1179317.0,-1.776461880088823,2.317476452060696
3023,2017-09-15,NSE:MARICO,331.0,331.89999,324.10001,327.04999,1393684.0,-1.4167324792765696,-1.776461880088823
3024,2017-09-18,NSE:MARICO,327.14999,333.45001,324.85001,331.35001,737906.0,1.3147898276957655,-1.4167324792765696
3025,2017-09-19,NSE:MARICO,331.89999,336.89999,331.0,331.95001,993356.0,0.18107740512819742,1.3147898276957655
3026,2017-09-20,NSE:MARICO,333.0,333.0,329.04999,331.29999,597753.0,-0.19581864148762654,0.18107740512819742
3027,2017-09-21,NSE:MARICO,329.85001,331.04999,320.39999,323.39999,1794428.0,-2.3845458009219915,-0.19581864148762654
3028,2017-09-22,NSE:MARICO,323.70001,323.70001,318.04999,321.29999,681677.0,-0.6493506694295268,-2.3845458009219915
3029,2017-09-25,NSE:MARICO,322.0,322.0,313.04999,317.95001,774814.0,-1.0426330856717299,-0.6493506694295268
3030,2017-09-26,NSE:MARICO,319.0,319.0,313.20001,316.60001,753998.0,-0.4245950487625469,-1.0426330856717299
3031,2017-09-27,NSE:MARICO,317.10001,317.75,310.5,314.35001,719149.0,-0.7106759093279876,-0.4245950487625469
3032,2017-09-28,NSE:MARICO,315.04999,315.75,307.39999,311.45001,1519850.0,-0.9225385423082942,-0.7106759093279876
3033,2017-09-29,NSE:MARICO,311.45001,315.64999,309.70001,310.75,752882.0,-0.22475838096779002,-0.9225385423082942
3034,2017-10-03,NSE:MARICO,315.0,315.0,307.5,308.10001,693367.0,-0.8527723250201135,-0.22475838096779002
3035,2017-10-04,NSE:MARICO,310.0,312.79999,308.29999,310.54999,491575.0,0.7951898476082433,-0.8527723250201135
3036,2017-10-05,NSE:MARICO,311.79999,315.45001,311.0,313.70001,311375.0,1.0143358884023923,0.7951898476082433
3037,2017-10-06,NSE:MARICO,314.0,316.39999,311.0,314.89999,784315.0,0.382524692938321,1.0143358884023923
3038,2017-10-09,NSE:MARICO,316.0,319.14999,313.0,313.75,461294.0,-0.3651921360810467,0.382524692938321
3039,2017-10-10,NSE:MARICO,314.89999,317.70001,311.20001,316.64999,846330.0,0.9242996015936262,-0.3651921360810467
3040,2017-10-11,NSE:MARICO,318.0,318.0,312.70001,314.04999,576456.0,-0.8210958730805653,0.9242996015936262
3041,2017-10-12,NSE:MARICO,314.0,320.64999,312.5,319.29999,963456.0,1.6717083799302142,-0.8210958730805653
3042,2017-10-13,NSE:MARICO,320.5,323.89999,316.0,317.0,801731.0,-0.7203226032045851,1.6717083799302142
3043,2017-10-16,NSE:MARICO,317.25,320.25,313.25,318.35001,774940.0,0.42587066246056704,-0.7203226032045851
3044,2017-10-17,NSE:MARICO,319.0,322.60001,316.75,321.85001,614101.0,1.0994188440578343,0.42587066246056704
3045,2017-10-18,NSE:MARICO,321.89999,321.89999,314.54999,316.5,553653.0,-1.6622680856837622,1.0994188440578343
3046,2017-10-19,NSE:MARICO,317.85001,319.0,313.39999,314.45001,62532.0,-0.6477061611374344,-1.6622680856837622
3047,2017-10-23,NSE:MARICO,314.39999,319.89999,314.39999,317.5,446447.0,0.9699443164272691,-0.6477061611374344
3048,2017-10-24,NSE:MARICO,319.0,319.0,312.0,313.25,621541.0,-1.3385826771653544,0.9699443164272691
3049,2017-10-25,NSE:MARICO,313.39999,317.79999,312.10001,315.0,661678.0,0.5586592178770949,-1.3385826771653544
3050,2017-10-26,NSE:MARICO,316.89999,317.75,312.20001,313.45001,2377811.0,-0.49206031746031104,0.5586592178770949
3051,2017-10-27,NSE:MARICO,314.29999,315.20001,308.75,311.04999,523985.0,-0.7656787122131661,-0.49206031746031104
3052,2017-10-30,NSE:MARICO,312.10001,316.60001,310.20001,312.85001,1231884.0,0.5786915472975961,-0.7656787122131661
3053,2017-10-31,NSE:MARICO,314.25,316.39999,309.60001,315.25,1128607.0,0.7671375813604745,0.5786915472975961
3054,2017-11-01,NSE:MARICO,317.0,318.20001,314.25,315.95001,675593.0,0.22204916732752428,0.7671375813604745
3055,2017-11-02,NSE:MARICO,315.89999,318.14999,311.54999,312.39999,719731.0,-1.1236018001708616,0.22204916732752428
3056,2017-11-03,NSE:MARICO,316.0,316.5,310.10001,312.5,758927.0,0.032013445326934065,-1.1236018001708616
3057,2017-11-06,NSE:MARICO,310.0,315.5,309.79999,313.79999,552139.0,0.4159967999999935,0.032013445326934065
3058,2017-11-07,NSE:MARICO,314.89999,315.35001,309.5,310.35001,408573.0,-1.0994200477826601,0.4159967999999935
3059,2017-11-08,NSE:MARICO,306.0,312.5,306.0,310.54999,457907.0,0.0644369239749605,-1.0994200477826601
3060,2017-11-09,NSE:MARICO,313.5,315.45001,311.20001,312.39999,595183.0,0.5957172949836588,0.0644369239749605
3061,2017-11-10,NSE:MARICO,312.0,312.0,309.20001,310.5,352515.0,-0.6081914407231583,0.5957172949836588
3062,2017-11-13,NSE:MARICO,310.5,311.45001,308.14999,309.0,800332.0,-0.4830917874396135,-0.6081914407231583
3063,2017-11-14,NSE:MARICO,309.0,310.04999,295.75,297.64999,2130959.0,-3.6731423948220057,-0.4830917874396135
3064,2017-11-15,NSE:MARICO,297.20001,297.20001,288.25,290.04999,1790901.0,-2.553334538999992,-3.6731423948220057
3065,2017-11-16,NSE:MARICO,292.0,305.45001,290.25,304.20001,2087903.0,4.8784762930004035,-2.553334538999992
3066,2017-11-17,NSE:MARICO,306.0,309.35001,304.25,307.39999,1260937.0,1.051932904275704,4.8784762930004035
3067,2017-11-20,NSE:MARICO,307.0,308.54999,300.95001,303.85001,935754.0,-1.154840636136652,1.051932904275704
3068,2017-11-21,NSE:MARICO,305.0,306.39999,301.35001,305.35001,1083457.0,0.4936646209095073,-1.154840636136652
3069,2017-11-22,NSE:MARICO,305.89999,306.79999,300.64999,302.64999,822711.0,-0.8842377309894291,0.4936646209095073
3070,2017-11-23,NSE:MARICO,302.0,306.60001,300.04999,305.39999,862415.0,0.9086403736540682,-0.8842377309894291
3071,2017-11-24,NSE:MARICO,306.45001,310.29999,305.20001,309.60001,666537.0,1.3752521733874303,0.9086403736540682
3072,2017-11-27,NSE:MARICO,310.0,312.39999,307.0,311.89999,688160.0,0.7428875729041498,1.3752521733874303
3073,2017-11-28,NSE:MARICO,312.89999,313.14999,308.29999,311.25,826802.0,-0.20839692877194466,0.7428875729041498
3074,2017-11-29,NSE:MARICO,312.0,312.04999,308.75,310.89999,415422.0,-0.11245301204819197,-0.20839692877194466
3075,2017-11-30,NSE:MARICO,310.0,310.54999,305.0,306.0,1930976.0,-1.5760663099410206,-0.11245301204819197
3076,2017-12-01,NSE:MARICO,307.0,313.29999,303.29999,310.39999,1001880.0,1.4379052287581708,-1.5760663099410206
3077,2017-12-04,NSE:MARICO,314.0,314.25,305.39999,312.10001,556113.0,0.5476868733146528,1.4379052287581708
3078,2017-12-05,NSE:MARICO,310.5,312.70001,308.29999,309.75,817017.0,-0.752966973631304,0.5476868733146528
3079,2017-12-06,NSE:MARICO,310.95001,310.95001,304.79999,305.75,380430.0,-1.29136400322841,-0.752966973631304
3080,2017-12-07,NSE:MARICO,306.10001,310.29999,306.0,309.5,729134.0,1.2264922322158627,-1.29136400322841
3081,2017-12-08,NSE:MARICO,310.04999,313.25,310.04999,311.95001,1015961.0,0.791602584814223,1.2264922322158627
3082,2017-12-11,NSE:MARICO,313.0,315.0,312.20001,313.04999,781079.0,0.3526141896901877,0.791602584814223
3083,2017-12-12,NSE:MARICO,314.29999,314.29999,307.04999,308.10001,571039.0,-1.5812107197320089,0.3526141896901877
3084,2017-12-13,NSE:MARICO,308.10001,310.25,304.75,307.95001,734023.0,-0.04868549014327434,-1.5812107197320089
3085,2017-12-14,NSE:MARICO,310.0,311.89999,304.45001,308.14999,492675.0,0.06493911138368927,-0.04868549014327434
3086,2017-12-15,NSE:MARICO,308.89999,311.64999,304.35001,305.95001,1258942.0,-0.7139315500221117,0.06493911138368927
3087,2017-12-18,NSE:MARICO,306.0,309.39999,293.04999,307.89999,718596.0,0.6373524877479109,-0.7139315500221117
3088,2017-12-19,NSE:MARICO,307.89999,314.14999,307.89999,313.25,602188.0,1.7375804396745833,0.6373524877479109
3089,2017-12-20,NSE:MARICO,313.20001,321.64999,313.14999,319.04999,1370296.0,1.8515530726256917,1.7375804396745833
3090,2017-12-21,NSE:MARICO,321.0,323.0,315.54999,316.95001,706780.0,-0.6581977952733863,1.8515530726256917
3091,2017-12-22,NSE:MARICO,317.0,318.14999,315.0,316.95001,270562.0,0.0,-0.6581977952733863
3092,2017-12-26,NSE:MARICO,316.89999,319.79999,316.04999,318.85001,401190.0,0.5994636188842453,0.0
3093,2017-12-27,NSE:MARICO,318.85001,321.64999,313.39999,317.64999,436788.0,-0.37635877759577147,0.5994636188842453
3094,2017-12-28,NSE:MARICO,320.0,322.0,316.20001,317.45001,518455.0,-0.06295608572189228,-0.37635877759577147
3095,2017-12-29,NSE:MARICO,317.70001,325.29999,317.70001,322.5,749478.0,1.590798500841118,-0.06295608572189228
3096,2018-01-01,NSE:MARICO,322.5,323.95001,319.0,320.70001,346559.0,-0.5581364341085209,1.590798500841118
3097,2018-01-02,NSE:MARICO,321.10001,326.89999,317.75,325.70001,880910.0,1.5590894431216262,-0.5581364341085209
3098,2018-01-03,NSE:MARICO,327.0,327.95001,319.75,320.85001,1160639.0,-1.4891003534203215,1.5590894431216262
3099,2018-01-04,NSE:MARICO,320.20001,324.0,320.20001,323.35001,1060147.0,0.7791802780370803,-1.4891003534203215
3100,2018-01-05,NSE:MARICO,322.10001,328.0,319.64999,326.95001,1392301.0,1.113344638523445,0.7791802780370803
3101,2018-01-08,NSE:MARICO,328.0,328.0,322.14999,323.14999,1294585.0,-1.1622633074701596,1.113344638523445
3102,2018-01-09,NSE:MARICO,323.70001,325.64999,320.79999,323.85001,503640.0,0.2166238655925674,-1.1622633074701596
3103,2018-01-10,NSE:MARICO,324.0,326.29999,319.25,321.64999,694363.0,-0.679333003571621,0.2166238655925674
3104,2018-01-11,NSE:MARICO,320.0,321.14999,314.10001,316.29999,1244144.0,-1.6632986682200805,-0.679333003571621
3105,2018-01-12,NSE:MARICO,317.75,318.5,309.54999,312.70001,1619595.0,-1.1381536875799332,-1.6632986682200805
3106,2018-01-15,NSE:MARICO,313.14999,315.75,310.25,311.39999,612750.0,-0.4157403128960621,-1.1381536875799332
3107,2018-01-16,NSE:MARICO,312.39999,315.29999,311.5,313.64999,608077.0,0.7225433758042189,-0.4157403128960621
3108,2018-01-17,NSE:MARICO,313.45001,314.25,305.39999,310.75,1510355.0,-0.9245943224802917,0.7225433758042189
3109,2018-01-18,NSE:MARICO,315.60001,316.5,307.54999,311.0,953935.0,0.08045052292839903,-0.9245943224802917
3110,2018-01-19,NSE:MARICO,314.0,315.5,310.20001,314.10001,488384.0,0.9967877813504815,0.08045052292839903
3111,2018-01-22,NSE:MARICO,314.10001,318.39999,312.5,316.35001,468259.0,0.7163323554176264,0.9967877813504815
3112,2018-01-23,NSE:MARICO,318.10001,319.64999,312.64999,313.85001,599429.0,-0.7902639231780015,0.7163323554176264
3113,2018-01-24,NSE:MARICO,312.75,315.39999,311.0,312.64999,532453.0,-0.38235461582428976,-0.7902639231780015
3114,2018-01-25,NSE:MARICO,312.64999,312.89999,304.39999,307.45001,1701755.0,-1.6631953194688995,-0.38235461582428976
3115,2018-01-29,NSE:MARICO,308.25,312.0,306.10001,310.70001,781405.0,1.057082418049035,-1.6631953194688995
3116,2018-01-30,NSE:MARICO,310.70001,316.79999,308.5,315.45001,1182868.0,1.5288058729061516,1.057082418049035
3117,2018-01-31,NSE:MARICO,314.89999,315.35001,307.54999,309.39999,721880.0,-1.917901349884255,1.5288058729061516
3118,2018-02-01,NSE:MARICO,307.75,312.54999,306.0,310.70001,853132.0,0.4201745449313097,-1.917901349884255
3119,2018-02-02,NSE:MARICO,308.10001,312.95001,301.79999,304.5,1147132.0,-1.9954972000161892,0.4201745449313097
3120,2018-02-05,NSE:MARICO,300.0,304.54999,294.54999,295.39999,1283740.0,-2.9885090311986855,-1.9954972000161892
3121,2018-02-06,NSE:MARICO,289.0,300.5,284.14999,299.20001,2142356.0,1.286398147813078,-2.9885090311986855
3122,2018-02-07,NSE:MARICO,304.0,304.0,298.85001,300.35001,1609320.0,0.3843582759238468,1.286398147813078
3123,2018-02-08,NSE:MARICO,301.70001,304.0,299.25,300.10001,1187715.0,-0.08323622163355347,0.3843582759238468
3124,2018-02-09,NSE:MARICO,298.10001,299.5,294.10001,297.20001,622959.0,-0.9663445196153033,-0.08323622163355347
3125,2018-02-12,NSE:MARICO,306.70001,311.64999,301.89999,310.04999,3514638.0,4.3236808773996875,-0.9663445196153033
3126,2018-02-14,NSE:MARICO,315.0,317.45001,313.0,315.60001,2266519.0,1.7900403738119839,4.3236808773996875
3127,2018-02-15,NSE:MARICO,316.70001,319.0,307.75,309.95001,1559501.0,-1.7902407544283592,1.7900403738119839
3128,2018-02-16,NSE:MARICO,311.39999,311.39999,303.14999,306.75,879423.0,-1.0324277776277602,-1.7902407544283592
3129,2018-02-19,NSE:MARICO,307.54999,309.14999,303.14999,306.85001,577585.0,0.03260309698451426,-1.0324277776277602
3130,2018-02-20,NSE:MARICO,306.89999,310.85001,305.39999,308.45001,557860.0,0.5214273905352073,0.03260309698451426
3131,2018-02-21,NSE:MARICO,311.0,311.0,304.14999,306.95001,480362.0,-0.48630246437664243,0.5214273905352073
3132,2018-02-22,NSE:MARICO,306.39999,307.0,301.20001,302.89999,582185.0,-1.3194396051656807,-0.48630246437664243
3133,2018-02-23,NSE:MARICO,303.0,307.20001,300.29999,306.64999,901694.0,1.2380323947848266,-1.3194396051656807
3134,2018-02-26,NSE:MARICO,307.35001,312.45001,304.0,307.25,2912742.0,0.19566607518884885,1.2380323947848266
3135,2018-02-27,NSE:MARICO,307.95001,314.89999,306.60001,312.60001,959055.0,1.7412563059397879,0.19566607518884885
3136,2018-02-28,NSE:MARICO,308.89999,314.5,306.85001,308.14999,1018294.0,-1.423550818184553,1.7412563059397879
3137,2018-03-01,NSE:MARICO,308.25,313.85001,306.04999,312.14999,824485.0,1.2980691643053437,-1.423550818184553
3138,2018-03-05,NSE:MARICO,309.95001,311.0,304.95001,308.5,707255.0,-1.1693064606537398,1.2980691643053437
3139,2018-03-06,NSE:MARICO,309.64999,313.39999,306.35001,309.5,643097.0,0.3241491085899514,-1.1693064606537398
3140,2018-03-07,NSE:MARICO,310.5,312.0,304.85001,305.5,834538.0,-1.2924071082390953,0.3241491085899514
3141,2018-03-08,NSE:MARICO,306.89999,308.64999,302.29999,303.29999,401183.0,-0.7201342062193192,-1.2924071082390953
3142,2018-03-09,NSE:MARICO,304.10001,311.5,302.60001,308.60001,856594.0,1.7474514258968548,-0.7201342062193192
3143,2018-03-12,NSE:MARICO,310.20001,312.20001,305.85001,309.45001,444257.0,0.27543745056911134,1.7474514258968548
3144,2018-03-13,NSE:MARICO,308.20001,312.0,307.35001,309.54999,1099876.0,0.03230893416353728,0.27543745056911134
3145,2018-03-14,NSE:MARICO,308.0,310.79999,302.10001,304.20001,1042434.0,-1.7283088912391695,0.03230893416353728
3146,2018-03-15,NSE:MARICO,302.89999,303.79999,300.39999,301.10001,1628521.0,-1.0190663701819151,-1.7283088912391695
3147,2018-03-16,NSE:MARICO,301.10001,304.70001,299.54999,301.25,2642597.0,0.04981401362291636,-1.0190663701819151
3148,2018-03-19,NSE:MARICO,303.0,305.0,300.20001,303.25,1182981.0,0.6639004149377593,0.04981401362291636
3149,2018-03-20,NSE:MARICO,302.39999,319.75,302.0,318.95001,3252553.0,5.1772497938994295,0.6639004149377593
3150,2018-03-21,NSE:MARICO,319.75,328.0,316.25,325.79999,3191086.0,2.1476657109996515,5.1772497938994295
3151,2018-03-22,NSE:MARICO,325.60001,327.5,321.25,322.95001,1363825.0,-0.8747636855360125,2.1476657109996515
3152,2018-03-23,NSE:MARICO,318.85001,327.70001,317.5,325.54999,1256743.0,0.8050719676398088,-0.8747636855360125
3153,2018-03-26,NSE:MARICO,327.0,333.79999,327.0,329.64999,1568176.0,1.259407195804252,0.8050719676398088
3154,2018-03-27,NSE:MARICO,330.14999,331.0,321.54999,325.64999,973104.0,-1.2134081969788624,1.259407195804252
3155,2018-03-28,NSE:MARICO,325.14999,332.14999,324.04999,326.04999,1374259.0,0.12283126432768422,-1.2134081969788624
3156,2018-04-02,NSE:MARICO,327.25,334.35001,324.64999,328.35001,1249922.0,0.7054194358355962,0.12283126432768422
3157,2018-04-03,NSE:MARICO,327.85001,328.75,320.60001,325.0,1112660.0,-1.0202557935052288,0.7054194358355962
3158,2018-04-04,NSE:MARICO,326.0,328.45001,324.54999,325.85001,841290.0,0.26154153846153766,-1.0202557935052288
3159,2018-04-05,NSE:MARICO,328.79999,329.79999,320.04999,323.75,1263348.0,-0.6444713627598162,0.26154153846153766
3160,2018-04-06,NSE:MARICO,323.04999,324.45001,318.29999,320.64999,662451.0,-0.9575320463320455,-0.6444713627598162
3161,2018-04-09,NSE:MARICO,320.64999,330.20001,320.64999,328.14999,1684842.0,2.338998981412723,-0.9575320463320455
3162,2018-04-10,NSE:MARICO,328.5,331.75,322.85001,324.39999,1232727.0,-1.1427701094856044,2.338998981412723
3163,2018-04-11,NSE:MARICO,325.10001,325.20001,320.14999,321.04999,956091.0,-1.0326757408346476,-1.1427701094856044
3164,2018-04-12,NSE:MARICO,321.39999,323.04999,318.60001,319.79999,730620.0,-0.3893474657949686,-1.0326757408346476
3165,2018-04-13,NSE:MARICO,320.5,320.5,314.89999,316.04999,1633554.0,-1.1726079165918672,-0.3893474657949686
3166,2018-04-16,NSE:MARICO,313.20001,319.95001,313.20001,319.10001,741956.0,0.9650435363089296,-1.1726079165918672
3167,2018-04-17,NSE:MARICO,322.89999,322.89999,319.20001,319.85001,794361.0,0.23503603149370006,0.9650435363089296
3168,2018-04-18,NSE:MARICO,320.5,323.39999,317.45001,319.04999,1152263.0,-0.25012348756844427,0.23503603149370006
3169,2018-04-19,NSE:MARICO,319.75,322.5,319.39999,320.29999,868756.0,0.39178813326400674,-0.25012348756844427
3170,2018-04-20,NSE:MARICO,319.79999,320.14999,315.5,316.89999,544868.0,-1.0615048723541882,0.39178813326400674
3171,2018-04-23,NSE:MARICO,317.95001,320.60001,316.0,316.95001,484381.0,0.015784159538792572,-1.0615048723541882
3172,2018-04-24,NSE:MARICO,317.64999,319.70001,314.60001,316.20001,1260701.0,-0.2366303758753628,0.015784159538792572
3173,2018-04-25,NSE:MARICO,316.79999,325.0,315.54999,323.20001,1389620.0,2.2137886712906805,-0.2366303758753628
3174,2018-04-26,NSE:MARICO,324.5,325.75,316.20001,319.45001,3610030.0,-1.1602722413282103,2.2137886712906805
3175,2018-04-27,NSE:MARICO,318.5,324.25,318.5,321.10001,1158920.0,0.5165127401310701,-1.1602722413282103
3176,2018-04-30,NSE:MARICO,323.0,334.04999,321.70001,332.54999,1936196.0,3.565860991408871,0.5165127401310701
3177,2018-05-02,NSE:MARICO,333.0,347.79999,312.29999,317.14999,7061933.0,-4.630882713302737,3.565860991408871
3178,2018-05-03,NSE:MARICO,311.0,317.20001,304.54999,312.10001,3585505.0,-1.592300223626053,-4.630882713302737
3179,2018-05-04,NSE:MARICO,314.0,328.39999,314.0,316.85001,4073638.0,1.5219480447950002,-1.592300223626053
3180,2018-05-07,NSE:MARICO,319.0,322.45001,313.20001,320.04999,2301610.0,1.0099352687411884,1.5219480447950002
3181,2018-05-08,NSE:MARICO,319.85001,321.14999,317.20001,318.95001,1495953.0,-0.34369005916855666,1.0099352687411884
3182,2018-05-09,NSE:MARICO,318.75,319.14999,312.04999,315.29999,1430414.0,-1.14438623156025,-0.34369005916855666
3183,2018-05-10,NSE:MARICO,315.60001,318.20001,314.0,315.14999,1252574.0,-0.04757374080474194,-1.14438623156025
3184,2018-05-11,NSE:MARICO,315.60001,316.5,308.5,309.95001,1475765.0,-1.6500016389021563,-0.04757374080474194
3185,2018-05-14,NSE:MARICO,310.29999,314.5,309.54999,312.54999,396217.0,0.8388384952786287,-1.6500016389021563
3186,2018-05-15,NSE:MARICO,313.25,315.0,309.45001,312.35001,1121176.0,-0.06398336470910855,0.8388384952786287
3187,2018-05-16,NSE:MARICO,311.45001,321.0,310.0,318.20001,3139692.0,1.8728989315543878,-0.06398336470910855
3188,2018-05-17,NSE:MARICO,319.70001,323.89999,317.29999,321.10001,3069877.0,0.9113764641302109,1.8728989315543878
3189,2018-05-18,NSE:MARICO,322.45001,322.45001,316.14999,318.20001,853748.0,-0.9031454094317772,0.9113764641302109
3190,2018-05-21,NSE:MARICO,318.5,319.45001,308.0,309.75,1274274.0,-2.6555655985051727,-0.9031454094317772
3191,2018-05-22,NSE:MARICO,311.0,313.45001,308.39999,312.85001,562513.0,1.0008103309120249,-2.6555655985051727
3192,2018-05-23,NSE:MARICO,313.0,314.45001,309.5,310.39999,463529.0,-0.7831292701572855,1.0008103309120249
3193,2018-05-24,NSE:MARICO,310.60001,319.35001,309.39999,314.04999,3522416.0,1.1759020997391068,-0.7831292701572855
3194,2018-05-25,NSE:MARICO,312.85001,318.5,312.85001,317.75,889468.0,1.1781595662525002,1.1759020997391068
3195,2018-05-28,NSE:MARICO,318.89999,323.35001,316.5,319.85001,801486.0,0.6609000786782054,1.1781595662525002
3196,2018-05-29,NSE:MARICO,319.14999,322.29999,317.79999,320.60001,564273.0,0.2344849074727245,0.6609000786782054
3197,2018-05-30,NSE:MARICO,320.0,323.0,315.85001,318.5,948210.0,-0.6550249327815048,0.2344849074727245
3198,2018-05-31,NSE:MARICO,319.0,323.5,315.0,321.85001,2225475.0,1.051808477237048,-0.6550249327815048
3199,2018-06-01,NSE:MARICO,323.5,328.75,322.10001,324.39999,1586563.0,0.7922883084577207,1.051808477237048
3200,2018-06-04,NSE:MARICO,325.5,326.25,319.79999,322.64999,1449007.0,-0.5394574765554092,0.7922883084577207
3201,2018-06-05,NSE:MARICO,322.95001,328.95001,322.04999,326.45001,2165106.0,1.1777530196111325,-0.5394574765554092
3202,2018-06-06,NSE:MARICO,326.54999,337.0,324.95001,335.39999,2086409.0,2.7416081255442393,1.1777530196111325
3203,2018-06-07,NSE:MARICO,336.04999,338.89999,332.25,334.0,854455.0,-0.41740907624952595,2.7416081255442393
3204,2018-06-08,NSE:MARICO,332.29999,345.95001,331.89999,343.64999,1494578.0,2.8892185628742526,-0.41740907624952595
3205,2018-06-11,NSE:MARICO,346.0,352.89999,342.5,349.64999,2464534.0,1.745962512613488,2.8892185628742526
3206,2018-06-12,NSE:MARICO,348.0,349.0,341.20001,342.29999,1186114.0,-2.1021021622222906,1.745962512613488
3207,2018-06-13,NSE:MARICO,342.35001,344.20001,336.10001,337.04999,718879.0,-1.5337423760953075,-2.1021021622222906
3208,2018-06-14,NSE:MARICO,334.10001,344.85001,332.60001,344.14999,1294847.0,2.1065124493847405,-1.5337423760953075
3209,2018-06-15,NSE:MARICO,346.0,346.25,335.60001,338.60001,1366877.0,-1.612663129817323,2.1065124493847405
3210,2018-06-18,NSE:MARICO,339.95001,342.54999,336.79999,338.04999,430123.0,-0.16243945178856248,-1.612663129817323
3211,2018-06-19,NSE:MARICO,338.0,338.25,330.95001,334.39999,1267306.0,-1.0797219665647608,-0.16243945178856248
3212,2018-06-20,NSE:MARICO,335.89999,336.54999,333.0,335.39999,940278.0,0.2990430711436325,-1.0797219665647608
3213,2018-06-21,NSE:MARICO,335.70001,337.0,328.70001,335.25,1154226.0,-0.044719738960040674,0.2990430711436325
3214,2018-06-22,NSE:MARICO,334.89999,336.79999,331.25,333.54999,800499.0,-0.5070872483221537,-0.044719738960040674
3215,2018-06-25,NSE:MARICO,334.0,334.75,329.39999,331.20001,677808.0,-0.7045360726888223,-0.5070872483221537
3216,2018-06-26,NSE:MARICO,330.29999,345.5,330.29999,340.79999,2227683.0,2.8985445984738827,-0.7045360726888223
3217,2018-06-27,NSE:MARICO,340.95001,342.20001,333.89999,335.70001,1154217.0,-1.496473048605418,2.8985445984738827
3218,2018-06-28,NSE:MARICO,332.25,337.20001,330.25,332.60001,1252925.0,-0.9234435232814031,-1.496473048605418
3219,2018-06-29,NSE:MARICO,334.0,335.25,328.39999,331.64999,1240526.0,-0.2856343870825485,-0.9234435232814031
3220,2018-07-02,NSE:MARICO,331.64999,334.95001,330.75,333.5,706904.0,0.5578200077738574,-0.2856343870825485
3221,2018-07-03,NSE:MARICO,334.25,342.20001,330.0,340.79999,1593709.0,2.1889025487256313,0.5578200077738574
3222,2018-07-04,NSE:MARICO,340.89999,345.29999,337.70001,343.85001,1001539.0,0.8949589464483312,2.1889025487256313
3223,2018-07-05,NSE:MARICO,343.85001,349.70001,342.20001,345.70001,1141426.0,0.5380252860833195,0.8949589464483312
3224,2018-07-06,NSE:MARICO,346.0,348.5,342.0,347.14999,1322634.0,0.41943302229004337,0.5380252860833195
3225,2018-07-09,NSE:MARICO,348.0,349.95001,344.70001,347.54999,520788.0,0.11522396990418385,0.41943302229004337
3226,2018-07-10,NSE:MARICO,346.0,352.64999,346.0,350.29999,1108559.0,0.7912530798806814,0.11522396990418385
3227,2018-07-11,NSE:MARICO,351.0,353.25,341.75,343.04999,805862.0,-2.069654640869387,0.7912530798806814
3228,2018-07-12,NSE:MARICO,344.0,354.20001,342.70001,350.89999,4096170.0,2.2882962334440013,-2.069654640869387
3229,2018-07-13,NSE:MARICO,354.5,366.20001,350.95001,354.89999,4665729.0,1.1399259373019646,2.2882962334440013
3230,2018-07-16,NSE:MARICO,355.25,359.64999,349.60001,351.75,1904712.0,-0.8875711718109663,1.1399259373019646
3231,2018-07-17,NSE:MARICO,353.70001,353.70001,344.5,347.10001,2282929.0,-1.3219587775408679,-0.8875711718109663
3232,2018-07-18,NSE:MARICO,350.79999,356.75,346.10001,349.10001,1495189.0,0.5762028067933505,-1.3219587775408679
3233,2018-07-19,NSE:MARICO,349.95001,352.29999,340.60001,346.0,1315209.0,-0.8880005474648934,0.5762028067933505
3234,2018-07-20,NSE:MARICO,347.5,352.79999,345.25,351.35001,2540295.0,1.5462456647398837,-0.8880005474648934
3235,2018-07-23,NSE:MARICO,353.89999,355.45001,345.54999,352.04999,1435129.0,0.19922583750601924,1.5462456647398837
3236,2018-07-24,NSE:MARICO,353.45001,356.14999,349.04999,353.54999,3123945.0,0.4260758536024955,0.19922583750601924
3237,2018-07-25,NSE:MARICO,355.29999,360.35001,353.0,358.04999,4468795.0,1.2728044483893213,0.4260758536024955
3238,2018-07-26,NSE:MARICO,356.5,365.54999,356.04999,364.5,2664805.0,1.8014272252877372,1.2728044483893213
3239,2018-07-27,NSE:MARICO,365.0,374.75,359.39999,361.14999,2964350.0,-0.9190699588477359,1.8014272252877372
3240,2018-07-30,NSE:MARICO,362.20001,367.60001,361.0,363.79999,694782.0,0.7337671530878285,-0.9190699588477359
3241,2018-07-31,NSE:MARICO,364.89999,367.0,359.25,364.10001,2971376.0,0.08246839149171437,0.7337671530878285
3242,2018-08-01,NSE:MARICO,365.5,369.95001,364.10001,368.5,2772483.0,1.208456434813062,0.08246839149171437
3243,2018-08-02,NSE:MARICO,369.45001,370.35001,348.39999,351.39999,6861034.0,-4.640436906377205,1.208456434813062
3244,2018-08-03,NSE:MARICO,350.0,356.39999,345.29999,352.5,3304951.0,0.3130364346339331,-4.640436906377205
3245,2018-08-06,NSE:MARICO,354.25,364.10001,354.0,362.95001,2142413.0,2.964541843971637,0.3130364346339331
3246,2018-08-07,NSE:MARICO,364.0,365.5,358.70001,361.70001,1358288.0,-0.3444000456150972,2.964541843971637
3247,2018-08-08,NSE:MARICO,363.0,364.54999,359.5,361.64999,994845.0,-0.01382913978908038,-0.3444000456150972
3248,2018-08-09,NSE:MARICO,362.70001,367.14999,360.0,363.75,970281.0,0.5806747015256374,-0.01382913978908038
3249,2018-08-10,NSE:MARICO,363.75,366.89999,363.20001,365.0,1449246.0,0.3436426116838488,0.5806747015256374
3250,2018-08-13,NSE:MARICO,361.20001,365.04999,358.64999,359.54999,683166.0,-1.4931534246575398,0.3436426116838488
3251,2018-08-14,NSE:MARICO,361.39999,365.39999,360.5,364.35001,1019899.0,1.335007685579415,-1.4931534246575398
3252,2018-08-16,NSE:MARICO,364.0,369.79999,361.20001,363.29999,1137343.0,-0.28818991935804195,1.335007685579415
3253,2018-08-17,NSE:MARICO,363.35001,372.0,363.35001,371.14999,989961.0,2.160748752016212,-0.28818991935804195
3254,2018-08-20,NSE:MARICO,370.85001,371.5,363.10001,364.25,1220215.0,-1.8590839784206927,2.160748752016212
3255,2018-08-21,NSE:MARICO,363.95001,364.10001,359.5,362.35001,1608928.0,-0.5216170212765965,-1.8590839784206927
3256,2018-08-23,NSE:MARICO,364.04999,384.29999,361.79999,381.89999,4053955.0,5.395330332680274,-0.5216170212765965
3257,2018-08-24,NSE:MARICO,382.35001,387.85001,376.29999,378.70001,3633982.0,-0.8379104697017621,5.395330332680274
3258,2018-08-27,NSE:MARICO,379.45001,386.35001,374.29999,377.0,1355792.0,-0.4489067745205552,-0.8379104697017621
3259,2018-08-28,NSE:MARICO,377.5,380.0,367.39999,371.5,2112354.0,-1.4588859416445623,-0.4489067745205552
3260,2018-08-29,NSE:MARICO,373.0,374.95001,367.0,368.70001,796953.0,-0.7536985195154724,-1.4588859416445623
3261,2018-08-30,NSE:MARICO,370.89999,377.10001,367.85001,370.20001,1990690.0,0.4068348140267205,-0.7536985195154724
3262,2018-08-31,NSE:MARICO,371.60001,374.95001,362.79999,369.45001,3577081.0,-0.20259318739618615,0.4068348140267205
3263,2018-09-03,NSE:MARICO,373.10001,374.70001,359.5,361.0,1996863.0,-2.287186296192013,-0.20259318739618615
3264,2018-09-04,NSE:MARICO,362.89999,364.54999,353.10001,354.5,1199723.0,-1.8005540166204987,-2.287186296192013
3265,2018-09-05,NSE:MARICO,354.39999,354.89999,346.25,352.04999,1405367.0,-0.6911170662905558,-1.8005540166204987
3266,2018-09-06,NSE:MARICO,354.79999,359.25,350.14999,356.29999,1289898.0,1.207214918540404,-0.6911170662905558
3267,2018-09-07,NSE:MARICO,355.0,361.25,353.0,357.45001,1008907.0,0.322767339959802,1.207214918540404
3268,2018-09-10,NSE:MARICO,359.39999,359.39999,342.04999,344.45001,1991897.0,-3.6368721880858246,0.322767339959802
3269,2018-09-11,NSE:MARICO,343.0,343.89999,335.64999,336.95001,2588237.0,-2.1773841725247736,-3.6368721880858246
3270,2018-09-12,NSE:MARICO,337.5,350.89999,337.5,344.35001,3191229.0,2.1961714736260065,-2.1773841725247736
3271,2018-09-14,NSE:MARICO,346.89999,352.04999,344.95001,346.39999,1339073.0,0.5953186991340598,2.1961714736260065
3272,2018-09-17,NSE:MARICO,345.79999,345.79999,340.29999,342.85001,343467.0,-1.0248210457511864,0.5953186991340598
3273,2018-09-18,NSE:MARICO,344.10001,352.60001,343.0,344.60001,1985724.0,0.5104272856809892,-1.0248210457511864
3274,2018-09-19,NSE:MARICO,347.14999,353.60001,342.20001,344.14999,1381822.0,-0.13059198692420088,0.5104272856809892
3275,2018-09-21,NSE:MARICO,346.0,351.39999,320.0,337.79999,2440850.0,-1.8451257255593767,-0.13059198692420088
3276,2018-09-24,NSE:MARICO,341.89999,344.39999,330.20001,332.5,1640077.0,-1.5689728113964656,-1.8451257255593767
3277,2018-09-25,NSE:MARICO,334.89999,336.20001,327.5,331.64999,2992229.0,-0.25564210526315717,-1.5689728113964656
3278,2018-09-26,NSE:MARICO,333.70001,346.64999,333.70001,339.70001,2638508.0,2.427263754779555,-0.25564210526315717
3279,2018-09-27,NSE:MARICO,339.60001,345.10001,334.45001,336.70001,1591531.0,-0.8831321494515116,2.427263754779555
3280,2018-09-28,NSE:MARICO,337.10001,340.39999,330.35001,333.04999,1776744.0,-1.0840569918605112,-0.8831321494515116
3281,2018-10-01,NSE:MARICO,334.0,341.89999,328.54999,333.25,1903650.0,0.060054047742208384,-1.0840569918605112
3282,2018-10-03,NSE:MARICO,330.0,334.39999,325.20001,327.20001,1172993.0,-1.815450862715673,0.060054047742208384
3283,2018-10-04,NSE:MARICO,324.0,325.70001,311.0,314.04999,2029729.0,-4.018954644897486,-1.815450862715673
3284,2018-10-05,NSE:MARICO,313.14999,314.45001,304.25,307.60001,2085811.0,-2.0538067840728105,-4.018954644897486
3285,2018-10-08,NSE:MARICO,306.89999,312.79999,303.35001,309.75,1964565.0,0.6989564142081798,-2.0538067840728105
3286,2018-10-09,NSE:MARICO,311.0,314.79999,290.0,294.60001,2916992.0,-4.8910379338175956,0.6989564142081798
3287,2018-10-10,NSE:MARICO,294.70001,304.04999,291.25,301.75,2137143.0,2.427016210895581,-4.8910379338175956
3288,2018-10-11,NSE:MARICO,294.0,307.60001,282.95001,305.75,2424170.0,1.3256006628003314,2.427016210895581
3289,2018-10-12,NSE:MARICO,307.60001,322.0,306.45001,314.95001,4795317.0,3.008997547015542,1.3256006628003314
3290,2018-10-15,NSE:MARICO,317.79999,317.79999,311.10001,315.29999,1358081.0,0.11112239685274483,3.008997547015542
3291,2018-10-16,NSE:MARICO,316.0,320.10001,314.75,318.0,712867.0,0.8563305060682116,0.11112239685274483
3292,2018-10-17,NSE:MARICO,319.0,325.5,312.0,314.79999,2426967.0,-1.006292452830195,0.8563305060682116
3293,2018-10-19,NSE:MARICO,314.10001,316.64999,307.39999,310.0,2184763.0,-1.524774508410874,-1.006292452830195
3294,2018-10-22,NSE:MARICO,310.0,318.0,310.0,310.89999,1387560.0,0.2903193548387105,-1.524774508410874
3295,2018-10-23,NSE:MARICO,308.0,318.20001,307.0,311.54999,1303467.0,0.20907044738083694,0.2903193548387105
3296,2018-10-24,NSE:MARICO,311.0,313.39999,300.89999,303.25,1983217.0,-2.664095736289377,0.20907044738083694
3297,2018-10-25,NSE:MARICO,300.0,307.5,295.10001,297.54999,4219123.0,-1.8796405605935762,-2.664095736289377
3298,2018-10-26,NSE:MARICO,297.64999,302.20001,296.0,300.35001,1191133.0,0.9410250694345571,-1.8796405605935762
3299,2018-10-29,NSE:MARICO,301.04999,305.54999,297.64999,303.45001,1346603.0,1.0321291482560706,0.9410250694345571
3300,2018-10-30,NSE:MARICO,305.0,314.20001,303.25,312.75,2404498.0,3.0647519174575013,1.0321291482560706
3301,2018-10-31,NSE:MARICO,316.0,325.29999,311.20001,321.29999,4112882.0,2.7338097521982347,3.0647519174575013
3302,2018-11-01,NSE:MARICO,324.70001,325.45001,317.60001,320.0,4859483.0,-0.4046031871958601,2.7338097521982347
3303,2018-11-02,NSE:MARICO,322.0,345.39999,321.89999,338.04999,3203978.0,5.640621874999994,-0.4046031871958601
3304,2018-11-05,NSE:MARICO,335.79999,346.0,330.60001,341.14999,1672884.0,0.9170241359865217,5.640621874999994
3305,2018-11-06,NSE:MARICO,342.39999,342.39999,332.95001,335.04999,1365772.0,-1.7880698164464324,0.9170241359865217
3306,2018-11-07,NSE:MARICO,336.89999,341.5,334.5,339.64999,144546.0,1.3729294544972297,-1.7880698164464324
3307,2018-11-09,NSE:MARICO,340.75,344.0,335.64999,340.45001,1929946.0,0.2355424771247653,1.3729294544972297
3308,2018-11-12,NSE:MARICO,339.79999,349.0,337.85001,339.10001,1386925.0,-0.3965339874714713,0.2355424771247653
3309,2018-11-13,NSE:MARICO,337.0,342.64999,336.0,337.70001,1608732.0,-0.41285755196526747,-0.3965339874714713
3310,2018-11-14,NSE:MARICO,339.14999,349.95001,337.25,347.79999,2075090.0,2.990814243683309,-0.41285755196526747
3311,2018-11-15,NSE:MARICO,350.5,351.10001,340.89999,346.5,1513692.0,-0.3737751688836966,2.990814243683309
3312,2018-11-16,NSE:MARICO,347.89999,351.89999,344.0,346.60001,1595773.0,0.028862914862914136,-0.3737751688836966
3313,2018-11-19,NSE:MARICO,349.0,355.0,347.29999,352.54999,2669674.0,1.7166704640314299,0.028862914862914136
3314,2018-11-20,NSE:MARICO,353.0,354.20001,349.39999,351.10001,1709189.0,-0.41128351755164777,1.7166704640314299
3315,2018-11-21,NSE:MARICO,353.0,354.0,350.10001,352.39999,485221.0,0.3702591748715715,-0.41128351755164777
3316,2018-11-22,NSE:MARICO,353.0,356.39999,349.5,354.04999,1840579.0,0.46821794745226225,0.3702591748715715
3317,2018-11-26,NSE:MARICO,356.39999,361.5,353.45001,360.20001,2519483.0,1.7370484885481965,0.46821794745226225
3318,2018-11-27,NSE:MARICO,362.79999,367.5,359.89999,364.89999,2331514.0,1.3048250609432193,1.7370484885481965
3319,2018-11-28,NSE:MARICO,364.75,369.25,358.39999,359.5,1715699.0,-1.4798547952824013,1.3048250609432193
3320,2018-11-29,NSE:MARICO,362.0,363.95001,358.54999,360.0,1874970.0,0.13908205841446453,-1.4798547952824013
3321,2018-11-30,NSE:MARICO,363.0,364.29999,353.45001,356.75,3014933.0,-0.9027777777777777,0.13908205841446453
3322,2018-12-03,NSE:MARICO,358.0,365.5,357.0,360.14999,1852845.0,0.9530455501051163,-0.9027777777777777
3323,2018-12-04,NSE:MARICO,360.60001,363.70001,355.5,358.29999,1876924.0,-0.5136748719609913,0.9530455501051163
3324,2018-12-05,NSE:MARICO,358.0,358.89999,352.70001,355.54999,1211028.0,-0.7675132784681351,-0.5136748719609913
3325,2018-12-06,NSE:MARICO,352.39999,354.39999,349.64999,351.29999,2844318.0,-1.195331210668857,-0.7675132784681351
3326,2018-12-07,NSE:MARICO,351.29999,357.95001,351.29999,354.85001,979854.0,1.0105380304736182,-1.195331210668857
3327,2018-12-10,NSE:MARICO,351.0,354.60001,344.45001,346.25,895180.0,-2.423562000181428,1.0105380304736182
3328,2018-12-11,NSE:MARICO,347.0,365.35001,346.85001,358.64999,2190376.0,3.5812245487364627,-2.423562000181428
3329,2018-12-12,NSE:MARICO,359.0,374.60001,356.29999,372.70001,2146000.0,3.9174739695378262,3.5812245487364627
3330,2018-12-13,NSE:MARICO,373.39999,377.70001,370.20001,374.35001,2718867.0,0.442715308754614,3.9174739695378262
3331,2018-12-14,NSE:MARICO,373.0,375.75,370.35001,372.10001,1077113.0,-0.6010417897411034,0.442715308754614
3332,2018-12-17,NSE:MARICO,374.35001,381.25,370.60001,376.85001,1440922.0,1.2765385305955783,-0.6010417897411034
3333,2018-12-18,NSE:MARICO,376.0,383.95001,374.54999,382.10001,1358797.0,1.3931272019868064,1.2765385305955783
3334,2018-12-19,NSE:MARICO,383.0,395.0,380.79999,394.20001,2437280.0,3.1667102023891656,1.3931272019868064
3335,2018-12-20,NSE:MARICO,392.95001,396.60001,379.5,380.5,2589922.0,-3.4753956500407037,3.1667102023891656
3336,2018-12-21,NSE:MARICO,380.0,385.85001,374.75,378.14999,1701786.0,-0.6176110381077523,-3.4753956500407037
3337,2018-12-24,NSE:MARICO,379.0,384.39999,368.85001,370.5,1478480.0,-2.023004152399952,-0.6176110381077523
3338,2018-12-26,NSE:MARICO,369.0,370.10001,360.64999,367.75,1225256.0,-0.7422402159244265,-2.023004152399952
3339,2018-12-27,NSE:MARICO,370.0,379.0,368.70001,376.85001,1841056.0,2.474509857239972,-0.7422402159244265
3340,2018-12-28,NSE:MARICO,375.25,381.64999,370.14999,378.10001,1452608.0,0.3316969528540015,2.474509857239972
3341,2018-12-31,NSE:MARICO,378.79999,378.79999,371.39999,373.39999,842223.0,-1.2430626489536447,0.3316969528540015
3342,2019-01-01,NSE:MARICO,375.39999,376.89999,369.0,372.29999,877238.0,-0.2945902596301684,-1.2430626489536447
3343,2019-01-02,NSE:MARICO,373.39999,377.64999,369.25,372.85001,1160137.0,0.14773570098672786,-0.2945902596301684
3344,2019-01-03,NSE:MARICO,373.45001,381.39999,373.45001,378.04999,2388605.0,1.3946573315097892,0.14773570098672786
3345,2019-01-04,NSE:MARICO,380.39999,383.20001,375.10001,378.85001,2011585.0,0.21161751650886637,1.3946573315097892
3346,2019-01-07,NSE:MARICO,380.79999,391.20001,380.04999,386.79999,3660860.0,2.098450518715832,0.21161751650886637
3347,2019-01-08,NSE:MARICO,384.14999,391.39999,380.25,381.85001,2451013.0,-1.2797259896516497,2.098450518715832
3348,2019-01-09,NSE:MARICO,384.0,385.70001,378.5,383.75,1277868.0,0.4975749509604576,-1.2797259896516497
3349,2019-01-10,NSE:MARICO,385.10001,388.85001,383.79999,387.10001,1236628.0,0.872966775244299,0.4975749509604576
3350,2019-01-11,NSE:MARICO,387.14999,390.0,380.04999,381.45001,1498377.0,-1.4595711325349687,0.872966775244299
3351,2019-01-14,NSE:MARICO,382.0,383.60001,375.5,382.10001,1027469.0,0.17040240738228773,-1.4595711325349687
3352,2019-01-15,NSE:MARICO,383.10001,385.10001,379.70001,381.45001,911485.0,-0.17011253153329603,0.17040240738228773
3353,2019-01-16,NSE:MARICO,383.10001,384.89999,378.0,380.39999,884665.0,-0.27527067046086,-0.17011253153329603
3354,2019-01-17,NSE:MARICO,380.39999,383.39999,378.20001,380.20001,986391.0,-0.05257097929996851,-0.27527067046086
3355,2019-01-18,NSE:MARICO,382.10001,382.60001,375.25,379.35001,1112430.0,-0.22356653804402127,-0.05257097929996851
3356,2019-01-21,NSE:MARICO,380.0,383.39999,376.79999,379.0,508883.0,-0.0922657152427642,-0.22356653804402127
3357,2019-01-22,NSE:MARICO,377.79999,379.95001,370.54999,375.54999,1143741.0,-0.9102928759894512,-0.0922657152427642
3358,2019-01-23,NSE:MARICO,376.0,378.25,375.0,376.54999,720808.0,0.26627613543539175,-0.9102928759894512
3359,2019-01-24,NSE:MARICO,376.54999,377.54999,369.64999,373.95001,904818.0,-0.6904740589688927,0.26627613543539175
3360,2019-01-25,NSE:MARICO,375.79999,376.04999,367.75,369.89999,1340306.0,-1.083037810321229,-0.6904740589688927
3361,2019-01-28,NSE:MARICO,369.0,371.20001,362.45001,365.14999,1317448.0,-1.2841308808902643,-1.083037810321229
3362,2019-01-29,NSE:MARICO,363.64999,367.75,358.0,365.5,1136235.0,0.0958537613543403,-1.2841308808902643
3363,2019-01-30,NSE:MARICO,367.39999,370.14999,361.60001,365.89999,1786445.0,0.1094363885088926,0.0958537613543403
3364,2019-01-31,NSE:MARICO,367.04999,371.39999,362.14999,366.75,3594106.0,0.2323066475076967,0.1094363885088926
3365,2019-02-01,NSE:MARICO,367.5,379.0,367.35001,376.45001,2559709.0,2.6448561690524937,0.2323066475076967
3366,2019-02-04,NSE:MARICO,377.0,384.64999,362.0,367.75,2084615.0,-2.3110664813104984,2.6448561690524937
3367,2019-02-05,NSE:MARICO,367.0,369.5,358.29999,363.5,2212876.0,-1.1556764106050306,-2.3110664813104984
3368,2019-02-06,NSE:MARICO,368.95001,368.95001,361.0,364.95001,1975403.0,0.3989023383768969,-1.1556764106050306
3369,2019-02-07,NSE:MARICO,367.89999,370.45001,361.79999,368.45001,1102826.0,0.9590354580343756,0.3989023383768969
3370,2019-02-08,NSE:MARICO,367.0,372.0,363.20001,364.75,1243996.0,-1.0042094991393866,0.9590354580343756
3371,2019-02-11,NSE:MARICO,365.14999,366.85001,358.85001,362.35001,363715.0,-0.657982179575052,-1.0042094991393866
3372,2019-02-12,NSE:MARICO,361.79999,362.85001,354.25,358.14999,1274113.0,-1.159105804909456,-0.657982179575052
3373,2019-02-13,NSE:MARICO,358.0,358.0,345.04999,347.20001,2355557.0,-3.0573726946076367,-1.159105804909456
3374,2019-02-14,NSE:MARICO,348.0,350.25,343.10001,345.0,1158991.0,-0.6336434149296309,-3.0573726946076367
3375,2019-02-15,NSE:MARICO,347.0,347.0,332.60001,339.29999,1386168.0,-1.6521768115942088,-0.6336434149296309
3376,2019-02-18,NSE:MARICO,339.29999,339.64999,324.25,338.54999,1913033.0,-0.22104333100628742,-1.6521768115942088
3377,2019-02-19,NSE:MARICO,337.89999,339.25,333.5,334.70001,870293.0,-1.1371969025903559,-0.22104333100628742
3378,2019-02-20,NSE:MARICO,335.04999,339.0,331.20001,333.04999,1899200.0,-0.49298474774471635,-1.1371969025903559
3379,2019-02-21,NSE:MARICO,334.89999,338.70001,331.10001,336.75,2342156.0,1.1109473385662074,-0.49298474774471635
3380,2019-02-22,NSE:MARICO,337.0,343.0,335.75,339.64999,2645863.0,0.8611700074239057,1.1109473385662074
3381,2019-02-25,NSE:MARICO,341.0,343.95001,335.10001,340.04999,1400061.0,0.11776829435501449,0.8611700074239057
3382,2019-02-26,NSE:MARICO,337.79999,344.35001,333.10001,341.39999,2639580.0,0.3970004527863749,0.11776829435501449
3383,2019-02-27,NSE:MARICO,343.39999,346.20001,334.04999,339.29999,1340797.0,-0.6151142535182919,0.3970004527863749
3384,2019-02-28,NSE:MARICO,341.39999,342.85001,336.45001,339.70001,2406609.0,0.11789567102552538,-0.6151142535182919
3385,2019-03-01,NSE:MARICO,342.0,342.79999,330.89999,334.85001,1822470.0,-1.4277303082799504,0.11789567102552538
3386,2019-03-05,NSE:MARICO,335.89999,337.0,332.10001,335.64999,2441292.0,0.2389069661368698,-1.4277303082799504
3387,2019-03-06,NSE:MARICO,336.85001,340.85001,333.0,336.85001,1505810.0,0.3575212381206968,0.2389069661368698
3388,2019-03-07,NSE:MARICO,336.95001,339.60001,335.25,337.79999,1253611.0,0.28201869431441673,0.3575212381206968
3389,2019-03-08,NSE:MARICO,337.0,337.04999,332.14999,334.54999,1399038.0,-0.96210778455026,0.28201869431441673
3390,2019-03-11,NSE:MARICO,337.39999,348.45001,334.39999,347.79999,2776482.0,3.960544132731853,-0.96210778455026
3391,2019-03-12,NSE:MARICO,351.39999,353.0,348.54999,350.89999,1698262.0,0.8913168743909461,3.960544132731853
3392,2019-03-13,NSE:MARICO,351.45001,351.70001,338.75,342.89999,2055660.0,-2.279851874603929,0.8913168743909461
3393,2019-03-14,NSE:MARICO,342.89999,348.5,339.64999,346.5,1462370.0,1.0498717133237587,-2.279851874603929
3394,2019-03-15,NSE:MARICO,347.45001,347.89999,336.95001,338.64999,1988067.0,-2.265515151515151,1.0498717133237587
3395,2019-03-18,NSE:MARICO,338.64999,341.95001,336.0,341.04999,1559631.0,0.7086963150360576,-2.265515151515151
3396,2019-03-19,NSE:MARICO,341.45001,344.75,337.85001,340.25,1840569.0,-0.23456678594243027,0.7086963150360576
3397,2019-03-20,NSE:MARICO,341.89999,344.89999,337.45001,338.85001,1830509.0,-0.4114592211609118,-0.23456678594243027
3398,2019-03-22,NSE:MARICO,338.25,344.20001,338.0,339.64999,1718938.0,0.23608675708759902,-0.4114592211609118
3399,2019-03-25,NSE:MARICO,338.79999,339.0,330.5,334.29999,1741857.0,-1.5751509369984147,0.23608675708759902
3400,2019-03-26,NSE:MARICO,334.0,339.0,330.64999,338.10001,1157761.0,1.1367095763299357,-1.5751509369984147
3401,2019-03-27,NSE:MARICO,338.39999,342.5,334.89999,337.0,2083168.0,-0.32535047839838793,1.1367095763299357
3402,2019-03-28,NSE:MARICO,336.39999,341.0,334.04999,337.60001,2680016.0,0.17804451038575594,-0.32535047839838793
3403,2019-03-29,NSE:MARICO,339.0,347.79999,336.45001,346.64999,2024598.0,2.6806812002167906,0.17804451038575594
3404,2019-04-01,NSE:MARICO,347.35001,360.0,346.35001,348.0,1521558.0,0.3894446960751384,2.6806812002167906
3405,2019-04-02,NSE:MARICO,349.89999,349.89999,344.45001,346.45001,1512017.0,-0.44539942528735055,0.3894446960751384
3406,2019-04-03,NSE:MARICO,360.0,360.0,352.70001,354.89999,5552671.0,2.439018547004799,-0.44539942528735055
3407,2019-04-04,NSE:MARICO,356.35001,358.39999,353.75,354.85001,1515780.0,-0.01408284063349932,2.439018547004799
3408,2019-04-05,NSE:MARICO,355.0,357.5,350.39999,356.75,1433076.0,0.5354346756253445,-0.01408284063349932
3409,2019-04-08,NSE:MARICO,358.0,360.89999,356.04999,359.35001,982984.0,0.7288044849334261,0.5354346756253445
3410,2019-04-09,NSE:MARICO,360.0,360.0,354.10001,356.0,1872390.0,-0.9322415212956298,0.7288044849334261
3411,2019-04-10,NSE:MARICO,358.0,362.5,356.39999,359.39999,1602144.0,0.9550533707865176,-0.9322415212956298
3412,2019-04-11,NSE:MARICO,359.89999,360.0,356.5,358.45001,477415.0,-0.2643238804764525,0.9550533707865176
3413,2019-04-12,NSE:MARICO,357.0,364.0,356.79999,360.10001,1169374.0,0.46031523335708013,-0.2643238804764525
3414,2019-04-15,NSE:MARICO,361.0,363.25,354.35001,361.10001,2102597.0,0.27770063099970477,0.46031523335708013
3415,2019-04-16,NSE:MARICO,362.0,368.35001,361.0,364.0,1295496.0,0.8030988423401048,0.27770063099970477
3416,2019-04-18,NSE:MARICO,362.25,368.39999,362.25,366.10001,1782666.0,0.5769258241758235,0.8030988423401048
3417,2019-04-22,NSE:MARICO,366.0,366.45001,362.10001,364.35001,599607.0,-0.4780114592184797,0.5769258241758235
3418,2019-04-23,NSE:MARICO,365.0,369.29999,361.04999,363.10001,1567850.0,-0.3430767025366625,-0.4780114592184797
3419,2019-04-24,NSE:MARICO,363.5,365.20001,356.85001,362.89999,998259.0,-0.0550867514434921,-0.3430767025366625
3420,2019-04-25,NSE:MARICO,364.0,364.85001,355.5,356.45001,2450422.0,-1.7773436698083078,-0.0550867514434921
3421,2019-04-26,NSE:MARICO,356.0,360.25,355.14999,358.89999,956639.0,0.6873277966803766,-1.7773436698083078
3422,2019-04-30,NSE:MARICO,358.89999,366.5,355.60001,359.39999,1664625.0,0.13931457618597315,0.6873277966803766
3423,2019-05-02,NSE:MARICO,360.20001,363.0,353.85001,355.20001,504501.0,-1.1686088249473747,0.13931457618597315
3424,2019-05-03,NSE:MARICO,355.0,357.14999,350.45001,356.04999,897440.0,0.2392961644342182,-1.1686088249473747
3425,2019-05-06,NSE:MARICO,355.79999,355.89999,337.54999,339.60001,2366260.0,-4.6201321336927945,0.2392961644342182
3426,2019-05-07,NSE:MARICO,351.70001,367.35001,351.04999,359.39999,18534665.0,5.830382631614176,-4.6201321336927945
3427,2019-05-08,NSE:MARICO,359.39999,359.89999,346.10001,355.14999,5316216.0,-1.1825264658465906,5.830382631614176
3428,2019-05-09,NSE:MARICO,355.10001,357.45001,350.14999,355.64999,1523568.0,0.14078558752036005,-1.1825264658465906
3429,2019-05-10,NSE:MARICO,353.5,358.64999,353.5,357.14999,715946.0,0.421762981070237,0.14078558752036005
3430,2019-05-13,NSE:MARICO,355.39999,356.20001,347.64999,351.39999,2160599.0,-1.6099678457221853,0.421762981070237
3431,2019-05-14,NSE:MARICO,351.0,355.79999,348.04999,352.89999,1561056.0,0.4268639848282295,-1.6099678457221853
3432,2019-05-15,NSE:MARICO,352.89999,357.85001,351.60001,355.04999,3339966.0,0.609237761667258,0.4268639848282295
3433,2019-05-16,NSE:MARICO,355.04999,356.79999,349.10001,352.10001,938992.0,-0.8308632820972569,0.609237761667258
3434,2019-05-17,NSE:MARICO,352.0,361.70001,351.70001,360.45001,807407.0,2.371485306120844,-0.8308632820972569
3435,2019-05-20,NSE:MARICO,365.0,368.75,361.45001,363.45001,2073389.0,0.8322929440340423,2.371485306120844
3436,2019-05-21,NSE:MARICO,365.0,365.5,359.25,361.35001,4039362.0,-0.5777961046142281,0.8322929440340423
3437,2019-05-22,NSE:MARICO,363.5,366.79999,361.64999,363.85001,2238254.0,0.6918499877722434,-0.5777961046142281
3438,2019-05-23,NSE:MARICO,367.0,369.39999,358.54999,360.75,1937561.0,-0.8520021752919554,0.6918499877722434
3439,2019-05-24,NSE:MARICO,364.60001,367.75,359.0,363.14999,2513710.0,0.665277893277894,-0.8520021752919554
3440,2019-05-27,NSE:MARICO,363.25,367.60001,361.89999,365.5,708539.0,0.6471182885066299,0.665277893277894
3441,2019-05-28,NSE:MARICO,367.25,370.39999,365.0,367.39999,3298421.0,0.5198331053351579,0.6471182885066299
3442,2019-05-29,NSE:MARICO,368.70001,369.39999,364.0,366.89999,2834826.0,-0.13609145716089976,0.5198331053351579
3443,2019-05-30,NSE:MARICO,365.85001,367.5,360.79999,364.5,3275949.0,-0.6541264828053014,-0.13609145716089976
3444,2019-05-31,NSE:MARICO,366.5,375.0,366.5,371.95001,2211020.0,2.043898491083682,-0.6541264828053014
3445,2019-06-03,NSE:MARICO,374.0,379.60001,372.39999,377.45001,2949392.0,1.4786933330099923,2.043898491083682
3446,2019-06-04,NSE:MARICO,376.04999,378.29999,374.0,376.64999,750693.0,-0.21195389556355226,1.4786933330099923
3447,2019-06-06,NSE:MARICO,379.0,380.45001,372.54999,374.85001,1949514.0,-0.4778919548092926,-0.21195389556355226
3448,2019-06-07,NSE:MARICO,374.70001,376.39999,371.29999,373.85001,554298.0,-0.26677336890027026,-0.4778919548092926
3449,2019-06-10,NSE:MARICO,374.95001,379.79999,374.45001,377.39999,2323261.0,0.949573332898936,-0.26677336890027026
3450,2019-06-11,NSE:MARICO,377.95001,380.0,376.04999,376.89999,814759.0,-0.1324854301135514,0.949573332898936
3451,2019-06-12,NSE:MARICO,376.39999,378.95001,374.54999,375.85001,758062.0,-0.27858318595338916,-0.1324854301135514
3452,2019-06-13,NSE:MARICO,375.10001,378.85001,375.04999,377.04999,888567.0,0.31927097727095505,-0.27858318595338916
3453,2019-06-14,NSE:MARICO,376.10001,378.5,368.0,369.04999,479642.0,-2.1217345742404077,0.31927097727095505
3454,2019-06-17,NSE:MARICO,368.75,371.45001,365.70001,366.85001,705722.0,-0.5961197831220596,-2.1217345742404077
3455,2019-06-18,NSE:MARICO,366.79999,366.79999,360.75,365.04999,783301.0,-0.4906691974739261,-0.5961197831220596
3456,2019-06-19,NSE:MARICO,366.75,369.39999,362.5,364.04999,721336.0,-0.2739350848907023,-0.4906691974739261
3457,2019-06-20,NSE:MARICO,362.5,367.79999,360.60001,367.0,724208.0,0.8103310207480079,-0.2739350848907023
3458,2019-06-21,NSE:MARICO,367.29999,372.29999,365.75,369.29999,2543721.0,0.6267002724795585,0.8103310207480079
3459,2019-06-24,NSE:MARICO,369.0,373.0,368.10001,369.39999,2449869.0,0.02707825689354141,0.6267002724795585
3460,2019-06-25,NSE:MARICO,369.5,374.45001,369.0,371.35001,1051008.0,0.5278884820760268,0.02707825689354141
3461,2019-06-26,NSE:MARICO,370.10001,373.89999,368.70001,370.79999,590313.0,-0.1481136354352105,0.5278884820760268
3462,2019-06-27,NSE:MARICO,372.39999,374.0,369.85001,370.85001,708904.0,0.013489752251616222,-0.1481136354352105
3463,2019-06-28,NSE:MARICO,371.0,372.29999,368.35001,370.54999,818936.0,-0.08090063149789796,0.013489752251616222
3464,2019-07-01,NSE:MARICO,371.14999,377.75,369.35001,370.25,1186927.0,-0.08095803753765579,-0.08090063149789796
3465,2019-07-02,NSE:MARICO,372.0,375.0,369.54999,373.64999,999876.0,0.9182957461174889,-0.08095803753765579
3466,2019-07-03,NSE:MARICO,375.75,375.75,371.60001,372.85001,1206740.0,-0.21409876124980093,0.9182957461174889
3467,2019-07-04,NSE:MARICO,372.0,375.5,371.25,374.20001,1970504.0,0.3620758921261723,-0.21409876124980093
3468,2019-07-05,NSE:MARICO,375.04999,382.70001,375.04999,378.79999,2242048.0,1.2292837726006365,0.3620758921261723
3469,2019-07-08,NSE:MARICO,377.5,377.85001,370.0,370.95001,1273733.0,-2.0723284601987344,1.2292837726006365
3470,2019-07-09,NSE:MARICO,369.29999,377.29999,367.25,370.39999,1647678.0,-0.14827334820668092,-2.0723284601987344
3471,2019-07-10,NSE:MARICO,370.54999,374.29999,367.29999,370.39999,1218943.0,0.0,-0.14827334820668092
3472,2019-07-11,NSE:MARICO,370.95001,371.95001,367.25,368.10001,440202.0,-0.6209449411702211,0.0
3473,2019-07-12,NSE:MARICO,368.14999,373.75,368.14999,371.0,764217.0,0.7878266561307625,-0.6209449411702211
3474,2019-07-15,NSE:MARICO,371.0,372.54999,368.14999,369.39999,768836.0,-0.4312695417789751,0.7878266561307625
3475,2019-07-16,NSE:MARICO,369.04999,369.95001,366.04999,368.14999,1011458.0,-0.3383865819812285,-0.4312695417789751
3476,2019-07-17,NSE:MARICO,368.25,376.10001,368.20001,372.39999,1165902.0,1.1544207837680505,-0.3383865819812285
3477,2019-07-18,NSE:MARICO,371.0,373.14999,369.14999,370.35001,1067632.0,-0.5504779954478529,1.1544207837680505
3478,2019-07-19,NSE:MARICO,370.54999,372.95001,363.0,364.95001,1447909.0,-1.4580801550403568,-0.5504779954478529
3479,2019-07-22,NSE:MARICO,365.20001,368.39999,360.14999,361.85001,1038927.0,-0.8494314056875961,-1.4580801550403568
3480,2019-07-23,NSE:MARICO,362.29999,363.45001,358.39999,361.25,895039.0,-0.16581732303945423,-0.8494314056875961
3481,2019-07-24,NSE:MARICO,359.45001,361.75,354.85001,360.29999,1214284.0,-0.26297854671280835,-0.16581732303945423
3482,2019-07-25,NSE:MARICO,361.89999,365.75,358.95001,361.5,1444408.0,0.33305857155311613,-0.26297854671280835
3483,2019-07-26,NSE:MARICO,361.0,363.0,357.45001,361.04999,382050.0,-0.12448409405256437,0.33305857155311613
3484,2019-07-29,NSE:MARICO,360.89999,368.39999,360.39999,365.0,1141806.0,1.0940340976051601,-0.12448409405256437
3485,2019-07-30,NSE:MARICO,365.0,367.14999,359.45001,362.75,824450.0,-0.6164383561643836,1.0940340976051601
3486,2019-07-31,NSE:MARICO,360.39999,369.54999,357.35001,366.79999,1481877.0,1.116468642315639,-0.6164383561643836
3487,2019-08-01,NSE:MARICO,366.64999,371.39999,350.39999,362.60001,5252286.0,-1.1450327465930363,1.116468642315639
3488,2019-08-02,NSE:MARICO,364.79999,375.85001,361.89999,372.64999,6133506.0,2.771643608062781,-1.1450327465930363
3489,2019-08-05,NSE:MARICO,372.20001,376.79999,369.54999,373.60001,2910617.0,0.2549362741160935,2.771643608062781
3490,2019-08-06,NSE:MARICO,374.0,383.20001,374.0,377.70001,2145343.0,1.0974303774777796,0.2549362741160935
3491,2019-08-07,NSE:MARICO,377.39999,382.14999,376.95001,378.60001,1948107.0,0.2382843463520102,1.0974303774777796
3492,2019-08-08,NSE:MARICO,379.0,383.95001,378.95001,383.0,2189771.0,1.1621737675072967,0.2382843463520102
3493,2019-08-09,NSE:MARICO,383.89999,394.0,382.5,392.04999,1975249.0,2.3629216710182717,1.1621737675072967
3494,2019-08-13,NSE:MARICO,395.0,395.5,390.10001,392.54999,3730684.0,0.12753475647327525,2.3629216710182717
3495,2019-08-14,NSE:MARICO,394.0,395.0,389.89999,392.75,1247424.0,0.05095147244813845,0.12753475647327525
3496,2019-08-16,NSE:MARICO,392.39999,393.35001,388.0,392.20001,1491547.0,-0.14003564608529084,0.05095147244813845
3497,2019-08-19,NSE:MARICO,392.20001,401.75,392.0,396.04999,2734988.0,0.9816368949098088,-0.14003564608529084
3498,2019-08-20,NSE:MARICO,397.35001,397.89999,393.25,395.35001,1285694.0,-0.17674031502941898,0.9816368949098088
3499,2019-08-21,NSE:MARICO,393.0,396.89999,391.5,393.60001,775279.0,-0.44264574572794374,-0.17674031502941898
3500,2019-08-22,NSE:MARICO,393.0,394.29999,389.5,391.60001,1200418.0,-0.5081300683910044,-0.44264574572794374
3501,2019-08-23,NSE:MARICO,390.0,392.0,377.64999,380.04999,3743198.0,-2.9494432341817403,-0.5081300683910044
3502,2019-08-26,NSE:MARICO,382.0,384.25,372.04999,376.95001,3980718.0,-0.8156769060827919,-2.9494432341817403
3503,2019-08-27,NSE:MARICO,380.0,389.79999,378.0,385.89999,2762744.0,2.3743148328872525,-0.8156769060827919
3504,2019-08-28,NSE:MARICO,386.25,392.95001,382.70001,390.95001,1411348.0,1.3086343951447155,2.3743148328872525
3505,2019-08-29,NSE:MARICO,390.35001,391.54999,384.20001,388.79999,1643520.0,-0.549947549560119,1.3086343951447155
3506,2019-08-30,NSE:MARICO,390.0,393.60001,388.20001,391.10001,1669135.0,0.5915689452564075,-0.549947549560119
3507,2019-09-03,NSE:MARICO,391.5,391.5,385.0,385.89999,1243784.0,-1.3295883065817347,0.5915689452564075
3508,2019-09-04,NSE:MARICO,386.10001,390.89999,376.89999,384.14999,2673544.0,-0.45348537065263983,-1.3295883065817347
3509,2019-09-05,NSE:MARICO,385.04999,386.0,381.64999,384.89999,2421019.0,0.19523624092766473,-0.45348537065263983
3510,2019-09-06,NSE:MARICO,386.0,387.89999,381.0,382.5,1232781.0,-0.6235359995722531,0.19523624092766473
3511,2019-09-09,NSE:MARICO,380.25,387.85001,380.25,387.04999,1733094.0,1.1895398692810404,-0.6235359995722531
3512,2019-09-11,NSE:MARICO,387.10001,390.5,385.10001,386.79999,1345221.0,-0.06459113976465936,1.1895398692810404
3513,2019-09-12,NSE:MARICO,387.0,388.35001,384.04999,385.75,739180.0,-0.2714555395929508,-0.06459113976465936
3514,2019-09-13,NSE:MARICO,385.25,385.29999,378.54999,382.25,1394423.0,-0.9073233959818535,-0.2714555395929508
3515,2019-09-16,NSE:MARICO,380.75,385.29999,378.54999,380.89999,1315847.0,-0.3531746239372132,-0.9073233959818535
3516,2019-09-17,NSE:MARICO,379.5,381.45001,376.0,380.04999,2649795.0,-0.22315568976518552,-0.3531746239372132
3517,2019-09-18,NSE:MARICO,380.79999,381.0,375.29999,379.95001,1568749.0,-0.026307065552076334,-0.22315568976518552
3518,2019-09-19,NSE:MARICO,380.79999,382.5,378.39999,380.0,1261647.0,0.013156993995073134,-0.026307065552076334
3519,2019-09-20,NSE:MARICO,381.85001,391.0,377.29999,380.20001,2409479.0,0.052634210526321105,0.013156993995073134
3520,2019-09-23,NSE:MARICO,380.20001,389.0,369.0,386.39999,3024471.0,1.6307153700495645,0.052634210526321105
3521,2019-09-24,NSE:MARICO,387.0,399.0,384.14999,396.45001,2698045.0,2.600936920314107,1.6307153700495645
3522,2019-09-25,NSE:MARICO,397.89999,404.0,384.10001,392.0,3164971.0,-1.1224643429823649,2.600936920314107
3523,2019-09-26,NSE:MARICO,389.0,391.85001,383.60001,388.10001,1889683.0,-0.994895408163266,-1.1224643429823649
3524,2019-09-27,NSE:MARICO,388.10001,392.45001,385.0,391.04999,1594589.0,0.7601081999456744,-0.994895408163266
3525,2019-09-30,NSE:MARICO,390.70001,395.85001,388.0,394.25,1891389.0,0.8183122572129513,0.7601081999456744
3526,2019-10-01,NSE:MARICO,394.0,397.89999,379.5,387.79999,2555372.0,-1.636020291693093,0.8183122572129513
3527,2019-10-03,NSE:MARICO,386.39999,390.0,380.29999,384.0,1999508.0,-0.9798839860722999,-1.636020291693093
3528,2019-10-04,NSE:MARICO,384.60001,385.10001,376.79999,378.79999,1796297.0,-1.3541692708333386,-0.9798839860722999
3529,2019-10-07,NSE:MARICO,378.79999,381.5,375.0,379.25,647438.0,0.11879884157336441,-1.3541692708333386
3530,2019-10-09,NSE:MARICO,379.0,385.04999,378.0,383.60001,1453314.0,1.147003295978905,0.11879884157336441
3531,2019-10-10,NSE:MARICO,382.95001,388.35001,380.89999,384.5,1235106.0,0.2346167822049855,1.147003295978905
3532,2019-10-11,NSE:MARICO,385.70001,387.75,381.04999,383.45001,1273100.0,-0.2730793237971339,0.2346167822049855
3533,2019-10-14,NSE:MARICO,384.54999,389.0,382.54999,384.95001,1873572.0,0.3911852812313136,-0.2730793237971339
3534,2019-10-15,NSE:MARICO,385.5,385.54999,379.0,382.95001,1562818.0,-0.5195479797493706,0.3911852812313136
3535,2019-10-16,NSE:MARICO,383.39999,385.0,377.54999,380.45001,1259137.0,-0.6528267227359519,-0.5195479797493706
3536,2019-10-17,NSE:MARICO,380.04999,389.89999,378.79999,387.54999,1438251.0,1.866205759857901,-0.6528267227359519
3537,2019-10-18,NSE:MARICO,387.75,392.89999,385.5,391.85001,1563849.0,1.109539442898713,1.866205759857901
3538,2019-10-22,NSE:MARICO,392.95001,400.89999,392.14999,395.10001,2136931.0,0.8293989835549578,1.109539442898713
3539,2019-10-23,NSE:MARICO,395.35001,395.95001,389.75,393.75,1445027.0,-0.3416881715593977,0.8293989835549578
3540,2019-10-24,NSE:MARICO,395.79999,398.75,387.14999,394.45001,1746043.0,0.17778031746032258,-0.3416881715593977
3541,2019-10-25,NSE:MARICO,395.39999,396.0,383.70001,391.10001,2732495.0,-0.8492837913732142,0.17778031746032258
3542,2019-10-29,NSE:MARICO,389.10001,389.10001,362.25,366.60001,8461743.0,-6.264382350693369,-0.8492837913732142
3543,2019-10-30,NSE:MARICO,372.0,372.0,366.60001,370.95001,1766694.0,1.186579345701606,-6.264382350693369
3544,2019-10-31,NSE:MARICO,372.0,374.25,364.64999,365.85001,4309485.0,-1.374848325250085,1.186579345701606
3545,2019-11-01,NSE:MARICO,367.10001,373.89999,367.10001,370.39999,2034159.0,1.2436736027422837,-1.374848325250085
3546,2019-11-04,NSE:MARICO,371.0,371.45001,363.54999,365.60001,1641703.0,-1.2958909637119604,1.2436736027422837
3547,2019-11-05,NSE:MARICO,365.60001,367.0,360.5,366.39999,2459875.0,0.21881290429942962,-1.2958909637119604
3548,2019-11-06,NSE:MARICO,368.0,368.5,360.89999,367.79999,1293956.0,0.3820960802973759,0.21881290429942962
3549,2019-11-07,NSE:MARICO,369.0,370.75,365.29999,369.79999,3761245.0,0.5437738048878142,0.3820960802973759
3550,2019-11-08,NSE:MARICO,370.0,372.45001,366.85001,370.60001,1334062.0,0.2163385672346875,0.5437738048878142
3551,2019-11-11,NSE:MARICO,370.89999,375.0,366.95001,371.29999,1330587.0,0.18887749085597227,0.2163385672346875
3552,2019-11-13,NSE:MARICO,371.29999,374.35001,363.85001,366.45001,2924211.0,-1.3062160330249295,0.18887749085597227
3553,2019-11-14,NSE:MARICO,365.5,365.5,354.0,356.54999,3738810.0,-2.7016017819183684,-1.3062160330249295
3554,2019-11-15,NSE:MARICO,357.45001,357.5,353.10001,356.35001,2293732.0,-0.056087506831786,-2.7016017819183684
3555,2019-11-18,NSE:MARICO,357.25,357.25,352.04999,355.29999,1243758.0,-0.294659736364261,-0.056087506831786
3556,2019-11-19,NSE:MARICO,356.25,360.29999,353.20001,357.25,1446730.0,0.5488348029506053,-0.294659736364261
3557,2019-11-20,NSE:MARICO,358.0,361.29999,355.0,355.35001,1258477.0,-0.5318376487053891,0.5488348029506053
3558,2019-11-21,NSE:MARICO,356.89999,359.25,353.04999,356.85001,1219942.0,0.4221190256896292,-0.5318376487053891
3559,2019-11-22,NSE:MARICO,355.20001,359.0,353.70001,357.79999,813957.0,0.26621268694933825,0.4221190256896292
3560,2019-11-25,NSE:MARICO,356.20001,361.5,356.20001,358.35001,984989.0,0.15372275443607972,0.26621268694933825
3561,2019-11-26,NSE:MARICO,358.5,358.95001,348.29999,350.35001,4920150.0,-2.2324542421528046,0.15372275443607972
3562,2019-11-27,NSE:MARICO,352.5,358.5,351.04999,357.60001,988073.0,2.0693591531508733,-2.2324542421528046
3563,2019-11-28,NSE:MARICO,358.0,361.89999,355.20001,361.14999,828082.0,0.9927236858858044,2.0693591531508733
3564,2019-11-29,NSE:MARICO,358.20001,361.75,355.0,359.89999,1064035.0,-0.3461165816452051,0.9927236858858044
3565,2019-12-02,NSE:MARICO,359.75,359.75,351.10001,353.85001,1420769.0,-1.6810169958604348,-0.3461165816452051
3566,2019-12-03,NSE:MARICO,353.0,353.14999,345.5,348.29999,1878740.0,-1.568466820164854,-1.6810169958604348
3567,2019-12-04,NSE:MARICO,346.04999,352.79999,346.04999,352.0,917241.0,1.0623055142780855,-1.568466820164854
3568,2019-12-05,NSE:MARICO,351.0,354.0,347.10001,348.0,1508053.0,-1.1363636363636365,1.0623055142780855
3569,2019-12-06,NSE:MARICO,348.5,349.75,338.85001,341.10001,2886217.0,-1.9827557471264374,-1.1363636363636365
3570,2019-12-09,NSE:MARICO,341.89999,342.79999,339.45001,340.75,1462923.0,-0.10261213419489419,-1.9827557471264374
3571,2019-12-10,NSE:MARICO,339.95001,340.95001,335.5,339.75,1408245.0,-0.293470286133529,-0.10261213419489419
3572,2019-12-11,NSE:MARICO,340.0,341.45001,331.20001,333.35001,1489874.0,-1.883735099337749,-0.293470286133529
3573,2019-12-12,NSE:MARICO,335.0,335.54999,330.5,331.10001,1592030.0,-0.6749662314394411,-1.883735099337749
3574,2019-12-13,NSE:MARICO,331.89999,335.0,330.64999,334.10001,1914038.0,0.906070646147066,-0.6749662314394411
3575,2019-12-16,NSE:MARICO,335.0,337.0,328.5,329.64999,1534303.0,-1.331942492309412,0.906070646147066
3576,2019-12-17,NSE:MARICO,330.89999,332.14999,327.60001,329.54999,1726476.0,-0.030335204924478457,-1.331942492309412
3577,2019-12-18,NSE:MARICO,331.20001,339.85001,330.0,338.79999,2671082.0,2.8068579216160803,-0.030335204924478457
3578,2019-12-19,NSE:MARICO,339.0,340.5,332.64999,334.60001,2345882.0,-1.2396635548897101,2.8068579216160803
3579,2019-12-20,NSE:MARICO,334.79999,338.75,331.54999,337.5,2031957.0,0.86670350069625,-1.2396635548897101
3580,2019-12-23,NSE:MARICO,338.0,340.20001,334.35001,336.60001,1944051.0,-0.26666370370370446,0.86670350069625
3581,2019-12-24,NSE:MARICO,337.5,337.79999,332.39999,333.60001,1463500.0,-0.891265570669472,-0.26666370370370446
3582,2019-12-26,NSE:MARICO,334.89999,340.35001,334.29999,339.25,3375398.0,1.69364203556229,-0.891265570669472
3583,2019-12-27,NSE:MARICO,340.0,342.45001,339.0,340.79999,3938598.0,0.45688725128960345,1.69364203556229
3584,2019-12-30,NSE:MARICO,340.79999,343.14999,339.25,342.64999,1351567.0,0.5428403915152764,0.45688725128960345
3585,2019-12-31,NSE:MARICO,341.64999,343.79999,340.5,341.60001,1123389.0,-0.3064293099789686,0.5428403915152764
3586,2020-01-01,NSE:MARICO,341.85001,346.85001,341.0,345.75,1119565.0,1.2148682314148653,-0.3064293099789686
3587,2020-01-02,NSE:MARICO,345.75,347.39999,336.10001,337.20001,2592967.0,-2.472882140274759,1.2148682314148653
3588,2020-01-03,NSE:MARICO,335.60001,336.85001,331.39999,334.60001,2007575.0,-0.7710557303957443,-2.472882140274759
3589,2020-01-06,NSE:MARICO,334.0,336.0,330.54999,331.75,1812816.0,-0.8517662626489455,-0.7710557303957443
3590,2020-01-07,NSE:MARICO,331.10001,336.10001,331.10001,332.64999,1434983.0,0.27128560663150036,-0.8517662626489455
3591,2020-01-08,NSE:MARICO,332.0,334.60001,329.29999,333.5,954815.0,0.2555268376830546,0.27128560663150036
3592,2020-01-09,NSE:MARICO,334.79999,336.95001,332.29999,333.10001,1728574.0,-0.11993703148425862,0.2555268376830546
3593,2020-01-10,NSE:MARICO,334.39999,339.20001,333.54999,338.10001,1879696.0,1.5010506904517955,-0.11993703148425862
3594,2020-01-13,NSE:MARICO,339.0,345.0,338.39999,343.45001,2539404.0,1.5823720324646022,1.5010506904517955
3595,2020-01-14,NSE:MARICO,345.0,345.54999,342.14999,344.60001,1694366.0,0.33483766676844096,1.5823720324646022
3596,2020-01-15,NSE:MARICO,345.0,346.5,342.14999,345.5,1239513.0,0.2611694642725061,0.33483766676844096
3597,2020-01-16,NSE:MARICO,346.5,350.70001,345.10001,349.14999,1173218.0,1.0564370477568747,0.2611694642725061
3598,2020-01-17,NSE:MARICO,349.0,353.95001,348.10001,349.70001,1641242.0,0.1575311515833117,1.0564370477568747
3599,2020-01-20,NSE:MARICO,349.70001,352.0,344.14999,346.10001,985024.0,-1.0294537881197152,0.1575311515833117
3600,2020-01-21,NSE:MARICO,344.0,345.0,336.0,336.75,1786886.0,-2.701534160602884,-1.0294537881197152
3601,2020-01-22,NSE:MARICO,337.70001,337.89999,332.29999,334.64999,915121.0,-0.6236109873793608,-2.701534160602884
3602,2020-01-23,NSE:MARICO,334.70001,335.79999,332.0,333.29999,1760568.0,-0.403406556205193,-0.6236109873793608
3603,2020-01-24,NSE:MARICO,332.85001,341.39999,332.85001,340.54999,1786647.0,2.1752175870152293,-0.403406556205193
3604,2020-01-27,NSE:MARICO,340.54999,343.75,336.89999,338.39999,1145922.0,-0.6313316878969744,2.1752175870152293
3605,2020-01-28,NSE:MARICO,338.95001,340.54999,333.79999,335.10001,1064496.0,-0.9751714236161783,-0.6313316878969744
3606,2020-01-29,NSE:MARICO,336.14999,347.35001,336.04999,344.75,2105271.0,2.8797343217029456,-0.9751714236161783
3607,2020-01-30,NSE:MARICO,346.89999,349.70001,335.10001,337.70001,2483374.0,-2.044957215373453,2.8797343217029456
3608,2020-01-31,NSE:MARICO,340.75,341.14999,313.0,315.35001,6941813.0,-6.6183000705270985,-2.044957215373453
3609,2020-02-01,NSE:MARICO,316.0,321.0,303.0,304.64999,4006160.0,-3.3930615699044995,-6.6183000705270985
3610,2020-02-03,NSE:MARICO,305.0,311.25,304.10001,306.60001,2920695.0,0.6400853648477044,-3.3930615699044995
3611,2020-02-04,NSE:MARICO,309.0,311.5,304.0,307.25,3344060.0,0.21199934076975485,0.6400853648477044
3612,2020-02-05,NSE:MARICO,309.10001,314.85001,299.20001,311.60001,9183894.0,1.4157884458909675,0.21199934076975485
3613,2020-02-06,NSE:MARICO,311.0,311.89999,303.25,305.95001,3174813.0,-1.8132220213985157,1.4157884458909675
3614,2020-02-07,NSE:MARICO,306.29999,315.35001,304.70001,311.70001,3502300.0,1.879391996097663,-1.8132220213985157
3615,2020-02-10,NSE:MARICO,313.60001,313.95001,307.0,308.64999,1685622.0,-0.9785113577635167,1.879391996097663
3616,2020-02-11,NSE:MARICO,309.0,311.39999,304.0,304.89999,1827686.0,-1.214968450185273,-0.9785113577635167
3617,2020-02-12,NSE:MARICO,305.60001,310.39999,304.54999,305.60001,2739107.0,0.2295900370478841,-1.214968450185273
3618,2020-02-13,NSE:MARICO,306.20001,307.10001,302.5,303.39999,1574245.0,-0.719901808903735,0.2295900370478841
3619,2020-02-14,NSE:MARICO,304.39999,305.39999,300.89999,302.20001,2688377.0,-0.3955108897663386,-0.719901808903735
3620,2020-02-17,NSE:MARICO,303.0,303.20001,296.0,296.60001,2862510.0,-1.853077370844568,-0.3955108897663386
3621,2020-02-18,NSE:MARICO,298.0,301.0,292.14999,299.75,2608197.0,1.0620330053259277,-1.853077370844568
3622,2020-02-19,NSE:MARICO,302.85001,306.95001,298.25,299.85001,2530762.0,0.033364470391992494,1.0620330053259277
3623,2020-02-20,NSE:MARICO,300.0,307.0,297.0,306.20001,3667812.0,2.1177254588052286,0.033364470391992494
3624,2020-02-24,NSE:MARICO,307.0,308.10001,302.20001,304.25,2922212.0,-0.6368419125786509,2.1177254588052286
3625,2020-02-25,NSE:MARICO,304.20001,307.20001,301.35001,305.95001,2500345.0,0.5587543138866131,-0.6368419125786509
3626,2020-02-26,NSE:MARICO,306.79999,308.25,299.89999,306.14999,3773560.0,0.06536361937036128,0.5587543138866131
3627,2020-02-27,NSE:MARICO,306.79999,307.89999,302.0,306.39999,2162147.0,0.08165931999540486,0.06536361937036128
3628,2020-02-28,NSE:MARICO,301.79999,303.29999,295.0,298.75,4184422.0,-2.496733110206695,0.08165931999540486
3629,2020-03-02,NSE:MARICO,302.0,311.39999,290.0,291.25,4185685.0,-2.510460251046025,-2.496733110206695
3630,2020-03-03,NSE:MARICO,297.5,298.10001,290.5,296.10001,3970650.0,1.66523948497854,-2.510460251046025
3631,2020-03-04,NSE:MARICO,298.35001,301.25,292.25,295.04999,2578871.0,-0.3546166715766128,1.66523948497854
3632,2020-03-05,NSE:MARICO,295.45001,300.45001,292.0,293.25,1666684.0,-0.6100627219136594,-0.3546166715766128
3633,2020-03-06,NSE:MARICO,290.0,290.0,280.5,282.54999,4709414.0,-3.648767263427117,-0.6100627219136594
3634,2020-03-09,NSE:MARICO,281.89999,281.89999,262.25,266.04999,4922160.0,-5.839674600590147,-3.648767263427117
3635,2020-03-11,NSE:MARICO,266.04999,276.0,265.20001,269.75,3271005.0,1.3907198417861322,-5.839674600590147
3636,2020-03-12,NSE:MARICO,260.0,263.60001,248.3,259.85001,7679029.0,-3.6700611677479156,1.3907198417861322
3637,2020-03-13,NSE:MARICO,245.85001,272.25,236.05,260.64999,4096772.0,0.3078622163608941,-3.6700611677479156
3638,2020-03-16,NSE:MARICO,250.0,271.54999,246.64999,252.5,4370511.0,-3.126794672042766,0.3078622163608941
3639,2020-03-17,NSE:MARICO,252.5,257.0,245.89999,249.14999,3816942.0,-1.3267366336633655,-3.126794672042766
3640,2020-03-18,NSE:MARICO,253.5,253.95,241.5,248.85001,3570030.0,-0.12040136947226247,-1.3267366336633655
3641,2020-03-19,NSE:MARICO,245.0,255.25,236.5,248.3,3059325.0,-0.22102068631622163,-0.12040136947226247
3642,2020-03-20,NSE:MARICO,250.55,260.89999,247.8,255.89999,3892214.0,3.0608095046314907,-0.22102068631622163
3643,2020-03-23,NSE:MARICO,238.0,251.14999,234.0,240.2,2700526.0,-6.135205398015066,3.0608095046314907
3644,2020-03-24,NSE:MARICO,243.0,256.75,240.0,249.3,3671728.0,3.7885095753538813,-6.135205398015066
3645,2020-03-25,NSE:MARICO,251.8,262.5,245.5,248.14999,3178877.0,-0.46129562775772515,3.7885095753538813
3646,2020-03-26,NSE:MARICO,251.8,271.0,249.14999,266.85001,3089947.0,7.53577302179218,-0.46129562775772515
3647,2020-03-27,NSE:MARICO,271.0,277.39999,251.25,253.14999,3045141.0,-5.133977697808591,7.53577302179218
3648,2020-03-30,NSE:MARICO,251.0,262.85001,247.2,258.70001,2096890.0,2.1923840486819763,-5.133977697808591
3649,2020-03-31,NSE:MARICO,265.39999,280.79999,259.29999,274.85001,3457799.0,6.242751981339303,2.1923840486819763
3650,2020-04-01,NSE:MARICO,277.04999,284.29999,262.0,265.5,2864584.0,-3.4018590721535715,6.242751981339303
3651,2020-04-03,NSE:MARICO,263.0,275.70001,257.0,261.14999,3664064.0,-1.6384218455743869,-3.4018590721535715
3652,2020-04-07,NSE:MARICO,272.79999,284.95001,265.60001,283.85001,4852945.0,8.692330411347132,-1.6384218455743869
3653,2020-04-08,NSE:MARICO,284.0,305.64999,278.0,289.45001,5519404.0,1.9728729267968048,8.692330411347132
3654,2020-04-09,NSE:MARICO,296.95001,302.29999,287.79999,296.60001,4448691.0,2.470202022103912,1.9728729267968048
3655,2020-04-13,NSE:MARICO,296.60001,296.60001,285.5,291.04999,3570311.0,-1.871213692811412,2.470202022103912
3656,2020-04-15,NSE:MARICO,292.0,309.70001,291.04999,303.14999,4785567.0,4.157361420971024,-1.871213692811412
3657,2020-04-16,NSE:MARICO,299.95001,313.25,296.20001,306.85001,6058564.0,1.2205245330867387,4.157361420971024
3658,2020-04-17,NSE:MARICO,314.0,314.89999,298.64999,300.14999,3122457.0,-2.18348371570853,1.2205245330867387
3659,2020-04-20,NSE:MARICO,304.04999,307.95001,296.5,300.35001,3315017.0,0.06664001554689207,-2.18348371570853
3660,2020-04-21,NSE:MARICO,300.0,300.85001,293.0,296.04999,2306133.0,-1.4316696709948562,0.06664001554689207
3661,2020-04-22,NSE:MARICO,297.0,311.0,293.54999,308.85001,2983604.0,4.323600889160651,-1.4316696709948562
3662,2020-04-23,NSE:MARICO,309.0,315.54999,300.0,301.70001,5360248.0,-2.315039588310189,4.323600889160651
3663,2020-04-24,NSE:MARICO,300.89999,309.54999,300.0,306.10001,3878959.0,1.4584023381371374,-2.315039588310189
3664,2020-04-27,NSE:MARICO,303.89999,303.89999,295.0,297.14999,4969835.0,-2.9238875229046855,1.4584023381371374
3665,2020-04-28,NSE:MARICO,300.0,302.0,288.14999,290.10001,4632084.0,-2.372532470891217,-2.9238875229046855
3666,2020-04-29,NSE:MARICO,291.0,293.70001,287.0,289.64999,2851433.0,-0.15512581333588887,-2.372532470891217
3667,2020-04-30,NSE:MARICO,295.0,295.0,283.14999,287.0,4595484.0,-0.91489386897614,-0.15512581333588887
3668,2020-05-04,NSE:MARICO,280.95001,294.54999,277.10001,284.35001,7171676.0,-0.9233414634146351,-0.91489386897614
3669,2020-05-05,NSE:MARICO,291.0,301.89999,289.29999,296.70001,17067122.0,4.343238813320253,-0.9233414634146351
3670,2020-05-06,NSE:MARICO,298.89999,305.95001,294.0,303.10001,7025639.0,2.157060931679772,4.343238813320253
3671,2020-05-07,NSE:MARICO,299.10001,300.85001,294.10001,298.95001,4909366.0,-1.369185042257167,2.157060931679772
3672,2020-05-08,NSE:MARICO,302.89999,304.0,298.25,300.25,4415728.0,0.4348519673907954,-1.369185042257167
3673,2020-05-11,NSE:MARICO,301.70001,304.89999,300.25,303.10001,2485970.0,0.9492123230641124,0.4348519673907954
3674,2020-05-12,NSE:MARICO,299.0,304.0,297.54999,299.25,1977948.0,-1.2702111095278412,0.9492123230641124
3675,2020-05-13,NSE:MARICO,311.0,311.0,305.25,307.0,2850256.0,2.5898078529657473,-1.2702111095278412
3676,2020-05-14,NSE:MARICO,305.89999,321.0,304.85001,318.25,5750740.0,3.664495114006515,2.5898078529657473
3677,2020-05-15,NSE:MARICO,321.0,322.0,310.54999,316.5,4430318.0,-0.5498821681068342,3.664495114006515
3678,2020-05-18,NSE:MARICO,320.0,320.0,304.10001,306.20001,3553034.0,-3.254341232227482,-0.5498821681068342
3679,2020-05-19,NSE:MARICO,307.0,314.25,305.14999,312.79999,2034957.0,2.1554473495934765,-3.254341232227482
3680,2020-05-20,NSE:MARICO,313.64999,319.20001,312.0,316.89999,2305091.0,1.310741729883055,2.1554473495934765
3681,2020-05-21,NSE:MARICO,319.0,320.5,312.85001,316.75,2023479.0,-0.04733038962860255,1.310741729883055
3682,2020-05-22,NSE:MARICO,314.0,317.95001,311.39999,316.75,1595445.0,0.0,-0.04733038962860255
3683,2020-05-26,NSE:MARICO,317.29999,325.70001,317.29999,321.70001,4746694.0,1.5627498026835107,0.0
3684,2020-05-27,NSE:MARICO,322.70001,324.79999,318.5,323.25,3061656.0,0.48181223245842597,1.5627498026835107
3685,2020-05-28,NSE:MARICO,323.25,334.0,322.20001,330.14999,3718393.0,2.1345676720804336,0.48181223245842597
3686,2020-05-29,NSE:MARICO,317.0,349.5,317.0,343.79999,6669558.0,4.1344844505371565,2.1345676720804336
3687,2020-06-01,NSE:MARICO,345.5,352.0,336.70001,338.45001,5797108.0,-1.5561315170486072,4.1344844505371565
3688,2020-06-02,NSE:MARICO,338.45001,342.70001,330.0,330.85001,3038952.0,-2.2455310313035657,-1.5561315170486072
3689,2020-06-03,NSE:MARICO,336.0,338.75,330.5,334.89999,2690017.0,1.2241136096686245,-2.2455310313035657
3690,2020-06-04,NSE:MARICO,334.5,335.89999,328.5,333.14999,2861992.0,-0.5225440586008976,1.2241136096686245
3691,2020-06-05,NSE:MARICO,335.14999,335.70001,325.5,326.39999,2897897.0,-2.0261144237164768,-0.5225440586008976
3692,2020-06-08,NSE:MARICO,328.5,335.85001,326.10001,332.0,3204273.0,1.7156893907993065,-2.0261144237164768
3693,2020-06-09,NSE:MARICO,336.5,342.45001,330.79999,333.85001,4422473.0,0.5572319277108426,1.7156893907993065
3694,2020-06-10,NSE:MARICO,332.14999,337.0,330.0,335.79999,2159168.0,0.5840886450774653,0.5572319277108426
3695,2020-06-11,NSE:MARICO,336.70001,339.45001,329.79999,330.64999,1400631.0,-1.5336510283993687,0.5840886450774653
3696,2020-06-12,NSE:MARICO,320.0,337.25,315.0,332.79999,5304971.0,0.6502344064791827,-1.5336510283993687
3697,2020-06-15,NSE:MARICO,335.10001,340.60001,327.39999,330.39999,3105930.0,-0.7211538678231263,0.6502344064791827
3698,2020-06-16,NSE:MARICO,329.04999,337.04999,327.79999,330.20001,2569657.0,-0.06052663621448121,-0.7211538678231263
3699,2020-06-17,NSE:MARICO,330.0,332.54999,328.5,331.04999,991958.0,0.257413680877829,-0.06052663621448121
3700,2020-06-18,NSE:MARICO,332.35001,334.0,329.14999,332.04999,1496725.0,0.3020691829653884,0.257413680877829
3701,2020-06-19,NSE:MARICO,335.0,335.0,330.10001,331.89999,2713340.0,-0.045173920950871665,0.3020691829653884
3702,2020-06-22,NSE:MARICO,331.60001,335.04999,329.29999,330.54999,1778475.0,-0.40674903304456944,-0.045173920950871665
3703,2020-06-23,NSE:MARICO,330.0,339.25,330.0,337.35001,3583304.0,2.0571835443105044,-0.40674903304456944
3704,2020-06-24,NSE:MARICO,341.04999,343.70001,335.10001,338.75,2513849.0,0.41499628234782104,2.0571835443105044
3705,2020-06-25,NSE:MARICO,338.75,343.70001,337.0,341.64999,2114256.0,0.8560856088560893,0.41499628234782104
3706,2020-06-26,NSE:MARICO,345.0,346.29999,342.0,344.39999,2263468.0,0.8049173365993658,0.8560856088560893
3707,2020-06-29,NSE:MARICO,347.5,350.0,344.5,346.0,2896065.0,0.46457899142215353,0.8049173365993658
3708,2020-06-30,NSE:MARICO,347.04999,354.64999,347.0,351.89999,5313478.0,1.7051994219653186,0.46457899142215353
3709,2020-07-01,NSE:MARICO,355.0,356.0,349.79999,351.29999,2834826.0,-0.17050298864743438,1.7051994219653186
3710,2020-07-02,NSE:MARICO,353.20001,359.64999,351.35001,357.64999,4017992.0,1.807571927343358,-0.17050298864743438
3711,2020-07-03,NSE:MARICO,355.10001,359.85001,354.29999,358.5,2319392.0,0.2376653218975338,1.807571927343358
3712,2020-07-06,NSE:MARICO,354.39999,354.39999,342.75,352.10001,5867158.0,-1.7852133891213398,0.2376653218975338
3713,2020-07-07,NSE:MARICO,354.35001,356.54999,351.29999,352.39999,2600024.0,0.08519738468624441,-1.7852133891213398
3714,2020-07-08,NSE:MARICO,354.20001,354.39999,347.79999,349.39999,1919724.0,-0.8513053590041249,0.08519738468624441
3715,2020-07-09,NSE:MARICO,349.39999,351.39999,341.95001,343.04999,2407863.0,-1.8174013113165868,-0.8513053590041249
3716,2020-07-10,NSE:MARICO,344.29999,350.39999,340.89999,343.60001,1867558.0,0.1603323177476314,-1.8174013113165868
3717,2020-07-13,NSE:MARICO,343.04999,348.0,342.10001,347.20001,1301824.0,1.047729888017181,0.1603323177476314
3718,2020-07-14,NSE:MARICO,347.0,350.75,345.39999,348.64999,1563592.0,0.417620955713677,1.047729888017181
3719,2020-07-15,NSE:MARICO,348.75,352.89999,343.45001,344.25,1909163.0,-1.2620077803530132,0.417620955713677
3720,2020-07-16,NSE:MARICO,345.64999,348.20001,338.75,347.04999,1561131.0,0.8133594771241771,-1.2620077803530132
3721,2020-07-17,NSE:MARICO,348.60001,356.79999,348.25,355.10001,2213723.0,2.319556326741291,0.8133594771241771
3722,2020-07-20,NSE:MARICO,355.0,355.0,348.25,352.54999,1432550.0,-0.7181131873243308,2.319556326741291
3723,2020-07-21,NSE:MARICO,353.0,359.64999,351.14999,353.45001,3144095.0,0.2552886187856765,-0.7181131873243308
3724,2020-07-22,NSE:MARICO,354.85001,355.29999,349.5,350.89999,3102512.0,-0.7214655334144756,0.2552886187856765
3725,2020-07-23,NSE:MARICO,351.04999,354.39999,348.0,349.70001,2545056.0,-0.3419720815608978,-0.7214655334144756
3726,2020-07-24,NSE:MARICO,352.0,358.75,347.25,357.10001,2762044.0,2.1160994533571724,-0.3419720815608978
3727,2020-07-27,NSE:MARICO,359.79999,360.60001,347.35001,350.45001,5332859.0,-1.8622234146674983,2.1160994533571724
3728,2020-07-28,NSE:MARICO,355.0,368.89999,355.0,361.95001,10442312.0,3.281495126794261,-1.8622234146674983
3729,2020-07-29,NSE:MARICO,362.85001,366.45001,359.14999,362.14999,3449460.0,0.055250723711813755,3.281495126794261
3730,2020-07-30,NSE:MARICO,364.10001,366.89999,358.95001,364.5,2412689.0,0.6489051677179385,0.055250723711813755
3731,2020-07-31,NSE:MARICO,364.5,368.5,361.25,363.45001,2264673.0,-0.2880631001371686,0.6489051677179385
3732,2020-08-03,NSE:MARICO,363.39999,369.75,361.10001,362.89999,2399355.0,-0.1513330540285355,-0.2880631001371686
3733,2020-08-04,NSE:MARICO,366.10001,369.60001,364.79999,367.89999,2771013.0,1.3777900627663284,-0.1513330540285355
3734,2020-08-05,NSE:MARICO,370.0,373.45001,361.64999,363.25,3485973.0,-1.2639277320991509,1.3777900627663284
3735,2020-08-06,NSE:MARICO,366.20001,370.0,362.10001,369.45001,2417349.0,1.706816242257404,-1.2639277320991509
3736,2020-08-07,NSE:MARICO,369.0,371.95001,365.5,370.0,2555271.0,0.14886723104973787,1.706816242257404
3737,2020-08-10,NSE:MARICO,370.0,375.79999,367.20001,373.29999,2665539.0,0.8918891891891836,0.14886723104973787
3738,2020-08-11,NSE:MARICO,372.04999,378.39999,369.10001,370.60001,3676049.0,-0.7232735259382091,0.8918891891891836
3739,2020-08-12,NSE:MARICO,370.25,372.0,362.25,364.04999,3985010.0,-1.7674095583537675,-0.7232735259382091
3740,2020-08-13,NSE:MARICO,367.20001,368.75,362.29999,366.10001,2575663.0,0.5631149722047837,-1.7674095583537675
3741,2020-08-14,NSE:MARICO,366.79999,369.25,363.85001,366.29999,2196454.0,0.05462441806543034,0.5631149722047837
3742,2020-08-17,NSE:MARICO,366.64999,371.25,363.39999,370.0,1641903.0,1.010103767679606,0.05462441806543034
3743,2020-08-18,NSE:MARICO,369.0,375.14999,368.0,373.25,2352352.0,0.8783783783783784,1.010103767679606
3744,2020-08-19,NSE:MARICO,375.0,376.70001,369.29999,373.5,2092175.0,0.06697923643670461,0.8783783783783784
3745,2020-08-20,NSE:MARICO,372.64999,374.0,370.5,373.20001,1240896.0,-0.08031860776438547,0.06697923643670461
3746,2020-08-21,NSE:MARICO,374.29999,377.79999,372.29999,376.20001,1479968.0,0.8038584993607047,-0.08031860776438547
3747,2020-08-24,NSE:MARICO,378.0,380.70001,370.20001,373.85001,2962531.0,-0.6246677133262231,0.8038584993607047
3748,2020-08-25,NSE:MARICO,375.0,376.79999,366.70001,369.20001,2616237.0,-1.243814330779335,-0.6246677133262231
3749,2020-08-26,NSE:MARICO,369.79999,372.0,366.60001,370.20001,1781351.0,0.27085589732242965,-1.243814330779335
3750,2020-08-27,NSE:MARICO,371.39999,375.45001,369.54999,374.64999,1454666.0,1.202047509399036,0.27085589732242965
3751,2020-08-28,NSE:MARICO,374.64999,376.45001,371.85001,374.29999,2524959.0,-0.09342052831764996,1.202047509399036
3752,2020-08-31,NSE:MARICO,374.29999,378.14999,364.10001,368.89999,4323447.0,-1.4426930655274603,-0.09342052831764996
3753,2020-09-01,NSE:MARICO,368.89999,376.39999,363.45001,373.5,3613806.0,1.2469531376241016,-1.4426930655274603
3754,2020-09-02,NSE:MARICO,373.5,381.89999,371.0,378.89999,2891083.0,1.4457804551539497,1.2469531376241016
3755,2020-09-03,NSE:MARICO,376.29999,382.79999,376.29999,379.35001,2842345.0,0.11877012717788538,1.4457804551539497
3756,2020-09-04,NSE:MARICO,379.0,379.0,371.70001,373.85001,1928182.0,-1.449848386718113,0.11877012717788538
3757,2020-09-07,NSE:MARICO,373.89999,375.64999,368.39999,370.10001,1477925.0,-1.0030760732091462,-1.449848386718113
3758,2020-09-08,NSE:MARICO,370.0,372.39999,365.60001,367.35001,2034464.0,-0.7430424008905052,-1.0030760732091462
3759,2020-09-09,NSE:MARICO,366.60001,367.25,360.35001,364.0,1860049.0,-0.9119395423454589,-0.7430424008905052
3760,2020-09-10,NSE:MARICO,365.79999,367.64999,360.20001,363.29999,1291507.0,-0.19231043956044513,-0.9119395423454589
3761,2020-09-11,NSE:MARICO,362.35001,367.95001,362.29999,366.70001,1782553.0,0.9358712066025768,-0.19231043956044513
3762,2020-09-14,NSE:MARICO,367.39999,371.70001,365.79999,370.54999,1663003.0,1.0498990714507914,0.9358712066025768
3763,2020-09-15,NSE:MARICO,370.54999,370.54999,363.14999,364.5,1514131.0,-1.6327054819243094,1.0498990714507914
3764,2020-09-16,NSE:MARICO,365.0,366.39999,362.70001,364.35001,1196128.0,-0.04114951989026132,-1.6327054819243094
3765,2020-09-17,NSE:MARICO,365.95001,368.75,360.54999,361.64999,1816429.0,-0.7410511667064302,-0.04114951989026132
3766,2020-09-18,NSE:MARICO,363.64999,364.0,356.45001,362.5,2445839.0,0.2350366441320785,-0.7410511667064302
3767,2020-09-21,NSE:MARICO,362.0,363.04999,347.64999,350.29999,2064770.0,-3.365520000000006,0.2350366441320785
3768,2020-09-22,NSE:MARICO,351.45001,352.0,344.0,346.14999,2406399.0,-1.1846988633941946,-3.365520000000006
3769,2020-09-23,NSE:MARICO,347.14999,349.95001,337.0,340.29999,3326514.0,-1.6900188268097371,-1.1846988633941946
3770,2020-09-24,NSE:MARICO,337.75,345.95001,333.0,342.60001,3118165.0,0.6758801256503175,-1.6900188268097371
3771,2020-09-25,NSE:MARICO,345.0,361.95001,343.10001,353.5,7055901.0,3.181549819569475,0.6758801256503175
3772,2020-09-28,NSE:MARICO,354.5,362.89999,353.75,360.64999,3064523.0,2.0226280056577095,3.181549819569475
3773,2020-09-29,NSE:MARICO,362.0,366.35001,354.75,356.39999,2172514.0,-1.1784278712998162,2.0226280056577095
3774,2020-09-30,NSE:MARICO,358.35001,364.95001,354.64999,363.0,3700444.0,1.8518547096479991,-1.1784278712998162
3775,2020-10-01,NSE:MARICO,363.0,365.10001,359.45001,361.89999,2369834.0,-0.30303305785123896,1.8518547096479991
3776,2020-10-05,NSE:MARICO,362.10001,379.25,362.04999,376.89999,4331816.0,4.144791493362572,-0.30303305785123896
3777,2020-10-06,NSE:MARICO,377.79999,379.29999,366.79999,368.79999,5268046.0,-2.1491112270923707,4.144791493362572
3778,2020-10-07,NSE:MARICO,376.0,379.45001,366.64999,369.0,6193444.0,0.05423264789134627,-2.1491112270923707
3779,2020-10-08,NSE:MARICO,370.0,374.75,368.75,371.64999,2796482.0,0.7181544715447161,0.05423264789134627
3780,2020-10-09,NSE:MARICO,372.0,378.04999,368.45001,369.35001,4043789.0,-0.6188564676135213,0.7181544715447161
3781,2020-10-12,NSE:MARICO,370.95001,372.45001,365.04999,367.04999,2637457.0,-0.6227209794850196,-0.6188564676135213
3782,2020-10-13,NSE:MARICO,368.45001,373.20001,366.14999,367.35001,3233541.0,0.08173818503578156,-0.6227209794850196
3783,2020-10-14,NSE:MARICO,367.25,369.20001,360.60001,361.60001,3168646.0,-1.565264691295367,0.08173818503578156
3784,2020-10-15,NSE:MARICO,363.0,369.10001,360.0,362.85001,3067713.0,0.34568583114806883,-1.565264691295367
3785,2020-10-16,NSE:MARICO,362.20001,364.70001,358.5,362.5,2517914.0,-0.09646134500588754,0.34568583114806883
3786,2020-10-19,NSE:MARICO,362.95001,366.64999,362.20001,364.5,2029318.0,0.5517241379310345,-0.09646134500588754
3787,2020-10-20,NSE:MARICO,365.89999,368.64999,363.10001,367.35001,2573499.0,0.7818957475994506,0.5517241379310345
3788,2020-10-21,NSE:MARICO,369.0,369.25,359.04999,360.35001,3448268.0,-1.9055396241856641,0.7818957475994506
3789,2020-10-22,NSE:MARICO,362.0,363.0,355.85001,356.70001,3346711.0,-1.0129040928845756,-1.9055396241856641
3790,2020-10-23,NSE:MARICO,358.5,360.5,356.0,358.60001,2752837.0,0.5326604840857664,-1.0129040928845756
3791,2020-10-26,NSE:MARICO,359.20001,361.85001,345.75,349.85001,4430448.0,-2.440044549915099,0.5326604840857664
3792,2020-10-27,NSE:MARICO,350.0,358.29999,350.0,356.5,4209038.0,1.9008117221434417,-2.440044549915099
3793,2020-10-28,NSE:MARICO,353.20001,365.0,349.85001,363.0,10855977.0,1.8232819074333801,1.9008117221434417
3794,2020-10-29,NSE:MARICO,363.0,364.95001,355.5,362.25,6146855.0,-0.2066115702479339,1.8232819074333801
3795,2020-10-30,NSE:MARICO,363.45001,366.75,355.0,356.64999,4031865.0,-1.5458964803312623,-0.2066115702479339
3796,2020-11-02,NSE:MARICO,359.89999,368.10001,357.10001,366.85001,3509440.0,2.859952414410553,-1.5458964803312623
3797,2020-11-03,NSE:MARICO,368.0,377.79999,368.0,370.89999,5388506.0,1.1039879759032867,2.859952414410553
3798,2020-11-04,NSE:MARICO,370.0,374.54999,368.5,371.39999,1965778.0,0.13480722930189348,1.1039879759032867
3799,2020-11-05,NSE:MARICO,372.39999,376.79999,369.0,374.75,2496797.0,0.9019951777596971,0.13480722930189348
3800,2020-11-06,NSE:MARICO,373.95001,382.54999,373.0,380.5,4301538.0,1.534356237491661,0.9019951777596971
3801,2020-11-09,NSE:MARICO,383.89999,389.75,377.29999,380.45001,4008366.0,-0.013137976346906641,1.534356237491661
3802,2020-11-10,NSE:MARICO,384.29999,385.45001,367.5,369.5,4230895.0,-2.8781731402767003,-0.013137976346906641
3803,2020-11-11,NSE:MARICO,371.29999,376.64999,364.29999,375.5,3268102.0,1.6238159675236805,-2.8781731402767003
3804,2020-11-12,NSE:MARICO,368.29999,376.64999,368.29999,374.29999,3167697.0,-0.31957656458056466,1.6238159675236805
3805,2020-11-13,NSE:MARICO,374.0,376.45001,368.14999,369.29999,2058840.0,-1.3358269125254318,-0.31957656458056466
3806,2020-11-14,NSE:MARICO,372.0,372.5,370.0,370.70001,255616.0,0.37910101216088327,-1.3358269125254318
3807,2020-11-17,NSE:MARICO,374.39999,381.0,372.5,379.04999,3153244.0,2.2524898232400803,0.37910101216088327
3808,2020-11-18,NSE:MARICO,379.04999,379.25,370.29999,377.25,2807534.0,-0.4748687633522902,2.2524898232400803
3809,2020-11-19,NSE:MARICO,373.0,379.5,365.75,367.35001,4171433.0,-2.62425182239894,-0.4748687633522902
3810,2020-11-20,NSE:MARICO,371.70001,376.25,367.79999,374.39999,3477598.0,1.9191451771023513,-2.62425182239894
3811,2020-11-23,NSE:MARICO,374.39999,379.89999,372.14999,378.25,2199453.0,1.0283146642178056,1.9191451771023513
3812,2020-11-24,NSE:MARICO,379.89999,380.0,373.54999,378.04999,2117162.0,-0.0528777263714528,1.0283146642178056
3813,2020-11-25,NSE:MARICO,378.89999,379.79999,367.20001,369.29999,1752969.0,-2.3145087240975726,-0.0528777263714528
3814,2020-11-26,NSE:MARICO,369.95001,376.35001,368.14999,373.95001,2340679.0,1.259144361200779,-2.3145087240975726
3815,2020-11-27,NSE:MARICO,375.29999,378.0,361.89999,367.70001,6419987.0,-1.6713463919950156,1.259144361200779
3816,2020-12-01,NSE:MARICO,370.95001,375.29999,362.5,373.79999,3530432.0,1.6589556252663575,-1.6713463919950156
3817,2020-12-02,NSE:MARICO,373.0,381.64999,372.10001,378.64999,3617752.0,1.2974853209600201,1.6589556252663575
3818,2020-12-03,NSE:MARICO,381.0,392.0,379.29999,389.64999,3634050.0,2.905057517629936,1.2974853209600201
3819,2020-12-04,NSE:MARICO,392.10001,398.29999,390.79999,395.04999,3631106.0,1.3858591398911566,2.905057517629936
3820,2020-12-07,NSE:MARICO,395.0,401.89999,391.39999,400.39999,2758983.0,1.3542589888434178,1.3858591398911566
3821,2020-12-08,NSE:MARICO,400.0,405.79999,391.14999,394.04999,3223013.0,-1.5859141255223363,1.3542589888434178
3822,2020-12-09,NSE:MARICO,395.0,400.64999,395.0,398.39999,1907357.0,1.1039208502454279,-1.5859141255223363
3823,2020-12-10,NSE:MARICO,400.39999,405.45001,394.14999,404.14999,3979948.0,1.443273128596213,1.1039208502454279
3824,2020-12-11,NSE:MARICO,407.5,416.25,406.20001,414.95001,5433657.0,2.672280160145499,1.443273128596213
3825,2020-12-14,NSE:MARICO,417.95001,420.79999,411.79999,414.10001,4859693.0,-0.2048439521666773,2.672280160145499
3826,2020-12-15,NSE:MARICO,414.0,414.0,405.29999,408.5,2274426.0,-1.3523327372051979,-0.2048439521666773
3827,2020-12-16,NSE:MARICO,412.0,416.85001,411.5,413.14999,2722563.0,1.1383084455324364,-1.3523327372051979
3828,2020-12-17,NSE:MARICO,413.0,414.89999,409.04999,413.29999,1780735.0,0.03630642711620961,1.1383084455324364
3829,2020-12-18,NSE:MARICO,414.10001,419.0,407.10001,409.29999,2272389.0,-0.967820008899589,0.03630642711620961
3830,2020-12-21,NSE:MARICO,409.0,409.0,389.35001,396.85001,2751655.0,-3.0417738343946654,-0.967820008899589
3831,2020-12-22,NSE:MARICO,404.25,404.25,389.04999,398.89999,2867370.0,0.5165629200815707,-3.0417738343946654
3832,2020-12-23,NSE:MARICO,398.0,408.35001,395.35001,405.35001,2317578.0,1.6169516574818652,0.5165629200815707
3833,2020-12-24,NSE:MARICO,408.0,412.25,399.0,401.29999,2539386.0,-0.9991414580204446,1.6169516574818652
3834,2020-12-28,NSE:MARICO,404.39999,408.14999,402.10001,406.79999,976824.0,1.3705457605418832,-0.9991414580204446
3835,2020-12-29,NSE:MARICO,406.89999,409.25,402.5,407.35001,1250583.0,0.1352064929991807,1.3705457605418832
3836,2020-12-30,NSE:MARICO,409.0,410.5,401.0,403.45001,2148370.0,-0.9574076112088415,0.1352064929991807
3837,2020-12-31,NSE:MARICO,404.0,408.14999,401.70001,402.64999,1749430.0,-0.1982947032273014,-0.9574076112088415
3838,2021-01-01,NSE:MARICO,403.60001,407.29999,401.79999,406.10001,1081415.0,0.8568285323936045,-0.1982947032273014
3839,2021-01-04,NSE:MARICO,406.95001,419.39999,406.95001,417.14999,3483313.0,2.7209996867520405,0.8568285323936045
3840,2021-01-05,NSE:MARICO,416.45001,422.60001,410.89999,419.70001,3696376.0,0.6112957116455925,2.7209996867520405
3841,2021-01-06,NSE:MARICO,423.0,424.89999,415.04999,418.64999,3156306.0,-0.2501834584183159,0.6112957116455925
3842,2021-01-07,NSE:MARICO,420.5,423.35001,417.0,417.79999,1588219.0,-0.20303356510292114,-0.2501834584183159
3843,2021-01-08,NSE:MARICO,418.79999,425.79999,418.79999,424.70001,2514098.0,1.6515127250242492,-0.20303356510292114
3844,2021-01-11,NSE:MARICO,427.0,432.5,424.79999,430.35001,3179547.0,1.3303508045596648,1.6515127250242492
3845,2021-01-12,NSE:MARICO,431.95001,431.95001,421.95001,423.04999,1821912.0,-1.6962983223818253,1.3303508045596648
3846,2021-01-13,NSE:MARICO,425.0,426.89999,415.10001,418.29999,1974208.0,-1.1227987500957037,-1.6962983223818253
3847,2021-01-14,NSE:MARICO,420.29999,422.60001,415.89999,418.95001,2541779.0,0.15539565277064446,-1.1227987500957037
3848,2021-01-15,NSE:MARICO,421.60001,421.60001,413.14999,416.95001,2888933.0,-0.4773839246357817,0.15539565277064446
3849,2021-01-18,NSE:MARICO,416.89999,418.39999,405.10001,411.04999,2074676.0,-1.4150425371137514,-0.4773839246357817
3850,2021-01-19,NSE:MARICO,413.10001,418.5,411.25,417.14999,2213374.0,1.4840044151320921,-1.4150425371137514
3851,2021-01-20,NSE:MARICO,417.20001,422.14999,413.04999,416.85001,1613007.0,-0.07191178405637863,1.4840044151320921
3852,2021-01-21,NSE:MARICO,419.0,424.20001,414.25,416.54999,1647176.0,-0.07197313009540715,-0.07191178405637863
3853,2021-01-22,NSE:MARICO,416.0,422.45001,413.10001,418.75,1835701.0,0.5281502947581442,-0.07197313009540715
3854,2021-01-25,NSE:MARICO,420.0,424.0,407.10001,410.14999,3025651.0,-2.053733731343283,0.5281502947581442
3855,2021-01-27,NSE:MARICO,412.0,417.60001,402.25,412.45001,4684117.0,0.5607753397726568,-2.053733731343283
3856,2021-01-28,NSE:MARICO,410.75,415.54999,403.25,411.45001,3473853.0,-0.24245362486474423,0.5607753397726568
3857,2021-01-29,NSE:MARICO,416.0,421.5,413.60001,415.60001,5304926.0,1.0086279983320396,-0.24245362486474423
3858,2021-02-01,NSE:MARICO,416.89999,420.54999,414.25,416.95001,2926362.0,0.3248315610002085,1.0086279983320396
3859,2021-02-02,NSE:MARICO,419.0,430.45001,418.75,423.70001,3204628.0,1.61889910975179,0.3248315610002085
3860,2021-02-03,NSE:MARICO,424.79999,426.75,413.79999,415.70001,2372737.0,-1.8881283481678464,1.61889910975179
3861,2021-02-04,NSE:MARICO,415.75,418.39999,412.54999,414.0,1578268.0,-0.4089511568691134,-1.8881283481678464
3862,2021-02-05,NSE:MARICO,415.35001,416.89999,406.0,408.20001,1683298.0,-1.4009637681159373,-0.4089511568691134
3863,2021-02-08,NSE:MARICO,410.20001,413.95001,408.5,411.25,1605165.0,0.7471802854683859,-1.4009637681159373
3864,2021-02-09,NSE:MARICO,413.5,419.0,411.75,412.85001,1596161.0,0.3890601823708201,0.7471802854683859
3865,2021-02-10,NSE:MARICO,414.0,416.79999,408.39999,410.85001,1825990.0,-0.4844374352806725,0.3890601823708201
3866,2021-02-11,NSE:MARICO,412.39999,418.35001,407.85001,416.60001,1851525.0,1.3995375100514176,-0.4844374352806725
3867,2021-02-12,NSE:MARICO,417.0,417.14999,410.0,411.64999,1406466.0,-1.1881948826645479,1.3995375100514176
3868,2021-02-15,NSE:MARICO,415.0,417.45001,409.45001,410.5,1208693.0,-0.27936111452353063,-1.1881948826645479
3869,2021-02-16,NSE:MARICO,412.75,413.25,405.70001,409.25,1358750.0,-0.3045066991473812,-0.27936111452353063
3870,2021-02-17,NSE:MARICO,408.39999,418.0,407.5,416.29999,2123650.0,1.7226609651802025,-0.3045066991473812
3871,2021-02-18,NSE:MARICO,420.0,421.0,415.29999,417.39999,2569355.0,0.2642325309688388,1.7226609651802025
3872,2021-02-19,NSE:MARICO,418.79999,427.89999,417.0,424.85001,4620093.0,1.784863483106455,0.2642325309688388
3873,2021-02-22,NSE:MARICO,428.35001,433.95001,415.60001,420.89999,5212684.0,-0.9297445938626658,1.784863483106455
3874,2021-02-23,NSE:MARICO,422.14999,425.0,417.10001,422.10001,2224637.0,0.2851081084606334,-0.9297445938626658
3875,2021-02-24,NSE:MARICO,422.10001,426.5,415.14999,424.39999,1001549.0,0.5448898236226066,0.2851081084606334
3876,2021-02-25,NSE:MARICO,422.0,428.75,406.10001,409.79999,6334193.0,-3.4401508821901765,0.5448898236226066
3877,2021-02-26,NSE:MARICO,408.0,412.75,390.70001,397.54999,4933943.0,-2.9892631280932926,-3.4401508821901765
3878,2021-03-01,NSE:MARICO,400.89999,402.70001,396.04999,401.79999,1971538.0,1.069047945391723,-2.9892631280932926
3879,2021-03-02,NSE:MARICO,402.0,408.04999,401.0,406.70001,2414479.0,1.2195172030741068,1.069047945391723
3880,2021-03-03,NSE:MARICO,408.0,410.5,405.29999,409.04999,3291643.0,0.5778165582046481,1.2195172030741068
3881,2021-03-04,NSE:MARICO,408.0,412.0,403.70001,407.0,2464082.0,-0.5011587947966898,0.5778165582046481
3882,2021-03-05,NSE:MARICO,405.0,407.0,400.0,401.54999,1717183.0,-1.339068796068801,-0.5011587947966898
3883,2021-03-08,NSE:MARICO,403.95001,404.64999,400.0,400.45001,1368015.0,-0.27393351447971886,-1.339068796068801
3884,2021-03-09,NSE:MARICO,400.45001,403.54999,399.04999,401.29999,1546208.0,0.21225620646131574,-0.27393351447971886
3885,2021-03-10,NSE:MARICO,400.20001,402.54999,398.10001,399.25,1673234.0,-0.510837291573314,0.21225620646131574
3886,2021-03-12,NSE:MARICO,399.25,401.0,392.39999,393.89999,2170868.0,-1.3400150281778327,-0.510837291573314
3887,2021-03-15,NSE:MARICO,394.0,396.89999,389.35001,392.35001,1359625.0,-0.3934958211093138,-1.3400150281778327
3888,2021-03-16,NSE:MARICO,392.5,396.60001,390.20001,394.85001,2210581.0,0.6371861695632428,-0.3934958211093138
3889,2021-03-17,NSE:MARICO,395.14999,396.39999,386.39999,391.54999,2364847.0,-0.8357654593955861,0.6371861695632428
3890,2021-03-18,NSE:MARICO,393.0,393.20001,382.79999,385.60001,1382602.0,-1.519596514355672,-0.8357654593955861
3891,2021-03-19,NSE:MARICO,384.0,396.20001,379.10001,394.89999,2834530.0,2.411820476871877,-1.519596514355672
3892,2021-03-22,NSE:MARICO,394.89999,402.95001,394.0,401.70001,1625660.0,1.7219600334758218,2.411820476871877
3893,2021-03-23,NSE:MARICO,401.45001,402.75,399.04999,400.10001,947847.0,-0.3983071845081664,1.7219600334758218
3894,2021-03-24,NSE:MARICO,396.5,405.5,396.5,400.70001,1872518.0,0.14996250562453692,-0.3983071845081664
3895,2021-03-25,NSE:MARICO,401.85001,403.10001,394.0,398.0,2305425.0,-0.6738232923927354,0.14996250562453692
3896,2021-03-26,NSE:MARICO,398.70001,403.79999,396.95001,401.85001,1001171.0,0.9673391959798988,-0.6738232923927354
3897,2021-03-30,NSE:MARICO,403.54999,409.95001,403.10001,408.20001,1467853.0,1.5801915744633233,0.9673391959798988
3898,2021-03-31,NSE:MARICO,410.64999,412.45001,406.95001,411.29999,1052705.0,0.7594267329880662,1.5801915744633233
3899,2021-04-01,NSE:MARICO,411.29999,411.60001,406.20001,407.25,645008.0,-0.9846803059732581,0.7594267329880662
3900,2021-04-05,NSE:MARICO,411.25,417.0,399.0,402.45001,2105709.0,-1.178634745242475,-0.9846803059732581
3901,2021-04-06,NSE:MARICO,402.85001,405.54999,399.20001,403.0,1032326.0,0.13666045131915383,-1.178634745242475
3902,2021-04-07,NSE:MARICO,402.95001,413.5,401.89999,408.0,1687852.0,1.240694789081886,0.13666045131915383
3903,2021-04-08,NSE:MARICO,408.04999,415.60001,408.0,414.64999,1917274.0,1.6298995098039222,1.240694789081886
3904,2021-04-09,NSE:MARICO,417.0,421.79999,416.0,420.60001,1583730.0,1.4349499924020244,1.6298995098039222
3905,2021-04-12,NSE:MARICO,415.0,419.95001,406.0,407.39999,1469250.0,-3.1383784322782105,1.4349499924020244
3906,2021-04-13,NSE:MARICO,407.0,424.0,407.0,421.29999,2833579.0,3.411880299751597,-3.1383784322782105
3907,2021-04-15,NSE:MARICO,421.60001,425.20001,417.20001,423.29999,1234047.0,0.4747211126209616,3.411880299751597
3908,2021-04-16,NSE:MARICO,426.70001,427.60001,422.5,423.95001,1321942.0,0.15356012647201822,0.4747211126209616
3909,2021-04-19,NSE:MARICO,423.95001,423.95001,414.45001,419.89999,1170059.0,-0.9553060277083182,0.15356012647201822
3910,2021-04-20,NSE:MARICO,425.29999,425.29999,407.45001,410.20001,1881478.0,-2.310069119077612,-0.9553060277083182
3911,2021-04-22,NSE:MARICO,411.0,417.39999,410.04999,411.35001,1732046.0,0.2803510414346351,-2.310069119077612
3912,2021-04-23,NSE:MARICO,411.35001,415.0,409.20001,411.60001,974146.0,0.06077549384282256,0.2803510414346351
3913,2021-04-26,NSE:MARICO,413.10001,414.25,404.64999,406.35001,780607.0,-1.2755101730925615,0.06077549384282256
3914,2021-04-27,NSE:MARICO,406.0,409.89999,402.54999,407.35001,1357138.0,0.24609326329289374,-1.2755101730925615
3915,2021-04-28,NSE:MARICO,410.10001,414.0,408.29999,411.39999,1013196.0,0.9942260710881055,0.24609326329289374
3916,2021-04-29,NSE:MARICO,413.89999,414.45001,407.5,409.85001,717046.0,-0.376757422867221,0.9942260710881055
3917,2021-04-30,NSE:MARICO,409.85001,422.20001,401.70001,411.45001,6159980.0,0.3903867173261806,-0.376757422867221
3918,2021-05-03,NSE:MARICO,420.04999,454.0,416.10001,445.14999,21636785.0,8.190540571380708,0.3903867173261806
3919,2021-05-04,NSE:MARICO,453.0,464.0,444.0,460.75,7944787.0,3.5044390318867573,8.190540571380708
3920,2021-05-05,NSE:MARICO,466.0,467.64999,451.64999,455.29999,4410455.0,-1.1828562126966946,3.5044390318867573
3921,2021-05-06,NSE:MARICO,457.60001,477.39999,455.70001,475.75,6815727.0,4.4915463319030655,-1.1828562126966946
3922,2021-05-07,NSE:MARICO,477.0,478.60001,468.35001,473.85001,2909662.0,-0.39936731476615916,4.4915463319030655
3923,2021-05-10,NSE:MARICO,473.0,474.35001,468.0,470.75,1423765.0,-0.6542175655963366,-0.39936731476615916
3924,2021-05-11,NSE:MARICO,471.29999,487.60001,465.0,479.60001,5488935.0,1.879980881571959,-0.6542175655963366
3925,2021-05-12,NSE:MARICO,480.95001,484.5,466.10001,468.79999,2360087.0,-2.2518806869916492,1.879980881571959
3926,2021-05-14,NSE:MARICO,474.0,479.20001,467.5,474.54999,2137786.0,1.226535862340782,-2.2518806869916492
3927,2021-05-17,NSE:MARICO,474.54999,478.5,468.60001,474.25,1481703.0,-0.06321567934286118,1.226535862340782
3928,2021-05-18,NSE:MARICO,478.70001,480.75,468.70001,472.54999,2531987.0,-0.35846283605693624,-0.06321567934286118
3929,2021-05-19,NSE:MARICO,472.54999,475.54999,466.0,473.54999,3179272.0,0.21161782269850435,-0.35846283605693624
3930,2021-05-20,NSE:MARICO,475.0,475.95001,468.10001,469.04999,1356821.0,-0.9502692630190955,0.21161782269850435
3931,2021-05-21,NSE:MARICO,469.70001,470.29999,457.60001,459.70001,2488470.0,-1.9933866750535396,-0.9502692630190955
3932,2021-05-24,NSE:MARICO,461.89999,463.35001,456.70001,460.10001,834420.0,0.08701326763077016,-1.9933866750535396
3933,2021-05-25,NSE:MARICO,462.0,467.29999,460.0,463.45001,2097702.0,0.7281025705693905,0.08701326763077016
3934,2021-05-26,NSE:MARICO,465.39999,467.5,458.0,459.14999,1086797.0,-0.9278282246665649,0.7281025705693905
3935,2021-05-27,NSE:MARICO,462.39999,476.0,461.75,473.14999,6639465.0,3.049112556879289,-0.9278282246665649
3936,2021-05-28,NSE:MARICO,475.0,477.70001,468.29999,471.04999,1134083.0,-0.44383388869986506,3.049112556879289
3937,2021-05-31,NSE:MARICO,473.89999,480.0,471.14999,475.20001,2255039.0,0.8810147729755903,-0.44383388869986506
3938,2021-06-01,NSE:MARICO,475.5,483.35001,474.0,480.70001,1307085.0,1.1574073830511913,0.8810147729755903
3939,2021-06-02,NSE:MARICO,481.39999,493.0,481.39999,491.0,3186171.0,2.1427064251569248,1.1574073830511913
3940,2021-06-03,NSE:MARICO,493.95001,498.60001,491.0,496.45001,2689526.0,1.109981670061104,2.1427064251569248
3941,2021-06-04,NSE:MARICO,494.0,495.5,485.0,486.89999,2176435.0,-1.9236619614530812,1.109981670061104
3942,2021-06-07,NSE:MARICO,487.0,491.35001,482.29999,489.29999,2108524.0,0.49291436625414126,-1.9236619614530812
3943,2021-06-08,NSE:MARICO,491.04999,492.0,486.60001,488.10001,817978.0,-0.2452442314580841,0.49291436625414126
3944,2021-06-09,NSE:MARICO,488.0,494.29999,484.95001,487.29999,1118288.0,-0.16390493415478882,-0.2452442314580841
3945,2021-06-10,NSE:MARICO,490.95001,497.29999,487.29999,495.54999,1705760.0,1.6930022920788486,-0.16390493415478882
3946,2021-06-11,NSE:MARICO,495.54999,495.64999,488.29999,492.25,731886.0,-0.6659247435359609,1.6930022920788486
3947,2021-06-14,NSE:MARICO,494.75,495.95001,486.60001,494.79999,864570.0,0.5180274250888734,-0.6659247435359609
3948,2021-06-15,NSE:MARICO,495.0,511.54999,494.79999,506.14999,4334086.0,2.293856149835416,0.5180274250888734
3949,2021-06-16,NSE:MARICO,506.10001,511.70001,499.20001,505.95001,1545379.0,-0.03951002745253088,2.293856149835416
3950,2021-06-17,NSE:MARICO,509.54999,522.0,506.0,518.29999,5678797.0,2.4409486621020045,-0.03951002745253088
3951,2021-06-18,NSE:MARICO,518.29999,524.90002,509.39999,521.15002,3128347.0,0.5498803887686861,2.4409486621020045
3952,2021-06-21,NSE:MARICO,514.09998,527.25,514.09998,520.0,1522019.0,-0.22066966437035546,0.5498803887686861
3953,2021-06-22,NSE:MARICO,522.0,524.84998,514.54999,515.84998,1192946.0,-0.798080769230777,-0.22066966437035546
3954,2021-06-23,NSE:MARICO,516.0,519.5,513.65002,515.5,1042655.0,-0.06784530649782318,-0.798080769230777
3955,2021-06-24,NSE:MARICO,516.34998,519.0,512.45001,516.75,1033753.0,0.24248302618816686,-0.06784530649782318
3956,2021-06-25,NSE:MARICO,516.0,516.29999,509.85001,511.64999,883218.0,-0.9869395258829217,0.24248302618816686
3957,2021-06-28,NSE:MARICO,512.79999,513.5,506.25,509.54999,1081689.0,-0.4104368300681531,-0.9869395258829217
3958,2021-06-29,NSE:MARICO,511.0,543.45001,511.0,537.70001,8975819.0,5.5244864198702155,-0.4104368300681531
3959,2021-06-30,NSE:MARICO,543.0,543.79999,527.65002,530.79999,5003080.0,-1.2832471399805332,5.5244864198702155
3960,2021-07-01,NSE:MARICO,532.0,540.0,530.25,534.90002,2035996.0,0.7724246566018323,-1.2832471399805332
3961,2021-07-02,NSE:MARICO,534.90002,539.59998,517.65002,519.84998,3742090.0,-2.813617393396261,0.7724246566018323
3962,2021-07-05,NSE:MARICO,526.0,531.95001,519.0,530.54999,2351288.0,2.058288046870757,-2.813617393396261
3963,2021-07-06,NSE:MARICO,530.0,531.59998,523.59998,526.29999,1240787.0,-0.8010555235332302,2.058288046870757
3964,2021-07-07,NSE:MARICO,528.5,534.0,524.0,532.45001,1893166.0,1.1685388783685975,-0.8010555235332302
3965,2021-07-08,NSE:MARICO,534.0,538.5,525.5,527.15002,1983623.0,-0.9953967321739705,1.1685388783685975
3966,2021-07-09,NSE:MARICO,528.45001,537.0,528.45001,531.95001,2370592.0,0.9105548359838779,-0.9953967321739705
3967,2021-07-12,NSE:MARICO,534.04999,537.25,530.59998,531.65002,1067055.0,-0.056394396909585504,0.9105548359838779
3968,2021-07-13,NSE:MARICO,533.0,539.40002,528.29999,531.34998,2471182.0,-0.05643562281819925,-0.056394396909585504
3969,2021-07-14,NSE:MARICO,532.0,535.29999,528.45001,532.04999,1388764.0,0.13174179473950867,-0.05643562281819925
3970,2021-07-15,NSE:MARICO,539.0,549.59998,530.59998,534.29999,4990394.0,0.4228925932316999,0.13174179473950867
3971,2021-07-16,NSE:MARICO,537.09998,537.09998,522.29999,524.70001,1582351.0,-1.7967396929953077,0.4228925932316999
3972,2021-07-19,NSE:MARICO,521.95001,531.0,521.04999,526.0,1531013.0,0.24775871454623752,-1.7967396929953077
3973,2021-07-20,NSE:MARICO,528.40002,533.65002,525.84998,529.90002,1730588.0,0.7414486692015286,0.24775871454623752
3974,2021-07-22,NSE:MARICO,534.95001,537.70001,525.04999,529.20001,2323717.0,-0.13210227846377892,0.7414486692015286
3975,2021-07-23,NSE:MARICO,532.0,537.34998,528.20001,533.95001,1435904.0,0.8975812377630151,-0.13210227846377892
3976,2021-07-26,NSE:MARICO,533.90002,540.79999,532.09998,537.0,1573841.0,0.5712126496635854,0.8975812377630151
3977,2021-07-27,NSE:MARICO,537.90002,540.34998,531.5,535.20001,968098.0,-0.3351936685288603,0.5712126496635854
3978,2021-07-28,NSE:MARICO,537.84998,538.70001,528.29999,530.15002,1308260.0,-0.9435706101724437,-0.3351936685288603
3979,2021-07-29,NSE:MARICO,532.90002,534.0,527.0,527.84998,654581.0,-0.4338470080601111,-0.9435706101724437
3980,2021-07-30,NSE:MARICO,532.0,553.20001,527.84998,546.70001,7140990.0,3.571096090597571,-0.4338470080601111
3981,2021-08-02,NSE:MARICO,550.0,552.15002,532.75,535.5,2473871.0,-2.048657361465938,3.571096090597571
3982,2021-08-03,NSE:MARICO,540.0,545.29999,536.0,543.90002,2963445.0,1.5686311858076638,-2.048657361465938
3983,2021-08-04,NSE:MARICO,546.0,548.25,535.0,536.25,2297439.0,-1.40651217479272,1.5686311858076638
3984,2021-08-05,NSE:MARICO,539.0,539.25,530.04999,531.90002,2170594.0,-0.811185081585074,-1.40651217479272
3985,2021-08-06,NSE:MARICO,532.0,534.0,522.5,524.34998,3116628.0,-1.4194472111507124,-0.811185081585074
3986,2021-08-09,NSE:MARICO,536.84998,538.0,521.95001,526.20001,2705676.0,0.35282350921422,-1.4194472111507124
3987,2021-08-10,NSE:MARICO,528.75,528.75,516.45001,520.59998,1630597.0,-1.0642398125382135,0.35282350921422
3988,2021-08-11,NSE:MARICO,523.0,526.25,513.59998,516.59998,2133644.0,-0.7683442477274011,-1.0642398125382135
3989,2021-08-12,NSE:MARICO,518.0,522.54999,514.34998,515.95001,1741264.0,-0.12581688446831518,-0.7683442477274011
3990,2021-08-13,NSE:MARICO,520.79999,523.95001,513.15002,515.29999,2564318.0,-0.12598507363146294,-0.12581688446831518
3991,2021-08-16,NSE:MARICO,514.65002,520.54999,512.0,515.34998,619675.0,0.009701145152356741,-0.12598507363146294
3992,2021-08-17,NSE:MARICO,514.45001,522.90002,514.45001,520.59998,2494715.0,1.0187251777908288,0.009701145152356741
3993,2021-08-18,NSE:MARICO,523.0,527.65002,520.25,523.70001,1491558.0,0.5954725545706054,1.0187251777908288
3994,2021-08-20,NSE:MARICO,523.70001,543.70001,517.84998,537.90002,5237598.0,2.711477893613181,0.5954725545706054
3995,2021-08-23,NSE:MARICO,540.0,541.5,527.25,528.40002,4464213.0,-1.7661274673311966,2.711477893613181
3996,2021-08-24,NSE:MARICO,530.0,532.59998,519.0,521.70001,2002611.0,-1.2679806484488816,-1.7661274673311966
3997,2021-08-25,NSE:MARICO,524.0,525.59998,511.0,512.34998,3339928.0,-1.7922234657423257,-1.2679806484488816
3998,2021-08-26,NSE:MARICO,514.0,528.70001,513.5,522.09998,5109949.0,1.902996073113929,-1.7922234657423257
3999,2021-08-27,NSE:MARICO,524.79999,527.84998,520.5,524.95001,2552792.0,0.5458782051667691,1.902996073113929
4000,2021-08-30,NSE:MARICO,527.54999,533.25,524.15002,525.04999,1875825.0,0.019045623029888034,0.5458782051667691
4001,2021-08-31,NSE:MARICO,525.5,546.95001,525.04999,544.45001,5014916.0,3.6948900808473573,0.019045623029888034
4002,2021-09-01,NSE:MARICO,549.34998,549.34998,541.0,547.29999,3113020.0,0.5234603632388508,3.6948900808473573
4003,2021-09-02,NSE:MARICO,548.75,572.0,548.25,562.65002,6119217.0,2.804683040465625,0.5234603632388508
4004,2021-09-03,NSE:MARICO,563.95001,567.75,558.25,560.79999,2426876.0,-0.32880652879032346,2.804683040465625
4005,2021-09-06,NSE:MARICO,561.79999,564.79999,554.0,554.75,1230310.0,-1.0788142132456138,-0.32880652879032346
4006,2021-09-07,NSE:MARICO,558.84998,567.0,554.09998,556.70001,3047365.0,0.35151149166291484,-1.0788142132456138
4007,2021-09-08,NSE:MARICO,559.59998,562.75,550.84998,560.95001,2092387.0,0.7634273259668165,0.35151149166291484
4008,2021-09-09,NSE:MARICO,558.5,575.90002,558.5,575.0,4180525.0,2.504677734117516,0.7634273259668165
4009,2021-09-13,NSE:MARICO,581.0,587.34998,570.34998,575.59998,5331731.0,0.10434434782607993,2.504677734117516
4010,2021-09-14,NSE:MARICO,575.0,582.09998,555.90002,558.29999,5993393.0,-3.0055577833758753,0.10434434782607993
4011,2021-09-15,NSE:MARICO,560.40002,563.65002,556.09998,562.15002,2376317.0,0.6895987943686084,-3.0055577833758753
4012,2021-09-16,NSE:MARICO,566.0,571.45001,561.84998,562.70001,2340371.0,0.09783687279775952,0.6895987943686084
4013,2021-09-17,NSE:MARICO,565.0,565.0,552.75,560.09998,2062930.0,-0.4620632581826435,0.09783687279775952
4014,2021-09-20,NSE:MARICO,559.0,572.0,556.0,567.45001,3866691.0,1.3122710698900688,-0.4620632581826435
4015,2021-09-21,NSE:MARICO,568.95001,570.0,556.95001,560.70001,2368098.0,-1.189532096404404,1.3122710698900688
4016,2021-09-22,NSE:MARICO,560.70001,567.70001,560.70001,565.20001,1763460.0,0.8025682039848724,-1.189532096404404
4017,2021-09-23,NSE:MARICO,570.0,573.09998,562.84998,566.79999,2581525.0,0.2830820898251505,0.8025682039848724
4018,2021-09-24,NSE:MARICO,569.45001,570.0,556.54999,557.34998,2833374.0,-1.6672565572910507,0.2830820898251505
4019,2021-09-27,NSE:MARICO,559.79999,561.0,545.29999,547.5,1578144.0,-1.7672881229851234,-1.6672565572910507
4020,2021-09-28,NSE:MARICO,550.34998,553.90002,545.70001,550.95001,2541724.0,0.6301388127853919,-1.7672881229851234
4021,2021-09-29,NSE:MARICO,557.0,559.20001,547.25,553.45001,2090106.0,0.4537616761273859,0.6301388127853919
4022,2021-09-30,NSE:MARICO,555.0,556.34998,544.0,547.5,1383265.0,-1.0750763199010547,0.4537616761273859
4023,2021-10-01,NSE:MARICO,545.0,552.75,541.04999,549.54999,1219031.0,0.37442739726027024,-1.0750763199010547
4024,2021-10-04,NSE:MARICO,554.15002,555.34998,545.29999,554.04999,2114180.0,0.8188518027268092,0.37442739726027024
4025,2021-10-05,NSE:MARICO,555.0,559.75,554.20001,557.95001,1939884.0,0.7039112120550783,0.8188518027268092
4026,2021-10-06,NSE:MARICO,564.04999,590.0,560.5,564.29999,8610209.0,1.1380912064147037,0.7039112120550783
4027,2021-10-07,NSE:MARICO,571.95001,571.95001,560.20001,561.25,1449440.0,-0.5404908832268418,1.1380912064147037
4028,2021-10-08,NSE:MARICO,560.79999,565.0,558.40002,563.79999,1050211.0,0.4543412026726022,-0.5404908832268418
4029,2021-10-11,NSE:MARICO,565.79999,573.0,561.59998,570.34998,1424481.0,1.161757736107796,0.4543412026726022
4030,2021-10-12,NSE:MARICO,570.34998,587.0,570.34998,584.34998,4367841.0,2.4546332060886544,1.161757736107796
4031,2021-10-13,NSE:MARICO,589.90002,591.95001,578.34998,583.95001,1958852.0,-0.06844699472736174,2.4546332060886544
4032,2021-10-14,NSE:MARICO,588.34998,591.20001,578.09998,579.29999,1015225.0,-0.796304464486616,-0.06844699472736174
4033,2021-10-18,NSE:MARICO,606.90002,607.70001,575.54999,579.25,1971607.0,-0.008629380435511447,-0.796304464486616
4034,2021-10-19,NSE:MARICO,580.5,589.70001,572.84998,574.29999,1964659.0,-0.854555028053521,-0.008629380435511447
4035,2021-10-20,NSE:MARICO,575.95001,577.5,558.45001,560.84998,1227089.0,-2.3419833247777038,-0.854555028053521
4036,2021-10-21,NSE:MARICO,565.70001,568.34998,553.75,565.29999,2154819.0,0.7934403421036086,-2.3419833247777038
4037,2021-10-22,NSE:MARICO,564.95001,566.04999,557.09998,562.75,1046820.0,-0.4510861569270468,0.7934403421036086
4038,2021-10-25,NSE:MARICO,564.5,565.40002,548.65002,555.95001,2156915.0,-1.2083500666370466,-0.4510861569270468
4039,2021-10-26,NSE:MARICO,555.25,565.0,551.04999,563.25,1541807.0,1.313065899576111,-1.2083500666370466
4040,2021-10-27,NSE:MARICO,566.0,581.90002,565.5,575.45001,2189903.0,2.166002663115849,1.313065899576111
4041,2021-10-28,NSE:MARICO,576.79999,581.25,558.34998,564.34998,2768013.0,-1.9289303687734856,2.166002663115849
4042,2021-10-29,NSE:MARICO,566.34998,572.40002,553.0,568.45001,1739744.0,0.7265048543104513,-1.9289303687734856
4043,2021-11-01,NSE:MARICO,571.0,577.40002,567.5,574.75,1130666.0,1.1082751146402443,0.7265048543104513
4044,2021-11-02,NSE:MARICO,571.5,573.95001,565.0,565.79999,1790411.0,-1.5572005219660756,1.1082751146402443
4045,2021-11-03,NSE:MARICO,570.0,570.20001,550.59998,555.0,2635942.0,-1.9087999630399395,-1.5572005219660756
4046,2021-11-04,NSE:MARICO,560.95001,560.95001,556.25,557.84998,119471.0,0.5135099099099026,-1.9087999630399395
4047,2021-11-08,NSE:MARICO,559.90002,562.54999,547.54999,561.79999,914345.0,0.7080774655580377,0.5135099099099026
4048,2021-11-09,NSE:MARICO,561.59998,568.54999,553.65002,564.25,1498615.0,0.4361000433624109,0.7080774655580377
4049,2021-11-10,NSE:MARICO,565.0,565.0,550.0,556.0,2948154.0,-1.4621178555604786,0.4361000433624109
4050,2021-11-11,NSE:MARICO,556.0,557.0,547.04999,548.20001,1656199.0,-1.4028758992805719,-1.4621178555604786
4051,2021-11-12,NSE:MARICO,552.34998,552.34998,544.40002,546.79999,1257824.0,-0.2553848913647485,-1.4028758992805719
4052,2021-11-15,NSE:MARICO,550.79999,554.84998,545.29999,553.29999,936384.0,1.1887344767508135,-0.2553848913647485
4053,2021-11-16,NSE:MARICO,556.04999,559.5,549.04999,552.90002,1128877.0,-0.07228809095043348,1.1887344767508135
4054,2021-11-17,NSE:MARICO,552.70001,555.0,549.25,551.75,892311.0,-0.20799782210173196,-0.07228809095043348
4055,2021-11-18,NSE:MARICO,551.65002,551.65002,536.65002,541.79999,1977932.0,-1.8033547802446797,-0.20799782210173196
4056,2021-11-22,NSE:MARICO,540.59998,541.95001,532.25,539.5,1475495.0,-0.42450905176280634,-1.8033547802446797
4057,2021-11-23,NSE:MARICO,535.40002,546.09998,534.84998,544.0,937667.0,0.8341056533827619,-0.42450905176280634
4058,2021-11-24,NSE:MARICO,546.40002,551.65002,544.15002,547.04999,991160.0,0.5606599264705845,0.8341056533827619
4059,2021-11-25,NSE:MARICO,548.70001,550.0,526.5,549.0,1211317.0,0.3564591967180221,0.5606599264705845
4060,2021-11-26,NSE:MARICO,545.95001,554.0,541.40002,543.54999,2061796.0,-0.9927158469945392,0.3564591967180221
4061,2021-11-29,NSE:MARICO,536.0,542.90002,530.15002,534.75,1267522.0,-1.6189844838374445,-0.9927158469945392
4062,2021-11-30,NSE:MARICO,530.04999,544.09998,530.04999,538.34998,4760651.0,0.6732080411407124,-1.6189844838374445
4063,2021-12-01,NSE:MARICO,538.0,538.0,523.45001,525.04999,3003218.0,-2.470509983115441,0.6732080411407124
4064,2021-12-02,NSE:MARICO,529.70001,534.95001,520.5,532.84998,2366483.0,1.4855709263036039,-2.470509983115441
4065,2021-12-03,NSE:MARICO,532.79999,538.5,529.45001,531.75,942083.0,-0.2064333379537632,1.4855709263036039
4066,2021-12-06,NSE:MARICO,530.04999,533.5,517.25,519.20001,779811.0,-2.360129760225666,-0.2064333379537632
4067,2021-12-07,NSE:MARICO,521.95001,527.95001,518.34998,522.59998,1117432.0,0.6548478302224877,-2.360129760225666
4068,2021-12-08,NSE:MARICO,526.04999,531.5,522.54999,529.79999,829926.0,1.3777287170963957,0.6548478302224877
4069,2021-12-09,NSE:MARICO,531.54999,533.25,525.29999,529.65002,468492.0,-0.028306908801553454,1.3777287170963957
4070,2021-12-10,NSE:MARICO,529.29999,531.54999,522.29999,526.34998,1052815.0,-0.6230604881314044,-0.028306908801553454
4071,2021-12-13,NSE:MARICO,525.04999,531.15002,520.0,521.95001,941508.0,-0.8359399956659901,-0.6230604881314044
4072,2021-12-14,NSE:MARICO,521.0,521.95001,512.25,515.04999,1619756.0,-1.3219695119844983,-0.8359399956659901
4073,2021-12-15,NSE:MARICO,517.70001,517.70001,510.25,513.29999,1205823.0,-0.3397728441854741,-1.3219695119844983
4074,2021-12-16,NSE:MARICO,514.04999,515.0,508.39999,509.5,560343.0,-0.7403058784396197,-0.3397728441854741
4075,2021-12-17,NSE:MARICO,509.39999,509.39999,497.5,500.35001,919115.0,-1.7958763493621202,-0.7403058784396197
4076,2021-12-20,NSE:MARICO,497.70001,499.29999,488.54999,495.29999,939832.0,-1.0092974715839453,-1.7958763493621202
4077,2021-12-21,NSE:MARICO,496.5,502.04999,489.5,490.89999,1298413.0,-0.8883505125853076,-1.0092974715839453
4078,2021-12-22,NSE:MARICO,492.79999,501.0,490.95001,499.85001,839522.0,1.8231860220653082,-0.8883505125853076
4079,2021-12-23,NSE:MARICO,501.60001,509.89999,498.10001,508.0,1090279.0,1.6304871135243155,1.8231860220653082
4080,2021-12-24,NSE:MARICO,512.90002,513.09998,504.10001,505.60001,1426893.0,-0.47243897637795323,1.6304871135243155
4081,2021-12-27,NSE:MARICO,505.60001,507.54999,499.95001,500.89999,545832.0,-0.9295925449052098,-0.47243897637795323
4082,2021-12-28,NSE:MARICO,500.5,505.54999,495.0,500.75,799994.0,-0.02994410121669248,-0.9295925449052098
4083,2021-12-29,NSE:MARICO,501.0,507.5,500.45001,502.0,505862.0,0.24962556165751376,-0.02994410121669248
4084,2021-12-30,NSE:MARICO,502.0,509.70001,500.04999,507.04999,835434.0,1.0059741035856533,0.24962556165751376
4085,2021-12-31,NSE:MARICO,508.5,516.0,508.0,512.65002,914258.0,1.1044335096032762,1.0059741035856533
4086,2022-01-03,NSE:MARICO,513.54999,518.5,513.5,514.09998,502608.0,0.28283623201651664,1.1044335096032762
4087,2022-01-04,NSE:MARICO,504.5,507.14999,498.0,502.04999,2094024.0,-2.3439001106360635,0.28283623201651664
4088,2022-01-05,NSE:MARICO,503.0,503.0,498.0,501.10001,856040.0,-0.18922020096046258,-2.3439001106360635
4089,2022-01-06,NSE:MARICO,497.5,506.89999,497.10001,502.29999,797577.0,0.23946916305189903,-0.18922020096046258
4090,2022-01-07,NSE:MARICO,506.5,506.60001,502.04999,504.25,596720.0,0.3882162131836834,0.23946916305189903
4091,2022-01-10,NSE:MARICO,505.0,507.60001,501.10001,506.04999,702161.0,0.3569638076350976,0.3882162131836834
4092,2022-01-11,NSE:MARICO,506.0,509.45001,503.29999,504.5,743570.0,-0.3062918744450484,0.3569638076350976
4093,2022-01-12,NSE:MARICO,508.20001,508.20001,501.29999,504.10001,1000008.0,-0.0792844400396437,-0.3062918744450484
4094,2022-01-13,NSE:MARICO,504.10001,504.64999,497.64999,500.75,1476130.0,-0.6645526549384511,-0.0792844400396437
4095,2022-01-14,NSE:MARICO,500.75,501.0,496.04999,499.54999,637918.0,-0.23964253619571046,-0.6645526549384511
4096,2022-01-17,NSE:MARICO,502.0,503.10001,494.35001,501.04999,1183216.0,0.30027024922971174,-0.23964253619571046
4097,2022-01-18,NSE:MARICO,503.0,503.0,488.25,490.54999,2047654.0,-2.0955992834168105,0.30027024922971174
4098,2022-01-19,NSE:MARICO,493.0,495.70001,484.10001,494.39999,899160.0,0.7848333663201222,-2.0955992834168105
4099,2022-01-20,NSE:MARICO,495.89999,496.0,486.85001,487.75,1191400.0,-1.345062729471334,0.7848333663201222
4100,2022-01-21,NSE:MARICO,487.95001,487.95001,475.0,477.85001,1725811.0,-2.029726294208099,-1.345062729471334
4101,2022-01-24,NSE:MARICO,476.70001,476.79999,466.70001,471.39999,1225487.0,-1.3498001182421226,-2.029726294208099
4102,2022-01-25,NSE:MARICO,470.0,475.75,459.0,467.5,1736649.0,-0.8273207642622145,-1.3498001182421226
4103,2022-01-27,NSE:MARICO,470.0,470.0,455.64999,463.25,2019041.0,-0.9090909090909091,-0.8273207642622145
4104,2022-01-28,NSE:MARICO,463.45001,475.60001,462.0,471.5,1421740.0,1.7808958445763627,-0.9090909090909091
4105,2022-01-31,NSE:MARICO,479.0,494.70001,474.45001,482.54999,2647338.0,2.343582184517493,1.7808958445763627
4106,2022-02-01,NSE:MARICO,486.60001,502.5,485.14999,497.64999,2794796.0,3.129209473198834,2.343582184517493
4107,2022-02-02,NSE:MARICO,502.5,506.70001,496.0,505.29999,1565539.0,1.5372249881889835,3.129209473198834
4108,2022-02-03,NSE:MARICO,504.89999,507.75,499.5,501.29999,1393417.0,-0.7916089608471989,1.5372249881889835
4109,2022-02-04,NSE:MARICO,496.79999,511.64999,492.70001,510.54999,1758002.0,1.8452025103770702,-0.7916089608471989
4110,2022-02-07,NSE:MARICO,521.04999,524.0,508.75,511.39999,3235609.0,0.16648712499240725,1.8452025103770702
4111,2022-02-08,NSE:MARICO,514.65002,516.70001,504.39999,505.79999,1564673.0,-1.0950332634930287,0.16648712499240725
4112,2022-02-09,NSE:MARICO,509.64999,512.95001,506.0,512.20001,515112.0,1.2653262409119543,-1.0950332634930287
4113,2022-02-10,NSE:MARICO,514.70001,514.70001,505.0,507.54999,774115.0,-0.9078523836811405,1.2653262409119543
4114,2022-02-11,NSE:MARICO,507.5,507.5,494.54999,499.29999,1069920.0,-1.6254556521614747,-0.9078523836811405
4115,2022-02-14,NSE:MARICO,490.0,498.39999,486.60001,489.79999,1001194.0,-1.9026637673275342,-1.6254556521614747
4116,2022-02-15,NSE:MARICO,489.0,504.0,487.0,503.14999,1520336.0,2.7256023422948665,-1.9026637673275342
4117,2022-02-16,NSE:MARICO,506.0,506.89999,497.0,500.20001,1166886.0,-0.586302307190741,2.7256023422948665
4118,2022-02-17,NSE:MARICO,500.20001,507.85001,499.25,506.14999,855947.0,1.1895201681423362,-0.586302307190741
4119,2022-02-18,NSE:MARICO,506.89999,507.0,500.35001,504.75,1330397.0,-0.2765958762539939,1.1895201681423362
4120,2022-02-21,NSE:MARICO,504.0,508.89999,499.0,507.25,1505281.0,0.49529470034670625,-0.2765958762539939
4121,2022-02-22,NSE:MARICO,501.0,511.0,498.60001,505.35001,1586579.0,-0.3745667816658457,0.49529470034670625
4122,2022-02-23,NSE:MARICO,503.0,506.45001,499.70001,501.0,812781.0,-0.8607915135887694,-0.3745667816658457
4123,2022-02-24,NSE:MARICO,477.0,495.45001,477.0,483.45001,3229880.0,-3.50299201596806,-0.8607915135887694
4124,2022-02-25,NSE:MARICO,484.60001,497.35001,484.60001,494.85001,1460932.0,2.358051456033681,-3.50299201596806
4125,2022-02-28,NSE:MARICO,493.75,518.0,485.79999,514.70001,3050846.0,4.011316479512655,2.358051456033681
4126,2022-03-02,NSE:MARICO,514.0,515.70001,504.25,512.54999,1985091.0,-0.4177229372892455,4.011316479512655
4127,2022-03-03,NSE:MARICO,512.59998,518.40002,509.0,511.04999,1271102.0,-0.2926543808926813,-0.4177229372892455
4128,2022-03-04,NSE:MARICO,507.0,510.0,499.10001,501.04999,2233264.0,-1.956755737339903,-0.2926543808926813
4129,2022-03-07,NSE:MARICO,490.0,502.0,476.89999,481.85001,1540133.0,-3.831948983773053,-1.956755737339903
4130,2022-03-08,NSE:MARICO,482.0,492.39999,478.20001,490.64999,1797911.0,1.8262903014155805,-3.831948983773053
4131,2022-03-09,NSE:MARICO,495.0,498.29999,487.04999,492.60001,2526968.0,0.39743606231399187,1.8262903014155805
4132,2022-03-10,NSE:MARICO,500.0,504.89999,497.89999,500.79999,1022074.0,1.6646325281235748,0.39743606231399187
4133,2022-03-11,NSE:MARICO,503.0,509.0,502.20001,507.54999,1575214.0,1.3478434773930408,1.6646325281235748
4134,2022-03-14,NSE:MARICO,508.5,510.35001,504.14999,507.10001,1105361.0,-0.08865727689207172,1.3478434773930408
4135,2022-03-15,NSE:MARICO,510.0,513.79999,507.25,511.45001,1167973.0,0.8578189537010703,-0.08865727689207172
4136,2022-03-16,NSE:MARICO,516.95001,529.90002,513.20001,525.45001,2965305.0,2.737315422087879,0.8578189537010703
4137,2022-03-17,NSE:MARICO,533.40002,535.0,518.5,524.09998,2070981.0,-0.2569283422413601,2.737315422087879
4138,2022-03-21,NSE:MARICO,523.0,523.84998,503.10001,504.35001,1655968.0,-3.7683592355794335,-0.2569283422413601
4139,2022-03-22,NSE:MARICO,505.0,505.0,486.5,492.10001,1143012.0,-2.4288687929241837,-3.7683592355794335
4140,2022-03-23,NSE:MARICO,493.75,495.0,483.79999,484.60001,1755374.0,-1.5240804404779427,-2.4288687929241837
4141,2022-03-24,NSE:MARICO,486.0,486.0,478.89999,482.39999,2941035.0,-0.4539867838632515,-1.5240804404779427
4142,2022-03-25,NSE:MARICO,486.89999,486.89999,473.70001,478.10001,1468764.0,-0.8913723236188303,-0.4539867838632515
4143,2022-03-28,NSE:MARICO,479.54999,480.0,468.5,474.70001,2003440.0,-0.7111482804612318,-0.8913723236188303
4144,2022-03-29,NSE:MARICO,478.0,484.0,476.20001,482.5,861768.0,1.643140896500082,-0.7111482804612318
4145,2022-03-30,NSE:MARICO,485.60001,491.20001,484.04999,490.0,1710457.0,1.5544041450777202,1.643140896500082
4146,2022-03-31,NSE:MARICO,494.79999,506.20001,491.54999,503.70001,2916586.0,2.7959204081632696,1.5544041450777202
4147,2022-04-01,NSE:MARICO,507.54999,520.70001,506.29999,518.25,1839975.0,2.888622138403368,2.7959204081632696
4148,2022-04-04,NSE:MARICO,522.65002,531.79999,510.54999,530.09998,2420693.0,2.2865373854317337,2.888622138403368
4149,2022-04-05,NSE:MARICO,534.75,547.84998,531.84998,543.90002,1871307.0,2.6032900435121844,2.2865373854317337
4150,2022-04-06,NSE:MARICO,525.0,532.0,517.84998,521.29999,3004423.0,-4.155180946674732,2.6032900435121844
4151,2022-04-07,NSE:MARICO,521.29999,522.84998,511.20001,512.0,1770482.0,-1.7839996505658824,-4.155180946674732
4152,2022-04-08,NSE:MARICO,516.5,520.0,511.0,517.79999,4230498.0,1.132810546874996,-1.7839996505658824
4153,2022-04-11,NSE:MARICO,519.95001,523.95001,515.15002,519.54999,1167454.0,0.3379683340665959,1.132810546874996
4154,2022-04-12,NSE:MARICO,522.0,525.0,512.84998,517.90002,1110786.0,-0.31757675522232987,0.3379683340665959
4155,2022-04-13,NSE:MARICO,521.0,521.15002,513.29999,519.70001,618477.0,0.34755549922550294,-0.31757675522232987
4156,2022-04-18,NSE:MARICO,521.0,523.20001,516.54999,517.84998,930605.0,-0.35598036644256764,0.34755549922550294
4157,2022-04-19,NSE:MARICO,520.0,524.29999,500.75,504.10001,1077806.0,-2.6552033467298704,-0.35598036644256764
4158,2022-04-20,NSE:MARICO,506.70001,514.34998,502.0,510.64999,1599673.0,1.299341374740303,-2.6552033467298704
4159,2022-04-21,NSE:MARICO,515.34998,520.45001,513.54999,518.20001,1515422.0,1.478511729727052,1.299341374740303
4160,2022-04-22,NSE:MARICO,516.59998,525.34998,509.0,523.20001,1831082.0,0.9648784066986027,1.478511729727052
4161,2022-04-25,NSE:MARICO,517.70001,528.90002,503.0,515.54999,2516823.0,-1.4621597579862509,0.9648784066986027
4162,2022-04-26,NSE:MARICO,516.29999,532.5,516.29999,530.29999,2196486.0,2.8610222647856127,-1.4621597579862509
4163,2022-04-27,NSE:MARICO,529.0,535.54999,523.25,529.90002,1901393.0,-0.07542334669852424,2.8610222647856127
4164,2022-04-28,NSE:MARICO,533.0,546.34998,525.95001,542.59998,2172557.0,2.396670979555713,-0.07542334669852424
4165,2022-04-29,NSE:MARICO,538.0,541.09998,519.40002,521.70001,2965286.0,-3.851819161511937,2.396670979555713
4166,2022-05-02,NSE:MARICO,519.79999,526.0,515.25,522.90002,923844.0,0.23001916369524705,-3.851819161511937
4167,2022-05-04,NSE:MARICO,526.0,537.09998,515.59998,519.54999,1918045.0,-0.6406635823039479,0.23001916369524705
4168,2022-05-05,NSE:MARICO,520.09998,526.04999,516.15002,519.75,1275107.0,0.03849677679717023,-0.6406635823039479
4169,2022-05-06,NSE:MARICO,508.0,519.70001,499.0,503.64999,2268170.0,-3.0976450216450213,0.03849677679717023
4170,2022-05-09,NSE:MARICO,502.20001,502.20001,487.04999,489.45001,1502698.0,-2.8194143317663887,-3.0976450216450213
4171,2022-05-10,NSE:MARICO,489.45001,504.85001,489.45001,502.04999,1531282.0,2.5743139733514275,-2.8194143317663887
4172,2022-05-11,NSE:MARICO,505.95001,506.0,493.95001,501.75,1259082.0,-0.05975301383831913,2.5743139733514275
4173,2022-05-12,NSE:MARICO,501.0,502.20001,488.0,500.14999,1799507.0,-0.3188858993522666,-0.05975301383831913
4174,2022-05-13,NSE:MARICO,505.0,513.0,497.25,500.04999,1648726.0,-0.019994002199224824,-0.3188858993522666
4175,2022-05-16,NSE:MARICO,505.14999,506.0,492.45001,495.60001,1159224.0,-0.8899070270954275,-0.019994002199224824
4176,2022-05-17,NSE:MARICO,498.0,515.5,495.0,503.04999,1302697.0,1.5032243441641542,-0.8899070270954275
4177,2022-05-18,NSE:MARICO,505.95001,526.04999,503.0,523.75,2333368.0,4.114901185069106,1.5032243441641542
4178,2022-05-19,NSE:MARICO,515.0,521.04999,508.04999,510.5,1576556.0,-2.5298329355608593,4.114901185069106
4179,2022-05-20,NSE:MARICO,516.09998,531.45001,507.45001,528.54999,2817153.0,3.5357473065621896,-2.5298329355608593
4180,2022-05-23,NSE:MARICO,533.79999,539.90002,528.54999,531.65002,1501650.0,0.5865159509321078,3.5357473065621896
4181,2022-05-24,NSE:MARICO,535.95001,536.34998,525.29999,528.70001,1615087.0,-0.5548781884744441,0.5865159509321078
4182,2022-05-25,NSE:MARICO,531.5,534.54999,518.90002,521.79999,1165592.0,-1.305091709758061,-0.5548781884744441
4183,2022-05-26,NSE:MARICO,524.29999,532.75,516.40002,530.15002,1753281.0,1.600235753166661,-1.305091709758061
4184,2022-05-27,NSE:MARICO,531.70001,535.25,519.40002,526.09998,1375696.0,-0.763942251666817,1.600235753166661
4185,2022-05-30,NSE:MARICO,527.59998,537.90002,526.0,535.84998,980868.0,1.8532599069857407,-0.763942251666817
4186,2022-05-31,NSE:MARICO,534.5,551.90002,526.65002,533.65002,7603590.0,-0.41055520800801737,1.8532599069857407
4187,2022-06-01,NSE:MARICO,532.95001,538.54999,518.0,520.25,1623158.0,-2.5110127420214545,-0.41055520800801737
4188,2022-06-02,NSE:MARICO,520.70001,522.34998,513.20001,517.75,1224004.0,-0.4805382027871216,-2.5110127420214545
4189,2022-06-03,NSE:MARICO,523.0,523.0,512.15002,513.45001,687824.0,-0.8305147271849309,-0.4805382027871216
4190,2022-06-06,NSE:MARICO,513.40002,516.0,506.35001,512.75,583249.0,-0.1363345966241232,-0.8305147271849309
4191,2022-06-07,NSE:MARICO,508.25,509.0,493.79999,498.89999,1084580.0,-2.701123354461238,-0.1363345966241232
4192,2022-06-08,NSE:MARICO,495.5,497.95001,486.85001,491.29999,1472376.0,-1.5233514035548532,-2.701123354461238
4193,2022-06-09,NSE:MARICO,491.64999,497.89999,483.10001,496.64999,1765431.0,1.0889477119671878,-1.5233514035548532
4194,2022-06-10,NSE:MARICO,490.64999,496.5,487.0,492.54999,2168604.0,-0.825531074711191,1.0889477119671878
4195,2022-06-13,NSE:MARICO,485.0,503.39999,484.0,500.14999,2792911.0,1.5429905906606602,-0.825531074711191
4196,2022-06-14,NSE:MARICO,497.95001,502.75,495.0,499.79999,1012537.0,-0.06997900769727551,1.5429905906606602
4197,2022-06-15,NSE:MARICO,500.79999,500.79999,491.0,493.79999,1234778.0,-1.2004802160960428,-0.06997900769727551
4198,2022-06-16,NSE:MARICO,494.5,494.54999,478.5,484.79999,1289736.0,-1.8226002799230516,-1.2004802160960428
4199,2022-06-17,NSE:MARICO,477.25,484.79999,471.04999,473.39999,2672949.0,-2.3514851970190795,-1.8226002799230516
4200,2022-06-20,NSE:MARICO,474.75,487.0,473.70001,484.89999,912090.0,2.4292353702838057,-2.3514851970190795
4201,2022-06-21,NSE:MARICO,487.0,495.5,477.95001,484.89999,1739570.0,0.0,2.4292353702838057
4202,2022-06-22,NSE:MARICO,481.70001,483.64999,473.14999,481.14999,1674643.0,-0.7733553469448411,0.0
4203,2022-06-23,NSE:MARICO,481.14999,482.39999,474.64999,476.39999,2090775.0,-0.9872181437642761,-0.7733553469448411
4204,2022-06-24,NSE:MARICO,477.95001,487.70001,477.0,482.20001,1442087.0,1.2174685394095028,-0.9872181437642761
4205,2022-06-27,NSE:MARICO,485.60001,488.64999,481.0,482.70001,1051651.0,0.10369141220050991,1.2174685394095028
4206,2022-06-28,NSE:MARICO,482.70001,490.79999,477.14999,488.60001,1230006.0,1.222291252904672,0.10369141220050991
4207,2022-06-29,NSE:MARICO,485.89999,485.89999,473.5,475.79999,1689593.0,-2.6197338800709433,1.222291252904672
4208,2022-06-30,NSE:MARICO,477.89999,482.89999,475.54999,477.89999,2030507.0,0.44136192604796454,-2.6197338800709433
4209,2022-07-01,NSE:MARICO,478.0,493.0,477.60001,491.20001,846365.0,2.7830132409084203,0.44136192604796454
4210,2022-07-04,NSE:MARICO,491.89999,503.0,491.25,499.5,1321306.0,1.6897373434499683,2.7830132409084203
4211,2022-07-05,NSE:MARICO,501.89999,503.35001,490.95001,492.25,842519.0,-1.4514514514514516,1.6897373434499683
4212,2022-07-06,NSE:MARICO,482.0,501.89999,480.14999,498.85001,2706381.0,1.3407841543930925,-1.4514514514514516
4213,2022-07-07,NSE:MARICO,502.95001,508.75,497.54999,499.0,1414095.0,0.030067153852518215,1.3407841543930925
4214,2022-07-08,NSE:MARICO,501.39999,504.70001,498.04999,503.75,514837.0,0.9519038076152305,0.030067153852518215
4215,2022-07-11,NSE:MARICO,504.0,508.60001,497.95001,507.64999,897184.0,0.7741915632754347,0.9519038076152305
4216,2022-07-12,NSE:MARICO,503.0,505.29999,498.89999,500.0,1086489.0,-1.506941820288424,0.7741915632754347
4217,2022-07-13,NSE:MARICO,500.0,503.89999,497.0,502.25,1169717.0,0.44999999999999996,-1.506941820288424
4218,2022-07-14,NSE:MARICO,502.45001,512.5,500.0,507.29999,1100706.0,1.005473369835735,0.44999999999999996
4219,2022-07-15,NSE:MARICO,509.10001,514.0,502.0,506.5,1138146.0,-0.15769564671191494,1.005473369835735
4220,2022-07-18,NSE:MARICO,509.60001,511.54999,503.70001,507.95001,998231.0,0.28628035538006325,-0.15769564671191494
4221,2022-07-19,NSE:MARICO,507.79999,510.20001,503.60001,507.45001,666595.0,-0.09843488338547329,0.28628035538006325
4222,2022-07-20,NSE:MARICO,510.0,516.70001,505.25,513.15002,1729531.0,1.1232653242040571,-0.09843488338547329
4223,2022-07-21,NSE:MARICO,514.20001,528.34998,512.79999,525.79999,1354647.0,2.4651601884376695,1.1232653242040571
4224,2022-07-22,NSE:MARICO,527.45001,533.20001,525.04999,531.20001,1566939.0,1.0270102895970084,2.4651601884376695
4225,2022-07-25,NSE:MARICO,531.20001,531.75,520.29999,521.84998,1087243.0,-1.7601712771052207,1.0270102895970084
4226,2022-07-26,NSE:MARICO,521.0,521.95001,505.60001,507.89999,1616824.0,-2.673180135026537,-1.7601712771052207
4227,2022-07-27,NSE:MARICO,505.0,515.95001,504.25,515.0,880329.0,1.3979149714100205,-2.673180135026537
4228,2022-07-28,NSE:MARICO,517.15002,517.90002,509.29999,514.5,1519220.0,-0.0970873786407767,1.3979149714100205
4229,2022-07-29,NSE:MARICO,515.90002,520.65002,512.54999,518.0,1476670.0,0.6802721088435374,-0.0970873786407767
4230,2022-08-01,NSE:MARICO,523.70001,524.40002,518.29999,523.09998,705989.0,0.9845521235521157,0.6802721088435374
4231,2022-08-02,NSE:MARICO,523.90002,526.0,516.34998,522.45001,1194541.0,-0.12425349356731755,0.9845521235521157
4232,2022-08-03,NSE:MARICO,523.0,524.84998,514.54999,520.45001,1308692.0,-0.38281174499355447,-0.12425349356731755
4233,2022-08-04,NSE:MARICO,520.45001,533.45001,516.29999,531.54999,1271045.0,2.132765834705231,-0.38281174499355447
4234,2022-08-05,NSE:MARICO,536.84998,537.15002,518.04999,519.70001,2069247.0,-2.2293255992724146,2.132765834705231
4235,2022-08-08,NSE:MARICO,524.20001,527.90002,520.54999,523.40002,1321518.0,0.711951111950146,-2.2293255992724146
4236,2022-08-10,NSE:MARICO,528.0,529.90002,509.29999,510.29999,1647830.0,-2.50287151307332,0.711951111950146
4237,2022-08-11,NSE:MARICO,514.79999,514.95001,509.0,513.40002,1220917.0,0.6074916834703564,-2.50287151307332
4238,2022-08-12,NSE:MARICO,513.40002,514.65002,506.29999,510.25,2148477.0,-0.6135605526466555,0.6074916834703564
4239,2022-08-16,NSE:MARICO,510.25,520.79999,507.5,511.60001,1238259.0,0.2645781479666825,-0.6135605526466555
4240,2022-08-17,NSE:MARICO,513.45001,517.54999,510.75,512.70001,590860.0,0.2150117237097049,0.2645781479666825
4241,2022-08-18,NSE:MARICO,513.90002,515.0,511.70001,513.29999,682162.0,0.1170235982636239,0.2150117237097049
4242,2022-08-19,NSE:MARICO,515.0,519.90002,510.45001,515.95001,1209484.0,0.5162711964985701,0.1170235982636239
4243,2022-08-22,NSE:MARICO,515.0,519.0,510.70001,514.90002,1069955.0,-0.20350614975275994,0.5162711964985701
4244,2022-08-23,NSE:MARICO,511.0,517.34998,510.25,513.0,966053.0,-0.3690075599531032,-0.20350614975275994
4245,2022-08-24,NSE:MARICO,513.0,525.84998,509.10001,523.15002,1632111.0,1.9785614035087797,-0.3690075599531032
4246,2022-08-25,NSE:MARICO,526.95001,526.95001,515.75,517.45001,1169236.0,-1.089555535140765,1.9785614035087797
4247,2022-08-26,NSE:MARICO,520.0,520.95001,512.25,515.59998,1300916.0,-0.3575282566909334,-1.089555535140765
4248,2022-08-29,NSE:MARICO,510.25,526.15002,505.0,523.04999,2408316.0,1.444920537041142,-0.3575282566909334
4249,2022-08-30,NSE:MARICO,524.45001,527.09998,521.5,525.59998,1844365.0,0.48752319066098826,1.444920537041142
4250,2022-09-01,NSE:MARICO,516.79999,531.65002,516.79999,526.59998,1382520.0,0.19025875914226636,0.48752319066098826
4251,2022-09-02,NSE:MARICO,526.59998,529.54999,521.54999,523.54999,351979.0,-0.5791853619136066,0.19025875914226636
4252,2022-09-05,NSE:MARICO,523.40002,524.70001,518.0,520.84998,505820.0,-0.5157119762336392,-0.5791853619136066
4253,2022-09-06,NSE:MARICO,520.0,523.5,513.45001,520.5,945938.0,-0.06719401237184641,-0.5157119762336392
4254,2022-09-07,NSE:MARICO,519.04999,524.75,515.5,522.75,537305.0,0.43227665706051877,-0.06719401237184641
4255,2022-09-08,NSE:MARICO,524.70001,525.79999,518.0,521.65002,702230.0,-0.21042180774748148,0.43227665706051877
4256,2022-09-09,NSE:MARICO,527.04999,527.04999,520.5,521.70001,409296.0,0.009583053404268972,-0.21042180774748148
4257,2022-09-12,NSE:MARICO,523.95001,525.79999,521.0,522.29999,487837.0,0.11500478982163706,0.009583053404268972
4258,2022-09-13,NSE:MARICO,524.79999,529.75,521.34998,523.34998,839395.0,0.2010319778102963,0.11500478982163706
4259,2022-09-14,NSE:MARICO,520.79999,536.5,520.0,534.20001,1766362.0,2.0731881942557946,0.2010319778102963
4260,2022-09-15,NSE:MARICO,538.0,538.79999,521.5,523.70001,1162980.0,-1.9655559347518545,2.0731881942557946
4261,2022-09-16,NSE:MARICO,521.09998,525.95001,506.10001,508.64999,2709742.0,-2.8737864641247604,-1.9655559347518545
4262,2022-09-19,NSE:MARICO,510.70001,514.25,505.70001,512.15002,635271.0,0.6881018517271646,-2.8737864641247604
4263,2022-09-20,NSE:MARICO,514.75,534.0,514.0,527.25,2557425.0,2.9483509538865116,0.6881018517271646
4264,2022-09-21,NSE:MARICO,528.45001,543.90002,527.54999,535.29999,3107895.0,1.5267880512091,2.9483509538865116
4265,2022-09-22,NSE:MARICO,537.0,550.84998,535.29999,549.45001,3965300.0,2.643381330905693,1.5267880512091
4266,2022-09-23,NSE:MARICO,554.34998,554.34998,540.40002,542.95001,1834851.0,-1.1830011614705402,2.643381330905693
4267,2022-09-26,NSE:MARICO,542.79999,551.90002,524.75,526.25,3214256.0,-3.075791452697463,-1.1830011614705402
4268,2022-09-27,NSE:MARICO,526.29999,541.34998,522.75,536.45001,2277210.0,1.9382441805225692,-3.075791452697463
4269,2022-09-28,NSE:MARICO,534.5,553.0,530.79999,547.40002,3139646.0,2.0411985825109817,1.9382441805225692
4270,2022-09-29,NSE:MARICO,550.09998,552.45001,532.0,538.40002,2384651.0,-1.6441358551649303,2.0411985825109817
4271,2022-09-30,NSE:MARICO,538.40002,541.65002,529.09998,537.84998,1942784.0,-0.10216195757200768,-1.6441358551649303
4272,2022-10-03,NSE:MARICO,540.0,541.79999,523.04999,529.5,1776834.0,-1.5524737957599182,-0.10216195757200768
4273,2022-10-04,NSE:MARICO,537.0,537.0,520.0,526.09998,3048584.0,-0.6421189801699794,-1.5524737957599182
4274,2022-10-06,NSE:MARICO,531.45001,531.45001,522.5,525.09998,1156219.0,-0.19007793917802468,-0.6421189801699794
4275,2022-10-07,NSE:MARICO,526.75,530.0,515.20001,521.29999,1761023.0,-0.7236698047484176,-0.19007793917802468
4276,2022-10-10,NSE:MARICO,511.0,516.95001,511.0,514.84998,644597.0,-1.2372933289333115,-0.7236698047484176
4277,2022-10-11,NSE:MARICO,517.45001,517.45001,502.10001,506.85001,1484169.0,-1.5538448695287825,-1.2372933289333115
4278,2022-10-12,NSE:MARICO,507.0,512.45001,502.54999,508.39999,1655770.0,0.30580644557943387,-1.5538448695287825
4279,2022-10-13,NSE:MARICO,508.25,519.29999,508.0,515.54999,1374739.0,1.4063729623598098,0.30580644557943387
4280,2022-10-14,NSE:MARICO,522.0,523.90002,510.14999,511.5,831377.0,-0.7855668855701035,1.4063729623598098
4281,2022-10-17,NSE:MARICO,513.0,516.40002,510.0,513.95001,1054028.0,0.4789853372434057,-0.7855668855701035
4282,2022-10-18,NSE:MARICO,516.54999,518.70001,512.95001,515.84998,446492.0,0.36967992276134776,0.4789853372434057
4283,2022-10-19,NSE:MARICO,517.0,519.79999,515.0,517.0,495441.0,0.2229369089051899,0.36967992276134776
4284,2022-10-20,NSE:MARICO,515.54999,524.95001,514.20001,523.84998,1609093.0,1.324947775628619,0.2229369089051899
4285,2022-10-21,NSE:MARICO,524.29999,526.70001,515.59998,519.15002,910520.0,-0.8971957963995568,1.324947775628619
4286,2022-10-24,NSE:MARICO,524.5,524.54999,519.15002,519.84998,61633.0,0.13482807917447814,-0.8971957963995568
4287,2022-10-25,NSE:MARICO,519.79999,522.75,513.95001,516.40002,720882.0,-0.6636453078251382,0.13482807917447814
4288,2022-10-27,NSE:MARICO,520.0,522.45001,516.40002,519.45001,1932746.0,0.5906254612461052,-0.6636453078251382
4289,2022-10-28,NSE:MARICO,522.0,522.0,512.65002,518.95001,1619952.0,-0.09625565316670222,0.5906254612461052
4290,2022-10-31,NSE:MARICO,520.0,526.34998,516.5,524.54999,1483039.0,1.0790981582214363,-0.09625565316670222
4291,2022-11-01,NSE:MARICO,527.20001,533.0,522.0,531.40002,1253309.0,1.3058869756150526,1.0790981582214363
4292,2022-11-02,NSE:MARICO,531.29999,531.70001,526.15002,529.84998,680852.0,-0.2916898648216236,1.3058869756150526
4293,2022-11-03,NSE:MARICO,530.0,541.25,529.0,539.65002,1299181.0,1.849587688953028,-0.2916898648216236
4294,2022-11-04,NSE:MARICO,538.79999,542.0,532.65002,539.20001,774772.0,-0.08338923067213454,1.849587688953028
4295,2022-11-07,NSE:MARICO,523.65002,525.0,499.10001,504.89999,5483662.0,-6.361279555614255,-0.08338923067213454
4296,2022-11-09,NSE:MARICO,504.95001,507.0,496.54999,502.25,1648043.0,-0.5248544370143486,-6.361279555614255
4297,2022-11-10,NSE:MARICO,503.85001,505.35001,498.20001,504.04999,1405812.0,0.3583852663016386,-0.5248544370143486
4298,2022-11-11,NSE:MARICO,506.60001,506.60001,498.04999,499.14999,671057.0,-0.9721258004587954,0.3583852663016386
4299,2022-11-14,NSE:MARICO,501.64999,505.54999,495.25,499.54999,1914318.0,0.08013623319915869,-0.9721258004587954
4300,2022-11-15,NSE:MARICO,502.04999,502.04999,495.39999,497.95001,1051406.0,-0.3202842622416947,0.08013623319915869
4301,2022-11-16,NSE:MARICO,497.89999,498.89999,492.0,493.39999,998584.0,-0.9137503581935901,-0.3202842622416947
4302,2022-11-17,NSE:MARICO,495.0,495.0,485.70001,488.29999,2386069.0,-1.0336441230977778,-0.9137503581935901
4303,2022-11-18,NSE:MARICO,489.79999,491.60001,482.0,486.10001,1134351.0,-0.45053861254430544,-1.0336441230977778
4304,2022-11-21,NSE:MARICO,485.54999,494.35001,482.35001,489.5,1191076.0,0.6994424871540329,-0.45053861254430544
4305,2022-11-22,NSE:MARICO,489.25,490.89999,482.14999,486.0,1726964.0,-0.7150153217568949,0.6994424871540329
4306,2022-11-23,NSE:MARICO,488.0,491.35001,484.25,490.60001,1354580.0,0.9465041152263369,-0.7150153217568949
4307,2022-11-24,NSE:MARICO,491.89999,491.89999,486.70001,489.5,1576614.0,-0.22421728038692812,0.9465041152263369
4308,2022-11-25,NSE:MARICO,491.70001,491.70001,484.10001,486.25,1512539.0,-0.6639427987742594,-0.22421728038692812
4309,2022-11-28,NSE:MARICO,484.10001,489.70001,481.5,486.45001,2225302.0,0.041133161953731665,-0.6639427987742594
4310,2022-11-29,NSE:MARICO,486.45001,508.29999,486.45001,502.39999,4005638.0,3.2788528465648468,0.041133161953731665
4311,2022-11-30,NSE:MARICO,502.39999,509.20001,500.64999,507.35001,3141017.0,0.9852747011400209,3.2788528465648468
4312,2022-12-01,NSE:MARICO,509.14999,509.95001,500.64999,501.5,1180104.0,-1.1530521109086007,0.9852747011400209
4313,2022-12-02,NSE:MARICO,501.04999,505.85001,498.60001,503.85001,1542730.0,0.4685962113659018,-1.1530521109086007
4314,2022-12-05,NSE:MARICO,504.95001,506.5,499.79999,500.95001,1003133.0,-0.5755681140107504,0.4685962113659018
4315,2022-12-06,NSE:MARICO,500.0,503.60001,498.35001,502.14999,873707.0,0.23954086756081353,-0.5755681140107504
4316,2022-12-07,NSE:MARICO,501.0,512.20001,500.95001,510.45001,1606711.0,1.6528965777735092,0.23954086756081353
4317,2022-12-08,NSE:MARICO,512.0,515.84998,507.10001,510.5,1703231.0,0.009793319428082639,1.6528965777735092
4318,2022-12-09,NSE:MARICO,514.0,526.0,512.54999,523.75,2940138.0,2.595494613124388,0.009793319428082639
4319,2022-12-12,NSE:MARICO,527.70001,535.0,525.0,533.75,4051574.0,1.9093078758949882,2.595494613124388
4320,2022-12-13,NSE:MARICO,534.70001,534.70001,524.65002,528.0,787991.0,-1.0772833723653397,1.9093078758949882
4321,2022-12-14,NSE:MARICO,529.95001,529.95001,523.0,525.09998,1159310.0,-0.5492462121212197,-1.0772833723653397
4322,2022-12-15,NSE:MARICO,523.84998,525.79999,516.79999,519.15002,752911.0,-1.1331099269895077,-0.5492462121212197
4323,2022-12-16,NSE:MARICO,517.20001,520.90002,512.45001,514.20001,1439095.0,-0.9534835421946087,-1.1331099269895077
4324,2022-12-19,NSE:MARICO,515.0,526.54999,513.20001,525.45001,1396813.0,2.1878646015584478,-0.9534835421946087
4325,2022-12-20,NSE:MARICO,525.5,529.79999,519.25,526.09998,1129137.0,0.1236977804986509,2.1878646015584478
4326,2022-12-21,NSE:MARICO,526.09998,528.70001,520.54999,521.70001,796069.0,-0.8363372300451218,0.1236977804986509
4327,2022-12-22,NSE:MARICO,524.34998,527.5,520.29999,522.34998,685397.0,0.124586924964778,-0.8363372300451218
4328,2022-12-23,NSE:MARICO,517.59998,523.40002,513.0,515.54999,598327.0,-1.3018072672272296,0.124586924964778
4329,2022-12-26,NSE:MARICO,513.84998,522.65002,512.09998,518.45001,490218.0,0.5625099517507586,-1.3018072672272296
4330,2022-12-27,NSE:MARICO,521.75,523.65002,518.0,518.90002,464951.0,0.08679911106569758,0.5625099517507586
4331,2022-12-28,NSE:MARICO,519.84998,521.79999,514.34998,519.20001,433375.0,0.05781267844236732,0.08679911106569758
4332,2022-12-29,NSE:MARICO,516.20001,519.90002,512.25,515.40002,762655.0,-0.7318932832840237,0.05781267844236732
4333,2022-12-30,NSE:MARICO,518.25,519.75,509.0,509.85001,406283.0,-1.0768354258115944,-0.7318932832840237
4334,2023-01-02,NSE:MARICO,509.85001,513.0,501.0,506.25,651385.0,-0.7060919739905464,-1.0768354258115944
4335,2023-01-03,NSE:MARICO,506.25,513.40002,504.29999,510.60001,490270.0,0.8592612345679007,-0.7060919739905464
4336,2023-01-04,NSE:MARICO,511.0,514.70001,505.0,506.14999,790246.0,-0.8715275975023963,0.8592612345679007
4337,2023-01-05,NSE:MARICO,506.14999,524.90002,504.85001,515.5,2901670.0,1.84728048695605,-0.8715275975023963
4338,2023-01-06,NSE:MARICO,515.5,517.40002,507.64999,513.04999,896307.0,-0.4752686711930204,1.84728048695605
4339,2023-01-09,NSE:MARICO,514.90002,520.45001,513.09998,514.95001,590344.0,0.3703381808856561,-0.4752686711930204
4340,2023-01-10,NSE:MARICO,516.79999,516.79999,508.54999,510.04999,896497.0,-0.9515525594416515,0.3703381808856561
4341,2023-01-11,NSE:MARICO,511.0,514.34998,494.75,500.29999,1810341.0,-1.9115773338217301,-0.9515525594416515
4342,2023-01-12,NSE:MARICO,496.5,503.0,490.39999,501.60001,1961900.0,0.25984809633916195,-1.9115773338217301
4343,2023-01-13,NSE:MARICO,503.0,504.85001,494.29999,496.54999,787686.0,-1.0067822765793042,0.25984809633916195
4344,2023-01-16,NSE:MARICO,497.64999,499.14999,494.60001,498.04999,548451.0,0.3020843883211034,-1.0067822765793042
4345,2023-01-17,NSE:MARICO,497.89999,509.60001,494.29999,508.25,2178054.0,2.0479891988352454,0.3020843883211034
4346,2023-01-18,NSE:MARICO,509.0,510.0,505.39999,508.04999,731495.0,-0.03935268076734289,2.0479891988352454
4347,2023-01-19,NSE:MARICO,507.89999,508.14999,500.0,501.35001,978452.0,-1.3187639271481892,-0.03935268076734289
4348,2023-01-20,NSE:MARICO,495.35001,506.64999,495.35001,505.20001,3298721.0,0.7679265828677301,-1.3187639271481892
4349,2023-01-23,NSE:MARICO,507.0,507.35001,501.60001,503.95001,605076.0,-0.24742675678094306,0.7679265828677301
4350,2023-01-24,NSE:MARICO,505.45001,511.54999,502.5,503.39999,1246731.0,-0.10914177777276315,-0.24742675678094306
4351,2023-01-25,NSE:MARICO,502.45001,507.04999,498.25,505.39999,681724.0,0.3972983789689785,-0.10914177777276315
4352,2023-01-27,NSE:MARICO,506.35001,509.85001,497.14999,503.79999,1000075.0,-0.31658093226318085,0.3972983789689785
4353,2023-01-30,NSE:MARICO,504.0,508.14999,500.29999,504.25,1213003.0,0.08932314587779572,-0.31658093226318085
4354,2023-01-31,NSE:MARICO,505.75,507.10001,493.5,498.10001,2320622.0,-1.2196311353495295,0.08932314587779572
4355,2023-02-01,NSE:MARICO,498.10001,507.0,496.64999,505.35001,924112.0,1.455530988646236,-1.2196311353495295
4356,2023-02-02,NSE:MARICO,504.75,504.75,495.54999,499.70001,1173574.0,-1.1180369819325773,1.455530988646236
4357,2023-02-03,NSE:MARICO,499.70001,501.14999,492.10001,493.89999,1168245.0,-1.1607003970242102,-1.1180369819325773
4358,2023-02-06,NSE:MARICO,493.89999,511.5,493.60001,504.70001,2365306.0,2.1866815587503896,-1.1607003970242102
4359,2023-02-07,NSE:MARICO,508.0,508.20001,493.85001,497.60001,1331226.0,-1.4067762748806012,2.1866815587503896
4360,2023-02-08,NSE:MARICO,497.60001,502.5,496.5,500.89999,936630.0,0.6631792471226046,-1.4067762748806012
4361,2023-02-09,NSE:MARICO,501.0,502.29999,491.5,494.20001,1121421.0,-1.3375883676899218,0.6631792471226046
4362,2023-02-10,NSE:MARICO,495.75,496.54999,492.0,495.14999,665580.0,0.19222581561663307,-1.3375883676899218
4363,2023-02-13,NSE:MARICO,495.14999,498.64999,490.64999,492.0,731063.0,-0.6361688505739448,0.19222581561663307
4364,2023-02-14,NSE:MARICO,493.5,498.85001,491.39999,494.10001,1613823.0,0.4268313008130077,-0.6361688505739448
4365,2023-02-15,NSE:MARICO,494.10001,495.25,489.39999,493.35001,804095.0,-0.15179113232561967,0.4268313008130077
4366,2023-02-16,NSE:MARICO,494.10001,496.20001,491.95001,494.54999,1067189.0,0.24323096699642965,-0.15179113232561967
4367,2023-02-17,NSE:MARICO,493.0,497.0,488.10001,489.5,864738.0,-1.0211283191007607,0.24323096699642965
4368,2023-02-20,NSE:MARICO,492.25,492.29999,486.0,489.04999,699230.0,-0.09193258426966705,-1.0211283191007607
4369,2023-02-21,NSE:MARICO,494.70001,501.04999,491.35001,500.39999,1498550.0,2.320826138857507,-0.09193258426966705
4370,2023-02-22,NSE:MARICO,500.75,505.39999,498.35001,503.75,1412597.0,0.6694664402371385,2.320826138857507
4371,2023-02-23,NSE:MARICO,504.0,505.0,496.20001,501.0,896170.0,-0.5459057071960298,0.6694664402371385
4372,2023-02-24,NSE:MARICO,502.0,503.45001,495.75,498.79999,399292.0,-0.439123752495014,-0.5459057071960298
4373,2023-02-27,NSE:MARICO,499.5,499.5,485.10001,490.10001,753190.0,-1.7441820718560925,-0.439123752495014
4374,2023-02-28,NSE:MARICO,492.0,495.45001,486.79999,491.89999,1995562.0,0.36726789701555096,-1.7441820718560925
4375,2023-03-01,NSE:MARICO,495.0,499.0,492.0,495.95001,1161720.0,0.8233421594499357,0.36726789701555096
4376,2023-03-02,NSE:MARICO,498.0,500.04999,492.64999,499.0,1047352.0,0.6149793201939807,0.8233421594499357
4377,2023-03-03,NSE:MARICO,500.29999,501.54999,495.60001,499.5,689611.0,0.1002004008016032,0.6149793201939807
4378,2023-03-06,NSE:MARICO,500.20001,503.79999,499.0,500.95001,675747.0,0.29029229229229636,0.1002004008016032
4379,2023-03-08,NSE:MARICO,495.95001,500.5,492.60001,496.45001,1443804.0,-0.8982932249068124,0.29029229229229636
4380,2023-03-09,NSE:MARICO,497.0,497.5,492.0,492.85001,779119.0,-0.7251485401319707,-0.8982932249068124
4381,2023-03-10,NSE:MARICO,492.0,497.5,491.10001,496.60001,713399.0,0.7608805770339743,-0.7251485401319707
4382,2023-03-13,NSE:MARICO,494.5,499.0,489.14999,490.75,1285925.0,-1.1780124611757454,0.7608805770339743
4383,2023-03-14,NSE:MARICO,490.75,493.95001,480.20001,485.25,2082796.0,-1.1207335710646968,-1.1780124611757454
4384,2023-03-15,NSE:MARICO,487.79999,487.85001,483.0,485.60001,927685.0,0.07212982998454354,-1.1207335710646968
4385,2023-03-16,NSE:MARICO,485.0,491.0,482.0,488.60001,1104680.0,0.6177924090240443,0.07212982998454354
4386,2023-03-17,NSE:MARICO,490.64999,490.64999,484.5,486.10001,2448223.0,-0.5116659739732711,0.6177924090240443
4387,2023-03-20,NSE:MARICO,485.0,485.0,478.39999,482.29999,531125.0,-0.7817362521757647,-0.5116659739732711
4388,2023-03-21,NSE:MARICO,483.20001,484.5,479.75,481.85001,699575.0,-0.09329877862945472,-0.7817362521757647
4389,2023-03-22,NSE:MARICO,483.20001,484.89999,481.45001,483.85001,772546.0,0.4150669209283611,-0.09329877862945472
4390,2023-03-23,NSE:MARICO,482.0,482.0,476.89999,479.35001,1277275.0,-0.9300402825247436,0.4150669209283611
4391,2023-03-24,NSE:MARICO,479.0,480.79999,475.60001,477.20001,1031979.0,-0.44852403361793547,-0.9300402825247436
4392,2023-03-27,NSE:MARICO,477.20001,483.0,474.35001,479.75,1033080.0,0.5343650349043328,-0.44852403361793547
4393,2023-03-28,NSE:MARICO,480.0,481.95001,475.5,479.29999,1427140.0,-0.09380093798853992,0.5343650349043328
4394,2023-03-29,NSE:MARICO,478.60001,480.35001,470.0,472.25,1489592.0,-1.470892999601352,-0.09380093798853992
4395,2023-03-31,NSE:MARICO,472.20001,480.79999,471.64999,479.79999,1655647.0,1.598727368978291,-1.470892999601352
4396,2023-04-03,NSE:MARICO,483.25,483.25,475.85001,479.70001,1368272.0,-0.02083784953808764,1.598727368978291
4397,2023-04-05,NSE:MARICO,483.95001,485.5,479.75,482.39999,2324531.0,0.5628476013581868,-0.02083784953808764
4398,2023-04-06,NSE:MARICO,483.20001,483.20001,478.0,479.29999,757700.0,-0.6426202454937909,0.5628476013581868
4399,2023-04-10,NSE:MARICO,478.0,482.35001,473.29999,480.5,654066.0,0.2503672073934365,-0.6426202454937909
4400,2023-04-11,NSE:MARICO,480.5,482.5,478.64999,479.89999,1121930.0,-0.1248720083246613,0.2503672073934365
4401,2023-04-12,NSE:MARICO,479.89999,481.54999,476.60001,477.29999,2239126.0,-0.5417795486930564,-0.1248720083246613
4402,2023-04-13,NSE:MARICO,473.10001,479.39999,473.10001,476.79999,1327298.0,-0.10475592090416763,-0.5417795486930564
4403,2023-04-17,NSE:MARICO,475.85001,480.79999,474.0,479.45001,1056975.0,0.555792796891636,-0.10475592090416763
4404,2023-04-18,NSE:MARICO,480.60001,482.29999,476.85001,480.10001,1243177.0,0.13557200676666525,0.555792796891636
4405,2023-04-19,NSE:MARICO,478.14999,478.64999,466.54999,468.14999,2834418.0,-2.4890688921252044,0.13557200676666525
4406,2023-04-20,NSE:MARICO,468.0,472.60001,462.70001,471.75,2774048.0,0.7689864523974459,-2.4890688921252044
4407,2023-04-21,NSE:MARICO,471.75,474.85001,471.04999,473.25,856639.0,0.3179650238473768,0.7689864523974459
4408,2023-04-24,NSE:MARICO,475.75,477.25,470.45001,474.95001,2043813.0,0.35922028526149397,0.3179650238473768
4409,2023-04-25,NSE:MARICO,474.95001,492.45001,474.5,489.75,3869120.0,3.116115314957037,0.35922028526149397
4410,2023-04-26,NSE:MARICO,489.75,499.5,489.75,496.95001,2098348.0,1.4701398672792283,3.116115314957037
4411,2023-04-27,NSE:MARICO,499.0,499.39999,492.64999,497.89999,1077677.0,0.1911620848946119,1.4701398672792283
4412,2023-04-28,NSE:MARICO,497.89999,499.89999,493.85001,496.39999,1293767.0,-0.301265320370864,0.1911620848946119
4413,2023-05-02,NSE:MARICO,495.89999,502.5,495.14999,499.85001,572000.0,0.695008072018695,-0.301265320370864
4414,2023-05-03,NSE:MARICO,495.0,504.35001,495.0,502.5,802389.0,0.5301570365078121,0.695008072018695
4415,2023-05-04,NSE:MARICO,503.0,503.5,495.25,497.29999,795938.0,-1.0348278606965216,0.5301570365078121
4416,2023-05-05,NSE:MARICO,498.75,499.20001,492.04999,493.60001,906837.0,-0.7440136887997891,-1.0348278606965216
4417,2023-05-08,NSE:MARICO,511.0,539.79999,511.0,530.70001,9360002.0,7.516207303156258,-0.7440136887997891
4418,2023-05-09,NSE:MARICO,531.0,539.95001,531.0,536.90002,2469102.0,1.168270187143961,7.516207303156258
4419,2023-05-10,NSE:MARICO,536.90002,537.0,531.34998,533.45001,904862.0,-0.6425795998294096,1.168270187143961
4420,2023-05-11,NSE:MARICO,533.45001,543.5,530.40002,542.59998,1677585.0,1.7152441331850268,-0.6425795998294096
4421,2023-05-12,NSE:MARICO,543.0,549.5,540.15002,541.5,1423611.0,-0.20272392933003053,1.7152441331850268
4422,2023-05-15,NSE:MARICO,542.0,542.0,534.0,536.90002,1256652.0,-0.8494884579870654,-0.20272392933003053
4423,2023-05-16,NSE:MARICO,535.40002,538.75,531.45001,536.15002,1024340.0,-0.139690812453313,-0.8494884579870654
4424,2023-05-17,NSE:MARICO,536.0,536.0,525.0,526.84998,978934.0,-1.7345965966764452,-0.139690812453313
4425,2023-05-18,NSE:MARICO,524.75,537.04999,524.20001,532.79999,846130.0,1.1293556469338806,-1.7345965966764452
4426,2023-05-19,NSE:MARICO,533.0,534.65002,522.0,525.75,780885.0,-1.3231963461560838,1.1293556469338806
4427,2023-05-22,NSE:MARICO,525.65002,531.29999,523.29999,530.25,404455.0,0.8559201141226819,-1.3231963461560838
4428,2023-05-23,NSE:MARICO,530.25,533.5,525.15002,526.95001,583381.0,-0.6223460631777425,0.8559201141226819
4429,2023-05-24,NSE:MARICO,522.0,532.75,522.0,530.90002,1062897.0,0.7495986194212274,-0.6223460631777425
4430,2023-05-25,NSE:MARICO,530.65002,531.09998,525.90002,528.40002,652969.0,-0.4708984565493141,0.7495986194212274
4431,2023-05-26,NSE:MARICO,528.40002,545.0,528.40002,544.09998,2044193.0,2.971226231217765,-0.4708984565493141
4432,2023-05-29,NSE:MARICO,547.29999,548.40002,541.29999,544.15002,980789.0,0.00919683915446586,2.971226231217765
4433,2023-05-30,NSE:MARICO,544.0,547.5,540.34998,541.59998,486319.0,-0.4686281184001575,0.00919683915446586
4434,2023-05-31,NSE:MARICO,544.90002,548.0,540.75,543.04999,2583502.0,0.2677271147609755,-0.4686281184001575
4435,2023-06-01,NSE:MARICO,544.0,558.75,538.70001,556.29999,1969756.0,2.439922703985318,0.2677271147609755
4436,2023-06-02,NSE:MARICO,558.09998,558.70001,548.20001,549.45001,959977.0,-1.2313464179641564,2.439922703985318
4437,2023-06-05,NSE:MARICO,549.0,553.45001,545.0,547.15002,599951.0,-0.41859859098009294,-1.2313464179641564
4438,2023-06-06,NSE:MARICO,547.90002,548.0,537.0,542.75,1602972.0,-0.8041706733374587,-0.41859859098009294
4439,2023-06-07,NSE:MARICO,545.40002,552.0,544.20001,549.79999,1074463.0,1.2989387379087942,-0.8041706733374587
4440,2023-06-08,NSE:MARICO,547.20001,551.40002,544.0,545.45001,775479.0,-0.7911931755400651,1.2989387379087942
4441,2023-06-09,NSE:MARICO,545.45001,553.95001,532.29999,533.20001,1110522.0,-2.2458520075927764,-0.7911931755400651
4442,2023-06-12,NSE:MARICO,536.84998,539.09998,528.45001,538.0,787822.0,0.9002231639117899,-2.2458520075927764
4443,2023-06-13,NSE:MARICO,538.90002,544.54999,534.84998,537.29999,1231955.0,-0.130113382899632,0.9002231639117899
4444,2023-06-14,NSE:MARICO,539.0,543.40002,534.65002,539.40002,1444023.0,0.39084869515818543,-0.130113382899632
4445,2023-06-15,NSE:MARICO,541.04999,551.0,540.75,545.40002,2156123.0,1.1123470110364475,0.39084869515818543
4446,2023-06-16,NSE:MARICO,547.59998,553.45001,546.54999,548.15002,1730503.0,0.5042170698856959,1.1123470110364475
4447,2023-06-19,NSE:MARICO,548.15002,550.84998,529.70001,534.95001,848453.0,-2.4081017090905186,0.5042170698856959
4448,2023-06-20,NSE:MARICO,535.0,540.45001,532.0,536.09998,1483920.0,0.21496774997722484,-2.4081017090905186
4449,2023-06-21,NSE:MARICO,537.09998,540.29999,526.15002,527.15002,550597.0,-1.6694572531041543,0.21496774997722484
4450,2023-06-22,NSE:MARICO,527.04999,527.75,520.40002,524.25,1103762.0,-0.5501318201600448,-1.6694572531041543
4451,2023-06-23,NSE:MARICO,524.25,529.90002,522.29999,528.5,1008663.0,0.8106819265617549,-0.5501318201600448
4452,2023-06-26,NSE:MARICO,529.95001,532.45001,524.54999,528.70001,752253.0,0.03784484389782786,0.8106819265617549
4453,2023-06-27,NSE:MARICO,530.45001,531.70001,525.25,528.84998,1412587.0,0.028365802376273706,0.03784484389782786
4454,2023-06-28,NSE:MARICO,529.54999,530.5,521.04999,523.0,2781842.0,-1.1061700333239988,0.028365802376273706
4455,2023-06-30,NSE:MARICO,523.0,532.0,523.0,530.95001,1684566.0,1.520078393881457,-1.1061700333239988
4456,2023-07-03,NSE:MARICO,534.84998,536.34998,528.90002,533.25,1468638.0,0.43318390746427893,1.520078393881457
4457,2023-07-04,NSE:MARICO,536.70001,536.70001,523.25,526.45001,745262.0,-1.2751973745897758,0.43318390746427893
4458,2023-07-05,NSE:MARICO,526.84998,539.95001,524.25,538.54999,2691903.0,2.2984100617644514,-1.2751973745897758
4459,2023-07-06,NSE:MARICO,534.5,542.04999,525.29999,527.70001,2586934.0,-2.01466534239467,2.2984100617644514
4460,2023-07-07,NSE:MARICO,530.5,530.5,513.29999,517.04999,2642703.0,-2.0181959064204,-2.01466534239467
4461,2023-07-10,NSE:MARICO,518.0,529.79999,516.54999,527.09998,1651270.0,1.9437172796386633,-2.0181959064204
4462,2023-07-11,NSE:MARICO,529.90002,534.0,522.20001,531.54999,1518372.0,0.8442440085085984,1.9437172796386633
4463,2023-07-12,NSE:MARICO,531.54999,539.0,531.5,537.75,1389645.0,1.1664020537372262,0.8442440085085984
4464,2023-07-13,NSE:MARICO,541.79999,547.79999,530.54999,533.54999,1654917.0,-0.7810339377033976,1.1664020537372262
4465,2023-07-14,NSE:MARICO,536.0,541.40002,533.54999,539.45001,912761.0,1.1058045376404262,-0.7810339377033976
4466,2023-07-17,NSE:MARICO,539.40002,543.0,529.29999,531.65002,1234506.0,-1.4459152572821308,1.1058045376404262
4467,2023-07-18,NSE:MARICO,535.15002,535.40002,525.70001,530.5,803617.0,-0.2163114749812368,-1.4459152572821308
4468,2023-07-19,NSE:MARICO,531.0,534.45001,529.20001,531.84998,636194.0,0.2544731385485315,-0.2163114749812368
4469,2023-07-20,NSE:MARICO,532.70001,541.0,530.09998,539.15002,1271756.0,1.372575025761979,0.2544731385485315
4470,2023-07-21,NSE:MARICO,538.40002,542.5,535.0,538.65002,1019421.0,-0.09273856653107422,1.372575025761979
4471,2023-07-24,NSE:MARICO,538.25,541.09998,531.04999,535.40002,822710.0,-0.6033602300803775,-0.09273856653107422
4472,2023-07-25,NSE:MARICO,535.34998,541.90002,532.34998,540.59998,843404.0,0.9712289513922541,-0.6033602300803775
4473,2023-07-26,NSE:MARICO,541.84998,542.90002,531.09998,532.70001,1290605.0,-1.4613337573560288,0.9712289513922541
4474,2023-07-27,NSE:MARICO,536.54999,556.0,531.70001,554.04999,3733012.0,4.007880532985152,-1.4613337573560288
4475,2023-07-28,NSE:MARICO,555.95001,578.15002,553.04999,574.34998,7372578.0,3.6639275095014403,4.007880532985152
4476,2023-07-31,NSE:MARICO,574.95001,577.0,557.20001,560.54999,3136108.0,-2.4027144564364713,3.6639275095014403
4477,2023-08-01,NSE:MARICO,563.0,566.95001,555.70001,557.70001,1697912.0,-0.5084256624462627,-2.4027144564364713
4478,2023-08-02,NSE:MARICO,560.79999,564.0,554.70001,562.79999,1318832.0,0.9144665426848315,-0.5084256624462627
4479,2023-08-03,NSE:MARICO,568.0,575.0,563.65002,572.34998,4242154.0,1.6968710322827085,0.9144665426848315
4480,2023-08-04,NSE:MARICO,575.0,581.84998,571.59998,576.20001,2397608.0,0.6726705922135371,1.6968710322827085
4481,2023-08-07,NSE:MARICO,576.15002,577.45001,572.25,575.79999,1120653.0,-0.06942380997182565,0.6726705922135371
4482,2023-08-08,NSE:MARICO,575.79999,578.5,573.45001,577.25,1282689.0,0.25182529093132155,-0.06942380997182565
4483,2023-08-09,NSE:MARICO,578.0,587.90002,573.5,585.15002,2394453.0,1.3685612819402408,0.25182529093132155
4484,2023-08-10,NSE:MARICO,585.15002,586.65002,574.04999,576.84998,3293103.0,-1.4184465036846585,1.3685612819402408
4485,2023-08-11,NSE:MARICO,577.95001,580.79999,573.09998,576.95001,1934577.0,0.01734073042700993,-1.4184465036846585
4486,2023-08-14,NSE:MARICO,576.15002,576.15002,561.0,568.09998,569222.0,-1.5339335898443023,0.01734073042700993
4487,2023-08-16,NSE:MARICO,567.95001,569.40002,557.20001,559.59998,1009445.0,-1.4962155076998949,-1.5339335898443023
4488,2023-08-17,NSE:MARICO,564.04999,564.04999,555.15002,558.45001,876508.0,-0.205498577751904,-1.4962155076998949
4489,2023-08-18,NSE:MARICO,558.20001,558.20001,547.65002,550.75,1146881.0,-1.3788181327098588,-0.205498577751904
4490,2023-08-21,NSE:MARICO,550.70001,557.09998,546.04999,554.95001,1353123.0,0.7625982750794408,-1.3788181327098588
4491,2023-08-22,NSE:MARICO,556.25,560.0,554.29999,558.79999,558087.0,0.6937525778222726,0.7625982750794408
4492,2023-08-23,NSE:MARICO,558.45001,558.70001,551.29999,553.45001,784166.0,-0.9574051710344447,0.6937525778222726
4493,2023-08-24,NSE:MARICO,554.0,565.0,553.5,563.5,1481139.0,1.8158803538552613,-0.9574051710344447
4494,2023-08-25,NSE:MARICO,564.0,570.79999,556.15002,560.20001,1339191.0,-0.5856237799467577,1.8158803538552613
4495,2023-08-28,NSE:MARICO,560.20001,564.54999,553.04999,558.15002,659914.0,-0.3659389438425714,-0.5856237799467577
4496,2023-08-29,NSE:MARICO,557.45001,563.59998,552.20001,562.5,1275303.0,0.779356775800162,-0.3659389438425714
4497,2023-08-30,NSE:MARICO,565.5,573.0,562.29999,571.15002,1897785.0,1.5377813333333405,0.779356775800162
4498,2023-08-31,NSE:MARICO,573.0,575.0,566.15002,570.04999,3101652.0,-0.1925991353375179,1.5377813333333405
4499,2023-09-01,NSE:MARICO,574.25,575.95001,563.5,569.34998,3196294.0,-0.12279800232958872,-0.1925991353375179
4500,2023-09-04,NSE:MARICO,569.34998,579.20001,566.54999,577.54999,1902190.0,1.440240675866893,-0.12279800232958872
4501,2023-09-05,NSE:MARICO,580.0,582.25,574.25,577.65002,1830485.0,0.017319712878890482,1.440240675866893
4502,2023-09-06,NSE:MARICO,577.59998,590.09998,575.79999,588.25,1815156.0,1.8350176807749368,0.017319712878890482
4503,2023-09-07,NSE:MARICO,588.25,591.20001,583.15002,584.04999,1446101.0,-0.7139838504037433,1.8350176807749368
4504,2023-09-08,NSE:MARICO,585.0,589.0,582.75,586.65002,443934.0,0.44517250997642527,-0.7139838504037433
4505,2023-09-11,NSE:MARICO,586.04999,591.75,581.59998,584.45001,1212146.0,-0.3750123455207621,0.44517250997642527
4506,2023-09-12,NSE:MARICO,585.0,586.70001,576.75,581.25,1749729.0,-0.5475250141581861,-0.3750123455207621
4507,2023-09-13,NSE:MARICO,580.70001,584.5,575.25,583.40002,1454573.0,0.3698959139785016,-0.5475250141581861
4508,2023-09-14,NSE:MARICO,583.40002,590.54999,578.04999,580.79999,1729893.0,-0.44566847975083385,0.3698959139785016
4509,2023-09-15,NSE:MARICO,580.5,584.5,577.04999,580.15002,1751444.0,-0.11190943718851291,-0.44566847975083385
4510,2023-09-18,NSE:MARICO,581.25,584.0,574.75,582.0,1636425.0,0.31887958911040964,-0.11190943718851291
4511,2023-09-20,NSE:MARICO,582.0,584.84998,571.84998,574.5,1538968.0,-1.2886597938144329,0.31887958911040964
4512,2023-09-21,NSE:MARICO,574.25,575.70001,568.65002,574.65002,729098.0,0.026113141862496164,-1.2886597938144329
4513,2023-09-22,NSE:MARICO,574.25,575.45001,571.54999,573.90002,871842.0,-0.13051422150824948,0.026113141862496164
4514,2023-09-25,NSE:MARICO,573.09998,580.0,571.29999,578.79999,1047109.0,0.8538020263529419,-0.13051422150824948
4515,2023-09-26,NSE:MARICO,578.79999,586.0,576.25,582.40002,1416714.0,0.6219816969934745,0.8538020263529419
4516,2023-09-27,NSE:MARICO,583.75,585.95001,581.59998,583.79999,1095220.0,0.24037945603091485,0.6219816969934745
4517,2023-09-28,NSE:MARICO,584.40002,586.75,558.25,559.79999,2174366.0,-4.110996987170212,0.24037945603091485
4518,2023-09-29,NSE:MARICO,560.5,565.15002,556.0,561.65002,989747.0,0.3304805346638289,-4.110996987170212
4519,2023-10-03,NSE:MARICO,576.45001,595.0,566.90002,575.70001,5953987.0,2.501556040183169,0.3304805346638289
4520,2023-10-04,NSE:MARICO,575.0,575.5,560.0,570.84998,2873209.0,-0.8424578627330682,2.501556040183169
4521,2023-10-05,NSE:MARICO,557.0,563.5,541.0,542.45001,3841011.0,-4.975032144172089,-0.8424578627330682
4522,2023-10-06,NSE:MARICO,546.09998,546.09998,536.65002,537.45001,1428800.0,-0.9217439225413601,-4.975032144172089
4523,2023-10-09,NSE:MARICO,535.04999,540.54999,532.45001,538.04999,1105136.0,0.11163456858061264,-0.9217439225413601
4524,2023-10-10,NSE:MARICO,540.0,541.59998,536.09998,536.90002,627596.0,-0.21372921129502098,0.11163456858061264
4525,2023-10-11,NSE:MARICO,540.0,540.25,535.5,536.09998,742475.0,-0.1490109834602131,-0.21372921129502098
4526,2023-10-12,NSE:MARICO,538.0,540.70001,535.0,539.54999,599258.0,0.6435385429411917,-0.1490109834602131
4527,2023-10-13,NSE:MARICO,538.0,543.34998,536.25,542.20001,1171463.0,0.4911537483301669,0.6435385429411917
4528,2023-10-16,NSE:MARICO,542.29999,543.70001,540.0,542.84998,619028.0,0.11987642715092155,0.4911537483301669
4529,2023-10-17,NSE:MARICO,544.0,548.0,540.45001,545.59998,956658.0,0.5065856316325185,0.11987642715092155
4530,2023-10-18,NSE:MARICO,546.29999,550.5,543.65002,549.15002,1088052.0,0.6506671792766711,0.5065856316325185
4531,2023-10-19,NSE:MARICO,549.09998,549.34998,542.65002,547.09998,399054.0,-0.3733114677843553,0.6506671792766711
4532,2023-10-20,NSE:MARICO,547.09998,547.29999,536.65002,541.59998,1001058.0,-1.0053007130433456,-0.3733114677843553
4533,2023-10-23,NSE:MARICO,540.0,542.59998,535.0,537.09998,971800.0,-0.8308715225580326,-1.0053007130433456
4534,2023-10-25,NSE:MARICO,535.09998,547.59998,535.0,542.65002,1349601.0,1.03333461304543,-0.8308715225580326
4535,2023-10-26,NSE:MARICO,542.70001,542.70001,533.40002,537.25,800857.0,-0.9951202065744031,1.03333461304543
4536,2023-10-27,NSE:MARICO,537.04999,542.75,536.04999,537.75,565260.0,0.09306654257794324,-0.9951202065744031
4537,2023-10-30,NSE:MARICO,537.15002,539.95001,529.0,532.20001,1068984.0,-1.0320762436076205,0.09306654257794324
4538,2023-10-31,NSE:MARICO,532.0,541.70001,521.84998,536.54999,2533458.0,0.8173581206809747,-1.0320762436076205
4539,2023-11-01,NSE:MARICO,538.09998,545.75,532.54999,535.04999,766079.0,-0.2795638855570569,0.8173581206809747
4540,2023-11-02,NSE:MARICO,535.25,538.54999,531.5,534.20001,802776.0,-0.1588599226027384,-0.2795638855570569
4541,2023-11-03,NSE:MARICO,537.79999,537.79999,525.40002,528.04999,2163631.0,-1.1512579342707314,-0.1588599226027384
4542,2023-11-06,NSE:MARICO,532.25,537.0,528.04999,534.0,870723.0,1.126789151155939,-1.1512579342707314
4543,2023-11-07,NSE:MARICO,532.70001,532.70001,522.20001,524.45001,1603617.0,-1.7883876404494343,1.126789151155939
4544,2023-11-08,NSE:MARICO,526.70001,526.79999,519.0,520.34998,1648377.0,-0.7817770849122609,-1.7883876404494343
4545,2023-11-09,NSE:MARICO,522.0,522.09998,517.0,520.45001,785066.0,0.019223600239219898,-0.7817770849122609
4546,2023-11-10,NSE:MARICO,520.45001,522.95001,516.25,521.25,1054801.0,0.15371120849819558,0.019223600239219898
4547,2023-11-12,NSE:MARICO,524.9,524.9,521.25,523.15,58930.0,0.3645083932853674,0.15371120849819558
4548,2023-11-13,NSE:MARICO,520.0,523.09998,517.25,521.0,524339.0,-0.41097199655929995,0.3645083932853674
4549,2023-11-15,NSE:MARICO,523.25,523.90002,517.15002,519.09998,2377016.0,-0.3646871401151709,-0.41097199655929995
4550,2023-11-16,NSE:MARICO,522.0,522.75,516.04999,517.04999,2039976.0,-0.39491236351039355,-0.3646871401151709
4551,2023-11-17,NSE:MARICO,518.0,530.79999,517.20001,529.95001,1424894.0,2.494927037905956,-0.39491236351039355
4552,2023-11-20,NSE:MARICO,530.79999,532.0,523.20001,525.75,917647.0,-0.7925294689587836,2.494927037905956
4553,2023-11-21,NSE:MARICO,529.54999,529.54999,524.75,526.59998,741399.0,0.16166999524488057,-0.7925294689587836
4554,2023-11-22,NSE:MARICO,529.0,535.0,526.70001,532.70001,1232062.0,1.1583802187003618,0.16166999524488057
4555,2023-11-23,NSE:MARICO,534.75,534.75,525.45001,530.90002,1193876.0,-0.33789937417121124,1.1583802187003618
4556,2023-11-24,NSE:MARICO,530.79999,534.5,521.79999,523.65002,1124449.0,-1.365605523993011,-0.33789937417121124
4557,2023-11-28,NSE:MARICO,524.04999,526.65002,521.34998,525.15002,1284496.0,0.286450862734618,-1.365605523993011
4558,2023-11-29,NSE:MARICO,525.29999,529.0,524.09998,527.0,1839238.0,0.3522764790145032,0.286450862734618
4559,2023-11-30,NSE:MARICO,527.0,539.95001,527.0,538.65002,2700338.0,2.2106299810246757,0.3522764790145032
4560,2023-12-01,NSE:MARICO,540.0,541.59998,533.59998,536.90002,1142691.0,-0.3248862777355879,2.2106299810246757
4561,2023-12-04,NSE:MARICO,539.0,543.40002,534.40002,536.0,976283.0,-0.1676327000323152,-0.3248862777355879
4562,2023-12-05,NSE:MARICO,534.25,539.75,534.25,536.59998,1284123.0,0.11193656716417155,-0.1676327000323152
4563,2023-12-06,NSE:MARICO,537.95001,545.95001,536.59998,539.5,1892079.0,0.5404435535014445,0.11193656716417155
4564,2023-12-07,NSE:MARICO,539.34998,539.5,526.5,533.54999,2892095.0,-1.1028748841519962,0.5404435535014445
4565,2023-12-08,NSE:MARICO,533.5,537.20001,527.5,530.5,1761960.0,-0.571640906599957,-1.1028748841519962
4566,2023-12-11,NSE:MARICO,530.5,543.04999,529.09998,540.65002,1264328.0,1.9132931196984053,-0.571640906599957
4567,2023-12-12,NSE:MARICO,543.09998,546.84998,537.84998,540.04999,1408876.0,-0.11098307182159368,1.9132931196984053
4568,2023-12-13,NSE:MARICO,542.5,542.5,533.15002,539.79999,1948860.0,-0.046292010856254256,-0.11098307182159368
4569,2023-12-14,NSE:MARICO,541.04999,543.54999,536.20001,538.04999,839848.0,-0.3241941519858124,-0.046292010856254256
4570,2023-12-15,NSE:MARICO,539.0,539.0,532.59998,535.20001,2003551.0,-0.529686841923361,-0.3241941519858124
4571,2023-12-18,NSE:MARICO,535.0,542.40002,531.20001,540.45001,1141718.0,0.9809416857073675,-0.529686841923361
4572,2023-12-19,NSE:MARICO,543.0,550.0,537.45001,547.84998,1822275.0,1.3692237696507654,0.9809416857073675
4573,2023-12-20,NSE:MARICO,547.84998,551.90002,528.90002,531.25,2878587.0,-3.03002292707941,1.3692237696507654
4574,2023-12-21,NSE:MARICO,529.5,530.5,522.0,526.90002,3343320.0,-0.8188197647058748,-3.03002292707941
4575,2023-12-22,NSE:MARICO,526.90002,529.84998,520.84998,522.84998,2168308.0,-0.7686543644466137,-0.8188197647058748
4576,2023-12-26,NSE:MARICO,527.0,531.29999,524.40002,529.45001,615361.0,1.262318112740496,-0.7686543644466137
4577,2023-12-27,NSE:MARICO,530.0,535.04999,528.65002,534.09998,1801493.0,0.8782642198835616,1.262318112740496
4578,2023-12-28,NSE:MARICO,534.04999,547.79999,532.59998,546.04999,1817606.0,2.237410681048897,0.8782642198835616
4579,2023-12-29,NSE:MARICO,544.04999,553.84998,540.79999,548.5,1564905.0,0.44867870064424326,2.237410681048897
4580,2024-01-01,NSE:MARICO,550.0,552.45001,540.0,542.25,965961.0,-1.1394712853236098,0.44867870064424326
4581,2024-01-02,NSE:MARICO,544.0,547.75,537.40002,547.0,1243897.0,0.875979714153988,-1.1394712853236098
4582,2024-01-03,NSE:MARICO,546.70001,551.84998,540.04999,543.54999,1190743.0,-0.6307148080438794,0.875979714153988
4583,2024-01-04,NSE:MARICO,544.95001,556.0,544.0,553.75,1325514.0,1.8765541693782428,-0.6307148080438794
4584,2024-01-05,NSE:MARICO,555.0,557.5,545.0,546.0,933806.0,-1.399548532731377,1.8765541693782428
4585,2024-01-08,NSE:MARICO,530.0,536.90002,520.0,523.75,5126083.0,-4.075091575091575,-1.399548532731377
4586,2024-01-09,NSE:MARICO,525.0,532.5,525.0,530.70001,783243.0,1.3269708830548965,-4.075091575091575
4587,2024-01-10,NSE:MARICO,530.0,534.54999,528.25,531.29999,1138901.0,0.11305445424807126,1.3269708830548965
4588,2024-01-11,NSE:MARICO,531.29999,535.45001,528.25,530.09998,503249.0,-0.22586298185325024,0.11305445424807126
4589,2024-01-12,NSE:MARICO,530.09998,534.0,528.54999,532.90002,649640.0,0.528209791669881,-0.22586298185325024
4590,2024-01-15,NSE:MARICO,535.0,535.0,529.15002,529.95001,598886.0,-0.5535766352570263,0.528209791669881
4591,2024-01-16,NSE:MARICO,529.95001,533.04999,526.09998,531.54999,579717.0,0.3019114953880196,-0.5535766352570263
4592,2024-01-17,NSE:MARICO,530.0,533.0,523.29999,527.70001,909008.0,-0.7242931186961286,0.3019114953880196
4593,2024-01-18,NSE:MARICO,527.70001,529.79999,517.84998,524.5,1188131.0,-0.6064070379684132,-0.7242931186961286
4594,2024-01-19,NSE:MARICO,526.84998,532.0,523.5,530.25,862529.0,1.09628217349857,-0.6064070379684132
4595,2024-01-20,NSE:MARICO,530.0,530.90002,523.0,523.79999,322899.0,-1.2164092409240963,1.09628217349857
4596,2024-01-23,NSE:MARICO,524.95001,529.90002,517.0,520.95001,1757069.0,-0.5440969939690071,-1.2164092409240963
4597,2024-01-24,NSE:MARICO,518.04999,532.0,515.65002,529.65002,1303355.0,1.6700278017078876,-0.5440969939690071
4598,2024-01-25,NSE:MARICO,529.5,534.40002,521.65002,525.09998,990062.0,-0.8590653881217791,1.6700278017078876
4599,2024-01-29,NSE:MARICO,508.60001,523.84998,508.60001,516.59998,2146422.0,-1.6187393494092306,-0.8590653881217791
4600,2024-01-30,NSE:MARICO,519.95001,527.04999,515.40002,523.15002,1822487.0,1.2679133282196569,-1.6187393494092306
4601,2024-01-31,NSE:MARICO,526.5,532.54999,523.29999,527.84998,2177564.0,0.8983962191189286,1.2679133282196569
4602,2024-02-01,NSE:MARICO,530.95001,554.70001,529.20001,536.0,4714744.0,1.5440030896657495,0.8983962191189286
4603,2024-02-02,NSE:MARICO,541.0,541.0,528.15002,529.5,1577128.0,-1.212686567164179,1.5440030896657495
4604,2024-02-05,NSE:MARICO,528.0,534.34998,522.45001,523.20001,760304.0,-1.1897998111425836,-1.212686567164179
4605,2024-02-06,NSE:MARICO,525.0,527.95001,519.20001,520.79999,971957.0,-0.45871941019267953,-1.1897998111425836
4606,2024-02-07,NSE:MARICO,524.0,527.84998,521.84998,524.90002,964073.0,0.7872561595095386,-0.45871941019267953
4607,2024-02-08,NSE:MARICO,525.95001,528.79999,520.95001,522.40002,1062206.0,-0.4762811782708638,0.7872561595095386
4608,2024-02-09,NSE:MARICO,523.95001,523.95001,516.65002,520.65002,583337.0,-0.33499233020703173,-0.4762811782708638
4609,2024-02-12,NSE:MARICO,520.5,526.40002,519.79999,525.20001,529409.0,0.8739056612347733,-0.33499233020703173
4610,2024-02-13,NSE:MARICO,526.0,528.54999,523.0,525.15002,718699.0,-0.009518278569716663,0.8739056612347733
4611,2024-02-14,NSE:MARICO,515.5,527.90002,515.5,527.0,1311331.0,0.3522764790145032,-0.009518278569716663
4612,2024-02-15,NSE:MARICO,527.0,527.45001,518.84998,522.0,1143167.0,-0.9487666034155597,0.3522764790145032
4613,2024-02-16,NSE:MARICO,522.40002,526.40002,519.84998,523.79999,1673623.0,0.3448256704980804,-0.9487666034155597
4614,2024-02-19,NSE:MARICO,524.45001,529.5,523.5,526.5,960744.0,0.5154658364922878,0.3448256704980804
4615,2024-02-20,NSE:MARICO,527.95001,537.40002,524.75,536.20001,1203500.0,1.8423570750237457,0.5154658364922878
4616,2024-02-21,NSE:MARICO,536.65002,540.79999,533.65002,538.70001,4398178.0,0.46624393013345894,1.8423570750237457
4617,2024-02-22,NSE:MARICO,545.0,545.20001,537.75,539.0,1119584.0,0.05568776581236368,0.46624393013345894
4618,2024-02-23,NSE:MARICO,539.5,540.65002,528.75,530.15002,2093913.0,-1.6419257884972096,0.05568776581236368
4619,2024-02-26,NSE:MARICO,525.09998,532.79999,525.0,525.65002,1270303.0,-0.848816340702958,-1.6419257884972096
4620,2024-02-27,NSE:MARICO,527.0,527.45001,519.90002,523.25,3305817.0,-0.45658135806787187,-0.848816340702958
4621,2024-02-28,NSE:MARICO,523.25,525.95001,520.70001,523.34998,2328617.0,0.019107501194449986,-0.45658135806787187
4622,2024-02-29,NSE:MARICO,523.34998,526.59998,520.15002,522.59998,3588262.0,-0.14330754345304458,0.019107501194449986
4623,2024-03-01,NSE:MARICO,523.25,526.5,522.20001,524.25,1414893.0,0.31573288617424755,-0.14330754345304458
4624,2024-03-02,NSE:MARICO,525.0,529.90002,524.0,528.45001,83778.0,0.8011463996185065,0.31573288617424755
4625,2024-03-04,NSE:MARICO,529.0,529.90002,522.0,524.04999,1604843.0,-0.8326274797497005,0.8011463996185065
4626,2024-03-05,NSE:MARICO,524.04999,525.09998,517.09998,518.5,2321785.0,-1.0590573620657793,-0.8326274797497005
4627,2024-03-06,NSE:MARICO,511.60001,512.04999,504.04999,505.64999,1262432.0,-2.4783047251687553,-1.0590573620657793
4628,2024-03-07,NSE:MARICO,504.0,517.75,503.35001,514.59998,1828309.0,1.7699970685255935,-2.4783047251687553
4629,2024-03-11,NSE:MARICO,514.59998,515.0,508.10001,509.20001,1521855.0,-1.049352936236014,1.7699970685255935
4630,2024-03-12,NSE:MARICO,509.20001,510.5,501.0,503.60001,802956.0,-1.0997643146157876,-1.049352936236014
4631,2024-03-13,NSE:MARICO,504.89999,511.70001,494.64999,496.14999,2217193.0,-1.4793526314663883,-1.0997643146157876
4632,2024-03-14,NSE:MARICO,496.14999,509.14999,492.14999,506.04999,2326218.0,1.9953643453666052,-1.4793526314663883
4633,2024-03-15,NSE:MARICO,507.0,509.64999,496.5,500.14999,2751229.0,-1.1658927213890427,1.9953643453666052
4634,2024-03-18,NSE:MARICO,500.14999,502.75,496.0,497.5,1322999.0,-0.5298390588791179,-1.1658927213890427
4635,2024-03-19,NSE:MARICO,496.0,497.45001,486.29999,490.04999,1840899.0,-1.497489447236185,-0.5298390588791179
4636,2024-03-20,NSE:MARICO,490.04999,496.39999,487.29999,492.60001,818930.0,0.5203591576443085,-1.497489447236185
4637,2024-03-21,NSE:MARICO,495.0,501.5,491.54999,500.70001,1472539.0,1.6443361420151053,0.5203591576443085
4638,2024-03-22,NSE:MARICO,501.0,504.0,495.0,497.75,1090354.0,-0.589177140220153,1.6443361420151053
4639,2024-03-26,NSE:MARICO,491.04999,499.70001,491.04999,496.54999,1641519.0,-0.241086891009547,-0.589177140220153
4640,2024-03-27,NSE:MARICO,499.0,499.45001,492.60001,494.79999,765910.0,-0.35243178637462064,-0.241086891009547
4641,2024-03-28,NSE:MARICO,496.39999,499.95001,490.79999,497.20001,1873929.0,0.4850485142491698,-0.35243178637462064
4642,2024-04-01,NSE:MARICO,497.20001,504.89999,494.70001,495.79999,798915.0,-0.2815808471122196,0.4850485142491698
4643,2024-04-02,NSE:MARICO,497.0,499.89999,496.0,499.0,665814.0,0.6454235709040697,-0.2815808471122196
4644,2024-04-03,NSE:MARICO,501.25,501.79999,495.20001,496.04999,753923.0,-0.591184368737479,0.6454235709040697
4645,2024-04-04,NSE:MARICO,499.25,499.25,490.54999,491.5,967522.0,-0.9172442479033172,-0.591184368737479
4646,2024-04-05,NSE:MARICO,494.5,510.85001,493.04999,509.5,3357470.0,3.6622583926754833,-0.9172442479033172
4647,2024-04-08,NSE:MARICO,511.5,521.0,509.89999,519.0,1952580.0,1.8645731108930326,3.6622583926754833
4648,2024-04-09,NSE:MARICO,518.79999,519.75,507.64999,509.54999,609398.0,-1.820811175337191,1.8645731108930326
4649,2024-04-10,NSE:MARICO,513.20001,516.59998,507.14999,515.20001,937271.0,1.1088254559675372,-1.820811175337191
4650,2024-04-12,NSE:MARICO,516.70001,519.29999,512.95001,514.54999,900595.0,-0.12616847581195514,1.1088254559675372
4651,2024-04-15,NSE:MARICO,510.14999,514.0,505.35001,509.25,1163084.0,-1.0300243130895756,-0.12616847581195514
4652,2024-04-16,NSE:MARICO,506.70001,515.45001,502.20001,508.14999,1357134.0,-0.21600589101619982,-1.0300243130895756
4653,2024-04-18,NSE:MARICO,512.79999,515.95001,495.14999,506.39999,3161005.0,-0.3443865068264588,-0.21600589101619982
4654,2024-04-19,NSE:MARICO,503.85001,508.0,502.0,505.29999,1090283.0,-0.21721959354699488,-0.3443865068264588
4655,2024-04-22,NSE:MARICO,515.54999,515.54999,505.25,506.0,3016169.0,0.13853354717066593,-0.21721959354699488
4656,2024-04-23,NSE:MARICO,507.5,513.45001,505.60001,510.14999,860942.0,0.8201561264822139,0.13853354717066593
4657,2024-04-24,NSE:MARICO,510.60001,513.20001,508.0,509.29999,553044.0,-0.16661766473817294,0.8201561264822139
4658,2024-04-25,NSE:MARICO,511.29999,511.29999,503.14999,510.14999,642394.0,0.16689574252691872,-0.16661766473817294
4659,2024-04-26,NSE:MARICO,511.95001,518.70001,510.35001,517.84998,1801225.0,1.5093580615379327,0.16689574252691872
4660,2024-04-29,NSE:MARICO,520.5,524.0,512.79999,515.59998,1650076.0,-0.4344887683494746,1.5093580615379327
4661,2024-04-30,NSE:MARICO,518.0,519.95001,515.59998,518.0,1307750.0,0.4654810110737476,-0.4344887683494746
4662,2024-05-02,NSE:MARICO,517.5,522.79999,513.40002,517.84998,926594.0,-0.02896138996139777,0.4654810110737476
4663,2024-05-03,NSE:MARICO,519.95001,521.45001,510.45001,516.90002,1104998.0,-0.18344308905832518,-0.02896138996139777
4664,2024-05-06,NSE:MARICO,520.90002,534.0,518.25,530.29999,3372308.0,2.5923717317712502,-0.18344308905832518
4665,2024-05-07,NSE:MARICO,562.0,586.0,559.59998,583.5,35041160.0,10.032059400943986,2.5923717317712502
4666,2024-05-08,NSE:MARICO,583.5,598.5,573.5,595.65002,8678579.0,2.0822656383890386,10.032059400943986
4667,2024-05-09,NSE:MARICO,590.20001,593.65002,579.34998,581.34998,6584839.0,-2.4007453235710594,2.0822656383890386
4668,2024-05-10,NSE:MARICO,581.0,588.5,574.20001,587.15002,1775304.0,0.9976847337295998,-2.4007453235710594
4669,2024-05-13,NSE:MARICO,590.84998,605.25,584.40002,594.54999,3806732.0,1.2603201478218358,0.9976847337295998
4670,2024-05-14,NSE:MARICO,593.95001,612.40002,585.75,600.25,4911104.0,0.9587099648256693,1.2603201478218358
4671,2024-05-15,NSE:MARICO,601.79999,603.15002,586.15002,591.59998,1257277.0,-1.44106955435236,0.9587099648256693
4672,2024-05-16,NSE:MARICO,590.70001,601.0,585.04999,591.25,2586189.0,-0.059158217010074884,-1.44106955435236
4673,2024-05-17,NSE:MARICO,591.40002,600.0,582.29999,597.04999,2280419.0,0.9809708245243095,-0.059158217010074884
4674,2024-05-18,NSE:MARICO,597.0,599.90002,591.09998,594.54999,91597.0,-0.41872540689599547,0.9809708245243095
4675,2024-05-21,NSE:MARICO,592.0,597.5,585.0,590.15002,2397255.0,-0.7400504707770561,-0.41872540689599547
4676,2024-05-22,NSE:MARICO,591.0,608.29999,590.20001,602.70001,4604232.0,2.1265762220934907,-0.7400504707770561
4677,2024-05-23,NSE:MARICO,607.15002,613.70001,601.90002,608.15002,3345604.0,0.9042657888789515,2.1265762220934907
4678,2024-05-24,NSE:MARICO,606.59998,606.59998,596.25,604.0,1841955.0,-0.6824007010638659,0.9042657888789515
4679,2024-05-27,NSE:MARICO,612.90002,612.90002,600.59998,602.54999,1748191.0,-0.24006788079470534,-0.6824007010638659
4680,2024-05-28,NSE:MARICO,607.0,615.90002,602.84998,608.09998,3123135.0,0.9210837427779195,-0.24006788079470534
4681,2024-05-29,NSE:MARICO,608.0,615.0,601.75,605.45001,2252674.0,-0.4357786691589662,0.9210837427779195
4682,2024-05-30,NSE:MARICO,601.04999,604.90002,590.65002,597.25,1280510.0,-1.354366151550649,-0.4357786691589662
4683,2024-05-31,NSE:MARICO,597.25,603.5,591.54999,595.54999,4303624.0,-0.2846395981582286,-1.354366151550649
4684,2024-06-03,NSE:MARICO,609.0,609.0,592.0,594.09998,1859030.0,-0.2434741036600505,-0.2846395981582286
4685,2024-06-04,NSE:MARICO,602.0,620.0,588.25,614.54999,9095613.0,3.4421832500314204,-0.2434741036600505
4686,2024-06-05,NSE:MARICO,621.45001,667.20001,618.09998,645.5,13511763.0,5.036207062667111,3.4421832500314204
4687,2024-06-06,NSE:MARICO,646.79999,650.0,626.54999,637.84998,2216040.0,-1.1851309062742124,5.036207062667111
4688,2024-06-07,NSE:MARICO,634.09998,654.95001,634.09998,653.0,2475400.0,2.37516978522129,-1.1851309062742124
4689,2024-06-10,NSE:MARICO,655.0,659.5,646.5,651.65002,1431839.0,-0.20673506891270435,2.37516978522129
4690,2024-06-11,NSE:MARICO,651.0,661.34998,645.45001,647.29999,1434087.0,-0.6675408373347491,-0.20673506891270435
4691,2024-06-12,NSE:MARICO,650.0,650.0,625.79999,629.5,3807297.0,-2.749882631699095,-0.6675408373347491
4692,2024-06-13,NSE:MARICO,634.95001,635.0,605.34998,611.25,13174925.0,-2.8991262907069104,-2.749882631699095
4693,2024-06-14,NSE:MARICO,614.84998,621.95001,610.79999,619.34998,2504833.0,1.325150102249482,-2.8991262907069104
4694,2024-06-18,NSE:MARICO,625.0,625.0,615.70001,623.5,1998831.0,0.6700605689855743,1.325150102249482
4695,2024-06-19,NSE:MARICO,627.0,630.59998,617.75,622.45001,2262576.0,-0.16840256615877783,0.6700605689855743
4696,2024-06-20,NSE:MARICO,625.0,629.5,616.25,628.40002,964116.0,0.9559016634926264,-0.16840256615877783
4697,2024-06-21,NSE:MARICO,628.40002,629.54999,609.0,609.79999,2029376.0,-2.9599028338668827,0.9559016634926264
4698,2024-06-24,NSE:MARICO,610.0,623.95001,607.0,623.04999,1626740.0,2.1728435908960906,-2.9599028338668827
4699,2024-06-25,NSE:MARICO,623.79999,624.90002,613.54999,615.04999,1199541.0,-1.2840061196373664,2.1728435908960906
4700,2024-06-26,NSE:MARICO,614.79999,619.90002,609.09998,613.15002,2712167.0,-0.3089131015187789,-1.2840061196373664
4701,2024-06-27,NSE:MARICO,613.0,620.40002,608.79999,611.65002,2676129.0,-0.2446383350032346,-0.3089131015187789
4702,2024-06-28,NSE:MARICO,613.0,622.65002,610.59998,613.0,1587880.0,0.22071118382371008,-0.2446383350032346
4703,2024-07-01,NSE:MARICO,614.20001,622.90002,614.20001,620.5,2138264.0,1.2234910277324633,0.22071118382371008
4704,2024-07-02,NSE:MARICO,620.5,621.5,601.0,603.15002,2968214.0,-2.7961289282836357,1.2234910277324633
4705,2024-07-03,NSE:MARICO,604.40002,609.15002,601.75,607.5,1426759.0,0.7212102886111086,-2.7961289282836357
4706,2024-07-04,NSE:MARICO,613.59998,613.59998,605.65002,608.04999,2066331.0,0.09053333333333,0.7212102886111086
4707,2024-07-05,NSE:MARICO,609.0,618.70001,606.5,615.34998,6070845.0,1.2005575396851795,0.09053333333333
4708,2024-07-08,NSE:MARICO,632.0,655.79999,629.0,641.29999,7813665.0,4.217113974717286,1.2005575396851795
4709,2024-07-09,NSE:MARICO,639.95001,644.29999,630.54999,637.79999,2729681.0,-0.5457664204859882,4.217113974717286
4710,2024-07-10,NSE:MARICO,638.54999,655.0,632.15002,646.09998,4021275.0,1.301346837587749,-0.5457664204859882
4711,2024-07-11,NSE:MARICO,649.70001,649.70001,638.25,644.79999,2390064.0,-0.20120570194104942,1.301346837587749
4712,2024-07-12,NSE:MARICO,648.25,654.59998,636.0,650.09998,4784826.0,0.8219587596457592,-0.20120570194104942
4713,2024-07-15,NSE:MARICO,658.95001,658.95001,646.70001,652.95001,2052411.0,0.4383987213782195,0.8219587596457592
4714,2024-07-16,NSE:MARICO,654.0,672.90002,652.95001,667.34998,3414923.0,2.20537097472438,0.4383987213782195
4715,2024-07-18,NSE:MARICO,664.25,686.25,664.25,684.84998,6427954.0,2.6223122086554946,2.20537097472438
4716,2024-07-19,NSE:MARICO,686.0,686.20001,666.40002,668.65002,929516.0,-2.3654757206826407,2.6223122086554946
4717,2024-07-22,NSE:MARICO,669.95001,672.15002,663.54999,668.04999,1127244.0,-0.08973752816160248,-2.3654757206826407
4718,2024-07-23,NSE:MARICO,667.0,680.0,659.95001,672.54999,1800272.0,0.6736022853619084,-0.08973752816160248
4719,2024-07-24,NSE:MARICO,671.95001,674.5,649.09998,657.95001,3992281.0,-2.1708393750775254,0.6736022853619084
4720,2024-07-25,NSE:MARICO,657.0,678.90002,653.95001,675.0,2901644.0,2.5913807646267806,-2.1708393750775254
4721,2024-07-26,NSE:MARICO,675.79999,682.0,672.79999,679.75,1132507.0,0.7037037037037037,2.5913807646267806
4722,2024-07-29,NSE:MARICO,679.5,685.0,676.04999,683.04999,1787407.0,0.48547112909157486,0.7037037037037037
4723,2024-07-30,NSE:MARICO,683.04999,691.0,673.09998,681.0,3126859.0,-0.3001229822139343,0.48547112909157486
4724,2024-07-31,NSE:MARICO,681.75,683.90002,670.79999,674.09998,1711988.0,-1.0132187958884054,-0.3001229822139343
4725,2024-08-01,NSE:MARICO,675.65002,681.45001,670.59998,674.90002,1148693.0,0.11868269154971357,-1.0132187958884054
4726,2024-08-02,NSE:MARICO,672.0,677.75,659.59998,662.40002,959145.0,-1.852126186038637,0.11868269154971357
4727,2024-08-05,NSE:MARICO,656.15002,682.0,656.15002,672.15002,10662953.0,1.471920245413036,-1.852126186038637
4728,2024-08-06,NSE:MARICO,672.0,672.0,626.25,628.5,6060478.0,-6.494088923779254,1.471920245413036
4729,2024-08-07,NSE:MARICO,630.5,651.75,628.0,649.04999,2720532.0,3.2696881463802674,-6.494088923779254
4730,2024-08-08,NSE:MARICO,654.0,658.90002,642.75,652.25,2938101.0,0.4930298203995073,3.2696881463802674
4731,2024-08-09,NSE:MARICO,657.0,659.45001,648.34998,653.0,1218872.0,0.11498658489842851,0.4930298203995073
4732,2024-08-12,NSE:MARICO,648.0,651.0,637.70001,644.65002,1318087.0,-1.278710566615614,0.11498658489842851
4733,2024-08-13,NSE:MARICO,647.0,665.75,646.90002,660.54999,4531168.0,2.4664499351136198,-1.278710566615614
4734,2024-08-14,NSE:MARICO,660.79999,665.20001,641.59998,650.25,1714599.0,-1.5593051481236084,2.4664499351136198
4735,2024-08-16,NSE:MARICO,654.79999,663.25,650.59998,661.04999,1290553.0,1.6608981161091858,-1.5593051481236084
4736,2024-08-19,NSE:MARICO,666.20001,673.75,660.79999,669.15002,1453761.0,1.2253279059878754,1.6608981161091858
4737,2024-08-20,NSE:MARICO,669.15002,671.95001,662.34998,668.90002,997284.0,-0.037360829788214006,1.2253279059878754
4738,2024-08-21,NSE:MARICO,670.0,679.95001,667.70001,679.29999,1206265.0,1.5547869171838173,-0.037360829788214006
4739,2024-08-22,NSE:MARICO,679.29999,687.5,677.79999,682.95001,2014766.0,0.53732077929223,1.5547869171838173
4740,2024-08-23,NSE:MARICO,682.95001,688.65002,670.45001,678.20001,1708479.0,-0.6955121063692494,0.53732077929223
4741,2024-08-26,NSE:MARICO,681.0,692.79999,678.79999,688.54999,1839363.0,1.5260955245341208,-0.6955121063692494
4742,2024-08-27,NSE:MARICO,686.5,691.45001,673.0,675.79999,1403508.0,-1.8517174039897961,1.5260955245341208
4743,2024-08-28,NSE:MARICO,675.79999,678.90002,660.0,661.90002,2436997.0,-2.0568171360878447,-1.8517174039897961
4744,2024-08-29,NSE:MARICO,661.90002,666.0,651.45001,660.75,2123160.0,-0.1737452734931237,-2.0568171360878447
4745,2024-08-30,NSE:MARICO,659.04999,664.70001,644.75,647.15002,7817523.0,-2.0582640938327597,-0.1737452734931237
4746,2024-09-02,NSE:MARICO,648.0,655.65002,643.5,650.95001,1586559.0,0.5871884234817731,-2.0582640938327597
4747,2024-09-03,NSE:MARICO,644.95001,653.25,639.45001,640.04999,2470124.0,-1.6744788128968675,0.5871884234817731
4748,2024-09-04,NSE:MARICO,635.0,647.65,633.0,645.6,2925734.0,0.8671213321946999,-1.6744788128968675
4749,2024-09-05,NSE:MARICO,640.09998,647.0,636.90002,643.90002,2658323.0,-0.26331784386616824,0.8671213321946999
4750,2024-09-06,NSE:MARICO,648.0,673.95001,647.95001,665.25,6822379.0,3.315729047500256,-0.26331784386616824
4751,2024-09-09,NSE:MARICO,665.0,678.3,660.5,676.0,4064358.0,1.615933859451334,3.315729047500256
4752,2024-09-10,NSE:MARICO,680.2,684.5,675.3,680.0,1942309.0,0.591715976331361,1.615933859451334
4753,2024-09-11,NSE:MARICO,678.0,690.0,676.3,680.45,3149673.0,0.06617647058824198,0.591715976331361
4754,2024-09-12,NSE:MARICO,683.45,687.9,680.55,686.1,1231420.0,0.8303328679550264,0.06617647058824198
4755,2024-09-13,NSE:MARICO,688.0,690.2,677.75,681.95,1550794.0,-0.6048680950298757,0.8303328679550264
4756,2024-09-16,NSE:MARICO,683.05,697.4,675.55,695.2,1850346.0,1.942957694845663,-0.6048680950298757
4757,2024-09-17,NSE:MARICO,697.7,705.0,689.3,692.0,1738717.0,-0.46029919447641615,1.942957694845663
4758,2024-09-18,NSE:MARICO,693.0,696.3,686.55,695.3,972495.0,0.4768786127167564,-0.46029919447641615
4759,2024-09-19,NSE:MARICO,696.0,702.5,690.15,697.0,1715999.0,0.244498777506119,0.4768786127167564
4760,2024-09-20,NSE:MARICO,700.0,710.5,697.5,709.0,2799627.0,1.721664275466284,0.244498777506119
4761,2024-09-23,NSE:MARICO,709.05,710.0,696.85,702.5,1228223.0,-0.9167842031029618,1.721664275466284
4762,2024-09-24,NSE:MARICO,699.0,709.7,695.65,705.1,1692449.0,0.37010676156583955,-0.9167842031029618
4763,2024-09-25,NSE:MARICO,707.6,707.6,681.55,689.2,1373871.0,-2.254999290880723,0.37010676156583955
4764,2024-09-26,NSE:MARICO,691.0,700.9,683.25,693.6,3431866.0,0.6384213580963403,-2.254999290880723
4765,2024-09-27,NSE:MARICO,695.05,713.5,688.0,692.45,14237170.0,-0.16580161476354918,0.6384213580963403
4766,2024-09-30,NSE:MARICO,680.5,705.0,680.5,695.4,2531313.0,0.4260235396057378,-0.16580161476354918
4767,2024-10-01,NSE:MARICO,694.0,699.45,685.0,693.65,1856288.0,-0.25165372447512224,0.4260235396057378
4768,2024-10-03,NSE:MARICO,694.0,719.85,690.35,699.05,4581037.0,0.7784905932386618,-0.25165372447512224
4769,2024-10-04,NSE:MARICO,699.7,703.95,684.4,690.2,2050300.0,-1.266003862384652,0.7784905932386618
4770,2024-10-07,NSE:MARICO,686.25,694.2,673.8,678.8,1932861.0,-1.6516951608229629,-1.266003862384652
4771,2024-10-08,NSE:MARICO,677.1,699.6,675.35,697.9,2796644.0,2.813789039481441,-1.6516951608229629
4772,2024-10-09,NSE:MARICO,700.0,703.15,692.25,698.2,1272191.0,0.04298610116063451,2.813789039481441
4773,2024-10-10,NSE:MARICO,699.0,704.65,683.35,685.1,500562.0,-1.876253222572332,0.04298610116063451
4774,2024-10-11,NSE:MARICO,685.1,693.45,681.3,685.5,503183.0,0.05838563713326189,-1.876253222572332
4775,2024-10-14,NSE:MARICO,685.5,690.5,674.05,689.35,578035.0,0.5616338439095584,0.05838563713326189
4776,2024-10-15,NSE:MARICO,688.0,692.5,680.75,685.7,1634535.0,-0.5294842968013312,0.5616338439095584
4777,2024-10-16,NSE:MARICO,688.8,688.8,677.1,679.55,3308928.0,-0.8968936852851233,-0.5294842968013312
4778,2024-10-17,NSE:MARICO,681.0,681.0,661.15,666.1,1803690.0,-1.9792509749098568,-0.8968936852851233
4779,2024-10-18,NSE:MARICO,665.0,673.8,654.6,669.3,2268280.0,0.4804083470950205,-1.9792509749098568
4780,2024-10-21,NSE:MARICO,665.1,670.1,658.1,661.95,1528718.0,-1.0981622590766338,0.4804083470950205
4781,2024-10-22,NSE:MARICO,662.0,667.35,655.05,657.0,1235282.0,-0.7477906186267913,-1.0981622590766338
4782,2024-10-23,NSE:MARICO,659.0,665.0,648.65,656.6,1273237.0,-0.06088280060882454,-0.7477906186267913
4783,2024-10-24,NSE:MARICO,657.5,661.1,631.2,634.25,1911649.0,-3.4038988729820323,-0.06088280060882454
4784,2024-10-25,NSE:MARICO,635.0,645.5,631.05,640.1,1594085.0,0.9223492313756441,-3.4038988729820323
4785,2024-10-28,NSE:MARICO,640.1,642.0,616.85,634.0,3375207.0,-0.9529760974847714,0.9223492313756441
4786,2024-10-29,NSE:MARICO,634.0,638.1,624.0,629.15,1207825.0,-0.7649842271293411,-0.9529760974847714
4787,2024-10-30,NSE:MARICO,668.0,687.0,647.05,651.15,13797789.0,3.4967813716919656,-0.7649842271293411
4788,2024-10-31,NSE:MARICO,649.9,649.9,632.85,640.0,2765889.0,-1.7123550641173275,3.4967813716919656
4789,2024-11-01,NSE:MARICO,643.8,650.95,642.0,645.95,224128.0,0.9296875000000071,-1.7123550641173275
4790,2024-11-04,NSE:MARICO,642.6,644.45,624.8,634.95,1501436.0,-1.7029181825218669,0.9296875000000071
4791,2024-11-05,NSE:MARICO,634.1,636.65,627.95,634.0,2574988.0,-0.14961808016379957,-1.7029181825218669
4792,2024-11-06,NSE:MARICO,631.4,650.0,631.4,648.7,814595.0,2.318611987381711,-0.14961808016379957
4793,2024-11-07,NSE:MARICO,648.4,648.4,630.2,631.65,1004635.0,-2.6283335902574483,2.318611987381711
4794,2024-11-08,NSE:MARICO,633.0,636.85,627.4,629.85,457247.0,-0.2849679411066183,-2.6283335902574483
4795,2024-11-11,NSE:MARICO,625.0,628.3,613.45,617.1,1270012.0,-2.0242914979757085,-0.2849679411066183
4796,2024-11-12,NSE:MARICO,618.9,618.9,594.1,595.55,5562123.0,-3.49214065791607,-2.0242914979757085
4797,2024-11-13,NSE:MARICO,594.5,603.15,589.05,597.2,4858275.0,0.27705482327262043,-3.49214065791607
4798,2024-11-14,NSE:MARICO,600.4,600.95,591.6,592.25,855697.0,-0.8288680509042273,0.27705482327262043
4799,2024-11-18,NSE:MARICO,592.25,596.45,579.6,595.15,2092848.0,0.4896580835795656,-0.8288680509042273
4800,2024-11-19,NSE:MARICO,597.4,599.85,590.0,590.95,861557.0,-0.7057044442577387,0.4896580835795656
4801,2024-11-21,NSE:MARICO,589.0,592.0,584.2,591.05,918041.0,0.016921905406533384,-0.7057044442577387
4802,2024-11-22,NSE:MARICO,590.0,601.65,585.0,599.15,730158.0,1.3704424329582985,0.016921905406533384
4803,2024-11-25,NSE:MARICO,604.15,613.85,598.8,607.8,7697180.0,1.4437119252274018,1.3704424329582985
4804,2024-11-26,NSE:MARICO,612.45,633.0,608.05,628.35,3737523.0,3.3810463968410773,1.4437119252274018
4805,2024-11-27,NSE:MARICO,624.35,653.7,622.35,649.9,4938340.0,3.4296172515317824,3.3810463968410773
4806,2024-11-28,NSE:MARICO,649.9,664.1,642.8,644.85,5907307.0,-0.7770426219418303,3.4296172515317824
4807,2024-11-29,NSE:MARICO,635.0,651.3,630.7,644.95,2575758.0,0.01550748236024234,-0.7770426219418303
4808,2024-12-02,NSE:MARICO,637.1,649.15,637.0,646.55,2030938.0,0.2480812466082501,0.01550748236024234
4809,2024-12-03,NSE:MARICO,646.5,646.5,637.0,641.7,1018771.0,-0.7501353336942091,0.2480812466082501
4810,2024-12-04,NSE:MARICO,641.8,643.15,627.05,631.6,1433224.0,-1.5739442106903572,-0.7501353336942091
4811,2024-12-05,NSE:MARICO,631.05,635.0,627.2,633.25,939448.0,0.26124129195693113,-1.5739442106903572
4812,2024-12-06,NSE:MARICO,633.3,639.4,631.0,633.65,942056.0,0.06316620607974374,0.26124129195693113
4813,2024-12-09,NSE:MARICO,621.1,628.35,600.55,607.75,4029912.0,-4.08742996922591,0.06316620607974374
4814,2024-12-10,NSE:MARICO,607.5,617.0,606.0,613.9,1718121.0,1.0119292472233612,-4.08742996922591
4815,2024-12-11,NSE:MARICO,614.4,634.3,614.0,632.9,2423839.0,3.094966606939241,1.0119292472233612
4816,2024-12-12,NSE:MARICO,632.9,648.6,630.95,635.9,3551037.0,0.4740085321535788,3.094966606939241
4817,2024-12-13,NSE:MARICO,630.0,642.55,629.45,639.8,1877660.0,0.6133039786129859,0.4740085321535788
4818,2024-12-16,NSE:MARICO,639.65,647.15,633.5,645.1,2951376.0,0.828383869959373,0.6133039786129859
4819,2024-12-17,NSE:MARICO,645.15,648.0,629.15,633.45,2068434.0,-1.8059215625484386,0.828383869959373
4820,2024-12-18,NSE:MARICO,630.75,644.5,629.05,640.85,1481711.0,1.168205856815846,-1.8059215625484386
4821,2024-12-19,NSE:MARICO,640.8,644.0,629.5,640.95,1353612.0,0.01560427557151014,1.168205856815846
4822,2024-12-20,NSE:MARICO,641.85,647.5,626.0,627.95,1756903.0,-2.0282393322412045,0.01560427557151014
4823,2024-12-23,NSE:MARICO,625.15,638.0,620.2,636.55,1262775.0,1.369535791066153,-2.0282393322412045
4824,2024-12-24,NSE:MARICO,636.9,645.7,621.8,633.35,1573431.0,-0.50270992066608,1.369535791066153
4825,2024-12-26,NSE:MARICO,628.95,634.25,625.55,632.6,667331.0,-0.11841793637009553,-0.50270992066608
4826,2024-12-27,NSE:MARICO,632.0,635.1,628.75,632.6,690259.0,0.0,-0.11841793637009553
4827,2024-12-30,NSE:MARICO,632.6,644.9,628.2,642.2,1421436.0,1.5175466329434117,0.0
4828,2024-12-31,NSE:MARICO,641.15,642.1,634.25,639.5,1228183.0,-0.42042977265650033,1.5175466329434117
4829,2025-01-01,NSE:MARICO,636.0,648.2,634.05,644.0,1612824.0,0.7036747458952306,-0.42042977265650033
4830,2025-01-02,NSE:MARICO,635.3,656.0,635.3,653.35,1609622.0,1.4518633540372705,0.7036747458952306
4831,2025-01-03,NSE:MARICO,657.0,663.65,647.65,660.95,1752004.0,1.1632356317440915,1.4518633540372705
4832,2025-01-06,NSE:MARICO,667.0,675.05,633.15,648.35,2833965.0,-1.9063469248808567,1.1632356317440915
4833,2025-01-07,NSE:MARICO,645.3,654.75,638.65,643.6,1687921.0,-0.7326289812601218,-1.9063469248808567
4834,2025-01-08,NSE:MARICO,638.1,640.35,623.25,638.4,1621163.0,-0.8079552517091431,-0.7326289812601218
4835,2025-01-09,NSE:MARICO,639.0,668.95,635.85,666.9,2573131.0,4.464285714285714,-0.8079552517091431
4836,2025-01-10,NSE:MARICO,669.0,679.6,664.7,673.9,3578086.0,1.049632628579997,4.464285714285714
4837,2025-01-13,NSE:MARICO,671.0,675.25,663.35,668.4,3161422.0,-0.816144828609586,1.049632628579997
4838,2025-01-14,NSE:MARICO,665.0,669.4,654.75,661.1,1619502.0,-1.0921603830041824,-0.816144828609586
4839,2025-01-15,NSE:MARICO,664.9,664.9,650.75,659.75,947122.0,-0.20420511269097302,-1.0921603830041824
4840,2025-01-16,NSE:MARICO,660.95,662.8,648.35,652.6,739133.0,-1.0837438423645285,-0.20420511269097302
4841,2025-01-17,NSE:MARICO,650.0,667.9,645.4,664.4,2338569.0,1.8081520073551878,-1.0837438423645285
4842,2025-01-20,NSE:MARICO,667.45,667.45,655.35,657.45,456518.0,-1.0460565924141982,1.8081520073551878
4843,2025-01-21,NSE:MARICO,662.1,668.3,657.15,666.4,2291644.0,1.3613202524906731,-1.0460565924141982
4844,2025-01-22,NSE:MARICO,668.0,670.0,660.85,665.35,2086320.0,-0.1575630252100772,1.3613202524906731
4845,2025-01-23,NSE:MARICO,664.95,674.35,656.5,667.9,593272.0,0.3832569324415652,-0.1575630252100772
4846,2025-01-24,NSE:MARICO,669.35,672.55,663.4,666.2,529334.0,-0.25452912112590687,0.3832569324415652
4847,2025-01-27,NSE:MARICO,661.05,667.0,654.25,656.65,467561.0,-1.4335034524167019,-0.25452912112590687
4848,2025-01-28,NSE:MARICO,656.65,668.1,654.3,663.95,1500950.0,1.111703342724445,-1.4335034524167019
4849,2025-01-29,NSE:MARICO,666.0,683.6,664.35,671.85,2457335.0,1.1898486331802058,1.111703342724445
4850,2025-01-30,NSE:MARICO,674.55,680.0,668.1,672.15,911550.0,0.04465282429112965,1.1898486331802058
4851,2025-01-31,NSE:MARICO,677.0,686.55,655.05,670.65,3690369.0,-0.22316447221602323,0.04465282429112965
4852,2025-02-01,NSE:MARICO,670.65,736.9,666.05,694.2,4446114.0,3.5115186759114394,-0.22316447221602323
4853,2025-02-03,NSE:MARICO,688.4,690.05,661.85,673.35,2367737.0,-3.003457216940366,3.5115186759114394
4854,2025-02-04,NSE:MARICO,672.95,679.75,665.1,677.05,1492015.0,0.5494913492240189,-3.003457216940366
4855,2025-02-05,NSE:MARICO,675.55,676.0,662.4,668.75,1988584.0,-1.225906506166451,0.5494913492240189
4856,2025-02-06,NSE:MARICO,669.4,676.7,657.75,661.55,1253699.0,-1.0766355140186983,-1.225906506166451
4857,2025-02-07,NSE:MARICO,661.2,663.95,644.95,649.25,837069.0,-1.8592698964552876,-1.0766355140186983
4858,2025-02-10,NSE:MARICO,648.45,652.0,635.6,644.1,2613543.0,-0.7932229495571779,-1.8592698964552876
4859,2025-02-11,NSE:MARICO,640.2,650.35,626.55,634.7,998016.0,-1.459400714174814,-0.7932229495571779
4860,2025-02-12,NSE:MARICO,630.7,638.3,620.3,632.15,1073537.0,-0.4017646132030988,-1.459400714174814
4861,2025-02-13,NSE:MARICO,630.0,643.35,630.0,634.5,1144554.0,0.3717472118959144,-0.4017646132030988
4862,2025-02-14,NSE:MARICO,635.05,638.25,629.5,633.75,1821215.0,-0.1182033096926714,0.3717472118959144
4863,2025-02-17,NSE:MARICO,625.5,632.15,613.6,624.75,1571043.0,-1.4201183431952662,-0.1182033096926714
4864,2025-02-18,NSE:MARICO,620.25,628.05,619.7,626.15,712638.0,0.22408963585433808,-1.4201183431952662
4865,2025-02-19,NSE:MARICO,626.15,639.55,620.25,634.95,1023390.0,1.4054140381697786,0.22408963585433808
4866,2025-02-20,NSE:MARICO,633.45,643.4,630.0,641.6,891876.0,1.0473265611465432,1.4054140381697786
4867,2025-02-21,NSE:MARICO,642.0,644.65,615.2,624.8,1976242.0,-2.6184538653366687,1.0473265611465432
4868,2025-02-24,NSE:MARICO,611.0,625.85,611.0,621.25,1542899.0,-0.5681818181818109,-2.6184538653366687
4869,2025-02-25,NSE:MARICO,616.25,623.75,615.85,621.8,1225342.0,0.0885311871227291,-0.5681818181818109
4870,2025-02-27,NSE:MARICO,610.0,625.25,609.95,623.3,1440672.0,0.24123512383403023,0.0885311871227291
4871,2025-02-28,NSE:MARICO,620.8,624.55,598.05,600.6,2680280.0,-3.6419059842772232,0.24123512383403023
4872,2025-03-03,NSE:MARICO,596.8,599.65,589.5,594.15,1783194.0,-1.0739260739260814,-3.6419059842772232
4873,2025-03-04,NSE:MARICO,585.0,590.6,577.85,587.75,4370725.0,-1.0771690650509094,-1.0739260739260814
4874,2025-03-05,NSE:MARICO,584.8,594.2,581.95,589.15,3256655.0,0.2381965121224972,-1.0771690650509094
4875,2025-03-06,NSE:MARICO,596.75,611.5,594.0,607.7,2103830.0,3.1486039209030077,0.2381965121224972
4876,2025-03-07,NSE:MARICO,607.7,613.35,604.95,609.65,1327590.0,0.32088201415170836,3.1486039209030077
4877,2025-03-10,NSE:MARICO,609.95,615.0,605.25,607.3,1188893.0,-0.3854670712704048,0.32088201415170836
4878,2025-03-11,NSE:MARICO,605.85,606.4,592.7,602.9,2227722.0,-0.7245183599538906,-0.3854670712704048
4879,2025-03-12,NSE:MARICO,603.1,607.6,597.95,600.35,3676916.0,-0.42295571404875676,-0.7245183599538906
4880,2025-03-13,NSE:MARICO,603.45,613.0,598.75,606.3,689569.0,0.9910885316898361,-0.42295571404875676
4881,2025-03-17,NSE:MARICO,601.0,609.6,601.0,607.55,820003.0,0.20616856341745013,0.9910885316898361
4882,2025-03-18,NSE:MARICO,611.9,622.2,610.0,621.35,605785.0,2.2714179902888763,0.20616856341745013
4883,2025-03-19,NSE:MARICO,618.45,622.75,615.25,619.1,1640160.0,-0.3621147501408224,2.2714179902888763
4884,2025-03-20,NSE:MARICO,623.6,633.85,615.5,632.35,1000000.0,2.1402035212405104,-0.3621147501408224
4885,2025-03-21,NSE:MARICO,634.5,634.55,627.5,630.8,1549109.0,-0.24511741915079752,2.1402035212405104
4886,2025-03-24,NSE:MARICO,635.2,636.0,629.85,632.9,697650.0,0.332910589727334,-0.24511741915079752
4887,2025-03-25,NSE:MARICO,634.6,638.95,622.2,624.8,1419249.0,-1.2798230368146664,0.332910589727334
4888,2025-03-26,NSE:MARICO,629.0,642.9,627.1,639.75,1901786.0,2.3927656850192136,-1.2798230368146664
4889,2025-03-27,NSE:MARICO,642.0,651.5,635.7,649.05,1497543.0,1.4536928487690433,2.3927656850192136
4890,2025-03-28,NSE:MARICO,649.05,661.0,649.0,651.65,1075086.0,0.4005854710731104,1.4536928487690433
4891,2025-04-01,NSE:MARICO,641.0,660.5,641.0,647.55,1203066.0,-0.6291721015882794,0.4005854710731104
4892,2025-04-02,NSE:MARICO,650.5,659.9,643.8,656.45,2202713.0,1.3744112423751202,-0.6291721015882794
4893,2025-04-03,NSE:MARICO,655.0,662.5,645.1,660.95,2210443.0,0.6855053697920633,1.3744112423751202
4894,2025-04-04,NSE:MARICO,658.9,682.0,653.95,677.3,4041611.0,2.473712081095379,0.6855053697920633
4895,2025-04-07,NSE:MARICO,650.0,678.0,647.55,662.65,2540552.0,-2.1630001476450578,2.473712081095379
4896,2025-04-08,NSE:MARICO,668.0,680.0,660.95,678.1,3307994.0,2.331547574134165,-2.1630001476450578
4897,2025-04-09,NSE:MARICO,677.05,698.4,675.5,693.45,3695669.0,2.26367792361009,2.331547574134165
4898,2025-04-11,NSE:MARICO,693.45,714.65,687.75,709.95,5205941.0,2.379407311269738,2.26367792361009
4899,2025-04-15,NSE:MARICO,716.0,720.0,701.4,711.85,4917060.0,0.26762448059722194,2.379407311269738
4900,2025-04-16,NSE:MARICO,711.1,724.55,709.1,720.45,2898568.0,1.2081196881365488,0.26762448059722194
4901,2025-04-17,NSE:MARICO,718.0,726.3,713.05,714.8,2584756.0,-0.784232077174001,1.2081196881365488
4902,2025-04-21,NSE:MARICO,714.8,714.8,694.1,695.15,2702126.0,-2.7490207050923305,-0.784232077174001
4903,2025-04-22,NSE:MARICO,698.9,716.4,694.1,709.15,2138487.0,2.0139538229159175,-2.7490207050923305
4904,2025-04-23,NSE:MARICO,710.95,719.4,707.1,716.55,2282463.0,1.0435027850243217,2.0139538229159175
4905,2025-04-24,NSE:MARICO,716.8,722.8,705.45,712.75,2663875.0,-0.5303188891214785,1.0435027850243217
4906,2025-04-25,NSE:MARICO,717.3,722.3,706.2,710.4,1566764.0,-0.32970887407927363,-0.5303188891214785
4907,2025-04-28,NSE:MARICO,707.7,722.25,705.6,715.45,2393391.0,0.7108671171171268,-0.32970887407927363
4908,2025-04-29,NSE:MARICO,715.45,723.95,709.95,711.35,1846949.0,-0.5730659025787996,0.7108671171171268
4909,2025-04-30,NSE:MARICO,710.85,722.8,706.55,710.45,2215886.0,-0.1265199971884413,-0.5730659025787996
4910,2025-05-02,NSE:MARICO,708.05,713.0,696.0,697.75,1352659.0,-1.7875994088253986,-0.1265199971884413
4911,2025-05-05,NSE:MARICO,709.8,735.85,709.75,722.65,8525971.0,3.568613400214973,-1.7875994088253986
4912,2025-05-06,NSE:MARICO,722.65,727.7,713.55,720.1,2063870.0,-0.35286791669548945,3.568613400214973
4913,2025-05-07,NSE:MARICO,707.0,737.5,707.0,736.35,3995818.0,2.2566310234689624,-0.35286791669548945
4914,2025-05-08,NSE:MARICO,740.0,740.2,716.6,719.55,3195214.0,-2.2815237319209705,2.2566310234689624
4915,2025-05-09,NSE:MARICO,712.0,725.0,712.0,723.3,2511756.0,0.5211590577444236,-2.2815237319209705
4916,2025-05-12,NSE:MARICO,734.95,739.0,726.9,738.1,1515956.0,2.04617724319094,0.5211590577444236
4917,2025-05-13,NSE:MARICO,738.0,738.0,725.1,727.6,2720588.0,-1.4225714672808563,2.04617724319094
4918,2025-05-14,NSE:MARICO,723.95,732.8,720.8,722.55,2751553.0,-0.6940626717977004,-1.4225714672808563
4919,2025-05-15,NSE:MARICO,726.8,731.0,716.7,720.6,4308349.0,-0.26987751712683306,-0.6940626717977004
4920,2025-05-16,NSE:MARICO,721.0,729.9,716.1,724.4,1909055.0,0.5273383291701297,-0.26987751712683306
4921,2025-05-19,NSE:MARICO,724.4,726.8,713.55,716.6,1434238.0,-1.0767531750414072,0.5273383291701297
4922,2025-05-20,NSE:MARICO,721.8,722.75,702.3,704.05,2493313.0,-1.7513257047167274,-1.0767531750414072
4923,2025-05-21,NSE:MARICO,705.25,718.3,705.25,709.65,2944314.0,0.795398054115478,-1.7513257047167274
4924,2025-05-22,NSE:MARICO,709.8,712.0,695.1,698.25,2352847.0,-1.6064257028112416,0.795398054115478
4925,2025-05-23,NSE:MARICO,698.25,709.25,696.75,700.85,1724941.0,0.37235947010383424,-1.6064257028112416
4926,2025-05-26,NSE:MARICO,704.0,712.5,702.35,711.35,1994607.0,1.4981807804808447,0.37235947010383424
4927,2025-05-27,NSE:MARICO,712.45,717.0,702.75,715.65,1267453.0,0.6044844310114507,1.4981807804808447
4928,2025-05-28,NSE:MARICO,718.1,725.0,713.7,719.3,2271957.0,0.5100258506253025,0.6044844310114507
4929,2025-05-29,NSE:MARICO,723.9,726.0,712.3,723.45,2316776.0,0.5769498123175436,0.5100258506253025
4930,2025-05-30,NSE:MARICO,719.4,727.9,711.9,716.45,3894257.0,-0.9675858732462507,0.5769498123175436
4931,2025-06-02,NSE:MARICO,715.05,718.8,700.8,704.35,1630797.0,-1.68888268546305,-0.9675858732462507
4932,2025-06-03,NSE:MARICO,708.8,708.8,699.45,703.6,1738779.0,-0.10648115283594804,-1.68888268546305
4933,2025-06-04,NSE:MARICO,704.5,708.45,699.8,703.05,1944866.0,-0.07816941444003243,-0.10648115283594804
4934,2025-06-05,NSE:MARICO,707.05,707.05,699.65,703.15,1319022.0,0.01422373942109704,-0.07816941444003243
4935,2025-06-06,NSE:MARICO,705.0,705.75,697.0,698.65,1105116.0,-0.6399772452535022,0.01422373942109704
4936,2025-06-09,NSE:MARICO,700.45,705.9,695.1,704.35,904800.0,0.8158591569455445,-0.6399772452535022
4937,2025-06-10,NSE:MARICO,707.4,708.75,696.4,698.65,1533185.0,-0.8092567615532115,0.8158591569455445
4938,2025-06-11,NSE:MARICO,699.0,707.4,697.4,700.25,3560937.0,0.22901309668647002,-0.8092567615532115
4939,2025-06-12,NSE:MARICO,703.8,705.0,690.6,692.45,1686574.0,-1.1138878971795723,0.22901309668647002
4940,2025-06-13,NSE:MARICO,684.8,693.55,681.85,691.2,1359160.0,-0.1805184489854863,-1.1138878971795723
4941,2025-06-16,NSE:MARICO,685.6,692.25,680.3,690.8,1894563.0,-0.05787037037038353,-0.1805184489854863
4942,2025-06-17,NSE:MARICO,692.0,696.4,684.2,686.85,2159490.0,-0.571800810654304,-0.05787037037038353
4943,2025-06-18,NSE:MARICO,686.85,694.6,686.25,689.7,1810324.0,0.4149377593361029,-0.571800810654304
4944,2025-06-19,NSE:MARICO,694.0,695.5,687.4,690.6,973270.0,0.13049151805132336,0.4149377593361029
4945,2025-06-20,NSE:MARICO,690.6,696.8,687.0,693.3,2558526.0,0.3909643788010327,0.13049151805132336
4946,2025-06-23,NSE:MARICO,691.0,699.0,687.55,693.9,1200845.0,0.0865426222414572,0.3909643788010327
4947,2025-06-24,NSE:MARICO,699.15,705.7,695.0,703.5,1250576.0,1.3834846519671455,0.0865426222414572
4948,2025-06-25,NSE:MARICO,708.9,712.0,703.6,704.9,3216401.0,0.1990049751243749,1.3834846519671455
4949,2025-06-26,NSE:MARICO,705.8,727.9,705.8,726.25,3673197.0,3.0287984111221484,0.1990049751243749
4950,2025-06-27,NSE:MARICO,728.0,735.7,724.45,731.65,4329253.0,0.7435456110154874,3.0287984111221484
4951,2025-06-30,NSE:MARICO,729.45,730.95,718.0,722.35,1618205.0,-1.2710995694662686,0.7435456110154874
4952,2025-07-01,NSE:MARICO,723.95,729.0,710.5,717.3,1202600.0,-0.6991070810548997,-1.2710995694662686
4953,2025-07-02,NSE:MARICO,717.05,719.1,705.35,712.4,2521750.0,-0.6831172452251467,-0.6991070810548997
4954,2025-07-03,NSE:MARICO,713.2,717.75,707.15,713.35,2125636.0,0.13335204941044995,-0.6831172452251467
4955,2025-07-04,NSE:MARICO,735.0,744.45,725.2,728.6,6030354.0,2.13780051867947,0.13335204941044995
4956,2025-07-07,NSE:MARICO,728.95,739.0,727.3,729.35,2641977.0,0.10293713972001096,2.13780051867947
4957,2025-07-08,NSE:MARICO,730.0,734.4,725.85,727.95,1764146.0,-0.19195173784876632,0.10293713972001096
4958,2025-07-09,NSE:MARICO,730.3,732.2,721.05,730.35,2447741.0,0.3296929734185009,-0.19195173784876632
4959,2025-07-10,NSE:MARICO,735.0,735.0,725.3,726.95,1174052.0,-0.46553022523447346,0.3296929734185009
4960,2025-07-11,NSE:MARICO,728.2,735.0,722.55,725.65,1263356.0,-0.17882935552652426,-0.46553022523447346
4961,2025-07-14,NSE:MARICO,730.7,731.85,722.6,728.0,1403107.0,0.3238475849238645,-0.17882935552652426
4962,2025-07-15,NSE:MARICO,727.9,742.2,726.25,740.2,1267255.0,1.675824175824182,0.3238475849238645
4963,2025-07-16,NSE:MARICO,745.0,745.0,729.35,731.65,1250246.0,-1.155093218049185,1.675824175824182
4964,2025-07-17,NSE:MARICO,732.9,738.4,731.95,733.3,1114793.0,0.22551766555046504,-1.155093218049185
4965,2025-07-18,NSE:MARICO,733.3,734.1,719.1,720.2,554526.0,-1.7864448384017333,0.22551766555046504
4966,2025-07-21,NSE:MARICO,720.2,726.5,712.8,717.7,2355411.0,-0.34712579838933627,-1.7864448384017333
4967,2025-07-22,NSE:MARICO,720.0,724.55,714.95,716.35,1717457.0,-0.18810087780409956,-0.34712579838933627
4968,2025-07-23,NSE:MARICO,718.9,722.1,711.7,720.6,1226308.0,0.5932854051790326,-0.18810087780409956
4969,2025-07-24,NSE:MARICO,720.0,723.8,701.0,706.9,888831.0,-1.9011934499028649,0.5932854051790326
4970,2025-07-25,NSE:MARICO,705.65,707.05,691.5,693.95,937078.0,-1.831942283208365,-1.9011934499028649
4971,2025-07-28,NSE:MARICO,694.3,709.8,690.2,698.4,1956621.0,0.6412565746811631,-1.831942283208365
4972,2025-07-29,NSE:MARICO,696.0,701.3,691.5,698.2,2285806.0,-0.028636884306977632,0.6412565746811631
4973,2025-07-30,NSE:MARICO,698.15,705.65,696.15,703.05,2091790.0,0.6946433686622613,-0.028636884306977632
4974,2025-07-31,NSE:MARICO,700.0,714.35,699.0,709.8,2682787.0,0.960102410923832,0.6946433686622613
4975,2025-08-01,NSE:MARICO,707.1,724.95,707.1,711.2,2791635.0,0.19723865877713317,0.960102410923832
4976,2025-08-04,NSE:MARICO,712.95,733.9,707.1,723.3,4451592.0,1.7013498312710782,0.19723865877713317
4977,2025-08-05,NSE:MARICO,730.05,734.85,707.4,716.05,3632435.0,-1.002350338725287,1.7013498312710782
4978,2025-08-06,NSE:MARICO,720.0,724.1,709.3,714.65,2396780.0,-0.1955170728301065,-1.002350338725287
4979,2025-08-07,NSE:MARICO,712.15,719.9,707.25,718.55,977299.0,0.5457216819422063,-0.1955170728301065
4980,2025-08-08,NSE:MARICO,718.95,719.25,702.7,703.95,1321300.0,-2.0318697376661206,0.5457216819422063
4981,2025-08-11,NSE:MARICO,705.8,710.15,695.2,707.0,1145468.0,0.43326940833865396,-2.0318697376661206
4982,2025-08-12,NSE:MARICO,707.7,712.5,702.85,704.1,867153.0,-0.4101838755304069,0.43326940833865396
4983,2025-08-13,NSE:MARICO,705.05,711.0,699.25,710.2,1291837.0,0.8663542110495701,-0.4101838755304069
4984,2025-08-14,NSE:MARICO,710.2,713.2,704.9,710.55,1469217.0,0.0492818924246563,0.8663542110495701
4985,2025-08-18,NSE:MARICO,725.05,728.7,714.3,720.4,1946107.0,1.3862500879600341,0.0492818924246563
4986,2025-08-19,NSE:MARICO,720.55,730.0,712.05,727.95,955973.0,1.048028872848427,1.3862500879600341
4987,2025-08-20,NSE:MARICO,727.85,753.4,717.45,751.85,2543319.0,3.2831925269592657,1.048028872848427
4988,2025-08-21,NSE:MARICO,759.0,759.0,737.45,739.65,3103085.0,-1.6226640952317677,3.2831925269592657
4989,2025-08-22,NSE:MARICO,741.65,742.1,724.65,730.7,1579250.0,-1.2100317717839426,-1.6226640952317677
4990,2025-08-25,NSE:MARICO,732.75,734.3,720.4,722.4,1747160.0,-1.135897084987008,-1.2100317717839426
4991,2025-08-26,NSE:MARICO,720.0,726.6,715.2,717.75,5014160.0,-0.6436877076411929,-1.135897084987008
4992,2025-08-28,NSE:MARICO,726.0,726.0,708.7,711.6,1888463.0,-0.8568443051201641,-0.6436877076411929
4993,2025-08-29,NSE:MARICO,710.0,727.0,709.3,725.85,2136019.0,2.0025295109612142,-0.8568443051201641
4994,2025-09-01,NSE:MARICO,726.4,732.9,725.45,731.4,1044767.0,0.7646207894192952,2.0025295109612142
4995,2025-09-02,NSE:MARICO,731.6,746.2,731.5,741.9,2961872.0,1.435602953240361,0.7646207894192952
4996,2025-09-03,NSE:MARICO,742.0,742.95,732.05,734.75,1252252.0,-0.9637417441703704,1.435602953240361
4997,2025-09-04,NSE:MARICO,754.75,754.75,734.8,738.6,2251956.0,0.5239877509356955,-0.9637417441703704
4998,2025-09-05,NSE:MARICO,740.0,740.45,726.0,731.7,1035892.0,-0.9341998375304599,0.5239877509356955
4999,2025-09-08,NSE:MARICO,730.8,736.0,728.7,730.6,455182.0,-0.15033483668170325,-0.9341998375304599
5000,2025-09-09,NSE:MARICO,731.2,734.85,724.45,732.5,1455793.0,0.2600602244730328,-0.15033483668170325
5001,2025-09-10,NSE:MARICO,734.0,737.7,728.9,734.55,2564874.0,0.2798634812286627,0.2600602244730328
5002,2025-09-11,NSE:MARICO,736.45,738.9,729.9,734.1,1297516.0,-0.06126199714109752,0.2798634812286627
5003,2025-09-12,NSE:MARICO,738.95,738.95,731.7,734.55,1040773.0,0.06129955046995393,-0.06126199714109752
5004,2025-09-15,NSE:MARICO,734.05,735.95,724.05,727.5,2023144.0,-0.9597712885440004,0.06129955046995393
5005,2025-09-16,NSE:MARICO,729.95,731.75,719.55,723.9,1685896.0,-0.49484536082474545,-0.9597712885440004
5006,2025-09-17,NSE:MARICO,730.0,730.0,709.95,711.9,5946154.0,-1.6576875259013677,-0.49484536082474545
5007,2025-09-18,NSE:MARICO,713.8,724.1,713.4,719.75,1972919.0,1.102682961090044,-1.6576875259013677
5008,2025-09-19,NSE:MARICO,721.0,723.9,716.0,720.15,3589676.0,0.05557485237929521,1.102682961090044
5009,2025-09-22,NSE:MARICO,720.15,729.15,714.4,716.85,1425905.0,-0.4582378671110122,0.05557485237929521
5010,2025-09-23,NSE:MARICO,720.4,721.5,704.5,706.0,1832965.0,-1.5135662969937953,-0.4582378671110122
5011,2025-09-24,NSE:MARICO,709.0,713.75,700.05,707.55,2131661.0,0.21954674220962528,-1.5135662969937953
5012,2025-09-25,NSE:MARICO,710.4,711.35,702.1,703.6,1751179.0,-0.5582644336089226,0.21954674220962528
5013,2025-09-26,NSE:MARICO,703.6,704.75,695.65,698.35,2170529.0,-0.7461625923820352,-0.5582644336089226
5014,2025-09-29,NSE:MARICO,695.1,703.0,690.3,698.7,2398826.0,0.050118135605358737,-0.7461625923820352
5015,2025-09-30,NSE:MARICO,698.7,702.15,693.5,697.4,1891260.0,-0.18605982539001978,0.050118135605358737
5016,2025-10-01,NSE:MARICO,697.0,704.6,691.3,701.75,2015531.0,0.6237453398336712,-0.18605982539001978
5017,2025-10-03,NSE:MARICO,700.0,712.75,697.6,710.95,1495780.0,1.3110081938012177,0.6237453398336712
5018,2025-10-06,NSE:MARICO,715.0,716.75,703.95,715.55,1988455.0,0.6470215908291594,1.3110081938012177
5019,2025-10-07,NSE:MARICO,715.95,721.95,711.25,714.95,1864614.0,-0.08385158269861073,0.6470215908291594
5020,2025-10-08,NSE:MARICO,710.0,713.95,707.0,710.8,1546833.0,-0.5804601720400154,-0.08385158269861073
5021,2025-10-09,NSE:MARICO,706.5,717.85,704.35,715.85,1809553.0,0.7104670793472241,-0.5804601720400154
5022,2025-10-10,NSE:MARICO,717.5,719.55,712.5,714.3,1412130.0,-0.21652580847943956,0.7104670793472241
5023,2025-10-13,NSE:MARICO,709.9,716.9,708.45,713.35,1598740.0,-0.13299734005318942,-0.21652580847943956
5024,2025-10-14,NSE:MARICO,713.35,717.45,707.0,708.2,632893.0,-0.7219457489310965,-0.13299734005318942
5025,2025-10-15,NSE:MARICO,708.25,713.0,705.2,710.2,2960078.0,0.28240609997175936,-0.7219457489310965
5026,2025-10-16,NSE:MARICO,710.0,726.95,708.4,725.7,1205842.0,2.1824838073782034,0.28240609997175936
5027,2025-10-17,NSE:MARICO,728.5,739.5,726.95,735.15,1707666.0,1.3021909880115656,2.1824838073782034
5028,2025-10-20,NSE:MARICO,735.1,742.0,726.3,727.35,1394719.0,-1.0610079575596756,1.3021909880115656
5029,2025-10-21,NSE:MARICO,729.1,729.9,718.0,722.05,81792.0,-0.7286725785385396,-1.0610079575596756
5030,2025-10-23,NSE:MARICO,722.0,736.5,720.2,724.8,1679459.0,0.3808600512429887,-0.7286725785385396
5031,2025-10-24,NSE:MARICO,724.8,727.9,713.0,725.85,1279440.0,0.1448675496688836,0.3808600512429887
5032,2025-10-27,NSE:MARICO,725.95,728.6,717.0,723.6,1032827.0,-0.30998140111593303,0.1448675496688836
5033,2025-10-28,NSE:MARICO,720.1,730.0,716.0,720.05,2259608.0,-0.4906025428413582,-0.30998140111593303
5034,2025-10-29,NSE:MARICO,720.1,724.4,718.85,721.8,1943057.0,0.24303867786959243,-0.4906025428413582
5035,2025-10-30,NSE:MARICO,720.0,724.7,717.15,721.5,1504657.0,-0.04156275976724225,0.24303867786959243
5036,2025-10-31,NSE:MARICO,721.5,728.65,718.65,719.95,1185320.0,-0.21483021483020853,-0.04156275976724225
5037,2025-11-03,NSE:MARICO,716.3,724.9,716.25,722.2,713200.0,0.3125217028960344,-0.21483021483020853
5038,2025-11-04,NSE:MARICO,718.0,720.8,715.35,717.3,605166.0,-0.6784824148435462,0.3125217028960344
5039,2025-11-06,NSE:MARICO,715.0,720.5,711.2,713.15,670236.0,-0.5785584832008891,-0.6784824148435462
5040,2025-11-07,NSE:MARICO,716.0,716.0,705.8,711.6,453081.0,-0.2173455794713531,-0.5785584832008891
5041,2025-11-10,NSE:MARICO,713.9,720.9,710.45,719.25,337191.0,1.075042158516017,-0.2173455794713531
5042,2025-11-11,NSE:MARICO,718.45,718.45,709.7,713.0,2399280.0,-0.8689607229753215,1.075042158516017
5043,2025-11-12,NSE:MARICO,713.5,725.1,706.75,720.95,2394231.0,1.1150070126227274,-0.8689607229753215
5044,2025-11-13,NSE:MARICO,720.95,727.15,718.0,722.0,698548.0,0.1456411679034544,1.1150070126227274
5045,2025-11-14,NSE:MARICO,722.0,741.85,712.4,738.7,2572321.0,2.3130193905817236,0.1456411679034544
5046,2025-11-17,NSE:MARICO,753.5,764.65,750.2,760.7,3726013.0,2.9782049546500606,2.3130193905817236
5047,2025-11-18,NSE:MARICO,757.95,765.3,753.05,756.45,2300354.0,-0.5586959379518864,2.9782049546500606
5048,2025-11-19,NSE:MARICO,753.9,756.4,745.85,748.15,2500810.0,-1.097230484499976,-0.5586959379518864
5049,2025-11-20,NSE:MARICO,748.0,751.9,733.35,736.15,1605550.0,-1.603956425850431,-1.097230484499976
5050,2025-11-21,NSE:MARICO,733.35,743.0,733.0,739.9,1754099.0,0.5094070501935747,-1.603956425850431
5051,2025-11-24,NSE:MARICO,740.9,742.9,730.35,735.95,4028756.0,-0.5338559264765417,0.5094070501935747
5052,2025-11-25,NSE:MARICO,735.0,736.15,728.0,731.35,968184.0,-0.6250424621237887,-0.5338559264765417
5053,2025-11-26,NSE:MARICO,731.05,737.5,727.4,734.1,1984835.0,0.3760169549463321,-0.6250424621237887
5054,2025-11-27,NSE:MARICO,736.4,738.5,720.55,727.4,1934840.0,-0.9126821958861253,0.3760169549463321
5055,2025-11-28,NSE:MARICO,727.4,728.9,715.0,717.4,1314458.0,-1.3747594171020072,-0.9126821958861253
5056,2025-12-01,NSE:MARICO,717.7,721.35,711.05,718.95,2277267.0,0.21605798717592253,-1.3747594171020072
5057,2025-12-02,NSE:MARICO,720.5,724.1,713.05,717.35,2439574.0,-0.22254676959455075,0.21605798717592253
5058,2025-12-03,NSE:MARICO,717.9,719.65,708.5,710.65,1403587.0,-0.9339931693036935,-0.22254676959455075
5059,2025-12-04,NSE:MARICO,711.8,715.55,707.25,714.65,1425940.0,0.5628649827622599,-0.9339931693036935
5060,2025-12-05,NSE:MARICO,716.0,737.8,713.05,736.65,2651174.0,3.078430000699643,0.5628649827622599
5061,2025-12-08,NSE:MARICO,737.8,739.5,726.1,729.3,2300562.0,-0.9977601303196936,3.078430000699643
5062,2025-12-09,NSE:MARICO,725.0,735.0,722.4,730.5,1120548.0,0.1645413410119355,-0.9977601303196936
5063,2025-12-10,NSE:MARICO,730.5,735.55,721.55,724.75,1196695.0,-0.7871321013004791,0.1645413410119355
5064,2025-12-11,NSE:MARICO,724.75,730.3,719.1,724.7,1627878.0,-0.006898930665740535,-0.7871321013004791
5065,2025-12-12,NSE:MARICO,726.95,728.0,718.7,727.05,1794314.0,0.32427211259830396,-0.006898930665740535
5066,2025-12-15,NSE:MARICO,729.6,738.75,722.0,737.65,1525769.0,1.4579464961144384,0.32427211259830396
5067,2025-12-16,NSE:MARICO,740.0,750.6,736.25,738.8,1942539.0,0.1559004948146109,1.4579464961144384
5068,2025-12-17,NSE:MARICO,738.0,741.35,734.1,738.15,877616.0,-0.08798050893340245,0.1559004948146109
5069,2025-12-18,NSE:MARICO,743.55,743.55,733.9,742.45,1076550.0,0.5825374246426971,-0.08798050893340245
5070,2025-12-19,NSE:MARICO,743.45,743.5,732.6,741.2,1082044.0,-0.1683615058253081,0.5825374246426971
5071,2025-12-22,NSE:MARICO,741.2,743.45,737.5,739.25,1844499.0,-0.26308688613060516,-0.1683615058253081
5072,2025-12-23,NSE:MARICO,739.7,739.95,727.7,737.35,1215107.0,-0.25701724721000707,-0.26308688613060516
5073,2025-12-24,NSE:MARICO,739.0,740.25,731.05,734.75,921626.0,-0.3526140910015627,-0.25701724721000707
5074,2025-12-26,NSE:MARICO,735.05,746.5,732.7,743.3,996756.0,1.1636611092208171,-0.3526140910015627
5075,2025-12-29,NSE:MARICO,745.0,755.0,743.0,753.1,1469144.0,1.3184447733082294,1.1636611092208171
5076,2025-12-30,NSE:MARICO,753.4,753.6,736.35,739.1,3422069.0,-1.8589828708006906,1.3184447733082294
5077,2025-12-31,NSE:MARICO,740.5,752.7,737.7,750.6,578363.0,1.5559464213232308,-1.8589828708006906
5078,2026-01-01,NSE:MARICO,755.0,762.85,746.0,760.45,710787.0,1.3122835065281138,1.5559464213232308
5079,2026-01-02,NSE:MARICO,760.45,765.25,751.2,757.75,933700.0,-0.35505292918667175,1.3122835065281138
5080,2026-01-05,NSE:MARICO,768.0,775.2,752.5,773.05,2638604.0,2.0191355988122672,-0.35505292918667175
5081,2026-01-06,NSE:MARICO,776.0,780.0,767.05,779.05,1894536.0,0.7761464329603519,2.0191355988122672
5082,2026-01-07,NSE:MARICO,776.0,779.15,771.5,773.8,2185434.0,-0.6738976959116874,0.7761464329603519
5083,2026-01-08,NSE:MARICO,773.55,773.55,756.35,758.8,3203911.0,-1.9384853967433446,-0.6738976959116874
5084,2026-01-09,NSE:MARICO,758.8,764.7,751.8,753.45,1127242.0,-0.7050606220347798,-1.9384853967433446
5085,2026-01-12,NSE:MARICO,753.45,757.6,748.85,756.2,1042221.0,0.3649877231402216,-0.7050606220347798
5086,2026-01-13,NSE:MARICO,756.9,760.5,751.7,756.05,1397021.0,-0.019836022216356906,0.3649877231402216
5087,2026-01-14,NSE:MARICO,753.15,758.4,747.1,749.8,720895.0,-0.8266649031148734,-0.019836022216356906
5088,2026-01-16,NSE:MARICO,758.15,764.3,749.8,760.15,2731620.0,1.3803680981595123,-0.8266649031148734
5089,2026-01-19,NSE:MARICO,760.0,765.05,752.65,760.6,1167269.0,0.0591988423337559,1.3803680981595123
5090,2026-01-20,NSE:MARICO,762.0,762.9,746.75,749.55,1100332.0,-1.4528004207204928,0.0591988423337559
5091,2026-01-21,NSE:MARICO,748.05,752.7,740.6,747.95,1338880.0,-0.21346141017942888,-1.4528004207204928
5092,2026-01-22,NSE:MARICO,750.0,757.45,747.0,751.75,2527936.0,0.5080553512935295,-0.21346141017942888
5093,2026-01-23,NSE:MARICO,751.75,754.0,738.85,740.95,1755248.0,-1.4366478217492458,0.5080553512935295
5094,2026-01-27,NSE:MARICO,752.7,752.7,741.05,745.8,2681953.0,0.6545650853633725,-1.4366478217492458
5095,2026-01-28,NSE:MARICO,754.0,756.0,721.35,736.65,5105125.0,-1.2268704746580823,0.6545650853633725
5096,2026-01-29,NSE:MARICO,734.0,735.85,725.1,729.95,1159830.0,-0.909522839883246,-1.2268704746580823
5097,2026-01-30,NSE:MARICO,725.0,735.0,719.05,729.8,4195864.0,-0.020549352695402555,-0.909522839883246
5098,2026-02-01,NSE:MARICO,733.3,734.5,716.8,720.65,574440.0,-1.2537681556590816,-0.020549352695402555
5099,2026-02-02,NSE:MARICO,725.0,726.35,708.3,722.4,3074659.0,0.24283632831471588,-1.2537681556590816
5100,2026-02-03,NSE:MARICO,735.0,742.65,722.85,726.4,1161728.0,0.5537098560354374,0.24283632831471588
