,datetime,symbol,open,high,low,close,volume,change (%),last day change (%)
0,2017-05-29,NSE:PSPPROJECT,190.0,199.5,190.0,199.5,425256.0,,
1,2017-05-30,NSE:PSPPROJECT,209.45,209.45,209.45,209.45,6926.0,4.987468671679193,
2,2017-05-31,NSE:PSPPROJECT,219.89999,219.89999,203.2,218.35001,279052.0,4.249228932919555,4.987468671679193
3,2017-06-01,NSE:PSPPROJECT,211.0,219.0,211.0,218.05,110148.0,-0.1373986655645155,4.249228932919555
4,2017-06-02,NSE:PSPPROJECT,218.10001,220.0,215.05,217.5,95689.0,-0.25223572575097974,-0.1373986655645155
5,2017-06-05,NSE:PSPPROJECT,220.0,221.0,216.0,219.95,110002.0,1.1264367816091903,-0.25223572575097974
6,2017-06-06,NSE:PSPPROJECT,221.0,230.89999,215.10001,230.14999,80946.0,4.637413048420102,1.1264367816091903
7,2017-06-07,NSE:PSPPROJECT,234.45,241.64999,234.45,241.64999,29388.0,4.9967414728108395,4.637413048420102
8,2017-06-08,NSE:PSPPROJECT,253.7,253.7,249.0,253.7,16959.0,4.986555141177529,4.9967414728108395
9,2017-06-09,NSE:PSPPROJECT,266.35001,266.35001,260.39999,266.35001,25907.0,4.98620811982657,4.986555141177529
10,2017-06-12,NSE:PSPPROJECT,272.0,276.5,242.0,265.29999,205096.0,-0.39422562814997364,4.98620811982657
11,2017-06-13,NSE:PSPPROJECT,265.89999,307.70001,259.0,290.0,629555.0,9.310218971361447,-0.39422562814997364
12,2017-06-14,NSE:PSPPROJECT,290.0,300.0,282.0,290.64999,299032.0,0.22413448275862155,9.310218971361447
13,2017-06-15,NSE:PSPPROJECT,290.95001,299.95001,287.54999,294.29999,183258.0,1.2558059953829612,0.22413448275862155
14,2017-06-16,NSE:PSPPROJECT,296.75,309.79999,296.0,299.14999,269675.0,1.6479783094793932,1.2558059953829612
15,2017-06-19,NSE:PSPPROJECT,301.70001,317.5,292.5,304.85001,603204.0,1.905405378753312,1.6479783094793932
16,2017-06-20,NSE:PSPPROJECT,305.39999,309.45001,285.75,290.04999,212643.0,-4.854853047241172,1.905405378753312
17,2017-06-21,NSE:PSPPROJECT,292.35001,298.79999,289.0,296.60001,133659.0,2.2582383126439747,-4.854853047241172
18,2017-06-22,NSE:PSPPROJECT,296.95001,299.0,275.0,278.60001,208583.0,-6.068779296399889,2.2582383126439747
19,2017-06-23,NSE:PSPPROJECT,278.0,280.75,264.0,267.35001,143371.0,-4.038047234815247,-6.068779296399889
20,2017-06-27,NSE:PSPPROJECT,262.29999,267.79999,258.0,260.5,130790.0,-2.5621880470473886,-4.038047234815247
21,2017-06-28,NSE:PSPPROJECT,256.04999,260.85001,251.2,255.5,152133.0,-1.9193857965451053,-2.5621880470473886
22,2017-06-29,NSE:PSPPROJECT,258.79999,275.20001,256.85001,272.29999,260666.0,6.575338551859092,-1.9193857965451053
23,2017-06-30,NSE:PSPPROJECT,272.0,275.0,267.39999,269.64999,54834.0,-0.9731913688281727,6.575338551859092
24,2017-07-03,NSE:PSPPROJECT,270.45001,287.89999,268.35001,281.64999,129737.0,4.450213404421042,-0.9731913688281727
25,2017-07-04,NSE:PSPPROJECT,283.25,283.29999,276.0,276.95001,54759.0,-1.6687307533722913,4.450213404421042
26,2017-07-05,NSE:PSPPROJECT,278.75,287.95001,274.70001,276.89999,149496.0,-0.018061021192964648,-1.6687307533722913
27,2017-07-06,NSE:PSPPROJECT,279.79999,281.5,274.29999,278.04999,174476.0,0.415312402142007,-0.018061021192964648
28,2017-07-07,NSE:PSPPROJECT,275.04999,299.89999,275.0,289.29999,210667.0,4.046035031326562,0.415312402142007
29,2017-07-10,NSE:PSPPROJECT,280.60001,295.0,280.60001,290.70001,12705.0,0.48393364963477553,4.046035031326562
30,2017-07-11,NSE:PSPPROJECT,293.04999,297.0,282.39999,284.45001,102116.0,-2.1499827261787847,0.48393364963477553
31,2017-07-12,NSE:PSPPROJECT,288.75,299.89999,287.10001,289.70001,80005.0,1.8456670119294423,-2.1499827261787847
32,2017-07-13,NSE:PSPPROJECT,293.85001,294.0,287.29999,289.14999,67156.0,-0.18985846773012457,1.8456670119294423
33,2017-07-14,NSE:PSPPROJECT,290.0,297.04999,288.10001,290.75,203267.0,0.5533494917291879,-0.18985846773012457
34,2017-07-17,NSE:PSPPROJECT,292.85001,294.75,286.95001,288.35001,121601.0,-0.8254479793637155,0.5533494917291879
35,2017-07-18,NSE:PSPPROJECT,289.25,290.10001,281.0,284.95001,73148.0,-1.1791225531776388,-0.8254479793637155
36,2017-07-19,NSE:PSPPROJECT,287.64999,287.64999,281.35001,285.39999,29885.0,0.15791541821668378,-1.1791225531776388
37,2017-07-20,NSE:PSPPROJECT,287.29999,287.29999,279.39999,283.70001,32477.0,-0.5956482339049775,0.15791541821668378
38,2017-07-21,NSE:PSPPROJECT,284.04999,294.70001,284.04999,292.35001,138771.0,3.0489953102222227,-0.5956482339049775
39,2017-07-24,NSE:PSPPROJECT,292.64999,293.25,283.0,283.70001,59006.0,-2.9587821803050316,3.0489953102222227
40,2017-07-25,NSE:PSPPROJECT,283.60001,292.39999,283.54999,290.0,73265.0,2.220652019011201,-2.9587821803050316
41,2017-07-26,NSE:PSPPROJECT,294.25,294.25,286.25,291.20001,45973.0,0.41379655172414487,2.220652019011201
42,2017-07-27,NSE:PSPPROJECT,294.79999,294.79999,286.5,289.04999,47870.0,-0.7383310186012838,0.41379655172414487
43,2017-07-28,NSE:PSPPROJECT,286.5,308.20001,280.0,302.20001,412459.0,4.549392996000464,-0.7383310186012838
44,2017-07-31,NSE:PSPPROJECT,303.0,313.5,302.89999,309.70001,202176.0,2.481800050238251,4.549392996000464
45,2017-08-01,NSE:PSPPROJECT,312.45001,314.0,306.04999,307.85001,341992.0,-0.5973522571084265,2.481800050238251
46,2017-08-02,NSE:PSPPROJECT,311.95001,314.0,306.5,310.10001,393255.0,0.7308754026027156,-0.5973522571084265
47,2017-08-03,NSE:PSPPROJECT,311.04999,319.0,306.5,316.10001,453360.0,1.934859660275406,0.7308754026027156
48,2017-08-04,NSE:PSPPROJECT,315.45001,341.20001,315.04999,330.14999,405183.0,4.4447894829234595,1.934859660275406
49,2017-08-07,NSE:PSPPROJECT,331.70001,349.79999,326.64999,336.14999,315403.0,1.817355802433918,4.4447894829234595
50,2017-08-08,NSE:PSPPROJECT,336.0,348.89999,325.0,333.75,148604.0,-0.7139640254042555,1.817355802433918
51,2017-08-09,NSE:PSPPROJECT,333.75,345.85001,303.20001,317.64999,510080.0,-4.823973033707865,-0.7139640254042555
52,2017-08-10,NSE:PSPPROJECT,319.0,325.0,308.0,314.20001,128128.0,-1.0860947925734177,-4.823973033707865
53,2017-08-11,NSE:PSPPROJECT,305.25,319.89999,303.0,307.70001,192151.0,-2.068745955800574,-1.0860947925734177
54,2017-08-14,NSE:PSPPROJECT,311.0,317.95001,306.04999,309.60001,53340.0,0.6174845428181744,-2.068745955800574
55,2017-08-16,NSE:PSPPROJECT,312.25,312.25,307.0,308.39999,62852.0,-0.38760334665363705,0.6174845428181744
56,2017-08-17,NSE:PSPPROJECT,308.45001,315.04999,308.0,310.5,17714.0,0.6809371167619032,-0.38760334665363705
57,2017-08-18,NSE:PSPPROJECT,306.04999,319.89999,306.04999,315.5,58318.0,1.610305958132045,0.6809371167619032
58,2017-08-21,NSE:PSPPROJECT,317.35001,323.85001,308.39999,309.25,59118.0,-1.9809825673534072,1.610305958132045
59,2017-08-22,NSE:PSPPROJECT,311.95001,316.0,309.10001,310.79999,84147.0,0.5012093775262667,-1.9809825673534072
60,2017-08-23,NSE:PSPPROJECT,313.60001,319.0,313.0,316.5,59785.0,1.833980110488427,0.5012093775262667
61,2017-08-24,NSE:PSPPROJECT,316.5,321.89999,315.64999,319.89999,25312.0,1.0742464454976313,1.833980110488427
62,2017-08-28,NSE:PSPPROJECT,327.0,329.0,319.54999,325.29999,45897.0,1.6880275613637803,1.0742464454976313
63,2017-08-29,NSE:PSPPROJECT,325.20001,339.0,322.85001,330.45001,83059.0,1.583160208520154,1.6880275613637803
64,2017-08-30,NSE:PSPPROJECT,329.54999,338.0,327.0,333.70001,141261.0,0.9835073087151669,1.583160208520154
65,2017-08-31,NSE:PSPPROJECT,332.89999,337.39999,331.20001,333.35001,20920.0,-0.10488462376732405,0.9835073087151669
66,2017-09-01,NSE:PSPPROJECT,335.45001,337.39999,325.0,329.89999,100281.0,-1.0349542212403098,-0.10488462376732405
67,2017-09-04,NSE:PSPPROJECT,332.95001,332.95001,324.0,327.70001,45850.0,-0.6668627058764028,-1.0349542212403098
68,2017-09-05,NSE:PSPPROJECT,336.0,339.0,326.35001,336.29999,264563.0,2.62434535781673,-0.6668627058764028
69,2017-09-06,NSE:PSPPROJECT,344.79999,353.39999,335.04999,346.85001,239201.0,3.137086028459299,2.62434535781673
70,2017-09-07,NSE:PSPPROJECT,349.54999,359.70001,345.20001,356.10001,161053.0,2.6668587958235896,3.137086028459299
71,2017-09-08,NSE:PSPPROJECT,359.0,368.79999,355.20001,360.14999,332407.0,1.1373153289156057,2.6668587958235896
72,2017-09-11,NSE:PSPPROJECT,364.89999,364.89999,351.5,355.64999,76944.0,-1.2494794182834768,1.1373153289156057
73,2017-09-12,NSE:PSPPROJECT,353.0,373.79999,353.0,358.85001,67882.0,0.8997666497895853,-1.2494794182834768
74,2017-09-13,NSE:PSPPROJECT,360.39999,362.04999,350.60001,357.79999,62052.0,-0.2926069306783683,0.8997666497895853
75,2017-09-14,NSE:PSPPROJECT,359.95001,360.64999,352.45001,355.60001,23849.0,-0.6148630691688903,-0.2926069306783683
76,2017-09-15,NSE:PSPPROJECT,355.0,356.89999,349.0,350.14999,13784.0,-1.5326265035819304,-0.6148630691688903
77,2017-09-18,NSE:PSPPROJECT,352.04999,368.64999,351.25,355.5,21224.0,1.5279195067233895,-1.5326265035819304
78,2017-09-19,NSE:PSPPROJECT,360.0,361.0,350.0,359.39999,14507.0,1.0970436005625885,1.5279195067233895
79,2017-09-20,NSE:PSPPROJECT,359.29999,365.0,355.5,361.5,68108.0,0.5843099773041167,1.0970436005625885
80,2017-09-21,NSE:PSPPROJECT,360.35001,360.35001,350.0,358.75,28800.0,-0.7607192254495159,0.5843099773041167
81,2017-09-22,NSE:PSPPROJECT,353.45001,358.79999,345.04999,349.75,90733.0,-2.508710801393728,-0.7607192254495159
82,2017-09-25,NSE:PSPPROJECT,345.89999,350.0,323.29999,330.14999,249634.0,-5.604005718370264,-2.508710801393728
83,2017-09-26,NSE:PSPPROJECT,329.64999,342.20001,325.10001,335.20001,300345.0,1.529613858234561,-5.604005718370264
84,2017-09-27,NSE:PSPPROJECT,336.45001,341.79999,324.0,333.04999,86564.0,-0.6414140620103325,1.529613858234561
85,2017-09-28,NSE:PSPPROJECT,335.95001,339.20001,329.0,330.35001,33927.0,-0.8106831049597036,-0.6414140620103325
86,2017-09-29,NSE:PSPPROJECT,337.70001,342.45001,333.14999,338.89999,40990.0,2.588157935881402,-0.8106831049597036
87,2017-10-03,NSE:PSPPROJECT,345.0,350.0,337.14999,345.95001,75027.0,2.0802656264463204,2.588157935881402
88,2017-10-04,NSE:PSPPROJECT,347.0,371.5,345.60001,359.04999,125511.0,3.7866684842703022,2.0802656264463204
89,2017-10-05,NSE:PSPPROJECT,366.60001,366.60001,354.5,358.89999,32911.0,-0.041776912457225604,3.7866684842703022
90,2017-10-06,NSE:PSPPROJECT,357.35001,366.29999,357.0,361.10001,49936.0,0.6129897078013279,-0.041776912457225604
91,2017-10-09,NSE:PSPPROJECT,351.0,385.0,351.0,367.0,366599.0,1.633893613018732,0.6129897078013279
92,2017-10-10,NSE:PSPPROJECT,373.04999,426.0,373.0,410.79999,443641.0,11.934602179836507,1.633893613018732
93,2017-10-11,NSE:PSPPROJECT,446.5,469.0,402.64999,411.20001,689970.0,0.0973758543665107,11.934602179836507
94,2017-10-12,NSE:PSPPROJECT,415.10001,426.79999,399.64999,413.39999,97711.0,0.5350145784286294,0.0973758543665107
95,2017-10-13,NSE:PSPPROJECT,417.5,443.20001,407.64999,424.85001,307335.0,2.769719467095293,0.5350145784286294
96,2017-10-16,NSE:PSPPROJECT,430.04999,441.54999,411.04999,422.95001,114950.0,-0.4472166541787247,2.769719467095293
97,2017-10-17,NSE:PSPPROJECT,424.04999,434.0,420.10001,422.85001,67579.0,-0.023643456114357992,-0.4472166541787247
98,2017-10-18,NSE:PSPPROJECT,422.89999,428.75,420.45001,423.45001,18503.0,0.14189428539921822,-0.023643456114357992
99,2017-10-19,NSE:PSPPROJECT,425.0,445.0,425.0,431.79999,40680.0,1.9718927388855083,0.14189428539921822
100,2017-10-23,NSE:PSPPROJECT,435.0,435.0,421.04999,423.04999,23655.0,-2.0264011585549135,1.9718927388855083
101,2017-10-24,NSE:PSPPROJECT,424.0,427.89999,420.10001,421.95001,22421.0,-0.2600118250800478,-2.0264011585549135
102,2017-10-25,NSE:PSPPROJECT,422.0,426.95001,415.0,420.85001,54520.0,-0.2606943888921872,-0.2600118250800478
103,2017-10-26,NSE:PSPPROJECT,420.95001,428.5,415.04999,422.25,26338.0,0.3326577086216542,-0.2606943888921872
104,2017-10-27,NSE:PSPPROJECT,424.45001,427.0,418.04999,419.54999,29247.0,-0.6394339846062808,0.3326577086216542
105,2017-10-30,NSE:PSPPROJECT,419.54999,427.0,419.54999,421.70001,20808.0,0.5124585987953523,-0.6394339846062808
106,2017-10-31,NSE:PSPPROJECT,421.75,440.0,420.10001,428.95001,58521.0,1.7192316405209476,0.5124585987953523
107,2017-11-01,NSE:PSPPROJECT,434.0,441.0,425.5,433.29999,53150.0,1.0140995217601134,1.7192316405209476
108,2017-11-02,NSE:PSPPROJECT,432.89999,437.54999,426.64999,428.5,45634.0,-1.1077752390439657,1.0140995217601134
109,2017-11-03,NSE:PSPPROJECT,437.0,442.5,392.5,423.39999,129761.0,-1.1902007001166857,-1.1077752390439657
110,2017-11-06,NSE:PSPPROJECT,425.79999,429.54999,414.0,415.85001,65153.0,-1.7831790690406029,-1.1902007001166857
111,2017-11-07,NSE:PSPPROJECT,416.04999,422.0,415.0,417.14999,26766.0,0.31260790398923044,-1.7831790690406029
112,2017-11-08,NSE:PSPPROJECT,420.0,420.0,409.04999,414.29999,45192.0,-0.683207495701971,0.31260790398923044
113,2017-11-09,NSE:PSPPROJECT,410.95001,419.5,409.04999,410.89999,26904.0,-0.8206613763133274,-0.683207495701971
114,2017-11-10,NSE:PSPPROJECT,413.0,417.14999,405.0,413.45001,12569.0,0.6205938335505965,-0.8206613763133274
115,2017-11-13,NSE:PSPPROJECT,425.0,425.0,403.0,408.64999,17820.0,-1.1609674407796042,0.6205938335505965
116,2017-11-14,NSE:PSPPROJECT,405.95001,415.79999,405.04999,406.0,18880.0,-0.6484742603321739,-1.1609674407796042
117,2017-11-15,NSE:PSPPROJECT,403.95001,411.64999,399.25,401.89999,26754.0,-1.009854679802955,-0.6484742603321739
118,2017-11-16,NSE:PSPPROJECT,398.95001,408.29999,394.85001,398.60001,35830.0,-0.8210948201317461,-1.009854679802955
119,2017-11-17,NSE:PSPPROJECT,400.0,432.70001,399.04999,418.64999,136691.0,5.0301002250351186,-0.8210948201317461
120,2017-11-20,NSE:PSPPROJECT,423.29999,423.29999,410.10001,412.60001,19415.0,-1.4451164802368692,5.0301002250351186
121,2017-11-21,NSE:PSPPROJECT,417.95001,422.0,415.10001,417.0,33340.0,1.066405693979504,-1.4451164802368692
122,2017-11-22,NSE:PSPPROJECT,419.04999,424.45001,415.5,419.85001,17123.0,0.6834556354916062,1.066405693979504
123,2017-11-23,NSE:PSPPROJECT,422.89999,430.0,418.45001,424.89999,20150.0,1.202805735314858,0.6834556354916062
124,2017-11-24,NSE:PSPPROJECT,424.0,432.60001,422.89999,426.75,20454.0,0.4353989276394188,1.202805735314858
125,2017-11-27,NSE:PSPPROJECT,428.95001,459.70001,415.10001,438.75,246886.0,2.8119507908611596,0.4353989276394188
126,2017-11-28,NSE:PSPPROJECT,442.0,458.5,440.0,449.85001,117223.0,2.5299168091168083,2.8119507908611596
127,2017-11-29,NSE:PSPPROJECT,454.14999,458.0,447.10001,451.0,41013.0,0.25563854049931056,2.5299168091168083
128,2017-11-30,NSE:PSPPROJECT,449.95001,487.89999,441.0,462.0,175889.0,2.4390243902439024,0.25563854049931056
129,2017-12-01,NSE:PSPPROJECT,475.0,489.89999,463.0,467.29999,137986.0,1.1471839826839783,2.4390243902439024
130,2017-12-04,NSE:PSPPROJECT,473.39999,489.0,451.0,481.14999,213303.0,2.9638348590591717,1.1471839826839783
131,2017-12-05,NSE:PSPPROJECT,480.79999,500.35001,477.89999,479.45001,98769.0,-0.3533160210602898,2.9638348590591717
132,2017-12-06,NSE:PSPPROJECT,479.0,490.0,470.04999,478.25,54209.0,-0.2502888674462683,-0.3533160210602898
133,2017-12-07,NSE:PSPPROJECT,480.45001,493.0,480.10001,491.14999,53181.0,2.697331939362259,-0.2502888674462683
134,2017-12-08,NSE:PSPPROJECT,496.95001,519.0,495.0,500.95001,193286.0,1.99532122559954,2.697331939362259
135,2017-12-11,NSE:PSPPROJECT,506.0,521.79999,503.10001,516.65002,94674.0,3.1340472475487164,1.99532122559954
136,2017-12-12,NSE:PSPPROJECT,517.0,521.70001,505.0,508.5,55475.0,-1.5774740510026575,3.1340472475487164
137,2017-12-13,NSE:PSPPROJECT,507.0,541.0,507.0,517.84998,191541.0,1.8387374631268358,-1.5774740510026575
138,2017-12-14,NSE:PSPPROJECT,528.0,538.0,521.0,524.54999,85164.0,1.2938129301462984,1.8387374631268358
139,2017-12-15,NSE:PSPPROJECT,540.0,541.0,513.34998,518.34998,195881.0,-1.1819674231620938,1.2938129301462984
140,2017-12-18,NSE:PSPPROJECT,500.0,529.0,484.95001,515.25,139613.0,-0.5980476742759708,-1.1819674231620938
141,2017-12-19,NSE:PSPPROJECT,528.0,529.0,518.54999,524.15002,167949.0,1.7273207180980183,-0.5980476742759708
142,2017-12-20,NSE:PSPPROJECT,527.0,547.0,525.04999,535.70001,147599.0,2.2035656890750435,1.7273207180980183
143,2017-12-21,NSE:PSPPROJECT,539.90002,539.90002,518.29999,522.84998,83419.0,-2.3987361881886207,2.2035656890750435
144,2017-12-22,NSE:PSPPROJECT,526.0,532.0,515.09998,524.20001,73423.0,0.25820599629745816,-2.3987361881886207
145,2017-12-26,NSE:PSPPROJECT,533.90002,539.0,518.25,520.5,73873.0,-0.7058393608195506,0.25820599629745816
146,2017-12-27,NSE:PSPPROJECT,526.0,527.0,508.5,514.29999,76574.0,-1.191164265129687,-0.7058393608195506
147,2017-12-28,NSE:PSPPROJECT,516.5,517.09998,502.95001,511.39999,49439.0,-0.5638732367076222,-1.191164265129687
148,2017-12-29,NSE:PSPPROJECT,515.0,525.0,506.10001,520.0,60573.0,1.6816601814951144,-0.5638732367076222
149,2018-01-01,NSE:PSPPROJECT,520.04999,537.70001,515.54999,520.20001,39720.0,0.03846346153846543,1.6816601814951144
150,2018-01-02,NSE:PSPPROJECT,527.40002,527.40002,509.25,513.45001,38835.0,-1.2975778297274543,0.03846346153846543
151,2018-01-03,NSE:PSPPROJECT,515.0,522.0,508.04999,510.10001,55422.0,-0.6524491059996324,-1.2975778297274543
152,2018-01-04,NSE:PSPPROJECT,510.0,528.0,510.0,525.70001,48060.0,3.058223817717632,-0.6524491059996324
153,2018-01-05,NSE:PSPPROJECT,526.90002,547.0,524.0,544.25,117498.0,3.5286265259915024,3.058223817717632
154,2018-01-08,NSE:PSPPROJECT,547.5,595.0,541.65002,576.45001,370987.0,5.916400551217276,3.5286265259915024
155,2018-01-09,NSE:PSPPROJECT,582.0,595.0,554.0,559.65002,159231.0,-2.9143880143223484,5.916400551217276
156,2018-01-10,NSE:PSPPROJECT,565.0,571.95001,547.25,562.79999,53127.0,0.5628464017565726,-2.9143880143223484
157,2018-01-11,NSE:PSPPROJECT,560.15002,571.5,545.0,557.54999,60583.0,-0.9328358374704308,0.5628464017565726
158,2018-01-12,NSE:PSPPROJECT,556.54999,569.0,551.75,562.25,74339.0,0.8429755330100572,-0.9328358374704308
159,2018-01-15,NSE:PSPPROJECT,565.54999,580.0,565.5,574.5,83139.0,2.1787461093819473,0.8429755330100572
160,2018-01-16,NSE:PSPPROJECT,578.95001,578.95001,561.95001,564.40002,117328.0,-1.758046997389027,2.1787461093819473
161,2018-01-17,NSE:PSPPROJECT,556.0,576.70001,556.0,574.75,75155.0,1.8338022029127425,-1.758046997389027
162,2018-01-18,NSE:PSPPROJECT,585.0,585.0,557.5,559.70001,85950.0,-2.6185280556763777,1.8338022029127425
163,2018-01-19,NSE:PSPPROJECT,568.90002,573.0,560.0,569.20001,49789.0,1.6973378292417753,-2.6185280556763777
164,2018-01-22,NSE:PSPPROJECT,570.0,575.45001,561.59998,564.79999,44940.0,-0.7730182576771283,1.6973378292417753
165,2018-01-23,NSE:PSPPROJECT,574.0,575.09998,563.70001,565.04999,58005.0,0.04426345687435299,-0.7730182576771283
166,2018-01-24,NSE:PSPPROJECT,570.0,570.0,556.04999,559.95001,28669.0,-0.9025714698269368,0.04426345687435299
167,2018-01-25,NSE:PSPPROJECT,556.0,567.0,548.0,555.20001,19469.0,-0.8482900107457806,-0.9025714698269368
168,2018-01-29,NSE:PSPPROJECT,556.0,564.70001,537.0,542.29999,29336.0,-2.323490592156156,-0.8482900107457806
169,2018-01-30,NSE:PSPPROJECT,535.0,538.09998,517.04999,522.09998,48417.0,-3.7248774428338125,-2.323490592156156
170,2018-01-31,NSE:PSPPROJECT,526.20001,535.0,511.0,520.34998,29257.0,-0.3351848433321143,-3.7248774428338125
171,2018-02-01,NSE:PSPPROJECT,529.0,542.0,520.20001,534.59998,45190.0,2.73854147164568,-0.3351848433321143
172,2018-02-02,NSE:PSPPROJECT,535.04999,535.04999,505.29999,509.14999,83696.0,-4.760566956998382,2.73854147164568
173,2018-02-05,NSE:PSPPROJECT,507.89999,507.89999,483.0,496.54999,42196.0,-2.474712805159836,-4.760566956998382
174,2018-02-06,NSE:PSPPROJECT,470.0,495.0,432.64999,469.89999,119061.0,-5.367032632504933,-2.474712805159836
175,2018-02-07,NSE:PSPPROJECT,488.89999,510.60001,480.0,494.64999,90877.0,5.267078213813114,-5.367032632504933
176,2018-02-08,NSE:PSPPROJECT,500.0,533.0,500.0,514.75,145124.0,4.063481331516856,5.267078213813114
177,2018-02-09,NSE:PSPPROJECT,509.70001,523.0,505.0,516.20001,58711.0,0.28169208353570085,4.063481331516856
178,2018-02-12,NSE:PSPPROJECT,520.20001,529.0,512.20001,515.15002,57153.0,-0.2034075900153469,0.28169208353570085
179,2018-02-14,NSE:PSPPROJECT,525.0,525.0,511.04999,514.25,51178.0,-0.17471027177676132,-0.2034075900153469
180,2018-02-15,NSE:PSPPROJECT,512.54999,521.45001,489.10001,496.10001,42794.0,-3.529409820126398,-0.17471027177676132
181,2018-02-16,NSE:PSPPROJECT,506.0,506.95001,492.0,494.14999,20769.0,-0.3930699376522881,-3.529409820126398
182,2018-02-19,NSE:PSPPROJECT,497.5,501.10001,477.0,490.10001,31322.0,-0.8195851627964225,-0.3930699376522881
183,2018-02-20,NSE:PSPPROJECT,485.0,495.04999,485.0,489.29999,13337.0,-0.16323607093989198,-0.8195851627964225
184,2018-02-21,NSE:PSPPROJECT,487.0,493.20001,482.79999,486.70001,10977.0,-0.5313672702098277,-0.16323607093989198
185,2018-02-22,NSE:PSPPROJECT,480.04999,485.04999,472.04999,475.75,94500.0,-2.249847909392897,-0.5313672702098277
186,2018-02-23,NSE:PSPPROJECT,477.54999,489.0,477.54999,487.89999,26442.0,2.553860220704152,-2.249847909392897
187,2018-02-26,NSE:PSPPROJECT,493.79999,499.89999,486.0,489.89999,44981.0,0.40992007398893365,2.553860220704152
188,2018-02-27,NSE:PSPPROJECT,496.54999,496.54999,488.25,491.39999,44027.0,0.3061849419511113,0.40992007398893365
189,2018-02-28,NSE:PSPPROJECT,480.79999,500.0,480.79999,497.54999,68697.0,1.251526276994832,0.3061849419511113
190,2018-03-01,NSE:PSPPROJECT,487.64999,504.95001,487.64999,500.79999,262822.0,0.65320069647675,1.251526276994832
191,2018-03-05,NSE:PSPPROJECT,491.20001,504.0,490.0,502.10001,31669.0,0.2595886633304481,0.65320069647675
192,2018-03-06,NSE:PSPPROJECT,508.29999,508.29999,491.0,495.89999,18866.0,-1.2348177407923164,0.2595886633304481
193,2018-03-07,NSE:PSPPROJECT,497.0,497.0,470.0,473.54999,44290.0,-4.506957138676293,-1.2348177407923164
194,2018-03-08,NSE:PSPPROJECT,475.0,482.89999,452.70001,468.64999,24874.0,-1.0347376419541212,-4.506957138676293
195,2018-03-09,NSE:PSPPROJECT,471.5,472.0,464.14999,466.75,37070.0,-0.4054176977577664,-1.0347376419541212
196,2018-03-12,NSE:PSPPROJECT,463.04999,474.39999,460.0,464.89999,19626.0,-0.3963599357257627,-0.4054176977577664
197,2018-03-13,NSE:PSPPROJECT,469.79999,470.0,460.0,466.70001,18938.0,0.38718434904677407,-0.3963599357257627
198,2018-03-14,NSE:PSPPROJECT,461.10001,480.0,460.54999,469.85001,28651.0,0.6749517746956931,0.38718434904677407
199,2018-03-15,NSE:PSPPROJECT,477.0,477.14999,465.04999,468.0,17322.0,-0.39374480379387405,0.6749517746956931
200,2018-03-16,NSE:PSPPROJECT,475.0,494.95001,466.95001,485.10001,35793.0,3.6538482905982903,-0.39374480379387405
201,2018-03-19,NSE:PSPPROJECT,489.85001,489.85001,468.0,472.79999,26407.0,-2.535563749009203,3.6538482905982903
202,2018-03-20,NSE:PSPPROJECT,480.10001,480.10001,465.75,475.39999,18680.0,0.5499154092621751,-2.535563749009203
203,2018-03-21,NSE:PSPPROJECT,473.14999,481.70001,462.60001,468.25,57397.0,-1.5039945625577322,0.5499154092621751
204,2018-03-22,NSE:PSPPROJECT,477.0,477.0,458.04999,460.5,18718.0,-1.6550987720234915,-1.5039945625577322
205,2018-03-23,NSE:PSPPROJECT,454.04999,459.95001,440.54999,451.20001,43240.0,-2.0195418023887033,-1.6550987720234915
206,2018-03-26,NSE:PSPPROJECT,447.10001,454.35001,437.29999,450.14999,34740.0,-0.232717193423825,-2.0195418023887033
207,2018-03-27,NSE:PSPPROJECT,451.5,459.95001,441.04999,444.29999,22274.0,-1.299566839932624,-0.232717193423825
208,2018-03-28,NSE:PSPPROJECT,441.29999,458.0,433.54999,450.0,37562.0,1.282919227614662,-1.299566839932624
209,2018-04-02,NSE:PSPPROJECT,455.0,507.89999,442.35001,484.54999,142183.0,7.6777755555555505,1.282919227614662
210,2018-04-03,NSE:PSPPROJECT,483.95001,507.0,474.95001,502.04999,24403.0,3.611598464794107,7.6777755555555505
211,2018-04-04,NSE:PSPPROJECT,508.79999,512.0,495.0,500.25,30980.0,-0.35852804219754686,3.611598464794107
212,2018-04-05,NSE:PSPPROJECT,508.0,513.0,501.14999,509.10001,236127.0,1.7691174412793598,-0.35852804219754686
213,2018-04-06,NSE:PSPPROJECT,514.95001,521.59998,509.54999,519.20001,61578.0,1.9838931057966434,1.7691174412793598
214,2018-04-09,NSE:PSPPROJECT,519.95001,529.79999,514.20001,527.65002,29727.0,1.6275057467737761,1.9838931057966434
215,2018-04-10,NSE:PSPPROJECT,524.04999,529.95001,518.95001,521.0,15890.0,-1.2603088691250386,1.6275057467737761
216,2018-04-11,NSE:PSPPROJECT,524.34998,534.0,516.0,530.65002,35836.0,1.8522111324376276,-1.2603088691250386
217,2018-04-12,NSE:PSPPROJECT,529.95001,530.95001,520.20001,523.95001,10479.0,-1.2626043055647147,1.8522111324376276
218,2018-04-13,NSE:PSPPROJECT,517.0,542.5,517.0,535.70001,38832.0,2.242580356091605,-1.2626043055647147
219,2018-04-16,NSE:PSPPROJECT,539.0,577.0,536.0,571.5,112317.0,6.682842884397179,2.242580356091605
220,2018-04-17,NSE:PSPPROJECT,580.0,588.95001,563.29999,572.15002,69807.0,0.11373928258968337,6.682842884397179
221,2018-04-18,NSE:PSPPROJECT,575.0,578.90002,556.59998,561.25,34348.0,-1.9050982467850024,0.11373928258968337
222,2018-04-19,NSE:PSPPROJECT,557.34998,570.04999,551.25,554.5,22851.0,-1.2026726057906458,-1.9050982467850024
223,2018-04-20,NSE:PSPPROJECT,552.0,570.0,551.95001,565.75,28065.0,2.028854824165915,-1.2026726057906458
224,2018-04-23,NSE:PSPPROJECT,575.0,584.29999,569.20001,577.84998,85640.0,2.1387503314184637,2.028854824165915
225,2018-04-24,NSE:PSPPROJECT,585.0,595.0,579.04999,585.0,42006.0,1.2373488357653037,2.1387503314184637
226,2018-04-25,NSE:PSPPROJECT,585.0,590.0,579.04999,583.95001,23017.0,-0.17948547008546661,1.2373488357653037
227,2018-04-26,NSE:PSPPROJECT,580.0,592.95001,575.0,579.70001,30110.0,-0.7278020253822755,-0.17948547008546661
228,2018-04-27,NSE:PSPPROJECT,575.0,583.84998,573.5,574.75,22946.0,-0.8538916533743064,-0.7278020253822755
229,2018-04-30,NSE:PSPPROJECT,575.0,580.0,568.09998,573.90002,69101.0,-0.14788690735101515,-0.8538916533743064
230,2018-05-02,NSE:PSPPROJECT,585.75,585.75,532.0,547.59998,57965.0,-4.582686719543951,-0.14788690735101515
231,2018-05-03,NSE:PSPPROJECT,545.0,565.0,529.09998,558.54999,67181.0,1.9996366690882679,-4.582686719543951
232,2018-05-04,NSE:PSPPROJECT,557.65002,568.90002,550.04999,553.90002,84550.0,-0.8325074000985909,1.9996366690882679
233,2018-05-07,NSE:PSPPROJECT,554.0,582.04999,553.95001,575.54999,63218.0,3.9086422130838594,-0.8325074000985909
234,2018-05-08,NSE:PSPPROJECT,578.90002,590.0,566.40002,570.15002,38562.0,-0.9382277984228511,3.9086422130838594
235,2018-05-09,NSE:PSPPROJECT,570.15002,573.15002,555.0,558.34998,29253.0,-2.0696377420104417,-0.9382277984228511
236,2018-05-10,NSE:PSPPROJECT,562.95001,575.0,536.09998,555.04999,134731.0,-0.591025363697511,-2.0696377420104417
237,2018-05-11,NSE:PSPPROJECT,556.59998,575.0,537.0,540.29999,41139.0,-2.657418298485151,-0.591025363697511
238,2018-05-14,NSE:PSPPROJECT,539.95001,549.0,527.0,529.15002,24809.0,-2.0636628181318195,-2.657418298485151
239,2018-05-15,NSE:PSPPROJECT,530.04999,539.95001,515.0,524.70001,27699.0,-0.8409732272144712,-2.0636628181318195
240,2018-05-16,NSE:PSPPROJECT,525.54999,539.29999,501.35001,529.65002,33597.0,0.9433981142862986,-0.8409732272144712
241,2018-05-17,NSE:PSPPROJECT,529.45001,536.70001,522.0,527.0,55033.0,-0.500334164058002,0.9433981142862986
242,2018-05-18,NSE:PSPPROJECT,528.0,556.95001,528.0,530.65002,102040.0,0.69260341555978,-0.500334164058002
243,2018-05-21,NSE:PSPPROJECT,531.70001,534.25,518.0,521.09998,20695.0,-1.7996871082752584,0.69260341555978
244,2018-05-22,NSE:PSPPROJECT,523.15002,534.90002,520.70001,528.34998,22724.0,1.391287714115821,-1.7996871082752584
245,2018-05-23,NSE:PSPPROJECT,528.29999,530.79999,515.29999,517.59998,23959.0,-2.0346362083708227,1.391287714115821
246,2018-05-24,NSE:PSPPROJECT,521.70001,530.0,517.04999,525.59998,24323.0,1.545595113817431,-2.0346362083708227
247,2018-05-25,NSE:PSPPROJECT,527.09998,528.0,518.0,525.40002,43411.0,-0.03804414147807218,1.545595113817431
248,2018-05-28,NSE:PSPPROJECT,527.25,529.95001,513.0,515.20001,62451.0,-1.9413798271267708,-0.03804414147807218
249,2018-05-29,NSE:PSPPROJECT,519.79999,520.0,502.64999,505.10001,44678.0,-1.960403688656765,-1.9413798271267708
250,2018-05-30,NSE:PSPPROJECT,524.70001,524.70001,505.0,510.39999,52471.0,1.0492931884915238,-1.960403688656765
251,2018-05-31,NSE:PSPPROJECT,515.75,521.29999,509.89999,516.70001,39047.0,1.2343299614876595,1.0492931884915238
252,2018-06-01,NSE:PSPPROJECT,518.0,519.0,490.04999,496.54999,41097.0,-3.8997521985726378,1.2343299614876595
253,2018-06-04,NSE:PSPPROJECT,494.20001,504.75,485.29999,490.14999,35211.0,-1.2888933901700366,-3.8997521985726378
254,2018-06-05,NSE:PSPPROJECT,490.45001,490.5,455.0,476.70001,50277.0,-2.7440539170468985,-1.2888933901700366
255,2018-06-06,NSE:PSPPROJECT,477.0,498.0,471.70001,486.35001,55429.0,2.024333920194375,-2.7440539170468985
256,2018-06-07,NSE:PSPPROJECT,497.0,512.0,487.70001,504.64999,33221.0,3.7627181296860677,2.024333920194375
257,2018-06-08,NSE:PSPPROJECT,504.85001,505.0,494.04999,503.10001,28400.0,-0.30713960779034294,3.7627181296860677
258,2018-06-11,NSE:PSPPROJECT,505.0,512.70001,497.0,501.70001,61143.0,-0.27827469134814314,-0.30713960779034294
259,2018-06-12,NSE:PSPPROJECT,507.0,511.5,500.54999,507.39999,22376.0,1.136133124653512,-0.27827469134814314
260,2018-06-13,NSE:PSPPROJECT,510.45001,512.0,497.10001,500.75,15603.0,-1.3106011294954898,1.136133124653512
261,2018-06-14,NSE:PSPPROJECT,500.75,501.0,496.0,499.79999,35259.0,-0.18971742386420773,-1.3106011294954898
262,2018-06-15,NSE:PSPPROJECT,499.79999,505.75,493.70001,496.14999,14286.0,-0.7302921314584215,-0.18971742386420773
263,2018-06-18,NSE:PSPPROJECT,495.5,499.5,487.54999,494.20001,13879.0,-0.3930222794119138,-0.7302921314584215
264,2018-06-19,NSE:PSPPROJECT,494.14999,495.10001,484.25,490.25,14261.0,-0.799273557278969,-0.3930222794119138
265,2018-06-20,NSE:PSPPROJECT,488.0,491.95001,478.04999,480.89999,49968.0,-1.9071922488526256,-0.799273557278969
266,2018-06-21,NSE:PSPPROJECT,481.45001,485.39999,474.39999,479.35001,10573.0,-0.322308178879356,-1.9071922488526256
267,2018-06-22,NSE:PSPPROJECT,475.39999,498.0,472.0,493.25,15260.0,2.899757945139086,-0.322308178879356
268,2018-06-25,NSE:PSPPROJECT,482.60001,492.95001,482.60001,490.5,8110.0,-0.5575266092245312,2.899757945139086
269,2018-06-26,NSE:PSPPROJECT,490.89999,494.20001,480.0,482.39999,19443.0,-1.651378185524974,-0.5575266092245312
270,2018-06-27,NSE:PSPPROJECT,482.14999,486.0,466.0,471.29999,15044.0,-2.3009950725745294,-1.651378185524974
271,2018-06-28,NSE:PSPPROJECT,470.0,484.70001,460.0,475.60001,19822.0,0.9123743032542856,-2.3009950725745294
272,2018-06-29,NSE:PSPPROJECT,482.75,494.89999,482.70001,491.04999,14539.0,3.248523901418754,0.9123743032542856
273,2018-07-02,NSE:PSPPROJECT,491.0,494.95001,482.0,485.29999,10192.0,-1.1709602111996784,3.248523901418754
274,2018-07-03,NSE:PSPPROJECT,486.0,494.10001,480.04999,483.85001,10985.0,-0.298780142154955,-1.1709602111996784
275,2018-07-04,NSE:PSPPROJECT,484.0,485.0,471.04999,478.29999,12894.0,-1.1470538152928875,-0.298780142154955
276,2018-07-05,NSE:PSPPROJECT,487.0,487.0,470.0,478.79999,12577.0,0.10453690371183158,-1.1470538152928875
277,2018-07-06,NSE:PSPPROJECT,479.10001,491.85001,473.0,479.29999,16694.0,0.10442773818771384,0.10453690371183158
278,2018-07-09,NSE:PSPPROJECT,482.0,498.89999,479.95001,494.79999,15447.0,3.2338828131417237,0.10442773818771384
279,2018-07-10,NSE:PSPPROJECT,490.0,495.04999,475.35001,481.85001,20299.0,-2.617215089272735,3.2338828131417237
280,2018-07-11,NSE:PSPPROJECT,477.54999,494.0,477.54999,491.10001,28964.0,1.91968450929367,-2.617215089272735
281,2018-07-12,NSE:PSPPROJECT,485.10001,493.70001,478.0,480.89999,30008.0,-2.0769740973941326,1.91968450929367
282,2018-07-13,NSE:PSPPROJECT,483.95001,483.95001,472.0,473.54999,10420.0,-1.5283843112577362,-2.0769740973941326
283,2018-07-16,NSE:PSPPROJECT,473.54999,476.45001,465.0,467.70001,7891.0,-1.2353458185058688,-1.5283843112577362
284,2018-07-17,NSE:PSPPROJECT,465.0,474.95001,462.0,468.54999,8240.0,0.181736151769584,-1.2353458185058688
285,2018-07-18,NSE:PSPPROJECT,469.39999,475.0,464.0,469.35001,6573.0,0.1707437876586056,0.181736151769584
286,2018-07-19,NSE:PSPPROJECT,465.79999,473.14999,462.0,465.25,3847.0,-0.8735506365494692,0.1707437876586056
287,2018-07-20,NSE:PSPPROJECT,463.0,473.0,462.0,468.54999,5689.0,0.7092939279956969,-0.8735506365494692
288,2018-07-23,NSE:PSPPROJECT,462.10001,470.0,453.0,464.20001,16446.0,-0.9283918670022722,0.7092939279956969
289,2018-07-24,NSE:PSPPROJECT,462.0,481.0,461.0,479.45001,22395.0,3.2852218163459326,-0.9283918670022722
290,2018-07-25,NSE:PSPPROJECT,478.10001,482.85001,471.5,475.0,10960.0,-0.9281489012796182,3.2852218163459326
291,2018-07-26,NSE:PSPPROJECT,479.89999,492.0,474.14999,479.79999,28321.0,1.0105242105263115,-0.9281489012796182
292,2018-07-27,NSE:PSPPROJECT,483.0,484.64999,473.64999,476.10001,15893.0,-0.7711504954387312,1.0105242105263115
293,2018-07-30,NSE:PSPPROJECT,484.89999,494.0,480.5,489.35001,36684.0,2.7830287170126295,-0.7711504954387312
294,2018-07-31,NSE:PSPPROJECT,493.95001,493.95001,480.14999,486.54999,10347.0,-0.5721916711517013,2.7830287170126295
295,2018-08-01,NSE:PSPPROJECT,494.95001,494.95001,473.35001,476.79999,10794.0,-2.003905086916146,-0.5721916711517013
296,2018-08-02,NSE:PSPPROJECT,477.89999,478.04999,457.10001,461.39999,49702.0,-3.229865839552551,-2.003905086916146
297,2018-08-03,NSE:PSPPROJECT,465.0,477.5,465.0,474.25,26995.0,2.7850043949935928,-3.229865839552551
298,2018-08-06,NSE:PSPPROJECT,490.0,490.0,472.25,481.20001,10647.0,1.4654739061676374,2.7850043949935928
299,2018-08-07,NSE:PSPPROJECT,481.25,485.0,473.0,477.35001,9747.0,-0.8000831088927081,1.4654739061676374
300,2018-08-08,NSE:PSPPROJECT,475.04999,490.0,475.0,483.04999,22050.0,1.1940881702296355,-0.8000831088927081
301,2018-08-09,NSE:PSPPROJECT,490.0,493.39999,475.0,481.75,105049.0,-0.269121214555864,1.1940881702296355
302,2018-08-10,NSE:PSPPROJECT,487.0,487.89999,475.0,483.25,11820.0,0.3113648157758173,-0.269121214555864
303,2018-08-13,NSE:PSPPROJECT,485.79999,485.79999,471.0,477.0,19245.0,-1.2933264355923435,0.3113648157758173
304,2018-08-14,NSE:PSPPROJECT,477.0,481.0,468.75,471.64999,6780.0,-1.1215953878406704,-1.2933264355923435
305,2018-08-16,NSE:PSPPROJECT,479.0,479.0,460.0,466.10001,13538.0,-1.176715809958992,-1.1215953878406704
306,2018-08-17,NSE:PSPPROJECT,466.25,476.0,466.20001,474.64999,7471.0,1.8343659765207914,-1.176715809958992
307,2018-08-20,NSE:PSPPROJECT,475.0,484.0,467.5,469.29999,10540.0,-1.1271463420867285,1.8343659765207914
308,2018-08-21,NSE:PSPPROJECT,466.10001,475.0,463.20001,469.45001,13215.0,0.031966759683937016,-1.1271463420867285
309,2018-08-23,NSE:PSPPROJECT,471.39999,471.45001,460.25,462.85001,15524.0,-1.405900491939498,0.031966759683937016
310,2018-08-24,NSE:PSPPROJECT,461.0,465.0,455.79999,462.39999,22043.0,-0.09722804154200947,-1.405900491939498
311,2018-08-27,NSE:PSPPROJECT,464.70001,465.25,447.0,451.45001,22113.0,-2.3680753107282686,-0.09722804154200947
312,2018-08-28,NSE:PSPPROJECT,450.10001,475.04999,450.0,467.10001,67426.0,3.466607520952315,-2.3680753107282686
313,2018-08-29,NSE:PSPPROJECT,468.0,488.70001,462.0,482.35001,64554.0,3.264825449265137,3.466607520952315
314,2018-08-30,NSE:PSPPROJECT,482.0,500.0,476.0,490.85001,44068.0,1.7622058305751875,3.264825449265137
315,2018-08-31,NSE:PSPPROJECT,490.89999,505.0,480.0,500.60001,25317.0,1.9863501683538725,1.7622058305751875
316,2018-09-03,NSE:PSPPROJECT,505.0,505.0,490.5,494.54999,28069.0,-1.2085537113752791,1.9863501683538725
317,2018-09-04,NSE:PSPPROJECT,498.0,501.95001,482.0,485.29999,25314.0,-1.8703872585256753,-1.2085537113752791
318,2018-09-05,NSE:PSPPROJECT,486.60001,492.14999,470.0,481.25,14932.0,-0.8345332955807355,-1.8703872585256753
319,2018-09-06,NSE:PSPPROJECT,500.0,510.89999,487.0,492.35001,66297.0,2.306495584415584,-0.8345332955807355
320,2018-09-07,NSE:PSPPROJECT,490.89999,492.89999,482.45001,486.20001,8409.0,-1.2491113791182775,2.306495584415584
321,2018-09-10,NSE:PSPPROJECT,484.95001,491.95001,475.0,486.14999,33459.0,-0.010287947135175442,-1.2491113791182775
322,2018-09-11,NSE:PSPPROJECT,484.10001,490.70001,480.0,480.70001,12691.0,-1.121049081992161,-0.010287947135175442
323,2018-09-12,NSE:PSPPROJECT,480.10001,483.39999,474.0,479.04999,15681.0,-0.34325358137605205,-1.121049081992161
324,2018-09-14,NSE:PSPPROJECT,482.95001,486.0,475.5,484.20001,15102.0,1.0750485559972647,-0.34325358137605205
325,2018-09-17,NSE:PSPPROJECT,486.45001,486.5,466.0,470.35001,17272.0,-2.860388210235688,1.0750485559972647
326,2018-09-18,NSE:PSPPROJECT,473.89999,478.0,463.0,467.60001,8242.0,-0.5846709772579786,-2.860388210235688
327,2018-09-19,NSE:PSPPROJECT,462.54999,478.0,455.70001,472.20001,21331.0,0.983746771091819,-0.5846709772579786
328,2018-09-21,NSE:PSPPROJECT,476.95001,483.5,440.0,456.85001,40966.0,-3.250741142508663,0.983746771091819
329,2018-09-24,NSE:PSPPROJECT,468.89999,468.89999,431.0,437.54999,37823.0,-4.224585657774204,-3.250741142508663
330,2018-09-25,NSE:PSPPROJECT,434.0,448.20001,418.85001,427.95001,42560.0,-2.1940304466696388,-4.224585657774204
331,2018-09-26,NSE:PSPPROJECT,440.0,456.45001,425.20001,432.95001,34235.0,1.1683607625105559,-2.1940304466696388
332,2018-09-27,NSE:PSPPROJECT,434.04999,436.45001,412.0,415.85001,54258.0,-3.949647674104459,1.1683607625105559
333,2018-09-28,NSE:PSPPROJECT,417.25,429.95001,402.0,411.29999,48040.0,-1.0941493063809276,-3.949647674104459
334,2018-10-01,NSE:PSPPROJECT,411.10001,445.0,375.0,431.85001,51636.0,4.9963580110955075,-1.0941493063809276
335,2018-10-03,NSE:PSPPROJECT,439.64999,444.95001,426.0,439.04999,18525.0,1.6672409015343042,4.9963580110955075
336,2018-10-04,NSE:PSPPROJECT,426.5,432.04999,405.0,420.04999,61617.0,-4.3275254373653445,1.6672409015343042
337,2018-10-05,NSE:PSPPROJECT,420.10001,430.70001,404.29999,411.54999,20146.0,-2.0235686709574736,-4.3275254373653445
338,2018-10-08,NSE:PSPPROJECT,412.54999,419.04999,384.39999,399.70001,20930.0,-2.879353732945045,-2.0235686709574736
339,2018-10-09,NSE:PSPPROJECT,394.85001,406.5,390.54999,395.5,30752.0,-1.0507905666552324,-2.879353732945045
340,2018-10-10,NSE:PSPPROJECT,395.5,413.0,395.0,408.39999,46683.0,3.2616915297092293,-1.0507905666552324
341,2018-10-11,NSE:PSPPROJECT,401.0,406.0,390.0,400.54999,17630.0,-1.9221352086712888,3.2616915297092293
342,2018-10-12,NSE:PSPPROJECT,399.95001,405.95001,396.14999,400.10001,33970.0,-0.11234053457347042,-1.9221352086712888
343,2018-10-15,NSE:PSPPROJECT,406.0,406.0,391.0,398.64999,12015.0,-0.36241438734280335,-0.11234053457347042
344,2018-10-16,NSE:PSPPROJECT,397.29999,400.79999,395.04999,400.0,28363.0,0.3386454368153872,-0.36241438734280335
345,2018-10-17,NSE:PSPPROJECT,401.04999,411.95001,391.25,395.45001,7943.0,-1.137497499999995,0.3386454368153872
346,2018-10-19,NSE:PSPPROJECT,391.60001,396.64999,383.04999,395.89999,13484.0,0.11378935102315012,-1.137497499999995
347,2018-10-22,NSE:PSPPROJECT,395.0,400.10001,384.0,392.95001,8847.0,-0.7451326280659877,0.11378935102315012
348,2018-10-23,NSE:PSPPROJECT,389.14999,392.95001,385.0,388.25,7382.0,-1.1960834407409786,-0.7451326280659877
349,2018-10-24,NSE:PSPPROJECT,389.39999,408.39999,383.0,387.29999,10187.0,-0.24469027688345657,-1.1960834407409786
350,2018-10-25,NSE:PSPPROJECT,389.5,395.0,358.64999,381.10001,25131.0,-1.6008211102716483,-0.24469027688345657
351,2018-10-26,NSE:PSPPROJECT,391.89999,391.89999,365.29999,370.75,39017.0,-2.7158251714556494,-1.6008211102716483
352,2018-10-29,NSE:PSPPROJECT,374.0,394.95001,360.10001,364.95001,318657.0,-1.5643937963587269,-2.7158251714556494
353,2018-10-30,NSE:PSPPROJECT,364.0,374.39999,362.20001,366.70001,95015.0,0.4795177290171878,-1.5643937963587269
354,2018-10-31,NSE:PSPPROJECT,367.04999,371.95001,359.10001,359.95001,25154.0,-1.8407417005524487,0.4795177290171878
355,2018-11-01,NSE:PSPPROJECT,363.04999,375.04999,358.29999,365.14999,46171.0,1.4446394931340554,-1.8407417005524487
356,2018-11-02,NSE:PSPPROJECT,371.35001,385.60001,365.89999,383.64999,31577.0,5.06641120269509,1.4446394931340554
357,2018-11-05,NSE:PSPPROJECT,390.04999,400.0,375.0,381.85001,102308.0,-0.4691724350103606,5.06641120269509
358,2018-11-06,NSE:PSPPROJECT,384.70001,384.70001,375.60001,380.14999,23735.0,-0.44520622115473957,-0.4691724350103606
359,2018-11-07,NSE:PSPPROJECT,383.75,394.89999,383.70001,390.95001,22794.0,2.8409891579899864,-0.44520622115473957
360,2018-11-09,NSE:PSPPROJECT,390.75,399.0,375.04999,385.04999,22175.0,-1.5091494690075695,2.8409891579899864
361,2018-11-12,NSE:PSPPROJECT,396.0,396.0,385.0,391.10001,8299.0,1.5712297512330848,-1.5091494690075695
362,2018-11-13,NSE:PSPPROJECT,390.0,399.0,381.89999,396.70001,16584.0,1.431858823015633,1.5712297512330848
363,2018-11-14,NSE:PSPPROJECT,396.70001,400.0,391.0,397.89999,31436.0,0.30249053938768045,1.431858823015633
364,2018-11-15,NSE:PSPPROJECT,395.95001,402.39999,393.04999,399.04999,14899.0,0.28901734830402415,0.30249053938768045
365,2018-11-16,NSE:PSPPROJECT,399.64999,400.0,389.10001,394.64999,5433.0,-1.1026187470898012,0.28901734830402415
366,2018-11-19,NSE:PSPPROJECT,390.0,404.95001,387.0,396.29999,56133.0,0.4180919908296405,-1.1026187470898012
367,2018-11-20,NSE:PSPPROJECT,400.0,404.89999,390.10001,393.60001,108083.0,-0.6812970144157668,0.4180919908296405
368,2018-11-21,NSE:PSPPROJECT,393.60001,396.70001,388.10001,394.10001,11865.0,0.1270325170977511,-0.6812970144157668
369,2018-11-22,NSE:PSPPROJECT,390.45001,393.39999,380.04999,384.04999,21227.0,-2.550119194363892,0.1270325170977511
370,2018-11-26,NSE:PSPPROJECT,385.0,385.0,378.95001,379.70001,8450.0,-1.1326598394130825,-2.550119194363892
371,2018-11-27,NSE:PSPPROJECT,377.0,389.45001,372.25,385.89999,12724.0,1.6328627434062963,-1.1326598394130825
372,2018-11-28,NSE:PSPPROJECT,395.79999,395.79999,370.0,386.85001,15134.0,0.24618295532995346,1.6328627434062963
373,2018-11-29,NSE:PSPPROJECT,382.45001,399.70001,378.0,389.95001,25302.0,0.80134416954003,0.24618295532995346
374,2018-11-30,NSE:PSPPROJECT,389.04999,390.0,379.10001,388.45001,27181.0,-0.3846646907381795,0.80134416954003
375,2018-12-03,NSE:PSPPROJECT,394.60001,394.60001,386.0,387.85001,9311.0,-0.15446002949002954,-0.3846646907381795
376,2018-12-04,NSE:PSPPROJECT,387.85001,389.0,378.89999,382.25,9773.0,-1.4438597023627762,-0.15446002949002954
377,2018-12-05,NSE:PSPPROJECT,380.0,390.0,375.10001,386.29999,19517.0,1.059513407455848,-1.4438597023627762
378,2018-12-06,NSE:PSPPROJECT,382.0,390.0,378.0,389.04999,20214.0,0.7118819754564323,1.059513407455848
379,2018-12-07,NSE:PSPPROJECT,389.20001,389.20001,381.0,385.45001,5889.0,-0.9253258173840231,0.7118819754564323
380,2018-12-10,NSE:PSPPROJECT,383.25,390.0,372.95001,385.04999,7693.0,-0.103779994713203,-0.9253258173840231
381,2018-12-11,NSE:PSPPROJECT,380.0,385.0,379.04999,384.04999,9822.0,-0.2597065383640187,-0.103779994713203
382,2018-12-12,NSE:PSPPROJECT,385.0,387.85001,376.10001,378.25,24525.0,-1.5102174589302761,-0.2597065383640187
383,2018-12-13,NSE:PSPPROJECT,380.29999,382.75,378.0,379.85001,11148.0,0.42300330469266295,-1.5102174589302761
384,2018-12-14,NSE:PSPPROJECT,378.75,382.0,376.85001,380.70001,6296.0,0.2237725359017426,0.42300330469266295
385,2018-12-17,NSE:PSPPROJECT,377.64999,383.0,375.5,377.5,8986.0,-0.8405594735865702,0.2237725359017426
386,2018-12-18,NSE:PSPPROJECT,376.54999,376.54999,371.10001,372.64999,8196.0,-1.2847708609271515,-0.8405594735865702
387,2018-12-19,NSE:PSPPROJECT,374.04999,383.0,374.0,380.14999,75822.0,2.0126124248654884,-1.2847708609271515
388,2018-12-20,NSE:PSPPROJECT,382.25,389.0,377.10001,385.35001,442440.0,1.3678863966299184,2.0126124248654884
389,2018-12-21,NSE:PSPPROJECT,387.0,392.39999,383.0,388.04999,35345.0,0.7006565278147995,1.3678863966299184
390,2018-12-24,NSE:PSPPROJECT,387.39999,390.0,379.10001,381.75,29931.0,-1.6234995908645637,0.7006565278147995
391,2018-12-26,NSE:PSPPROJECT,383.25,383.25,379.79999,380.04999,49470.0,-0.44532023575639035,-1.6234995908645637
392,2018-12-27,NSE:PSPPROJECT,384.25,384.25,379.60001,380.54999,7670.0,0.13156164008845259,-0.44532023575639035
393,2018-12-28,NSE:PSPPROJECT,380.04999,389.0,379.60001,388.04999,15084.0,1.9708317427626263,0.13156164008845259
394,2018-12-31,NSE:PSPPROJECT,387.89999,394.0,384.10001,392.54999,14804.0,1.1596444056086692,1.9708317427626263
395,2019-01-01,NSE:PSPPROJECT,390.10001,397.0,382.85001,392.95001,19531.0,0.1019029448962769,1.1596444056086692
396,2019-01-02,NSE:PSPPROJECT,392.85001,408.95001,386.04999,403.04999,39190.0,2.57029640996827,0.1019029448962769
397,2019-01-03,NSE:PSPPROJECT,405.0,414.95001,402.14999,411.35001,59286.0,2.0593028671207803,2.57029640996827
398,2019-01-04,NSE:PSPPROJECT,411.14999,423.10001,405.04999,422.20001,34823.0,2.637656432778505,2.0593028671207803
399,2019-01-07,NSE:PSPPROJECT,427.0,435.95001,415.54999,421.25,44124.0,-0.22501420594471805,2.637656432778505
400,2019-01-08,NSE:PSPPROJECT,417.0,435.0,417.0,433.70001,27110.0,2.955491988130569,-0.22501420594471805
401,2019-01-09,NSE:PSPPROJECT,435.85001,439.79999,423.75,435.25,45141.0,0.3573875868713906,2.955491988130569
402,2019-01-10,NSE:PSPPROJECT,438.0,438.5,430.64999,435.95001,15343.0,0.16082940838598972,0.3573875868713906
403,2019-01-11,NSE:PSPPROJECT,432.25,442.14999,428.45001,430.54999,35530.0,-1.2386787191494824,0.16082940838598972
404,2019-01-14,NSE:PSPPROJECT,431.0,431.0,400.0,415.25,66752.0,-3.5535919998511627,-1.2386787191494824
405,2019-01-15,NSE:PSPPROJECT,411.75,424.39999,409.0,411.85001,13022.0,-0.818781456953643,-3.5535919998511627
406,2019-01-16,NSE:PSPPROJECT,410.04999,421.0,401.0,411.5,27870.0,-0.08498482250856264,-0.818781456953643
407,2019-01-17,NSE:PSPPROJECT,414.89999,415.0,403.0,409.70001,13181.0,-0.4374216281895455,-0.08498482250856264
408,2019-01-18,NSE:PSPPROJECT,411.35001,411.35001,395.20001,400.60001,18515.0,-2.2211373634089053,-0.4374216281895455
409,2019-01-21,NSE:PSPPROJECT,408.04999,416.45001,404.0,408.20001,56047.0,1.8971542212392913,-2.2211373634089053
410,2019-01-22,NSE:PSPPROJECT,410.89999,410.89999,402.64999,407.64999,24381.0,-0.13474276984952002,1.8971542212392913
411,2019-01-23,NSE:PSPPROJECT,405.0,408.79999,400.29999,406.25,8238.0,-0.3434294209108168,-0.13474276984952002
412,2019-01-24,NSE:PSPPROJECT,403.04999,405.0,393.75,396.54999,11286.0,-2.387694769230774,-0.3434294209108168
413,2019-01-25,NSE:PSPPROJECT,392.60001,404.89999,388.04999,392.35001,10988.0,-1.0591300229259828,-2.387694769230774
414,2019-01-28,NSE:PSPPROJECT,393.10001,393.10001,380.0,382.95001,24327.0,-2.395819997557787,-1.0591300229259828
415,2019-01-29,NSE:PSPPROJECT,380.04999,385.5,380.0,383.29999,10464.0,0.09139051856924081,-2.395819997557787
416,2019-01-30,NSE:PSPPROJECT,382.54999,384.0,380.0,381.20001,7672.0,-0.5478685245986987,0.09139051856924081
417,2019-01-31,NSE:PSPPROJECT,381.95001,385.0,378.0,381.75,12247.0,0.14427859012909777,-0.5478685245986987
418,2019-02-01,NSE:PSPPROJECT,383.95001,389.0,380.0,384.79999,67978.0,0.7989495743287439,0.14427859012909777
419,2019-02-04,NSE:PSPPROJECT,384.79999,384.79999,379.89999,380.45001,16049.0,-1.1304522123298288,0.7989495743287439
420,2019-02-05,NSE:PSPPROJECT,381.14999,384.5,380.0,380.5,9533.0,0.013139702637931266,-1.1304522123298288
421,2019-02-06,NSE:PSPPROJECT,380.04999,390.95001,380.0,386.0,18721.0,1.445466491458607,0.013139702637931266
422,2019-02-07,NSE:PSPPROJECT,383.0,396.5,382.0,393.60001,18657.0,1.96891450777202,1.445466491458607
423,2019-02-08,NSE:PSPPROJECT,391.14999,394.0,384.39999,388.0,13025.0,-1.4227667321451536,1.96891450777202
424,2019-02-11,NSE:PSPPROJECT,390.0,407.20001,387.0,396.0,18329.0,2.0618556701030926,-1.4227667321451536
425,2019-02-12,NSE:PSPPROJECT,399.70001,399.70001,385.20001,392.29999,16727.0,-0.9343459595959647,2.0618556701030926
426,2019-02-13,NSE:PSPPROJECT,387.04999,396.64999,384.64999,390.0,8485.0,-0.5862834714831321,-0.9343459595959647
427,2019-02-14,NSE:PSPPROJECT,395.04999,395.04999,380.0,390.70001,27482.0,0.17948974358974878,-0.5862834714831321
428,2019-02-15,NSE:PSPPROJECT,391.79999,391.79999,381.04999,385.64999,15202.0,-1.2925569159826786,0.17948974358974878
429,2019-02-18,NSE:PSPPROJECT,377.39999,384.95001,377.39999,380.25,10889.0,-1.4002308155122738,-1.2925569159826786
430,2019-02-19,NSE:PSPPROJECT,380.64999,389.79999,380.64999,386.0,6748.0,1.5121630506245891,-1.4002308155122738
431,2019-02-20,NSE:PSPPROJECT,385.79999,388.14999,381.14999,385.25,9008.0,-0.19430051813471502,1.5121630506245891
432,2019-02-21,NSE:PSPPROJECT,385.25,390.0,382.29999,387.79999,6732.0,0.6619052563270551,-0.19430051813471502
433,2019-02-22,NSE:PSPPROJECT,390.0,395.0,383.10001,390.75,7266.0,0.760703990735023,0.6619052563270551
434,2019-02-25,NSE:PSPPROJECT,396.60001,412.89999,385.54999,392.64999,11729.0,0.48624184261036535,0.760703990735023
435,2019-02-26,NSE:PSPPROJECT,395.95001,409.89999,380.04999,401.04999,33299.0,2.139309872387868,0.48624184261036535
436,2019-02-27,NSE:PSPPROJECT,399.95001,405.0,388.0,401.64999,23702.0,0.14960728461806538,2.139309872387868
437,2019-02-28,NSE:PSPPROJECT,404.85001,408.85001,396.60001,402.0,17674.0,0.08714303715033019,0.14960728461806538
438,2019-03-01,NSE:PSPPROJECT,407.0,431.0,398.70001,428.60001,53304.0,6.61691791044776,0.08714303715033019
439,2019-03-05,NSE:PSPPROJECT,431.60001,456.95001,431.60001,438.75,86587.0,2.3681730665381933,6.61691791044776
440,2019-03-06,NSE:PSPPROJECT,445.35001,464.95001,442.14999,449.89999,65167.0,2.5413082621082626,2.3681730665381933
441,2019-03-07,NSE:PSPPROJECT,457.0,460.0,445.0,446.35001,28724.0,-0.789059808603242,2.5413082621082626
442,2019-03-08,NSE:PSPPROJECT,446.0,452.0,442.0,443.0,71292.0,-0.7505343172278628,-0.789059808603242
443,2019-03-11,NSE:PSPPROJECT,458.0,458.0,439.39999,445.95001,39623.0,0.6659164785553093,-0.7505343172278628
444,2019-03-12,NSE:PSPPROJECT,462.5,469.95001,452.5,466.39999,217733.0,4.5857112997934415,0.6659164785553093
445,2019-03-13,NSE:PSPPROJECT,468.45001,468.45001,456.14999,460.75,24753.0,-1.2114043999014672,4.5857112997934415
446,2019-03-14,NSE:PSPPROJECT,463.89999,466.0,451.95001,463.75,21009.0,0.6511123168746609,-1.2114043999014672
447,2019-03-15,NSE:PSPPROJECT,465.0,466.89999,458.0,462.54999,26680.0,-0.2587622641509477,0.6511123168746609
448,2019-03-18,NSE:PSPPROJECT,475.0,477.0,467.0,469.95001,70905.0,1.5998314041688857,-0.2587622641509477
449,2019-03-19,NSE:PSPPROJECT,470.0,473.0,462.0,468.85001,28245.0,-0.2340674490037829,1.5998314041688857
450,2019-03-20,NSE:PSPPROJECT,471.89999,471.89999,463.14999,467.45001,28952.0,-0.2986029583320212,-0.2340674490037829
451,2019-03-22,NSE:PSPPROJECT,468.29999,472.95001,454.0,458.0,104584.0,-2.0216086849586374,-0.2986029583320212
452,2019-03-25,NSE:PSPPROJECT,458.0,461.39999,452.60001,455.10001,32328.0,-0.6331855895196512,-2.0216086849586374
453,2019-03-26,NSE:PSPPROJECT,450.29999,459.60001,450.25,455.45001,19402.0,0.07690617277728092,-0.6331855895196512
454,2019-03-27,NSE:PSPPROJECT,457.95001,462.0,452.10001,455.29999,57980.0,-0.032938850961939915,0.07690617277728092
455,2019-03-28,NSE:PSPPROJECT,459.70001,462.5,455.35001,458.0,28095.0,0.5930178034925985,-0.032938850961939915
456,2019-03-29,NSE:PSPPROJECT,464.89999,464.89999,454.0,456.64999,56730.0,-0.2947620087336239,0.5930178034925985
457,2019-04-01,NSE:PSPPROJECT,459.95001,477.0,459.89999,465.79999,47094.0,2.003722807483249,-0.2947620087336239
458,2019-04-02,NSE:PSPPROJECT,472.79999,473.95001,464.45001,470.10001,23049.0,0.9231472933264807,2.003722807483249
459,2019-04-03,NSE:PSPPROJECT,465.0,473.70001,465.0,469.75,20161.0,-0.07445436982653915,0.9231472933264807
460,2019-04-04,NSE:PSPPROJECT,477.0,477.0,465.5,474.20001,18152.0,0.9473145290047941,-0.07445436982653915
461,2019-04-05,NSE:PSPPROJECT,465.0,475.0,465.0,474.29999,15014.0,0.021083930386243465,0.9473145290047941
462,2019-04-08,NSE:PSPPROJECT,474.0,480.0,472.0,478.04999,47722.0,0.7906388528492274,0.021083930386243465
463,2019-04-09,NSE:PSPPROJECT,478.0,478.89999,468.10001,477.35001,17005.0,-0.14642401728739338,0.7906388528492274
464,2019-04-10,NSE:PSPPROJECT,480.95001,480.95001,472.0,477.85001,20243.0,0.10474494386205208,-0.14642401728739338
465,2019-04-11,NSE:PSPPROJECT,474.75,486.95001,472.5,483.85001,20624.0,1.2556241235612824,0.10474494386205208
466,2019-04-12,NSE:PSPPROJECT,474.25,483.54999,472.10001,475.5,17027.0,-1.7257434798854294,1.2556241235612824
467,2019-04-15,NSE:PSPPROJECT,482.5,482.5,474.54999,476.79999,10563.0,0.27339432176655726,-1.7257434798854294
468,2019-04-16,NSE:PSPPROJECT,477.0,480.0,475.0,477.95001,14796.0,0.24119547485729614,0.27339432176655726
469,2019-04-18,NSE:PSPPROJECT,477.0,481.95001,467.39999,476.35001,14480.0,-0.3347630435241591,0.24119547485729614
470,2019-04-22,NSE:PSPPROJECT,477.5,490.0,473.60001,476.85001,10391.0,0.10496483457615546,-0.3347630435241591
471,2019-04-23,NSE:PSPPROJECT,479.79999,479.79999,472.29999,477.45001,9621.0,0.1258257287233826,0.10496483457615546
472,2019-04-24,NSE:PSPPROJECT,484.39999,484.39999,474.60001,479.0,10565.0,0.32463922243922033,0.1258257287233826
473,2019-04-25,NSE:PSPPROJECT,481.95001,482.0,475.10001,476.39999,8844.0,-0.542799582463465,0.32463922243922033
474,2019-04-26,NSE:PSPPROJECT,475.5,478.5,468.20001,470.95001,16152.0,-1.1439924673382091,-0.542799582463465
475,2019-04-30,NSE:PSPPROJECT,474.0,475.0,465.35001,469.64999,29526.0,-0.2760420368183064,-1.1439924673382091
476,2019-05-02,NSE:PSPPROJECT,470.0,475.70001,465.10001,473.70001,9157.0,0.862348575797908,-0.2760420368183064
477,2019-05-03,NSE:PSPPROJECT,473.75,478.0,467.10001,470.29999,11952.0,-0.7177580595786858,0.862348575797908
478,2019-05-06,NSE:PSPPROJECT,470.29999,473.0,456.54999,468.89999,16063.0,-0.2976823367570085,-0.7177580595786858
479,2019-05-07,NSE:PSPPROJECT,467.04999,471.25,461.10001,464.20001,5362.0,-1.0023416720482297,-0.2976823367570085
480,2019-05-08,NSE:PSPPROJECT,469.85001,470.10001,454.0,459.85001,24978.0,-0.9370960590888445,-1.0023416720482297
481,2019-05-09,NSE:PSPPROJECT,464.79999,464.79999,438.0,444.25,83415.0,-3.3924126695136962,-0.9370960590888445
482,2019-05-10,NSE:PSPPROJECT,439.25,449.29999,439.20001,444.04999,11590.0,-0.045021947101861616,-3.3924126695136962
483,2019-05-13,NSE:PSPPROJECT,445.0,447.85001,440.60001,441.85001,12232.0,-0.495435209896071,-0.045021947101861616
484,2019-05-14,NSE:PSPPROJECT,433.25,448.5,432.35001,443.35001,21175.0,0.33948171688397155,-0.495435209896071
485,2019-05-15,NSE:PSPPROJECT,443.39999,446.20001,430.14999,441.89999,12591.0,-0.3270598775897163,0.33948171688397155
486,2019-05-16,NSE:PSPPROJECT,441.89999,445.25,434.0,439.25,16312.0,-0.5996809368563241,-0.3270598775897163
487,2019-05-17,NSE:PSPPROJECT,439.95001,443.89999,430.5,434.25,8193.0,-1.1383039271485487,-0.5996809368563241
488,2019-05-20,NSE:PSPPROJECT,463.0,463.0,440.10001,457.85001,43326.0,5.434659758203799,-1.1383039271485487
489,2019-05-21,NSE:PSPPROJECT,460.0,460.0,443.0,446.70001,13501.0,-2.435295349234562,5.434659758203799
490,2019-05-22,NSE:PSPPROJECT,443.10001,456.95001,443.0,453.25,12151.0,1.4663062129772462,-2.435295349234562
491,2019-05-23,NSE:PSPPROJECT,469.95001,481.89999,461.95001,466.60001,68498.0,2.9453965802537225,1.4663062129772462
492,2019-05-24,NSE:PSPPROJECT,468.0,511.89999,463.10001,509.20001,112492.0,9.129875500859939,2.9453965802537225
493,2019-05-27,NSE:PSPPROJECT,517.0,539.90002,432.79999,504.5,184229.0,-0.9230184422030983,9.129875500859939
494,2019-05-28,NSE:PSPPROJECT,519.0,519.0,504.04999,509.79999,36719.0,1.0505431119920674,-0.9230184422030983
495,2019-05-29,NSE:PSPPROJECT,515.34998,518.0,500.0,507.95001,29299.0,-0.36288349083725163,1.0505431119920674
496,2019-05-30,NSE:PSPPROJECT,508.5,516.0,507.0,511.10001,21030.0,0.6201397653284774,-0.36288349083725163
497,2019-05-31,NSE:PSPPROJECT,511.10001,528.70001,511.10001,521.29999,47183.0,1.9956916064235612,0.6201397653284774
498,2019-06-03,NSE:PSPPROJECT,521.29999,536.0,511.0,528.45001,39701.0,1.3715749351923143,1.9956916064235612
499,2019-06-04,NSE:PSPPROJECT,527.95001,532.5,521.0,527.45001,20993.0,-0.18923265797648484,1.3715749351923143
500,2019-06-06,NSE:PSPPROJECT,535.09998,567.0,522.04999,534.04999,102415.0,1.2512996255322772,-0.18923265797648484
501,2019-06-07,NSE:PSPPROJECT,538.34998,540.0,522.0,536.79999,21340.0,0.5149330683444073,1.2512996255322772
502,2019-06-10,NSE:PSPPROJECT,541.75,541.75,520.15002,524.75,24533.0,-2.2447820835466077,0.5149330683444073
503,2019-06-11,NSE:PSPPROJECT,525.0,527.75,515.0,520.34998,114625.0,-0.838498332539312,-2.2447820835466077
504,2019-06-12,NSE:PSPPROJECT,516.0,540.0,500.39999,523.65002,9136.0,0.6341962384624443,-0.838498332539312
505,2019-06-13,NSE:PSPPROJECT,528.34998,534.25,524.0,528.5,12840.0,0.9261873034970873,0.6341962384624443
506,2019-06-14,NSE:PSPPROJECT,532.95001,544.90002,531.0,540.54999,24271.0,2.280035950804159,0.9261873034970873
507,2019-06-17,NSE:PSPPROJECT,544.95001,544.95001,525.09998,529.40002,20640.0,-2.0627083907632557,2.280035950804159
508,2019-06-18,NSE:PSPPROJECT,528.0,535.45001,520.0,521.04999,14231.0,-1.5772628795896269,-2.0627083907632557
509,2019-06-19,NSE:PSPPROJECT,523.04999,527.84998,516.79999,520.40002,14607.0,-0.12474234957761718,-1.5772628795896269
510,2019-06-20,NSE:PSPPROJECT,511.35001,538.0,511.35001,524.09998,37049.0,0.7109838312458018,-0.12474234957761718
511,2019-06-21,NSE:PSPPROJECT,531.90002,531.90002,516.34998,520.84998,9532.0,-0.6201106895672845,0.7109838312458018
512,2019-06-24,NSE:PSPPROJECT,526.90002,526.90002,519.75,524.75,21512.0,0.7487799077961068,-0.6201106895672845
513,2019-06-25,NSE:PSPPROJECT,510.04999,524.79999,510.04999,520.65002,10935.0,-0.7813206288708833,0.7487799077961068
514,2019-06-26,NSE:PSPPROJECT,519.45001,526.0,519.45001,521.70001,24034.0,0.20166905976494146,-0.7813206288708833
515,2019-06-27,NSE:PSPPROJECT,521.20001,525.0,520.0,521.84998,11000.0,0.028746405429422806,0.20166905976494146
516,2019-06-28,NSE:PSPPROJECT,522.0,557.15002,522.0,549.25,66544.0,5.250554958342634,0.028746405429422806
517,2019-07-01,NSE:PSPPROJECT,554.90002,555.0,547.09998,549.90002,17410.0,0.11834683659536467,5.250554958342634
518,2019-07-02,NSE:PSPPROJECT,545.20001,554.0,545.20001,552.34998,13289.0,0.4455282616647148,0.11834683659536467
519,2019-07-03,NSE:PSPPROJECT,547.09998,556.0,547.09998,550.09998,21801.0,-0.4073504266262488,0.4455282616647148
520,2019-07-04,NSE:PSPPROJECT,557.5,557.5,546.54999,550.90002,18260.0,0.14543538067390605,-0.4073504266262488
521,2019-07-05,NSE:PSPPROJECT,546.0,560.0,546.0,550.0,24338.0,-0.16337265698411854,0.14543538067390605
522,2019-07-08,NSE:PSPPROJECT,549.70001,549.70001,525.0,533.25,32393.0,-3.0454545454545454,-0.16337265698411854
523,2019-07-09,NSE:PSPPROJECT,530.0,539.0,519.90002,533.75,12317.0,0.09376465072667604,-3.0454545454545454
524,2019-07-10,NSE:PSPPROJECT,522.79999,548.54999,522.79999,540.0,22411.0,1.1709601873536302,0.09376465072667604
525,2019-07-11,NSE:PSPPROJECT,540.09998,546.90002,532.5,537.65002,12158.0,-0.435181481481474,1.1709601873536302
526,2019-07-12,NSE:PSPPROJECT,537.75,537.75,526.20001,532.15002,10345.0,-1.0229702958069264,-0.435181481481474
527,2019-07-15,NSE:PSPPROJECT,532.15002,536.84998,525.90002,532.45001,9859.0,0.05637320092555474,-1.0229702958069264
528,2019-07-16,NSE:PSPPROJECT,529.15002,531.95001,519.95001,524.20001,22398.0,-1.5494412329901166,0.05637320092555474
529,2019-07-17,NSE:PSPPROJECT,523.70001,527.09998,515.04999,520.09998,26064.0,-0.7821499278491163,-1.5494412329901166
530,2019-07-18,NSE:PSPPROJECT,512.20001,523.65002,512.20001,520.40002,13646.0,0.05768890819801241,-0.7821499278491163
531,2019-07-19,NSE:PSPPROJECT,520.5,523.0,495.0,513.40002,32886.0,-1.345119087428167,0.05768890819801241
532,2019-07-22,NSE:PSPPROJECT,513.40002,513.45001,491.60001,493.79999,28853.0,-3.817691709478324,-1.345119087428167
533,2019-07-23,NSE:PSPPROJECT,493.04999,499.64999,485.0,490.10001,16250.0,-0.74928717596774,-3.817691709478324
534,2019-07-24,NSE:PSPPROJECT,497.95001,497.95001,484.5,486.0,9571.0,-0.8365659898680674,-0.74928717596774
535,2019-07-25,NSE:PSPPROJECT,486.95001,502.5,485.0,488.35001,9038.0,0.48354115226337396,-0.8365659898680674
536,2019-07-26,NSE:PSPPROJECT,488.35001,497.25,485.0,495.25,6214.0,1.4129189840704626,0.48354115226337396
537,2019-07-29,NSE:PSPPROJECT,495.0,499.0,485.0,486.85001,6804.0,-1.6961110550227163,1.4129189840704626
538,2019-07-30,NSE:PSPPROJECT,483.39999,492.45001,483.39999,484.85001,8024.0,-0.41080414068390386,-1.6961110550227163
539,2019-07-31,NSE:PSPPROJECT,482.70001,494.0,466.14999,489.95001,19760.0,1.0518716912061161,-0.41080414068390386
540,2019-08-01,NSE:PSPPROJECT,480.04999,488.29999,471.54999,482.85001,9143.0,-1.4491274324088743,1.0518716912061161
541,2019-08-02,NSE:PSPPROJECT,482.25,483.54999,471.04999,480.39999,8535.0,-0.5074080872443173,-1.4491274324088743
542,2019-08-05,NSE:PSPPROJECT,479.0,484.0,464.0,471.0,20322.0,-1.95670070684223,-0.5074080872443173
543,2019-08-06,NSE:PSPPROJECT,465.95001,488.0,465.95001,484.45001,10822.0,2.8556284501061615,-1.95670070684223
544,2019-08-07,NSE:PSPPROJECT,487.95001,488.0,475.04999,484.95001,4210.0,0.10320982344494119,2.8556284501061615
545,2019-08-08,NSE:PSPPROJECT,476.0,485.0,475.0,482.64999,6196.0,-0.4742798128821603,0.10320982344494119
546,2019-08-09,NSE:PSPPROJECT,473.04999,499.95001,473.04999,494.85001,41046.0,2.527715788412219,-0.4742798128821603
547,2019-08-13,NSE:PSPPROJECT,496.79999,517.5,474.0,514.04999,25809.0,3.8799595053054525,2.527715788412219
548,2019-08-14,NSE:PSPPROJECT,513.95001,529.45001,511.85001,527.54999,19716.0,2.626203727773636,3.8799595053054525
549,2019-08-16,NSE:PSPPROJECT,527.0,529.90002,516.15002,520.29999,8246.0,-1.37427734573552,2.626203727773636
550,2019-08-19,NSE:PSPPROJECT,524.95001,526.95001,512.04999,515.29999,5922.0,-0.960984066134616,-1.37427734573552
551,2019-08-20,NSE:PSPPROJECT,511.0,520.75,501.10001,505.20001,7626.0,-1.9600194442076275,-0.960984066134616
552,2019-08-21,NSE:PSPPROJECT,505.20001,513.29999,488.0,510.89999,12936.0,1.1282620520929882,-1.9600194442076275
553,2019-08-22,NSE:PSPPROJECT,512.0,512.0,485.0,496.39999,20750.0,-2.838128847878819,1.1282620520929882
554,2019-08-23,NSE:PSPPROJECT,495.85001,502.5,478.0,498.35001,17968.0,0.3928324011448902,-2.838128847878819
555,2019-08-26,NSE:PSPPROJECT,500.20001,514.90002,484.89999,510.04999,18398.0,2.3477435066169625,0.3928324011448902
556,2019-08-27,NSE:PSPPROJECT,500.75,518.34998,500.75,509.29999,16082.0,-0.14704441029397924,2.3477435066169625
557,2019-08-28,NSE:PSPPROJECT,507.0,510.79999,494.0,495.14999,7910.0,-2.778323243242156,-0.14704441029397924
558,2019-08-29,NSE:PSPPROJECT,490.04999,505.75,490.04999,499.35001,27516.0,0.8482318660654714,-2.778323243242156
559,2019-08-30,NSE:PSPPROJECT,501.60001,503.70001,493.0,495.54999,6447.0,-0.7609932760389887,0.8482318660654714
560,2019-09-03,NSE:PSPPROJECT,492.0,495.54999,486.5,489.79999,9505.0,-1.1603269329094326,-0.7609932760389887
561,2019-09-04,NSE:PSPPROJECT,489.89999,511.29999,487.10001,507.79999,13684.0,3.6749694502852073,-1.1603269329094326
562,2019-09-05,NSE:PSPPROJECT,511.75,515.0,502.0,510.60001,5104.0,0.5514021376802346,3.6749694502852073
563,2019-09-06,NSE:PSPPROJECT,513.90002,529.75,513.90002,521.15002,29919.0,2.0661985494281607,0.5514021376802346
564,2019-09-09,NSE:PSPPROJECT,516.0,526.0,516.0,521.20001,5432.0,0.00959224754514636,2.0661985494281607
565,2019-09-11,NSE:PSPPROJECT,524.0,524.90002,512.0,517.79999,5492.0,-0.6523445768928593,0.00959224754514636
566,2019-09-12,NSE:PSPPROJECT,525.75,530.0,512.15002,524.25,13445.0,1.2456566482359377,-0.6523445768928593
567,2019-09-13,NSE:PSPPROJECT,515.04999,525.0,506.25,512.09998,21399.0,-2.317600381497385,1.2456566482359377
568,2019-09-16,NSE:PSPPROJECT,523.04999,523.04999,508.25,510.64999,3048.0,-0.28314588100549376,-2.317600381497385
569,2019-09-17,NSE:PSPPROJECT,513.29999,513.84998,487.14999,492.0,14734.0,-3.6522060834662904,-0.28314588100549376
570,2019-09-18,NSE:PSPPROJECT,496.45001,504.89999,492.0,498.10001,13899.0,1.2398394308943084,-3.6522060834662904
571,2019-09-19,NSE:PSPPROJECT,506.0,506.0,491.5,492.20001,3321.0,-1.184501080415553,1.2398394308943084
572,2019-09-20,NSE:PSPPROJECT,492.5,519.70001,484.95001,513.34998,24456.0,4.297027543741809,-1.184501080415553
573,2019-09-23,NSE:PSPPROJECT,534.0,534.70001,510.39999,531.70001,32719.0,3.5745652507866197,4.297027543741809
574,2019-09-24,NSE:PSPPROJECT,534.79999,549.0,528.04999,545.5,42678.0,2.595446631644784,3.5745652507866197
575,2019-09-25,NSE:PSPPROJECT,547.5,554.75,546.5,548.40002,31772.0,0.5316260311640771,2.595446631644784
576,2019-09-26,NSE:PSPPROJECT,545.09998,574.90002,545.09998,570.15002,50944.0,3.9660830063427057,0.5316260311640771
577,2019-09-27,NSE:PSPPROJECT,574.40002,576.84998,561.0,565.0,22869.0,-0.9032745451802388,3.9660830063427057
578,2019-09-30,NSE:PSPPROJECT,567.0,572.0,556.5,564.75,11239.0,-0.04424778761061947,-0.9032745451802388
579,2019-10-01,NSE:PSPPROJECT,571.90002,571.90002,551.0,551.25,11676.0,-2.3904382470119523,-0.04424778761061947
580,2019-10-03,NSE:PSPPROJECT,540.0,556.20001,540.0,545.65002,5613.0,-1.0158693877550946,-2.3904382470119523
581,2019-10-04,NSE:PSPPROJECT,542.04999,549.95001,538.95001,544.0,8723.0,-0.30239529726399356,-1.0158693877550946
582,2019-10-07,NSE:PSPPROJECT,524.25,550.75,524.25,549.15002,12182.0,0.9466948529411838,-0.30239529726399356
583,2019-10-09,NSE:PSPPROJECT,552.70001,558.0,542.79999,549.90002,27667.0,0.1365747013903414,0.9466948529411838
584,2019-10-10,NSE:PSPPROJECT,549.95001,549.95001,542.0,544.5,7270.0,-0.9820003279869021,0.1365747013903414
585,2019-10-11,NSE:PSPPROJECT,552.95001,552.95001,538.04999,544.25,9574.0,-0.04591368227731864,-0.9820003279869021
586,2019-10-14,NSE:PSPPROJECT,544.25,558.0,544.0,548.29999,10340.0,0.7441414790996748,-0.04591368227731864
587,2019-10-15,NSE:PSPPROJECT,535.0,550.5,535.0,543.65002,5201.0,-0.8480704148836369,0.7441414790996748
588,2019-10-16,NSE:PSPPROJECT,524.29999,550.0,524.29999,548.84998,3467.0,0.9564903538493236,-0.8480704148836369
589,2019-10-17,NSE:PSPPROJECT,550.0,553.40002,542.15002,551.15002,23449.0,0.41906533366368726,0.9564903538493236
590,2019-10-18,NSE:PSPPROJECT,552.79999,553.90002,543.09998,550.45001,9088.0,-0.12700897661221533,0.41906533366368726
591,2019-10-22,NSE:PSPPROJECT,556.75,561.79999,540.0,543.5,53027.0,-1.262605118310384,-0.12700897661221533
592,2019-10-23,NSE:PSPPROJECT,553.0,565.70001,540.25,551.34998,33772.0,1.4443385464581342,-1.262605118310384
593,2019-10-24,NSE:PSPPROJECT,561.70001,561.70001,540.04999,542.79999,8792.0,-1.5507373374711977,1.4443385464581342
594,2019-10-25,NSE:PSPPROJECT,545.0,554.40002,532.04999,546.65002,8790.0,0.709290727879354,-1.5507373374711977
595,2019-10-29,NSE:PSPPROJECT,550.0,553.90002,536.29999,552.70001,23382.0,1.1067391893628722,0.709290727879354
596,2019-10-30,NSE:PSPPROJECT,560.0,560.0,543.09998,544.75,13521.0,-1.438395125051657,1.1067391893628722
597,2019-10-31,NSE:PSPPROJECT,553.90002,553.90002,540.54999,547.04999,17273.0,0.4222101881597026,-1.438395125051657
598,2019-11-01,NSE:PSPPROJECT,537.15002,551.0,537.15002,542.45001,20189.0,-0.8408701369320855,0.4222101881597026
599,2019-11-04,NSE:PSPPROJECT,551.90002,551.90002,536.09998,546.04999,18890.0,0.6636519372540817,-0.8408701369320855
600,2019-11-05,NSE:PSPPROJECT,541.70001,548.0,540.0,542.29999,20810.0,-0.6867503101684884,0.6636519372540817
601,2019-11-06,NSE:PSPPROJECT,541.0,554.34998,535.04999,540.59998,27765.0,-0.3134814736028338,-0.6867503101684884
602,2019-11-07,NSE:PSPPROJECT,545.5,549.95001,536.0,539.70001,13659.0,-0.1664761437837899,-0.3134814736028338
603,2019-11-08,NSE:PSPPROJECT,540.0,546.0,536.0,540.20001,15611.0,0.09264405979907245,-0.1664761437837899
604,2019-11-11,NSE:PSPPROJECT,536.15002,545.95001,535.04999,539.0,6608.0,-0.22214179522136995,0.09264405979907245
605,2019-11-13,NSE:PSPPROJECT,549.70001,549.70001,517.09998,521.40002,24046.0,-3.265302411873833,-0.22214179522136995
606,2019-11-14,NSE:PSPPROJECT,518.0,537.0,518.0,529.09998,66781.0,1.4767855206449587,-3.265302411873833
607,2019-11-15,NSE:PSPPROJECT,537.95001,542.40002,522.25,525.29999,41080.0,-0.7181988553467683,1.4767855206449587
608,2019-11-18,NSE:PSPPROJECT,540.0,540.0,520.0,523.70001,11271.0,-0.30458405300939745,-0.7181988553467683
609,2019-11-19,NSE:PSPPROJECT,539.5,541.84998,525.5,527.90002,26429.0,0.8019877639490632,-0.30458405300939745
610,2019-11-20,NSE:PSPPROJECT,528.0,534.70001,519.0,522.5,9435.0,-1.0229247576084652,0.8019877639490632
611,2019-11-21,NSE:PSPPROJECT,525.0,534.0,516.20001,531.04999,18366.0,1.6363617224880345,-1.0229247576084652
612,2019-11-22,NSE:PSPPROJECT,539.70001,539.70001,512.45001,517.0,18331.0,-2.6457000780660933,1.6363617224880345
613,2019-11-25,NSE:PSPPROJECT,528.0,528.0,512.45001,520.15002,9412.0,0.6092882011605494,-2.6457000780660933
614,2019-11-26,NSE:PSPPROJECT,532.0,532.0,510.54999,517.40002,40394.0,-0.5286936257351292,0.6092882011605494
615,2019-11-27,NSE:PSPPROJECT,522.65002,522.65002,505.10001,508.64999,40767.0,-1.691153780782621,-0.5286936257351292
616,2019-11-28,NSE:PSPPROJECT,503.5,516.95001,503.5,512.90002,15604.0,0.8355509846761302,-1.691153780782621
617,2019-11-29,NSE:PSPPROJECT,518.95001,518.95001,490.0,498.39999,62469.0,-2.8270675442750104,0.8355509846761302
618,2019-12-02,NSE:PSPPROJECT,509.89999,533.54999,493.85001,513.20001,83542.0,2.969506480126538,-2.8270675442750104
619,2019-12-03,NSE:PSPPROJECT,515.29999,517.95001,504.0,505.04999,8391.0,-1.5880786908012805,2.969506480126538
620,2019-12-04,NSE:PSPPROJECT,505.35001,511.5,501.04999,508.85001,6764.0,0.7524047273023444,-1.5880786908012805
621,2019-12-05,NSE:PSPPROJECT,512.95001,512.95001,491.39999,495.45001,55429.0,-2.633388962692558,0.7524047273023444
622,2019-12-06,NSE:PSPPROJECT,490.0,496.0,471.0,473.75,63907.0,-4.379858625898508,-2.633388962692558
623,2019-12-09,NSE:PSPPROJECT,470.0,513.0,468.0,493.70001,84443.0,4.211083905013197,-4.379858625898508
624,2019-12-10,NSE:PSPPROJECT,498.64999,511.0,495.10001,506.85001,32745.0,2.663560812972229,4.211083905013197
625,2019-12-11,NSE:PSPPROJECT,510.0,510.0,500.14999,503.75,19344.0,-0.6116227560102045,2.663560812972229
626,2019-12-12,NSE:PSPPROJECT,510.0,510.64999,500.0,507.04999,15466.0,0.6550848635235692,-0.6116227560102045
627,2019-12-13,NSE:PSPPROJECT,507.0,524.90002,505.85001,511.25,44662.0,0.8283226669622892,0.6550848635235692
628,2019-12-16,NSE:PSPPROJECT,514.84998,514.90002,506.0,507.85001,12943.0,-0.6650347188264063,0.8283226669622892
629,2019-12-17,NSE:PSPPROJECT,508.25,509.0,504.5,505.70001,7326.0,-0.42335334403163194,-0.6650347188264063
630,2019-12-18,NSE:PSPPROJECT,512.0,512.0,502.29999,505.35001,11018.0,-0.069210993292253,-0.42335334403163194
631,2019-12-19,NSE:PSPPROJECT,490.0,509.54999,490.0,505.89999,7352.0,0.10883150076518353,-0.069210993292253
632,2019-12-20,NSE:PSPPROJECT,508.45001,509.29999,503.29999,505.14999,5020.0,-0.14825064534988427,0.10883150076518353
633,2019-12-23,NSE:PSPPROJECT,516.0,518.70001,505.0,508.60001,25580.0,0.6829694285453702,-0.14825064534988427
634,2019-12-24,NSE:PSPPROJECT,505.0,508.5,501.0,502.10001,41597.0,-1.2780180637432548,0.6829694285453702
635,2019-12-26,NSE:PSPPROJECT,502.10001,509.0,490.14999,493.29999,42082.0,-1.7526428649145054,-1.2780180637432548
636,2019-12-27,NSE:PSPPROJECT,493.0,499.0,489.0,491.25,13624.0,-0.41556660076153257,-1.7526428649145054
637,2019-12-30,NSE:PSPPROJECT,507.39999,519.0,490.10001,494.20001,80175.0,0.6005109414758311,-0.41556660076153257
638,2019-12-31,NSE:PSPPROJECT,492.54999,496.60001,488.64999,493.14999,27593.0,-0.21246863188044404,0.6005109414758311
639,2020-01-01,NSE:PSPPROJECT,497.04999,500.0,492.64999,495.54999,13289.0,0.4866673524620729,-0.21246863188044404
640,2020-01-02,NSE:PSPPROJECT,498.79999,503.95001,492.10001,499.35001,12636.0,0.7668287915816562,0.4866673524620729
641,2020-01-03,NSE:PSPPROJECT,498.0,516.0,495.04999,511.20001,24450.0,2.3730849629901924,0.7668287915816562
642,2020-01-06,NSE:PSPPROJECT,506.64999,516.0,495.35001,512.90002,21593.0,0.33255281039607576,2.3730849629901924
643,2020-01-07,NSE:PSPPROJECT,519.0,521.0,505.45001,516.95001,15847.0,0.7896256272323755,0.33255281039607576
644,2020-01-08,NSE:PSPPROJECT,516.04999,523.04999,505.64999,518.34998,12793.0,0.2708134196573358,0.7896256272323755
645,2020-01-09,NSE:PSPPROJECT,514.54999,525.0,514.54999,520.40002,9760.0,0.3954934077551389,0.2708134196573358
646,2020-01-10,NSE:PSPPROJECT,528.25,531.0,518.0,528.5,30274.0,1.5564911008266216,0.3954934077551389
647,2020-01-13,NSE:PSPPROJECT,529.95001,560.0,524.25,547.54999,42349.0,3.6045392620624375,1.5564911008266216
648,2020-01-14,NSE:PSPPROJECT,548.54999,557.79999,545.40002,548.95001,36244.0,0.2556880696865761,3.6045392620624375
649,2020-01-15,NSE:PSPPROJECT,535.54999,552.5,535.54999,549.90002,25559.0,0.17305947403116365,0.2556880696865761
650,2020-01-16,NSE:PSPPROJECT,557.0,557.0,542.0,543.95001,9926.0,-1.0820166909613895,0.17305947403116365
651,2020-01-17,NSE:PSPPROJECT,540.04999,555.0,540.0,543.84998,27969.0,-0.01838955752571099,-1.0820166909613895
652,2020-01-20,NSE:PSPPROJECT,546.09998,547.15002,532.09998,534.34998,10658.0,-1.746805249491781,-0.01838955752571099
653,2020-01-21,NSE:PSPPROJECT,538.0,545.0,528.04999,530.65002,17519.0,-0.6924225953933636,-1.746805249491781
654,2020-01-22,NSE:PSPPROJECT,537.95001,540.0,530.0,533.65002,7341.0,0.5653443676493218,-0.6924225953933636
655,2020-01-23,NSE:PSPPROJECT,534.79999,535.04999,528.0,532.0,15310.0,-0.30919515378263085,0.5653443676493218
656,2020-01-24,NSE:PSPPROJECT,535.0,535.0,521.09998,525.5,13222.0,-1.2218045112781954,-0.30919515378263085
657,2020-01-27,NSE:PSPPROJECT,532.84998,542.29999,527.0,529.5,24835.0,0.7611798287345386,-1.2218045112781954
658,2020-01-28,NSE:PSPPROJECT,535.0,535.0,524.0,527.29999,10343.0,-0.415488196411713,0.7611798287345386
659,2020-01-29,NSE:PSPPROJECT,545.0,545.0,524.0,529.0,11196.0,0.3223990199582633,-0.415488196411713
660,2020-01-30,NSE:PSPPROJECT,525.29999,528.0,516.20001,520.90002,12093.0,-1.5311871455576482,0.3223990199582633
661,2020-01-31,NSE:PSPPROJECT,514.0,521.04999,509.89999,515.5,7476.0,-1.036671106290232,-1.5311871455576482
662,2020-02-01,NSE:PSPPROJECT,527.0,530.34998,512.0,516.65002,9789.0,0.22308826382154032,-1.036671106290232
663,2020-02-03,NSE:PSPPROJECT,519.95001,523.15002,503.0,504.39999,13837.0,-2.371049942086528,0.22308826382154032
664,2020-02-04,NSE:PSPPROJECT,500.0,520.5,500.0,518.95001,8354.0,2.8846194069115696,-2.371049942086528
665,2020-02-05,NSE:PSPPROJECT,520.04999,527.5,515.0,522.59998,11360.0,0.7033374948773851,2.8846194069115696
666,2020-02-06,NSE:PSPPROJECT,522.65002,525.0,513.0,515.0,16741.0,-1.4542633545450883,0.7033374948773851
667,2020-02-07,NSE:PSPPROJECT,521.79999,522.75,509.0,510.75,192995.0,-0.825242718446602,-1.4542633545450883
668,2020-02-10,NSE:PSPPROJECT,516.5,520.5,513.75,519.25,51566.0,1.6642192853646598,-0.825242718446602
669,2020-02-11,NSE:PSPPROJECT,526.90002,539.95001,506.20001,508.5,76488.0,-2.0702936928261915,1.6642192853646598
670,2020-02-12,NSE:PSPPROJECT,512.59998,515.79999,508.0,510.29999,10666.0,0.3539803343166135,-2.0702936928261915
671,2020-02-13,NSE:PSPPROJECT,522.0,522.0,506.10001,509.39999,7536.0,-0.1763668464896457,0.3539803343166135
672,2020-02-14,NSE:PSPPROJECT,509.39999,514.0,504.70001,507.35001,18085.0,-0.40243031806891183,-0.1763668464896457
673,2020-02-17,NSE:PSPPROJECT,519.0,524.70001,516.0,519.45001,86871.0,2.384941314971103,-0.40243031806891183
674,2020-02-18,NSE:PSPPROJECT,524.90002,524.90002,515.0,519.59998,23374.0,0.02887092061080898,2.384941314971103
675,2020-02-19,NSE:PSPPROJECT,523.90002,523.95001,516.25,519.95001,33682.0,0.06736528357835209,0.02887092061080898
676,2020-02-20,NSE:PSPPROJECT,520.29999,524.0,515.0,517.70001,18012.0,-0.43273390840015563,0.06736528357835209
677,2020-02-24,NSE:PSPPROJECT,517.70001,521.0,511.79999,513.70001,23158.0,-0.7726482369586973,-0.43273390840015563
678,2020-02-25,NSE:PSPPROJECT,512.0,517.75,511.25,514.09998,8383.0,0.07786061752265477,-0.7726482369586973
679,2020-02-26,NSE:PSPPROJECT,512.0,512.0,504.0,504.95001,11650.0,-1.779803609406859,0.07786061752265477
680,2020-02-27,NSE:PSPPROJECT,508.10001,512.5,482.20001,488.10001,34055.0,-3.33696398976208,-1.779803609406859
681,2020-02-28,NSE:PSPPROJECT,484.0,496.0,467.5,492.14999,37524.0,0.8297438879380488,-3.33696398976208
682,2020-03-02,NSE:PSPPROJECT,492.29999,505.0,475.0,493.14999,18196.0,0.2031900884525061,0.8297438879380488
683,2020-03-03,NSE:PSPPROJECT,504.0,505.14999,482.0,489.14999,11988.0,-0.8111122541034625,0.2031900884525061
684,2020-03-04,NSE:PSPPROJECT,499.39999,500.5,482.29999,497.39999,18116.0,1.686599237178764,-0.8111122541034625
685,2020-03-05,NSE:PSPPROJECT,498.0,498.0,479.54999,486.70001,15428.0,-2.151182190413792,1.686599237178764
686,2020-03-06,NSE:PSPPROJECT,472.0,480.95001,466.0,471.29999,33568.0,-3.1641708821826486,-2.151182190413792
687,2020-03-09,NSE:PSPPROJECT,475.0,475.0,449.04999,462.64999,63668.0,-1.835349073527453,-3.1641708821826486
688,2020-03-11,NSE:PSPPROJECT,466.10001,468.5,450.0,457.25,31590.0,-1.1671868835445134,-1.835349073527453
689,2020-03-12,NSE:PSPPROJECT,450.04999,455.89999,427.5,442.95001,61622.0,-3.12738983050847,-1.1671868835445134
690,2020-03-13,NSE:PSPPROJECT,382.0,460.0,382.0,444.70001,36148.0,0.395078442373215,-3.12738983050847
691,2020-03-16,NSE:PSPPROJECT,445.0,446.0,411.0,423.64999,72824.0,-4.73353261224348,0.395078442373215
692,2020-03-17,NSE:PSPPROJECT,415.10001,434.45001,408.54999,427.39999,54609.0,0.8851646615169282,-4.73353261224348
693,2020-03-18,NSE:PSPPROJECT,426.0,434.70001,402.5,411.5,68942.0,-3.7201662077717885,0.8851646615169282
694,2020-03-19,NSE:PSPPROJECT,385.5,485.60001,377.0,380.5,48222.0,-7.533414337788578,-3.7201662077717885
695,2020-03-20,NSE:PSPPROJECT,386.0,386.0,327.10001,362.14999,55151.0,-4.822604467805518,-7.533414337788578
696,2020-03-23,NSE:PSPPROJECT,350.0,350.0,289.75,289.75,38376.0,-19.9917139304629,-4.822604467805518
697,2020-03-24,NSE:PSPPROJECT,305.0,319.0,232.0,272.89999,77038.0,-5.815361518550474,-19.9917139304629
698,2020-03-25,NSE:PSPPROJECT,272.0,300.14999,267.64999,300.14999,45023.0,9.98534298224049,-5.815361518550474
699,2020-03-26,NSE:PSPPROJECT,300.35001,330.14999,300.35001,328.14999,41747.0,9.32866930963416,9.98534298224049
700,2020-03-27,NSE:PSPPROJECT,335.0,355.0,299.0,327.29999,29669.0,-0.2590278914834106,9.32866930963416
701,2020-03-30,NSE:PSPPROJECT,328.0,334.70001,295.0,309.54999,39919.0,-5.423159346873185,-0.2590278914834106
702,2020-03-31,NSE:PSPPROJECT,319.95001,330.0,309.10001,325.04999,27369.0,5.007268777492127,-5.423159346873185
703,2020-04-01,NSE:PSPPROJECT,312.5,328.5,312.5,322.29999,3576.0,-0.8460237146907773,5.007268777492127
704,2020-04-03,NSE:PSPPROJECT,325.0,325.0,303.0,310.54999,9137.0,-3.6456718475231726,-0.8460237146907773
705,2020-04-07,NSE:PSPPROJECT,323.0,336.0,309.0,332.0,26827.0,6.907103748417452,-3.6456718475231726
706,2020-04-08,NSE:PSPPROJECT,329.95001,339.89999,324.29999,335.25,27463.0,0.9789156626506025,6.907103748417452
707,2020-04-09,NSE:PSPPROJECT,339.0,354.89999,334.95001,348.60001,33928.0,3.9821058911260248,0.9789156626506025
708,2020-04-13,NSE:PSPPROJECT,359.0,365.0,339.10001,362.39999,28537.0,3.9586860597049336,3.9821058911260248
709,2020-04-15,NSE:PSPPROJECT,374.0,375.0,349.95001,351.95001,28751.0,-2.8835486446895273,3.9586860597049336
710,2020-04-16,NSE:PSPPROJECT,343.04999,355.89999,340.0,350.95001,17033.0,-0.28413126057305693,-2.8835486446895273
711,2020-04-17,NSE:PSPPROJECT,355.54999,363.95001,352.10001,360.70001,14940.0,2.7781734498312165,-0.28413126057305693
712,2020-04-20,NSE:PSPPROJECT,369.95001,369.95001,359.75,362.95001,9280.0,0.6237870633826708,2.7781734498312165
713,2020-04-21,NSE:PSPPROJECT,345.04999,363.89999,345.04999,360.14999,16840.0,-0.7714616125785525,0.6237870633826708
714,2020-04-22,NSE:PSPPROJECT,359.95001,360.0,350.10001,357.0,9154.0,-0.874632816177505,-0.7714616125785525
715,2020-04-23,NSE:PSPPROJECT,365.0,365.0,353.10001,360.35001,6960.0,0.9383781512605036,-0.874632816177505
716,2020-04-24,NSE:PSPPROJECT,360.39999,360.39999,353.10001,357.5,5608.0,-0.7909004914416395,0.9383781512605036
717,2020-04-27,NSE:PSPPROJECT,364.75,364.75,350.10001,353.89999,15238.0,-1.0069958041958034,-0.7909004914416395
718,2020-04-28,NSE:PSPPROJECT,359.85001,364.0,352.39999,361.70001,13808.0,2.204018146482575,-1.0069958041958034
719,2020-04-29,NSE:PSPPROJECT,366.0,366.0,348.25,359.14999,20853.0,-0.7050096570359556,2.204018146482575
720,2020-04-30,NSE:PSPPROJECT,366.5,369.0,355.0,363.54999,24985.0,1.2251148886291148,-0.7050096570359556
721,2020-05-04,NSE:PSPPROJECT,365.89999,370.75,342.10001,350.0,16908.0,-3.7271325464759273,1.2251148886291148
722,2020-05-05,NSE:PSPPROJECT,354.89999,359.5,349.0,349.14999,9307.0,-0.2428599999999993,-3.7271325464759273
723,2020-05-06,NSE:PSPPROJECT,348.79999,359.0,343.95001,353.95001,7254.0,1.3747730595667547,-0.2428599999999993
724,2020-05-07,NSE:PSPPROJECT,354.0,354.0,342.0,344.79999,11424.0,-2.5851164688482533,1.3747730595667547
725,2020-05-08,NSE:PSPPROJECT,354.0,354.0,338.10001,342.35001,14249.0,-0.7105510646911511,-2.5851164688482533
726,2020-05-11,NSE:PSPPROJECT,349.95001,351.35001,335.10001,340.25,19181.0,-0.6134102347477651,-0.7105510646911511
727,2020-05-12,NSE:PSPPROJECT,333.64999,345.10001,323.10001,332.20001,34850.0,-2.3659044819985247,-0.6134102347477651
728,2020-05-13,NSE:PSPPROJECT,349.79999,364.0,336.95001,343.79999,25593.0,3.4918662404615697,-2.3659044819985247
729,2020-05-14,NSE:PSPPROJECT,344.0,344.0,334.14999,342.95001,8027.0,-0.24723095541682813,3.4918662404615697
730,2020-05-15,NSE:PSPPROJECT,347.0,347.0,334.0,340.85001,8163.0,-0.6123341416435657,-0.24723095541682813
731,2020-05-18,NSE:PSPPROJECT,346.75,346.75,326.10001,336.75,13969.0,-1.2028780635799299,-0.6123341416435657
732,2020-05-19,NSE:PSPPROJECT,340.0,343.70001,327.0,331.10001,8384.0,-1.6777995545657023,-1.2028780635799299
733,2020-05-20,NSE:PSPPROJECT,334.70001,338.54999,327.54999,333.5,11867.0,0.7248534966821664,-1.6777995545657023
734,2020-05-21,NSE:PSPPROJECT,333.10001,335.20001,323.20001,328.29999,12494.0,-1.559223388305853,0.7248534966821664
735,2020-05-22,NSE:PSPPROJECT,325.35001,332.89999,306.10001,311.29999,32692.0,-5.178190836984187,-1.559223388305853
736,2020-05-26,NSE:PSPPROJECT,311.89999,314.89999,304.25,306.45001,8955.0,-1.5579762787656883,-5.178190836984187
737,2020-05-27,NSE:PSPPROJECT,313.89999,313.89999,305.5,311.70001,3944.0,1.713166855501163,-1.5579762787656883
738,2020-05-28,NSE:PSPPROJECT,312.25,319.45001,312.0,314.29999,7265.0,0.8341289434029724,1.713166855501163
739,2020-05-29,NSE:PSPPROJECT,311.04999,339.0,309.0,325.14999,13787.0,3.452115922752662,0.8341289434029724
740,2020-06-01,NSE:PSPPROJECT,330.0,354.89999,330.0,349.0,47537.0,7.335079419808685,3.452115922752662
741,2020-06-02,NSE:PSPPROJECT,343.39999,352.89999,337.0,348.45001,29757.0,-0.15759025787965036,7.335079419808685
742,2020-06-03,NSE:PSPPROJECT,352.85001,352.85001,343.20001,347.25,12307.0,-0.3443851242822522,-0.15759025787965036
743,2020-06-04,NSE:PSPPROJECT,347.25,352.85001,338.0,342.75,17973.0,-1.2958963282937366,-0.3443851242822522
744,2020-06-05,NSE:PSPPROJECT,343.10001,354.79999,343.10001,351.54999,29655.0,2.5674660831509786,-1.2958963282937366
745,2020-06-08,NSE:PSPPROJECT,359.0,380.0,354.0,367.85001,87498.0,4.636615122645863,2.5674660831509786
746,2020-06-09,NSE:PSPPROJECT,384.0,391.89999,375.5,381.85001,198900.0,3.8058990402093507,4.636615122645863
747,2020-06-10,NSE:PSPPROJECT,386.0,390.64999,360.0,374.04999,37064.0,-2.0426921031113805,3.8058990402093507
748,2020-06-11,NSE:PSPPROJECT,379.0,392.0,370.0,381.60001,31891.0,2.0184521325612166,-2.0426921031113805
749,2020-06-12,NSE:PSPPROJECT,374.0,377.70001,365.0,373.64999,16463.0,-2.083338519828654,2.0184521325612166
750,2020-06-15,NSE:PSPPROJECT,374.89999,385.0,374.70001,380.25,24085.0,1.766361615585751,-2.083338519828654
751,2020-06-16,NSE:PSPPROJECT,384.10001,387.85001,370.29999,381.70001,20628.0,0.381330703484555,1.766361615585751
752,2020-06-17,NSE:PSPPROJECT,381.75,381.75,373.0,375.35001,8020.0,-1.6636101214668613,0.381330703484555
753,2020-06-18,NSE:PSPPROJECT,373.0,377.85001,370.54999,372.0,15592.0,-0.8925029734247237,-1.6636101214668613
754,2020-06-19,NSE:PSPPROJECT,375.0,375.0,365.0,368.54999,16215.0,-0.9274220430107581,-0.8925029734247237
755,2020-06-22,NSE:PSPPROJECT,370.04999,375.0,365.64999,368.35001,26373.0,-0.05426129573358076,-0.9274220430107581
756,2020-06-23,NSE:PSPPROJECT,368.54999,384.89999,367.70001,377.04999,17121.0,2.3618785839044723,-0.05426129573358076
757,2020-06-24,NSE:PSPPROJECT,377.60001,384.5,368.79999,375.20001,19286.0,-0.49064581595664797,2.3618785839044723
758,2020-06-25,NSE:PSPPROJECT,375.25,379.0,368.20001,374.64999,8747.0,-0.14659381272405023,-0.49064581595664797
759,2020-06-26,NSE:PSPPROJECT,378.79999,404.0,366.35001,395.54999,97011.0,5.5785401195393005,-0.14659381272405023
760,2020-06-29,NSE:PSPPROJECT,392.70001,406.10001,384.95001,393.95001,36120.0,-0.40449501717847586,5.5785401195393005
761,2020-06-30,NSE:PSPPROJECT,396.39999,400.0,379.54999,389.95001,50353.0,-1.0153572530687331,-0.40449501717847586
762,2020-07-01,NSE:PSPPROJECT,389.95001,389.95001,380.5,383.5,8906.0,-1.6540607346054486,-1.0153572530687331
763,2020-07-02,NSE:PSPPROJECT,389.85001,413.89999,385.14999,408.29999,106898.0,6.466750977835718,-1.6540607346054486
764,2020-07-03,NSE:PSPPROJECT,425.0,434.70001,415.0,419.60001,160453.0,2.7675778292328683,6.466750977835718
765,2020-07-06,NSE:PSPPROJECT,424.0,424.0,410.0,416.29999,24946.0,-0.7864680460803655,2.7675778292328683
766,2020-07-07,NSE:PSPPROJECT,416.5,422.89999,405.0,410.39999,22209.0,-1.4172472115601007,-0.7864680460803655
767,2020-07-08,NSE:PSPPROJECT,410.39999,413.95001,395.10001,401.14999,17689.0,-2.2538986903971416,-1.4172472115601007
768,2020-07-09,NSE:PSPPROJECT,406.5,428.95001,399.04999,411.10001,42151.0,2.480373986797306,-2.2538986903971416
769,2020-07-10,NSE:PSPPROJECT,409.35001,415.10001,403.0,410.20001,12485.0,-0.21892483048102512,2.480373986797306
770,2020-07-13,NSE:PSPPROJECT,410.20001,414.64999,405.75,410.0,12779.0,-0.048759140693346206,-0.21892483048102512
771,2020-07-14,NSE:PSPPROJECT,413.70001,419.89999,401.10001,412.20001,17180.0,0.5365878048780537,-0.048759140693346206
772,2020-07-15,NSE:PSPPROJECT,417.70001,420.0,407.0,410.14999,16635.0,-0.49733623247607817,0.5365878048780537
773,2020-07-16,NSE:PSPPROJECT,405.60001,424.0,402.35001,412.95001,22971.0,0.6826819622743421,-0.49733623247607817
774,2020-07-17,NSE:PSPPROJECT,411.75,418.85001,406.0,408.14999,9117.0,-1.1623731405164557,0.6826819622743421
775,2020-07-20,NSE:PSPPROJECT,411.0,420.0,411.0,417.54999,15372.0,2.3030749063597864,-1.1623731405164557
776,2020-07-21,NSE:PSPPROJECT,421.0,429.79999,415.10001,423.20001,21161.0,1.353136183765695,2.3030749063597864
777,2020-07-22,NSE:PSPPROJECT,429.45001,429.45001,415.0,419.45001,12730.0,-0.8861058391751928,1.353136183765695
778,2020-07-23,NSE:PSPPROJECT,419.45001,424.45001,411.95001,419.25,40320.0,-0.047683870599984066,-0.8861058391751928
779,2020-07-24,NSE:PSPPROJECT,419.35001,421.5,405.0,414.75,15206.0,-1.073345259391771,-0.047683870599984066
780,2020-07-27,NSE:PSPPROJECT,414.0,419.89999,395.0,398.35001,16429.0,-3.954186859553949,-1.073345259391771
781,2020-07-28,NSE:PSPPROJECT,402.79999,411.89999,395.04999,409.79999,27869.0,2.874351628609218,-3.954186859553949
782,2020-07-29,NSE:PSPPROJECT,408.89999,418.0,405.04999,409.04999,13385.0,-0.1830161098832628,2.874351628609218
783,2020-07-30,NSE:PSPPROJECT,409.0,414.95001,405.10001,406.70001,8992.0,-0.5744970193007362,-0.1830161098832628
784,2020-07-31,NSE:PSPPROJECT,406.70001,409.89999,398.10001,400.35001,11322.0,-1.5613473921478445,-0.5744970193007362
785,2020-08-03,NSE:PSPPROJECT,400.35001,409.45001,396.54999,400.04999,12137.0,-0.0749394261286562,-1.5613473921478445
786,2020-08-04,NSE:PSPPROJECT,400.0,410.0,400.0,407.75,13140.0,1.9247619528749447,-0.0749394261286562
787,2020-08-05,NSE:PSPPROJECT,409.0,419.89999,392.29999,402.75,33329.0,-1.226241569589209,1.9247619528749447
788,2020-08-06,NSE:PSPPROJECT,395.04999,402.60001,392.0,397.14999,22006.0,-1.3904432029795153,-1.226241569589209
789,2020-08-07,NSE:PSPPROJECT,390.10001,409.85001,390.10001,403.29999,19878.0,1.5485333387519353,-1.3904432029795153
790,2020-08-10,NSE:PSPPROJECT,404.0,409.0,402.04999,405.20001,15703.0,0.4711182859191344,1.5485333387519353
791,2020-08-11,NSE:PSPPROJECT,407.45001,412.10001,403.10001,406.75,9871.0,0.3825246697303832,0.4711182859191344
792,2020-08-12,NSE:PSPPROJECT,409.95001,414.14999,405.0,405.64999,11274.0,-0.27043884449907746,0.3825246697303832
793,2020-08-13,NSE:PSPPROJECT,409.60001,409.79999,400.0,404.64999,15056.0,-0.24651794025682094,-0.27043884449907746
794,2020-08-14,NSE:PSPPROJECT,404.0,424.95001,400.95001,402.79999,24802.0,-0.4571852330949082,-0.24651794025682094
795,2020-08-17,NSE:PSPPROJECT,400.79999,414.95001,400.0,401.54999,10066.0,-0.31032771376185986,-0.4571852330949082
796,2020-08-18,NSE:PSPPROJECT,400.0,408.0,391.20001,402.0,16268.0,0.11206823837799629,-0.31032771376185986
797,2020-08-19,NSE:PSPPROJECT,404.95001,410.0,402.54999,409.45001,21998.0,1.8532363184079654,0.11206823837799629
798,2020-08-20,NSE:PSPPROJECT,409.45001,411.29999,401.95001,405.60001,16778.0,-0.9402857262111246,1.8532363184079654
799,2020-08-21,NSE:PSPPROJECT,406.0,419.45001,406.0,411.39999,32402.0,1.4299753099118526,-0.9402857262111246
800,2020-08-24,NSE:PSPPROJECT,410.0,445.0,410.0,440.60001,249613.0,7.097720153080217,1.4299753099118526
801,2020-08-25,NSE:PSPPROJECT,447.70001,478.79999,433.10001,466.75,371699.0,5.935086111323511,7.097720153080217
802,2020-08-26,NSE:PSPPROJECT,459.5,459.5,444.95001,453.45001,76008.0,-2.8494890198178853,5.935086111323511
803,2020-08-27,NSE:PSPPROJECT,455.75,456.60001,439.0,443.95001,58151.0,-2.095049022052067,-2.8494890198178853
804,2020-08-28,NSE:PSPPROJECT,443.95001,448.75,431.10001,432.45001,44508.0,-2.5903817414037222,-2.095049022052067
805,2020-08-31,NSE:PSPPROJECT,433.0,439.14999,404.0,426.70001,50072.0,-1.3296334528932026,-2.5903817414037222
806,2020-09-01,NSE:PSPPROJECT,418.04999,436.35001,415.45001,431.5,13446.0,1.1249097463109925,-1.3296334528932026
807,2020-09-02,NSE:PSPPROJECT,431.5,438.0,420.10001,429.60001,12104.0,-0.44032213209733545,1.1249097463109925
808,2020-09-03,NSE:PSPPROJECT,435.0,452.14999,429.10001,449.04999,22676.0,4.5274626506642734,-0.44032213209733545
809,2020-09-04,NSE:PSPPROJECT,430.0,463.79999,430.0,433.5,26771.0,-3.4628639007429842,4.5274626506642734
810,2020-09-07,NSE:PSPPROJECT,443.0,443.0,430.10001,431.89999,7775.0,-0.3690911188004608,-3.4628639007429842
811,2020-09-08,NSE:PSPPROJECT,430.95001,434.10001,417.0,419.64999,18297.0,-2.836304765832479,-0.3690911188004608
812,2020-09-09,NSE:PSPPROJECT,420.0,420.0,412.75,416.29999,5369.0,-0.7982843035454434,-2.836304765832479
813,2020-09-10,NSE:PSPPROJECT,416.70001,424.89999,411.5,419.5,10642.0,0.7686788558414379,-0.7982843035454434
814,2020-09-11,NSE:PSPPROJECT,416.45001,423.45001,414.0,416.5,7616.0,-0.7151370679380215,0.7686788558414379
815,2020-09-14,NSE:PSPPROJECT,416.10001,441.85001,416.0,426.35001,16321.0,2.36494837935174,-0.7151370679380215
816,2020-09-15,NSE:PSPPROJECT,428.29999,439.39999,425.0,431.10001,12949.0,1.1141081009942981,2.36494837935174
817,2020-09-16,NSE:PSPPROJECT,435.0,435.0,422.20001,429.29999,7648.0,-0.4175411640561125,1.1141081009942981
818,2020-09-17,NSE:PSPPROJECT,429.10001,442.70001,428.0,434.60001,11851.0,1.2345725887391747,-0.4175411640561125
819,2020-09-18,NSE:PSPPROJECT,436.79999,440.0,425.0,427.95001,11145.0,-1.5301426247090921,1.2345725887391747
820,2020-09-21,NSE:PSPPROJECT,431.5,431.5,411.10001,415.5,11419.0,-2.9092206353728134,-1.5301426247090921
821,2020-09-22,NSE:PSPPROJECT,417.60001,417.60001,400.0,405.10001,20331.0,-2.5030060168471726,-2.9092206353728134
822,2020-09-23,NSE:PSPPROJECT,413.79999,413.79999,401.04999,406.75,7242.0,0.40730435923711833,-2.5030060168471726
823,2020-09-24,NSE:PSPPROJECT,406.0,411.0,387.25,409.45001,33567.0,0.663800860479415,0.40730435923711833
824,2020-09-25,NSE:PSPPROJECT,410.04999,413.5,404.0,406.54999,8277.0,-0.708272054993976,0.663800860479415
825,2020-09-28,NSE:PSPPROJECT,410.0,414.89999,405.29999,408.29999,16279.0,0.43045136958434066,-0.708272054993976
826,2020-09-29,NSE:PSPPROJECT,411.89999,411.89999,400.5,402.60001,8975.0,-1.396027465001893,0.43045136958434066
827,2020-09-30,NSE:PSPPROJECT,404.64999,410.45001,400.54999,404.04999,7257.0,0.36015399006075094,-1.396027465001893
828,2020-10-01,NSE:PSPPROJECT,405.95001,424.79999,405.04999,415.79999,16531.0,2.9080560056442524,0.36015399006075094
829,2020-10-05,NSE:PSPPROJECT,419.0,422.95001,380.04999,401.70001,69841.0,-3.3910486626033736,2.9080560056442524
830,2020-10-06,NSE:PSPPROJECT,404.95001,409.39999,401.0,405.35001,10405.0,0.9086382646592358,-3.3910486626033736
831,2020-10-07,NSE:PSPPROJECT,401.0,409.0,398.35001,406.89999,10227.0,0.382380649256677,0.9086382646592358
832,2020-10-08,NSE:PSPPROJECT,408.95001,408.95001,394.0,396.29999,15045.0,-2.6050627329826237,0.382380649256677
833,2020-10-09,NSE:PSPPROJECT,398.29999,405.95001,390.20001,399.85001,12636.0,0.8957910899770697,-2.6050627329826237
834,2020-10-12,NSE:PSPPROJECT,400.25,405.10001,393.45001,398.45001,8470.0,-0.3501312904806423,0.8957910899770697
835,2020-10-13,NSE:PSPPROJECT,395.04999,398.85001,389.04999,390.89999,8171.0,-1.8948474866395455,-0.3501312904806423
836,2020-10-14,NSE:PSPPROJECT,392.79999,400.5,390.0,393.64999,7379.0,0.7035047506652532,-1.8948474866395455
837,2020-10-15,NSE:PSPPROJECT,390.0,403.89999,388.95001,398.14999,20653.0,1.1431474950628093,0.7035047506652532
838,2020-10-16,NSE:PSPPROJECT,395.0,400.14999,393.95001,396.54999,12786.0,-0.4018586060996819,1.1431474950628093
839,2020-10-19,NSE:PSPPROJECT,398.54999,404.35001,396.04999,397.25,11080.0,0.17652503282121385,-0.4018586060996819
840,2020-10-20,NSE:PSPPROJECT,399.95001,402.0,391.25,394.29999,5294.0,-0.7426079295154235,0.17652503282121385
841,2020-10-21,NSE:PSPPROJECT,396.25,399.5,390.0,395.39999,7619.0,0.2789754065172618,-0.7426079295154235
842,2020-10-22,NSE:PSPPROJECT,397.39999,404.95001,395.20001,399.39999,7313.0,1.0116338141536119,0.2789754065172618
843,2020-10-23,NSE:PSPPROJECT,399.0,403.85001,381.0,387.20001,25897.0,-3.0545769417770847,1.0116338141536119
844,2020-10-26,NSE:PSPPROJECT,389.14999,394.95001,385.0,390.20001,10545.0,0.7747933684195928,-3.0545769417770847
845,2020-10-27,NSE:PSPPROJECT,390.0,392.95001,387.10001,389.54999,5684.0,-0.16658636169692576,0.7747933684195928
846,2020-10-28,NSE:PSPPROJECT,392.5,399.79999,389.39999,390.95001,11295.0,0.3593941819893361,-0.16658636169692576
847,2020-10-29,NSE:PSPPROJECT,390.5,392.29999,386.14999,387.89999,5838.0,-0.7801560102275014,0.3593941819893361
848,2020-10-30,NSE:PSPPROJECT,389.79999,392.39999,385.0,387.04999,6496.0,-0.21912864705153065,-0.7801560102275014
849,2020-11-02,NSE:PSPPROJECT,389.0,392.0,382.0,385.39999,6981.0,-0.4263015224467458,-0.21912864705153065
850,2020-11-03,NSE:PSPPROJECT,390.89999,399.0,385.75,396.5,7750.0,2.8801272153639648,-0.4263015224467458
851,2020-11-04,NSE:PSPPROJECT,395.0,396.0,385.10001,390.35001,47393.0,-1.5510693568726361,2.8801272153639648
852,2020-11-05,NSE:PSPPROJECT,392.29999,394.10001,389.0,390.0,5515.0,-0.08966568234492872,-1.5510693568726361
853,2020-11-06,NSE:PSPPROJECT,391.89999,397.0,382.20001,394.95001,10545.0,1.2692333333333385,-0.08966568234492872
854,2020-11-09,NSE:PSPPROJECT,396.95001,399.0,385.5,391.35001,39158.0,-0.9115077627166087,1.2692333333333385
855,2020-11-10,NSE:PSPPROJECT,391.35001,398.89999,388.79999,393.54999,11469.0,0.5621515124018989,-0.9115077627166087
856,2020-11-11,NSE:PSPPROJECT,393.0,397.0,388.04999,390.35001,15629.0,-0.813106360388926,0.5621515124018989
857,2020-11-12,NSE:PSPPROJECT,390.35001,393.20001,386.20001,389.29999,47050.0,-0.2689944852313486,-0.813106360388926
858,2020-11-13,NSE:PSPPROJECT,389.64999,391.25,386.20001,388.14999,11765.0,-0.29540201118422255,-0.2689944852313486
859,2020-11-14,NSE:PSPPROJECT,399.0,400.04999,390.0,399.0,13953.0,2.7953137394129515,-0.29540201118422255
860,2020-11-17,NSE:PSPPROJECT,399.0,399.0,386.14999,389.35001,41054.0,-2.4185438596491236,2.7953137394129515
861,2020-11-18,NSE:PSPPROJECT,391.29999,395.0,378.04999,381.35001,99559.0,-2.054706509446346,-2.4185438596491236
862,2020-11-19,NSE:PSPPROJECT,382.95001,397.89999,380.0,394.45001,65627.0,3.435164456925024,-2.054706509446346
863,2020-11-20,NSE:PSPPROJECT,390.75,391.0,382.0,388.85001,14525.0,-1.4196982781164138,3.435164456925024
864,2020-11-23,NSE:PSPPROJECT,388.85001,438.29999,388.0,395.35001,27914.0,1.6715956880134837,-1.4196982781164138
865,2020-11-24,NSE:PSPPROJECT,397.0,397.0,389.04999,389.89999,28200.0,-1.3785303812184033,1.6715956880134837
866,2020-11-25,NSE:PSPPROJECT,390.14999,393.85001,382.20001,385.79999,23876.0,-1.0515517068877132,-1.3785303812184033
867,2020-11-26,NSE:PSPPROJECT,387.75,390.0,385.0,388.64999,6907.0,0.738724746986132,-1.0515517068877132
868,2020-11-27,NSE:PSPPROJECT,390.0,415.0,389.0,408.85001,92415.0,5.197483730798499,0.738724746986132
869,2020-12-01,NSE:PSPPROJECT,410.04999,415.79999,402.89999,407.85001,56206.0,-0.24458847390024524,5.197483730798499
870,2020-12-02,NSE:PSPPROJECT,409.0,421.0,409.0,411.54999,53602.0,0.907191347132732,-0.24458847390024524
871,2020-12-03,NSE:PSPPROJECT,413.64999,423.0,413.64999,416.95001,53278.0,1.3121176360616704,0.907191347132732
872,2020-12-04,NSE:PSPPROJECT,420.0,420.0,411.0,415.10001,30235.0,-0.4436982745245701,1.3121176360616704
873,2020-12-07,NSE:PSPPROJECT,421.95001,425.0,417.0,418.60001,35869.0,0.8431703000922598,-0.4436982745245701
874,2020-12-08,NSE:PSPPROJECT,420.5,424.60001,408.04999,411.35001,60205.0,-1.7319636471102808,0.8431703000922598
875,2020-12-09,NSE:PSPPROJECT,411.35001,415.79999,407.95001,409.35001,40557.0,-0.4862039507425805,-1.7319636471102808
876,2020-12-10,NSE:PSPPROJECT,409.0,411.29999,400.60001,402.10001,32250.0,-1.7711004819567489,-0.4862039507425805
877,2020-12-11,NSE:PSPPROJECT,405.0,409.79999,398.0,400.0,31596.0,-0.5222606186953335,-1.7711004819567489
878,2020-12-14,NSE:PSPPROJECT,405.0,410.35001,395.0,405.85001,64307.0,1.4625024999999994,-0.5222606186953335
879,2020-12-15,NSE:PSPPROJECT,406.0,414.89999,402.0,413.35001,98278.0,1.847973343649788,1.4625024999999994
880,2020-12-16,NSE:PSPPROJECT,415.45001,423.0,409.0,421.14999,166208.0,1.8870158004834703,1.847973343649788
881,2020-12-17,NSE:PSPPROJECT,427.85001,428.0,415.10001,424.89999,140445.0,0.8904191117278668,1.8870158004834703
882,2020-12-18,NSE:PSPPROJECT,427.04999,428.5,415.04999,419.20001,121345.0,-1.3414874403739059,0.8904191117278668
883,2020-12-21,NSE:PSPPROJECT,421.20001,421.20001,395.0,397.85001,111583.0,-5.093034229650907,-1.3414874403739059
884,2020-12-22,NSE:PSPPROJECT,391.0,411.0,391.0,408.75,32734.0,2.7397234450239183,-5.093034229650907
885,2020-12-23,NSE:PSPPROJECT,410.79999,417.45001,409.54999,415.29999,88647.0,1.602444036697243,2.7397234450239183
886,2020-12-24,NSE:PSPPROJECT,417.39999,421.70001,410.25,414.79999,102745.0,-0.12039489815542737,1.602444036697243
887,2020-12-28,NSE:PSPPROJECT,421.70001,421.70001,410.64999,419.39999,106675.0,1.1089682041699236,-0.12039489815542737
888,2020-12-29,NSE:PSPPROJECT,420.0,421.39999,412.0,414.0,105690.0,-1.2875512944099028,1.1089682041699236
889,2020-12-30,NSE:PSPPROJECT,412.0,416.20001,410.45001,414.25,95894.0,0.06038647342995169,-1.2875512944099028
890,2020-12-31,NSE:PSPPROJECT,419.79999,419.79999,409.0,413.95001,112830.0,-0.07241762220880622,0.06038647342995169
891,2021-01-01,NSE:PSPPROJECT,413.89999,419.95001,412.10001,417.70001,91530.0,0.9059064885636794,-0.07241762220880622
892,2021-01-04,NSE:PSPPROJECT,424.70001,424.70001,416.35001,419.5,129986.0,0.4309288860203713,0.9059064885636794
893,2021-01-05,NSE:PSPPROJECT,419.5,420.5,414.0,419.29999,107451.0,-0.04767818831943271,0.4309288860203713
894,2021-01-06,NSE:PSPPROJECT,420.89999,421.25,410.0,412.75,130908.0,-1.5621250074439497,-0.04767818831943271
895,2021-01-07,NSE:PSPPROJECT,419.89999,421.95001,412.5,416.85001,147682.0,0.9933397940642029,-1.5621250074439497
896,2021-01-08,NSE:PSPPROJECT,421.0,421.0,412.14999,418.54999,178082.0,0.40781575128185377,0.9933397940642029
897,2021-01-11,NSE:PSPPROJECT,419.79999,434.10001,414.45001,431.85001,306009.0,3.177641934718483,0.40781575128185377
898,2021-01-12,NSE:PSPPROJECT,439.0,439.0,425.5,430.14999,190600.0,-0.39365982647539943,3.177641934718483
899,2021-01-13,NSE:PSPPROJECT,431.95001,433.39999,420.5,427.39999,181066.0,-0.6393118828155732,-0.39365982647539943
900,2021-01-14,NSE:PSPPROJECT,427.39999,442.70001,427.39999,436.10001,425351.0,2.03556860167451,-0.6393118828155732
901,2021-01-15,NSE:PSPPROJECT,438.29999,442.20001,423.29999,427.0,117496.0,-2.086679612779646,2.03556860167451
902,2021-01-18,NSE:PSPPROJECT,426.0,430.0,410.0,410.89999,129473.0,-3.7704941451990623,-2.086679612779646
903,2021-01-19,NSE:PSPPROJECT,414.95001,420.25,408.0,410.0,103878.0,-0.21902896614818668,-3.7704941451990623
904,2021-01-20,NSE:PSPPROJECT,412.0,414.60001,401.79999,405.39999,218586.0,-1.1219536585365848,-0.21902896614818668
905,2021-01-21,NSE:PSPPROJECT,407.0,409.14999,398.0,399.39999,132306.0,-1.480019770104089,-1.1219536585365848
906,2021-01-22,NSE:PSPPROJECT,400.0,420.54999,399.54999,415.75,153247.0,4.093643066941488,-1.480019770104089
907,2021-01-25,NSE:PSPPROJECT,420.0,422.0,416.04999,419.5,123431.0,0.9019843656043296,4.093643066941488
908,2021-01-27,NSE:PSPPROJECT,420.85001,428.0,405.0,413.04999,219406.0,-1.5375470798569773,0.9019843656043296
909,2021-01-28,NSE:PSPPROJECT,414.0,420.0,398.45001,411.35001,221077.0,-0.41156761679136766,-1.5375470798569773
910,2021-01-29,NSE:PSPPROJECT,413.0,419.79999,413.0,414.70001,152763.0,0.8143916174938278,-0.41156761679136766
911,2021-02-01,NSE:PSPPROJECT,416.70001,425.25,414.20001,423.39999,126135.0,2.09789722455034,0.8143916174938278
912,2021-02-02,NSE:PSPPROJECT,429.10001,429.14999,420.0,423.0,157784.0,-0.09447095168802495,2.09789722455034
913,2021-02-03,NSE:PSPPROJECT,427.5,427.5,412.54999,425.45001,134308.0,0.5791985815602885,-0.09447095168802495
914,2021-02-04,NSE:PSPPROJECT,427.5,455.25,427.14999,446.5,597248.0,4.947699965972496,0.5791985815602885
915,2021-02-05,NSE:PSPPROJECT,459.89999,531.29999,455.0,475.14999,983287.0,6.4165711086226205,4.947699965972496
916,2021-02-08,NSE:PSPPROJECT,493.0,506.0,483.64999,501.25,372414.0,5.493004430032714,6.4165711086226205
917,2021-02-09,NSE:PSPPROJECT,505.0,505.0,473.04999,475.75,171354.0,-5.087281795511222,5.493004430032714
918,2021-02-10,NSE:PSPPROJECT,476.0,486.5,449.04999,465.79999,345486.0,-2.0914366789280128,-5.087281795511222
919,2021-02-11,NSE:PSPPROJECT,468.95001,479.79999,468.0,475.54999,124671.0,2.0931730805747764,-2.0914366789280128
920,2021-02-12,NSE:PSPPROJECT,478.10001,481.0,472.0,474.89999,104490.0,-0.13668384263870498,2.0931730805747764
921,2021-02-15,NSE:PSPPROJECT,477.29999,479.89999,470.10001,478.0,105442.0,0.65277112345275,-0.13668384263870498
922,2021-02-16,NSE:PSPPROJECT,481.0,484.89999,461.95001,467.95001,125062.0,-2.1025083682008323,0.65277112345275
923,2021-02-17,NSE:PSPPROJECT,470.0,475.75,462.35001,470.85001,161690.0,0.6197243162789925,-2.1025083682008323
924,2021-02-18,NSE:PSPPROJECT,472.0,475.0,457.54999,462.70001,222167.0,-1.73091214333838,0.6197243162789925
925,2021-02-19,NSE:PSPPROJECT,470.0,474.79999,457.29999,464.64999,104433.0,0.421435046003129,-1.73091214333838
926,2021-02-22,NSE:PSPPROJECT,460.0,479.60001,460.0,471.29999,114208.0,1.431184793525978,0.421435046003129
927,2021-02-23,NSE:PSPPROJECT,479.39999,479.54999,470.95001,473.89999,121334.0,0.5516656174764661,1.431184793525978
928,2021-02-24,NSE:PSPPROJECT,478.95001,484.85001,461.0,479.35001,49713.0,1.1500358968144302,0.5516656174764661
929,2021-02-25,NSE:PSPPROJECT,480.0,483.54999,473.04999,477.54999,170290.0,-0.3755126655781269,1.1500358968144302
930,2021-02-26,NSE:PSPPROJECT,471.10001,479.70001,465.54999,470.85001,114551.0,-1.4029902921786226,-0.3755126655781269
931,2021-03-01,NSE:PSPPROJECT,477.04999,482.25,472.54999,477.0,109952.0,1.3061463033631457,-1.4029902921786226
932,2021-03-02,NSE:PSPPROJECT,479.39999,479.89999,470.20001,477.54999,109157.0,0.1153018867924486,1.3061463033631457
933,2021-03-03,NSE:PSPPROJECT,479.25,495.04999,466.95001,481.0,217985.0,0.7224395502552561,0.1153018867924486
934,2021-03-04,NSE:PSPPROJECT,476.5,482.89999,472.35001,479.64999,138267.0,-0.2806673596673592,0.7224395502552561
935,2021-03-05,NSE:PSPPROJECT,482.04999,482.04999,470.60001,479.54999,110685.0,-0.020848535825055,-0.2806673596673592
936,2021-03-08,NSE:PSPPROJECT,482.0,484.95001,473.79999,477.25,148832.0,-0.4796142316674806,-0.020848535825055
937,2021-03-09,NSE:PSPPROJECT,499.95001,509.29999,472.60001,480.29999,267488.0,0.6390759559979005,-0.4796142316674806
938,2021-03-10,NSE:PSPPROJECT,486.0,486.0,479.5,480.60001,90462.0,0.0624651272634875,0.6390759559979005
939,2021-03-12,NSE:PSPPROJECT,476.5,489.70001,471.04999,476.54999,96547.0,-0.8427007731439742,0.0624651272634875
940,2021-03-15,NSE:PSPPROJECT,478.89999,478.89999,468.5,472.70001,89284.0,-0.8078858631389247,-0.8427007731439742
941,2021-03-16,NSE:PSPPROJECT,478.0,478.0,468.10001,475.20001,87650.0,0.5288766547730769,-0.8078858631389247
942,2021-03-17,NSE:PSPPROJECT,475.20001,476.0,468.10001,473.29999,192621.0,-0.399835850171813,0.5288766547730769
943,2021-03-18,NSE:PSPPROJECT,473.20001,474.95001,459.0,470.64999,96361.0,-0.5598985962370245,-0.399835850171813
944,2021-03-19,NSE:PSPPROJECT,470.64999,474.70001,458.25,470.0,86515.0,-0.1381047516860677,-0.5598985962370245
945,2021-03-22,NSE:PSPPROJECT,474.89999,478.35001,463.79999,471.89999,133617.0,0.40425319148936223,-0.1381047516860677
946,2021-03-23,NSE:PSPPROJECT,469.0,477.0,464.75,472.25,168735.0,0.07417037665120474,0.40425319148936223
947,2021-03-24,NSE:PSPPROJECT,472.0,476.5,461.5,465.60001,127522.0,-1.4081503440974066,0.07417037665120474
948,2021-03-25,NSE:PSPPROJECT,465.60001,468.0,459.0,465.45001,79457.0,-0.032216494153420934,-1.4081503440974066
949,2021-03-26,NSE:PSPPROJECT,475.0,475.0,464.60001,469.5,86064.0,0.8701235176684129,-0.032216494153420934
950,2021-03-30,NSE:PSPPROJECT,469.25,469.45001,451.75,458.60001,93004.0,-2.3216166134185308,0.8701235176684129
951,2021-03-31,NSE:PSPPROJECT,451.79999,467.89999,451.79999,463.29999,42617.0,1.0248538808361523,-2.3216166134185308
952,2021-04-01,NSE:PSPPROJECT,468.79999,468.79999,461.04999,466.14999,25413.0,0.6151521824984332,1.0248538808361523
953,2021-04-05,NSE:PSPPROJECT,468.60001,468.60001,460.5,464.70001,22765.0,-0.3110543883096473,0.6151521824984332
954,2021-04-06,NSE:PSPPROJECT,466.85001,467.89999,451.75,453.25,38400.0,-2.463957338843186,-0.3110543883096473
955,2021-04-07,NSE:PSPPROJECT,455.60001,456.79999,436.29999,441.54999,66475.0,-2.581359073359078,-2.463957338843186
956,2021-04-08,NSE:PSPPROJECT,447.0,447.0,438.0,439.75,39259.0,-0.40765259670824133,-2.581359073359078
957,2021-04-09,NSE:PSPPROJECT,441.25,444.0,436.0,437.75,46244.0,-0.45480386583285953,-0.40765259670824133
958,2021-04-12,NSE:PSPPROJECT,431.0,435.25,408.14999,419.0,42849.0,-4.283266704740148,-0.45480386583285953
959,2021-04-13,NSE:PSPPROJECT,421.20001,434.5,416.54999,428.64999,27212.0,2.303100238663485,-4.283266704740148
960,2021-04-15,NSE:PSPPROJECT,430.79999,433.45001,412.5,418.54999,30978.0,-2.3562347452755152,2.303100238663485
961,2021-04-16,NSE:PSPPROJECT,418.0,418.0,412.20001,413.95001,28070.0,-1.0990276215273498,-2.3562347452755152
962,2021-04-19,NSE:PSPPROJECT,413.95001,414.0,401.0,407.20001,21476.0,-1.630631679414623,-1.0990276215273498
963,2021-04-20,NSE:PSPPROJECT,403.60001,418.14999,403.60001,412.95001,18774.0,1.4120824800569134,-1.630631679414623
964,2021-04-22,NSE:PSPPROJECT,405.04999,431.45001,405.04999,424.79999,101053.0,2.8695918907956823,1.4120824800569134
965,2021-04-23,NSE:PSPPROJECT,429.89999,431.70001,422.79999,427.75,19020.0,0.6944468148410315,2.8695918907956823
966,2021-04-26,NSE:PSPPROJECT,429.85001,429.85001,421.0,422.64999,12063.0,-1.1922875511396838,0.6944468148410315
967,2021-04-27,NSE:PSPPROJECT,418.79999,426.64999,417.04999,418.95001,11560.0,-0.8754241304962487,-1.1922875511396838
968,2021-04-28,NSE:PSPPROJECT,421.0,422.89999,415.0,416.29999,16495.0,-0.6325384739816667,-0.8754241304962487
969,2021-04-29,NSE:PSPPROJECT,415.0,418.54999,412.04999,412.89999,11701.0,-0.8167187320854794,-0.6325384739816667
970,2021-04-30,NSE:PSPPROJECT,410.0,419.5,410.0,412.64999,13224.0,-0.06054734949254903,-0.8167187320854794
971,2021-05-03,NSE:PSPPROJECT,412.0,446.64999,411.35001,429.04999,293204.0,3.974312467570877,-0.06054734949254903
972,2021-05-04,NSE:PSPPROJECT,428.75,431.89999,415.54999,416.95001,48820.0,-2.8201795319934537,3.974312467570877
973,2021-05-05,NSE:PSPPROJECT,415.0,425.25,411.79999,413.25,18422.0,-0.8873989474181857,-2.8201795319934537
974,2021-05-06,NSE:PSPPROJECT,414.5,422.0,412.0,413.70001,11237.0,0.10889534180278772,-0.8873989474181857
975,2021-05-07,NSE:PSPPROJECT,415.79999,419.60001,411.0,412.5,15679.0,-0.2900676748835515,0.10889534180278772
976,2021-05-10,NSE:PSPPROJECT,414.89999,416.89999,410.0,410.60001,33609.0,-0.460603636363637,-0.2900676748835515
977,2021-05-11,NSE:PSPPROJECT,411.04999,412.70001,403.0,405.0,40349.0,-1.3638601713623917,-0.460603636363637
978,2021-05-12,NSE:PSPPROJECT,405.0,405.95001,399.64999,400.89999,36212.0,-1.0123481481481476,-1.3638601713623917
979,2021-05-14,NSE:PSPPROJECT,400.89999,405.54999,397.14999,399.95001,90704.0,-0.23696184178003654,-1.0123481481481476
980,2021-05-17,NSE:PSPPROJECT,401.95001,405.0,399.10001,400.04999,38159.0,0.024998124140554353,-0.23696184178003654
981,2021-05-18,NSE:PSPPROJECT,402.04999,404.60001,399.85001,400.85001,47617.0,0.19998000749856729,0.024998124140554353
982,2021-05-19,NSE:PSPPROJECT,411.0,411.0,399.04999,399.89999,52494.0,-0.23700136617184941,0.19998000749856729
983,2021-05-20,NSE:PSPPROJECT,403.79999,404.79999,398.54999,399.95001,29727.0,0.012508127344543749,-0.23700136617184941
984,2021-05-21,NSE:PSPPROJECT,401.95001,404.45001,399.5,400.04999,41914.0,0.024998124140554353,0.012508127344543749
985,2021-05-24,NSE:PSPPROJECT,403.39999,416.0,402.25,411.25,233601.0,2.7996526134146436,0.024998124140554353
986,2021-05-25,NSE:PSPPROJECT,416.39999,417.39999,408.20001,409.89999,34619.0,-0.32826990881458906,2.7996526134146436
987,2021-05-26,NSE:PSPPROJECT,414.79999,415.75,409.85001,411.60001,26338.0,0.4147401906499181,-0.32826990881458906
988,2021-05-27,NSE:PSPPROJECT,413.70001,414.0,404.0,404.79999,30927.0,-1.6520942261396003,0.4147401906499181
989,2021-05-28,NSE:PSPPROJECT,406.85001,409.89999,399.0,400.04999,62849.0,-1.1734190013196395,-1.6520942261396003
990,2021-05-31,NSE:PSPPROJECT,401.0,407.54999,399.29999,400.04999,147135.0,0.0,-1.1734190013196395
991,2021-06-01,NSE:PSPPROJECT,404.0,407.35001,398.95001,399.75,50287.0,-0.07498812835865333,0.0
992,2021-06-02,NSE:PSPPROJECT,399.75,404.70001,397.0,400.79999,76823.0,0.26266166353970727,-0.07498812835865333
993,2021-06-03,NSE:PSPPROJECT,404.79999,429.39999,403.04999,418.95001,231499.0,4.528448216777661,0.26266166353970727
994,2021-06-04,NSE:PSPPROJECT,422.5,424.10001,417.0,422.54999,66653.0,0.859286290505151,4.528448216777661
995,2021-06-07,NSE:PSPPROJECT,430.5,434.0,423.5,430.04999,67077.0,1.7749379191796928,0.859286290505151
996,2021-06-08,NSE:PSPPROJECT,433.5,436.89999,423.04999,427.54999,96752.0,-0.5813277661045871,1.7749379191796928
997,2021-06-09,NSE:PSPPROJECT,427.54999,440.0,422.04999,423.64999,157437.0,-0.9121740360700225,-0.5813277661045871
998,2021-06-10,NSE:PSPPROJECT,425.0,439.14999,425.0,435.25,120831.0,2.7381117133981276,-0.9121740360700225
999,2021-06-11,NSE:PSPPROJECT,437.5,473.95001,437.5,457.20001,683620.0,5.043080987937971,2.7381117133981276
1000,2021-06-14,NSE:PSPPROJECT,457.5,457.5,435.35001,440.45001,141962.0,-3.6636044692999894,5.043080987937971
1001,2021-06-15,NSE:PSPPROJECT,443.0,454.35001,440.89999,444.04999,59504.0,0.8173413368749747,-3.6636044692999894
1002,2021-06-16,NSE:PSPPROJECT,449.79999,451.70001,436.14999,438.0,61861.0,-1.3624569612083497,0.8173413368749747
1003,2021-06-17,NSE:PSPPROJECT,437.89999,452.0,435.95001,444.70001,356537.0,1.529682648401831,-1.3624569612083497
1004,2021-06-18,NSE:PSPPROJECT,445.0,445.0,413.0,436.25,303267.0,-1.900159615467519,1.529682648401831
1005,2021-06-21,NSE:PSPPROJECT,429.0,435.0,415.35001,421.75,158248.0,-3.32378223495702,-1.900159615467519
1006,2021-06-22,NSE:PSPPROJECT,423.5,436.0,423.5,432.45001,92790.0,2.537050385299353,-3.32378223495702
1007,2021-06-23,NSE:PSPPROJECT,434.64999,438.25,425.04999,426.29999,64450.0,-1.4221343179064883,2.537050385299353
1008,2021-06-24,NSE:PSPPROJECT,432.39999,432.39999,422.0,424.35001,47001.0,-0.45741966824817015,-1.4221343179064883
1009,2021-06-25,NSE:PSPPROJECT,429.70001,430.85001,417.20001,419.20001,94302.0,-1.213620803260963,-0.45741966824817015
1010,2021-06-28,NSE:PSPPROJECT,429.0,429.0,414.20001,414.95001,65134.0,-1.0138358536775798,-1.213620803260963
1011,2021-06-29,NSE:PSPPROJECT,417.85001,420.60001,412.20001,414.70001,76148.0,-0.060248221225491706,-1.0138358536775798
1012,2021-06-30,NSE:PSPPROJECT,417.0,429.0,414.85001,418.04999,113333.0,0.8078080345356055,-0.060248221225491706
1013,2021-07-01,NSE:PSPPROJECT,428.0,476.5,424.5,448.89999,2410165.0,7.379500236323418,0.8078080345356055
1014,2021-07-02,NSE:PSPPROJECT,453.85001,463.95001,442.0,446.29999,276280.0,-0.5791935972197332,7.379500236323418
1015,2021-07-05,NSE:PSPPROJECT,448.79999,456.0,441.04999,443.64999,134925.0,-0.5937710193540396,-0.5791935972197332
1016,2021-07-06,NSE:PSPPROJECT,455.0,470.79999,450.0,452.29999,329336.0,1.9497351955310487,-0.5937710193540396
1017,2021-07-07,NSE:PSPPROJECT,452.29999,455.95001,448.0,448.60001,138063.0,-0.8180367193905935,1.9497351955310487
1018,2021-07-08,NSE:PSPPROJECT,451.5,452.35001,441.0,442.89999,67063.0,-1.2706241357417702,-0.8180367193905935
1019,2021-07-09,NSE:PSPPROJECT,445.14999,449.54999,442.5,443.89999,53761.0,0.2257846065880471,-1.2706241357417702
1020,2021-07-12,NSE:PSPPROJECT,448.75,457.79999,445.0,449.60001,106137.0,1.2840775238584698,0.2257846065880471
1021,2021-07-13,NSE:PSPPROJECT,456.89999,479.95001,451.70001,475.60001,736408.0,5.782918020842571,1.2840775238584698
1022,2021-07-14,NSE:PSPPROJECT,477.0,484.39999,461.54999,466.89999,306577.0,-1.8292724594349767,5.782918020842571
1023,2021-07-15,NSE:PSPPROJECT,468.0,470.0,458.5,460.79999,128764.0,-1.306489640318909,-1.8292724594349767
1024,2021-07-16,NSE:PSPPROJECT,465.39999,479.39999,463.04999,470.95001,223252.0,2.2026953603015573,-1.306489640318909
1025,2021-07-19,NSE:PSPPROJECT,470.0,480.0,462.39999,467.29999,321898.0,-0.7750334265838619,2.2026953603015573
1026,2021-07-20,NSE:PSPPROJECT,471.0,478.0,446.0,448.10001,230870.0,-4.108705416407131,-0.7750334265838619
1027,2021-07-22,NSE:PSPPROJECT,454.89999,472.89999,451.79999,468.20001,186526.0,4.485605791439286,-4.108705416407131
1028,2021-07-23,NSE:PSPPROJECT,480.0,489.95001,468.20001,480.5,480562.0,2.627080251450652,4.485605791439286
1029,2021-07-26,NSE:PSPPROJECT,482.89999,488.45001,475.10001,480.60001,145814.0,0.020813735691986992,2.627080251450652
1030,2021-07-27,NSE:PSPPROJECT,482.0,488.0,465.70001,469.64999,106505.0,-2.2784061115604213,0.020813735691986992
1031,2021-07-28,NSE:PSPPROJECT,474.85001,476.29999,455.0,459.70001,88377.0,-2.118594743289568,-2.2784061115604213
1032,2021-07-29,NSE:PSPPROJECT,464.85001,478.29999,455.29999,472.5,297857.0,2.7844223888531086,-2.118594743289568
1033,2021-07-30,NSE:PSPPROJECT,473.0,475.95001,460.29999,462.35001,177372.0,-2.148146031746032,2.7844223888531086
1034,2021-08-02,NSE:PSPPROJECT,468.0,474.0,461.5,465.79999,202958.0,0.7461836109833722,-2.148146031746032
1035,2021-08-03,NSE:PSPPROJECT,465.70001,472.0,462.14999,463.85001,128213.0,-0.41863032242658105,0.7461836109833722
1036,2021-08-04,NSE:PSPPROJECT,464.75,470.54999,452.0,453.10001,55820.0,-2.317559505927358,-0.41863032242658105
1037,2021-08-05,NSE:PSPPROJECT,464.0,464.0,447.5,451.79999,52318.0,-0.2869167890770997,-2.317559505927358
1038,2021-08-06,NSE:PSPPROJECT,454.10001,456.89999,448.39999,451.14999,34515.0,-0.14386897175450963,-0.2869167890770997
1039,2021-08-09,NSE:PSPPROJECT,456.79999,456.79999,445.10001,447.70001,32607.0,-0.7647079854750706,-0.14386897175450963
1040,2021-08-10,NSE:PSPPROJECT,450.89999,450.89999,429.29999,432.25,65263.0,-3.4509737893461336,-0.7647079854750706
1041,2021-08-11,NSE:PSPPROJECT,432.25,437.0,416.70001,426.79999,76932.0,-1.260846732215158,-3.4509737893461336
1042,2021-08-12,NSE:PSPPROJECT,431.95001,454.89999,428.25,448.64999,63267.0,5.119494028104364,-1.260846732215158
1043,2021-08-13,NSE:PSPPROJECT,448.64999,450.04999,437.75,441.45001,52635.0,-1.6048100212818421,5.119494028104364
1044,2021-08-16,NSE:PSPPROJECT,436.0,444.89999,431.20001,434.64999,31517.0,-1.5403827944187876,-1.6048100212818421
1045,2021-08-17,NSE:PSPPROJECT,436.85001,436.85001,425.10001,428.10001,26739.0,-1.5069550559520328,-1.5403827944187876
1046,2021-08-18,NSE:PSPPROJECT,430.0,433.60001,421.10001,422.29999,44169.0,-1.3548282794947886,-1.5069550559520328
1047,2021-08-20,NSE:PSPPROJECT,421.0,430.0,420.0,425.64999,32319.0,0.7932749418251284,-1.3548282794947886
1048,2021-08-23,NSE:PSPPROJECT,423.64999,429.10001,405.10001,409.25,74735.0,-3.8529285528704,0.7932749418251284
1049,2021-08-24,NSE:PSPPROJECT,411.29999,427.0,410.85001,414.70001,32983.0,1.3317067806964007,-3.8529285528704
1050,2021-08-25,NSE:PSPPROJECT,415.79999,426.0,415.79999,420.45001,26675.0,1.3865444565578862,1.3317067806964007
1051,2021-08-26,NSE:PSPPROJECT,423.89999,423.89999,410.29999,416.79999,22053.0,-0.868122229322825,1.3865444565578862
1052,2021-08-27,NSE:PSPPROJECT,421.39999,424.20001,415.0,417.35001,17219.0,0.13196257514306028,-0.868122229322825
1053,2021-08-30,NSE:PSPPROJECT,422.0,425.0,418.10001,421.29999,33452.0,0.9464430107477372,0.13196257514306028
1054,2021-08-31,NSE:PSPPROJECT,423.45001,425.0,420.89999,422.70001,22562.0,0.33230952604580893,0.9464430107477372
1055,2021-09-01,NSE:PSPPROJECT,420.10001,430.20001,420.10001,424.89999,59557.0,0.5204589420284097,0.33230952604580893
1056,2021-09-02,NSE:PSPPROJECT,423.10001,457.0,423.10001,449.39999,205519.0,5.766062738669398,0.5204589420284097
1057,2021-09-03,NSE:PSPPROJECT,454.89999,454.89999,445.14999,449.85001,122449.0,0.10013796395500477,5.766062738669398
1058,2021-09-06,NSE:PSPPROJECT,450.0,454.95001,444.04999,445.5,37041.0,-0.9669911977994615,0.10013796395500477
1059,2021-09-07,NSE:PSPPROJECT,443.29999,450.0,437.25,443.70001,33593.0,-0.4040381593714882,-0.9669911977994615
1060,2021-09-08,NSE:PSPPROJECT,455.0,455.89999,438.0,441.45001,209930.0,-0.5070993800518507,-0.4040381593714882
1061,2021-09-09,NSE:PSPPROJECT,450.0,450.0,437.25,440.14999,33995.0,-0.2944886103864892,-0.5070993800518507
1062,2021-09-13,NSE:PSPPROJECT,436.10001,444.0,428.39999,430.89999,66478.0,-2.101556335375584,-0.2944886103864892
1063,2021-09-14,NSE:PSPPROJECT,433.10001,434.70001,425.0,426.5,57744.0,-1.0211162919729941,-2.101556335375584
1064,2021-09-15,NSE:PSPPROJECT,429.0,438.0,429.0,436.29999,42145.0,2.2977702227432544,-1.0211162919729941
1065,2021-09-16,NSE:PSPPROJECT,438.5,441.95001,428.0,433.89999,48990.0,-0.5500802326399268,2.2977702227432544
1066,2021-09-17,NSE:PSPPROJECT,431.14999,436.70001,426.14999,434.25,68600.0,0.08066605394482666,-0.5500802326399268
1067,2021-09-20,NSE:PSPPROJECT,431.25,437.35001,420.60001,424.25,57844.0,-2.3028209556706964,0.08066605394482666
1068,2021-09-21,NSE:PSPPROJECT,425.0,428.20001,416.10001,422.64999,32612.0,-0.3771384796700053,-2.3028209556706964
1069,2021-09-22,NSE:PSPPROJECT,424.79999,452.0,423.79999,436.04999,139550.0,3.1704720967815416,-0.3771384796700053
1070,2021-09-23,NSE:PSPPROJECT,443.0,468.79999,438.14999,456.89999,603308.0,4.7815618571623,3.1704720967815416
1071,2021-09-24,NSE:PSPPROJECT,458.89999,461.95001,440.54999,446.75,451086.0,-2.221490527938073,4.7815618571623
1072,2021-09-27,NSE:PSPPROJECT,452.39999,517.40002,421.0,501.35001,6660598.0,12.221602686066031,-2.221490527938073
1073,2021-09-28,NSE:PSPPROJECT,511.0,512.09998,476.0,481.64999,1533604.0,-3.9293945561106094,12.221602686066031
1074,2021-09-29,NSE:PSPPROJECT,480.0,500.79999,476.10001,488.20001,795416.0,1.3599128279853214,-3.9293945561106094
1075,2021-09-30,NSE:PSPPROJECT,496.5,501.0,479.0,482.39999,461504.0,-1.188041761818075,1.3599128279853214
1076,2021-10-01,NSE:PSPPROJECT,478.0,519.0,474.35001,512.65002,1689670.0,6.270736033804653,-1.188041761818075
1077,2021-10-04,NSE:PSPPROJECT,523.5,529.70001,510.10001,514.0,1004216.0,0.2633336481679957,6.270736033804653
1078,2021-10-05,NSE:PSPPROJECT,514.70001,542.0,512.84998,529.25,1212115.0,2.96692607003891,0.2633336481679957
1079,2021-10-06,NSE:PSPPROJECT,525.29999,531.90002,505.20001,508.25,424370.0,-3.9678790741615497,2.96692607003891
1080,2021-10-07,NSE:PSPPROJECT,514.79999,524.90002,509.0,511.79999,320490.0,0.698473192326607,-3.9678790741615497
1081,2021-10-08,NSE:PSPPROJECT,515.0,524.29999,507.64999,515.70001,286941.0,0.7620203353267045,0.698473192326607
1082,2021-10-11,NSE:PSPPROJECT,517.0,529.0,497.0,501.5,354649.0,-2.7535407649109835,0.7620203353267045
1083,2021-10-12,NSE:PSPPROJECT,500.0,513.5,498.10001,501.89999,413451.0,0.07975872382851495,-2.7535407649109835
1084,2021-10-13,NSE:PSPPROJECT,509.0,514.0,500.10001,505.29999,210200.0,0.6774257955255144,0.07975872382851495
1085,2021-10-14,NSE:PSPPROJECT,509.70001,540.59998,506.54999,530.84998,915471.0,5.056400258389077,0.6774257955255144
1086,2021-10-18,NSE:PSPPROJECT,534.84998,540.0,521.95001,531.59998,495960.0,0.1412828535851127,5.056400258389077
1087,2021-10-19,NSE:PSPPROJECT,535.0,547.45001,511.60001,519.0,510602.0,-2.3701994872159253,0.1412828535851127
1088,2021-10-20,NSE:PSPPROJECT,519.79999,519.79999,500.70001,511.20001,296654.0,-1.502888246628127,-2.3701994872159253
1089,2021-10-21,NSE:PSPPROJECT,513.0,515.0,497.10001,505.70001,143874.0,-1.0758998224589236,-1.502888246628127
1090,2021-10-22,NSE:PSPPROJECT,509.70001,529.0,503.0,509.20001,304381.0,0.692109932922485,-1.0758998224589236
1091,2021-10-25,NSE:PSPPROJECT,518.0,518.0,492.35001,505.0,170751.0,-0.8248251998266889,0.692109932922485
1092,2021-10-26,NSE:PSPPROJECT,509.85001,523.5,504.35001,517.5,211909.0,2.4752475247524752,-0.8248251998266889
1093,2021-10-27,NSE:PSPPROJECT,519.95001,552.0,510.0,528.34998,1114450.0,2.0966144927536154,2.4752475247524752
1094,2021-10-28,NSE:PSPPROJECT,530.0,538.0,508.0,512.59998,269841.0,-2.98097863086888,2.0966144927536154
1095,2021-10-29,NSE:PSPPROJECT,510.20001,526.0,504.20001,514.15002,271071.0,0.3023878385637239,-2.98097863086888
1096,2021-11-01,NSE:PSPPROJECT,519.5,526.09998,514.54999,518.15002,165520.0,0.7779830486051522,0.3023878385637239
1097,2021-11-02,NSE:PSPPROJECT,521.0,534.84998,520.54999,524.34998,331789.0,1.1965569353832928,0.7779830486051522
1098,2021-11-03,NSE:PSPPROJECT,534.0,538.79999,522.65002,527.34998,258810.0,0.5721369532616365,1.1965569353832928
1099,2021-11-04,NSE:PSPPROJECT,532.70001,538.34998,532.0,533.70001,89333.0,1.2041396114208747,0.5721369532616365
1100,2021-11-08,NSE:PSPPROJECT,539.40002,539.40002,529.09998,532.09998,208079.0,-0.29979950721755855,1.2041396114208747
1101,2021-11-09,NSE:PSPPROJECT,535.95001,538.90002,524.09998,526.20001,223409.0,-1.1088085363205502,-0.29979950721755855
1102,2021-11-10,NSE:PSPPROJECT,523.04999,531.0,519.5,521.75,73667.0,-0.8456879352776941,-1.1088085363205502
1103,2021-11-11,NSE:PSPPROJECT,524.40002,524.90002,511.29999,514.34998,65126.0,-1.418307618591287,-0.8456879352776941
1104,2021-11-12,NSE:PSPPROJECT,519.79999,522.04999,510.39999,514.04999,61070.0,-0.058324100644463875,-1.418307618591287
1105,2021-11-15,NSE:PSPPROJECT,516.59998,518.84998,507.04999,511.39999,78187.0,-0.515514065081487,-0.058324100644463875
1106,2021-11-16,NSE:PSPPROJECT,510.0,534.40002,508.20001,527.25,227313.0,3.0993371744101905,-0.515514065081487
1107,2021-11-17,NSE:PSPPROJECT,528.5,528.5,517.29999,519.20001,77043.0,-1.5267880512091,3.0993371744101905
1108,2021-11-18,NSE:PSPPROJECT,520.0,524.0,503.35001,513.34998,138604.0,-1.1267391924742183,-1.5267880512091
1109,2021-11-22,NSE:PSPPROJECT,515.95001,518.0,489.60001,491.79999,126906.0,-4.197913867650288,-1.1267391924742183
1110,2021-11-23,NSE:PSPPROJECT,488.29999,505.0,488.29999,501.95001,116630.0,2.063851200972989,-4.197913867650288
1111,2021-11-24,NSE:PSPPROJECT,502.29999,514.90002,500.5,502.89999,70331.0,0.18925789044211438,2.063851200972989
1112,2021-11-25,NSE:PSPPROJECT,504.0,509.5,499.0,505.10001,59821.0,0.43746670187843806,0.18925789044211438
1113,2021-11-26,NSE:PSPPROJECT,499.0,504.20001,484.0,491.5,141003.0,-2.692538057958066,0.43746670187843806
1114,2021-11-29,NSE:PSPPROJECT,491.29999,493.95001,461.25,469.04999,96752.0,-4.5676520854527,-2.692538057958066
1115,2021-11-30,NSE:PSPPROJECT,470.04999,485.20001,470.0,472.64999,55310.0,0.7675088107346559,-4.5676520854527
1116,2021-12-01,NSE:PSPPROJECT,477.10001,481.29999,467.5,471.29999,37199.0,-0.28562361759491894,0.7675088107346559
1117,2021-12-02,NSE:PSPPROJECT,472.45001,494.39999,472.45001,488.29999,119869.0,3.607044421961477,-0.28562361759491894
1118,2021-12-03,NSE:PSPPROJECT,490.75,496.0,480.10001,489.5,77780.0,0.24575261613255825,3.607044421961477
1119,2021-12-06,NSE:PSPPROJECT,496.0,496.0,471.5,473.45001,93750.0,-3.2788539325842656,0.24575261613255825
1120,2021-12-07,NSE:PSPPROJECT,479.89999,485.0,469.5,483.14999,68006.0,2.0487865234177485,-3.2788539325842656
1121,2021-12-08,NSE:PSPPROJECT,482.0,512.04999,482.0,507.0,108780.0,4.936357341122991,2.0487865234177485
1122,2021-12-09,NSE:PSPPROJECT,507.0,509.54999,497.0,504.04999,55799.0,-0.5818560157790967,4.936357341122991
1123,2021-12-10,NSE:PSPPROJECT,510.10001,534.79999,508.0,530.0,309025.0,5.1483008659518115,-0.5818560157790967
1124,2021-12-13,NSE:PSPPROJECT,531.90002,537.34998,511.10001,515.15002,144016.0,-2.8018830188679167,5.1483008659518115
1125,2021-12-14,NSE:PSPPROJECT,513.0,528.0,506.10001,511.25,118991.0,-0.7570649031519091,-2.8018830188679167
1126,2021-12-15,NSE:PSPPROJECT,515.0,521.59998,506.10001,507.75,120762.0,-0.6845965770171148,-0.7570649031519091
1127,2021-12-16,NSE:PSPPROJECT,510.29999,514.79999,498.0,499.85001,115890.0,-1.555881831610045,-0.6845965770171148
1128,2021-12-17,NSE:PSPPROJECT,503.89999,503.89999,470.20001,476.54999,174272.0,-4.661402327470198,-1.555881831610045
1129,2021-12-20,NSE:PSPPROJECT,470.0,470.0,448.0,452.29999,185001.0,-5.088658169943514,-4.661402327470198
1130,2021-12-21,NSE:PSPPROJECT,455.10001,465.0,448.29999,451.54999,124465.0,-0.1658191502502576,-5.088658169943514
1131,2021-12-22,NSE:PSPPROJECT,452.0,461.79999,449.5,450.95001,116242.0,-0.1328712242912373,-0.1658191502502576
1132,2021-12-23,NSE:PSPPROJECT,480.0,484.89999,463.10001,465.10001,313524.0,3.137820087862949,-0.1328712242912373
1133,2021-12-24,NSE:PSPPROJECT,473.79999,473.79999,461.35001,464.54999,82075.0,-0.11825843650272502,3.137820087862949
1134,2021-12-27,NSE:PSPPROJECT,464.54999,467.95001,455.0,460.35001,53818.0,-0.9040964568743145,-0.11825843650272502
1135,2021-12-28,NSE:PSPPROJECT,461.35001,472.75,461.35001,468.70001,54105.0,1.813837258307005,-0.9040964568743145
1136,2021-12-29,NSE:PSPPROJECT,468.04999,478.54999,466.29999,475.25,60245.0,1.397480234745457,1.813837258307005
1137,2021-12-30,NSE:PSPPROJECT,475.20001,501.89999,471.0,487.64999,144151.0,2.609150973172015,1.397480234745457
1138,2021-12-31,NSE:PSPPROJECT,483.70001,493.04999,479.20001,485.35001,74665.0,-0.4716456571648869,2.609150973172015
1139,2022-01-03,NSE:PSPPROJECT,496.0,504.39999,490.0,495.25,92260.0,2.0397630155606676,-0.4716456571648869
1140,2022-01-04,NSE:PSPPROJECT,491.0,499.35001,485.75,491.25,68215.0,-0.8076728924785461,2.0397630155606676
1141,2022-01-05,NSE:PSPPROJECT,492.0,493.79999,482.0,488.35001,57589.0,-0.590328753180662,-0.8076728924785461
1142,2022-01-06,NSE:PSPPROJECT,483.70001,504.14999,481.60001,490.29999,134097.0,0.39929967442817954,-0.590328753180662
1143,2022-01-07,NSE:PSPPROJECT,488.0,499.5,484.79999,488.95001,82752.0,-0.2753375540554181,0.39929967442817954
1144,2022-01-10,NSE:PSPPROJECT,488.0,518.0,487.39999,500.45001,262956.0,2.351978681828844,-0.2753375540554181
1145,2022-01-11,NSE:PSPPROJECT,505.95001,511.85001,500.0,503.70001,106733.0,0.6494155130499448,2.351978681828844
1146,2022-01-12,NSE:PSPPROJECT,505.79999,511.0,495.0,497.04999,77141.0,-1.3202342402177123,0.6494155130499448
1147,2022-01-13,NSE:PSPPROJECT,503.0,504.35001,493.35001,496.79999,65145.0,-0.05029675184180167,-1.3202342402177123
1148,2022-01-14,NSE:PSPPROJECT,497.0,509.89999,493.95001,505.79999,85282.0,1.8115942393638131,-0.05029675184180167
1149,2022-01-17,NSE:PSPPROJECT,509.95001,517.0,503.35001,514.70001,124426.0,1.7595927591853138,1.8115942393638131
1150,2022-01-18,NSE:PSPPROJECT,516.0,531.90002,488.0,500.29999,328294.0,-2.7977500913590503,1.7595927591853138
1151,2022-01-19,NSE:PSPPROJECT,499.29999,523.84998,498.0,522.09998,165588.0,4.357383656953497,-2.7977500913590503
1152,2022-01-20,NSE:PSPPROJECT,520.65002,527.95001,512.34998,518.45001,83545.0,-0.6990940700667982,4.357383656953497
1153,2022-01-21,NSE:PSPPROJECT,517.0,523.95001,500.0,506.20001,92459.0,-2.3628121831842575,-0.6990940700667982
1154,2022-01-24,NSE:PSPPROJECT,510.0,514.75,490.0,495.29999,147131.0,-2.1533029997372064,-2.3628121831842575
1155,2022-01-25,NSE:PSPPROJECT,496.0,523.90002,483.54999,514.45001,253256.0,3.866347746140686,-2.1533029997372064
1156,2022-01-27,NSE:PSPPROJECT,519.0,587.70001,505.39999,578.04999,2327482.0,12.362713337297818,3.866347746140686
1157,2022-01-28,NSE:PSPPROJECT,593.0,624.45001,560.54999,575.34998,2374939.0,-0.4670893602126038,12.362713337297818
1158,2022-01-31,NSE:PSPPROJECT,590.0,627.90002,589.29999,610.25,1426537.0,6.065876633905513,-0.4670893602126038
1159,2022-02-01,NSE:PSPPROJECT,619.90002,639.29999,601.04999,625.04999,1076865.0,2.425233920524372,6.065876633905513
1160,2022-02-02,NSE:PSPPROJECT,630.0,633.0,606.65002,614.25,388623.0,-1.7278601988298539,2.425233920524372
1161,2022-02-03,NSE:PSPPROJECT,610.5,613.0,590.0,597.5,361524.0,-2.726902726902727,-1.7278601988298539
1162,2022-02-04,NSE:PSPPROJECT,601.40002,604.95001,583.0,586.15002,147978.0,-1.8995782426778174,-2.726902726902727
1163,2022-02-07,NSE:PSPPROJECT,589.34998,609.79999,580.0,592.90002,215440.0,1.1515823201712079,-1.8995782426778174
1164,2022-02-08,NSE:PSPPROJECT,598.0,604.95001,568.20001,572.54999,154929.0,-3.4322869478061513,1.1515823201712079
1165,2022-02-09,NSE:PSPPROJECT,579.20001,585.04999,570.09998,574.59998,83575.0,0.3580455917919027,-3.4322869478061513
1166,2022-02-10,NSE:PSPPROJECT,576.79999,589.90002,570.0,576.0,105512.0,0.24365124412291844,0.3580455917919027
1167,2022-02-11,NSE:PSPPROJECT,571.70001,578.40002,557.54999,560.0,138322.0,-2.7777777777777777,0.24365124412291844
1168,2022-02-14,NSE:PSPPROJECT,550.0,554.90002,525.0,527.34998,221264.0,-5.830360714285721,-2.7777777777777777
1169,2022-02-15,NSE:PSPPROJECT,538.0,552.34998,518.40002,545.90002,302294.0,3.517595658200287,-5.830360714285721
1170,2022-02-16,NSE:PSPPROJECT,553.0,559.0,540.09998,543.34998,117235.0,-0.46712583011081055,3.517595658200287
1171,2022-02-17,NSE:PSPPROJECT,554.0,556.29999,525.5,530.79999,69206.0,-2.3097433444278366,-0.46712583011081055
1172,2022-02-18,NSE:PSPPROJECT,530.0,553.70001,528.0,538.0,148606.0,1.3564450142510402,-2.3097433444278366
1173,2022-02-21,NSE:PSPPROJECT,538.0,539.95001,511.20001,518.59998,122786.0,-3.605951672862461,1.3564450142510402
1174,2022-02-22,NSE:PSPPROJECT,510.0,514.45001,492.35001,497.14999,138776.0,-4.136133981339521,-3.605951672862461
1175,2022-02-23,NSE:PSPPROJECT,508.0,522.5,505.39999,512.25,98646.0,3.0373147548489334,-4.136133981339521
1176,2022-02-24,NSE:PSPPROJECT,497.0,499.0,465.14999,474.60001,287698.0,-7.349924841386042,3.0373147548489334
1177,2022-02-25,NSE:PSPPROJECT,481.0,499.0,479.5,483.79999,137234.0,1.9384702499268769,-7.349924841386042
1178,2022-02-28,NSE:PSPPROJECT,466.35001,488.39999,461.35001,486.25,245209.0,0.5064096838861076,1.9384702499268769
1179,2022-03-02,NSE:PSPPROJECT,488.5,499.79999,486.25,494.75,117274.0,1.7480719794344475,0.5064096838861076
1180,2022-03-03,NSE:PSPPROJECT,501.0,510.54999,499.20001,499.79999,82325.0,1.0207155128852916,1.7480719794344475
1181,2022-03-04,NSE:PSPPROJECT,497.0,507.14999,489.20001,499.5,86172.0,-0.06002201000443793,1.0207155128852916
1182,2022-03-07,NSE:PSPPROJECT,485.0,497.0,479.0,481.25,100687.0,-3.6536536536536537,-0.06002201000443793
1183,2022-03-08,NSE:PSPPROJECT,480.0,497.0,477.10001,494.10001,103929.0,2.6701319480519476,-3.6536536536536537
1184,2022-03-09,NSE:PSPPROJECT,504.0,521.15002,498.25,511.79999,245320.0,3.5822666751210916,2.6701319480519476
1185,2022-03-10,NSE:PSPPROJECT,522.04999,531.79999,503.29999,513.0,160932.0,0.23446854698063205,3.5822666751210916
1186,2022-03-11,NSE:PSPPROJECT,510.89999,519.90002,506.95001,512.95001,87127.0,-0.00974463937621438,0.23446854698063205
1187,2022-03-14,NSE:PSPPROJECT,522.5,541.79999,513.59998,516.65002,250306.0,0.72131980268409,-0.00974463937621438
1188,2022-03-15,NSE:PSPPROJECT,520.0,527.20001,515.04999,520.15002,74607.0,0.6774411815565206,0.72131980268409
1189,2022-03-16,NSE:PSPPROJECT,524.0,533.65002,515.20001,519.0,97878.0,-0.2210939067156126,0.6774411815565206
1190,2022-03-17,NSE:PSPPROJECT,523.54999,527.70001,515.04999,521.15002,119258.0,0.4142620423892178,-0.2210939067156126
1191,2022-03-21,NSE:PSPPROJECT,524.90002,534.90002,516.45001,518.04999,113364.0,-0.5948440719622462,0.4142620423892178
1192,2022-03-22,NSE:PSPPROJECT,519.75,557.70001,518.54999,553.0,281715.0,6.746455105616356,-0.5948440719622462
1193,2022-03-23,NSE:PSPPROJECT,563.0,563.0,538.20001,541.90002,138101.0,-2.0072296564195224,6.746455105616356
1194,2022-03-24,NSE:PSPPROJECT,540.0,544.65002,533.90002,536.40002,93134.0,-1.0149473698118705,-2.0072296564195224
1195,2022-03-25,NSE:PSPPROJECT,537.0,546.54999,530.15002,532.25,61126.0,-0.7736800606383348,-1.0149473698118705
1196,2022-03-28,NSE:PSPPROJECT,530.0,545.34998,521.59998,536.90002,113984.0,0.8736533583842255,-0.7736800606383348
1197,2022-03-29,NSE:PSPPROJECT,539.0,547.90002,534.20001,540.90002,98224.0,0.7450176664176693,0.8736533583842255
1198,2022-03-30,NSE:PSPPROJECT,547.0,554.40002,540.54999,546.5,83653.0,1.035307782018562,0.7450176664176693
1199,2022-03-31,NSE:PSPPROJECT,541.15002,556.90002,535.5,539.15002,57886.0,-1.3449185727355828,1.035307782018562
1200,2022-04-01,NSE:PSPPROJECT,539.95001,554.95001,538.15002,548.25,62771.0,1.687838201322882,-1.3449185727355828
1201,2022-04-04,NSE:PSPPROJECT,552.75,564.40002,538.09998,550.54999,127698.0,0.41951481988143724,1.687838201322882
1202,2022-04-05,NSE:PSPPROJECT,550.54999,569.70001,550.54999,561.95001,142957.0,2.0706602864528323,0.41951481988143724
1203,2022-04-06,NSE:PSPPROJECT,561.0,574.29999,551.95001,555.95001,102438.0,-1.0677106314136378,2.0706602864528323
1204,2022-04-07,NSE:PSPPROJECT,555.0,562.0,528.0,533.25,131884.0,-4.08310272357042,-1.0677106314136378
1205,2022-04-08,NSE:PSPPROJECT,536.09998,563.95001,536.09998,558.0,134790.0,4.641350210970464,-4.08310272357042
1206,2022-04-11,NSE:PSPPROJECT,559.0,581.90002,558.04999,570.54999,167050.0,2.2491021505376305,4.641350210970464
1207,2022-04-12,NSE:PSPPROJECT,568.0,568.0,550.54999,553.20001,87608.0,-3.0409219707461497,2.2491021505376305
1208,2022-04-13,NSE:PSPPROJECT,553.70001,569.90002,553.70001,559.45001,87453.0,1.1297902904954755,-3.0409219707461497
1209,2022-04-18,NSE:PSPPROJECT,545.0,557.95001,535.29999,544.40002,107094.0,-2.6901402682967115,1.1297902904954755
1210,2022-04-19,NSE:PSPPROJECT,549.20001,556.40002,511.29999,525.54999,119407.0,-3.462532936718125,-2.6901402682967115
1211,2022-04-20,NSE:PSPPROJECT,528.40002,557.90002,525.54999,553.34998,414233.0,5.289694706301865,-3.462532936718125
1212,2022-04-21,NSE:PSPPROJECT,561.90002,587.65002,556.20001,578.5,451474.0,4.545047602604059,5.289694706301865
1213,2022-04-22,NSE:PSPPROJECT,575.0,588.59998,550.54999,553.79999,276086.0,-4.2696646499567885,4.545047602604059
1214,2022-04-25,NSE:PSPPROJECT,550.09998,557.54999,526.5,531.25,173090.0,-4.071865367855998,-4.2696646499567885
1215,2022-04-26,NSE:PSPPROJECT,537.5,568.0,536.15002,557.90002,298041.0,5.0164743529411835,-4.071865367855998
1216,2022-04-27,NSE:PSPPROJECT,551.79999,555.40002,540.09998,547.34998,68730.0,-1.8910269979915184,5.0164743529411835
1217,2022-04-28,NSE:PSPPROJECT,552.0,555.20001,540.0,544.04999,54252.0,-0.6029031004988764,-1.8910269979915184
1218,2022-04-29,NSE:PSPPROJECT,549.70001,570.0,533.0,538.09998,364957.0,-1.09365133891465,-0.6029031004988764
1219,2022-05-02,NSE:PSPPROJECT,535.0,540.70001,526.09998,531.40002,76188.0,-1.2451143373021347,-1.09365133891465
1220,2022-05-04,NSE:PSPPROJECT,532.09998,545.65002,519.0,525.04999,130250.0,-1.194962318593827,-1.2451143373021347
1221,2022-05-05,NSE:PSPPROJECT,526.15002,540.40002,521.09998,527.40002,169038.0,0.4475821435593325,-1.194962318593827
1222,2022-05-06,NSE:PSPPROJECT,519.0,521.90002,507.0,512.40002,95496.0,-2.844140961541867,0.4475821435593325
1223,2022-05-09,NSE:PSPPROJECT,500.04999,519.79999,496.85001,504.45001,102350.0,-1.5515241392847758,-2.844140961541867
1224,2022-05-10,NSE:PSPPROJECT,503.70001,513.79999,501.35001,503.85001,82894.0,-0.11894141899214607,-1.5515241392847758
1225,2022-05-11,NSE:PSPPROJECT,504.0,509.0,472.0,487.5,123674.0,-3.2450153171575797,-0.11894141899214607
1226,2022-05-12,NSE:PSPPROJECT,480.10001,483.5,464.0,468.5,97505.0,-3.897435897435898,-3.2450153171575797
1227,2022-05-13,NSE:PSPPROJECT,470.0,488.5,470.0,475.45001,69028.0,1.4834599786552871,-3.897435897435898
1228,2022-05-16,NSE:PSPPROJECT,475.0,484.5,469.29999,477.54999,76262.0,0.4416826071788198,1.4834599786552871
1229,2022-05-17,NSE:PSPPROJECT,484.70001,496.0,477.95001,490.25,72253.0,2.6594095416063186,0.4416826071788198
1230,2022-05-18,NSE:PSPPROJECT,498.0,502.0,484.60001,486.39999,83836.0,-0.7853156552779189,2.6594095416063186
1231,2022-05-19,NSE:PSPPROJECT,475.0,485.85001,472.0,476.25,54297.0,-2.0867578554020945,-0.7853156552779189
1232,2022-05-20,NSE:PSPPROJECT,484.0,496.20001,471.45001,488.64999,69125.0,2.6036724409448824,-2.0867578554020945
1233,2022-05-23,NSE:PSPPROJECT,499.89999,506.89999,485.5,488.95001,67262.0,0.06139772969196576,2.6036724409448824
1234,2022-05-24,NSE:PSPPROJECT,495.95001,498.79999,475.0,477.0,66061.0,-2.4440146754470913,0.06139772969196576
1235,2022-05-25,NSE:PSPPROJECT,478.20001,481.95001,468.0,469.5,41497.0,-1.5723270440251573,-2.4440146754470913
1236,2022-05-26,NSE:PSPPROJECT,471.85001,488.25,464.60001,482.10001,73342.0,2.683708200212992,-1.5723270440251573
1237,2022-05-27,NSE:PSPPROJECT,486.89999,536.59998,484.79999,517.84998,618354.0,7.415467591465092,2.683708200212992
1238,2022-05-30,NSE:PSPPROJECT,525.0,530.04999,504.0,506.45001,153040.0,-2.201403966453748,7.415467591465092
1239,2022-05-31,NSE:PSPPROJECT,510.29999,518.70001,504.0,510.70001,105763.0,0.839174630483273,-2.201403966453748
1240,2022-06-01,NSE:PSPPROJECT,512.5,520.0,510.0,514.04999,63172.0,0.6559584755050151,0.839174630483273
1241,2022-06-02,NSE:PSPPROJECT,515.0,527.0,512.04999,521.70001,115787.0,1.4881860030772571,0.6559584755050151
1242,2022-06-03,NSE:PSPPROJECT,529.0,538.40002,520.0,523.75,119221.0,0.39294421328456175,1.4881860030772571
1243,2022-06-06,NSE:PSPPROJECT,515.15002,550.0,511.79999,534.59998,126139.0,2.071595226730303,0.39294421328456175
1244,2022-06-07,NSE:PSPPROJECT,540.40002,544.79999,528.0,530.29999,159058.0,-0.8043378527623551,2.071595226730303
1245,2022-06-08,NSE:PSPPROJECT,534.5,539.59998,524.0,527.70001,60271.0,-0.49028475372966906,-0.8043378527623551
1246,2022-06-09,NSE:PSPPROJECT,525.0,533.40002,523.34998,526.45001,42016.0,-0.23687700896575686,-0.49028475372966906
1247,2022-06-10,NSE:PSPPROJECT,521.54999,529.40002,518.0,523.29999,41445.0,-0.5983512090730211,-0.23687700896575686
1248,2022-06-13,NSE:PSPPROJECT,508.0,516.84998,501.25,506.39999,65299.0,-3.229505125731032,-0.5983512090730211
1249,2022-06-14,NSE:PSPPROJECT,500.04999,517.25,500.04999,508.45001,46648.0,0.404822282875641,-3.229505125731032
1250,2022-06-15,NSE:PSPPROJECT,510.54999,514.95001,502.0,506.60001,27839.0,-0.36385091230503125,0.404822282875641
1251,2022-06-16,NSE:PSPPROJECT,514.20001,519.84998,486.95001,489.89999,41773.0,-3.296490262603823,-0.36385091230503125
1252,2022-06-17,NSE:PSPPROJECT,492.35001,498.20001,483.29999,489.10001,41678.0,-0.16329455324136768,-3.296490262603823
1253,2022-06-20,NSE:PSPPROJECT,489.20001,494.54999,459.20001,470.54999,89750.0,-3.792684445048369,-0.16329455324136768
1254,2022-06-21,NSE:PSPPROJECT,472.10001,512.0,472.04999,507.14999,74050.0,7.778132138521568,-3.792684445048369
1255,2022-06-22,NSE:PSPPROJECT,501.14999,507.14999,490.0,503.79999,40357.0,-0.6605540897279762,7.778132138521568
1256,2022-06-23,NSE:PSPPROJECT,506.35001,518.20001,497.54999,511.39999,78510.0,1.5085351629324215,-0.6605540897279762
1257,2022-06-24,NSE:PSPPROJECT,520.0,540.0,515.59998,532.04999,201863.0,4.037935159130523,1.5085351629324215
1258,2022-06-27,NSE:PSPPROJECT,533.5,540.54999,527.0,529.15002,89792.0,-0.5450559260418254,4.037935159130523
1259,2022-06-28,NSE:PSPPROJECT,527.79999,566.54999,527.79999,559.04999,341178.0,5.650565788507376,-0.5450559260418254
1260,2022-06-29,NSE:PSPPROJECT,565.20001,574.75,546.70001,549.04999,294743.0,-1.7887488022314428,5.650565788507376
1261,2022-06-30,NSE:PSPPROJECT,553.84998,566.40002,550.0,553.20001,169473.0,0.7558546718123136,-1.7887488022314428
1262,2022-07-01,NSE:PSPPROJECT,555.0,563.0,541.04999,558.54999,81772.0,0.9670968733351902,0.7558546718123136
1263,2022-07-04,NSE:PSPPROJECT,555.0,569.45001,554.09998,559.15002,64722.0,0.10742637377901675,0.9670968733351902
1264,2022-07-05,NSE:PSPPROJECT,565.0,617.70001,558.79999,585.54999,1186095.0,4.721446670072539,0.10742637377901675
1265,2022-07-06,NSE:PSPPROJECT,594.79999,610.0,586.40002,598.54999,355369.0,2.220134953806421,4.721446670072539
1266,2022-07-07,NSE:PSPPROJECT,601.40002,611.0,586.29999,600.45001,233634.0,0.317437145057849,2.220134953806421
1267,2022-07-08,NSE:PSPPROJECT,604.0,608.90002,572.0,577.09998,218363.0,-3.8887550355774096,0.317437145057849
1268,2022-07-11,NSE:PSPPROJECT,579.79999,618.79999,575.04999,613.84998,383239.0,6.368047352904085,-3.8887550355774096
1269,2022-07-12,NSE:PSPPROJECT,616.0,626.40002,599.5,602.95001,279639.0,-1.77567326792125,6.368047352904085
1270,2022-07-13,NSE:PSPPROJECT,605.0,609.40002,582.95001,594.25,157995.0,-1.442907348156445,-1.77567326792125
1271,2022-07-14,NSE:PSPPROJECT,597.0,598.95001,580.09998,587.15002,160076.0,-1.1947799747580916,-1.442907348156445
1272,2022-07-15,NSE:PSPPROJECT,588.5,611.09998,587.15002,608.04999,165284.0,3.559562171180704,-1.1947799747580916
1273,2022-07-18,NSE:PSPPROJECT,612.0,661.0,612.0,654.45001,1216398.0,7.630954816724862,3.559562171180704
1274,2022-07-19,NSE:PSPPROJECT,661.0,671.5,641.20001,645.20001,763406.0,-1.4134005437634571,7.630954816724862
1275,2022-07-20,NSE:PSPPROJECT,653.5,653.5,628.15002,637.54999,220010.0,-1.1856819407054937,-1.4134005437634571
1276,2022-07-21,NSE:PSPPROJECT,635.5,648.79999,631.95001,637.25,175652.0,-0.047053565164353585,-1.1856819407054937
1277,2022-07-22,NSE:PSPPROJECT,643.0,649.70001,627.0,630.0,127278.0,-1.1377010592389172,-0.047053565164353585
1278,2022-07-25,NSE:PSPPROJECT,630.0,659.0,628.0,649.40002,373327.0,3.0793682539682603,-1.1377010592389172
1279,2022-07-26,NSE:PSPPROJECT,658.0,660.0,632.5,636.45001,250511.0,-1.9941499231860234,3.0793682539682603
1280,2022-07-27,NSE:PSPPROJECT,631.0,637.90002,620.04999,623.70001,87659.0,-2.0032995207274804,-1.9941499231860234
1281,2022-07-28,NSE:PSPPROJECT,627.84998,640.0,627.5,629.09998,127012.0,0.8657960419144356,-2.0032995207274804
1282,2022-07-29,NSE:PSPPROJECT,635.0,636.25,616.54999,618.75,122945.0,-1.6452043123574667,0.8657960419144356
1283,2022-08-01,NSE:PSPPROJECT,621.84998,641.0,621.84998,628.25,235925.0,1.5353535353535352,-1.6452043123574667
1284,2022-08-02,NSE:PSPPROJECT,627.09998,644.90002,627.09998,639.5,228505.0,1.7906884202148827,1.5353535353535352
1285,2022-08-03,NSE:PSPPROJECT,640.79999,642.5,620.09998,628.25,185467.0,-1.7591868647380766,1.7906884202148827
1286,2022-08-04,NSE:PSPPROJECT,629.0,633.34998,606.65002,617.70001,183074.0,-1.6792662156784686,-1.7591868647380766
1287,2022-08-05,NSE:PSPPROJECT,621.95001,626.40002,611.90002,615.20001,117355.0,-0.4047272073056952,-1.6792662156784686
1288,2022-08-08,NSE:PSPPROJECT,614.90002,644.65002,607.15002,636.25,231090.0,3.4216498143424903,-0.4047272073056952
1289,2022-08-10,NSE:PSPPROJECT,626.95001,626.95001,583.0,597.84998,565613.0,-6.035366601178788,3.4216498143424903
1290,2022-08-11,NSE:PSPPROJECT,600.0,609.5,597.20001,600.5,136135.0,0.44325835722199747,-6.035366601178788
1291,2022-08-12,NSE:PSPPROJECT,603.04999,616.90002,592.90002,612.79999,233002.0,2.0482914238134855,0.44325835722199747
1292,2022-08-16,NSE:PSPPROJECT,614.45001,618.75,598.0,600.20001,69113.0,-2.056132540080485,2.0482914238134855
1293,2022-08-17,NSE:PSPPROJECT,599.84998,606.09998,594.04999,597.0,57025.0,-0.5331572720233744,-2.056132540080485
1294,2022-08-18,NSE:PSPPROJECT,597.0,616.5,595.20001,599.40002,147112.0,0.40201340033501515,-0.5331572720233744
1295,2022-08-19,NSE:PSPPROJECT,600.0,602.29999,582.95001,585.5,118808.0,-2.318988911611988,0.40201340033501515
1296,2022-08-22,NSE:PSPPROJECT,583.0,588.0,568.0,571.95001,91727.0,-2.3142596071733528,-2.318988911611988
1297,2022-08-23,NSE:PSPPROJECT,567.0,592.04999,566.0,590.84998,129161.0,3.304479354760382,-2.3142596071733528
1298,2022-08-24,NSE:PSPPROJECT,592.25,596.84998,582.0,586.40002,34370.0,-0.7531454938866071,3.304479354760382
1299,2022-08-25,NSE:PSPPROJECT,620.0,624.90002,600.54999,604.34998,500926.0,3.0610435518061405,-0.7531454938866071
1300,2022-08-26,NSE:PSPPROJECT,606.79999,612.79999,591.95001,598.09998,81238.0,-1.0341689760625126,3.0610435518061405
1301,2022-08-29,NSE:PSPPROJECT,590.0,617.84998,584.29999,608.95001,210132.0,1.814082989937579,-1.0341689760625126
1302,2022-08-30,NSE:PSPPROJECT,618.0,618.79999,602.54999,606.40002,141192.0,-0.418751943201377,1.814082989937579
1303,2022-09-01,NSE:PSPPROJECT,601.0,617.0,601.0,604.70001,85503.0,-0.28034464774589224,-0.418751943201377
1304,2022-09-02,NSE:PSPPROJECT,610.0,610.0,592.40002,595.54999,176025.0,-1.5131502974508038,-0.28034464774589224
1305,2022-09-05,NSE:PSPPROJECT,600.54999,604.20001,595.29999,596.34998,67965.0,0.13432793441907032,-1.5131502974508038
1306,2022-09-06,NSE:PSPPROJECT,599.34998,601.5,586.34998,589.84998,164121.0,-1.089963983900863,0.13432793441907032
1307,2022-09-07,NSE:PSPPROJECT,590.0,594.45001,581.65002,586.09998,176812.0,-0.6357548744852038,-1.089963983900863
1308,2022-09-08,NSE:PSPPROJECT,588.0,603.95001,583.29999,601.90002,119911.0,2.6957926188634374,-0.6357548744852038
1309,2022-09-09,NSE:PSPPROJECT,602.0,605.0,585.0,587.0,104347.0,-2.475497508705854,2.6957926188634374
1310,2022-09-12,NSE:PSPPROJECT,589.95001,595.95001,588.5,592.29999,72755.0,0.9028943781942044,-2.475497508705854
1311,2022-09-13,NSE:PSPPROJECT,596.0,625.0,596.0,621.79999,506300.0,4.980584247519572,0.9028943781942044
1312,2022-09-14,NSE:PSPPROJECT,615.70001,651.54999,615.09998,642.0,742945.0,3.248634661444755,4.980584247519572
1313,2022-09-15,NSE:PSPPROJECT,648.90002,673.90002,641.0,644.90002,480019.0,0.4517165109034331,3.248634661444755
1314,2022-09-16,NSE:PSPPROJECT,647.40002,662.95001,632.0,642.34998,321015.0,-0.3954163313563056,0.4517165109034331
1315,2022-09-19,NSE:PSPPROJECT,646.90002,651.79999,627.65002,639.0,332012.0,-0.5215194371143219,-0.3954163313563056
1316,2022-09-20,NSE:PSPPROJECT,645.79999,649.15002,634.04999,640.70001,126508.0,0.2660422535211299,-0.5215194371143219
1317,2022-09-21,NSE:PSPPROJECT,642.0,684.0,640.04999,661.40002,823095.0,3.2308427777299427,0.2660422535211299
1318,2022-09-22,NSE:PSPPROJECT,657.0,662.5,641.20001,646.29999,161744.0,-2.2830404510722664,3.2308427777299427
1319,2022-09-23,NSE:PSPPROJECT,657.45001,657.45001,635.0,640.09998,209085.0,-0.9593083855687542,-2.2830404510722664
1320,2022-09-26,NSE:PSPPROJECT,635.34998,635.34998,595.40002,598.90002,298204.0,-6.436488249851206,-0.9593083855687542
1321,2022-09-27,NSE:PSPPROJECT,600.0,643.70001,586.75,631.34998,271278.0,5.41825996265619,-6.436488249851206
1322,2022-09-28,NSE:PSPPROJECT,630.0,635.04999,610.5,614.95001,220265.0,-2.5976036302400676,5.41825996265619
1323,2022-09-29,NSE:PSPPROJECT,621.84998,640.79999,617.0,636.5,135343.0,3.5043482640157984,-2.5976036302400676
1324,2022-09-30,NSE:PSPPROJECT,639.0,645.79999,623.15002,642.15002,107940.0,0.8876700706991423,3.5043482640157984
1325,2022-10-03,NSE:PSPPROJECT,638.0,653.34998,619.34998,624.15002,176996.0,-2.8030833044278345,0.8876700706991423
1326,2022-10-04,NSE:PSPPROJECT,632.04999,656.45001,632.04999,649.70001,218295.0,4.09356551811053,-2.8030833044278345
1327,2022-10-06,NSE:PSPPROJECT,657.0,657.0,643.5,646.04999,125503.0,-0.5618008225057655,4.09356551811053
1328,2022-10-07,NSE:PSPPROJECT,647.84998,669.40002,639.40002,666.25,279285.0,3.1266945766843866,-0.5618008225057655
1329,2022-10-10,NSE:PSPPROJECT,660.0,673.95001,650.59998,666.09998,223965.0,-0.022517073170737777,3.1266945766843866
1330,2022-10-11,NSE:PSPPROJECT,669.90002,669.90002,642.65002,649.45001,134025.0,-2.499620252202971,-0.022517073170737777
1331,2022-10-12,NSE:PSPPROJECT,649.84998,653.84998,628.5,645.04999,123345.0,-0.6774994121564553,-2.499620252202971
1332,2022-10-13,NSE:PSPPROJECT,647.5,647.5,628.0,634.65002,110846.0,-1.6122734921676287,-0.6774994121564553
1333,2022-10-14,NSE:PSPPROJECT,640.15002,661.84998,631.54999,636.29999,278994.0,0.25998108374753365,-1.6122734921676287
1334,2022-10-17,NSE:PSPPROJECT,631.09998,646.34998,630.5,641.29999,85739.0,0.7857928773501945,0.25998108374753365
1335,2022-10-18,NSE:PSPPROJECT,645.04999,657.25,564.0,571.45001,1223265.0,-10.891935301605098,0.7857928773501945
1336,2022-10-19,NSE:PSPPROJECT,580.0,592.79999,575.09998,584.84998,427025.0,2.3449067749600596,-10.891935301605098
1337,2022-10-20,NSE:PSPPROJECT,584.0,590.0,581.09998,585.09998,145772.0,0.042746004710472935,2.3449067749600596
1338,2022-10-21,NSE:PSPPROJECT,589.59998,589.59998,570.0,578.0,168641.0,-1.213464406544666,0.042746004710472935
1339,2022-10-24,NSE:PSPPROJECT,579.79999,583.70001,577.25,578.95001,28262.0,0.1643615916955052,-1.213464406544666
1340,2022-10-25,NSE:PSPPROJECT,579.75,579.79999,565.0,568.15002,151653.0,-1.8654443066682007,0.1643615916955052
1341,2022-10-27,NSE:PSPPROJECT,568.15002,579.79999,568.15002,572.75,49718.0,0.8096417914409225,-1.8654443066682007
1342,2022-10-28,NSE:PSPPROJECT,573.0,581.95001,560.0,564.20001,205824.0,-1.4927961588825804,0.8096417914409225
1343,2022-10-31,NSE:PSPPROJECT,566.34998,594.40002,562.65002,589.5,181149.0,4.4842236000669295,-1.4927961588825804
1344,2022-11-01,NSE:PSPPROJECT,595.0,596.84998,582.70001,594.45001,131520.0,0.8396963528413945,4.4842236000669295
1345,2022-11-02,NSE:PSPPROJECT,592.29999,606.95001,587.5,596.20001,148415.0,0.29438976710590015,0.8396963528413945
1346,2022-11-03,NSE:PSPPROJECT,596.20001,600.79999,590.95001,595.59998,61336.0,-0.10064240019051002,0.29438976710590015
1347,2022-11-04,NSE:PSPPROJECT,598.0,616.0,595.04999,613.34998,183698.0,2.980188145741711,-0.10064240019051002
1348,2022-11-07,NSE:PSPPROJECT,616.84998,616.84998,597.75,611.20001,127801.0,-0.350529073140255,2.980188145741711
1349,2022-11-09,NSE:PSPPROJECT,618.29999,631.95001,616.0,622.65002,180542.0,1.873365479820594,-0.350529073140255
1350,2022-11-10,NSE:PSPPROJECT,621.0,634.84998,617.25,625.09998,201773.0,0.3934730460620428,1.873365479820594
1351,2022-11-11,NSE:PSPPROJECT,634.0,639.0,625.04999,628.45001,105683.0,0.5359190700982043,0.3934730460620428
1352,2022-11-14,NSE:PSPPROJECT,631.59998,633.29999,615.84998,622.65002,98701.0,-0.9229039553997269,0.5359190700982043
1353,2022-11-15,NSE:PSPPROJECT,622.0,631.0,618.15002,629.5,42771.0,1.1001332658754204,-0.9229039553997269
1354,2022-11-16,NSE:PSPPROJECT,623.20001,634.0,622.84998,631.29999,73843.0,0.285939634630656,1.1001332658754204
1355,2022-11-17,NSE:PSPPROJECT,633.0,633.0,620.0,626.79999,56649.0,-0.7128148378396141,0.285939634630656
1356,2022-11-18,NSE:PSPPROJECT,629.90002,629.90002,617.04999,624.84998,95773.0,-0.31110562078981846,-0.7128148378396141
1357,2022-11-21,NSE:PSPPROJECT,628.0,630.0,617.70001,626.09998,68341.0,0.2000480179258388,-0.31110562078981846
1358,2022-11-22,NSE:PSPPROJECT,629.0,629.90002,618.0,625.65002,48353.0,-0.07186711617526631,0.2000480179258388
1359,2022-11-23,NSE:PSPPROJECT,624.0,630.0,623.20001,625.34998,24441.0,-0.04795652368077618,-0.07186711617526631
1360,2022-11-24,NSE:PSPPROJECT,628.5,643.0,625.0,633.79999,118130.0,1.3512449460700424,-0.04795652368077618
1361,2022-11-25,NSE:PSPPROJECT,640.0,642.15002,626.0,628.70001,42617.0,-0.8046671001051862,1.3512449460700424
1362,2022-11-28,NSE:PSPPROJECT,631.84998,631.84998,621.34998,626.20001,44996.0,-0.39764592973364193,-0.8046671001051862
1363,2022-11-29,NSE:PSPPROJECT,628.0,648.0,626.15002,631.5,186439.0,0.8463733496267398,-0.39764592973364193
1364,2022-11-30,NSE:PSPPROJECT,634.45001,644.5,631.59998,639.45001,76024.0,1.2589089469517054,0.8463733496267398
1365,2022-12-01,NSE:PSPPROJECT,642.29999,643.95001,633.0,637.79999,55161.0,-0.25803737183459274,1.2589089469517054
1366,2022-12-02,NSE:PSPPROJECT,640.0,642.0,629.25,636.84998,40814.0,-0.14895108417922995,-0.25803737183459274
1367,2022-12-05,NSE:PSPPROJECT,634.5,650.0,630.04999,634.90002,127798.0,-0.30618828000904064,-0.14895108417922995
1368,2022-12-06,NSE:PSPPROJECT,633.45001,649.0,631.79999,634.54999,101394.0,-0.05513151503760555,-0.30618828000904064
1369,2022-12-07,NSE:PSPPROJECT,635.34998,647.29999,635.34998,642.20001,95793.0,1.2055819274380637,-0.05513151503760555
1370,2022-12-08,NSE:PSPPROJECT,646.0,653.79999,640.0,643.5,91164.0,0.2024275894981658,1.2055819274380637
1371,2022-12-09,NSE:PSPPROJECT,641.0,672.0,635.04999,661.84998,450790.0,2.851589743589737,0.2024275894981658
1372,2022-12-12,NSE:PSPPROJECT,670.0,718.0,666.09998,707.29999,2184998.0,6.86711662361915,2.851589743589737
1373,2022-12-13,NSE:PSPPROJECT,715.0,724.65002,700.34998,704.29999,672930.0,-0.4241481750904591,6.86711662361915
1374,2022-12-14,NSE:PSPPROJECT,704.29999,706.95001,677.70001,688.75,292378.0,-2.207864577706437,-0.4241481750904591
1375,2022-12-15,NSE:PSPPROJECT,695.59998,702.79999,670.25,676.5,156132.0,-1.7785843920145192,-2.207864577706437
1376,2022-12-16,NSE:PSPPROJECT,680.0,698.95001,669.04999,677.0,194097.0,0.07390983000739099,-1.7785843920145192
1377,2022-12-19,NSE:PSPPROJECT,678.0,690.59998,671.0,677.09998,102281.0,0.014768094534705989,0.07390983000739099
1378,2022-12-20,NSE:PSPPROJECT,679.75,746.65002,678.0,716.5,2594997.0,5.818936813437809,0.014768094534705989
1379,2022-12-21,NSE:PSPPROJECT,719.0,734.20001,677.0,684.54999,435209.0,-4.459177948360087,5.818936813437809
1380,2022-12-22,NSE:PSPPROJECT,694.15002,699.0,665.20001,689.95001,289086.0,0.7888423166874986,-4.459177948360087
1381,2022-12-23,NSE:PSPPROJECT,688.95001,688.95001,641.34998,651.65002,288007.0,-5.551125363415819,0.7888423166874986
1382,2022-12-26,NSE:PSPPROJECT,655.0,679.79999,644.15002,671.29999,152264.0,3.015417693073951,-5.551125363415819
1383,2022-12-27,NSE:PSPPROJECT,676.0,684.90002,666.45001,681.20001,96547.0,1.4747534853977937,3.015417693073951
1384,2022-12-28,NSE:PSPPROJECT,684.70001,699.95001,672.95001,692.45001,158713.0,1.6514973333602856,1.4747534853977937
1385,2022-12-29,NSE:PSPPROJECT,695.40002,698.0,674.84998,689.25,144939.0,-0.46212866687661974,1.6514973333602856
1386,2022-12-30,NSE:PSPPROJECT,691.95001,713.04999,684.95001,700.29999,165338.0,1.6031904243743171,-0.46212866687661974
1387,2023-01-02,NSE:PSPPROJECT,702.29999,717.90002,700.0,707.54999,96811.0,1.0352706130982523,1.6031904243743171
1388,2023-01-03,NSE:PSPPROJECT,744.0,747.54999,710.09998,716.34998,704309.0,1.2437269626701541,1.0352706130982523
1389,2023-01-04,NSE:PSPPROJECT,715.65002,749.09998,710.0,740.75,536752.0,3.4061590955862164,1.2437269626701541
1390,2023-01-05,NSE:PSPPROJECT,747.0,757.0,734.59998,750.29999,462573.0,1.2892325345933149,3.4061590955862164
1391,2023-01-06,NSE:PSPPROJECT,750.29999,776.0,735.0,742.34998,675522.0,-1.0595775164544545,1.2892325345933149
1392,2023-01-09,NSE:PSPPROJECT,756.90002,774.04999,752.04999,769.15002,317043.0,3.610162419617777,-1.0595775164544545
1393,2023-01-10,NSE:PSPPROJECT,766.90002,769.90002,731.15002,735.09998,306198.0,-4.42696991674005,3.610162419617777
1394,2023-01-11,NSE:PSPPROJECT,738.5,746.15002,711.04999,714.79999,223844.0,-2.761527758441781,-4.42696991674005
1395,2023-01-12,NSE:PSPPROJECT,716.04999,724.59998,703.34998,716.40002,208731.0,0.22384303614778459,-2.761527758441781
1396,2023-01-13,NSE:PSPPROJECT,716.40002,720.5,710.0,713.29999,87095.0,-0.43272332683631975,0.22384303614778459
1397,2023-01-16,NSE:PSPPROJECT,715.79999,727.5,714.70001,721.40002,84949.0,1.1355713042979378,-0.43272332683631975
1398,2023-01-17,NSE:PSPPROJECT,723.90002,724.15002,711.09998,714.04999,69035.0,-1.01885636210546,1.1355713042979378
1399,2023-01-18,NSE:PSPPROJECT,716.0,719.59998,676.0,698.29999,849031.0,-2.205727921094152,-1.01885636210546
1400,2023-01-19,NSE:PSPPROJECT,689.0,700.5,681.0,691.40002,205391.0,-0.9881097091237162,-2.205727921094152
1401,2023-01-20,NSE:PSPPROJECT,694.45001,725.0,690.45001,719.59998,465556.0,4.078675033882688,-0.9881097091237162
1402,2023-01-23,NSE:PSPPROJECT,724.0,732.5,715.90002,720.95001,151416.0,0.18760839876622298,4.078675033882688
1403,2023-01-24,NSE:PSPPROJECT,726.29999,727.95001,697.0,702.45001,80080.0,-2.5660586369920435,0.18760839876622298
1404,2023-01-25,NSE:PSPPROJECT,703.95001,712.34998,688.0,697.15002,93246.0,-0.7545006654637216,-2.5660586369920435
1405,2023-01-27,NSE:PSPPROJECT,700.65002,704.65002,678.29999,683.40002,96282.0,-1.9723158008372428,-0.7545006654637216
1406,2023-01-30,NSE:PSPPROJECT,677.0,707.0,677.0,701.34998,109935.0,2.6265670873114577,-1.9723158008372428
1407,2023-01-31,NSE:PSPPROJECT,705.65002,712.0,696.25,707.04999,72415.0,0.8127197779345514,2.6265670873114577
1408,2023-02-01,NSE:PSPPROJECT,712.0,719.79999,675.04999,686.40002,78160.0,-2.9205813297585848,0.8127197779345514
1409,2023-02-02,NSE:PSPPROJECT,687.0,704.09998,683.15002,689.0,51109.0,0.3787849539981015,-2.9205813297585848
1410,2023-02-03,NSE:PSPPROJECT,692.45001,699.90002,676.09998,684.25,55573.0,-0.6894049346879536,0.3787849539981015
1411,2023-02-06,NSE:PSPPROJECT,681.0,703.0,680.20001,691.90002,68046.0,1.1180153452685482,-0.6894049346879536
1412,2023-02-07,NSE:PSPPROJECT,695.0,703.75,685.90002,689.5,49897.0,-0.3468738156706572,1.1180153452685482
1413,2023-02-08,NSE:PSPPROJECT,693.84998,699.20001,690.0,693.65002,43163.0,0.6018883248731023,-0.3468738156706572
1414,2023-02-09,NSE:PSPPROJECT,694.70001,702.70001,690.95001,695.25,38814.0,0.23066098952897884,0.6018883248731023
1415,2023-02-10,NSE:PSPPROJECT,694.54999,695.34998,664.15002,683.75,200058.0,-1.6540812657317512,0.23066098952897884
1416,2023-02-13,NSE:PSPPROJECT,680.0,698.15002,676.0,679.29999,47075.0,-0.6508241316270597,-1.6540812657317512
1417,2023-02-14,NSE:PSPPROJECT,680.0,682.29999,669.0,672.09998,24468.0,-1.059916105695809,-0.6508241316270597
1418,2023-02-15,NSE:PSPPROJECT,670.84998,677.0,668.75,674.29999,111524.0,0.32733373984031666,-1.059916105695809
1419,2023-02-16,NSE:PSPPROJECT,674.29999,687.0,656.65002,681.0,120894.0,0.9936245142165907,0.32733373984031666
1420,2023-02-17,NSE:PSPPROJECT,680.95001,690.59998,671.40002,681.5,59187.0,0.07342143906020558,0.9936245142165907
1421,2023-02-20,NSE:PSPPROJECT,681.5,684.84998,666.34998,672.59998,40519.0,-1.3059457079970713,0.07342143906020558
1422,2023-02-21,NSE:PSPPROJECT,669.95001,693.0,665.54999,689.70001,111949.0,2.542377417257738,-1.3059457079970713
1423,2023-02-22,NSE:PSPPROJECT,690.0,692.95001,666.25,669.34998,77552.0,-2.9505625206530097,2.542377417257738
1424,2023-02-23,NSE:PSPPROJECT,672.0,675.0,661.0,667.40002,49015.0,-0.29132143994385706,-2.9505625206530097
1425,2023-02-24,NSE:PSPPROJECT,668.04999,685.0,668.04999,672.20001,34963.0,0.7192073503384041,-0.29132143994385706
1426,2023-02-27,NSE:PSPPROJECT,670.0,674.79999,659.09998,662.09998,37204.0,-1.5025334498284313,0.7192073503384041
1427,2023-02-28,NSE:PSPPROJECT,664.5,675.0,655.09998,668.75,83976.0,1.0043830540517522,-1.5025334498284313
1428,2023-03-01,NSE:PSPPROJECT,669.0,683.90002,668.45001,679.09998,40210.0,1.5476605607476575,1.0043830540517522
1429,2023-03-02,NSE:PSPPROJECT,680.95001,685.0,667.0,670.0,39202.0,-1.3400059296128914,1.5476605607476575
1430,2023-03-03,NSE:PSPPROJECT,673.40002,681.79999,670.0,673.54999,31598.0,0.5298492537313402,-1.3400059296128914
1431,2023-03-06,NSE:PSPPROJECT,676.90002,690.29999,675.04999,681.75,46676.0,1.2174315376353908,0.5298492537313402
1432,2023-03-08,NSE:PSPPROJECT,681.20001,693.29999,679.04999,690.90002,52644.0,1.342137147048044,1.2174315376353908
1433,2023-03-09,NSE:PSPPROJECT,694.0,716.0,692.29999,710.70001,164262.0,2.865825651589933,1.342137147048044
1434,2023-03-10,NSE:PSPPROJECT,715.0,715.0,682.0,688.09998,89000.0,-3.1799675927962996,2.865825651589933
1435,2023-03-13,NSE:PSPPROJECT,688.04999,691.54999,670.09998,673.70001,42221.0,-2.09271478252331,-3.1799675927962996
1436,2023-03-14,NSE:PSPPROJECT,679.84998,682.54999,660.54999,663.0,36968.0,-1.588245486295899,-2.09271478252331
1437,2023-03-15,NSE:PSPPROJECT,669.0,679.45001,660.09998,663.29999,42897.0,0.04524736048265155,-1.588245486295899
1438,2023-03-16,NSE:PSPPROJECT,661.5,672.40002,652.09998,665.59998,107568.0,0.34674959063394223,0.04524736048265155
1439,2023-03-17,NSE:PSPPROJECT,672.0,675.04999,665.0,667.34998,23213.0,0.2629206809771839,0.34674959063394223
1440,2023-03-20,NSE:PSPPROJECT,652.0,671.04999,652.0,665.5,34273.0,-0.27721286512962207,0.2629206809771839
1441,2023-03-21,NSE:PSPPROJECT,669.95001,679.0,665.0,665.70001,50899.0,0.030054094665667955,-0.27721286512962207
1442,2023-03-22,NSE:PSPPROJECT,669.04999,678.0,665.75,670.54999,41311.0,0.7285533914893526,0.030054094665667955
1443,2023-03-23,NSE:PSPPROJECT,675.0,677.0,664.25,669.34998,65823.0,-0.17895906612421547,0.7285533914893526
1444,2023-03-24,NSE:PSPPROJECT,665.0,673.59998,665.0,666.95001,44146.0,-0.3585523375977302,-0.17895906612421547
1445,2023-03-27,NSE:PSPPROJECT,672.0,678.90002,667.15002,673.34998,51051.0,0.9595876608503145,-0.3585523375977302
1446,2023-03-28,NSE:PSPPROJECT,674.65002,679.79999,665.0,673.95001,55435.0,0.089111163261646,0.9595876608503145
1447,2023-03-29,NSE:PSPPROJECT,675.0,679.0,667.79999,671.04999,104345.0,-0.4303019447985527,0.089111163261646
1448,2023-03-31,NSE:PSPPROJECT,670.04999,689.15002,670.0,670.90002,62660.0,-0.022348558562669724,-0.4303019447985527
1449,2023-04-03,NSE:PSPPROJECT,674.0,683.0,670.09998,674.5,75131.0,0.5365896396902715,-0.022348558562669724
1450,2023-04-05,NSE:PSPPROJECT,678.0,680.84998,670.09998,671.54999,29426.0,-0.4373624907338799,0.5365896396902715
1451,2023-04-06,NSE:PSPPROJECT,674.95001,679.5,670.59998,677.15002,30874.0,0.8338962226773409,-0.4373624907338799
1452,2023-04-10,NSE:PSPPROJECT,676.15002,679.0,670.09998,677.04999,47499.0,-0.014772206607933155,0.8338962226773409
1453,2023-04-11,NSE:PSPPROJECT,677.04999,704.0,677.0,685.84998,273851.0,1.299754837896088,-0.014772206607933155
1454,2023-04-12,NSE:PSPPROJECT,688.90002,702.09998,681.84998,696.20001,71446.0,1.5090807467837297,1.299754837896088
1455,2023-04-13,NSE:PSPPROJECT,698.0,699.90002,682.0,684.29999,55766.0,-1.7092817910186526,1.5090807467837297
1456,2023-04-17,NSE:PSPPROJECT,689.45001,689.70001,670.09998,671.75,58260.0,-1.833989505099946,-1.7092817910186526
1457,2023-04-18,NSE:PSPPROJECT,675.40002,676.54999,667.0,670.15002,45965.0,-0.2381808708596888,-1.833989505099946
1458,2023-04-19,NSE:PSPPROJECT,675.0,675.5,664.40002,669.20001,39013.0,-0.14176079559022026,-0.2381808708596888
1459,2023-04-20,NSE:PSPPROJECT,673.20001,682.0,666.54999,669.79999,46452.0,0.08965630469729963,-0.14176079559022026
1460,2023-04-21,NSE:PSPPROJECT,672.0,680.0,670.04999,674.59998,31040.0,0.7166303481133196,0.08965630469729963
1461,2023-04-24,NSE:PSPPROJECT,675.0,688.79999,672.29999,682.0,49588.0,1.0969493358123197,0.7166303481133196
1462,2023-04-25,NSE:PSPPROJECT,684.90002,684.90002,667.0,668.54999,51623.0,-1.9721422287390058,1.0969493358123197
1463,2023-04-26,NSE:PSPPROJECT,670.90002,681.0,666.09998,675.04999,33464.0,0.972253398732382,-1.9721422287390058
1464,2023-04-27,NSE:PSPPROJECT,676.0,686.40002,673.5,680.54999,38477.0,0.8147544747019403,0.972253398732382
1465,2023-04-28,NSE:PSPPROJECT,684.0,694.45001,681.84998,691.04999,60044.0,1.542869760383069,0.8147544747019403
1466,2023-05-02,NSE:PSPPROJECT,697.0,706.5,691.59998,696.29999,104574.0,0.7597134904813471,1.542869760383069
1467,2023-05-03,NSE:PSPPROJECT,702.0,733.95001,698.45001,728.25,320723.0,4.588540924724129,0.7597134904813471
1468,2023-05-04,NSE:PSPPROJECT,734.0,738.0,721.79999,730.20001,107516.0,0.26776656368005775,4.588540924724129
1469,2023-05-05,NSE:PSPPROJECT,730.0,746.90002,723.65002,740.54999,140307.0,1.4174171265760405,0.26776656368005775
1470,2023-05-08,NSE:PSPPROJECT,740.0,750.0,726.29999,745.34998,115242.0,0.6481655613822883,1.4174171265760405
1471,2023-05-09,NSE:PSPPROJECT,749.0,754.40002,731.15002,736.40002,73472.0,-1.2007728235264619,0.6481655613822883
1472,2023-05-10,NSE:PSPPROJECT,739.90002,743.5,732.95001,740.25,47587.0,0.5228109580985562,-1.2007728235264619
1473,2023-05-11,NSE:PSPPROJECT,740.0,754.84998,737.0,744.5,48004.0,0.5741303613644039,0.5228109580985562
1474,2023-05-12,NSE:PSPPROJECT,744.0,761.0,740.0,746.15002,62666.0,0.22162793821357157,0.5741303613644039
1475,2023-05-15,NSE:PSPPROJECT,748.0,760.0,742.90002,747.59998,125779.0,0.19432553255174062,0.22162793821357157
1476,2023-05-16,NSE:PSPPROJECT,753.0,753.54999,732.5,734.5,64016.0,-1.7522713149350218,0.19432553255174062
1477,2023-05-17,NSE:PSPPROJECT,734.5,751.0,702.65002,708.04999,273432.0,-3.601090537780806,-1.7522713149350218
1478,2023-05-18,NSE:PSPPROJECT,708.70001,719.0,673.0,702.84998,615277.0,-0.7344128343254436,-3.601090537780806
1479,2023-05-19,NSE:PSPPROJECT,708.5,709.70001,695.0,703.04999,76096.0,0.028456997323955284,-0.7344128343254436
1480,2023-05-22,NSE:PSPPROJECT,704.75,716.0,687.34998,700.0,168240.0,-0.4338226361399963,0.028456997323955284
1481,2023-05-23,NSE:PSPPROJECT,700.0,709.90002,695.20001,696.5,72471.0,-0.5,-0.4338226361399963
1482,2023-05-24,NSE:PSPPROJECT,697.0,725.0,694.40002,720.20001,109003.0,3.4027293610911733,-0.5
1483,2023-05-25,NSE:PSPPROJECT,728.0,748.84998,712.95001,721.54999,112508.0,0.18744515152116695,3.4027293610911733
1484,2023-05-26,NSE:PSPPROJECT,723.0,759.70001,721.04999,737.29999,157261.0,2.182800944949081,0.18744515152116695
1485,2023-05-29,NSE:PSPPROJECT,741.90002,747.09998,732.0,740.34998,57102.0,0.4136701534473071,2.182800944949081
1486,2023-05-30,NSE:PSPPROJECT,735.95001,744.0,706.20001,709.90002,140984.0,-4.1129142733278545,0.4136701534473071
1487,2023-05-31,NSE:PSPPROJECT,716.04999,720.0,705.09998,717.15002,52248.0,1.0212705727209304,-4.1129142733278545
1488,2023-06-01,NSE:PSPPROJECT,722.29999,726.75,716.25,719.25,30669.0,0.2928229716844963,1.0212705727209304
1489,2023-06-02,NSE:PSPPROJECT,719.90002,732.79999,719.90002,723.84998,29998.0,0.6395523114355175,0.2928229716844963
1490,2023-06-05,NSE:PSPPROJECT,730.0,774.5,727.65002,767.25,356665.0,5.995720273419092,0.6395523114355175
1491,2023-06-06,NSE:PSPPROJECT,778.0,781.0,760.79999,766.15002,114655.0,-0.14336656891495075,5.995720273419092
1492,2023-06-07,NSE:PSPPROJECT,770.0,775.0,750.0,755.95001,96876.0,-1.3313332550719008,-0.14336656891495075
1493,2023-06-08,NSE:PSPPROJECT,759.65002,774.0,746.0,752.54999,100929.0,-0.44976783583877994,-1.3313332550719008
1494,2023-06-09,NSE:PSPPROJECT,754.79999,760.0,735.79999,743.09998,76250.0,-1.2557318617464894,-0.44976783583877994
1495,2023-06-12,NSE:PSPPROJECT,747.0,763.29999,740.0,742.45001,38887.0,-0.08746736879200821,-1.2557318617464894
1496,2023-06-13,NSE:PSPPROJECT,742.45001,750.0,740.0,741.75,45182.0,-0.094283788884321,-0.08746736879200821
1497,2023-06-14,NSE:PSPPROJECT,745.5,764.90002,744.25,753.90002,90286.0,1.6380208965284853,-0.094283788884321
1498,2023-06-15,NSE:PSPPROJECT,757.0,759.79999,742.15002,746.65002,35954.0,-0.9616659779369683,1.6380208965284853
1499,2023-06-16,NSE:PSPPROJECT,750.40002,758.79999,741.0,746.84998,42274.0,0.026780954214655896,-0.9616659779369683
1500,2023-06-19,NSE:PSPPROJECT,748.95001,754.79999,742.04999,745.15002,29321.0,-0.22761733219835117,0.026780954214655896
1501,2023-06-20,NSE:PSPPROJECT,749.0,778.0,742.5,773.20001,198244.0,3.764341306734445,-0.22761733219835117
1502,2023-06-21,NSE:PSPPROJECT,775.0,798.59998,764.0,771.40002,383222.0,-0.23279746206935248,3.764341306734445
1503,2023-06-22,NSE:PSPPROJECT,775.0,785.0,759.0,769.29999,80848.0,-0.2722361868748799,-0.23279746206935248
1504,2023-06-23,NSE:PSPPROJECT,768.79999,785.0,758.0,768.34998,83670.0,-0.1234901874885011,-0.2722361868748799
1505,2023-06-26,NSE:PSPPROJECT,770.0,785.0,746.59998,757.70001,111508.0,-1.3860832013036481,-0.1234901874885011
1506,2023-06-27,NSE:PSPPROJECT,750.25,755.0,722.5,729.20001,257268.0,-3.7613830835240454,-1.3860832013036481
1507,2023-06-28,NSE:PSPPROJECT,729.04999,737.0,710.0,714.09998,110548.0,-2.070766565129375,-3.7613830835240454
1508,2023-06-30,NSE:PSPPROJECT,725.0,731.29999,708.04999,713.34998,113062.0,-0.10502731004137543,-2.070766565129375
1509,2023-07-03,NSE:PSPPROJECT,718.90002,729.95001,711.20001,718.15002,94728.0,0.6728871009430857,-0.10502731004137543
1510,2023-07-04,NSE:PSPPROJECT,718.45001,728.0,715.04999,721.15002,54647.0,0.41774001482308665,0.6728871009430857
1511,2023-07-05,NSE:PSPPROJECT,726.59998,730.5,715.0,724.20001,60226.0,0.4229341905863054,0.41774001482308665
1512,2023-07-06,NSE:PSPPROJECT,727.45001,737.20001,722.70001,724.79999,86417.0,0.08284727861298422,0.4229341905863054
1513,2023-07-07,NSE:PSPPROJECT,724.79999,733.15002,711.09998,715.29999,74452.0,-1.3107064198497023,0.08284727861298422
1514,2023-07-10,NSE:PSPPROJECT,719.90002,726.54999,712.25,723.29999,62244.0,1.1184118708012285,-1.3107064198497023
1515,2023-07-11,NSE:PSPPROJECT,719.90002,733.04999,717.20001,730.75,59314.0,1.0300027793447115,1.1184118708012285
1516,2023-07-12,NSE:PSPPROJECT,730.75,742.79999,725.79999,728.15002,115104.0,-0.3557960998973602,1.0300027793447115
1517,2023-07-13,NSE:PSPPROJECT,731.79999,738.84998,710.95001,716.54999,76666.0,-1.5930824255144649,-0.3557960998973602
1518,2023-07-14,NSE:PSPPROJECT,722.0,722.79999,713.5,716.79999,37561.0,0.034889401087005806,-1.5930824255144649
1519,2023-07-17,NSE:PSPPROJECT,720.40002,733.59998,716.54999,718.40002,37706.0,0.22321847409624834,0.034889401087005806
1520,2023-07-18,NSE:PSPPROJECT,724.0,725.0,711.20001,719.59998,38860.0,0.1670322893365063,0.22321847409624834
1521,2023-07-19,NSE:PSPPROJECT,724.95001,730.0,713.0,716.20001,66359.0,-0.4724805578788287,0.1670322893365063
1522,2023-07-20,NSE:PSPPROJECT,721.79999,744.04999,721.0,735.90002,120048.0,2.750629673964961,-0.4724805578788287
1523,2023-07-21,NSE:PSPPROJECT,735.90002,742.34998,729.34998,733.79999,53264.0,-0.2853689282411027,2.750629673964961
1524,2023-07-24,NSE:PSPPROJECT,737.0,748.90002,725.54999,743.04999,89876.0,1.2605614780670684,-0.2853689282411027
1525,2023-07-25,NSE:PSPPROJECT,743.09998,752.90002,737.5,741.25,48366.0,-0.24224345928596003,1.2605614780670684
1526,2023-07-26,NSE:PSPPROJECT,741.25,751.04999,730.0,731.40002,117297.0,-1.3288337268128108,-0.24224345928596003
1527,2023-07-27,NSE:PSPPROJECT,730.04999,759.95001,727.95001,737.15002,384049.0,0.7861635005150805,-1.3288337268128108
1528,2023-07-28,NSE:PSPPROJECT,739.70001,785.0,735.0,777.59998,524151.0,5.487344353595747,0.7861635005150805
1529,2023-07-31,NSE:PSPPROJECT,795.0,800.0,785.54999,796.25,405982.0,2.398407983498153,5.487344353595747
1530,2023-08-01,NSE:PSPPROJECT,801.75,801.75,790.40002,794.54999,136440.0,-0.21350204081632906,2.398407983498153
1531,2023-08-02,NSE:PSPPROJECT,799.75,799.75,756.0,768.79999,120281.0,-3.2408281825036585,-0.21350204081632906
1532,2023-08-03,NSE:PSPPROJECT,770.0,800.0,763.09998,799.25,173018.0,3.9607193543277774,-3.2408281825036585
1533,2023-08-04,NSE:PSPPROJECT,800.0,800.04999,777.09998,780.59998,85214.0,-2.333440100093843,3.9607193543277774
1534,2023-08-07,NSE:PSPPROJECT,785.0,821.0,785.0,807.15002,330784.0,3.401235034620432,-2.333440100093843
1535,2023-08-08,NSE:PSPPROJECT,813.0,817.70001,785.0,790.79999,97574.0,-2.02564945733385,3.401235034620432
1536,2023-08-09,NSE:PSPPROJECT,797.34998,809.0,792.54999,799.95001,75956.0,1.1570586893912378,-2.02564945733385
1537,2023-08-10,NSE:PSPPROJECT,803.0,811.0,794.0,799.5,58997.0,-0.05625476521964419,1.1570586893912378
1538,2023-08-11,NSE:PSPPROJECT,799.0,808.0,794.0,798.65002,48275.0,-0.10631394621638018,-0.05625476521964419
1539,2023-08-14,NSE:PSPPROJECT,806.0,822.0,792.04999,802.20001,121426.0,0.44449883066427265,-0.10631394621638018
1540,2023-08-16,NSE:PSPPROJECT,801.95001,815.0,792.0,799.59998,82537.0,-0.32411243674754636,0.44449883066427265
1541,2023-08-17,NSE:PSPPROJECT,799.0,808.95001,791.09998,795.15002,46909.0,-0.5565232755508472,-0.32411243674754636
1542,2023-08-18,NSE:PSPPROJECT,799.09998,807.09998,774.09998,788.29999,75848.0,-0.8614764293158239,-0.5565232755508472
1543,2023-08-21,NSE:PSPPROJECT,790.0,807.65002,790.0,794.45001,59709.0,0.7801623846272078,-0.8614764293158239
1544,2023-08-22,NSE:PSPPROJECT,798.45001,804.0,791.15002,795.90002,41213.0,0.18251746261542878,0.7801623846272078
1545,2023-08-23,NSE:PSPPROJECT,799.90002,846.0,799.90002,820.40002,372220.0,3.0782760879940674,0.18251746261542878
1546,2023-08-24,NSE:PSPPROJECT,828.70001,828.70001,806.0,810.15002,79642.0,-1.2493905107413332,3.0782760879940674
1547,2023-08-25,NSE:PSPPROJECT,810.0,814.84998,795.20001,806.34998,52182.0,-0.4690538673318901,-1.2493905107413332
1548,2023-08-28,NSE:PSPPROJECT,810.5,818.0,798.0,804.75,32900.0,-0.19842252615916972,-0.4690538673318901
1549,2023-08-29,NSE:PSPPROJECT,807.90002,833.0,793.09998,799.34998,266640.0,-0.6710183286735061,-0.19842252615916972
1550,2023-08-30,NSE:PSPPROJECT,806.0,830.0,805.0,819.54999,110187.0,2.5270545449941744,-0.6710183286735061
1551,2023-08-31,NSE:PSPPROJECT,824.75,827.34998,809.70001,818.75,42794.0,-0.09761332557639099,2.5270545449941744
1552,2023-09-01,NSE:PSPPROJECT,822.84998,825.29999,812.54999,817.79999,46638.0,-0.11603175572519331,-0.09761332557639099
1553,2023-09-04,NSE:PSPPROJECT,817.79999,828.75,802.04999,807.40002,70177.0,-1.2717009204169762,-0.11603175572519331
1554,2023-09-05,NSE:PSPPROJECT,813.25,825.0,808.0,817.84998,62063.0,1.2942729429211457,-1.2717009204169762
1555,2023-09-06,NSE:PSPPROJECT,818.0,823.5,812.0,814.84998,50982.0,-0.36681543967268915,1.2942729429211457
1556,2023-09-07,NSE:PSPPROJECT,810.0,825.25,810.0,821.65002,78128.0,0.8345143482730504,-0.36681543967268915
1557,2023-09-08,NSE:PSPPROJECT,825.0,839.0,817.0,819.20001,73373.0,-0.2981817002815895,0.8345143482730504
1558,2023-09-11,NSE:PSPPROJECT,838.84998,838.90002,818.0,820.34998,65471.0,0.14037719555202877,-0.2981817002815895
1559,2023-09-12,NSE:PSPPROJECT,826.70001,826.75,786.09998,799.20001,117488.0,-2.5781642610633013,0.14037719555202877
1560,2023-09-13,NSE:PSPPROJECT,796.5,807.40002,786.0,797.0,42501.0,-0.27527652308212813,-2.5781642610633013
1561,2023-09-14,NSE:PSPPROJECT,801.0,810.0,797.20001,802.5,45577.0,0.6900878293601004,-0.27527652308212813
1562,2023-09-15,NSE:PSPPROJECT,810.0,835.0,801.75,808.95001,83224.0,0.8037395638629309,0.6900878293601004
1563,2023-09-18,NSE:PSPPROJECT,813.0,815.0,802.0,808.84998,29005.0,-0.012365411800917178,0.8037395638629309
1564,2023-09-20,NSE:PSPPROJECT,810.95001,810.95001,793.0,797.5,39358.0,-1.4032243655368526,-0.012365411800917178
1565,2023-09-21,NSE:PSPPROJECT,792.0,801.45001,781.5,787.54999,51235.0,-1.2476501567398146,-1.4032243655368526
1566,2023-09-22,NSE:PSPPROJECT,788.20001,799.95001,785.0,792.15002,44989.0,0.5840937157525786,-1.2476501567398146
1567,2023-09-25,NSE:PSPPROJECT,796.70001,803.90002,791.09998,796.75,30748.0,0.5806955606716969,0.5840937157525786
1568,2023-09-26,NSE:PSPPROJECT,800.0,804.34998,792.34998,797.34998,25997.0,0.07530342014433128,0.5806955606716969
1569,2023-09-27,NSE:PSPPROJECT,797.09998,803.29999,794.0,798.75,49070.0,0.17558412680966526,0.07530342014433128
1570,2023-09-28,NSE:PSPPROJECT,802.75,812.95001,789.95001,792.29999,40443.0,-0.807512989045386,0.17558412680966526
1571,2023-09-29,NSE:PSPPROJECT,796.70001,806.29999,792.34998,797.95001,26775.0,0.7131162528476166,-0.807512989045386
1572,2023-10-03,NSE:PSPPROJECT,796.75,803.70001,786.20001,791.09998,31382.0,-0.8584535264308175,0.7131162528476166
1573,2023-10-04,NSE:PSPPROJECT,796.0,799.95001,785.0,791.20001,44149.0,0.012644419482864946,-0.8584535264308175
1574,2023-10-05,NSE:PSPPROJECT,793.04999,802.04999,774.40002,784.04999,58980.0,-0.90369311294625,0.012644419482864946
1575,2023-10-06,NSE:PSPPROJECT,788.0,792.95001,770.45001,784.70001,50611.0,0.08290542800721679,-0.90369311294625
1576,2023-10-09,NSE:PSPPROJECT,779.0,790.79999,761.54999,772.34998,65963.0,-1.5738536819949906,0.08290542800721679
1577,2023-10-10,NSE:PSPPROJECT,776.20001,784.75,768.0,774.5,51577.0,0.2783738014727521,-1.5738536819949906
1578,2023-10-11,NSE:PSPPROJECT,778.90002,782.65002,769.40002,774.0,74779.0,-0.06455777921239508,0.2783738014727521
1579,2023-10-12,NSE:PSPPROJECT,777.90002,780.04999,766.0,770.20001,31184.0,-0.4909547803617545,-0.06455777921239508
1580,2023-10-13,NSE:PSPPROJECT,774.0,782.0,766.0,767.59998,43458.0,-0.33757854664271697,-0.4909547803617545
1581,2023-10-16,NSE:PSPPROJECT,767.0,773.95001,757.0,759.79999,72170.0,-1.0161529707178965,-0.33757854664271697
1582,2023-10-17,NSE:PSPPROJECT,765.95001,778.70001,762.34998,769.54999,34508.0,1.2832324464758154,-1.0161529707178965
1583,2023-10-18,NSE:PSPPROJECT,772.5,775.29999,760.09998,766.20001,40770.0,-0.4353167492081911,1.2832324464758154
1584,2023-10-19,NSE:PSPPROJECT,760.0,786.0,760.0,779.84998,68621.0,1.7815152469131315,-0.4353167492081911
1585,2023-10-20,NSE:PSPPROJECT,779.59998,785.70001,760.09998,762.70001,58130.0,-2.199137069927211,1.7815152469131315
1586,2023-10-23,NSE:PSPPROJECT,756.59998,767.79999,737.15002,742.04999,86307.0,-2.707489147666333,-2.199137069927211
1587,2023-10-25,NSE:PSPPROJECT,749.45001,757.0,703.09998,713.75,120474.0,-3.8137578844250077,-2.707489147666333
1588,2023-10-26,NSE:PSPPROJECT,708.70001,724.90002,681.25,711.84998,94821.0,-0.2662024518388848,-3.8137578844250077
1589,2023-10-27,NSE:PSPPROJECT,711.0,734.0,705.20001,731.20001,43118.0,2.7182735890503307,-0.2662024518388848
1590,2023-10-30,NSE:PSPPROJECT,731.25,743.0,718.0,720.0,72560.0,-1.5317300118745925,2.7182735890503307
1591,2023-10-31,NSE:PSPPROJECT,730.79999,766.84998,730.0,753.70001,174244.0,4.680556944444447,-1.5317300118745925
1592,2023-11-01,NSE:PSPPROJECT,753.0,753.5,725.40002,729.15002,98586.0,-3.257262793455446,4.680556944444447
1593,2023-11-02,NSE:PSPPROJECT,737.0,784.0,737.0,771.0,444626.0,5.7395568610146865,-3.257262793455446
1594,2023-11-03,NSE:PSPPROJECT,776.5,790.90002,762.04999,782.84998,164514.0,1.5369623865110194,5.7395568610146865
1595,2023-11-06,NSE:PSPPROJECT,798.0,799.5,772.0,780.25,207913.0,-0.3321172723284683,1.5369623865110194
1596,2023-11-07,NSE:PSPPROJECT,781.20001,789.75,776.20001,779.09998,47924.0,-0.14739122076258127,-0.3321172723284683
1597,2023-11-08,NSE:PSPPROJECT,785.20001,789.0,770.09998,777.0,49836.0,-0.26953921883042015,-0.14739122076258127
1598,2023-11-09,NSE:PSPPROJECT,780.65002,787.90002,772.09998,779.40002,58690.0,0.3088828828828881,-0.26953921883042015
1599,2023-11-10,NSE:PSPPROJECT,782.84998,787.0,772.5,778.59998,36224.0,-0.10264818828206866,0.3088828828828881
1600,2023-11-12,NSE:PSPPROJECT,783.9,793.9,781.1,790.35,25810.0,1.509121538893446,-0.10264818828206866
1601,2023-11-13,NSE:PSPPROJECT,780.04999,801.90002,780.04999,792.59998,97675.0,0.28468147023469814,1.509121538893446
1602,2023-11-15,NSE:PSPPROJECT,804.90002,807.0,783.09998,789.95001,42251.0,-0.3343388931198231,0.28468147023469814
1603,2023-11-16,NSE:PSPPROJECT,793.34998,794.70001,785.15002,789.59998,27603.0,-0.04431039883144766,-0.3343388931198231
1604,2023-11-17,NSE:PSPPROJECT,790.0,795.54999,776.95001,778.65002,42146.0,-1.3867730847713446,-0.04431039883144766
1605,2023-11-20,NSE:PSPPROJECT,778.65002,785.04999,763.09998,771.95001,53581.0,-0.8604648851097468,-1.3867730847713446
1606,2023-11-21,NSE:PSPPROJECT,775.79999,784.25,772.25,776.5,28278.0,0.5894151099240196,-0.8604648851097468
1607,2023-11-22,NSE:PSPPROJECT,785.0,789.0,770.0,774.90002,47948.0,-0.20605022537024592,0.5894151099240196
1608,2023-11-23,NSE:PSPPROJECT,779.5,779.95001,763.5,768.25,45584.0,-0.8581778072479648,-0.20605022537024592
1609,2023-11-24,NSE:PSPPROJECT,769.04999,774.45001,756.0,757.45001,56354.0,-1.4057910836316276,-0.8581778072479648
1610,2023-11-28,NSE:PSPPROJECT,757.45001,765.29999,747.0,750.54999,71103.0,-0.9109538463139025,-1.4057910836316276
1611,2023-11-29,NSE:PSPPROJECT,751.0,766.40002,751.0,756.65002,44069.0,0.8127413338583964,-0.9109538463139025
1612,2023-11-30,NSE:PSPPROJECT,760.0,760.09998,748.0,749.65002,61535.0,-0.9251304850292609,0.8127413338583964
1613,2023-12-01,NSE:PSPPROJECT,753.5,782.70001,752.09998,774.84998,134837.0,3.3615633065680326,-0.9251304850292609
1614,2023-12-04,NSE:PSPPROJECT,787.90002,795.0,773.09998,783.70001,68324.0,1.1421604476262697,3.3615633065680326
1615,2023-12-05,NSE:PSPPROJECT,785.0,786.0,765.15002,769.34998,74508.0,-1.8310616073617325,1.1421604476262697
1616,2023-12-06,NSE:PSPPROJECT,769.0,785.0,762.5,770.5,151544.0,0.14947943457411159,-1.8310616073617325
1617,2023-12-07,NSE:PSPPROJECT,770.5,787.0,761.09998,779.04999,280987.0,1.1096677482154418,0.14947943457411159
1618,2023-12-08,NSE:PSPPROJECT,785.0,785.0,764.04999,769.20001,158319.0,-1.2643578879963737,1.1096677482154418
1619,2023-12-11,NSE:PSPPROJECT,781.0,783.0,771.15002,775.09998,131801.0,0.767026771099488,-1.2643578879963737
1620,2023-12-12,NSE:PSPPROJECT,781.09998,783.5,762.65002,765.20001,80315.0,-1.2772507102890054,0.767026771099488
1621,2023-12-13,NSE:PSPPROJECT,769.0,775.5,761.04999,773.70001,56444.0,1.1108206859537286,-1.2772507102890054
1622,2023-12-14,NSE:PSPPROJECT,776.95001,779.84998,763.0,776.04999,133635.0,0.30373270901210914,1.1108206859537286
1623,2023-12-15,NSE:PSPPROJECT,779.5,779.5,734.29999,756.70001,198416.0,-2.4933934990450757,0.30373270901210914
1624,2023-12-18,NSE:PSPPROJECT,764.90002,764.90002,744.0,746.20001,138922.0,-1.387604051967701,-2.4933934990450757
1625,2023-12-19,NSE:PSPPROJECT,746.5,758.34998,730.0,753.95001,177062.0,1.0385955368722122,-1.387604051967701
1626,2023-12-20,NSE:PSPPROJECT,754.0,768.70001,735.0,747.90002,129249.0,-0.8024391431469017,1.0385955368722122
1627,2023-12-21,NSE:PSPPROJECT,740.0,765.0,734.34998,762.25,88035.0,1.9187029838560452,-0.8024391431469017
1628,2023-12-22,NSE:PSPPROJECT,762.25,772.0,746.45001,764.20001,191717.0,0.25582289275172454,1.9187029838560452
1629,2023-12-26,NSE:PSPPROJECT,770.0,774.90002,762.0,768.54999,74887.0,0.5692200920018254,0.25582289275172454
1630,2023-12-27,NSE:PSPPROJECT,774.0,777.70001,767.04999,771.90002,62204.0,0.43588966802277374,0.5692200920018254
1631,2023-12-28,NSE:PSPPROJECT,775.0,775.95001,762.40002,768.09998,72021.0,-0.49229691689865235,0.43588966802277374
1632,2023-12-29,NSE:PSPPROJECT,771.0,772.95001,759.15002,766.5,76598.0,-0.2083036117251246,-0.49229691689865235
1633,2024-01-01,NSE:PSPPROJECT,774.90002,774.90002,762.0,766.20001,38836.0,-0.039137638617088036,-0.2083036117251246
1634,2024-01-02,NSE:PSPPROJECT,770.04999,772.20001,756.0,762.15002,69657.0,-0.5285813034640889,-0.039137638617088036
1635,2024-01-03,NSE:PSPPROJECT,766.0,767.95001,757.34998,761.59998,36773.0,-0.07216951854178012,-0.5285813034640889
1636,2024-01-04,NSE:PSPPROJECT,746.45001,748.95001,726.09998,738.54999,455704.0,-3.0265218756964756,-0.07216951854178012
1637,2024-01-05,NSE:PSPPROJECT,744.40002,745.5,733.25,735.95001,120162.0,-0.3520384584935083,-3.0265218756964756
1638,2024-01-08,NSE:PSPPROJECT,738.0,744.90002,728.04999,740.59998,88183.0,0.6318323169803258,-0.3520384584935083
1639,2024-01-09,NSE:PSPPROJECT,740.0,752.0,734.59998,749.04999,102387.0,1.1409681647574472,0.6318323169803258
1640,2024-01-10,NSE:PSPPROJECT,746.04999,756.5,736.04999,741.04999,76816.0,-1.0680195056140378,1.1409681647574472
1641,2024-01-11,NSE:PSPPROJECT,742.0,752.45001,742.0,745.20001,66819.0,0.5600188996696486,-1.0680195056140378
1642,2024-01-12,NSE:PSPPROJECT,748.95001,755.90002,744.20001,750.15002,56523.0,0.6642525407373545,0.5600188996696486
1643,2024-01-15,NSE:PSPPROJECT,756.0,756.0,737.04999,745.95001,82772.0,-0.5598893405348466,0.6642525407373545
1644,2024-01-16,NSE:PSPPROJECT,743.0,750.5,736.0,742.15002,74005.0,-0.5094161738800673,-0.5598893405348466
1645,2024-01-17,NSE:PSPPROJECT,741.0,765.0,735.65002,738.25,327260.0,-0.5255029165127612,-0.5094161738800673
1646,2024-01-18,NSE:PSPPROJECT,743.0,767.25,726.0,761.70001,326141.0,3.1764321029461593,-0.5255029165127612
1647,2024-01-19,NSE:PSPPROJECT,766.0,769.04999,753.0,757.29999,105460.0,-0.5776578629689187,3.1764321029461593
1648,2024-01-20,NSE:PSPPROJECT,759.95001,768.0,752.59998,761.25,43167.0,0.5215911860767383,-0.5776578629689187
1649,2024-01-23,NSE:PSPPROJECT,764.0,789.29999,745.20001,755.79999,362647.0,-0.7159290640394115,0.5215911860767383
1650,2024-01-24,NSE:PSPPROJECT,753.54999,758.0,738.04999,746.34998,99834.0,-1.2503321149819042,-0.7159290640394115
1651,2024-01-25,NSE:PSPPROJECT,746.34998,752.20001,741.04999,743.45001,33082.0,-0.38855363806668014,-1.2503321149819042
1652,2024-01-29,NSE:PSPPROJECT,743.45001,777.95001,741.45001,765.40002,106502.0,2.9524527143391954,-0.38855363806668014
1653,2024-01-30,NSE:PSPPROJECT,769.25,769.29999,748.09998,760.59998,54122.0,-0.6271282825417329,2.9524527143391954
1654,2024-01-31,NSE:PSPPROJECT,760.04999,763.95001,745.45001,749.45001,85128.0,-1.465944030132625,-0.6271282825417329
1655,2024-02-01,NSE:PSPPROJECT,750.15002,772.34998,750.04999,759.75,102095.0,1.3743398308847818,-1.465944030132625
1656,2024-02-02,NSE:PSPPROJECT,770.0,782.5,766.0,771.40002,136958.0,1.5334017769003014,1.3743398308847818
1657,2024-02-05,NSE:PSPPROJECT,777.70001,779.5,760.79999,764.40002,74273.0,-0.9074409928068189,1.5334017769003014
1658,2024-02-06,NSE:PSPPROJECT,770.04999,777.09998,765.54999,772.45001,70882.0,1.053112217344,-0.9074409928068189
1659,2024-02-07,NSE:PSPPROJECT,778.20001,782.40002,771.09998,777.75,72332.0,0.6861272485451816,1.053112217344
1660,2024-02-08,NSE:PSPPROJECT,793.34998,803.79999,771.65002,786.25,224506.0,1.092896174863388,0.6861272485451816
1661,2024-02-09,NSE:PSPPROJECT,790.54999,798.70001,728.75,736.84998,346716.0,-6.282991414944361,1.092896174863388
1662,2024-02-12,NSE:PSPPROJECT,740.0,750.0,692.29999,697.34998,228337.0,-5.360656995607166,-6.282991414944361
1663,2024-02-13,NSE:PSPPROJECT,710.29999,712.04999,677.70001,706.40002,105272.0,1.2977759029978149,-5.360656995607166
1664,2024-02-14,NSE:PSPPROJECT,701.0,718.25,697.84998,716.15002,59433.0,1.3802377865164839,1.2977759029978149
1665,2024-02-15,NSE:PSPPROJECT,725.0,748.15002,719.5,730.95001,267294.0,2.0666047038579958,1.3802377865164839
1666,2024-02-16,NSE:PSPPROJECT,743.34998,749.90002,729.65002,734.90002,91714.0,0.5403940004050373,2.0666047038579958
1667,2024-02-19,NSE:PSPPROJECT,742.90002,744.90002,707.70001,710.0,113028.0,-3.3882187130706622,0.5403940004050373
1668,2024-02-20,NSE:PSPPROJECT,722.0,735.84998,715.0,721.09998,139160.0,1.5633774647887269,-3.3882187130706622
1669,2024-02-21,NSE:PSPPROJECT,725.90002,729.95001,704.90002,709.04999,94887.0,-1.6710567652491102,1.5633774647887269
1670,2024-02-22,NSE:PSPPROJECT,714.70001,714.95001,697.95001,699.95001,111618.0,-1.28340457349135,-1.6710567652491102
1671,2024-02-23,NSE:PSPPROJECT,703.40002,708.40002,696.0,699.79999,80323.0,-0.021432959190905713,-1.28340457349135
1672,2024-02-26,NSE:PSPPROJECT,694.75,703.29999,685.25,691.65002,90127.0,-1.1646141921208002,-0.021432959190905713
1673,2024-02-27,NSE:PSPPROJECT,692.90002,700.0,686.84998,691.95001,49547.0,0.04337309207335521,-1.1646141921208002
1674,2024-02-28,NSE:PSPPROJECT,694.45001,699.5,686.5,689.59998,57190.0,-0.3396242453988924,0.04337309207335521
1675,2024-02-29,NSE:PSPPROJECT,691.0,695.04999,687.04999,692.25,41378.0,0.3842836538365388,-0.3396242453988924
1676,2024-03-01,NSE:PSPPROJECT,699.0,702.0,693.25,697.54999,33409.0,0.7656179126038252,0.3842836538365388
1677,2024-03-02,NSE:PSPPROJECT,702.45001,716.0,696.0,711.79999,27957.0,2.0428643400883715,0.7656179126038252
1678,2024-03-04,NSE:PSPPROJECT,724.95001,729.84998,680.25,685.79999,336843.0,-3.6527114871131148,2.0428643400883715
1679,2024-03-05,NSE:PSPPROJECT,688.15002,694.70001,674.0,676.5,95569.0,-1.3560790515613714,-3.6527114871131148
1680,2024-03-06,NSE:PSPPROJECT,676.5,678.40002,652.5,659.70001,124212.0,-2.483368810051734,-1.3560790515613714
1681,2024-03-07,NSE:PSPPROJECT,665.0,680.65002,661.25,665.59998,64017.0,0.8943413537313634,-2.483368810051734
1682,2024-03-11,NSE:PSPPROJECT,674.0,674.0,636.95001,644.15002,228312.0,-3.2226503372190485,0.8943413537313634
1683,2024-03-12,NSE:PSPPROJECT,659.95001,659.95001,622.0,626.20001,199381.0,-2.7866194896648486,-3.2226503372190485
1684,2024-03-13,NSE:PSPPROJECT,629.34998,632.34998,602.04999,605.20001,137808.0,-3.3535611090137163,-2.7866194896648486
1685,2024-03-14,NSE:PSPPROJECT,608.25,618.29999,599.90002,614.25,139004.0,1.4953717532159292,-3.3535611090137163
1686,2024-03-15,NSE:PSPPROJECT,623.0,629.90002,610.0,611.84998,58808.0,-0.3907236467236533,1.4953717532159292
1687,2024-03-18,NSE:PSPPROJECT,611.90002,619.90002,607.29999,613.25,89326.0,0.22881752811367922,-0.3907236467236533
1688,2024-03-19,NSE:PSPPROJECT,618.04999,624.65002,604.29999,609.84998,58741.0,-0.5544264166327012,0.22881752811367922
1689,2024-03-20,NSE:PSPPROJECT,612.90002,617.95001,600.25,606.59998,103408.0,-0.5329179481156989,-0.5544264166327012
1690,2024-03-21,NSE:PSPPROJECT,611.34998,637.45001,611.34998,632.45001,84911.0,4.261462389101968,-0.5329179481156989
1691,2024-03-22,NSE:PSPPROJECT,632.45001,661.54999,624.0,655.84998,101148.0,3.699892423118143,4.261462389101968
1692,2024-03-26,NSE:PSPPROJECT,659.95001,680.0,650.20001,667.04999,145278.0,1.7077091318962945,3.699892423118143
1693,2024-03-27,NSE:PSPPROJECT,667.09998,679.0,667.09998,673.5,112162.0,0.9669455208297089,1.7077091318962945
1694,2024-03-28,NSE:PSPPROJECT,676.90002,691.20001,675.0,687.90002,207513.0,2.1380876020786994,0.9669455208297089
1695,2024-04-01,NSE:PSPPROJECT,686.54999,720.0,686.54999,713.54999,203144.0,3.7287351728816547,2.1380876020786994
1696,2024-04-02,NSE:PSPPROJECT,712.59998,731.29999,709.04999,723.40002,138481.0,1.380426058165884,3.7287351728816547
1697,2024-04-03,NSE:PSPPROJECT,720.04999,738.5,719.95001,737.15002,69034.0,1.9007464224289072,1.380426058165884
1698,2024-04-04,NSE:PSPPROJECT,740.90002,741.20001,726.09998,730.59998,84941.0,-0.888562683617655,1.9007464224289072
1699,2024-04-05,NSE:PSPPROJECT,731.90002,735.95001,722.54999,729.70001,82257.0,-0.12318231927681401,-0.888562683617655
1700,2024-04-08,NSE:PSPPROJECT,735.0,739.0,725.0,731.90002,65001.0,0.30149513085521545,-0.12318231927681401
1701,2024-04-09,NSE:PSPPROJECT,737.34998,744.90002,723.04999,727.84998,68620.0,-0.5533597334783623,0.30149513085521545
1702,2024-04-10,NSE:PSPPROJECT,729.95001,731.5,720.04999,726.15002,36554.0,-0.2335591188722598,-0.5533597334783623
1703,2024-04-12,NSE:PSPPROJECT,690.0,690.0,652.59998,673.40002,667002.0,-7.2643391237529675,-0.2335591188722598
1704,2024-04-15,NSE:PSPPROJECT,666.70001,666.70001,640.0,645.40002,332039.0,-4.158004034511315,-7.2643391237529675
1705,2024-04-16,NSE:PSPPROJECT,643.70001,667.09998,640.0,656.25,134564.0,1.681124831697396,-4.158004034511315
1706,2024-04-18,NSE:PSPPROJECT,658.04999,692.0,658.04999,673.40002,350616.0,2.6133363809523873,1.681124831697396
1707,2024-04-19,NSE:PSPPROJECT,660.09998,687.0,660.09998,679.65002,234320.0,0.9281259005605613,2.6133363809523873
1708,2024-04-22,NSE:PSPPROJECT,700.0,709.0,678.04999,689.25,475920.0,1.4124887394250294,0.9281259005605613
1709,2024-04-23,NSE:PSPPROJECT,698.0,719.84998,696.0,697.54999,590222.0,1.2042060210373564,1.4124887394250294
1710,2024-04-24,NSE:PSPPROJECT,703.04999,708.0,693.20001,695.15002,75778.0,-0.3440570617741589,1.2042060210373564
1711,2024-04-25,NSE:PSPPROJECT,697.70001,700.79999,684.40002,695.25,201455.0,0.014382506958707925,-0.3440570617741589
1712,2024-04-26,NSE:PSPPROJECT,699.90002,715.0,676.34998,682.0,280741.0,-1.9057892844300612,0.014382506958707925
1713,2024-04-29,NSE:PSPPROJECT,683.20001,685.34998,672.5,675.04999,73971.0,-1.0190630498533753,-1.9057892844300612
1714,2024-04-30,NSE:PSPPROJECT,679.70001,679.95001,671.0,675.09998,247357.0,0.007405377489151548,-1.0190630498533753
1715,2024-05-02,NSE:PSPPROJECT,679.0,682.45001,667.09998,672.84998,59201.0,-0.33328396780577596,0.007405377489151548
1716,2024-05-03,NSE:PSPPROJECT,674.0,681.45001,667.79999,672.90002,69980.0,0.0074370218455057265,-0.33328396780577596
1717,2024-05-06,NSE:PSPPROJECT,676.29999,682.29999,660.0,662.09998,87593.0,-1.6049992092436078,0.0074370218455057265
1718,2024-05-07,NSE:PSPPROJECT,662.04999,665.45001,652.65002,655.09998,46438.0,-1.0572421403788594,-1.6049992092436078
1719,2024-05-08,NSE:PSPPROJECT,655.95001,657.95001,649.75,651.04999,40112.0,-0.618224717393516,-1.0572421403788594
1720,2024-05-09,NSE:PSPPROJECT,651.04999,652.40002,635.0,638.5,54887.0,-1.927653819639868,-0.618224717393516
1721,2024-05-10,NSE:PSPPROJECT,648.0,648.0,625.0,636.5,82407.0,-0.31323414252153486,-1.927653819639868
1722,2024-05-13,NSE:PSPPROJECT,636.75,644.45001,630.54999,635.0,61090.0,-0.2356637863315004,-0.31323414252153486
1723,2024-05-14,NSE:PSPPROJECT,636.45001,643.59998,627.0,638.0,64951.0,0.47244094488188976,-0.2356637863315004
1724,2024-05-15,NSE:PSPPROJECT,643.0,655.0,643.0,648.59998,42919.0,1.661438871473348,0.47244094488188976
1725,2024-05-16,NSE:PSPPROJECT,665.0,687.79999,657.5,680.75,316215.0,4.956833332002268,1.661438871473348
1726,2024-05-17,NSE:PSPPROJECT,687.59998,695.04999,682.20001,688.65002,103707.0,1.1604876973925875,4.956833332002268
1727,2024-05-18,NSE:PSPPROJECT,688.65002,694.0,681.25,685.09998,13900.0,-0.515507136702048,1.1604876973925875
1728,2024-05-21,NSE:PSPPROJECT,687.5,695.0,666.0,671.59998,78256.0,-1.970515310772597,-0.515507136702048
1729,2024-05-22,NSE:PSPPROJECT,672.45001,698.34998,669.29999,688.0,91351.0,2.4419327707544065,-1.970515310772597
1730,2024-05-23,NSE:PSPPROJECT,688.0,694.0,679.0,685.5,43626.0,-0.3633720930232558,2.4419327707544065
1731,2024-05-24,NSE:PSPPROJECT,680.79999,693.0,655.09998,669.25,708800.0,-2.3705324580598104,-0.3633720930232558
1732,2024-05-27,NSE:PSPPROJECT,645.0,659.79999,639.04999,645.65002,299492.0,-3.5263324617108642,-2.3705324580598104
1733,2024-05-28,NSE:PSPPROJECT,644.0,652.0,637.75,644.25,84874.0,-0.2168388378583246,-3.5263324617108642
1734,2024-05-29,NSE:PSPPROJECT,644.25,644.25,637.65002,639.5,22532.0,-0.737291424136593,-0.2168388378583246
1735,2024-05-30,NSE:PSPPROJECT,639.5,643.29999,638.0,641.54999,39335.0,0.32056137607505547,-0.737291424136593
1736,2024-05-31,NSE:PSPPROJECT,641.5,652.0,641.09998,646.04999,44870.0,0.7014262442744329,0.32056137607505547
1737,2024-06-03,NSE:PSPPROJECT,678.0,678.0,654.04999,671.29999,100877.0,3.908366286020684,0.7014262442744329
1738,2024-06-04,NSE:PSPPROJECT,671.09998,671.09998,602.0,610.90002,152044.0,-8.997463265268326,3.908366286020684
1739,2024-06-05,NSE:PSPPROJECT,610.90002,624.90002,600.0,622.09998,98233.0,1.833354007747441,-8.997463265268326
1740,2024-06-06,NSE:PSPPROJECT,616.84998,657.29999,616.84998,641.29999,158449.0,3.08632223392774,1.833354007747441
1741,2024-06-07,NSE:PSPPROJECT,642.90002,675.0,640.90002,663.84998,144989.0,3.516293521227091,3.08632223392774
1742,2024-06-10,NSE:PSPPROJECT,673.70001,676.95001,657.79999,670.5,104763.0,1.0017353619563325,3.516293521227091
1743,2024-06-11,NSE:PSPPROJECT,675.54999,681.90002,665.0,667.5,286181.0,-0.44742729306487694,1.0017353619563325
1744,2024-06-12,NSE:PSPPROJECT,661.25,670.45001,661.25,668.20001,101150.0,0.10487041198502176,-0.44742729306487694
1745,2024-06-13,NSE:PSPPROJECT,673.5,673.5,658.25,661.0,53436.0,-1.077523180521955,0.10487041198502176
1746,2024-06-14,NSE:PSPPROJECT,663.45001,669.45001,658.04999,660.20001,47722.0,-0.12102723146747045,-1.077523180521955
1747,2024-06-18,NSE:PSPPROJECT,662.34998,669.29999,660.0,665.45001,45830.0,0.7952135595999157,-0.12102723146747045
1748,2024-06-19,NSE:PSPPROJECT,668.25,668.95001,653.15002,655.5,36309.0,-1.4952302728194444,0.7952135595999157
1749,2024-06-20,NSE:PSPPROJECT,655.5,666.79999,651.5,659.25,184152.0,0.5720823798627002,-1.4952302728194444
1750,2024-06-21,NSE:PSPPROJECT,662.04999,666.45001,643.15002,646.70001,185104.0,-1.9036769055745133,0.5720823798627002
1751,2024-06-24,NSE:PSPPROJECT,653.15002,657.59998,648.0,650.79999,32459.0,0.6339848363385613,-1.9036769055745133
1752,2024-06-25,NSE:PSPPROJECT,659.84998,676.95001,647.25,667.29999,257168.0,2.5353411575805342,0.6339848363385613
1753,2024-06-26,NSE:PSPPROJECT,667.29999,680.0,667.29999,675.25,134298.0,1.191369716639741,2.5353411575805342
1754,2024-06-27,NSE:PSPPROJECT,675.25,687.75,671.04999,679.95001,110142.0,0.6960399851906731,1.191369716639741
1755,2024-06-28,NSE:PSPPROJECT,687.84998,690.29999,678.59998,685.70001,235605.0,0.8456504030347761,0.6960399851906731
1756,2024-07-01,NSE:PSPPROJECT,685.70001,697.84998,680.79999,691.25,101950.0,0.8093903921628904,0.8456504030347761
1757,2024-07-02,NSE:PSPPROJECT,696.79999,696.79999,672.04999,690.70001,106344.0,-0.07956455696202239,0.8093903921628904
1758,2024-07-03,NSE:PSPPROJECT,694.95001,694.95001,659.95001,680.59998,227822.0,-1.4622889610208722,-0.07956455696202239
1759,2024-07-04,NSE:PSPPROJECT,680.59998,690.0,677.54999,682.65002,162204.0,0.30121070529565414,-1.4622889610208722
1760,2024-07-05,NSE:PSPPROJECT,682.65002,686.0,672.75,680.84998,69757.0,-0.2636841642515561,0.30121070529565414
1761,2024-07-08,NSE:PSPPROJECT,680.84998,709.5,679.95001,699.45001,178676.0,2.7318837550674617,-0.2636841642515561
1762,2024-07-09,NSE:PSPPROJECT,705.0,709.65002,692.40002,700.79999,195571.0,0.19300593047385323,2.7318837550674617
1763,2024-07-10,NSE:PSPPROJECT,696.95001,700.34998,678.34998,693.59998,46016.0,-1.0273987018749844,0.19300593047385323
1764,2024-07-11,NSE:PSPPROJECT,698.5,708.0,695.09998,705.34998,73725.0,1.6940600257802776,-1.0273987018749844
1765,2024-07-12,NSE:PSPPROJECT,705.0,706.04999,689.20001,691.29999,55962.0,-1.9919175442522845,1.6940600257802776
1766,2024-07-15,NSE:PSPPROJECT,691.65002,694.75,677.90002,680.25,56870.0,-1.598436302595633,-1.9919175442522845
1767,2024-07-16,NSE:PSPPROJECT,687.0,688.79999,679.0,683.54999,25054.0,0.48511429621462404,-1.598436302595633
1768,2024-07-18,NSE:PSPPROJECT,683.0,690.0,672.5,684.15002,31581.0,0.08778143643891512,0.48511429621462404
1769,2024-07-19,NSE:PSPPROJECT,680.15002,685.84998,655.5,662.15002,44073.0,-3.2156689844136817,0.08778143643891512
1770,2024-07-22,NSE:PSPPROJECT,662.0,685.0,652.54999,677.20001,58978.0,2.2728973110957513,-3.2156689844136817
1771,2024-07-23,NSE:PSPPROJECT,682.0,699.0,670.95001,681.95001,110499.0,0.7014175915325223,2.2728973110957513
1772,2024-07-24,NSE:PSPPROJECT,682.70001,694.0,680.04999,682.20001,161221.0,0.036659578610461485,0.7014175915325223
1773,2024-07-25,NSE:PSPPROJECT,675.0,687.54999,672.04999,675.45001,228134.0,-0.9894458957864863,0.036659578610461485
1774,2024-07-26,NSE:PSPPROJECT,680.70001,695.0,680.65002,685.25,75733.0,1.4508830934801495,-0.9894458957864863
1775,2024-07-29,NSE:PSPPROJECT,690.0,699.0,681.75,683.59998,80917.0,-0.24079095220722954,1.4508830934801495
1776,2024-07-30,NSE:PSPPROJECT,687.0,695.0,683.54999,688.90002,46385.0,0.7753130712496629,-0.24079095220722954
1777,2024-07-31,NSE:PSPPROJECT,690.0,692.40002,677.25,682.15002,50240.0,-0.9798228776361482,0.7753130712496629
1778,2024-08-01,NSE:PSPPROJECT,684.90002,720.79999,681.20001,713.45001,238521.0,4.588432028485461,-0.9798228776361482
1779,2024-08-02,NSE:PSPPROJECT,713.45001,745.75,691.09998,726.75,661939.0,1.864179664108489,4.588432028485461
1780,2024-08-05,NSE:PSPPROJECT,714.95001,714.95001,663.34998,670.95001,214102.0,-7.678017199862398,1.864179664108489
1781,2024-08-06,NSE:PSPPROJECT,671.0,688.79999,655.09998,659.54999,78403.0,-1.6990863447487004,-7.678017199862398
1782,2024-08-07,NSE:PSPPROJECT,662.34998,683.34998,662.34998,680.40002,59105.0,3.161250900784649,-1.6990863447487004
1783,2024-08-08,NSE:PSPPROJECT,680.40002,685.0,670.65002,672.79999,16609.0,-1.1169943822165174,3.161250900784649
1784,2024-08-09,NSE:PSPPROJECT,688.0,688.0,676.0,686.0,33494.0,1.9619515749398304,-1.1169943822165174
1785,2024-08-12,NSE:PSPPROJECT,686.0,718.79999,674.04999,704.95001,209178.0,2.7623921282798864,1.9619515749398304
1786,2024-08-13,NSE:PSPPROJECT,700.0,712.5,686.29999,691.54999,105776.0,-1.900846841607966,2.7623921282798864
1787,2024-08-14,NSE:PSPPROJECT,698.34998,713.04999,656.95001,675.40002,464836.0,-2.3353293664280064,-1.900846841607966
1788,2024-08-16,NSE:PSPPROJECT,678.65002,685.79999,670.25,675.40002,68862.0,0.0,-2.3353293664280064
1789,2024-08-19,NSE:PSPPROJECT,677.5,683.90002,669.79999,678.84998,68242.0,0.5108024722889287,0.0
1790,2024-08-20,NSE:PSPPROJECT,678.84998,691.34998,675.29999,681.04999,39313.0,0.3240789666076178,0.5108024722889287
1791,2024-08-21,NSE:PSPPROJECT,686.20001,700.0,681.54999,685.95001,34312.0,0.7194802249391474,0.3240789666076178
1792,2024-08-22,NSE:PSPPROJECT,683.0,693.20001,683.0,685.54999,26373.0,-0.05831620295479556,0.7194802249391474
1793,2024-08-23,NSE:PSPPROJECT,689.0,689.0,675.0,679.09998,42363.0,-0.9408518844847508,-0.05831620295479556
1794,2024-08-26,NSE:PSPPROJECT,682.5,686.0,672.0,675.0,44746.0,-0.603737317147316,-0.9408518844847508
1795,2024-08-27,NSE:PSPPROJECT,677.90002,702.34998,673.79999,693.75,68834.0,2.7777777777777777,-0.603737317147316
1796,2024-08-28,NSE:PSPPROJECT,699.25,708.5,685.29999,690.0,64423.0,-0.5405405405405406,2.7777777777777777
1797,2024-08-29,NSE:PSPPROJECT,690.09998,692.75,676.09998,679.0,80370.0,-1.5942028985507246,-0.5405405405405406
1798,2024-08-30,NSE:PSPPROJECT,674.15002,691.0,674.15002,683.04999,110651.0,0.5964639175257702,-1.5942028985507246
1799,2024-09-02,NSE:PSPPROJECT,685.45001,689.45001,672.0,674.29999,49693.0,-1.2810189778349899,0.5964639175257702
1800,2024-09-03,NSE:PSPPROJECT,675.0,684.70001,672.04999,676.75,38976.0,0.3633412481587046,-1.2810189778349899
1801,2024-09-04,NSE:PSPPROJECT,674.0,676.35,670.0,671.5,31605.0,-0.7757665312153675,0.3633412481587046
1802,2024-09-05,NSE:PSPPROJECT,674.90002,678.29999,670.29999,672.25,15533.0,0.11169024571854058,-0.7757665312153675
1803,2024-09-06,NSE:PSPPROJECT,671.09998,687.45001,671.09998,676.95001,55442.0,0.6991461509854995,0.11169024571854058
1804,2024-09-09,NSE:PSPPROJECT,672.0,677.45,661.0,665.7,20150.0,-1.6618671739143596,0.6991461509854995
1805,2024-09-10,NSE:PSPPROJECT,665.8,677.75,665.8,670.0,20486.0,0.6459366080817116,-1.6618671739143596
1806,2024-09-11,NSE:PSPPROJECT,673.1,675.45,660.95,661.65,22328.0,-1.2462686567164214,0.6459366080817116
1807,2024-09-12,NSE:PSPPROJECT,663.85,679.5,662.0,672.95,37145.0,1.7078515831633143,-1.2462686567164214
1808,2024-09-13,NSE:PSPPROJECT,672.95,710.0,665.95,705.5,206240.0,4.8369121034252105,1.7078515831633143
1809,2024-09-16,NSE:PSPPROJECT,702.5,720.0,685.15,695.8,137294.0,-1.374911410347278,4.8369121034252105
1810,2024-09-17,NSE:PSPPROJECT,696.5,704.0,685.2,688.25,34252.0,-1.0850819200919741,-1.374911410347278
1811,2024-09-18,NSE:PSPPROJECT,688.25,691.15,677.7,681.45,45115.0,-0.9880130766436549,-1.0850819200919741
1812,2024-09-19,NSE:PSPPROJECT,684.0,690.9,669.0,672.3,34220.0,-1.342725071538644,-0.9880130766436549
1813,2024-09-20,NSE:PSPPROJECT,674.85,682.3,667.55,673.4,39148.0,0.16361743269374132,-1.342725071538644
1814,2024-09-23,NSE:PSPPROJECT,675.4,709.4,674.25,688.5,292219.0,2.2423522423522457,0.16361743269374132
1815,2024-09-24,NSE:PSPPROJECT,696.5,697.0,672.1,675.75,98238.0,-1.8518518518518516,2.2423522423522457
1816,2024-09-25,NSE:PSPPROJECT,679.15,680.55,656.25,666.85,64249.0,-1.3170551239363635,-1.8518518518518516
1817,2024-09-26,NSE:PSPPROJECT,669.85,674.45,665.05,668.1,33465.0,0.18744845167578916,-1.3170551239363635
1818,2024-09-27,NSE:PSPPROJECT,672.85,672.85,646.95,651.6,108960.0,-2.469690166142793,0.18744845167578916
1819,2024-09-30,NSE:PSPPROJECT,652.8,658.35,649.55,652.6,41833.0,0.1534683855125844,-2.469690166142793
1820,2024-10-01,NSE:PSPPROJECT,654.85,659.9,650.0,656.55,47258.0,0.6052712228010928,0.1534683855125844
1821,2024-10-03,NSE:PSPPROJECT,652.5,656.55,635.55,643.7,59717.0,-1.957200517858489,0.6052712228010928
1822,2024-10-04,NSE:PSPPROJECT,637.1,654.95,637.1,645.8,52591.0,0.3262389311791066,-1.957200517858489
1823,2024-10-07,NSE:PSPPROJECT,649.05,651.2,625.05,631.9,69877.0,-2.1523691545370047,0.3262389311791066
1824,2024-10-08,NSE:PSPPROJECT,633.75,669.0,632.0,659.85,119958.0,4.423168222820074,-2.1523691545370047
1825,2024-10-09,NSE:PSPPROJECT,664.2,669.95,654.0,659.3,45501.0,-0.08335227703266927,4.423168222820074
1826,2024-10-10,NSE:PSPPROJECT,653.3,672.95,653.3,665.0,28825.0,0.8645533141210445,-0.08335227703266927
1827,2024-10-11,NSE:PSPPROJECT,665.0,665.0,655.05,659.55,12369.0,-0.819548872180458,0.8645533141210445
1828,2024-10-14,NSE:PSPPROJECT,659.55,664.8,644.5,647.85,30891.0,-1.773936775073904,-0.819548872180458
1829,2024-10-15,NSE:PSPPROJECT,651.3,653.5,640.0,644.55,14882.0,-0.5093771706413627,-1.773936775073904
1830,2024-10-16,NSE:PSPPROJECT,645.0,645.0,639.0,641.35,15692.0,-0.49647040570939915,-0.5093771706413627
1831,2024-10-17,NSE:PSPPROJECT,641.35,655.95,637.65,647.25,19570.0,0.9199345131363494,-0.49647040570939915
1832,2024-10-18,NSE:PSPPROJECT,651.9,654.0,642.05,649.15,24395.0,0.2935496330629552,0.9199345131363494
1833,2024-10-21,NSE:PSPPROJECT,654.0,655.45,631.05,633.85,42768.0,-2.3569282908418634,0.2935496330629552
1834,2024-10-22,NSE:PSPPROJECT,637.05,637.05,603.55,605.3,39906.0,-4.504220241382042,-2.3569282908418634
1835,2024-10-23,NSE:PSPPROJECT,608.35,619.55,589.85,593.95,63348.0,-1.8751032545844888,-4.504220241382042
1836,2024-10-24,NSE:PSPPROJECT,595.0,604.0,587.35,590.55,45338.0,-0.5724387574711829,-1.8751032545844888
1837,2024-10-25,NSE:PSPPROJECT,590.8,626.95,565.4,601.4,702966.0,1.8372703412073532,-0.5724387574711829
1838,2024-10-28,NSE:PSPPROJECT,620.0,637.85,611.0,620.15,320642.0,3.1177253076155638,1.8372703412073532
1839,2024-10-29,NSE:PSPPROJECT,620.2,626.3,598.45,613.05,102686.0,-1.144884302184959,3.1177253076155638
1840,2024-10-30,NSE:PSPPROJECT,615.0,615.7,592.3,594.6,130507.0,-3.0095424516760354,-1.144884302184959
1841,2024-10-31,NSE:PSPPROJECT,594.6,605.0,592.5,601.75,60320.0,1.2024890682811935,-3.0095424516760354
1842,2024-11-01,NSE:PSPPROJECT,606.85,619.8,606.85,613.4,34493.0,1.936019941836307,1.2024890682811935
1843,2024-11-04,NSE:PSPPROJECT,615.0,615.15,599.2,608.45,94980.0,-0.8069775024453752,1.936019941836307
1844,2024-11-05,NSE:PSPPROJECT,602.0,608.45,597.15,601.25,81298.0,-1.1833347029336914,-0.8069775024453752
1845,2024-11-06,NSE:PSPPROJECT,602.0,615.95,595.95,612.75,75861.0,1.9126819126819128,-1.1833347029336914
1846,2024-11-07,NSE:PSPPROJECT,613.05,625.95,611.5,617.05,87767.0,0.7017543859649048,1.9126819126819128
1847,2024-11-08,NSE:PSPPROJECT,617.05,659.95,604.35,636.25,130163.0,3.111579288550368,0.7017543859649048
1848,2024-11-11,NSE:PSPPROJECT,625.0,635.6,616.0,632.15,123744.0,-0.6444007858546205,3.111579288550368
1849,2024-11-12,NSE:PSPPROJECT,633.1,636.1,621.9,624.05,122753.0,-1.2813414537688876,-0.6444007858546205
1850,2024-11-13,NSE:PSPPROJECT,625.85,633.6,609.1,619.35,189997.0,-0.753144780065689,-1.2813414537688876
1851,2024-11-14,NSE:PSPPROJECT,622.45,632.2,615.45,617.75,81654.0,-0.2583353515782712,-0.753144780065689
1852,2024-11-18,NSE:PSPPROJECT,619.55,656.9,619.55,643.75,334616.0,4.208822339133953,-0.2583353515782712
1853,2024-11-19,NSE:PSPPROJECT,649.4,734.95,647.65,672.0,3418074.0,4.3883495145631075,4.208822339133953
1854,2024-11-21,NSE:PSPPROJECT,638.95,638.95,605.6,609.55,2483083.0,-9.29315476190477,4.3883495145631075
1855,2024-11-22,NSE:PSPPROJECT,609.7,626.0,602.1,613.85,609374.0,0.7054384381921202,-9.29315476190477
1856,2024-11-25,NSE:PSPPROJECT,633.5,642.25,619.05,625.45,585317.0,1.8897124704732462,0.7054384381921202
1857,2024-11-26,NSE:PSPPROJECT,625.6,634.6,617.4,620.65,196617.0,-0.7674474378447627,1.8897124704732462
1858,2024-11-27,NSE:PSPPROJECT,621.0,652.0,615.0,624.15,965413.0,0.56392491742528,-0.7674474378447627
1859,2024-11-28,NSE:PSPPROJECT,625.05,656.55,625.05,650.1,463105.0,4.157654409997604,0.56392491742528
1860,2024-11-29,NSE:PSPPROJECT,651.3,685.0,647.75,670.8,884323.0,3.1841255191508893,4.157654409997604
1861,2024-12-02,NSE:PSPPROJECT,670.8,670.8,640.0,645.55,265707.0,-3.764162194394753,3.1841255191508893
1862,2024-12-03,NSE:PSPPROJECT,645.0,651.75,641.0,642.7,132062.0,-0.4414840058864393,-3.764162194394753
1863,2024-12-04,NSE:PSPPROJECT,640.05,648.95,638.05,644.9,171937.0,0.34230589699703307,-0.4414840058864393
1864,2024-12-05,NSE:PSPPROJECT,652.25,668.75,646.3,654.45,407593.0,1.48084974414639,0.34230589699703307
1865,2024-12-06,NSE:PSPPROJECT,656.0,670.1,654.1,664.85,169504.0,1.5891206356482508,1.48084974414639
1866,2024-12-09,NSE:PSPPROJECT,664.85,680.0,662.55,673.7,196093.0,1.3311273219523234,1.5891206356482508
1867,2024-12-10,NSE:PSPPROJECT,680.0,688.0,650.0,652.85,183946.0,-3.094849339468609,1.3311273219523234
1868,2024-12-11,NSE:PSPPROJECT,657.9,658.5,649.4,653.35,74606.0,0.0765872711955273,-3.094849339468609
1869,2024-12-12,NSE:PSPPROJECT,655.95,668.95,645.0,665.1,137189.0,1.7984235096043466,0.0765872711955273
1870,2024-12-13,NSE:PSPPROJECT,663.05,678.0,651.75,666.6,185206.0,0.2255299954894001,1.7984235096043466
1871,2024-12-16,NSE:PSPPROJECT,669.0,689.0,664.05,681.7,331839.0,2.2652265226522688,0.2255299954894001
1872,2024-12-17,NSE:PSPPROJECT,690.0,699.0,671.95,678.7,407541.0,-0.44007627988851394,2.2652265226522688
1873,2024-12-18,NSE:PSPPROJECT,680.05,694.75,678.2,687.85,188653.0,1.3481656107263853,-0.44007627988851394
1874,2024-12-19,NSE:PSPPROJECT,684.0,687.85,675.5,686.5,210887.0,-0.19626372028785674,1.3481656107263853
1875,2024-12-20,NSE:PSPPROJECT,685.0,699.0,675.05,680.05,235444.0,-0.9395484340859498,-0.19626372028785674
1876,2024-12-23,NSE:PSPPROJECT,680.05,684.9,666.35,678.75,124979.0,-0.19116241452833682,-0.9395484340859498
1877,2024-12-24,NSE:PSPPROJECT,678.75,687.55,670.85,673.25,95818.0,-0.8103130755064457,-0.19116241452833682
1878,2024-12-26,NSE:PSPPROJECT,673.25,684.9,661.1,677.2,155065.0,0.5867062755291563,-0.8103130755064457
1879,2024-12-27,NSE:PSPPROJECT,680.0,683.55,670.15,672.8,100273.0,-0.6497341996456129,0.5867062755291563
1880,2024-12-30,NSE:PSPPROJECT,670.0,681.0,652.0,659.95,117663.0,-1.909928656361461,-0.6497341996456129
1881,2024-12-31,NSE:PSPPROJECT,648.0,659.0,634.3,649.2,205036.0,-1.6289112811576634,-1.909928656361461
1882,2025-01-01,NSE:PSPPROJECT,650.2,671.25,650.2,667.7,104706.0,2.84966112138016,-1.6289112811576634
1883,2025-01-02,NSE:PSPPROJECT,670.0,682.95,667.0,679.15,89790.0,1.7148419949078824,2.84966112138016
1884,2025-01-03,NSE:PSPPROJECT,682.0,693.0,676.55,679.5,245617.0,0.05153500699404002,1.7148419949078824
1885,2025-01-06,NSE:PSPPROJECT,680.8,682.3,660.15,666.65,119972.0,-1.891096394407656,0.05153500699404002
1886,2025-01-07,NSE:PSPPROJECT,666.65,687.7,660.0,685.2,134046.0,2.7825695642391164,-1.891096394407656
1887,2025-01-08,NSE:PSPPROJECT,680.0,680.0,665.25,671.6,97718.0,-1.9848219497956832,2.7825695642391164
1888,2025-01-09,NSE:PSPPROJECT,671.0,684.25,666.0,680.35,162512.0,1.3028588445503275,-1.9848219497956832
1889,2025-01-10,NSE:PSPPROJECT,678.0,678.0,651.6,654.6,62676.0,-3.7848166384948922,1.3028588445503275
1890,2025-01-13,NSE:PSPPROJECT,646.05,651.25,622.05,633.55,112716.0,-3.215704246868327,-3.7848166384948922
1891,2025-01-14,NSE:PSPPROJECT,635.0,657.45,634.55,650.4,68521.0,2.659616447004976,-3.215704246868327
1892,2025-01-15,NSE:PSPPROJECT,646.1,661.65,641.3,658.2,67165.0,1.1992619926199366,2.659616447004976
1893,2025-01-16,NSE:PSPPROJECT,670.0,670.0,653.95,657.3,36348.0,-0.13673655423884698,1.1992619926199366
1894,2025-01-17,NSE:PSPPROJECT,657.0,660.45,647.1,652.45,34147.0,-0.7378670317967305,-0.13673655423884698
1895,2025-01-20,NSE:PSPPROJECT,646.0,651.95,641.0,647.2,49975.0,-0.8046593608705648,-0.7378670317967305
1896,2025-01-21,NSE:PSPPROJECT,647.0,652.6,632.5,636.95,85793.0,-1.583745364647713,-0.8046593608705648
1897,2025-01-22,NSE:PSPPROJECT,635.1,679.3,625.05,653.95,164335.0,2.668969306852971,-1.583745364647713
1898,2025-01-23,NSE:PSPPROJECT,648.0,656.95,642.0,644.7,53934.0,-1.4144812294517928,2.668969306852971
1899,2025-01-24,NSE:PSPPROJECT,647.95,653.95,635.95,640.8,46710.0,-0.604932526756645,-1.4144812294517928
1900,2025-01-27,NSE:PSPPROJECT,636.15,637.95,615.05,627.5,74482.0,-2.0755305867665346,-0.604932526756645
1901,2025-01-28,NSE:PSPPROJECT,625.95,644.5,615.1,634.95,95637.0,1.1872509960159434,-2.0755305867665346
1902,2025-01-29,NSE:PSPPROJECT,630.05,644.4,629.25,637.95,38971.0,0.4724781478856603,1.1872509960159434
1903,2025-01-30,NSE:PSPPROJECT,641.1,644.9,633.0,636.75,27857.0,-0.1881025158711569,0.4724781478856603
1904,2025-01-31,NSE:PSPPROJECT,636.75,639.9,625.1,633.5,47426.0,-0.5104043973301924,-0.1881025158711569
1905,2025-02-01,NSE:PSPPROJECT,636.95,646.75,620.1,625.9,42811.0,-1.1996842936069492,-0.5104043973301924
1906,2025-02-03,NSE:PSPPROJECT,610.55,647.55,610.55,630.6,49212.0,0.7509186771049762,-1.1996842936069492
1907,2025-02-04,NSE:PSPPROJECT,633.8,639.1,627.15,629.5,38536.0,-0.17443704408500202,0.7509186771049762
1908,2025-02-05,NSE:PSPPROJECT,633.5,638.0,625.1,626.7,25432.0,-0.4447974583002311,-0.17443704408500202
1909,2025-02-06,NSE:PSPPROJECT,631.7,636.25,626.8,631.6,23958.0,0.7818733046114532,-0.4447974583002311
1910,2025-02-07,NSE:PSPPROJECT,634.8,635.95,612.0,629.05,375150.0,-0.4037365421152736,0.7818733046114532
1911,2025-02-10,NSE:PSPPROJECT,616.5,630.0,616.5,622.4,80056.0,-1.0571496701375054,-0.4037365421152736
1912,2025-02-11,NSE:PSPPROJECT,623.0,625.0,616.0,620.25,131792.0,-0.34543701799485493,-1.0571496701375054
1913,2025-02-12,NSE:PSPPROJECT,620.25,622.4,615.15,619.95,57525.0,-0.04836759371220548,-0.34543701799485493
1914,2025-02-13,NSE:PSPPROJECT,620.0,625.45,616.0,617.0,158950.0,-0.4758448261956682,-0.04836759371220548
1915,2025-02-14,NSE:PSPPROJECT,620.1,639.05,613.55,618.1,149604.0,0.17828200972447694,-0.4758448261956682
1916,2025-02-17,NSE:PSPPROJECT,618.0,627.7,610.0,618.1,262159.0,0.0,0.17828200972447694
1917,2025-02-18,NSE:PSPPROJECT,621.2,624.0,617.0,621.15,41514.0,0.4934476621905767,0.0
1918,2025-02-19,NSE:PSPPROJECT,620.0,628.95,609.0,621.9,61780.0,0.12074378169524269,0.4934476621905767
1919,2025-02-20,NSE:PSPPROJECT,620.0,629.45,616.0,626.55,77824.0,0.747708634828747,0.12074378169524269
1920,2025-02-21,NSE:PSPPROJECT,626.0,636.6,621.2,625.15,47091.0,-0.22344585428137856,0.747708634828747
1921,2025-02-24,NSE:PSPPROJECT,628.3,629.1,616.05,620.5,47253.0,-0.7438214828441138,-0.22344585428137856
1922,2025-02-25,NSE:PSPPROJECT,616.1,635.0,616.1,628.2,74924.0,1.2409347300564133,-0.7438214828441138
1923,2025-02-27,NSE:PSPPROJECT,631.35,639.65,620.0,630.0,75971.0,0.28653295128939105,1.2409347300564133
1924,2025-02-28,NSE:PSPPROJECT,623.1,637.9,619.05,620.6,159501.0,-1.4920634920634885,0.28653295128939105
1925,2025-03-03,NSE:PSPPROJECT,624.35,628.45,615.0,618.85,123691.0,-0.2819851756364808,-1.4920634920634885
1926,2025-03-04,NSE:PSPPROJECT,615.0,623.75,610.0,616.3,71261.0,-0.412054617435577,-0.2819851756364808
1927,2025-03-05,NSE:PSPPROJECT,619.4,631.3,619.4,626.0,108118.0,1.5739088106441743,-0.412054617435577
1928,2025-03-06,NSE:PSPPROJECT,634.0,634.0,623.15,627.05,58124.0,0.167731629392964,1.5739088106441743
1929,2025-03-07,NSE:PSPPROJECT,629.0,630.0,625.25,627.05,33624.0,0.0,0.167731629392964
1930,2025-03-10,NSE:PSPPROJECT,623.2,630.15,623.05,626.7,50173.0,-0.055816920500743016,0.0
1931,2025-03-11,NSE:PSPPROJECT,625.05,633.7,625.05,627.55,46249.0,0.1356310834529933,-0.055816920500743016
1932,2025-03-12,NSE:PSPPROJECT,628.0,635.0,625.0,629.05,42309.0,0.23902477890207952,0.1356310834529933
1933,2025-03-13,NSE:PSPPROJECT,629.05,634.95,626.25,626.7,29117.0,-0.37357920674030826,0.23902477890207952
1934,2025-03-17,NSE:PSPPROJECT,627.05,631.45,626.05,627.7,45898.0,0.15956598053295035,-0.37357920674030826
1935,2025-03-18,NSE:PSPPROJECT,627.7,632.8,625.5,627.55,57547.0,-0.023896765971019744,0.15956598053295035
1936,2025-03-19,NSE:PSPPROJECT,628.0,635.0,627.1,631.6,46204.0,0.6453669030356256,-0.023896765971019744
1937,2025-03-20,NSE:PSPPROJECT,634.8,635.95,629.0,629.5,35386.0,-0.3324889170361024,0.6453669030356256
1938,2025-03-21,NSE:PSPPROJECT,627.9,637.9,627.9,633.55,55590.0,0.643367752184266,-0.3324889170361024
1939,2025-03-24,NSE:PSPPROJECT,637.95,640.55,629.0,630.05,110250.0,-0.5524425854312999,0.643367752184266
1940,2025-03-25,NSE:PSPPROJECT,630.1,635.05,627.25,628.75,54077.0,-0.20633283072771283,-0.5524425854312999
1941,2025-03-26,NSE:PSPPROJECT,632.0,633.1,628.25,630.05,45151.0,0.206759443339953,-0.20633283072771283
1942,2025-03-27,NSE:PSPPROJECT,630.0,637.5,630.0,633.2,121647.0,0.4999603206094899,0.206759443339953
1943,2025-03-28,NSE:PSPPROJECT,633.4,636.4,633.0,633.1,47181.0,-0.015792798483894935,0.4999603206094899
1944,2025-04-01,NSE:PSPPROJECT,630.05,639.85,630.05,634.8,34918.0,0.2685199810456376,-0.015792798483894935
1945,2025-04-02,NSE:PSPPROJECT,637.95,640.1,633.5,637.2,35824.0,0.3780718336484076,0.2685199810456376
1946,2025-04-03,NSE:PSPPROJECT,635.9,640.0,635.0,635.5,51678.0,-0.26679221594476543,0.3780718336484076
1947,2025-04-04,NSE:PSPPROJECT,635.05,638.0,632.05,633.4,36848.0,-0.33044846577498393,-0.26679221594476543
1948,2025-04-07,NSE:PSPPROJECT,633.05,643.4,624.0,630.2,233663.0,-0.5052099778970527,-0.33044846577498393
1949,2025-04-08,NSE:PSPPROJECT,631.8,638.5,628.0,637.1,276472.0,1.0948905109489013,-0.5052099778970527
1950,2025-04-09,NSE:PSPPROJECT,637.1,637.4,631.55,635.3,42995.0,-0.2825302150368966,1.0948905109489013
1951,2025-04-11,NSE:PSPPROJECT,639.9,639.9,631.95,632.95,44973.0,-0.36990398237051936,-0.2825302150368966
1952,2025-04-15,NSE:PSPPROJECT,637.95,637.95,631.95,633.6,38857.0,0.10269373568211979,-0.36990398237051936
1953,2025-04-16,NSE:PSPPROJECT,632.0,638.9,632.0,634.85,32272.0,0.19728535353535354,0.10269373568211979
1954,2025-04-17,NSE:PSPPROJECT,637.9,638.0,633.0,636.2,40293.0,0.21264865716311296,0.19728535353535354
1955,2025-04-21,NSE:PSPPROJECT,638.0,641.95,635.0,638.3,297504.0,0.3300848789688634,0.21264865716311296
1956,2025-04-22,NSE:PSPPROJECT,641.9,641.9,636.05,636.6,204445.0,-0.26633244555850416,0.3300848789688634
1957,2025-04-23,NSE:PSPPROJECT,639.75,642.55,637.1,640.65,47715.0,0.6361922714420287,-0.26633244555850416
1958,2025-04-24,NSE:PSPPROJECT,641.95,644.7,637.05,638.35,39175.0,-0.3590103800827214,0.6361922714420287
1959,2025-04-25,NSE:PSPPROJECT,641.95,641.95,635.25,638.95,101332.0,0.09399232396021348,-0.3590103800827214
1960,2025-04-28,NSE:PSPPROJECT,641.0,641.0,636.1,638.2,34695.0,-0.11738007668831676,0.09399232396021348
1961,2025-04-29,NSE:PSPPROJECT,636.1,641.95,636.1,639.45,75122.0,0.19586336571607646,-0.11738007668831676
1962,2025-04-30,NSE:PSPPROJECT,640.7,641.45,636.5,637.05,45803.0,-0.37532254281024174,0.19586336571607646
1963,2025-05-02,NSE:PSPPROJECT,633.0,639.9,633.0,637.4,69318.0,0.05494074248489487,-0.37532254281024174
1964,2025-05-05,NSE:PSPPROJECT,636.05,640.95,636.05,636.45,52998.0,-0.1490429871352262,0.05494074248489487
1965,2025-05-06,NSE:PSPPROJECT,636.45,641.9,633.0,635.8,121015.0,-0.10212899677902285,-0.1490429871352262
1966,2025-05-07,NSE:PSPPROJECT,633.55,640.8,633.55,635.8,91626.0,0.0,-0.10212899677902285
1967,2025-05-08,NSE:PSPPROJECT,637.0,641.0,633.85,637.95,47579.0,0.3381566530355601,0.0
1968,2025-05-09,NSE:PSPPROJECT,633.55,649.25,630.75,640.2,125311.0,0.3526922172584058,0.3381566530355601
1969,2025-05-12,NSE:PSPPROJECT,641.95,641.95,637.0,639.25,80791.0,-0.14839112777257818,0.3526922172584058
1970,2025-05-13,NSE:PSPPROJECT,640.0,640.95,636.7,638.25,45475.0,-0.1564333202972233,-0.14839112777257818
1971,2025-05-14,NSE:PSPPROJECT,638.0,641.4,637.95,639.1,81296.0,0.13317665491578892,-0.1564333202972233
1972,2025-05-15,NSE:PSPPROJECT,641.5,642.1,638.1,640.4,77170.0,0.20341104678453362,0.13317665491578892
1973,2025-05-16,NSE:PSPPROJECT,644.0,669.3,644.0,668.3,395158.0,4.3566520924422205,0.20341104678453362
1974,2025-05-19,NSE:PSPPROJECT,669.75,674.2,661.5,669.8,153841.0,0.22445009726170884,4.3566520924422205
1975,2025-05-20,NSE:PSPPROJECT,674.0,676.9,661.25,663.5,107279.0,-0.9405792773962309,0.22445009726170884
1976,2025-05-21,NSE:PSPPROJECT,669.95,675.0,651.6,673.9,129201.0,1.5674453654860552,-0.9405792773962309
1977,2025-05-22,NSE:PSPPROJECT,669.0,674.9,658.0,659.85,80202.0,-2.0848790621753905,1.5674453654860552
1978,2025-05-23,NSE:PSPPROJECT,663.0,663.0,638.35,645.75,326214.0,-2.1368492839281688,-2.0848790621753905
1979,2025-05-26,NSE:PSPPROJECT,637.5,655.45,637.15,638.85,92119.0,-1.068524970963992,-2.1368492839281688
1980,2025-05-27,NSE:PSPPROJECT,640.0,640.0,637.2,637.45,60567.0,-0.2191437739688467,-1.068524970963992
1981,2025-05-28,NSE:PSPPROJECT,640.25,641.25,637.45,637.5,51198.0,0.007843752451165507,-0.2191437739688467
1982,2025-05-29,NSE:PSPPROJECT,637.6,643.5,637.5,638.8,72879.0,0.20392156862744384,0.007843752451165507
1983,2025-05-30,NSE:PSPPROJECT,637.9,642.0,637.8,639.05,54460.0,0.03913587977457734,0.20392156862744384
1984,2025-06-02,NSE:PSPPROJECT,639.05,641.0,637.45,638.55,43311.0,-0.07824113919098662,0.03913587977457734
1985,2025-06-03,NSE:PSPPROJECT,640.0,641.6,637.1,637.25,31295.0,-0.20358625009787087,-0.07824113919098662
1986,2025-06-04,NSE:PSPPROJECT,640.2,655.0,635.1,639.65,167552.0,0.3766182816790863,-0.20358625009787087
1987,2025-06-05,NSE:PSPPROJECT,645.0,664.9,645.0,657.05,237819.0,2.7202376299538775,0.3766182816790863
1988,2025-06-06,NSE:PSPPROJECT,656.95,657.0,642.45,645.7,42962.0,-1.7274180047180443,2.7202376299538775
1989,2025-06-09,NSE:PSPPROJECT,645.7,657.95,640.85,656.0,45052.0,1.5951680346910257,-1.7274180047180443
1990,2025-06-10,NSE:PSPPROJECT,659.0,686.95,656.0,678.2,417560.0,3.384146341463422,1.5951680346910257
1991,2025-06-11,NSE:PSPPROJECT,679.7,698.0,671.6,682.25,175979.0,0.5971689767030307,3.384146341463422
1992,2025-06-12,NSE:PSPPROJECT,688.4,693.55,650.6,661.6,92953.0,-3.0267497251740534,0.5971689767030307
1993,2025-06-13,NSE:PSPPROJECT,655.0,736.55,651.0,698.65,1295551.0,5.600060459492133,-3.0267497251740534
1994,2025-06-16,NSE:PSPPROJECT,700.9,744.4,700.9,726.3,1086211.0,3.9576325771130003,5.600060459492133
1995,2025-06-17,NSE:PSPPROJECT,730.0,746.75,721.0,730.1,315343.0,0.5231997797053654,3.9576325771130003
1996,2025-06-18,NSE:PSPPROJECT,732.8,775.0,731.15,765.9,1382073.0,4.903437885221196,0.5231997797053654
1997,2025-06-19,NSE:PSPPROJECT,770.0,772.2,734.25,739.75,222402.0,-3.414283849066455,4.903437885221196
1998,2025-06-20,NSE:PSPPROJECT,731.0,749.8,725.05,734.2,136930.0,-0.7502534640081047,-3.414283849066455
1999,2025-06-23,NSE:PSPPROJECT,737.9,747.7,721.05,734.45,102672.0,0.0340506673930809,-0.7502534640081047
2000,2025-06-24,NSE:PSPPROJECT,738.15,746.45,713.15,717.55,115354.0,-2.3010415957519355,0.0340506673930809
2001,2025-06-25,NSE:PSPPROJECT,723.0,761.0,717.65,752.2,231401.0,4.828931781757382,-2.3010415957519355
2002,2025-06-26,NSE:PSPPROJECT,755.95,761.25,742.35,756.4,108788.0,0.5583621377293182,4.828931781757382
2003,2025-06-27,NSE:PSPPROJECT,760.0,767.0,750.05,755.25,151725.0,-0.15203595980962153,0.5583621377293182
2004,2025-06-30,NSE:PSPPROJECT,758.5,765.0,752.0,759.9,134091.0,0.6156901688182691,-0.15203595980962153
2005,2025-07-01,NSE:PSPPROJECT,760.0,819.0,755.05,803.4,821188.0,5.7244374259771025,0.6156901688182691
2006,2025-07-02,NSE:PSPPROJECT,806.95,808.0,787.0,794.4,251814.0,-1.1202389843166543,5.7244374259771025
2007,2025-07-03,NSE:PSPPROJECT,793.95,793.95,778.1,786.05,108052.0,-1.0511077542799625,-1.1202389843166543
2008,2025-07-04,NSE:PSPPROJECT,791.9,792.0,776.0,778.05,70235.0,-1.0177469626614084,-1.0511077542799625
2009,2025-07-07,NSE:PSPPROJECT,771.1,781.5,751.4,756.75,141606.0,-2.7376132639290476,-1.0177469626614084
2010,2025-07-08,NSE:PSPPROJECT,760.55,770.45,753.0,761.9,87880.0,0.6805417905516984,-2.7376132639290476
2011,2025-07-09,NSE:PSPPROJECT,765.0,767.5,753.35,758.45,117397.0,-0.45281533009580416,0.6805417905516984
2012,2025-07-10,NSE:PSPPROJECT,758.0,770.25,753.5,761.9,76942.0,0.45487507416440526,-0.45281533009580416
2013,2025-07-11,NSE:PSPPROJECT,763.95,765.2,755.05,758.0,38688.0,-0.5118781992387422,0.45487507416440526
2014,2025-07-14,NSE:PSPPROJECT,753.0,783.4,751.5,777.85,185299.0,2.6187335092348314,-0.5118781992387422
2015,2025-07-15,NSE:PSPPROJECT,779.25,835.4,779.25,827.6,384343.0,6.395834672494696,2.6187335092348314
2016,2025-07-16,NSE:PSPPROJECT,829.0,841.05,825.75,834.25,129930.0,0.8035282745287552,6.395834672494696
2017,2025-07-17,NSE:PSPPROJECT,837.95,843.45,816.15,823.65,116277.0,-1.270602337428831,0.8035282745287552
2018,2025-07-18,NSE:PSPPROJECT,824.95,827.8,808.4,817.6,59391.0,-0.7345353001881813,-1.270602337428831
2019,2025-07-21,NSE:PSPPROJECT,809.4,833.95,804.35,808.05,197547.0,-1.1680528375733938,-0.7345353001881813
2020,2025-07-22,NSE:PSPPROJECT,810.0,814.9,804.15,809.8,77069.0,0.2165707567601015,-1.1680528375733938
2021,2025-07-23,NSE:PSPPROJECT,809.8,830.9,809.55,826.55,89398.0,2.0684119535687824,0.2165707567601015
2022,2025-07-24,NSE:PSPPROJECT,828.2,832.9,806.5,827.0,70603.0,0.054443167382499,2.0684119535687824
2023,2025-07-25,NSE:PSPPROJECT,826.65,831.15,801.8,809.9,68881.0,-2.067714631197101,0.054443167382499
2024,2025-07-28,NSE:PSPPROJECT,802.0,813.9,796.4,805.4,50206.0,-0.5556241511297692,-2.067714631197101
2025,2025-07-29,NSE:PSPPROJECT,809.4,816.1,773.25,798.6,73941.0,-0.8443009684628701,-0.5556241511297692
2026,2025-07-30,NSE:PSPPROJECT,800.0,808.35,727.4,780.0,374170.0,-2.3290758827948936,-0.8443009684628701
2027,2025-07-31,NSE:PSPPROJECT,765.0,774.0,750.1,754.3,135845.0,-3.294871794871801,-2.3290758827948936
2028,2025-08-01,NSE:PSPPROJECT,750.1,767.0,739.35,757.7,113623.0,0.4507490388439734,-3.294871794871801
2029,2025-08-04,NSE:PSPPROJECT,625.0,713.7,620.75,684.8,4131053.0,-9.621222119572401,0.4507490388439734
2030,2025-08-05,NSE:PSPPROJECT,709.9,724.0,694.0,701.85,1113191.0,2.4897780373831875,-9.621222119572401
2031,2025-08-06,NSE:PSPPROJECT,705.4,719.0,701.95,709.1,237507.0,1.0329842558951343,2.4897780373831875
2032,2025-08-07,NSE:PSPPROJECT,706.9,709.45,682.15,692.65,140869.0,-2.319842053307015,1.0329842558951343
2033,2025-08-08,NSE:PSPPROJECT,698.0,709.0,672.1,684.75,59666.0,-1.1405471738973474,-2.319842053307015
2034,2025-08-11,NSE:PSPPROJECT,682.05,682.2,665.55,670.3,88094.0,-2.1102592186929603,-1.1405471738973474
2035,2025-08-12,NSE:PSPPROJECT,666.0,678.8,656.0,658.5,71153.0,-1.7604057884529247,-2.1102592186929603
2036,2025-08-13,NSE:PSPPROJECT,662.9,666.4,652.5,662.65,84313.0,0.6302201974183717,-1.7604057884529247
2037,2025-08-14,NSE:PSPPROJECT,666.0,666.6,645.55,648.2,75188.0,-2.1806383460348497,0.6302201974183717
2038,2025-08-18,NSE:PSPPROJECT,651.45,672.4,644.4,665.15,73186.0,2.6149336624498503,-2.1806383460348497
2039,2025-08-19,NSE:PSPPROJECT,666.0,669.95,654.1,661.75,54061.0,-0.5111628955874581,2.6149336624498503
2040,2025-08-20,NSE:PSPPROJECT,666.0,666.15,654.0,655.95,56210.0,-0.8764639214204691,-0.5111628955874581
2041,2025-08-21,NSE:PSPPROJECT,658.95,671.0,651.9,663.3,95444.0,1.1205122341641753,-0.8764639214204691
2042,2025-08-22,NSE:PSPPROJECT,666.65,681.1,661.0,671.2,68529.0,1.1910146238504586,1.1205122341641753
2043,2025-08-25,NSE:PSPPROJECT,674.55,699.0,662.0,691.05,170250.0,2.9573897497020125,1.1910146238504586
2044,2025-08-26,NSE:PSPPROJECT,689.7,705.45,677.0,691.55,199172.0,0.07235366471311772,2.9573897497020125
2045,2025-08-28,NSE:PSPPROJECT,694.45,712.85,686.55,700.05,164591.0,1.2291229845998122,0.07235366471311772
2046,2025-08-29,NSE:PSPPROJECT,693.25,703.0,683.6,686.2,44917.0,-1.9784301121348344,1.2291229845998122
2047,2025-09-01,NSE:PSPPROJECT,689.65,707.0,677.05,684.9,338251.0,-0.1894491401923737,-1.9784301121348344
2048,2025-09-02,NSE:PSPPROJECT,684.8,709.0,681.1,703.35,217744.0,2.693823915900138,-0.1894491401923737
2049,2025-09-03,NSE:PSPPROJECT,704.0,729.95,699.1,721.9,259546.0,2.6373782611786383,2.693823915900138
2050,2025-09-04,NSE:PSPPROJECT,729.9,730.4,714.95,718.65,76653.0,-0.4502008588447154,2.6373782611786383
2051,2025-09-05,NSE:PSPPROJECT,714.3,730.4,705.0,706.2,83662.0,-1.732414944687947,-0.4502008588447154
2052,2025-09-08,NSE:PSPPROJECT,703.0,733.85,703.0,725.35,184142.0,2.711696403285185,-1.732414944687947
2053,2025-09-09,NSE:PSPPROJECT,730.0,757.45,724.55,752.65,352717.0,3.763700282622176,2.711696403285185
2054,2025-09-10,NSE:PSPPROJECT,755.0,776.05,748.0,770.05,223523.0,2.3118315285989475,3.763700282622176
2055,2025-09-11,NSE:PSPPROJECT,771.0,785.8,763.6,771.55,161332.0,0.19479254593857542,2.3118315285989475
2056,2025-09-12,NSE:PSPPROJECT,774.9,788.55,756.1,782.35,225706.0,1.3997796643121079,0.19479254593857542
2057,2025-09-15,NSE:PSPPROJECT,782.35,802.65,775.2,797.5,258510.0,1.9364734453888892,1.3997796643121079
2058,2025-09-16,NSE:PSPPROJECT,800.25,805.7,789.6,800.5,130801.0,0.3761755485893417,1.9364734453888892
2059,2025-09-17,NSE:PSPPROJECT,803.0,810.0,798.45,802.75,72261.0,0.2810743285446596,0.3761755485893417
2060,2025-09-18,NSE:PSPPROJECT,806.75,810.0,778.65,797.55,124907.0,-0.6477732793522324,0.2810743285446596
2061,2025-09-19,NSE:PSPPROJECT,793.0,804.0,781.0,783.75,94281.0,-1.7302990408124825,-0.6477732793522324
2062,2025-09-22,NSE:PSPPROJECT,797.0,797.0,762.0,767.4,88641.0,-2.0861244019138785,-1.7302990408124825
2063,2025-09-23,NSE:PSPPROJECT,760.4,792.0,756.35,783.2,121606.0,2.0589001824342024,-2.0861244019138785
2064,2025-09-24,NSE:PSPPROJECT,784.7,786.0,772.15,779.3,35240.0,-0.4979570990807061,2.0589001824342024
2065,2025-09-25,NSE:PSPPROJECT,779.2,791.7,763.1,772.1,110507.0,-0.9239060695495871,-0.4979570990807061
2066,2025-09-26,NSE:PSPPROJECT,778.7,785.0,764.55,773.35,124092.0,0.16189612744463153,-0.9239060695495871
2067,2025-09-29,NSE:PSPPROJECT,780.0,782.85,752.5,759.15,96042.0,-1.8361673239800924,0.16189612744463153
2068,2025-09-30,NSE:PSPPROJECT,760.35,777.35,747.6,752.1,129371.0,-0.9286702232760266,-1.8361673239800924
2069,2025-10-01,NSE:PSPPROJECT,751.55,766.55,742.5,755.6,53794.0,0.4653636484510038,-0.9286702232760266
2070,2025-10-03,NSE:PSPPROJECT,760.3,771.0,756.2,765.85,37328.0,1.356537850714664,0.4653636484510038
2071,2025-10-06,NSE:PSPPROJECT,765.8,788.1,759.0,782.4,106989.0,2.160997584383359,1.356537850714664
2072,2025-10-07,NSE:PSPPROJECT,779.7,787.0,773.4,784.05,61504.0,0.21088957055214433,2.160997584383359
2073,2025-10-08,NSE:PSPPROJECT,784.05,788.75,759.1,763.9,104276.0,-2.569989158854662,0.21088957055214433
2074,2025-10-09,NSE:PSPPROJECT,760.1,782.1,757.0,778.6,59599.0,1.924335646026973,-2.569989158854662
2075,2025-10-10,NSE:PSPPROJECT,780.15,784.05,765.0,767.85,49584.0,-1.3806832776778835,1.924335646026973
2076,2025-10-13,NSE:PSPPROJECT,762.0,772.15,760.15,767.2,28978.0,-0.08465195025069704,-1.3806832776778835
2077,2025-10-14,NSE:PSPPROJECT,763.0,784.75,763.0,770.65,58804.0,0.44968717413972004,-0.08465195025069704
2078,2025-10-15,NSE:PSPPROJECT,766.6,783.2,757.25,761.05,121527.0,-1.2457016803996654,0.44968717413972004
2079,2025-10-16,NSE:PSPPROJECT,767.4,776.55,752.85,759.8,50665.0,-0.16424676433874255,-1.2457016803996654
2080,2025-10-17,NSE:PSPPROJECT,758.95,782.0,732.2,750.55,338733.0,-1.2174256383258752,-0.16424676433874255
2081,2025-10-20,NSE:PSPPROJECT,760.5,806.2,759.6,791.85,372055.0,5.502631403637341,-1.2174256383258752
2082,2025-10-21,NSE:PSPPROJECT,783.5,809.95,783.5,792.25,49198.0,0.050514617667484656,5.502631403637341
2083,2025-10-23,NSE:PSPPROJECT,800.0,804.9,786.0,798.9,93835.0,0.8393815083622564,0.050514617667484656
2084,2025-10-24,NSE:PSPPROJECT,800.0,801.0,780.7,793.45,102778.0,-0.682188008511695,0.8393815083622564
2085,2025-10-27,NSE:PSPPROJECT,825.0,947.95,806.0,933.8,9410375.0,17.688575209527997,-0.682188008511695
2086,2025-10-28,NSE:PSPPROJECT,912.05,928.0,861.8,872.6,2860806.0,-6.55386592418076,17.688575209527997
2087,2025-10-29,NSE:PSPPROJECT,882.7,909.6,872.0,902.0,1265966.0,3.369241347696536,-6.55386592418076
2088,2025-10-30,NSE:PSPPROJECT,902.0,949.85,895.15,934.3,1062091.0,3.580931263858088,3.369241347696536
2089,2025-10-31,NSE:PSPPROJECT,926.0,943.9,920.2,928.8,273691.0,-0.5886760141282243,3.580931263858088
2090,2025-11-03,NSE:PSPPROJECT,930.0,996.0,920.45,972.15,1012936.0,4.667312661498711,-0.5886760141282243
2091,2025-11-04,NSE:PSPPROJECT,972.45,984.95,951.3,958.65,259146.0,-1.3886745872550532,4.667312661498711
2092,2025-11-06,NSE:PSPPROJECT,962.95,965.3,921.4,928.8,165255.0,-3.113753716163357,-1.3886745872550532
2093,2025-11-07,NSE:PSPPROJECT,931.5,963.4,916.65,956.3,209152.0,2.9608096468561587,-3.113753716163357
2094,2025-11-10,NSE:PSPPROJECT,960.35,982.9,936.5,975.8,386033.0,2.0391090661926174,2.9608096468561587
2095,2025-11-11,NSE:PSPPROJECT,984.0,984.95,943.1,976.45,191954.0,0.06661201065793103,2.0391090661926174
2096,2025-11-12,NSE:PSPPROJECT,979.05,996.0,963.55,984.0,280554.0,0.7732090736852839,0.06661201065793103
2097,2025-11-13,NSE:PSPPROJECT,987.9,1025.0,981.0,989.9,372526.0,0.599593495934957,0.7732090736852839
2098,2025-11-14,NSE:PSPPROJECT,981.05,1029.9,981.05,1002.65,292379.0,1.2880088897868471,0.599593495934957
2099,2025-11-17,NSE:PSPPROJECT,1007.7,1015.0,995.0,1000.45,98885.0,-0.21941854086669643,1.2880088897868471
2100,2025-11-18,NSE:PSPPROJECT,1007.9,1007.9,968.0,972.5,145803.0,-2.7937428157329247,-0.21941854086669643
2101,2025-11-19,NSE:PSPPROJECT,974.0,977.6,954.5,969.4,128992.0,-0.3187660668380486,-2.7937428157329247
2102,2025-11-20,NSE:PSPPROJECT,978.5,990.9,917.1,921.25,253580.0,-4.96698989065401,-0.3187660668380486
2103,2025-11-21,NSE:PSPPROJECT,919.95,926.9,883.1,886.9,318277.0,-3.7286295793758506,-4.96698989065401
2104,2025-11-24,NSE:PSPPROJECT,888.8,896.95,870.8,885.35,106330.0,-0.17476603901228488,-3.7286295793758506
2105,2025-11-25,NSE:PSPPROJECT,892.2,914.9,879.95,909.45,149359.0,2.7220873101033516,-0.17476603901228488
2106,2025-11-26,NSE:PSPPROJECT,913.1,924.95,901.25,906.45,77379.0,-0.32986970146792016,2.7220873101033516
2107,2025-11-27,NSE:PSPPROJECT,916.65,959.9,916.0,950.6,384389.0,4.870649236030666,-0.32986970146792016
2108,2025-11-28,NSE:PSPPROJECT,949.75,951.85,901.0,909.3,339022.0,-4.344624447717238,4.870649236030666
2109,2025-12-01,NSE:PSPPROJECT,914.0,914.0,893.1,896.55,116346.0,-1.4021774991751899,-4.344624447717238
2110,2025-12-02,NSE:PSPPROJECT,900.0,900.0,878.15,884.85,43179.0,-1.3050025096202031,-1.4021774991751899
2111,2025-12-03,NSE:PSPPROJECT,887.05,918.55,876.1,912.0,163931.0,3.0683166638413266,-1.3050025096202031
2112,2025-12-04,NSE:PSPPROJECT,912.0,913.7,873.05,878.25,82165.0,-3.7006578947368416,3.0683166638413266
2113,2025-12-05,NSE:PSPPROJECT,873.5,883.3,854.95,860.3,85946.0,-2.043837176202681,-3.7006578947368416
2114,2025-12-08,NSE:PSPPROJECT,860.3,864.95,836.1,843.65,88036.0,-1.9353713820760172,-2.043837176202681
2115,2025-12-09,NSE:PSPPROJECT,836.1,872.9,824.6,865.05,110334.0,2.5365969300065165,-1.9353713820760172
2116,2025-12-10,NSE:PSPPROJECT,861.85,881.0,859.0,863.5,64494.0,-0.179180394196862,2.5365969300065165
2117,2025-12-11,NSE:PSPPROJECT,870.0,890.9,853.05,886.6,129087.0,2.6751592356687923,-0.179180394196862
2118,2025-12-12,NSE:PSPPROJECT,891.95,905.9,882.1,898.2,72409.0,1.3083690503045369,2.6751592356687923
2119,2025-12-15,NSE:PSPPROJECT,893.55,896.2,876.1,881.65,42589.0,-1.842574036962822,1.3083690503045369
2120,2025-12-16,NSE:PSPPROJECT,887.3,887.4,876.1,877.95,29068.0,-0.41966766857595783,-1.842574036962822
2121,2025-12-17,NSE:PSPPROJECT,876.0,881.2,850.6,855.0,50384.0,-2.614044079959,-0.41966766857595783
2122,2025-12-18,NSE:PSPPROJECT,860.15,860.15,842.05,850.25,17880.0,-0.5555555555555556,-2.614044079959
2123,2025-12-19,NSE:PSPPROJECT,854.0,869.0,851.1,861.4,47984.0,1.3113790061746518,-0.5555555555555556
2124,2025-12-22,NSE:PSPPROJECT,861.0,916.75,861.0,911.3,102140.0,5.792895286742509,1.3113790061746518
2125,2025-12-23,NSE:PSPPROJECT,918.9,918.9,885.1,893.55,47520.0,-1.9477669263689237,5.792895286742509
2126,2025-12-24,NSE:PSPPROJECT,893.0,904.5,868.4,873.7,61439.0,-2.2214761345196026,-1.9477669263689237
2127,2025-12-26,NSE:PSPPROJECT,873.95,881.65,851.3,864.2,63690.0,-1.087329747052764,-2.2214761345196026
2128,2025-12-29,NSE:PSPPROJECT,864.2,871.55,854.0,858.55,38833.0,-0.653783846331878,-1.087329747052764
2129,2025-12-30,NSE:PSPPROJECT,870.0,878.9,843.0,851.55,65999.0,-0.8153281695882593,-0.653783846331878
2130,2025-12-31,NSE:PSPPROJECT,850.25,877.45,846.0,867.55,69011.0,1.8789266631436794,-0.8153281695882593
2131,2026-01-01,NSE:PSPPROJECT,871.8,873.9,860.05,866.85,23874.0,-0.08068699210419362,1.8789266631436794
2132,2026-01-02,NSE:PSPPROJECT,872.0,900.9,872.0,893.4,113502.0,3.062813635577084,-0.08068699210419362
2133,2026-01-05,NSE:PSPPROJECT,900.9,900.9,871.1,881.15,68423.0,-1.3711663308708306,3.062813635577084
2134,2026-01-06,NSE:PSPPROJECT,884.9,897.65,864.65,885.1,60489.0,0.4482778187595808,-1.3711663308708306
2135,2026-01-07,NSE:PSPPROJECT,874.4,883.85,870.6,875.15,23606.0,-1.1241667608179917,0.4482778187595808
2136,2026-01-08,NSE:PSPPROJECT,870.0,875.95,852.55,855.15,45794.0,-2.2853225161400905,-1.1241667608179917
2137,2026-01-09,NSE:PSPPROJECT,855.15,855.2,830.0,833.1,46696.0,-2.5784950008770338,-2.2853225161400905
2138,2026-01-12,NSE:PSPPROJECT,825.5,836.4,802.95,829.85,73319.0,-0.39010923058456365,-2.5784950008770338
2139,2026-01-13,NSE:PSPPROJECT,837.0,845.5,821.6,827.6,45550.0,-0.2711333373501235,-0.39010923058456365
2140,2026-01-14,NSE:PSPPROJECT,825.8,838.0,825.0,829.45,18023.0,0.22353794103431882,-0.2711333373501235
2141,2026-01-16,NSE:PSPPROJECT,833.35,833.45,802.0,804.15,46678.0,-3.050213997227086,0.22353794103431882
2142,2026-01-19,NSE:PSPPROJECT,802.0,802.0,775.0,782.75,49784.0,-2.661195050674623,-3.050213997227086
2143,2026-01-20,NSE:PSPPROJECT,775.6,781.45,744.0,751.6,89846.0,-3.9795592462472023,-2.661195050674623
2144,2026-01-21,NSE:PSPPROJECT,735.0,756.7,725.1,728.3,79233.0,-3.1000532197977737,-3.9795592462472023
2145,2026-01-22,NSE:PSPPROJECT,734.9,753.9,727.9,733.6,36893.0,0.7277220925442907,-3.1000532197977737
2146,2026-01-23,NSE:PSPPROJECT,733.6,734.5,680.0,689.55,113770.0,-6.00463467829881,0.7277220925442907
2147,2026-01-27,NSE:PSPPROJECT,700.0,725.6,668.3,718.7,159908.0,4.227394677688361,-6.00463467829881
2148,2026-01-28,NSE:PSPPROJECT,718.05,770.4,700.05,765.6,87666.0,6.525671351050505,4.227394677688361
2149,2026-01-29,NSE:PSPPROJECT,765.0,773.9,745.0,760.4,65276.0,-0.6792058516196506,6.525671351050505
2150,2026-01-30,NSE:PSPPROJECT,765.9,804.9,741.4,750.1,390557.0,-1.3545502367175113,-0.6792058516196506
2151,2026-02-01,NSE:PSPPROJECT,759.9,761.35,723.6,732.5,46685.0,-2.346353819490737,-1.3545502367175113
2152,2026-02-02,NSE:PSPPROJECT,732.0,732.0,691.1,725.55,69163.0,-0.9488054607508595,-2.346353819490737
2153,2026-02-03,NSE:PSPPROJECT,772.3,773.0,727.2,743.55,47560.0,2.4808765763903247,-0.9488054607508595
