,datetime,symbol,open,high,low,close,volume,change (%),last day change (%)
0,2019-09-12,NSE:SAFARI,294.399995,294.399995,274.0,280.774995,2690.0,,
1,2019-09-13,NSE:SAFARI,284.0,284.0,238.850005,280.54999,4726.0,-0.08013712189720104,
2,2019-09-16,NSE:SAFARI,272.625,281.0,272.625,279.25,1008.0,-0.46337196447591383,-0.08013712189720104
3,2019-09-17,NSE:SAFARI,287.5,287.5,272.625,281.0,2196.0,0.6266786034019696,-0.46337196447591383
4,2019-09-18,NSE:SAFARI,285.0,285.0,274.024995,283.25,610.0,0.800711743772242,0.6266786034019696
5,2019-09-19,NSE:SAFARI,280.5,282.29999,274.5,279.45001,540.0,-1.3415675198587749,0.800711743772242
6,2019-09-20,NSE:SAFARI,275.0,287.5,275.0,283.07501,7618.0,1.2971908642980545,-1.3415675198587749
7,2019-09-23,NSE:SAFARI,289.975005,289.975005,273.399995,283.625,7030.0,0.19429125870205913,1.2971908642980545
8,2019-09-24,NSE:SAFARI,290.0,299.975005,282.75,294.70001,6628.0,3.904807404142802,0.19429125870205913
9,2019-09-25,NSE:SAFARI,294.70001,295.5,282.024995,289.82501,1726.0,-1.6542245790897665,3.904807404142802
10,2019-09-26,NSE:SAFARI,294.95001,309.5,286.899995,297.07501,22304.0,2.501509445302874,-1.6542245790897665
11,2019-09-27,NSE:SAFARI,294.75,312.07501,286.5,305.75,7688.0,2.920134547836918,2.501509445302874
12,2019-09-30,NSE:SAFARI,316.975005,316.975005,292.5,295.5,5730.0,-3.3524121013900245,2.920134547836918
13,2019-10-01,NSE:SAFARI,295.0,300.975005,285.07501,289.524995,2844.0,-2.021998307952626,-3.3524121013900245
14,2019-10-03,NSE:SAFARI,286.0,309.5,286.0,292.350005,7780.0,0.9757395902899577,-2.021998307952626
15,2019-10-04,NSE:SAFARI,292.5,298.32501,282.5,285.25,4906.0,-2.428597529868354,0.9757395902899577
16,2019-10-07,NSE:SAFARI,285.024995,295.0,285.024995,291.725005,1852.0,2.2699404031551307,-2.428597529868354
17,2019-10-09,NSE:SAFARI,297.0,300.0,286.17499,295.07501,1884.0,1.1483434544803626,2.2699404031551307
18,2019-10-10,NSE:SAFARI,290.024995,296.5,284.07501,285.649995,17760.0,-3.194108169309231,1.1483434544803626
19,2019-10-11,NSE:SAFARI,285.0,292.25,283.975005,287.32501,4568.0,0.5863871973811974,-3.194108169309231
20,2019-10-14,NSE:SAFARI,295.95001,301.5,285.04999,293.70001,4564.0,2.218741765640241,0.5863871973811974
21,2019-10-15,NSE:SAFARI,280.5,294.0,280.024995,289.625,3524.0,-1.3874735652886154,2.218741765640241
22,2019-10-16,NSE:SAFARI,290.0,297.5,287.54999,291.17499,2766.0,0.5351713422529063,-1.3874735652886154
23,2019-10-17,NSE:SAFARI,287.57501,296.774995,287.5,289.024995,2110.0,-0.7383858757924195,0.5351713422529063
24,2019-10-18,NSE:SAFARI,290.0,295.850005,286.0,287.850005,1898.0,-0.4065357738350553,-0.7383858757924195
25,2019-10-22,NSE:SAFARI,295.524995,297.07501,286.04999,292.04999,9366.0,1.4590880413568064,-0.4065357738350553
26,2019-10-23,NSE:SAFARI,285.54999,295.0,285.54999,291.850005,1784.0,-0.06847629065146335,1.4590880413568064
27,2019-10-24,NSE:SAFARI,294.649995,296.0,282.625,285.649995,5738.0,-2.124382351818024,-0.06847629065146335
28,2019-10-25,NSE:SAFARI,287.5,298.92499,267.649995,289.850005,5586.0,1.4703343509598243,-2.124382351818024
29,2019-10-29,NSE:SAFARI,280.774995,293.975005,277.5,280.725005,2106.0,-3.1481800388445738,1.4703343509598243
30,2019-10-30,NSE:SAFARI,285.0,288.350005,278.5,281.04999,5318.0,0.11576631728975109,-3.1481800388445738
31,2019-10-31,NSE:SAFARI,281.0,290.524995,277.475005,287.07501,5522.0,2.143753856742724,0.11576631728975109
32,2019-11-01,NSE:SAFARI,281.024995,288.850005,277.225005,281.70001,2380.0,-1.8723329487996883,2.143753856742724
33,2019-11-04,NSE:SAFARI,287.0,287.0,280.125,280.524995,1452.0,-0.41711571114251306,-1.8723329487996883
34,2019-11-05,NSE:SAFARI,289.5,289.5,280.600005,287.024995,3544.0,2.3170840801547827,-0.41711571114251306
35,2019-11-06,NSE:SAFARI,287.024995,287.42499,281.649995,282.350005,2264.0,-1.6287745253684194,2.3170840801547827
36,2019-11-07,NSE:SAFARI,282.125,287.475005,275.5,277.649995,2512.0,-1.66460418514957,-1.6287745253684194
37,2019-11-08,NSE:SAFARI,284.45001,286.5,275.5,276.20001,8312.0,-0.5222348374254319,-1.66460418514957
38,2019-11-11,NSE:SAFARI,280.0,290.5,265.024995,279.32501,11896.0,1.1314264615703669,-0.5222348374254319
39,2019-11-13,NSE:SAFARI,279.32501,284.95001,273.0,276.600005,5874.0,-0.9755678519442316,1.1314264615703669
40,2019-11-14,NSE:SAFARI,275.0,285.5,275.0,283.75,9254.0,2.5849583769891793,-0.9755678519442316
41,2019-11-15,NSE:SAFARI,288.0,288.0,280.524995,282.899995,4116.0,-0.29956123348017977,2.5849583769891793
42,2019-11-18,NSE:SAFARI,280.024995,287.5,280.0,285.79999,872134.0,1.0250954582024612,-0.29956123348017977
43,2019-11-19,NSE:SAFARI,289.0,299.0,286.07501,287.649995,9694.0,0.6473075803816544,1.0250954582024612
44,2019-11-20,NSE:SAFARI,293.5,293.600005,285.57501,288.725005,5220.0,0.3737215430857283,0.6473075803816544
45,2019-11-21,NSE:SAFARI,285.04999,294.350005,285.04999,289.774995,7870.0,0.36366438022920106,0.3737215430857283
46,2019-11-22,NSE:SAFARI,280.5,295.0,270.70001,277.25,117510.0,-4.3223173897388865,0.36366438022920106
47,2019-11-25,NSE:SAFARI,283.0,287.0,274.0,280.625,177746.0,1.2173128944995493,-4.3223173897388865
48,2019-11-26,NSE:SAFARI,287.45001,287.45001,276.125,280.20001,78614.0,-0.15144409799553846,1.2173128944995493
49,2019-11-27,NSE:SAFARI,280.524995,284.350005,280.5,282.75,28490.0,0.9100606384703481,-0.15144409799553846
50,2019-11-28,NSE:SAFARI,280.54999,287.5,280.5,283.0,42966.0,0.08841732979664013,0.9100606384703481
51,2019-11-29,NSE:SAFARI,287.25,290.0,281.024995,284.79999,62038.0,0.6360388692579434,0.08841732979664013
52,2019-12-02,NSE:SAFARI,289.875,296.82501,282.975005,289.875,119050.0,1.7819558209956472,0.6360388692579434
53,2019-12-03,NSE:SAFARI,290.125,292.5,285.0,287.725005,33002.0,-0.7416972833117689,1.7819558209956472
54,2019-12-04,NSE:SAFARI,287.5,292.42499,286.0,291.125,7206.0,1.1816821412515015,-0.7416972833117689
55,2019-12-05,NSE:SAFARI,289.975005,293.0,289.975005,291.75,6474.0,0.21468441391155002,1.1816821412515015
56,2019-12-06,NSE:SAFARI,294.399995,294.399995,286.100005,288.524995,18100.0,-1.1054001713796093,0.21468441391155002
57,2019-12-09,NSE:SAFARI,292.125,292.125,285.0,288.04999,17302.0,-0.16463218377319794,-1.1054001713796093
58,2019-12-10,NSE:SAFARI,289.82501,289.850005,283.274995,285.95001,86056.0,-0.7290331792755694,-0.16463218377319794
59,2019-12-11,NSE:SAFARI,287.42499,299.975005,286.524995,295.149995,20224.0,3.2173403316194915,-0.7290331792755694
60,2019-12-12,NSE:SAFARI,294.5,301.0,290.024995,296.54999,17088.0,0.47433339783725553,3.2173403316194915
61,2019-12-13,NSE:SAFARI,295.024995,302.5,293.0,300.225005,21692.0,1.2392564909545372,0.47433339783725553
62,2019-12-16,NSE:SAFARI,305.725005,325.0,297.5,310.975005,38414.0,3.580647787815009,1.2392564909545372
63,2019-12-17,NSE:SAFARI,319.5,328.100005,311.42499,319.274995,23318.0,2.669021582618828,3.580647787815009
64,2019-12-18,NSE:SAFARI,323.975005,327.0,310.79999,316.225005,26930.0,-0.9552862102464303,2.669021582618828
65,2019-12-19,NSE:SAFARI,315.0,319.850005,305.600005,311.07501,9264.0,-1.6285856331949429,-0.9552862102464303
66,2019-12-20,NSE:SAFARI,306.024995,315.475005,306.024995,308.125,5080.0,-0.9483275432507484,-1.6285856331949429
67,2019-12-23,NSE:SAFARI,307.0,320.0,306.024995,309.625,15842.0,0.486815415821501,-0.9483275432507484
68,2019-12-24,NSE:SAFARI,310.0,320.0,310.0,316.125,5938.0,2.0993136859103756,0.486815415821501
69,2019-12-26,NSE:SAFARI,317.75,317.75,312.5,312.850005,17056.0,-1.0359810201660704,2.0993136859103756
70,2019-12-27,NSE:SAFARI,312.95001,317.399995,310.0,311.32501,14324.0,-0.48745244546184036,-1.0359810201660704
71,2019-12-30,NSE:SAFARI,314.95001,317.5,312.625,316.149995,4776.0,1.5498224829415308,-0.48745244546184036
72,2019-12-31,NSE:SAFARI,313.475005,316.0,309.0,309.649995,250088.0,-2.05598611507174,1.5498224829415308
73,2020-01-01,NSE:SAFARI,309.649995,314.774995,307.625,313.54999,6644.0,1.2594849226462896,-2.05598611507174
74,2020-01-02,NSE:SAFARI,310.5,317.5,307.600005,310.25,15146.0,-1.052460566176379,1.2594849226462896
75,2020-01-03,NSE:SAFARI,310.32501,314.95001,307.600005,311.5,8674.0,0.40290088638195,-1.052460566176379
76,2020-01-06,NSE:SAFARI,317.29999,317.29999,300.0,300.45001,13382.0,-3.5473483146067353,0.40290088638195
77,2020-01-07,NSE:SAFARI,300.5,309.725005,300.125,302.375,8296.0,0.6407022585887016,-3.5473483146067353
78,2020-01-08,NSE:SAFARI,300.149995,302.774995,297.5,300.149995,5956.0,-0.735842910293513,0.6407022585887016
79,2020-01-09,NSE:SAFARI,305.0,308.375,300.274995,302.25,8712.0,0.6996518524013337,-0.735842910293513
80,2020-01-10,NSE:SAFARI,306.0,307.17499,300.524995,300.875,5364.0,-0.45492142266335817,0.6996518524013337
81,2020-01-13,NSE:SAFARI,301.75,311.975005,301.0,308.42499,13342.0,2.509344412131277,-0.45492142266335817
82,2020-01-14,NSE:SAFARI,312.0,314.0,308.54999,311.774995,9584.0,1.0861652293479884,2.509344412131277
83,2020-01-15,NSE:SAFARI,310.0,316.0,309.07501,314.04999,11190.0,0.7296912954805724,1.0861652293479884
84,2020-01-16,NSE:SAFARI,317.774995,318.25,305.975005,308.82501,18066.0,-1.66374149542242,0.7296912954805724
85,2020-01-17,NSE:SAFARI,314.5,314.5,308.125,311.42499,13170.0,0.8418942494326996,-1.66374149542242
86,2020-01-20,NSE:SAFARI,311.42499,311.42499,309.225005,310.524995,5996.0,-0.2889925435977344,0.8418942494326996
87,2020-01-21,NSE:SAFARI,314.5,314.975005,310.5,313.399995,11464.0,0.9258513956340295,-0.2889925435977344
88,2020-01-22,NSE:SAFARI,320.0,320.0,307.225005,312.79999,7040.0,-0.1914502264111428,0.9258513956340295
89,2020-01-23,NSE:SAFARI,310.0,313.5,310.0,312.07501,5696.0,-0.23177110715379484,-0.1914502264111428
90,2020-01-24,NSE:SAFARI,311.024995,314.975005,309.0,310.04999,8672.0,-0.64888886809618,-0.23177110715379484
91,2020-01-27,NSE:SAFARI,312.5,324.5,308.0,309.225005,47260.0,-0.26608128579522605,-0.64888886809618
92,2020-01-28,NSE:SAFARI,310.04999,316.850005,309.774995,310.524995,14624.0,0.42040261265416734,-0.26608128579522605
93,2020-01-29,NSE:SAFARI,314.45001,315.0,311.0,313.375,7490.0,0.9178021241092075,0.42040261265416734
94,2020-01-30,NSE:SAFARI,316.850005,316.875,311.0,312.25,6872.0,-0.35899481451934584,0.9178021241092075
95,2020-01-31,NSE:SAFARI,312.5,322.5,311.5,318.20001,15678.0,1.9055276220976847,-0.35899481451934584
96,2020-02-01,NSE:SAFARI,318.20001,322.0,310.0,314.29999,8884.0,-1.225650495736955,1.9055276220976847
97,2020-02-03,NSE:SAFARI,307.774995,318.95001,299.875,308.850005,15498.0,-1.734007373019633,-1.225650495736955
98,2020-02-04,NSE:SAFARI,310.92499,314.5,308.67499,312.75,8996.0,1.2627472678849365,-1.734007373019633
99,2020-02-05,NSE:SAFARI,313.399995,349.0,310.0,332.125,292694.0,6.1950439648281375,1.2627472678849365
100,2020-02-06,NSE:SAFARI,335.0,344.0,325.5,339.024995,21172.0,2.077529544599169,6.1950439648281375
101,2020-02-07,NSE:SAFARI,336.5,346.0,333.95001,341.25,14050.0,0.6562952681409258,2.077529544599169
102,2020-02-10,NSE:SAFARI,348.5,348.5,325.54999,331.75,22926.0,-2.783882783882784,0.6562952681409258
103,2020-02-11,NSE:SAFARI,331.75,340.0,329.875,333.17499,11482.0,0.42953730218537445,-2.783882783882784
104,2020-02-12,NSE:SAFARI,335.0,335.0,329.0,330.5,8014.0,-0.8028783913222238,0.42953730218537445
105,2020-02-13,NSE:SAFARI,330.5,337.5,320.0,324.54999,8058.0,-1.8003055975794313,-0.8028783913222238
106,2020-02-14,NSE:SAFARI,324.57501,332.95001,320.0,327.25,8710.0,0.8319242283754253,-1.8003055975794313
107,2020-02-17,NSE:SAFARI,331.975005,334.975005,317.5,323.350005,15474.0,-1.1917478991596608,0.8319242283754253
108,2020-02-18,NSE:SAFARI,323.350005,323.350005,315.5,317.79999,13410.0,-1.7164109832007053,-1.1917478991596608
109,2020-02-19,NSE:SAFARI,320.0,331.0,316.57501,321.45001,17238.0,1.148527411847949,-1.7164109832007053
110,2020-02-20,NSE:SAFARI,321.45001,323.899995,309.024995,314.875,233400.0,-2.045422241548544,1.148527411847949
111,2020-02-24,NSE:SAFARI,315.600005,319.95001,305.07501,309.649995,38230.0,-1.6593902342199318,-2.045422241548544
112,2020-02-25,NSE:SAFARI,310.5,315.0,310.0,311.20001,8568.0,0.5005700064681191,-1.6593902342199318
113,2020-02-26,NSE:SAFARI,311.32501,314.475005,302.625,307.899995,12916.0,-1.0604160970303407,0.5005700064681191
114,2020-02-27,NSE:SAFARI,306.57501,309.17499,294.5,299.0,9912.0,-2.8905473025421746,-1.0604160970303407
115,2020-02-28,NSE:SAFARI,276.04999,291.20001,276.04999,288.70001,18568.0,-3.4448127090300935,-2.8905473025421746
116,2020-03-02,NSE:SAFARI,289.024995,315.0,282.5,290.20001,20696.0,0.5195704703993602,-3.4448127090300935
117,2020-03-03,NSE:SAFARI,283.5,297.5,283.5,290.274995,12790.0,0.025839075608567227,0.5195704703993602
118,2020-03-04,NSE:SAFARI,287.524995,291.475005,279.274995,286.82501,70600.0,-1.1885229728451014,0.025839075608567227
119,2020-03-05,NSE:SAFARI,282.0,296.75,280.25,293.29999,12472.0,2.2574670179563348,-1.1885229728451014
120,2020-03-06,NSE:SAFARI,283.0,288.5,279.0,282.82501,8490.0,-3.571421874238714,2.2574670179563348
121,2020-03-09,NSE:SAFARI,282.70001,282.70001,275.0,275.42499,17186.0,-2.6164659200401124,-3.571421874238714
122,2020-03-11,NSE:SAFARI,275.0,280.850005,270.0,271.600005,40776.0,-1.3887574253882955,-2.6164659200401124
123,2020-03-12,NSE:SAFARI,260.0,273.45001,228.774995,267.625,50912.0,-1.4635511512601076,-1.3887574253882955
124,2020-03-13,NSE:SAFARI,238.0,260.0,215.5,248.149995,10422.0,-7.276975245212522,-1.4635511512601076
125,2020-03-16,NSE:SAFARI,242.5,262.350005,238.0,247.824995,22788.0,-0.13096917451075857,-7.276975245212522
126,2020-03-17,NSE:SAFARI,257.475005,257.475005,200.774995,240.024995,12396.0,-3.147382288860739,-0.13096917451075857
127,2020-03-18,NSE:SAFARI,249.975005,255.5,233.050005,240.024995,7034.0,0.0,-3.147382288860739
128,2020-03-19,NSE:SAFARI,213.5,239.550005,197.774995,205.375,23926.0,-14.4359944679928,0.0
129,2020-03-20,NSE:SAFARI,200.5,212.350005,197.550005,200.425005,9778.0,-2.41022276323798,-14.4359944679928
130,2020-03-23,NSE:SAFARI,192.024995,197.5,160.350005,160.875,13916.0,-19.73306923454985,-2.41022276323798
131,2020-03-24,NSE:SAFARI,160.5,175.524995,144.800005,167.875,16538.0,4.351204351204351,-19.73306923454985
132,2020-03-25,NSE:SAFARI,175.0,184.5,160.0,182.725005,10504.0,8.845870439314972,4.351204351204351
133,2020-03-26,NSE:SAFARI,182.725005,200.975005,182.725005,199.375,6738.0,9.112050646817599,8.845870439314972
134,2020-03-27,NSE:SAFARI,218.475005,219.300005,189.024995,195.600005,9122.0,-1.8934144200626908,9.112050646817599
135,2020-03-30,NSE:SAFARI,186.5,197.5,180.0,188.375,5838.0,-3.693765243001916,-1.8934144200626908
136,2020-03-31,NSE:SAFARI,192.375,204.975005,180.5,200.774995,6262.0,6.582611811546113,-3.693765243001916
137,2020-04-01,NSE:SAFARI,200.774995,212.475005,196.024995,208.274995,7850.0,3.735524934267836,6.582611811546113
138,2020-04-03,NSE:SAFARI,208.274995,215.0,190.649995,203.574995,3698.0,-2.2566319110942668,3.735524934267836
139,2020-04-07,NSE:SAFARI,208.0,219.399995,191.125,207.225005,6874.0,1.7929559570909033,-2.2566319110942668
140,2020-04-08,NSE:SAFARI,205.0,224.5,193.074995,201.024995,5494.0,-2.9919217519140706,1.7929559570909033
141,2020-04-09,NSE:SAFARI,215.0,215.0,201.050005,212.324995,4770.0,5.621191533918462,-2.9919217519140706
142,2020-04-13,NSE:SAFARI,207.5,212.324995,200.625,202.800005,7880.0,-4.486042728977812,5.621191533918462
143,2020-04-15,NSE:SAFARI,202.0,210.0,195.524995,199.75,9550.0,-1.5039472015792104,-4.486042728977812
144,2020-04-16,NSE:SAFARI,202.175005,205.0,200.0,202.875,5244.0,1.5644555694618274,-1.5039472015792104
145,2020-04-17,NSE:SAFARI,204.875,214.949995,202.5,204.149995,9024.0,0.6284633394947577,1.5644555694618274
146,2020-04-20,NSE:SAFARI,212.449995,214.5,200.5,204.149995,3756.0,0.0,0.6284633394947577
147,2020-04-21,NSE:SAFARI,208.5,208.5,190.125,199.100005,2480.0,-2.4736664823332375,0.0
148,2020-04-22,NSE:SAFARI,204.600005,204.600005,193.0,197.0,5378.0,-1.054748843426704,-2.4736664823332375
149,2020-04-23,NSE:SAFARI,204.475005,204.475005,192.524995,194.850005,7078.0,-1.0913680203045635,-1.054748843426704
150,2020-04-24,NSE:SAFARI,198.0,198.0,187.0,187.475005,6064.0,-3.784962694766161,-1.0913680203045635
151,2020-04-27,NSE:SAFARI,200.0,200.0,179.0,182.675005,7026.0,-2.5603413105656463,-3.784962694766161
152,2020-04-28,NSE:SAFARI,187.050005,192.0,180.774995,186.625,5760.0,2.1623073173037555,-2.5603413105656463
153,2020-04-29,NSE:SAFARI,185.074995,194.949995,185.074995,189.550005,5472.0,1.5673168117883451,2.1623073173037555
154,2020-04-30,NSE:SAFARI,192.0,194.975005,190.0,191.649995,4686.0,1.1078817961518868,1.5673168117883451
155,2020-05-04,NSE:SAFARI,192.5,193.949995,181.0,184.149995,5998.0,-3.91338387459911,1.1078817961518868
156,2020-05-05,NSE:SAFARI,185.149995,188.274995,177.0,178.175005,4226.0,-3.2446321814996475,-3.91338387459911
157,2020-05-06,NSE:SAFARI,177.524995,181.475005,167.0,168.0,10446.0,-5.710680350479013,-3.2446321814996475
158,2020-05-07,NSE:SAFARI,169.899995,172.975005,161.024995,170.899995,164724.0,1.726187499999994,-5.710680350479013
159,2020-05-08,NSE:SAFARI,173.949995,181.0,170.024995,170.074995,8152.0,-0.4827384576576428,1.726187499999994
160,2020-05-11,NSE:SAFARI,174.5,174.5,166.5,169.350005,6460.0,-0.42627665518966573,-0.4827384576576428
161,2020-05-12,NSE:SAFARI,166.5,170.949995,162.5,169.774995,4894.0,0.25095363888532496,-0.42627665518966573
162,2020-05-13,NSE:SAFARI,171.0,177.5,166.0,168.600005,52688.0,-0.6920866055687293,0.25095363888532496
163,2020-05-14,NSE:SAFARI,168.125,170.0,165.0,165.975005,5458.0,-1.5569394556067775,-0.6920866055687293
164,2020-05-15,NSE:SAFARI,163.524995,169.475005,163.5,167.949995,4652.0,1.189932182860902,-1.5569394556067775
165,2020-05-18,NSE:SAFARI,172.899995,172.899995,165.0,168.949995,38394.0,0.5954153198992355,1.189932182860902
166,2020-05-19,NSE:SAFARI,168.949995,175.5,164.5,169.875,6900.0,0.5475022357946793,0.5954153198992355
167,2020-05-20,NSE:SAFARI,171.975005,172.5,167.875,169.824995,3920.0,-0.02943635025754157,0.5475022357946793
168,2020-05-21,NSE:SAFARI,170.25,170.550005,168.149995,169.824995,15078.0,0.0,-0.02943635025754157
169,2020-05-22,NSE:SAFARI,170.975005,170.975005,163.375,164.875,7424.0,-2.914762341079416,0.0
170,2020-05-26,NSE:SAFARI,167.75,169.5,162.475005,163.949995,4960.0,-0.5610341167551168,-2.914762341079416
171,2020-05-27,NSE:SAFARI,161.75,169.5,161.75,166.550005,12782.0,1.5858554920968417,-0.5610341167551168
172,2020-05-28,NSE:SAFARI,166.550005,167.5,160.125,161.649995,21430.0,-2.9420653574882865,1.5858554920968417
173,2020-05-29,NSE:SAFARI,163.0,163.0,157.0,159.225005,26590.0,-1.5001485153154381,-2.9420653574882865
174,2020-06-01,NSE:SAFARI,165.0,175.125,162.5,175.125,61342.0,9.985865599438975,-1.5001485153154381
175,2020-06-02,NSE:SAFARI,180.125,192.625,179.0,192.625,38276.0,9.992862241256246,9.985865599438975
176,2020-06-03,NSE:SAFARI,211.875,211.875,205.024995,211.875,20158.0,9.9935107073329,9.992862241256246
177,2020-06-04,NSE:SAFARI,231.5,231.5,191.199995,200.725005,236264.0,-5.262534513274331,9.9935107073329
178,2020-06-05,NSE:SAFARI,202.5,209.675005,200.0,201.675005,59506.0,0.4732843324627087,-5.262534513274331
179,2020-06-08,NSE:SAFARI,205.0,207.949995,195.0,197.925005,35268.0,-1.859427250293114,0.4732843324627087
180,2020-06-09,NSE:SAFARI,200.0,200.0,185.050005,192.225005,25886.0,-2.8798786691959353,-1.859427250293114
181,2020-06-10,NSE:SAFARI,190.725005,192.5,185.0,189.75,17714.0,-1.287556215696293,-2.8798786691959353
182,2020-06-11,NSE:SAFARI,189.975005,197.5,176.975005,182.350005,32848.0,-3.899865612648216,-1.287556215696293
183,2020-06-12,NSE:SAFARI,169.274995,187.5,169.274995,183.225005,28002.0,0.4798464359789844,-3.899865612648216
184,2020-06-15,NSE:SAFARI,190.0,190.0,178.0,181.850005,28476.0,-0.750443423374446,0.4798464359789844
185,2020-06-16,NSE:SAFARI,184.899995,184.949995,175.024995,181.824995,25124.0,-0.013753092830549473,-0.750443423374446
186,2020-06-17,NSE:SAFARI,179.0,182.949995,178.050005,181.199995,17116.0,-0.3437371193107966,-0.013753092830549473
187,2020-06-18,NSE:SAFARI,182.475005,184.0,178.100005,180.649995,18950.0,-0.3035320172056359,-0.3437371193107966
188,2020-06-19,NSE:SAFARI,184.0,190.0,181.25,184.800005,31874.0,2.2972654939735864,-0.3035320172056359
189,2020-06-22,NSE:SAFARI,185.0,190.0,185.0,187.125,26502.0,1.2581141434492933,2.2972654939735864
190,2020-06-23,NSE:SAFARI,188.199995,190.5,183.449995,188.5,15736.0,0.7348029392117569,1.2581141434492933
191,2020-06-24,NSE:SAFARI,190.0,194.524995,184.0,184.625,20536.0,-2.0557029177718835,0.7348029392117569
192,2020-06-25,NSE:SAFARI,183.5,188.0,179.600005,186.125,9574.0,0.8124576844955992,-2.0557029177718835
193,2020-06-26,NSE:SAFARI,184.074995,195.399995,182.899995,192.175005,28476.0,3.2505063801208856,0.8124576844955992
194,2020-06-29,NSE:SAFARI,192.0,193.699995,183.175005,186.024995,10654.0,-3.200213263946583,3.2505063801208856
195,2020-06-30,NSE:SAFARI,186.100005,188.0,182.0,183.0,9804.0,-1.626122876659661,-3.200213263946583
196,2020-07-01,NSE:SAFARI,185.899995,188.5,181.5,185.625,16124.0,1.4344262295081966,-1.626122876659661
197,2020-07-02,NSE:SAFARI,186.5,188.899995,185.0,187.050005,14300.0,0.7676794612794605,1.4344262295081966
198,2020-07-03,NSE:SAFARI,189.975005,193.0,187.5,189.824995,17990.0,1.4835551594879683,0.7676794612794605
199,2020-07-06,NSE:SAFARI,194.0,194.0,189.524995,190.675005,8194.0,0.4477861305883335,1.4835551594879683
200,2020-07-07,NSE:SAFARI,190.0,192.5,184.5,189.125,23946.0,-0.8129041349703905,0.4477861305883335
201,2020-07-08,NSE:SAFARI,191.0,192.5,184.975005,186.399995,24550.0,-1.4408486450760132,-0.8129041349703905
202,2020-07-09,NSE:SAFARI,185.875,191.0,181.25,187.574995,10680.0,0.6303648237758865,-1.4408486450760132
203,2020-07-10,NSE:SAFARI,187.5,188.399995,186.449995,187.475005,19638.0,-0.0533066787500067,0.6303648237758865
204,2020-07-13,NSE:SAFARI,189.800005,189.800005,183.475005,184.25,18818.0,-1.7202319850584937,-0.0533066787500067
205,2020-07-14,NSE:SAFARI,183.75,186.824995,177.5,183.399995,23536.0,-0.46133242876527003,-1.7202319850584937
206,2020-07-15,NSE:SAFARI,184.800005,186.699995,181.25,182.399995,6450.0,-0.5452562853123306,-0.46133242876527003
207,2020-07-16,NSE:SAFARI,180.125,182.324995,178.524995,180.925005,12330.0,-0.808656820412737,-0.5452562853123306
208,2020-07-17,NSE:SAFARI,181.625,187.949995,180.074995,183.425005,12790.0,1.3817879955288657,-0.808656820412737
209,2020-07-20,NSE:SAFARI,183.225005,185.475005,179.949995,184.0,10154.0,0.31347688936958257,1.3817879955288657
210,2020-07-21,NSE:SAFARI,184.300005,187.5,182.274995,186.199995,8526.0,1.19564945652174,0.31347688936958257
211,2020-07-22,NSE:SAFARI,187.0,195.850005,182.600005,193.274995,31296.0,3.7996778678753396,1.19564945652174
212,2020-07-23,NSE:SAFARI,196.5,200.0,193.0,193.625,14402.0,0.18109171339003793,3.7996778678753396
213,2020-07-24,NSE:SAFARI,192.5,196.0,187.5,192.375,11340.0,-0.6455777921239509,0.18109171339003793
214,2020-07-27,NSE:SAFARI,189.024995,192.375,185.625,187.324995,16940.0,-2.6250838206627676,-0.6455777921239509
215,2020-07-28,NSE:SAFARI,187.324995,192.649995,185.625,187.050005,16474.0,-0.14679834904039502,-2.6250838206627676
216,2020-07-29,NSE:SAFARI,187.625,189.0,183.524995,185.524995,9330.0,-0.8152953537745209,-0.14679834904039502
217,2020-07-30,NSE:SAFARI,186.5,189.0,180.050005,184.125,11998.0,-0.7546126062420807,-0.8152953537745209
218,2020-07-31,NSE:SAFARI,183.649995,185.725005,181.0,182.800005,7574.0,-0.7196171079429742,-0.7546126062420807
219,2020-08-03,NSE:SAFARI,182.800005,185.449995,161.949995,180.274995,23320.0,-1.381296461124281,-0.7196171079429742
220,2020-08-04,NSE:SAFARI,180.274995,186.149995,177.475005,185.0,11480.0,2.6209985472472264,-1.381296461124281
221,2020-08-05,NSE:SAFARI,186.300005,187.800005,181.524995,182.524995,8826.0,-1.337840540540546,2.6209985472472264
222,2020-08-06,NSE:SAFARI,185.949995,185.949995,177.774995,181.074995,19578.0,-0.7944117461830302,-1.337840540540546
223,2020-08-07,NSE:SAFARI,179.5,182.5,178.899995,180.125,26432.0,-0.5246417375298016,-0.7944117461830302
224,2020-08-10,NSE:SAFARI,181.649995,183.475005,179.0,180.225005,39688.0,0.05551977793199729,-0.5246417375298016
225,2020-08-11,NSE:SAFARI,182.475005,182.475005,180.024995,180.675005,12050.0,0.24968788321020635,0.05551977793199729
226,2020-08-12,NSE:SAFARI,180.649995,181.25,179.25,179.949995,35380.0,-0.4012785277078019,0.24968788321020635
227,2020-08-13,NSE:SAFARI,181.25,182.5,179.0,179.725005,167562.0,-0.12502917824476245,-0.4012785277078019
228,2020-08-14,NSE:SAFARI,181.449995,182.449995,178.774995,179.925005,21418.0,0.11128112084347341,-0.12502917824476245
229,2020-08-17,NSE:SAFARI,181.399995,181.399995,171.975005,180.175005,22744.0,0.1389467795207231,0.11128112084347341
230,2020-08-18,NSE:SAFARI,180.0,186.475005,177.5,179.824995,335826.0,-0.19426112961672876,0.1389467795207231
231,2020-08-19,NSE:SAFARI,179.125,180.975005,178.550005,179.899995,55238.0,0.041707216507910164,-0.19426112961672876
232,2020-08-20,NSE:SAFARI,179.100005,189.199995,175.274995,186.475005,490488.0,3.654813887015406,0.041707216507910164
233,2020-08-21,NSE:SAFARI,188.5,198.0,182.524995,185.975005,384798.0,-0.2681324502444711,3.654813887015406
234,2020-08-24,NSE:SAFARI,187.350005,215.875,187.050005,208.225005,582240.0,11.963973330717211,-0.2681324502444711
235,2020-08-25,NSE:SAFARI,212.5,217.350005,198.149995,201.975005,224784.0,-3.0015607395471067,11.963973330717211
236,2020-08-26,NSE:SAFARI,203.475005,242.350005,197.024995,215.600005,825734.0,6.745884224634627,-3.0015607395471067
237,2020-08-27,NSE:SAFARI,218.5,223.0,205.125,212.199995,130108.0,-1.5769990357838855,6.745884224634627
238,2020-08-28,NSE:SAFARI,214.975005,216.850005,208.25,212.050005,95948.0,-0.07068331929037157,-1.5769990357838855
239,2020-08-31,NSE:SAFARI,219.5,219.5,193.975005,200.975005,127610.0,-5.2228246823196205,-0.07068331929037157
240,2020-09-01,NSE:SAFARI,200.975005,209.5,199.399995,207.699995,72098.0,3.3461822777414487,-5.2228246823196205
241,2020-09-02,NSE:SAFARI,208.300005,210.399995,202.550005,203.75,27476.0,-1.9017790539667567,3.3461822777414487
242,2020-09-03,NSE:SAFARI,205.0,205.0,198.5,200.225005,35914.0,-1.7300588957055167,-1.9017790539667567
243,2020-09-04,NSE:SAFARI,197.0,209.5,195.25,201.300005,51832.0,0.5368959786016679,-1.7300588957055167
244,2020-09-07,NSE:SAFARI,201.5,202.399995,195.375,197.800005,27108.0,-1.7386984168231887,0.5368959786016679
245,2020-09-08,NSE:SAFARI,199.5,205.0,193.550005,196.074995,45856.0,-0.8720980568225959,-1.7386984168231887
246,2020-09-09,NSE:SAFARI,192.5,198.475005,190.149995,193.274995,35178.0,-1.4280250268526138,-0.8720980568225959
247,2020-09-10,NSE:SAFARI,193.225005,200.149995,189.0,193.024995,24118.0,-0.12934937600179475,-1.4280250268526138
248,2020-09-11,NSE:SAFARI,193.100005,196.0,185.5,190.574995,32796.0,-1.2692656720441768,-0.12934937600179475
249,2020-09-14,NSE:SAFARI,194.5,207.0,188.774995,204.300005,70894.0,7.201894456300523,-1.2692656720441768
250,2020-09-15,NSE:SAFARI,205.0,207.0,200.5,202.649995,13874.0,-0.8076407046588222,7.201894456300523
251,2020-09-16,NSE:SAFARI,204.0,205.475005,200.524995,202.774995,17800.0,0.06168270569165324,-0.8076407046588222
252,2020-09-17,NSE:SAFARI,203.449995,203.449995,198.5,200.399995,14992.0,-1.1712489500986056,0.06168270569165324
253,2020-09-18,NSE:SAFARI,203.0,205.0,197.5,198.75,30136.0,-0.8233508189458737,-1.1712489500986056
254,2020-09-21,NSE:SAFARI,198.975005,201.125,186.024995,189.074995,29018.0,-4.867927044025157,-0.8233508189458737
255,2020-09-22,NSE:SAFARI,189.274995,191.975005,178.774995,187.274995,29616.0,-0.9520031985191968,-4.867927044025157
256,2020-09-23,NSE:SAFARI,193.25,196.375,178.0,194.625,39106.0,3.924712426237155,-0.9520031985191968
257,2020-09-24,NSE:SAFARI,192.975005,195.725005,186.524995,193.899995,29194.0,-0.37251380860629935,3.924712426237155
258,2020-09-25,NSE:SAFARI,195.0,197.975005,191.5,196.425005,19290.0,1.3022228288350441,-0.37251380860629935
259,2020-09-28,NSE:SAFARI,198.0,198.0,195.0,196.475005,9222.0,0.025455007624926047,1.3022228288350441
260,2020-09-29,NSE:SAFARI,197.5,198.5,194.199995,195.425005,13202.0,-0.5344191236946457,0.025455007624926047
261,2020-09-30,NSE:SAFARI,195.0,197.975005,194.949995,196.074995,16920.0,0.3326032919891712,-0.5344191236946457
262,2020-10-01,NSE:SAFARI,195.199995,203.600005,195.199995,202.475005,30846.0,3.264062304323919,0.3326032919891712
263,2020-10-05,NSE:SAFARI,204.5,205.0,198.625,203.925005,10788.0,0.716137777104877,3.264062304323919
264,2020-10-06,NSE:SAFARI,198.550005,206.5,198.550005,201.925005,9694.0,-0.9807527036716267,0.716137777104877
265,2020-10-07,NSE:SAFARI,201.074995,201.824995,198.75,200.225005,12484.0,-0.8418967229937614,-0.9807527036716267
266,2020-10-08,NSE:SAFARI,204.550005,204.550005,198.649995,199.899995,10958.0,-0.16232238326078216,-0.8418967229937614
267,2020-10-09,NSE:SAFARI,202.5,210.0,198.0,204.975005,46158.0,2.538774450694719,-0.16232238326078216
268,2020-10-12,NSE:SAFARI,206.850005,206.850005,199.0,200.050005,14796.0,-2.402731981882382,2.538774450694719
269,2020-10-13,NSE:SAFARI,204.649995,206.524995,200.074995,203.850005,32510.0,1.8995250712440677,-2.402731981882382
270,2020-10-14,NSE:SAFARI,204.5,208.449995,203.574995,205.574995,26454.0,0.8462055225360388,1.8995250712440677
271,2020-10-15,NSE:SAFARI,208.5,208.5,203.375,205.050005,21600.0,-0.2553763895263636,0.8462055225360388
272,2020-10-16,NSE:SAFARI,208.5,208.5,204.625,205.050005,38764.0,0.0,-0.2553763895263636
273,2020-10-19,NSE:SAFARI,205.199995,207.475005,201.975005,203.975005,12902.0,-0.524262362246706,0.0
274,2020-10-20,NSE:SAFARI,202.625,206.899995,202.600005,203.824995,9410.0,-0.0735433245852887,-0.524262362246706
275,2020-10-21,NSE:SAFARI,207.975005,207.975005,203.550005,204.899995,16654.0,0.5274132350647126,-0.0735433245852887
276,2020-10-22,NSE:SAFARI,203.100005,210.875,203.100005,209.350005,25848.0,2.1717960510443257,0.5274132350647126
277,2020-10-23,NSE:SAFARI,206.0,213.5,206.0,209.399995,15098.0,0.023878671509933697,2.1717960510443257
278,2020-10-26,NSE:SAFARI,206.824995,213.0,206.350005,209.274995,11678.0,-0.05969436627732489,0.023878671509933697
279,2020-10-27,NSE:SAFARI,205.524995,212.699995,203.199995,209.75,9588.0,0.22697647179492714,-0.05969436627732489
280,2020-10-28,NSE:SAFARI,210.949995,210.949995,205.0,206.524995,12630.0,-1.5375470798569773,0.22697647179492714
281,2020-10-29,NSE:SAFARI,206.524995,210.399995,202.625,205.949995,11304.0,-0.2784166633196087,-1.5375470798569773
282,2020-10-30,NSE:SAFARI,209.899995,209.899995,205.0,206.149995,5852.0,0.09711095161715767,-0.2784166633196087
283,2020-11-02,NSE:SAFARI,205.350005,217.0,204.25,212.449995,42986.0,3.0560272388073604,0.09711095161715767
284,2020-11-03,NSE:SAFARI,215.975005,219.024995,208.050005,215.425005,40022.0,1.400334229238272,3.0560272388073604
285,2020-11-04,NSE:SAFARI,217.0,237.5,214.75,231.649995,125660.0,7.5316187180777785,1.400334229238272
286,2020-11-05,NSE:SAFARI,236.300005,261.0,230.0,250.375,88422.0,8.083317679329115,7.5316187180777785
287,2020-11-06,NSE:SAFARI,250.0,253.824995,231.050005,233.774995,54044.0,-6.630056914628062,8.083317679329115
288,2020-11-09,NSE:SAFARI,233.824995,236.425005,227.175005,229.475005,19802.0,-1.8393712295876556,-6.630056914628062
289,2020-11-10,NSE:SAFARI,235.0,237.5,220.625,226.5,67196.0,-1.2964396710657051,-1.8393712295876556
290,2020-11-11,NSE:SAFARI,228.475005,232.975005,225.600005,228.199995,24420.0,0.7505496688741727,-1.2964396710657051
291,2020-11-12,NSE:SAFARI,225.5,232.324995,225.024995,230.850005,11234.0,1.1612664583976038,0.7505496688741727
292,2020-11-13,NSE:SAFARI,232.475005,234.5,226.824995,230.875,8534.0,0.01082737685017156,1.1612664583976038
293,2020-11-14,NSE:SAFARI,232.399995,237.0,232.350005,235.949995,7150.0,2.1981570113697892,0.01082737685017156
294,2020-11-17,NSE:SAFARI,239.475005,241.0,235.125,240.074995,19878.0,1.7482517852988302,2.1981570113697892
295,2020-11-18,NSE:SAFARI,240.074995,265.0,237.5,257.524995,78038.0,7.2685620591182305,1.7482517852988302
296,2020-11-19,NSE:SAFARI,257.5,294.0,254.524995,273.774995,98810.0,6.310067106301662,7.2685620591182305
297,2020-11-20,NSE:SAFARI,275.0,283.975005,267.5,271.225005,24460.0,-0.9314181523407498,6.310067106301662
298,2020-11-23,NSE:SAFARI,273.975005,273.975005,260.024995,262.600005,21972.0,-3.180016532767692,-0.9314181523407498
299,2020-11-24,NSE:SAFARI,262.600005,268.75,254.5,260.875,20726.0,-0.6568945038672067,-3.180016532767692
300,2020-11-25,NSE:SAFARI,262.5,276.899995,260.20001,273.399995,19948.0,4.801148059415425,-0.6568945038672067
301,2020-11-26,NSE:SAFARI,277.5,277.5,266.5,267.95001,8776.0,-1.993410789930691,4.801148059415425
302,2020-11-27,NSE:SAFARI,273.5,277.475005,268.475005,270.57501,13800.0,0.9796603478387629,-1.993410789930691
303,2020-12-01,NSE:SAFARI,275.0,277.54999,264.0,265.20001,18104.0,-1.9865101363204234,0.9796603478387629
304,2020-12-02,NSE:SAFARI,272.0,272.0,257.0,260.774995,11532.0,-1.6685576293907494,-1.9865101363204234
305,2020-12-03,NSE:SAFARI,258.5,275.0,258.5,269.07501,10886.0,3.182826252187266,-1.6685576293907494
306,2020-12-04,NSE:SAFARI,275.0,275.07501,260.07501,265.725005,20990.0,-1.2450078511564524,3.182826252187266
307,2020-12-07,NSE:SAFARI,267.5,318.850005,265.475005,306.0,103444.0,15.156644742560072,-1.2450078511564524
308,2020-12-08,NSE:SAFARI,306.0,322.0,282.5,291.024995,69352.0,-4.893792483660134,15.156644742560072
309,2020-12-09,NSE:SAFARI,290.0,294.45001,277.524995,282.125,39308.0,-3.0581548502388913,-4.893792483660134
310,2020-12-10,NSE:SAFARI,284.0,289.0,276.0,277.70001,34896.0,-1.568450155073099,-3.0581548502388913
311,2020-12-11,NSE:SAFARI,278.0,284.5,273.024995,282.0,20184.0,1.5484299046298122,-1.568450155073099
312,2020-12-14,NSE:SAFARI,283.0,283.95001,270.024995,273.5,21838.0,-3.0141843971631204,1.5484299046298122
313,2020-12-15,NSE:SAFARI,275.5,278.70001,268.100005,270.79999,20844.0,-0.987206581352841,-3.0141843971631204
314,2020-12-16,NSE:SAFARI,274.0,275.45001,260.600005,272.82501,12290.0,0.7477917558268893,-0.987206581352841
315,2020-12-17,NSE:SAFARI,276.850005,280.0,271.0,274.725005,10808.0,0.6964152589969628,0.7477917558268893
316,2020-12-18,NSE:SAFARI,275.5,283.850005,274.17499,278.100005,15058.0,1.2285012061424843,0.6964152589969628
317,2020-12-21,NSE:SAFARI,282.5,282.5,247.550005,251.875,51832.0,-9.43006275746022,1.2285012061424843
318,2020-12-22,NSE:SAFARI,259.5,260.0,226.149995,254.824995,67122.0,1.1712138957816383,-9.43006275746022
319,2020-12-23,NSE:SAFARI,254.5,261.475005,254.5,257.375,11284.0,1.0006887275716414,1.1712138957816383
320,2020-12-24,NSE:SAFARI,258.5,267.475005,258.5,260.649995,15210.0,1.2724604176784808,1.0006887275716414
321,2020-12-28,NSE:SAFARI,260.649995,269.475005,258.774995,261.850005,19420.0,0.4603913382004938,1.2724604176784808
322,2020-12-29,NSE:SAFARI,264.5,269.79999,258.57501,262.274995,158200.0,0.16230284204118298,0.4603913382004938
323,2020-12-30,NSE:SAFARI,260.04999,267.17499,257.649995,262.850005,16260.0,0.2192393521921601,0.16230284204118298
324,2020-12-31,NSE:SAFARI,263.399995,263.399995,236.824995,258.975005,18604.0,-1.4742248150233057,0.2192393521921601
325,2021-01-01,NSE:SAFARI,253.5,268.5,253.5,264.524995,20874.0,2.143060099564427,-1.4742248150233057
326,2021-01-04,NSE:SAFARI,269.0,269.0,260.0,266.100005,21316.0,0.5954106529706277,2.143060099564427
327,2021-01-05,NSE:SAFARI,261.649995,266.100005,260.42499,263.07501,12936.0,-1.1367887798423717,0.5954106529706277
328,2021-01-06,NSE:SAFARI,264.475005,297.5,263.149995,280.29999,123166.0,6.547554630901642,-1.1367887798423717
329,2021-01-07,NSE:SAFARI,281.5,294.95001,275.0,277.100005,18820.0,-1.1416286529300161,6.547554630901642
330,2021-01-08,NSE:SAFARI,277.125,280.0,273.0,278.17499,15480.0,0.3879411694705562,-1.1416286529300161
331,2021-01-11,NSE:SAFARI,278.725005,285.95001,277.5,279.32501,16654.0,0.41341602996014865,0.3879411694705562
332,2021-01-12,NSE:SAFARI,278.5,285.875,277.82501,279.225005,24288.0,-0.03580237945753948,0.41341602996014865
333,2021-01-13,NSE:SAFARI,279.29999,285.5,277.5,277.67499,16682.0,-0.5551132499755995,-0.03580237945753948
334,2021-01-14,NSE:SAFARI,278.04999,281.07501,276.149995,277.899995,10798.0,0.08103178467747857,-0.5551132499755995
335,2021-01-15,NSE:SAFARI,273.25,279.95001,268.149995,274.92499,26356.0,-1.0705307857238393,0.08103178467747857
336,2021-01-18,NSE:SAFARI,271.70001,284.17499,266.25,269.875,35420.0,-1.8368610288937284,-1.0705307857238393
337,2021-01-19,NSE:SAFARI,268.774995,287.5,268.25,283.0,30072.0,4.863362667901806,-1.8368610288937284
338,2021-01-20,NSE:SAFARI,283.0,285.0,276.524995,280.149995,11910.0,-1.0070689045936432,4.863362667901806
339,2021-01-21,NSE:SAFARI,281.5,287.149995,279.0,283.125,18308.0,1.0619329120459238,-1.0070689045936432
340,2021-01-22,NSE:SAFARI,281.625,283.67499,267.5,274.70001,31004.0,-2.9757139072847614,1.0619329120459238
341,2021-01-25,NSE:SAFARI,281.0,282.92499,268.04999,270.57501,10284.0,-1.5016380960452094,-2.9757139072847614
342,2021-01-27,NSE:SAFARI,267.5,270.875,263.17499,264.274995,7848.0,-2.328380215157353,-1.5016380960452094
343,2021-01-28,NSE:SAFARI,262.475005,275.0,261.024995,272.79999,20904.0,3.225804620675517,-2.328380215157353
344,2021-01-29,NSE:SAFARI,273.524995,276.725005,268.04999,274.95001,11526.0,0.7881305274241545,3.225804620675517
345,2021-02-01,NSE:SAFARI,272.524995,280.0,267.79999,277.82501,18572.0,1.0456446246355837,0.7881305274241545
346,2021-02-02,NSE:SAFARI,277.82501,282.5,272.04999,275.625,10582.0,-0.791868953770584,1.0456446246355837
347,2021-02-03,NSE:SAFARI,276.95001,280.25,273.29999,278.29999,12986.0,0.9705179138321923,-0.791868953770584
348,2021-02-04,NSE:SAFARI,277.5,282.5,275.0,276.70001,19126.0,-0.5749119861628308,0.9705179138321923
349,2021-02-05,NSE:SAFARI,277.5,282.5,275.125,278.17499,12854.0,0.5330610577137166,-0.5749119861628308
350,2021-02-08,NSE:SAFARI,282.5,282.5,276.20001,281.42499,13784.0,1.1683293311163596,0.5330610577137166
351,2021-02-09,NSE:SAFARI,281.42499,282.5,276.600005,281.399995,7628.0,-0.008881585107274903,1.1683293311163596
352,2021-02-10,NSE:SAFARI,278.67499,281.75,276.0,277.67499,4398.0,-1.3237402509548766,-0.008881585107274903
353,2021-02-11,NSE:SAFARI,277.524995,282.5,272.04999,274.125,8632.0,-1.278469479732395,-1.3237402509548766
354,2021-02-12,NSE:SAFARI,275.0,280.0,259.274995,272.0,75718.0,-0.7751937984496124,-1.278469479732395
355,2021-02-15,NSE:SAFARI,277.524995,309.475005,277.524995,293.774995,112254.0,8.005512867647054,-0.7751937984496124
356,2021-02-16,NSE:SAFARI,315.0,325.0,291.274995,295.32501,256938.0,0.5276197860202604,8.005512867647054
357,2021-02-17,NSE:SAFARI,294.399995,315.0,291.0,306.600005,100522.0,3.8178259944865447,0.5276197860202604
358,2021-02-18,NSE:SAFARI,310.0,312.45001,301.100005,303.5,46012.0,-1.0110909815542926,3.8178259944865447
359,2021-02-19,NSE:SAFARI,307.95001,312.475005,297.225005,303.32501,42386.0,-0.05765733113673139,-1.0110909815542926
360,2021-02-22,NSE:SAFARI,312.399995,312.399995,303.100005,305.95001,31024.0,0.8654083618096642,-0.05765733113673139
361,2021-02-23,NSE:SAFARI,308.375,312.5,304.54999,306.57501,34136.0,0.20428173870626773,0.8654083618096642
362,2021-02-24,NSE:SAFARI,311.0,317.0,287.5,305.524995,6552.0,-0.3424985617712384,0.20428173870626773
363,2021-02-25,NSE:SAFARI,307.29999,338.0,306.25,318.125,69636.0,4.124050472531718,-0.3424985617712384
364,2021-02-26,NSE:SAFARI,308.024995,322.82501,308.024995,318.774995,31834.0,0.20432062868369033,4.124050472531718
365,2021-03-01,NSE:SAFARI,311.5,330.95001,311.5,325.29999,17384.0,2.04689674608888,0.20432062868369033
366,2021-03-02,NSE:SAFARI,330.0,342.0,325.07501,334.350005,34684.0,2.7820520375669333,2.04689674608888
367,2021-03-03,NSE:SAFARI,334.0,342.5,334.0,340.5,19548.0,1.8393883379783378,2.7820520375669333
368,2021-03-04,NSE:SAFARI,340.0,349.92499,337.024995,339.125,23174.0,-0.4038179148311307,1.8393883379783378
369,2021-03-05,NSE:SAFARI,340.399995,354.850005,338.024995,341.42499,40970.0,0.6782130482860242,-0.4038179148311307
370,2021-03-08,NSE:SAFARI,342.5,349.975005,327.774995,330.850005,27058.0,-3.0973084307624847,0.6782130482860242
371,2021-03-09,NSE:SAFARI,334.725005,338.75,325.0,326.625,24460.0,-1.277015244415671,-3.0973084307624847
372,2021-03-10,NSE:SAFARI,327.5,332.399995,325.0,325.17499,18316.0,-0.443937236892467,-1.277015244415671
373,2021-03-12,NSE:SAFARI,327.25,330.0,325.0,325.17499,14154.0,0.0,-0.443937236892467
374,2021-03-15,NSE:SAFARI,325.524995,341.67499,325.524995,331.975005,21068.0,2.091186348618026,0.0
375,2021-03-16,NSE:SAFARI,342.475005,365.0,330.07501,347.54999,78634.0,4.691613755680181,2.091186348618026
376,2021-03-17,NSE:SAFARI,357.0,357.5,325.04999,331.67499,38458.0,-4.567688233856661,4.691613755680181
377,2021-03-18,NSE:SAFARI,340.92499,340.95001,325.0,326.17499,43116.0,-1.6582498427150025,-4.567688233856661
378,2021-03-19,NSE:SAFARI,326.17499,329.07501,306.82501,325.774995,21282.0,-0.12263202644690506,-1.6582498427150025
379,2021-03-22,NSE:SAFARI,325.899995,331.17499,311.100005,313.149995,530998.0,-3.8753741673758606,-0.12263202644690506
380,2021-03-23,NSE:SAFARI,315.975005,322.5,310.274995,315.54999,32716.0,0.7664042913364856,-3.8753741673758606
381,2021-03-24,NSE:SAFARI,315.850005,315.850005,303.625,305.875,15708.0,-3.0660720350521897,0.7664042913364856
382,2021-03-25,NSE:SAFARI,303.0,310.82501,292.5,308.42499,31820.0,0.8336706170821347,-3.0660720350521897
383,2021-03-26,NSE:SAFARI,314.70001,314.70001,303.625,306.350005,68854.0,-0.6727681177844798,0.8336706170821347
384,2021-03-30,NSE:SAFARI,306.350005,306.350005,297.5,299.274995,16430.0,-2.309453202065402,-0.6727681177844798
385,2021-03-31,NSE:SAFARI,301.0,304.899995,298.0,303.125,15024.0,1.2864439275991002,-2.309453202065402
386,2021-04-01,NSE:SAFARI,303.100005,314.725005,302.54999,307.875,9880.0,1.5670103092783505,1.2864439275991002
387,2021-04-05,NSE:SAFARI,304.20001,308.399995,295.0,300.0,20796.0,-2.5578562728380025,1.5670103092783505
388,2021-04-06,NSE:SAFARI,302.25,319.850005,289.5,310.5,28076.0,3.5000000000000004,-2.5578562728380025
389,2021-04-07,NSE:SAFARI,319.5,320.0,309.07501,315.67499,17722.0,1.666663446054744,3.5000000000000004
390,2021-04-08,NSE:SAFARI,310.274995,323.25,310.0,311.399995,14174.0,-1.3542393713230148,1.666663446054744
391,2021-04-09,NSE:SAFARI,315.0,315.0,305.024995,308.149995,10460.0,-1.0436737482927707,-1.3542393713230148
392,2021-04-12,NSE:SAFARI,307.5,307.5,285.0,294.225005,43850.0,-4.518899959742002,-1.0436737482927707
393,2021-04-13,NSE:SAFARI,291.024995,296.625,278.42499,281.54999,44064.0,-4.307932631354712,-4.518899959742002
394,2021-04-15,NSE:SAFARI,283.5,286.350005,271.024995,280.375,26828.0,-0.417329086035478,-4.307932631354712
395,2021-04-16,NSE:SAFARI,284.5,287.5,276.82501,286.725005,13118.0,2.264825679893004,-0.417329086035478
396,2021-04-19,NSE:SAFARI,284.5,287.475005,272.024995,281.70001,15936.0,-1.7525485787331276,2.264825679893004
397,2021-04-20,NSE:SAFARI,283.125,292.875,278.0,287.54999,24416.0,2.0766701428231964,-1.7525485787331276
398,2021-04-22,NSE:SAFARI,285.92499,299.75,285.82501,293.125,13306.0,1.9387967984279952,2.0766701428231964
399,2021-04-23,NSE:SAFARI,299.20001,299.20001,288.0,291.274995,22374.0,-0.6311317697228179,1.9387967984279952
400,2021-04-26,NSE:SAFARI,290.0,307.5,290.0,302.92499,18058.0,3.9996550338967443,-0.6311317697228179
401,2021-04-27,NSE:SAFARI,302.92499,312.5,300.70001,305.625,32534.0,0.8913130607019317,3.9996550338967443
402,2021-04-28,NSE:SAFARI,305.07501,312.45001,301.125,305.70001,7496.0,0.024543149284260195,0.8913130607019317
403,2021-04-29,NSE:SAFARI,305.725005,307.57501,296.649995,300.625,8222.0,-1.660127521749188,0.024543149284260195
404,2021-04-30,NSE:SAFARI,302.5,312.5,295.0,309.82501,172334.0,3.0602943866943932,-1.660127521749188
405,2021-05-03,NSE:SAFARI,305.17499,309.350005,300.04999,304.975005,10942.0,-1.5654013857693445,3.0602943866943932
406,2021-05-04,NSE:SAFARI,315.92499,315.92499,303.625,305.79999,10124.0,0.2705090536845699,-1.5654013857693445
407,2021-05-05,NSE:SAFARI,305.899995,306.92499,295.25,301.274995,48616.0,-1.4797237239935783,0.2705090536845699
408,2021-05-06,NSE:SAFARI,304.149995,311.725005,300.5,304.54999,10246.0,1.0870450765421107,-1.4797237239935783
409,2021-05-07,NSE:SAFARI,308.0,308.0,294.29999,299.725005,112124.0,-1.5842998385913494,1.0870450765421107
410,2021-05-10,NSE:SAFARI,302.5,306.024995,296.0,298.0,12940.0,-0.5755292255312533,-1.5842998385913494
411,2021-05-11,NSE:SAFARI,296.5,301.524995,295.975005,300.04999,20050.0,0.6879161073825435,-0.5755292255312533
412,2021-05-12,NSE:SAFARI,297.70001,302.350005,295.524995,296.04999,10930.0,-1.3331111925716113,0.6879161073825435
413,2021-05-14,NSE:SAFARI,300.0,304.0,288.0,292.5,17728.0,-1.1991184326673952,-1.3331111925716113
414,2021-05-17,NSE:SAFARI,296.725005,307.274995,293.850005,294.350005,27950.0,0.6324803418803453,-1.1991184326673952
415,2021-05-18,NSE:SAFARI,298.29999,299.475005,289.0,290.17499,14048.0,-1.4183845520913207,0.6324803418803453
416,2021-05-19,NSE:SAFARI,292.975005,297.5,283.5,289.475005,104004.0,-0.24122857728020244,-1.4183845520913207
417,2021-05-20,NSE:SAFARI,292.774995,293.975005,284.54999,290.79999,32106.0,0.4577200024575419,-0.24122857728020244
418,2021-05-21,NSE:SAFARI,293.45001,319.75,292.100005,309.29999,144812.0,6.361760879015161,0.4577200024575419
419,2021-05-24,NSE:SAFARI,308.5,312.25,301.20001,303.95001,21826.0,-1.7297058431847863,6.361760879015161
420,2021-05-25,NSE:SAFARI,306.600005,315.600005,305.95001,310.725005,23780.0,2.22898331209135,-1.7297058431847863
421,2021-05-26,NSE:SAFARI,310.475005,315.0,305.024995,306.70001,22732.0,-1.295356001362037,2.22898331209135
422,2021-05-27,NSE:SAFARI,308.0,312.875,300.524995,303.475005,14224.0,-1.0515177355227376,-1.295356001362037
423,2021-05-28,NSE:SAFARI,306.0,310.0,301.524995,307.95001,6844.0,1.4745876682661263,-1.0515177355227376
424,2021-05-31,NSE:SAFARI,310.0,313.5,298.274995,306.07501,17922.0,-0.6088650557277137,1.4745876682661263
425,2021-06-01,NSE:SAFARI,310.0,352.5,305.25,341.149995,134020.0,11.459604297652385,-0.6088650557277137
426,2021-06-02,NSE:SAFARI,344.0,345.0,327.5,337.29999,67210.0,-1.1285373168479778,11.459604297652385
427,2021-06-03,NSE:SAFARI,348.0,358.92499,337.32501,340.350005,112296.0,0.9042440232506471,-1.1285373168479778
428,2021-06-04,NSE:SAFARI,340.350005,349.57501,332.92499,339.024995,31624.0,-0.3893080595077471,0.9042440232506471
429,2021-06-07,NSE:SAFARI,342.024995,349.5,335.625,339.375,26938.0,0.10323870073355804,-0.3893080595077471
430,2021-06-08,NSE:SAFARI,339.375,342.875,334.5,335.45001,17064.0,-1.1565348066298282,0.10323870073355804
431,2021-06-09,NSE:SAFARI,334.0,339.725005,321.07501,326.375,25210.0,-2.705324110737102,-1.1565348066298282
432,2021-06-10,NSE:SAFARI,332.95001,345.0,332.07501,342.32501,30146.0,4.887019532746081,-2.705324110737102
433,2021-06-11,NSE:SAFARI,350.0,352.774995,340.024995,340.975005,48432.0,-0.39436353189619716,4.887019532746081
434,2021-06-14,NSE:SAFARI,341.5,349.475005,325.25,342.5,37356.0,0.4472453926644828,-0.39436353189619716
435,2021-06-15,NSE:SAFARI,339.0,352.5,337.5,339.70001,42816.0,-0.8175153284671474,0.4472453926644828
436,2021-06-16,NSE:SAFARI,344.95001,344.95001,333.850005,337.32501,12030.0,-0.6991462849824467,-0.8175153284671474
437,2021-06-17,NSE:SAFARI,336.0,341.875,330.57501,332.850005,26124.0,-1.3266152426705657,-0.6991462849824467
438,2021-06-18,NSE:SAFARI,333.125,342.0,325.0,336.54999,16294.0,1.1116073139310811,-1.3266152426705657
439,2021-06-21,NSE:SAFARI,335.0,345.0,326.274995,330.04999,17318.0,-1.9313624106778313,1.1116073139310811
440,2021-06-22,NSE:SAFARI,339.5,339.5,324.100005,326.899995,18322.0,-0.9543993623511366,-1.9313624106778313
441,2021-06-23,NSE:SAFARI,329.024995,329.92499,323.0,323.975005,11478.0,-0.8947659971668033,-0.9543993623511366
442,2021-06-24,NSE:SAFARI,326.25,326.25,321.149995,322.0,6122.0,-0.6096164733449144,-0.8947659971668033
443,2021-06-25,NSE:SAFARI,323.70001,335.975005,321.125,325.125,26358.0,0.9704968944099378,-0.6096164733449144
444,2021-06-28,NSE:SAFARI,327.42499,329.5,321.54999,322.649995,8010.0,-0.7612472126105375,0.9704968944099378
445,2021-06-29,NSE:SAFARI,322.649995,332.0,322.649995,327.92499,12386.0,1.634896972491814,-0.7612472126105375
446,2021-06-30,NSE:SAFARI,329.5,331.975005,325.67499,329.17499,13360.0,0.38118473374048134,1.634896972491814
447,2021-07-01,NSE:SAFARI,329.5,345.0,328.5,330.774995,17386.0,0.4860651776734345,0.38118473374048134
448,2021-07-02,NSE:SAFARI,331.475005,342.5,330.024995,333.29999,16926.0,0.7633572785633297,0.4860651776734345
449,2021-07-05,NSE:SAFARI,333.29999,342.5,329.975005,339.17499,23578.0,1.7626763205123408,0.7633572785633297
450,2021-07-06,NSE:SAFARI,335.100005,350.0,335.100005,341.975005,56058.0,0.8255369890333101,1.7626763205123408
451,2021-07-07,NSE:SAFARI,347.5,357.5,340.04999,345.67499,28326.0,1.0819460328686799,0.8255369890333101
452,2021-07-08,NSE:SAFARI,346.0,350.0,340.875,343.600005,8150.0,-0.6002705026475793,1.0819460328686799
453,2021-07-09,NSE:SAFARI,343.975005,349.0,342.774995,344.850005,13634.0,0.3637951052998384,-0.6002705026475793
454,2021-07-12,NSE:SAFARI,347.5,380.0,343.57501,375.850005,279792.0,8.989415557642227,0.3637951052998384
455,2021-07-13,NSE:SAFARI,380.95001,421.225005,380.95001,391.649995,603072.0,4.203801992765699,8.989415557642227
456,2021-07-14,NSE:SAFARI,394.92499,395.975005,380.5,384.649995,36264.0,-1.7873101211197513,4.203801992765699
457,2021-07-15,NSE:SAFARI,384.82501,399.95001,382.54999,390.899995,57330.0,1.6248537842825137,-1.7873101211197513
458,2021-07-16,NSE:SAFARI,394.350005,394.350005,378.0,381.70001,21136.0,-2.35353929845918,1.6248537842825137
459,2021-07-19,NSE:SAFARI,383.45001,383.45001,370.67499,375.725005,33034.0,-1.565366739183478,-2.35353929845918
460,2021-07-20,NSE:SAFARI,378.850005,387.5,367.0,378.399995,54544.0,0.7119542123633692,-1.565366739183478
461,2021-07-22,NSE:SAFARI,381.149995,384.45001,374.024995,380.32501,17678.0,0.5087249010138148,0.7119542123633692
462,2021-07-23,NSE:SAFARI,381.5,387.475005,370.024995,373.125,22508.0,-1.893120307812526,0.5087249010138148
463,2021-07-26,NSE:SAFARI,374.875,376.625,365.29999,369.45001,22972.0,-0.9849219430485707,-1.893120307812526
464,2021-07-27,NSE:SAFARI,377.475005,379.45001,354.57501,361.79999,22572.0,-2.0706509116077814,-0.9849219430485707
465,2021-07-28,NSE:SAFARI,366.0,382.5,357.850005,373.225005,19532.0,3.1578262343235637,-2.0706509116077814
466,2021-07-29,NSE:SAFARI,380.0,380.0,368.04999,372.82501,16310.0,-0.107172615618289,3.1578262343235637
467,2021-07-30,NSE:SAFARI,370.0,374.024995,366.125,370.82501,8600.0,-0.5364446982781547,-0.107172615618289
468,2021-08-02,NSE:SAFARI,373.45001,379.100005,362.75,368.29999,20216.0,-0.6809195528640424,-0.5364446982781547
469,2021-08-03,NSE:SAFARI,368.04999,371.350005,364.625,366.225005,16514.0,-0.5633953451912854,-0.6809195528640424
470,2021-08-04,NSE:SAFARI,369.0,382.149995,368.42499,376.774995,28822.0,2.88073994292115,-0.5633953451912854
471,2021-08-05,NSE:SAFARI,376.899995,382.0,365.649995,367.125,18086.0,-2.5612089783187417,2.88073994292115
472,2021-08-06,NSE:SAFARI,367.25,370.625,360.125,364.54999,11146.0,-0.7013987061627566,-2.5612089783187417
473,2021-08-09,NSE:SAFARI,367.5,371.125,347.5,353.024995,25618.0,-3.1614306175128384,-0.7013987061627566
474,2021-08-10,NSE:SAFARI,353.024995,362.5,337.225005,347.20001,20830.0,-1.6500205601589115,-3.1614306175128384
475,2021-08-11,NSE:SAFARI,347.20001,386.399995,342.100005,368.45001,80078.0,6.120391528790567,-1.6500205601589115
476,2021-08-12,NSE:SAFARI,371.024995,391.0,362.5,377.350005,108734.0,2.415523071908721,6.120391528790567
477,2021-08-13,NSE:SAFARI,377.149995,382.5,369.975005,371.725005,14578.0,-1.490658520065476,2.415523071908721
478,2021-08-16,NSE:SAFARI,371.725005,412.475005,371.725005,388.399995,232066.0,4.48584027862209,-1.490658520065476
479,2021-08-17,NSE:SAFARI,391.5,391.5,375.024995,379.850005,39918.0,-2.201336279625848,4.48584027862209
480,2021-08-18,NSE:SAFARI,380.899995,395.0,375.04999,385.274995,52096.0,1.4281926888483203,-2.201336279625848
481,2021-08-20,NSE:SAFARI,375.0,391.0,375.0,377.92499,60940.0,-1.9077295685903546,1.4281926888483203
482,2021-08-23,NSE:SAFARI,375.25,385.0,375.024995,375.725005,26562.0,-0.5821221295791976,-1.9077295685903546
483,2021-08-24,NSE:SAFARI,375.600005,408.649995,375.5,393.57501,70720.0,4.7508163583629495,-0.5821221295791976
484,2021-08-25,NSE:SAFARI,389.5,422.5,387.75,413.0,450356.0,4.935524234630644,4.7508163583629495
485,2021-08-26,NSE:SAFARI,415.850005,429.5,411.0,418.350005,225414.0,1.2954007263922542,4.935524234630644
486,2021-08-27,NSE:SAFARI,418.350005,418.350005,398.67499,408.100005,75358.0,-2.4501015602951886,1.2954007263922542
487,2021-08-30,NSE:SAFARI,412.850005,421.149995,402.0,404.850005,101776.0,-0.796373428125785,-2.4501015602951886
488,2021-08-31,NSE:SAFARI,409.225005,425.0,406.850005,424.350005,138492.0,4.816598680787963,-0.796373428125785
489,2021-09-01,NSE:SAFARI,430.0,434.0,419.5,423.850005,123798.0,-0.1178272638408476,4.816598680787963
490,2021-09-02,NSE:SAFARI,431.5,439.0,425.07501,430.5,197636.0,1.5689500817630024,-0.1178272638408476
491,2021-09-03,NSE:SAFARI,434.850005,435.149995,424.5,428.899995,38628.0,-0.3716620209059257,1.5689500817630024
492,2021-09-06,NSE:SAFARI,441.32501,441.32501,420.149995,426.475005,92186.0,-0.5653975351526828,-0.3716620209059257
493,2021-09-07,NSE:SAFARI,430.0,437.5,429.350005,434.725005,68276.0,1.9344627242574273,-0.5653975351526828
494,2021-09-08,NSE:SAFARI,439.0,443.42499,427.57501,431.125,87846.0,-0.8281108651663619,1.9344627242574273
495,2021-09-09,NSE:SAFARI,435.0,441.0,431.225005,435.29999,28946.0,0.9683943171933848,-0.8281108651663619
496,2021-09-13,NSE:SAFARI,440.5,440.5,434.024995,435.649995,22594.0,0.08040546934081255,0.9683943171933848
497,2021-09-14,NSE:SAFARI,439.850005,439.850005,424.0,426.82501,26086.0,-2.0257052912395808,0.08040546934081255
498,2021-09-15,NSE:SAFARI,431.850005,435.0,413.5,415.82501,62324.0,-2.5771685684491636,-2.0257052912395808
499,2021-09-16,NSE:SAFARI,415.5,422.5,415.5,418.975005,30218.0,0.7575289903798691,-2.5771685684491636
500,2021-09-17,NSE:SAFARI,424.5,433.600005,416.100005,428.42499,67912.0,2.2555008979592874,0.7575289903798691
501,2021-09-20,NSE:SAFARI,435.0,435.0,412.5,414.07501,36556.0,-3.3494731481466475,2.2555008979592874
502,2021-09-21,NSE:SAFARI,417.0,424.07501,405.0,414.67499,39452.0,0.14489645245675645,-3.3494731481466475
503,2021-09-22,NSE:SAFARI,429.0,436.92499,407.57501,413.649995,86376.0,-0.24718032789968594,0.14489645245675645
504,2021-09-23,NSE:SAFARI,416.975005,431.725005,413.0,428.25,49754.0,3.5295552221631263,-0.24718032789968594
505,2021-09-24,NSE:SAFARI,434.0,434.0,421.5,424.82501,13956.0,-0.7997641564506667,3.5295552221631263
506,2021-09-27,NSE:SAFARI,433.5,441.5,420.225005,436.92499,54774.0,2.8482268499210908,-0.7997641564506667
507,2021-09-28,NSE:SAFARI,441.32501,442.5,430.04999,439.125,28600.0,0.5035212108147031,2.8482268499210908
508,2021-09-29,NSE:SAFARI,440.0,441.32501,431.0,433.70001,19586.0,-1.2354090520922243,0.5035212108147031
509,2021-09-30,NSE:SAFARI,438.850005,450.0,431.649995,434.5,38728.0,0.1844569936717271,-1.2354090520922243
510,2021-10-01,NSE:SAFARI,430.0,439.399995,417.75,422.725005,44016.0,-2.7100103567318734,0.1844569936717271
511,2021-10-04,NSE:SAFARI,429.0,441.975005,408.774995,421.04999,97590.0,-0.3962422331747398,-2.7100103567318734
512,2021-10-05,NSE:SAFARI,416.975005,416.975005,408.274995,413.42499,51774.0,-1.8109488614404194,-0.3962422331747398
513,2021-10-06,NSE:SAFARI,417.5,422.774995,415.899995,418.32501,21164.0,1.1852258858372449,-1.8109488614404194
514,2021-10-07,NSE:SAFARI,422.0,432.475005,412.5,422.850005,41942.0,1.0816936333785039,1.1852258858372449
515,2021-10-08,NSE:SAFARI,429.5,435.17499,421.95001,426.95001,36850.0,0.9696121441455369,1.0816936333785039
516,2021-10-11,NSE:SAFARI,431.850005,432.5,425.79999,427.75,18760.0,0.1873732243266559,0.9696121441455369
517,2021-10-12,NSE:SAFARI,430.725005,432.375,415.625,420.5,19438.0,-1.694915254237288,0.1873732243266559
518,2021-10-13,NSE:SAFARI,421.774995,432.5,416.0,425.024995,34386.0,1.0760986920332913,-1.694915254237288
519,2021-10-14,NSE:SAFARI,434.5,434.5,420.774995,424.774995,21754.0,-0.05882007009964202,1.0760986920332913
520,2021-10-18,NSE:SAFARI,432.5,436.399995,421.82501,426.70001,31360.0,0.4531846324899681,-0.05882007009964202
521,2021-10-19,NSE:SAFARI,430.0,433.0,415.57501,416.149995,26688.0,-2.4724665462276483,0.4531846324899681
522,2021-10-20,NSE:SAFARI,412.5,417.45001,405.024995,413.725005,22674.0,-0.582720180015857,-2.4724665462276483
523,2021-10-21,NSE:SAFARI,418.725005,419.899995,410.0,417.29999,26296.0,0.8640969138425582,-0.582720180015857
524,2021-10-22,NSE:SAFARI,417.29999,424.350005,401.0,403.75,29906.0,-3.2470621434714104,0.8640969138425582
525,2021-10-25,NSE:SAFARI,407.0,415.25,375.0,404.649995,86966.0,0.22290897832817086,-3.2470621434714104
526,2021-10-26,NSE:SAFARI,408.5,428.375,405.0,420.29999,55198.0,3.8675386614053933,0.22290897832817086
527,2021-10-27,NSE:SAFARI,420.29999,421.475005,408.725005,418.95001,32478.0,-0.32119439260513893,3.8675386614053933
528,2021-10-28,NSE:SAFARI,415.0,427.5,412.774995,418.04999,38074.0,-0.2148275399253578,-0.32119439260513893
529,2021-10-29,NSE:SAFARI,414.100005,419.0,404.475005,415.79999,23228.0,-0.5382131452748031,-0.2148275399253578
530,2021-11-01,NSE:SAFARI,428.0,450.0,393.20001,424.975005,235434.0,2.206593367161945,-0.5382131452748031
531,2021-11-02,NSE:SAFARI,432.5,435.0,418.57501,425.82501,34576.0,0.2000129395845316,2.206593367161945
532,2021-11-03,NSE:SAFARI,434.975005,445.0,428.774995,433.725005,62308.0,1.8552209979399727,0.2000129395845316
533,2021-11-04,NSE:SAFARI,433.725005,443.725005,432.524995,439.57501,17536.0,1.3487820468178933,1.8552209979399727
534,2021-11-08,NSE:SAFARI,435.57501,462.5,434.399995,450.899995,108848.0,2.5763486873377923,1.3487820468178933
535,2021-11-09,NSE:SAFARI,457.350005,472.5,453.725005,457.57501,164006.0,1.4803759312527893,2.5763486873377923
536,2021-11-10,NSE:SAFARI,459.0,466.649995,445.524995,462.524995,54732.0,1.0817865687201689,1.4803759312527893
537,2021-11-11,NSE:SAFARI,465.0,471.0,462.5,469.725005,58352.0,1.5566747911645338,1.0817865687201689
538,2021-11-12,NSE:SAFARI,469.725005,472.475005,453.975005,462.600005,94008.0,-1.5168449463319502,1.5566747911645338
539,2021-11-15,NSE:SAFARI,463.0,489.5,463.0,487.57501,159106.0,5.398833707319136,-1.5168449463319502
540,2021-11-16,NSE:SAFARI,492.0,493.5,480.75,487.625,75884.0,0.010252781413054737,5.398833707319136
541,2021-11-17,NSE:SAFARI,487.350005,492.5,458.5,474.70001,50586.0,-2.650600358882334,0.010252781413054737
542,2021-11-18,NSE:SAFARI,474.70001,476.100005,445.04999,451.75,44810.0,-4.834634404157695,-2.650600358882334
543,2021-11-22,NSE:SAFARI,452.57501,464.975005,439.600005,445.70001,77786.0,-1.3392340896513513,-4.834634404157695
544,2021-11-23,NSE:SAFARI,451.0,458.0,441.92499,446.875,30124.0,0.2636279949825399,-1.3392340896513513
545,2021-11-24,NSE:SAFARI,447.625,460.5,446.5,455.975005,20158.0,2.0363647552447577,0.2636279949825399
546,2021-11-25,NSE:SAFARI,462.5,468.475005,457.5,464.975005,132230.0,1.973792401186552,2.0363647552447577
547,2021-11-26,NSE:SAFARI,457.5,459.625,446.45001,451.225005,55386.0,-2.9571482019770072,1.973792401186552
548,2021-11-29,NSE:SAFARI,436.5,446.225005,401.25,430.57501,56432.0,-4.5764296683868375,-2.9571482019770072
549,2021-11-30,NSE:SAFARI,427.5,440.29999,427.5,438.600005,22940.0,1.8637855922014586,-4.5764296683868375
550,2021-12-01,NSE:SAFARI,428.524995,439.0,423.149995,427.42499,76396.0,-2.5478830078900776,1.8637855922014586
551,2021-12-02,NSE:SAFARI,430.0,431.82501,423.5,426.125,14234.0,-0.3041445938853458,-2.5478830078900776
552,2021-12-03,NSE:SAFARI,421.024995,432.5,421.024995,427.524995,20794.0,0.32854092109122673,-0.3041445938853458
553,2021-12-06,NSE:SAFARI,415.024995,434.20001,415.024995,425.04999,57398.0,-0.5789146901223893,0.32854092109122673
554,2021-12-07,NSE:SAFARI,435.5,435.5,423.5,429.850005,20410.0,1.1292824639285441,-0.5789146901223893
555,2021-12-08,NSE:SAFARI,430.0,432.774995,422.850005,424.774995,22608.0,-1.1806467235006826,1.1292824639285441
556,2021-12-09,NSE:SAFARI,434.0,434.0,418.45001,425.04999,83504.0,0.06473898022175008,-1.1806467235006826
557,2021-12-10,NSE:SAFARI,425.04999,427.0,416.5,422.149995,10748.0,-0.6822715135224424,0.06473898022175008
558,2021-12-13,NSE:SAFARI,429.899995,438.17499,422.600005,428.25,84152.0,1.4449852119505557,-0.6822715135224424
559,2021-12-14,NSE:SAFARI,426.399995,439.5,422.20001,427.850005,169992.0,-0.09340221833041212,1.4449852119505557
560,2021-12-15,NSE:SAFARI,427.5,434.92499,427.07501,432.899995,18754.0,1.1803178546182276,-0.09340221833041212
561,2021-12-16,NSE:SAFARI,438.5,457.0,438.32501,447.17499,56628.0,3.297527180613617,1.1803178546182276
562,2021-12-17,NSE:SAFARI,435.100005,450.850005,430.0,438.225005,14296.0,-2.001450259997763,3.297527180613617
563,2021-12-20,NSE:SAFARI,430.04999,447.399995,415.0,427.850005,23882.0,-2.367505249957154,-2.001450259997763
564,2021-12-21,NSE:SAFARI,427.524995,434.20001,422.70001,426.42499,27560.0,-0.3330641541070054,-2.367505249957154
565,2021-12-22,NSE:SAFARI,431.0,432.625,426.625,427.524995,10448.0,0.25795978795708246,-0.3330641541070054
566,2021-12-23,NSE:SAFARI,427.79999,436.875,419.95001,423.75,31358.0,-0.8829881396759012,0.25795978795708246
567,2021-12-24,NSE:SAFARI,433.0,456.399995,421.274995,436.625,33640.0,3.03834808259587,-0.8829881396759012
568,2021-12-27,NSE:SAFARI,434.0,444.95001,427.5,435.29999,20432.0,-0.30346636129402127,3.03834808259587
569,2021-12-28,NSE:SAFARI,435.29999,446.5,435.29999,440.850005,11398.0,1.2749862456923169,-0.30346636129402127
570,2021-12-29,NSE:SAFARI,433.100005,446.57501,433.100005,438.524995,12830.0,-0.5273925311626162,1.2749862456923169
571,2021-12-30,NSE:SAFARI,437.524995,457.45001,436.32501,440.600005,33454.0,0.473179413638673,-0.5273925311626162
572,2021-12-31,NSE:SAFARI,440.5,460.375,440.5,445.649995,96768.0,1.1461620387407803,0.473179413638673
573,2022-01-03,NSE:SAFARI,454.975005,454.975005,446.5,450.32501,22396.0,1.0490328851007908,1.1461620387407803
574,2022-01-04,NSE:SAFARI,455.0,456.0,447.5,448.95001,15496.0,-0.30533502902714643,1.0490328851007908
575,2022-01-05,NSE:SAFARI,449.975005,450.0,441.024995,442.75,12662.0,-1.3810023080298004,-0.30533502902714643
576,2022-01-06,NSE:SAFARI,445.0,467.5,434.875,452.274995,15912.0,2.15132580463015,-1.3810023080298004
577,2022-01-07,NSE:SAFARI,452.0,473.5,445.0,467.649995,40770.0,3.3994804422030893,2.15132580463015
578,2022-01-10,NSE:SAFARI,469.875,472.5,458.875,471.67499,24962.0,0.8606853508038614,3.3994804422030893
579,2022-01-11,NSE:SAFARI,461.32501,470.350005,461.32501,464.149995,7616.0,-1.5953771473022114,0.8606853508038614
580,2022-01-12,NSE:SAFARI,470.0,470.399995,455.5,465.149995,9426.0,0.21544759469403849,-1.5953771473022114
581,2022-01-13,NSE:SAFARI,460.149995,474.975005,457.5,461.45001,16742.0,-0.7954391142151833,0.21544759469403849
582,2022-01-14,NSE:SAFARI,457.95001,465.0,449.04999,454.67499,26342.0,-1.4682023736439056,-0.7954391142151833
583,2022-01-17,NSE:SAFARI,458.25,463.225005,457.0,458.92499,24370.0,0.9347336214820173,-1.4682023736439056
584,2022-01-18,NSE:SAFARI,475.0,475.0,459.5,466.79999,19798.0,1.7159666986101587,0.9347336214820173
585,2022-01-19,NSE:SAFARI,454.100005,469.625,454.100005,462.774995,5240.0,-0.8622525891656488,1.7159666986101587
586,2022-01-20,NSE:SAFARI,462.774995,472.5,451.524995,470.92499,10734.0,1.76111395128425,-0.8622525891656488
587,2022-01-21,NSE:SAFARI,472.5,472.5,455.0,462.274995,15980.0,-1.8368095097268018,1.76111395128425
588,2022-01-24,NSE:SAFARI,462.274995,463.600005,451.5,455.649995,27024.0,-1.4331296461319523,-1.8368095097268018
589,2022-01-25,NSE:SAFARI,455.5,462.399995,450.0,452.375,13914.0,-0.718752339720752,-1.4331296461319523
590,2022-01-27,NSE:SAFARI,452.0,457.850005,441.399995,454.375,16074.0,0.44211108040895275,-0.718752339720752
591,2022-01-28,NSE:SAFARI,455.0,459.899995,441.0,444.899995,8212.0,-2.0852830811554353,0.44211108040895275
592,2022-01-31,NSE:SAFARI,444.42499,459.54999,442.375,445.975005,13172.0,0.24162958239638105,-2.0852830811554353
593,2022-02-01,NSE:SAFARI,452.5,456.725005,440.0,445.20001,16946.0,-0.17377543389454972,0.24162958239638105
594,2022-02-02,NSE:SAFARI,457.45001,510.0,457.0,487.125,296510.0,9.417113445258003,-0.17377543389454972
595,2022-02-03,NSE:SAFARI,486.0,496.29999,478.25,491.54999,35624.0,0.9083890171927083,9.417113445258003
596,2022-02-04,NSE:SAFARI,483.0,494.899995,475.5,478.57501,24740.0,-2.639605383777947,0.9083890171927083
597,2022-02-07,NSE:SAFARI,484.975005,516.7,480.975005,503.9,84312.0,5.2917493539831835,-2.639605383777947
598,2022-02-08,NSE:SAFARI,509.15,525.525,485.0,489.75,125378.0,-2.808096844612022,5.2917493539831835
599,2022-02-09,NSE:SAFARI,490.0,496.625,475.0,475.57501,32494.0,-2.894331801939761,-2.808096844612022
600,2022-02-10,NSE:SAFARI,476.975005,478.399995,456.149995,460.225005,26134.0,-3.2276727492472763,-2.894331801939761
601,2022-02-11,NSE:SAFARI,454.04999,458.975005,442.5,445.17499,28920.0,-3.27014282937539,-3.2276727492472763
602,2022-02-14,NSE:SAFARI,433.04999,461.100005,426.04999,442.774995,20688.0,-0.539112720595555,-3.27014282937539
603,2022-02-15,NSE:SAFARI,448.975005,453.04999,437.5,443.024995,22148.0,0.05646208634703954,-0.539112720595555
604,2022-02-16,NSE:SAFARI,440.0,452.5,430.524995,435.524995,21276.0,-1.692906739945903,0.05646208634703954
605,2022-02-17,NSE:SAFARI,442.5,447.0,430.975005,441.399995,11360.0,1.3489466890413488,-1.692906739945903
606,2022-02-18,NSE:SAFARI,436.0,442.225005,431.524995,433.75,8370.0,-1.7331207717843289,1.3489466890413488
607,2022-02-21,NSE:SAFARI,437.5,437.75,412.0,413.225005,27376.0,-4.731987319884723,-1.7331207717843289
608,2022-02-22,NSE:SAFARI,391.125,419.0,390.024995,416.54999,32512.0,0.8046427393714883,-4.731987319884723
609,2022-02-23,NSE:SAFARI,418.29999,427.975005,418.29999,422.975005,11618.0,1.5424355189637697,0.8046427393714883
610,2022-02-24,NSE:SAFARI,415.0,429.774995,395.20001,414.899995,30984.0,-1.909098623924603,1.5424355189637697
611,2022-02-25,NSE:SAFARI,410.0,424.100005,410.0,413.625,22988.0,-0.30730176316343166,-1.909098623924603
612,2022-02-28,NSE:SAFARI,415.0,419.75,409.54999,414.399995,8272.0,0.18736657600483286,-0.30730176316343166
613,2022-03-02,NSE:SAFARI,417.5,429.350005,407.5,411.975005,19580.0,-0.5851809916165611,0.18736657600483286
614,2022-03-03,NSE:SAFARI,422.25,449.0,420.0,437.92499,34688.0,6.298922188252651,-0.5851809916165611
615,2022-03-04,NSE:SAFARI,437.5,451.42499,428.375,440.67499,13446.0,0.6279614232565263,6.298922188252651
616,2022-03-07,NSE:SAFARI,449.0,449.0,420.350005,429.57501,20562.0,-2.5188586263994606,0.6279614232565263
617,2022-03-08,NSE:SAFARI,433.0,439.5,425.0,427.600005,7766.0,-0.45975788954762753,-2.5188586263994606
618,2022-03-09,NSE:SAFARI,433.0,446.57501,425.54999,426.5,17122.0,-0.2572509324456182,-0.45975788954762753
619,2022-03-10,NSE:SAFARI,444.5,444.5,430.0,438.725005,10470.0,2.8663552168815967,-0.2572509324456182
620,2022-03-11,NSE:SAFARI,440.5,470.0,436.0,450.32501,119150.0,2.644026410119936,2.8663552168815967
621,2022-03-14,NSE:SAFARI,450.32501,482.5,440.024995,464.524995,26538.0,3.153274787025479,2.644026410119936
622,2022-03-15,NSE:SAFARI,460.04999,469.649995,456.54999,465.475005,21984.0,0.20451213825426556,3.153274787025479
623,2022-03-16,NSE:SAFARI,467.5,470.0,462.149995,465.100005,7730.0,-0.08056286502429921,0.20451213825426556
624,2022-03-17,NSE:SAFARI,468.42499,477.75,463.79999,474.79999,17050.0,2.0855697475212818,-0.08056286502429921
625,2022-03-21,NSE:SAFARI,466.0,472.725005,453.399995,467.79999,35104.0,-1.4743050015649748,2.0855697475212818
626,2022-03-22,NSE:SAFARI,472.5,475.29999,460.725005,472.5,16590.0,1.0047050236149044,-1.4743050015649748
627,2022-03-23,NSE:SAFARI,474.475005,480.0,463.0,466.07501,31942.0,-1.359786243386239,1.0047050236149044
628,2022-03-24,NSE:SAFARI,460.100005,477.5,459.975005,462.75,43182.0,-0.7134066252554541,-1.359786243386239
629,2022-03-25,NSE:SAFARI,463.70001,473.0,455.0,456.375,14776.0,-1.3776337115072934,-0.7134066252554541
630,2022-03-28,NSE:SAFARI,463.5,470.024995,450.225005,462.875,19226.0,1.4242673240208161,-1.3776337115072934
631,2022-03-29,NSE:SAFARI,460.125,464.0,450.0,454.975005,42368.0,-1.7067231974075052,1.4242673240208161
632,2022-03-30,NSE:SAFARI,456.125,495.45001,455.600005,486.45001,41672.0,6.917963548349213,-1.7067231974075052
633,2022-03-31,NSE:SAFARI,486.45001,497.024995,478.32501,487.25,20716.0,0.16445471961239752,6.917963548349213
634,2022-04-01,NSE:SAFARI,485.0,492.725005,478.875,486.0,11958.0,-0.2565418163160595,0.16445471961239752
635,2022-04-04,NSE:SAFARI,486.0,506.55,481.100005,490.875,41622.0,1.0030864197530864,-0.2565418163160595
636,2022-04-05,NSE:SAFARI,492.04999,499.5,489.0,493.92499,15070.0,0.6213374076903447,1.0030864197530864
637,2022-04-06,NSE:SAFARI,492.5,496.42499,475.0,478.024995,13808.0,-3.2191112662673724,0.6213374076903447
638,2022-04-07,NSE:SAFARI,480.0,488.95001,470.274995,472.475005,16910.0,-1.1610250631350314,-3.2191112662673724
639,2022-04-08,NSE:SAFARI,492.5,492.5,479.725005,483.899995,31022.0,2.418115218602935,-1.1610250631350314
640,2022-04-11,NSE:SAFARI,480.0,485.5,474.0,475.42499,15060.0,-1.7513959676730333,2.418115218602935
641,2022-04-12,NSE:SAFARI,475.67499,485.0,467.5,481.274995,12284.0,1.2304790709466094,-1.7513959676730333
642,2022-04-13,NSE:SAFARI,482.0,494.899995,482.0,487.45001,28218.0,1.2830533612077708,1.2304790709466094
643,2022-04-18,NSE:SAFARI,477.5,508.2,477.5,492.125,39076.0,0.959070654240007,1.2830533612077708
644,2022-04-19,NSE:SAFARI,492.25,505.0,480.0,486.70001,21036.0,-1.1023601727203414,0.959070654240007
645,2022-04-20,NSE:SAFARI,486.70001,498.600005,466.0,477.399995,24770.0,-1.9108310681974365,-1.1023601727203414
646,2022-04-21,NSE:SAFARI,477.100005,496.975005,476.5,484.79999,14986.0,1.5500618092800755,-1.9108310681974365
647,2022-04-22,NSE:SAFARI,485.0,487.0,475.0,476.20001,9448.0,-1.7739233039175517,1.5500618092800755
648,2022-04-25,NSE:SAFARI,475.0,480.0,466.875,476.82501,14544.0,0.13124737229635924,-1.7739233039175517
649,2022-04-26,NSE:SAFARI,475.475005,485.17499,475.0,475.350005,11960.0,-0.3093388494869449,0.13124737229635924
650,2022-04-27,NSE:SAFARI,474.25,478.774995,466.024995,475.0,7590.0,-0.07363100795591873,-0.3093388494869449
651,2022-04-28,NSE:SAFARI,472.100005,477.82501,462.5,466.92499,7508.0,-1.7000021052631622,-0.07363100795591873
652,2022-04-29,NSE:SAFARI,470.29999,482.600005,464.024995,470.875,78286.0,0.8459624317816059,-1.7000021052631622
653,2022-05-02,NSE:SAFARI,477.95001,485.0,462.024995,477.524995,15168.0,1.4122633395274733,0.8459624317816059
654,2022-05-04,NSE:SAFARI,478.0,479.975005,464.149995,473.0,21180.0,-0.9475933296434023,1.4122633395274733
655,2022-05-05,NSE:SAFARI,472.375,481.024995,465.225005,469.92499,12704.0,-0.6501078224101522,-0.9475933296434023
656,2022-05-06,NSE:SAFARI,462.875,509.0,453.70001,462.32501,18690.0,-1.6172751315055536,-0.6501078224101522
657,2022-05-09,NSE:SAFARI,462.32501,490.0,456.25,486.75,29944.0,5.283077807103704,-1.6172751315055536
658,2022-05-10,NSE:SAFARI,481.0,487.45001,470.0,474.975005,13616.0,-2.419105290190034,5.283077807103704
659,2022-05-11,NSE:SAFARI,479.0,487.0,426.5,455.42499,27084.0,-4.1160092203167675,-2.419105290190034
660,2022-05-12,NSE:SAFARI,465.0,465.0,446.04999,453.375,9262.0,-0.4501268145166957,-4.1160092203167675
661,2022-05-13,NSE:SAFARI,466.0,480.0,440.0,449.0,101784.0,-0.964984835952578,-0.4501268145166957
662,2022-05-16,NSE:SAFARI,440.0,445.274995,409.600005,417.95001,74358.0,-6.915365256124717,-0.964984835952578
663,2022-05-17,NSE:SAFARI,428.45001,480.0,422.5,456.79999,34176.0,9.295365251935262,-6.915365256124717
664,2022-05-18,NSE:SAFARI,456.79999,473.524995,452.024995,466.92499,21138.0,2.2165061781196624,9.295365251935262
665,2022-05-19,NSE:SAFARI,473.0,473.0,450.5,459.475005,24538.0,-1.5955421447886031,2.2165061781196624
666,2022-05-20,NSE:SAFARI,466.375,467.5,455.0,457.850005,16750.0,-0.3536645045577615,-1.5955421447886031
667,2022-05-23,NSE:SAFARI,464.725005,464.92499,443.0,451.975005,16708.0,-1.2831713303137344,-0.3536645045577615
668,2022-05-24,NSE:SAFARI,456.5,456.5,440.0,441.149995,47814.0,-2.3950461596875297,-1.2831713303137344
669,2022-05-25,NSE:SAFARI,443.70001,455.0,437.20001,450.45001,48328.0,2.1081299116868473,-2.3950461596875297
670,2022-05-26,NSE:SAFARI,457.20001,457.20001,437.475005,447.274995,19360.0,-0.7048540192062667,2.1081299116868473
671,2022-05-27,NSE:SAFARI,450.07501,459.975005,448.67499,456.100005,7668.0,1.9730613378018194,-0.7048540192062667
672,2022-05-30,NSE:SAFARI,460.024995,464.0,455.07501,459.600005,7388.0,0.7673755671193206,1.9730613378018194
673,2022-05-31,NSE:SAFARI,463.0,466.0,457.5,458.5,6078.0,-0.23933964056419235,0.7673755671193206
674,2022-06-01,NSE:SAFARI,462.29999,465.5,455.0,458.899995,59206.0,0.08723991275899452,-0.23933964056419235
675,2022-06-02,NSE:SAFARI,466.0,470.0,453.32501,459.725005,13060.0,0.17977991043561034,0.08723991275899452
676,2022-06-03,NSE:SAFARI,460.125,469.975005,450.54999,456.774995,34790.0,-0.6416901338660097,0.17977991043561034
677,2022-06-06,NSE:SAFARI,455.350005,458.82501,441.774995,449.25,36006.0,-1.647418331207029,-0.6416901338660097
678,2022-06-07,NSE:SAFARI,450.100005,456.5,446.29999,452.5,13844.0,0.7234279354479688,-1.647418331207029
679,2022-06-08,NSE:SAFARI,452.5,464.850005,449.524995,452.25,9544.0,-0.05524861878453039,0.7234279354479688
680,2022-06-09,NSE:SAFARI,451.649995,469.850005,450.0,464.45001,16710.0,2.697625207296854,-0.05524861878453039
681,2022-06-10,NSE:SAFARI,464.45001,472.5,457.5,469.149995,18280.0,1.0119463664130333,2.697625207296854
682,2022-06-13,NSE:SAFARI,456.5,463.82501,449.975005,452.70001,7006.0,-3.5063380955593892,1.0119463664130333
683,2022-06-14,NSE:SAFARI,455.45001,456.274995,445.0,445.875,32504.0,-1.5076231166860412,-3.5063380955593892
684,2022-06-15,NSE:SAFARI,449.75,464.0,447.57501,452.649995,7526.0,1.5194830389683185,-1.5076231166860412
685,2022-06-16,NSE:SAFARI,461.5,461.5,450.0,450.79999,47648.0,-0.4087054060389441,1.5194830389683185
686,2022-06-17,NSE:SAFARI,443.5,451.475005,443.5,446.0,13058.0,-1.064771540922168,-0.4087054060389441
687,2022-06-20,NSE:SAFARI,452.0,464.975005,444.17499,447.225005,19526.0,0.2746647982062803,-1.064771540922168
688,2022-06-21,NSE:SAFARI,449.95001,462.5,447.5,453.649995,5468.0,1.436634787448877,0.2746647982062803
689,2022-06-22,NSE:SAFARI,457.25,460.024995,450.0,453.625,11348.0,-0.005509754276529836,1.436634787448877
690,2022-06-23,NSE:SAFARI,453.475005,458.75,450.92499,454.899995,6748.0,0.28106806282722285,-0.005509754276529836
691,2022-06-24,NSE:SAFARI,457.399995,464.649995,445.625,459.649995,8332.0,1.0441855467595687,0.28106806282722285
692,2022-06-27,NSE:SAFARI,461.975005,465.0,456.524995,462.70001,5672.0,0.663551622577529,1.0441855467595687
693,2022-06-28,NSE:SAFARI,458.375,487.17499,458.375,477.149995,17504.0,3.122970539810442,0.663551622577529
694,2022-06-29,NSE:SAFARI,475.0,475.0,456.975005,462.274995,13104.0,-3.117468334040326,3.122970539810442
695,2022-06-30,NSE:SAFARI,464.475005,482.0,454.600005,461.399995,11148.0,-0.18928127401742767,-3.117468334040326
696,2022-07-01,NSE:SAFARI,460.350005,467.42499,457.5,459.625,27370.0,-0.3846976634665958,-0.18928127401742767
697,2022-07-04,NSE:SAFARI,463.0,474.67499,458.399995,468.125,6268.0,1.8493336959477837,-0.3846976634665958
698,2022-07-05,NSE:SAFARI,474.0,481.0,467.600005,474.67499,8000.0,1.3991967957276326,1.8493336959477837
699,2022-07-06,NSE:SAFARI,470.04999,478.54999,469.649995,472.625,6886.0,-0.43187234280027686,1.3991967957276326
700,2022-07-07,NSE:SAFARI,474.0,475.0,456.82501,465.625,24010.0,-1.4810896588204179,-0.43187234280027686
701,2022-07-08,NSE:SAFARI,466.149995,474.92499,464.25,470.100005,7588.0,0.9610748993288611,-1.4810896588204179
702,2022-07-11,NSE:SAFARI,472.0,505.5,467.375,500.05,59154.0,6.370983765464968,0.9610748993288611
703,2022-07-12,NSE:SAFARI,499.95001,499.95001,486.0,490.07501,20810.0,-1.9947985201479834,6.370983765464968
704,2022-07-13,NSE:SAFARI,498.95001,498.95001,490.0,493.024995,10148.0,0.6019456082855499,-1.9947985201479834
705,2022-07-14,NSE:SAFARI,496.024995,496.024995,487.5,488.82501,12934.0,-0.8518807449103001,0.6019456082855499
706,2022-07-15,NSE:SAFARI,488.850005,534.75,482.45001,519.425,63560.0,6.259906791593976,-0.8518807449103001
707,2022-07-18,NSE:SAFARI,536.5,562.5,528.2,547.9,124694.0,5.482023391249944,6.259906791593976
708,2022-07-19,NSE:SAFARI,550.0,597.0,542.5,552.675,215364.0,0.8715093995254568,5.482023391249944
709,2022-07-20,NSE:SAFARI,550.0,573.0,545.35,556.8,59138.0,0.7463699280770797,0.8715093995254568
710,2022-07-21,NSE:SAFARI,559.95,571.175,542.475,548.625,36404.0,-1.4682112068965436,0.7463699280770797
711,2022-07-22,NSE:SAFARI,554.5,561.975,550.3,552.575,18816.0,0.7199817726133598,-1.4682112068965436
712,2022-07-25,NSE:SAFARI,558.1,565.325,536.0,558.525,25282.0,1.0767769081120087,0.7199817726133598
713,2022-07-26,NSE:SAFARI,565.0,565.0,551.05,554.65,12476.0,-0.6937916834519494,1.0767769081120087
714,2022-07-27,NSE:SAFARI,541.525,559.5,541.525,557.15,16156.0,0.450734697557018,-0.6937916834519494
715,2022-07-28,NSE:SAFARI,581.0,584.5,543.0,554.575,43864.0,-0.46217356187739955,0.450734697557018
716,2022-07-29,NSE:SAFARI,557.95,564.975,543.0,555.875,10758.0,0.23441374025153575,-0.46217356187739955
717,2022-08-01,NSE:SAFARI,562.725,570.0,557.475,567.6,18034.0,2.1092871598830714,0.23441374025153575
718,2022-08-02,NSE:SAFARI,572.7,600.0,566.25,590.875,34930.0,4.100599013389707,2.1092871598830714
719,2022-08-03,NSE:SAFARI,590.0,635.0,579.8,614.4,68706.0,3.9813835413581513,4.100599013389707
720,2022-08-04,NSE:SAFARI,614.4,615.0,585.5,598.2,33646.0,-2.636718749999989,3.9813835413581513
721,2022-08-05,NSE:SAFARI,598.2,611.875,582.75,586.6,16302.0,-1.9391507856904082,-2.636718749999989
722,2022-08-08,NSE:SAFARI,580.0,608.975,580.0,600.575,18102.0,2.382372996931473,-1.9391507856904082
723,2022-08-10,NSE:SAFARI,604.625,605.75,556.175,575.65,56870.0,-4.150189401823264,2.382372996931473
724,2022-08-11,NSE:SAFARI,580.0,690.775,567.15,681.675,867022.0,18.418309736819243,-4.150189401823264
725,2022-08-12,NSE:SAFARI,656.0,690.0,647.425,670.125,152116.0,-1.6943558147210849,18.418309736819243
726,2022-08-16,NSE:SAFARI,670.125,712.5,661.425,680.225,155270.0,1.5071814959895575,-1.6943558147210849
727,2022-08-17,NSE:SAFARI,675.0,725.2,670.85,710.5,56610.0,4.450733213275015,1.5071814959895575
728,2022-08-18,NSE:SAFARI,704.5,720.4,686.475,714.875,178222.0,0.6157635467980296,4.450733213275015
729,2022-08-19,NSE:SAFARI,715.0,732.5,690.0,725.375,55388.0,1.4687882496940026,0.6157635467980296
730,2022-08-22,NSE:SAFARI,726.0,728.525,700.0,706.075,28346.0,-2.660692745131822,1.4687882496940026
731,2022-08-23,NSE:SAFARI,692.6,726.925,692.6,712.7,36622.0,0.9382855928902737,-2.660692745131822
732,2022-08-24,NSE:SAFARI,719.0,771.825,714.0,763.375,137720.0,7.1102848323277605,0.9382855928902737
733,2022-08-25,NSE:SAFARI,769.5,780.475,725.0,736.0,67388.0,-3.5860487964630754,7.1102848323277605
734,2022-08-26,NSE:SAFARI,744.5,755.0,732.275,746.75,32346.0,1.4605978260869565,-3.5860487964630754
735,2022-08-29,NSE:SAFARI,748.5,780.0,731.7,773.55,71236.0,3.5888851690659465,1.4605978260869565
736,2022-08-30,NSE:SAFARI,787.15,788.0,762.75,772.55,41934.0,-0.1292741257837244,3.5888851690659465
737,2022-09-01,NSE:SAFARI,772.5,778.75,750.5,755.85,31880.0,-2.161672383664479,-0.1292741257837244
738,2022-09-02,NSE:SAFARI,755.85,773.275,745.25,763.8,31474.0,1.0517959912680996,-2.161672383664479
739,2022-09-05,NSE:SAFARI,763.8,770.975,737.55,746.85,191532.0,-2.2191673212882868,1.0517959912680996
740,2022-09-06,NSE:SAFARI,750.05,756.875,715.0,720.675,51088.0,-3.504719823257691,-2.2191673212882868
741,2022-09-07,NSE:SAFARI,721.0,765.0,721.0,758.675,38258.0,5.272834495438305,-3.504719823257691
742,2022-09-08,NSE:SAFARI,768.975,775.0,747.4,765.05,71916.0,0.8402807526279369,5.272834495438305
743,2022-09-09,NSE:SAFARI,765.05,772.5,731.175,756.7,25912.0,-1.091431932553416,0.8402807526279369
744,2022-09-12,NSE:SAFARI,765.0,799.0,755.0,784.35,58426.0,3.6540240518038822,-1.091431932553416
745,2022-09-13,NSE:SAFARI,784.35,809.975,784.35,799.7,62088.0,1.9570344871549719,3.6540240518038822
746,2022-09-14,NSE:SAFARI,785.0,807.65,777.5,799.85,27852.0,0.018757033887705048,1.9570344871549719
747,2022-09-15,NSE:SAFARI,808.875,857.2,778.3,790.15,70904.0,-1.2127273863849528,0.018757033887705048
748,2022-09-16,NSE:SAFARI,790.15,794.825,720.0,747.7,298242.0,-5.37239764601657,-1.2127273863849528
749,2022-09-19,NSE:SAFARI,747.525,791.8,747.525,784.625,51126.0,4.9384779991975325,-5.37239764601657
750,2022-09-20,NSE:SAFARI,792.9,802.25,786.5,795.6,43656.0,1.3987573681695107,4.9384779991975325
751,2022-09-21,NSE:SAFARI,799.6,800.0,780.0,794.25,31944.0,-0.16968325791855488,1.3987573681695107
752,2022-09-22,NSE:SAFARI,782.325,796.65,780.125,788.3,13644.0,-0.7491344035253441,-0.16968325791855488
753,2022-09-23,NSE:SAFARI,787.1,805.0,772.5,799.675,37544.0,1.4429785614613726,-0.7491344035253441
754,2022-09-26,NSE:SAFARI,809.0,809.0,726.1,772.6,60238.0,-3.3857504611248235,1.4429785614613726
755,2022-09-27,NSE:SAFARI,765.5,799.5,765.5,792.3,156286.0,2.5498317369919663,-3.3857504611248235
756,2022-09-28,NSE:SAFARI,798.4,802.475,775.275,794.425,57502.0,0.2682064874416257,2.5498317369919663
757,2022-09-29,NSE:SAFARI,806.8,842.5,797.575,835.625,73112.0,5.186140919533002,0.2682064874416257
758,2022-09-30,NSE:SAFARI,835.0,865.5,820.3,824.725,147818.0,-1.3044128646222861,5.186140919533002
759,2022-10-03,NSE:SAFARI,823.5,891.0,813.1,877.85,128078.0,6.441541119767195,-1.3044128646222861
760,2022-10-04,NSE:SAFARI,880.025,942.5,871.05,930.85,141040.0,6.037477929031156,6.441541119767195
761,2022-10-06,NSE:SAFARI,931.0,954.6,926.175,934.9,65706.0,0.435086211527094,6.037477929031156
762,2022-10-07,NSE:SAFARI,927.85,947.45,914.375,931.725,43974.0,-0.33960851427959726,0.435086211527094
763,2022-10-10,NSE:SAFARI,939.975,941.325,871.2,878.45,69676.0,-5.717888862056935,-0.33960851427959726
764,2022-10-11,NSE:SAFARI,883.475,897.525,850.5,865.95,24896.0,-1.4229608970345495,-5.717888862056935
765,2022-10-12,NSE:SAFARI,875.5,878.95,858.0,872.775,21024.0,0.7881517408626285,-1.4229608970345495
766,2022-10-13,NSE:SAFARI,867.6,905.0,853.8,860.1,41594.0,-1.4522643292944863,0.7881517408626285
767,2022-10-14,NSE:SAFARI,873.0,882.475,841.05,850.625,24962.0,-1.1016160911521942,-1.4522643292944863
768,2022-10-17,NSE:SAFARI,858.5,880.475,854.4,867.925,24516.0,2.033798677443051,-1.1016160911521942
769,2022-10-18,NSE:SAFARI,875.75,893.475,838.5,854.15,66104.0,-1.5871187026528764,2.033798677443051
770,2022-10-19,NSE:SAFARI,870.975,877.475,856.175,865.875,40244.0,1.3727097114090057,-1.5871187026528764
771,2022-10-20,NSE:SAFARI,873.25,895.475,868.325,884.875,40464.0,2.1943121120254077,1.3727097114090057
772,2022-10-21,NSE:SAFARI,891.0,893.625,858.4,870.1,16816.0,-1.6697273626218367,2.1943121120254077
773,2022-10-24,NSE:SAFARI,880.875,893.575,875.175,889.15,6424.0,2.1894035168371397,-1.6697273626218367
774,2022-10-25,NSE:SAFARI,884.625,899.5,878.4,884.975,41234.0,-0.4695495698138621,2.1894035168371397
775,2022-10-27,NSE:SAFARI,894.975,909.525,886.225,898.125,29814.0,1.4859176812904293,-0.4695495698138621
776,2022-10-28,NSE:SAFARI,905.95,907.475,894.225,902.85,22536.0,0.5260960334029252,1.4859176812904293
777,2022-10-31,NSE:SAFARI,923.975,944.475,898.325,928.725,52638.0,2.8659245721880713,0.5260960334029252
778,2022-11-01,NSE:SAFARI,928.725,956.0,883.025,921.075,68926.0,-0.8237099248970339,2.8659245721880713
779,2022-11-02,NSE:SAFARI,934.9,934.9,906.025,925.975,15594.0,0.5319870803137613,-0.8237099248970339
780,2022-11-03,NSE:SAFARI,918.875,930.0,909.5,929.25,17630.0,0.3536812548934882,0.5319870803137613
781,2022-11-04,NSE:SAFARI,929.0,946.675,886.775,905.325,229358.0,-2.574656981436638,0.3536812548934882
782,2022-11-07,NSE:SAFARI,919.475,940.0,907.425,928.6,40386.0,2.57089995305553,-2.574656981436638
783,2022-11-09,NSE:SAFARI,928.6,932.95,917.5,921.65,46656.0,-0.7484385095843255,2.57089995305553
784,2022-11-10,NSE:SAFARI,921.0,988.5,920.975,964.875,197744.0,4.689958227092717,-0.7484385095843255
785,2022-11-11,NSE:SAFARI,963.0,982.475,841.2,935.75,173224.0,-3.018525715766291,4.689958227092717
786,2022-11-14,NSE:SAFARI,934.95,961.875,926.05,933.625,79492.0,-0.22709056906224956,-3.018525715766291
787,2022-11-15,NSE:SAFARI,895.0,895.0,846.8,862.675,242000.0,-7.5994108983799755,-0.22709056906224956
788,2022-11-16,NSE:SAFARI,862.5,869.75,825.5,847.875,114732.0,-1.715593937461959,-7.5994108983799755
789,2022-11-17,NSE:SAFARI,857.5,864.2,842.5,848.825,41412.0,0.11204481792717624,-1.715593937461959
790,2022-11-18,NSE:SAFARI,855.0,862.225,830.25,837.9,34862.0,-1.2870733072188105,0.11204481792717624
791,2022-11-21,NSE:SAFARI,837.9,873.3,825.0,865.575,65856.0,3.3029001074113937,-1.2870733072188105
792,2022-11-22,NSE:SAFARI,867.5,870.0,845.65,854.35,39954.0,-1.2968258094330383,3.3029001074113937
793,2022-11-23,NSE:SAFARI,854.35,868.475,846.0,853.075,36044.0,-0.14923626148533706,-1.2968258094330383
794,2022-11-24,NSE:SAFARI,855.0,872.5,851.0,865.025,33596.0,1.4008146997626154,-0.14923626148533706
795,2022-11-25,NSE:SAFARI,868.1,870.7,847.725,850.325,28652.0,-1.6993728504956427,1.4008146997626154
796,2022-11-28,NSE:SAFARI,850.0,851.475,812.675,826.6,90018.0,-2.7901096639520206,-1.6993728504956427
797,2022-11-29,NSE:SAFARI,829.0,838.375,808.65,815.575,59358.0,-1.3337769174933436,-2.7901096639520206
798,2022-11-30,NSE:SAFARI,818.7,841.575,806.875,816.0,379658.0,0.05211047420530969,-1.3337769174933436
799,2022-12-01,NSE:SAFARI,826.8,857.7,825.5,830.725,56004.0,1.8045343137254932,0.05211047420530969
800,2022-12-02,NSE:SAFARI,840.4,845.0,818.6,826.85,30236.0,-0.46646001986216856,1.8045343137254932
801,2022-12-05,NSE:SAFARI,834.775,844.475,825.0,831.775,13212.0,0.5956340327749838,-0.46646001986216856
802,2022-12-06,NSE:SAFARI,833.225,854.5,823.275,832.875,12508.0,0.13224730245559468,0.5956340327749838
803,2022-12-07,NSE:SAFARI,841.2,844.7,829.675,833.025,10868.0,0.018009905447993666,0.13224730245559468
804,2022-12-08,NSE:SAFARI,831.475,835.975,821.0,824.9,15772.0,-0.9753608835269051,0.018009905447993666
805,2022-12-09,NSE:SAFARI,831.925,831.925,812.5,817.425,12012.0,-0.9061704449024152,-0.9753608835269051
806,2022-12-12,NSE:SAFARI,824.475,839.975,813.15,826.3,12206.0,1.085726519252531,-0.9061704449024152
807,2022-12-13,NSE:SAFARI,819.675,842.5,819.675,839.1,12904.0,1.5490741861309534,1.085726519252531
808,2022-12-14,NSE:SAFARI,846.225,875.0,833.5,870.425,41874.0,3.733166487903698,1.5490741861309534
809,2022-12-15,NSE:SAFARI,867.5,883.025,865.5,880.275,67746.0,1.1316310997501249,3.733166487903698
810,2022-12-16,NSE:SAFARI,880.0,880.0,851.0,859.9,37640.0,-2.3146175910936924,1.1316310997501249
811,2022-12-19,NSE:SAFARI,868.575,868.575,852.525,858.675,76944.0,-0.14245842539830478,-2.3146175910936924
812,2022-12-20,NSE:SAFARI,854.8,861.425,844.55,859.525,28870.0,0.0989897225376333,-0.14245842539830478
813,2022-12-21,NSE:SAFARI,855.425,868.5,813.55,825.975,18796.0,-3.903318693464408,0.0989897225376333
814,2022-12-22,NSE:SAFARI,825.5,830.95,791.275,805.55,31126.0,-2.472835134235306,-3.903318693464408
815,2022-12-23,NSE:SAFARI,803.5,808.35,793.45,797.675,41022.0,-0.9775929489168892,-2.472835134235306
816,2022-12-26,NSE:SAFARI,785.7,842.5,785.7,834.05,20818.0,4.560127871626916,-0.9775929489168892
817,2022-12-27,NSE:SAFARI,837.5,849.5,830.025,844.725,18508.0,1.2798992866135206,4.560127871626916
818,2022-12-28,NSE:SAFARI,850.0,850.0,823.45,826.85,8752.0,-2.1160732782858327,1.2798992866135206
819,2022-12-29,NSE:SAFARI,822.5,845.0,821.4,828.525,9288.0,0.2025760416036711,-2.1160732782858327
820,2022-12-30,NSE:SAFARI,828.55,846.75,826.175,841.35,47568.0,1.5479315651308103,0.2025760416036711
821,2023-01-02,NSE:SAFARI,842.325,865.0,837.25,845.625,28914.0,0.5081119629167382,1.5479315651308103
822,2023-01-03,NSE:SAFARI,860.0,862.05,840.0,844.775,16294.0,-0.10051736881005442,0.5081119629167382
823,2023-01-04,NSE:SAFARI,840.0,852.5,835.2,849.775,18160.0,0.5918735758042083,-0.10051736881005442
824,2023-01-05,NSE:SAFARI,845.525,861.65,845.0,849.75,12256.0,-0.002941955223438824,0.5918735758042083
825,2023-01-06,NSE:SAFARI,848.825,852.5,843.05,849.7,13666.0,-0.005884083553981115,-0.002941955223438824
826,2023-01-09,NSE:SAFARI,853.275,870.0,841.175,855.225,20612.0,0.6502294927621486,-0.005884083553981115
827,2023-01-10,NSE:SAFARI,865.575,921.0,861.525,911.125,120010.0,6.536291619164544,0.6502294927621486
828,2023-01-11,NSE:SAFARI,909.0,941.0,895.5,937.3,58800.0,2.8728220606393147,6.536291619164544
829,2023-01-12,NSE:SAFARI,931.125,934.475,900.7,908.65,37298.0,-3.056652085778297,2.8728220606393147
830,2023-01-13,NSE:SAFARI,914.75,915.4,888.0,903.15,20786.0,-0.6052935673801794,-3.056652085778297
831,2023-01-16,NSE:SAFARI,903.475,928.475,891.725,911.675,15528.0,0.9439185074461582,-0.6052935673801794
832,2023-01-17,NSE:SAFARI,922.5,922.5,900.0,900.8,6928.0,-1.192859297447007,0.9439185074461582
833,2023-01-18,NSE:SAFARI,909.8,932.5,900.0,915.25,41334.0,1.6041296625222075,-1.192859297447007
834,2023-01-19,NSE:SAFARI,924.4,925.475,910.0,911.6,9110.0,-0.398798142583991,1.6041296625222075
835,2023-01-20,NSE:SAFARI,918.325,925.325,913.9,923.55,14958.0,1.310881965774455,-0.398798142583991
836,2023-01-23,NSE:SAFARI,930.0,952.0,900.0,905.975,15576.0,-1.9029830545178854,1.310881965774455
837,2023-01-24,NSE:SAFARI,905.0,915.95,895.65,900.35,12822.0,-0.6208780595491045,-1.9029830545178854
838,2023-01-25,NSE:SAFARI,901.1,904.95,877.275,888.125,10702.0,-1.3578052979396926,-0.6208780595491045
839,2023-01-27,NSE:SAFARI,886.1,902.05,850.025,873.85,16424.0,-1.607318789584797,-1.3578052979396926
840,2023-01-30,NSE:SAFARI,860.65,914.025,860.65,898.825,22348.0,2.858041998054589,-1.607318789584797
841,2023-01-31,NSE:SAFARI,898.55,900.0,888.1,889.85,22122.0,-0.9985258531972322,2.858041998054589
842,2023-02-01,NSE:SAFARI,891.05,902.0,865.15,879.775,19238.0,-1.1322132943754617,-0.9985258531972322
843,2023-02-02,NSE:SAFARI,892.1,892.1,878.525,889.875,7994.0,1.1480208007729273,-1.1322132943754617
844,2023-02-03,NSE:SAFARI,898.775,898.775,871.6,889.125,13794.0,-0.08428150021070376,1.1480208007729273
845,2023-02-06,NSE:SAFARI,901.55,901.55,875.0,888.225,13538.0,-0.10122311261071021,-0.08428150021070376
846,2023-02-07,NSE:SAFARI,889.775,934.25,888.025,900.075,50788.0,1.3341214219370119,-0.10122311261071021
847,2023-02-08,NSE:SAFARI,909.075,971.55,891.025,938.5,155898.0,4.269088687053851,1.3341214219370119
848,2023-02-09,NSE:SAFARI,944.5,990.5,931.15,983.4,100218.0,4.784230154501863,4.269088687053851
849,2023-02-10,NSE:SAFARI,988.0,1065.0,986.625,1052.025,258104.0,6.978340451494826,4.784230154501863
850,2023-02-13,NSE:SAFARI,1065.0,1065.0,1000.0,1003.45,81170.0,-4.617285710890904,6.978340451494826
851,2023-02-14,NSE:SAFARI,1009.9,1009.9,920.0,934.1,313404.0,-6.911156510040363,-4.617285710890904
852,2023-02-15,NSE:SAFARI,944.4,969.15,935.625,961.9,139786.0,2.9761267530242965,-6.911156510040363
853,2023-02-16,NSE:SAFARI,973.5,993.0,961.925,965.875,70388.0,0.41324462002287377,2.9761267530242965
854,2023-02-17,NSE:SAFARI,975.525,983.025,955.525,976.8,37100.0,1.1310987446615717,0.41324462002287377
855,2023-02-20,NSE:SAFARI,986.575,999.0,960.825,978.725,70138.0,0.19707207207207908,1.1310987446615717
856,2023-02-21,NSE:SAFARI,992.05,997.5,977.05,992.025,36236.0,1.358910827862776,0.19707207207207908
857,2023-02-22,NSE:SAFARI,997.5,997.5,974.325,983.05,15372.0,-0.9047151029459966,1.358910827862776
858,2023-02-23,NSE:SAFARI,973.225,993.8,965.0,973.7,13026.0,-0.951121509587499,-0.9047151029459966
859,2023-02-24,NSE:SAFARI,982.65,986.9,962.45,982.25,40390.0,0.8780938687480696,-0.951121509587499
860,2023-02-27,NSE:SAFARI,982.5,999.975,972.625,985.525,86450.0,0.3334181725629908,0.8780938687480696
861,2023-02-28,NSE:SAFARI,986.0,1030.0,965.0,1010.625,74584.0,2.5468658836660687,0.3334181725629908
862,2023-03-01,NSE:SAFARI,1010.625,1026.525,1008.525,1024.275,57944.0,1.3506493506493598,2.5468658836660687
863,2023-03-02,NSE:SAFARI,1024.275,1024.275,1002.9,1012.325,12004.0,-1.1666788704205457,1.3506493506493598
864,2023-03-03,NSE:SAFARI,1020.625,1045.0,1012.625,1039.82495,99298.0,2.7165139653767216,-1.1666788704205457
865,2023-03-06,NSE:SAFARI,1045.475,1050.0,1022.325,1030.05005,60074.0,-0.940052457868018,2.7165139653767216
866,2023-03-08,NSE:SAFARI,1040.35,1040.35,1011.0,1022.175,53020.0,-0.7645308109057516,-0.940052457868018
867,2023-03-09,NSE:SAFARI,1031.5,1032.475,1005.05,1013.05,54328.0,-0.8927042825347911,-0.7645308109057516
868,2023-03-10,NSE:SAFARI,1020.0,1030.475,990.5,1022.75,21612.0,0.9575045654212572,-0.8927042825347911
869,2023-03-13,NSE:SAFARI,1022.75,1025.0,981.0,991.0,37888.0,-3.1043754583231484,0.9575045654212572
870,2023-03-14,NSE:SAFARI,991.0,1002.725,968.625,984.95,42298.0,-0.6104944500504494,-3.1043754583231484
871,2023-03-15,NSE:SAFARI,984.95,994.5,935.85,947.525,91930.0,-3.7996852632113374,-0.6104944500504494
872,2023-03-16,NSE:SAFARI,957.0,964.475,925.25,931.975,36972.0,-1.6411176486108496,-3.7996852632113374
873,2023-03-17,NSE:SAFARI,944.425,960.0,937.5,951.75,38886.0,2.121838032136053,-1.6411176486108496
874,2023-03-20,NSE:SAFARI,1099.975,1099.975,950.1,989.675,98788.0,3.9847649067507174,2.121838032136053
875,2023-03-21,NSE:SAFARI,1002.55,1010.0,974.775,999.7,29722.0,1.0129587996059404,3.9847649067507174
876,2023-03-22,NSE:SAFARI,1009.7,1013.0,987.775,1000.675,19912.0,0.09752925877762418,1.0129587996059404
877,2023-03-23,NSE:SAFARI,1010.5,1020.0,990.025,1011.95,19892.0,1.1267394508706714,0.09752925877762418
878,2023-03-24,NSE:SAFARI,1010.0,1014.725,965.525,983.7,25010.0,-2.7916399031572703,1.1267394508706714
879,2023-03-27,NSE:SAFARI,993.525,993.725,951.15,962.1,29354.0,-2.1957913998170193,-2.7916399031572703
880,2023-03-28,NSE:SAFARI,947.675,999.45,947.675,980.975,31982.0,1.961854277102172,-2.1957913998170193
881,2023-03-29,NSE:SAFARI,990.775,1014.5,973.25,1008.0,46430.0,2.754912204694307,1.961854277102172
882,2023-03-31,NSE:SAFARI,1022.1,1029.5,1010.425,1023.925,253076.0,1.5798611111111065,2.754912204694307
883,2023-04-03,NSE:SAFARI,1037.5,1102.775,1023.05,1068.65,124242.0,4.367995702810278,1.5798611111111065
884,2023-04-05,NSE:SAFARI,1082.55005,1088.975,1060.0,1071.57495,68862.0,0.27370514200157703,4.367995702810278
885,2023-04-06,NSE:SAFARI,1071.57495,1080.0,1042.32495,1050.80005,38998.0,-1.9387257979481407,0.27370514200157703
886,2023-04-10,NSE:SAFARI,1065.525,1065.525,1027.05005,1050.35,25160.0,-0.04282927089698431,-1.9387257979481407
887,2023-04-11,NSE:SAFARI,1060.85,1099.475,1053.025,1087.875,42776.0,3.5726186509258904,-0.04282927089698431
888,2023-04-12,NSE:SAFARI,1088.025,1126.9,1074.775,1119.92505,50714.0,2.9461151327128627,3.5726186509258904
889,2023-04-13,NSE:SAFARI,1119.275,1145.375,1107.0,1127.125,41372.0,0.6428957009221237,2.9461151327128627
890,2023-04-17,NSE:SAFARI,1127.025,1137.1,1090.875,1118.44995,49140.0,-0.7696617500277303,0.6428957009221237
891,2023-04-18,NSE:SAFARI,1118.525,1132.9,1105.625,1114.55005,28024.0,-0.3486879319007425,-0.7696617500277303
892,2023-04-19,NSE:SAFARI,1103.4,1127.475,1082.5,1089.57495,141308.0,-2.2408235502748495,-0.3486879319007425
893,2023-04-20,NSE:SAFARI,1104.82495,1119.875,1082.125,1107.0,28812.0,1.599252075316164,-2.2408235502748495
894,2023-04-21,NSE:SAFARI,1118.07495,1119.475,1092.6,1096.57495,19778.0,-0.9417389340560122,1.599252075316164
895,2023-04-24,NSE:SAFARI,1110.0,1117.30005,1080.025,1109.725,38044.0,1.1991929963382773,-0.9417389340560122
896,2023-04-25,NSE:SAFARI,1109.75,1128.69995,1097.725,1124.0,29906.0,1.2863547275225926,1.1991929963382773
897,2023-04-26,NSE:SAFARI,1100.0,1204.4,1100.0,1179.975,94680.0,4.979982206405686,1.2863547275225926
898,2023-04-27,NSE:SAFARI,1191.775,1245.0,1163.67505,1224.375,54630.0,3.762791584567478,4.979982206405686
899,2023-04-28,NSE:SAFARI,1237.5,1249.975,1162.65,1221.42505,71748.0,-0.24093517100561057,3.762791584567478
900,2023-05-02,NSE:SAFARI,1230.5,1307.5,1190.0,1209.25,155314.0,-0.9967905930863342,-0.24093517100561057
901,2023-05-03,NSE:SAFARI,1215.0,1232.82495,1192.775,1205.55005,85542.0,-0.30597064296050813,-0.9967905930863342
902,2023-05-04,NSE:SAFARI,1213.625,1221.35,1190.5,1213.17505,18048.0,0.6324913677370756,-0.30597064296050813
903,2023-05-05,NSE:SAFARI,1224.625,1230.15,1188.65,1214.9,18664.0,0.14218475726153743,0.6324913677370756
904,2023-05-08,NSE:SAFARI,1214.5,1225.15,1199.94995,1211.32495,17888.0,-0.29426701786156445,0.14218475726153743
905,2023-05-09,NSE:SAFARI,1222.125,1228.30005,1216.92505,1222.42505,11452.0,0.9163602219206426,-0.29426701786156445
906,2023-05-10,NSE:SAFARI,1207.5,1300.0,1207.5,1292.975,33278.0,5.7713108873218735,0.9163602219206426
907,2023-05-11,NSE:SAFARI,1298.0,1300.0,1190.0,1229.475,314036.0,-4.911154508014463,5.7713108873218735
908,2023-05-12,NSE:SAFARI,1225.0,1247.0,1202.44995,1233.475,20068.0,0.32534211757050774,-4.911154508014463
909,2023-05-15,NSE:SAFARI,1247.44995,1330.0,1230.5,1305.32495,32654.0,5.8250025334927775,0.32534211757050774
910,2023-05-16,NSE:SAFARI,1310.025,1320.0,1203.05005,1225.94995,122726.0,-6.080861321159915,5.8250025334927775
911,2023-05-17,NSE:SAFARI,1221.92505,1289.0,1210.44995,1235.4,113524.0,0.7708348941977727,-6.080861321159915
912,2023-05-18,NSE:SAFARI,1268.75,1268.75,1235.025,1247.42505,150930.0,0.9733729966002885,0.7708348941977727
913,2023-05-19,NSE:SAFARI,1247.42505,1272.775,1220.0,1268.375,25632.0,1.6794556113812162,0.9733729966002885
914,2023-05-22,NSE:SAFARI,1268.375,1299.5,1267.975,1294.375,22428.0,2.0498669557504683,1.6794556113812162
915,2023-05-23,NSE:SAFARI,1300.0,1320.0,1256.67505,1278.125,263420.0,-1.2554321583775954,2.0498669557504683
916,2023-05-24,NSE:SAFARI,1279.0,1295.0,1252.475,1277.05005,233696.0,-0.08410366748165823,-1.2554321583775954
917,2023-05-25,NSE:SAFARI,1294.375,1319.6,1263.525,1304.475,25650.0,2.147523505441298,-0.08410366748165823
918,2023-05-26,NSE:SAFARI,1304.44995,1345.0,1298.55005,1334.94995,27944.0,2.3361850552904455,2.147523505441298
919,2023-05-29,NSE:SAFARI,1349.475,1349.475,1322.4,1342.15,24854.0,0.5393498085827223,2.3361850552904455
920,2023-05-30,NSE:SAFARI,1349.25,1349.25,1322.5,1331.0,8976.0,-0.8307566218381024,0.5393498085827223
921,2023-05-31,NSE:SAFARI,1335.0,1384.94995,1328.0,1357.5,59390.0,1.9909842223891812,-0.8307566218381024
922,2023-06-01,NSE:SAFARI,1343.42505,1397.75,1343.42505,1374.4,28086.0,1.2449355432780913,1.9909842223891812
923,2023-06-02,NSE:SAFARI,1393.5,1395.0,1368.05005,1376.92505,127510.0,0.18372016880092876,1.2449355432780913
924,2023-06-05,NSE:SAFARI,1396.19995,1420.025,1383.30005,1401.19995,60148.0,1.762979037965784,0.18372016880092876
925,2023-06-06,NSE:SAFARI,1420.82495,1425.19995,1382.025,1405.94995,196248.0,0.3389951591134442,1.762979037965784
926,2023-06-07,NSE:SAFARI,1425.0,1463.75,1410.17505,1441.07495,63622.0,2.4983108395857196,0.3389951591134442
927,2023-06-08,NSE:SAFARI,1461.25,1497.475,1389.69995,1408.92505,42600.0,-2.2309665434126025,2.4983108395857196
928,2023-06-09,NSE:SAFARI,1424.5,1435.5,1401.44995,1434.80005,35768.0,1.8365064912430933,-2.2309665434126025
929,2023-06-12,NSE:SAFARI,1438.19995,1452.5,1438.19995,1442.44995,24276.0,0.5331683672578551,1.8365064912430933
930,2023-06-13,NSE:SAFARI,1454.975,1454.975,1425.0,1438.225,20492.0,-0.29290097725748027,0.5331683672578551
931,2023-06-14,NSE:SAFARI,1454.475,1465.475,1438.225,1464.80005,144476.0,1.8477672130577727,-0.29290097725748027
932,2023-06-15,NSE:SAFARI,1462.5,1475.35,1454.625,1465.80005,60014.0,0.06826870329503335,1.8477672130577727
933,2023-06-16,NSE:SAFARI,1470.30005,1521.44995,1467.55005,1504.67505,155324.0,2.6521352622412584,0.06826870329503335
934,2023-06-19,NSE:SAFARI,1508.0,1535.625,1507.5,1512.525,45556.0,0.5217040051272224,2.6521352622412584
935,2023-06-20,NSE:SAFARI,1512.5,1512.5,1444.975,1474.57495,48798.0,-2.5090527429298786,0.5217040051272224
936,2023-06-21,NSE:SAFARI,1485.0,1519.57495,1469.975,1508.82495,35292.0,2.3227032305139867,-2.5090527429298786
937,2023-06-22,NSE:SAFARI,1514.525,1524.5,1487.525,1492.5,58756.0,-1.0819644783843179,2.3227032305139867
938,2023-06-23,NSE:SAFARI,1494.85,1495.0,1450.0,1458.07495,46938.0,-2.306536013400339,-1.0819644783843179
939,2023-06-26,NSE:SAFARI,1464.25,1478.92505,1449.05005,1472.875,106196.0,1.015040413388904,-2.306536013400339
940,2023-06-27,NSE:SAFARI,1487.5,1496.5,1450.75,1460.80005,15438.0,-0.8198217771365489,1.015040413388904
941,2023-06-28,NSE:SAFARI,1469.5,1497.475,1460.275,1480.375,25402.0,1.3400156989315508,-0.8198217771365489
942,2023-06-30,NSE:SAFARI,1487.5,1499.0,1448.275,1485.05005,40776.0,0.3158017394241362,1.3400156989315508
943,2023-07-03,NSE:SAFARI,1497.0,1524.92505,1466.275,1508.15,31368.0,1.555499762449086,0.3158017394241362
944,2023-07-04,NSE:SAFARI,1508.15,1536.0,1485.025,1489.55005,27390.0,-1.2332957597056018,1.555499762449086
945,2023-07-05,NSE:SAFARI,1491.0,1517.44995,1371.025,1455.725,59662.0,-2.2708233268160507,-1.2332957597056018
946,2023-07-06,NSE:SAFARI,1437.525,1480.775,1437.525,1468.25,34694.0,0.8603960226004287,-2.2708233268160507
947,2023-07-07,NSE:SAFARI,1468.25,1509.75,1457.6,1487.1,28376.0,1.2838413076792037,0.8603960226004287
948,2023-07-10,NSE:SAFARI,1466.0,1499.5,1466.0,1485.875,25794.0,-0.08237509246183237,1.2838413076792037
949,2023-07-11,NSE:SAFARI,1485.875,1545.0,1485.875,1526.82495,128926.0,2.7559485151846514,-0.08237509246183237
950,2023-07-12,NSE:SAFARI,1535.0,1585.475,1521.25,1535.0,52812.0,0.5354281117819076,2.7559485151846514
951,2023-07-13,NSE:SAFARI,1545.0,1556.475,1493.75,1518.775,40716.0,-1.0570032573289843,0.5354281117819076
952,2023-07-14,NSE:SAFARI,1534.0,1534.0,1482.75,1487.80005,60566.0,-2.0394693091471767,-1.0570032573289843
953,2023-07-17,NSE:SAFARI,1497.5,1511.94995,1450.75,1483.55005,72522.0,-0.28565666468420936,-2.0394693091471767
954,2023-07-18,NSE:SAFARI,1489.5,1535.0,1477.375,1530.625,40968.0,3.173128537186861,-0.28565666468420936
955,2023-07-19,NSE:SAFARI,1551.5,1551.5,1500.025,1514.475,20330.0,-1.055124540628834,3.173128537186861
956,2023-07-20,NSE:SAFARI,1529.5,1535.69995,1495.475,1523.44995,21950.0,0.5926113009458748,-1.055124540628834
957,2023-07-21,NSE:SAFARI,1535.0,1544.75,1508.025,1525.625,16266.0,0.1427713460491469,0.5926113009458748
958,2023-07-24,NSE:SAFARI,1544.975,1544.975,1503.5,1512.25,22164.0,-0.876689881196231,0.1427713460491469
959,2023-07-25,NSE:SAFARI,1533.42505,1540.0,1503.0,1537.775,28038.0,1.6878822945941538,-0.876689881196231
960,2023-07-26,NSE:SAFARI,1535.25,1549.5,1509.5,1528.32495,17066.0,-0.6145274828892489,1.6878822945941538
961,2023-07-27,NSE:SAFARI,1517.5,1542.5,1472.55005,1483.57495,30884.0,-2.928042233426864,-0.6145274828892489
962,2023-07-28,NSE:SAFARI,1487.0,1497.0,1400.0,1435.875,102910.0,-3.2152032494212675,-2.928042233426864
963,2023-07-31,NSE:SAFARI,1435.05005,1457.5,1421.0,1432.17505,234202.0,-0.25767911552189043,-3.2152032494212675
964,2023-08-01,NSE:SAFARI,1448.475,1485.0,1422.5,1468.525,34466.0,2.538094068877965,-0.25767911552189043
965,2023-08-02,NSE:SAFARI,1489.1,1514.57495,1450.0,1471.475,23804.0,0.2008818372176039,2.538094068877965
966,2023-08-03,NSE:SAFARI,1472.6,1486.0,1440.07495,1449.275,22574.0,-1.5086902597733443,0.2008818372176039
967,2023-08-04,NSE:SAFARI,1469.525,1469.55005,1430.025,1450.55005,19566.0,0.08797847199461556,-1.5086902597733443
968,2023-08-07,NSE:SAFARI,1466.5,1470.875,1450.57495,1463.65,21786.0,0.9031022404225234,0.08797847199461556
969,2023-08-08,NSE:SAFARI,1437.525,1512.5,1437.525,1488.025,26742.0,1.6653571550575614,0.9031022404225234
970,2023-08-09,NSE:SAFARI,1503.0,1671.82495,1480.19995,1597.67505,533772.0,7.368831168831166,1.6653571550575614
971,2023-08-10,NSE:SAFARI,1605.0,1789.07495,1571.5,1697.94995,483610.0,6.27630130419824,7.368831168831166
972,2023-08-11,NSE:SAFARI,1720.0,1775.0,1705.05005,1740.32495,134094.0,2.4956566004787124,6.27630130419824
973,2023-08-14,NSE:SAFARI,1765.125,1774.42505,1717.5,1760.125,107318.0,1.1377214352986238,2.4956566004787124
974,2023-08-16,NSE:SAFARI,1772.0,1795.025,1732.1,1784.35,112850.0,1.3763227043533788,1.1377214352986238
975,2023-08-17,NSE:SAFARI,1790.0,1797.5,1728.5,1788.525,83942.0,0.23397875977247637,1.3763227043533788
976,2023-08-18,NSE:SAFARI,1790.0,1799.5,1715.0,1733.30005,62316.0,-3.087737101801766,0.23397875977247637
977,2023-08-21,NSE:SAFARI,1750.0,1800.0,1732.525,1764.975,339042.0,1.8274360518249482,-3.087737101801766
978,2023-08-22,NSE:SAFARI,1774.92505,1847.5,1761.275,1815.17505,158436.0,2.8442357540475163,1.8274360518249482
979,2023-08-23,NSE:SAFARI,1835.94995,1835.94995,1778.92505,1796.625,112886.0,-1.0219427597354898,2.8442357540475163
980,2023-08-24,NSE:SAFARI,1812.0,1812.0,1725.525,1754.9,112990.0,-2.322410074445135,-1.0219427597354898
981,2023-08-25,NSE:SAFARI,1754.9,1831.5,1754.9,1815.275,102734.0,3.440366972477064,-2.322410074445135
982,2023-08-28,NSE:SAFARI,1825.0,1847.5,1815.275,1830.275,75776.0,0.8263210808279736,3.440366972477064
983,2023-08-29,NSE:SAFARI,1832.5,1870.65,1830.875,1855.1,87612.0,1.3563535534277535,0.8263210808279736
984,2023-08-30,NSE:SAFARI,1867.0,1878.5,1842.5,1859.0,91094.0,0.2102312543798227,1.3563535534277535
985,2023-08-31,NSE:SAFARI,1859.0,1890.0,1801.6,1842.30005,120414.0,-0.898329747175898,0.2102312543798227
986,2023-09-01,NSE:SAFARI,1833.025,1862.475,1821.725,1835.9,87714.0,-0.3473945517181072,-0.898329747175898
987,2023-09-04,NSE:SAFARI,1862.05005,1911.69995,1858.9,1896.42505,122430.0,3.296750912359059,-0.3473945517181072
988,2023-09-05,NSE:SAFARI,1896.0,1904.19995,1845.0,1867.35,104228.0,-1.5331504928180604,3.296750912359059
989,2023-09-06,NSE:SAFARI,1890.0,1907.0,1857.275,1896.275,101660.0,1.548986531716078,-1.5331504928180604
990,2023-09-07,NSE:SAFARI,1915.0,1937.5,1892.5,1897.625,135666.0,0.07119220577183737,1.548986531716078
991,2023-09-08,NSE:SAFARI,1897.625,1924.42505,1876.67505,1905.57495,87478.0,0.41894209867597365,0.07119220577183737
992,2023-09-11,NSE:SAFARI,1924.5,1924.5,1805.6,1850.30005,101314.0,-2.9006940923525413,0.41894209867597365
993,2023-09-12,NSE:SAFARI,1842.0,1866.67505,1724.025,1768.67505,186222.0,-4.411446673203083,-2.9006940923525413
994,2023-09-13,NSE:SAFARI,1780.0,1817.69995,1729.775,1788.9,220694.0,1.1435085263401006,-4.411446673203083
995,2023-09-14,NSE:SAFARI,1780.1,1814.67505,1752.5,1762.30005,142806.0,-1.4869444910280079,1.1435085263401006
996,2023-09-15,NSE:SAFARI,1760.525,1821.475,1715.275,1761.35,874166.0,-0.05390966197839843,-1.4869444910280079
997,2023-09-18,NSE:SAFARI,1777.0,1786.0,1736.5,1750.55005,35732.0,-0.6131631986828202,-0.05390966197839843
998,2023-09-20,NSE:SAFARI,1757.6,1780.0,1734.67505,1763.5,71176.0,0.7397646242676662,-0.6131631986828202
999,2023-09-21,NSE:SAFARI,1763.5,1792.25,1752.975,1773.35,56586.0,0.5585483413665954,0.7397646242676662
1000,2023-09-22,NSE:SAFARI,1782.5,1820.0,1761.92505,1807.82495,43996.0,1.9440578565990942,0.5585483413665954
1001,2023-09-25,NSE:SAFARI,1803.44995,1903.82495,1803.44995,1896.475,139522.0,4.903685503400093,1.9440578565990942
1002,2023-09-26,NSE:SAFARI,1892.525,1993.975,1877.5,1931.775,183952.0,1.8613480272611127,4.903685503400093
1003,2023-09-27,NSE:SAFARI,1924.975,1967.725,1910.15,1939.25,50068.0,0.3869498259372809,1.8613480272611127
1004,2023-09-28,NSE:SAFARI,1937.55005,1990.0,1926.82495,1973.19995,146468.0,1.750674229727985,0.3869498259372809
1005,2023-09-29,NSE:SAFARI,1972.525,1984.525,1939.35,1957.94995,52920.0,-0.7728562936564032,1.750674229727985
1006,2023-10-03,NSE:SAFARI,2000.0,2098.9751,1985.0,2071.125,258430.0,5.780283096613377,-0.7728562936564032
1007,2023-10-04,NSE:SAFARI,2080.0,2129.9751,2065.5,2102.92505,151602.0,1.5353998430804432,5.780283096613377
1008,2023-10-05,NSE:SAFARI,2155.5,2198.5,2117.5,2142.5249,166192.0,1.883084230700474,1.5353998430804432
1009,2023-10-06,NSE:SAFARI,2147.3501,2179.2251,2145.0249,2168.625,120068.0,1.2181935435149487,1.883084230700474
1010,2023-10-09,NSE:SAFARI,2142.625,2175.92505,2117.5,2164.2251,63660.0,-0.20288892731569028,1.2181935435149487
1011,2023-10-10,NSE:SAFARI,2169.8501,2257.94995,2169.8501,2238.67505,117756.0,3.4400280266595056,-0.20288892731569028
1012,2023-10-11,NSE:SAFARI,2250.0,2270.0,2220.0,2233.05005,61570.0,-0.2512646933729842,3.4400280266595056
1013,2023-10-12,NSE:SAFARI,2229.0,2241.55005,2165.0249,2207.92505,110684.0,-1.125142716796697,-0.2512646933729842
1014,2023-10-13,NSE:SAFARI,2204.875,2205.0,2143.5,2155.19995,44582.0,-2.3879931975045827,-1.125142716796697
1015,2023-10-16,NSE:SAFARI,2165.0,2165.0,2099.94995,2103.0,70752.0,-2.422046733993297,-2.3879931975045827
1016,2023-10-17,NSE:SAFARI,2109.9751,2123.5249,2079.9751,2087.7749,70288.0,-0.7239705183071855,-2.422046733993297
1017,2023-10-18,NSE:SAFARI,2089.0,2112.5249,2075.75,2088.67505,70488.0,0.043115280291948124,-0.7239705183071855
1018,2023-10-19,NSE:SAFARI,2116.0,2179.94995,2092.5,2122.5,161032.0,1.6194453033754663,0.043115280291948124
1019,2023-10-20,NSE:SAFARI,2134.0,2228.0,2122.5249,2155.44995,152538.0,1.552412249705544,1.6194453033754663
1020,2023-10-23,NSE:SAFARI,2175.0,2188.69995,2062.5249,2080.375,76360.0,-3.4830291466521954,1.552412249705544
1021,2023-10-25,NSE:SAFARI,2100.0,2111.6001,1925.5,1940.57495,146082.0,-6.71994472150454,-3.4830291466521954
1022,2023-10-26,NSE:SAFARI,1940.975,1987.0,1810.025,1945.275,243702.0,0.24219883906056536,-6.71994472150454
1023,2023-10-27,NSE:SAFARI,1974.07495,2163.6499,1948.5,2132.4751,203612.0,9.623323180527175,0.24219883906056536
1024,2023-10-30,NSE:SAFARI,2135.0,2186.9751,2065.55005,2107.1001,87058.0,-1.1899318308570166,9.623323180527175
1025,2023-10-31,NSE:SAFARI,2117.8501,2155.5,2050.67505,2067.05005,59626.0,-1.9007189074690984,-1.1899318308570166
1026,2023-11-01,NSE:SAFARI,2071.4751,2177.6499,2011.05005,2115.875,386914.0,2.362059399577682,-1.9007189074690984
1027,2023-11-02,NSE:SAFARI,2142.5,2164.8999,1980.5,2024.94995,233344.0,-4.297278903526912,2.362059399577682
1028,2023-11-03,NSE:SAFARI,2062.5,2175.0,2030.0,2158.32495,190546.0,6.586582547385936,-4.297278903526912
1029,2023-11-06,NSE:SAFARI,2152.0249,2164.375,2120.5,2152.4751,65250.0,-0.2710365739876222,6.586582547385936
1030,2023-11-07,NSE:SAFARI,2150.0,2182.6001,2125.0,2151.42505,38044.0,-0.048783375008625326,-0.2710365739876222
1031,2023-11-08,NSE:SAFARI,2153.0,2174.5,2102.5,2114.94995,46368.0,-1.6953925492314807,-0.048783375008625326
1032,2023-11-09,NSE:SAFARI,2119.0,2135.0,2080.0,2086.07495,35360.0,-1.3652805353620778,-1.6953925492314807
1033,2023-11-10,NSE:SAFARI,2100.0,2127.5,2065.67505,2079.0249,47076.0,-0.33795765583591725,-1.3652805353620778
1034,2023-11-12,NSE:SAFARI,2085.025,2144.0,2085.025,2112.5,13580.0,1.6101346357131225,-0.33795765583591725
1035,2023-11-13,NSE:SAFARI,2122.5,2139.5,2054.94995,2105.94995,66876.0,-0.31006153846153034,1.6101346357131225
1036,2023-11-15,NSE:SAFARI,2100.0,2222.0,2099.5,2200.125,145628.0,4.471856038174118,-0.31006153846153034
1037,2023-11-16,NSE:SAFARI,2210.0,2249.5,2171.5,2209.55005,116134.0,0.4283870234645681,4.471856038174118
1038,2023-11-17,NSE:SAFARI,2209.5249,2225.0,2168.2749,2214.0,61260.0,0.20139620734095487,0.4283870234645681
1039,2023-11-20,NSE:SAFARI,2232.0,2245.1001,2170.2251,2206.82495,68932.0,-0.3240763324299832,0.20139620734095487
1040,2023-11-21,NSE:SAFARI,2206.82495,2315.0,2186.0,2257.67505,132464.0,2.3042199155850422,-0.3240763324299832
1041,2023-11-22,NSE:SAFARI,2256.0249,2262.7251,2187.5,2236.75,65766.0,-0.9268406452026756,2.3042199155850422
1042,2023-11-23,NSE:SAFARI,2248.82495,2258.25,2215.57495,2232.3999,65178.0,-0.19448306694982057,-0.9268406452026756
1043,2023-11-24,NSE:SAFARI,2247.5,2257.44995,2223.8501,2246.57495,80278.0,0.6349691200040048,-0.19448306694982057
1044,2023-11-28,NSE:SAFARI,2250.0,2250.19995,2198.5,2224.625,73206.0,-0.9770406280013124,0.6349691200040048
1045,2023-11-29,NSE:SAFARI,2242.5,2242.5,2184.0,2195.2251,30304.0,-1.3215665561611456,-0.9770406280013124
1046,2023-11-30,NSE:SAFARI,2224.5,2243.9751,2145.5,2213.92505,154086.0,0.8518465828401706,-1.3215665561611456
1047,2023-12-01,NSE:SAFARI,2240.0,2257.7251,2200.0,2205.375,70256.0,-0.38619419388202997,0.8518465828401706
1048,2023-12-04,NSE:SAFARI,2247.0,2274.0,2171.5,2189.75,110668.0,-0.7084962874794537,-0.38619419388202997
1049,2023-12-05,NSE:SAFARI,2187.5,2211.9751,2101.5,2114.8501,103446.0,-3.420477223427327,-0.7084962874794537
1050,2023-12-06,NSE:SAFARI,2116.0,2132.4751,2016.275,2042.475,156580.0,-3.4222330934944374,-3.420477223427327
1051,2023-12-07,NSE:SAFARI,2058.5,2067.625,2010.0,2021.92505,88226.0,-1.006129817990421,-3.4222330934944374
1052,2023-12-08,NSE:SAFARI,2020.0,2061.05005,2012.5,2029.82495,89744.0,0.39071181199322347,-1.006129817990421
1053,2023-12-11,NSE:SAFARI,2031.025,2049.5,1932.775,1968.125,262464.0,-3.039668519199153,0.39071181199322347
1054,2023-12-12,NSE:SAFARI,1997.0,2217.8501,1995.05,2140.3,551975.0,8.748174023499534,-3.039668519199153
1055,2023-12-13,NSE:SAFARI,2163.0,2187.0,2070.2,2179.7,168218.0,1.8408634303602127,8.748174023499534
1056,2023-12-14,NSE:SAFARI,2222.0,2222.0,2167.5,2204.05,97325.0,1.1171262100289199,1.8408634303602127
1057,2023-12-15,NSE:SAFARI,2204.05,2211.55,2078.5,2140.1499,57446.0,-2.8992128127764927,1.1171262100289199
1058,2023-12-18,NSE:SAFARI,2164.5,2181.45,2112.0,2126.3501,47337.0,-0.6448053007875653,-2.8992128127764927
1059,2023-12-19,NSE:SAFARI,2113.0,2149.8999,2106.5,2124.8,28952.0,-0.0728995662567481,-0.6448053007875653
1060,2023-12-20,NSE:SAFARI,2129.95,2139.95,2090.0,2118.2,62022.0,-0.31061746987953515,-0.0728995662567481
1061,2023-12-21,NSE:SAFARI,2104.0,2116.8,2063.75,2091.6499,27916.0,-1.2534274383910835,-0.31061746987953515
1062,2023-12-22,NSE:SAFARI,2095.55,2113.6499,2050.0,2063.25,31050.0,-1.3577750272643567,-1.2534274383910835
1063,2023-12-26,NSE:SAFARI,2035.05,2075.0,2011.35,2065.05,57580.0,0.08724100327154644,-1.3577750272643567
1064,2023-12-27,NSE:SAFARI,2060.05,2070.0,1985.0,1992.65,119126.0,-3.5059683784896287,0.08724100327154644
1065,2023-12-28,NSE:SAFARI,2000.0,2020.45,1934.5,1939.4,96642.0,-2.672320778862319,-3.5059683784896287
1066,2023-12-29,NSE:SAFARI,1920.0,1963.7,1881.65,1951.35,172688.0,0.6161699494688985,-2.672320778862319
1067,2024-01-01,NSE:SAFARI,1940.0,1951.35,1884.0,1889.05,239503.0,-3.1926614907628026,0.6161699494688985
1068,2024-01-02,NSE:SAFARI,1891.95,1912.6,1844.2,1868.1,148508.0,-1.109023053915992,-3.1926614907628026
1069,2024-01-03,NSE:SAFARI,1868.0,1886.8,1845.1,1881.0,67719.0,0.6905411915850378,-1.109023053915992
1070,2024-01-04,NSE:SAFARI,1882.2,1939.45,1873.6,1932.3,129861.0,2.727272727272725,0.6905411915850378
1071,2024-01-05,NSE:SAFARI,1943.15,1959.6,1928.2,1944.5,98177.0,0.6313719401749235,2.727272727272725
1072,2024-01-08,NSE:SAFARI,1954.0,1965.35,1913.0,1920.45,55738.0,-1.2368218050912807,0.6313719401749235
1073,2024-01-09,NSE:SAFARI,1940.45,1949.0,1892.55,1914.4,86923.0,-0.31503033143273473,-1.2368218050912807
1074,2024-01-10,NSE:SAFARI,1903.0,1911.5,1875.5,1885.15,45555.0,-1.527893857083159,-0.31503033143273473
1075,2024-01-11,NSE:SAFARI,1924.0,1939.8,1885.15,1896.95,83443.0,0.6259448850224096,-1.527893857083159
1076,2024-01-12,NSE:SAFARI,1935.0,1935.0,1897.25,1904.2,44958.0,0.3821924668546878,0.6259448850224096
1077,2024-01-15,NSE:SAFARI,1909.95,1917.95,1881.25,1884.2,125755.0,-1.050309841403214,0.3821924668546878
1078,2024-01-16,NSE:SAFARI,1889.95,1906.95,1834.95,1861.85,251448.0,-1.186179811060404,-1.050309841403214
1079,2024-01-17,NSE:SAFARI,1861.8,1880.0,1833.6,1860.35,101282.0,-0.08056502940623574,-1.186179811060404
1080,2024-01-18,NSE:SAFARI,1861.35,1906.15,1831.5,1899.6,65778.0,2.109818044991534,-0.08056502940623574
1081,2024-01-19,NSE:SAFARI,1924.0,1924.0,1900.0,1910.65,68085.0,0.5817014108233408,2.109818044991534
1082,2024-01-20,NSE:SAFARI,1925.0,1932.1,1900.95,1929.25,35148.0,0.9734906968832548,0.5817014108233408
1083,2024-01-23,NSE:SAFARI,1931.0,1932.0,1895.35,1909.75,61542.0,-1.0107554749254892,0.9734906968832548
1084,2024-01-24,NSE:SAFARI,1909.05,1919.7,1884.7,1909.85,28985.0,0.00523628747217746,-1.0107554749254892
1085,2024-01-25,NSE:SAFARI,1914.15,1918.35,1890.0,1910.05,25124.0,0.010472026598949942,0.00523628747217746
1086,2024-01-29,NSE:SAFARI,1910.1,1918.0,1883.0,1907.2,40486.0,-0.1492107536451878,0.010472026598949942
1087,2024-01-30,NSE:SAFARI,1905.85,1944.0,1895.2,1942.6,169010.0,1.8561241610738182,-0.1492107536451878
1088,2024-01-31,NSE:SAFARI,1945.0,2039.9,1938.1,2031.9,147076.0,4.596931946875332,1.8561241610738182
1089,2024-02-01,NSE:SAFARI,2040.25,2043.9,1992.25,2019.0,43220.0,-0.6348737634726164,4.596931946875332
1090,2024-02-02,NSE:SAFARI,2024.85,2068.0,2001.15,2026.75,105854.0,0.38385339276869734,-0.6348737634726164
1091,2024-02-05,NSE:SAFARI,2027.0,2047.45,1980.0,2029.65,57578.0,0.14308622178364824,0.38385339276869734
1092,2024-02-06,NSE:SAFARI,2050.0,2056.8999,1997.1,2027.55,47750.0,-0.1034661148473942,0.14308622178364824
1093,2024-02-07,NSE:SAFARI,2041.75,2100.0,2003.5,2044.85,124255.0,0.8532465290621664,-0.1034661148473942
1094,2024-02-08,NSE:SAFARI,2045.0,2108.2,2035.25,2102.1499,94549.0,2.8021566374061657,0.8532465290621664
1095,2024-02-09,NSE:SAFARI,2102.1499,2109.6001,2026.0,2088.3999,80319.0,-0.6540922700136655,2.8021566374061657
1096,2024-02-12,NSE:SAFARI,2051.0,2099.8999,2030.8,2065.3,40611.0,-1.1061052052339069,-0.6540922700136655
1097,2024-02-13,NSE:SAFARI,2089.95,2095.0,2024.95,2080.1001,29514.0,0.7166077567423583,-1.1061052052339069
1098,2024-02-14,NSE:SAFARI,2074.05,2109.25,2058.8501,2091.8,32007.0,0.5624681235292508,0.7166077567423583
1099,2024-02-15,NSE:SAFARI,2091.0,2140.3999,2014.45,2073.05,66628.0,-0.8963572043216368,0.5624681235292508
1100,2024-02-16,NSE:SAFARI,2059.0,2090.95,2039.9,2081.3,34714.0,0.3979643520416777,-0.8963572043216368
1101,2024-02-19,NSE:SAFARI,2056.0,2109.95,2052.25,2071.0,31874.0,-0.49488300581368283,0.3979643520416777
1102,2024-02-20,NSE:SAFARI,2098.0,2098.0,2026.0,2037.3,22481.0,-1.627233220666347,-0.49488300581368283
1103,2024-02-21,NSE:SAFARI,2039.95,2061.55,2025.05,2035.05,23732.0,-0.1104402886172876,-1.627233220666347
1104,2024-02-22,NSE:SAFARI,2035.05,2047.4,1988.05,2002.0,23985.0,-1.6240387214073342,-0.1104402886172876
1105,2024-02-23,NSE:SAFARI,2015.9,2015.9,1964.05,1997.65,26134.0,-0.21728271728271276,-1.6240387214073342
1106,2024-02-26,NSE:SAFARI,1995.0,2010.95,1962.75,1983.75,38168.0,-0.6958175856631588,-0.21728271728271276
1107,2024-02-27,NSE:SAFARI,1978.95,1983.6,1920.0,1965.6,22236.0,-0.914933837429116,-0.6958175856631588
1108,2024-02-28,NSE:SAFARI,1969.95,1971.25,1917.7,1937.1,26081.0,-1.44993894993895,-0.914933837429116
1109,2024-02-29,NSE:SAFARI,1937.0,2057.95,1875.0,2036.2,82991.0,5.115894894429825,-1.44993894993895
1110,2024-03-01,NSE:SAFARI,2031.4,2050.0,1975.0,1991.95,50092.0,-2.173165700815244,5.115894894429825
1111,2024-03-02,NSE:SAFARI,2000.0,2091.5,1940.0,2040.85,8144.0,2.4548808956048025,-2.173165700815244
1112,2024-03-04,NSE:SAFARI,2049.8999,2090.0,2000.0,2030.6,63802.0,-0.5022417130117353,2.4548808956048025
1113,2024-03-05,NSE:SAFARI,2030.0,2080.6001,2021.6,2059.95,48903.0,1.4453856003151733,-0.5022417130117353
1114,2024-03-06,NSE:SAFARI,2060.75,2065.8501,1971.0,1999.1,78186.0,-2.9539551930872068,1.4453856003151733
1115,2024-03-07,NSE:SAFARI,1998.0,2007.65,1926.85,1945.0,43716.0,-2.7062177980091,-2.9539551930872068
1116,2024-03-11,NSE:SAFARI,1940.0,1966.45,1845.0,1851.8,66550.0,-4.7917737789203105,-2.7062177980091
1117,2024-03-12,NSE:SAFARI,1860.0,1860.05,1803.3,1817.65,57443.0,-1.8441516362458075,-4.7917737789203105
1118,2024-03-13,NSE:SAFARI,1817.05,1843.1,1689.9,1711.55,72112.0,-5.837207383159582,-1.8441516362458075
1119,2024-03-14,NSE:SAFARI,1711.55,1782.0,1700.0,1725.75,170422.0,0.8296573281528465,-5.837207383159582
1120,2024-03-15,NSE:SAFARI,1732.6,1750.0,1691.0,1698.85,67311.0,-1.5587425756917335,0.8296573281528465
1121,2024-03-18,NSE:SAFARI,1693.0,1707.4,1648.6,1687.45,64114.0,-0.6710421755893613,-1.5587425756917335
1122,2024-03-19,NSE:SAFARI,1687.45,1699.85,1648.75,1660.8,51643.0,-1.579306053512702,-0.6710421755893613
1123,2024-03-20,NSE:SAFARI,1660.8,1751.0,1650.3,1739.7,72617.0,4.750722543352607,-1.579306053512702
1124,2024-03-21,NSE:SAFARI,1745.0,1789.85,1741.25,1777.65,20655.0,2.181410588032422,4.750722543352607
1125,2024-03-22,NSE:SAFARI,1759.8,1868.95,1755.0,1807.85,57491.0,1.6988721064326398,2.181410588032422
1126,2024-03-26,NSE:SAFARI,1808.0,1823.6,1764.25,1809.7,31401.0,0.10233149874160669,1.6988721064326398
1127,2024-03-27,NSE:SAFARI,1807.95,1809.0,1776.95,1799.75,76932.0,-0.5498148864452697,0.10233149874160669
1128,2024-03-28,NSE:SAFARI,1800.0,1800.0,1710.0,1725.75,93418.0,-4.111682178080289,-0.5498148864452697
1129,2024-04-01,NSE:SAFARI,1724.05,1874.95,1724.0,1838.05,82312.0,6.507315659858031,-4.111682178080289
1130,2024-04-02,NSE:SAFARI,1820.0,1870.3,1795.05,1847.05,68476.0,0.48964935665515086,6.507315659858031
1131,2024-04-03,NSE:SAFARI,1844.95,1876.0,1824.75,1859.55,65939.0,0.6767548252619041,0.48964935665515086
1132,2024-04-04,NSE:SAFARI,1853.45,1937.85,1840.85,1924.4,74421.0,3.487402866284861,0.6767548252619041
1133,2024-04-05,NSE:SAFARI,1926.0,2065.0,1918.0,2042.0,281613.0,6.110995635003113,3.487402866284861
1134,2024-04-08,NSE:SAFARI,2041.9,2041.9,1987.2,2016.05,36601.0,-1.2708129285014713,6.110995635003113
1135,2024-04-09,NSE:SAFARI,2016.0,2035.0,1967.25,1976.1,29772.0,-1.9815976786290046,-1.2708129285014713
1136,2024-04-10,NSE:SAFARI,1990.0,2035.0,1963.95,1978.4,56735.0,0.11639087090735195,-1.9815976786290046
1137,2024-04-12,NSE:SAFARI,1978.45,2108.0,1961.95,1978.1,171213.0,-0.015163768701990593,0.11639087090735195
1138,2024-04-15,NSE:SAFARI,1925.0,2068.0,1905.55,2033.05,88916.0,2.777918204337498,-0.015163768701990593
1139,2024-04-16,NSE:SAFARI,2026.0,2094.1001,2026.0,2066.5,104975.0,1.6453112318929708,2.777918204337498
1140,2024-04-18,NSE:SAFARI,2060.0,2096.2,2027.5,2050.8501,35397.0,-0.7573142995402802,1.6453112318929708
1141,2024-04-19,NSE:SAFARI,2042.35,2124.0,2029.55,2091.3,81558.0,1.972347954635986,-0.7573142995402802
1142,2024-04-22,NSE:SAFARI,2107.25,2175.0,2085.0,2101.95,110605.0,0.5092526179887934,1.972347954635986
1143,2024-04-23,NSE:SAFARI,2122.95,2129.8999,2066.8999,2087.6499,25460.0,-0.6803254121173163,0.5092526179887934
1144,2024-04-24,NSE:SAFARI,2092.2,2104.1499,2056.8501,2069.8999,29345.0,-0.8502383469565467,-0.6803254121173163
1145,2024-04-25,NSE:SAFARI,2055.0,2091.05,2040.05,2050.6499,38328.0,-0.9299966631236614,-0.8502383469565467
1146,2024-04-26,NSE:SAFARI,2059.95,2095.0,2048.0,2061.8,34968.0,0.5437349398354294,-0.9299966631236614
1147,2024-04-29,NSE:SAFARI,2062.0,2107.5,2050.0,2089.25,59904.0,1.3313609467455532,0.5437349398354294
1148,2024-04-30,NSE:SAFARI,2092.95,2147.8999,2075.0,2113.55,25971.0,1.1630968050735997,1.3313609467455532
1149,2024-05-02,NSE:SAFARI,2113.55,2113.55,2035.1,2057.1001,36096.0,-2.6708570887842757,1.1630968050735997
1150,2024-05-03,NSE:SAFARI,2061.0,2095.0,2003.75,2029.7,33998.0,-1.331976990327309,-2.6708570887842757
1151,2024-05-06,NSE:SAFARI,2033.0,2096.55,1995.0,2009.6,37323.0,-0.9902941321377611,-1.331976990327309
1152,2024-05-07,NSE:SAFARI,2009.9,2038.5,1944.0,1972.95,29336.0,-1.8237460191082737,-0.9902941321377611
1153,2024-05-08,NSE:SAFARI,1942.8,2047.0,1942.8,2041.65,21186.0,3.4820953394662837,-1.8237460191082737
1154,2024-05-09,NSE:SAFARI,2055.0,2062.05,1948.8,1977.3,86697.0,-3.151862464183388,3.4820953394662837
1155,2024-05-10,NSE:SAFARI,2004.95,2025.15,1978.45,2013.95,21920.0,1.853537652354225,-3.151862464183388
1156,2024-05-13,NSE:SAFARI,2019.45,2022.0,1970.0,1999.55,19933.0,-0.7150127858189176,1.853537652354225
1157,2024-05-14,NSE:SAFARI,2015.0,2056.0,1980.0,2019.3,158633.0,0.9877222375034383,-0.7150127858189176
1158,2024-05-15,NSE:SAFARI,2020.25,2044.6,1966.05,2022.1,39457.0,0.13866191254394863,0.9877222375034383
1159,2024-05-16,NSE:SAFARI,2022.1,2034.5,1988.8,2027.75,28341.0,0.2794124919638045,0.13866191254394863
1160,2024-05-17,NSE:SAFARI,2040.0,2090.0,2024.7,2079.05,33532.0,2.5298976698311026,0.2794124919638045
1161,2024-05-18,NSE:SAFARI,2174.0,2174.0,2090.05,2112.45,18479.0,1.6065029701065214,2.5298976698311026
1162,2024-05-21,NSE:SAFARI,2112.45,2119.3,2044.15,2100.45,258611.0,-0.5680607825037279,1.6065029701065214
1163,2024-05-22,NSE:SAFARI,2118.8999,2118.8999,2065.95,2078.45,13059.0,-1.0473946059177797,-0.5680607825037279
1164,2024-05-23,NSE:SAFARI,2092.95,2097.7,2038.0,2058.6001,70255.0,-0.9550337992253704,-1.0473946059177797
1165,2024-05-24,NSE:SAFARI,2052.2,2082.0,1999.1,2017.25,22969.0,-2.008651413161794,-0.9550337992253704
1166,2024-05-27,NSE:SAFARI,2017.0,2072.8999,2017.0,2048.55,20318.0,1.5516173007807748,-2.008651413161794
1167,2024-05-28,NSE:SAFARI,2069.05,2072.95,2011.05,2027.6,25331.0,-1.0226745746991905,1.5516173007807748
1168,2024-05-29,NSE:SAFARI,2025.0,2039.95,1999.0,2022.6,14152.0,-0.24659696192542907,-1.0226745746991905
1169,2024-05-30,NSE:SAFARI,2005.0,2010.95,1960.0,1975.85,18283.0,-2.3113813902897262,-0.24659696192542907
1170,2024-05-31,NSE:SAFARI,1975.85,2000.0,1941.95,1967.15,16110.0,-0.44031682566995567,-2.3113813902897262
1171,2024-06-03,NSE:SAFARI,1975.0,2015.5,1892.45,1952.1,111161.0,-0.7650662125409948,-0.44031682566995567
1172,2024-06-04,NSE:SAFARI,1963.7,1978.0,1865.0,1905.1,71874.0,-2.4076635418267505,-0.7650662125409948
1173,2024-06-05,NSE:SAFARI,1931.0,1980.8,1850.0,1970.15,30776.0,3.4145189228911965,-2.4076635418267505
1174,2024-06-06,NSE:SAFARI,1974.85,2020.25,1966.25,2002.3,38845.0,1.6318554424789922,3.4145189228911965
1175,2024-06-07,NSE:SAFARI,2000.0,2032.5,1985.5,2001.65,21971.0,-0.032462667931871525,1.6318554424789922
1176,2024-06-10,NSE:SAFARI,2017.65,2056.45,1988.85,2012.05,36300.0,0.5195713536332457,-0.032462667931871525
1177,2024-06-11,NSE:SAFARI,2039.55,2050.0,2003.3,2031.8,28533.0,0.9815859446832833,0.5195713536332457
1178,2024-06-12,NSE:SAFARI,2032.5,2044.3,2010.05,2025.9,13285.0,-0.2903829117039011,0.9815859446832833
1179,2024-06-13,NSE:SAFARI,2010.05,2070.0,2008.05,2044.8,36981.0,0.9329187027987493,-0.2903829117039011
1180,2024-06-14,NSE:SAFARI,2075.0,2115.5,2052.0,2085.1499,278698.0,1.9732932316118903,0.9329187027987493
1181,2024-06-18,NSE:SAFARI,2086.0,2110.3999,2050.05,2092.05,48828.0,0.33091625690797066,1.9732932316118903
1182,2024-06-19,NSE:SAFARI,2112.95,2112.95,2071.25,2084.5,78996.0,-0.36089003608901227,0.33091625690797066
1183,2024-06-20,NSE:SAFARI,2084.5,2100.0,2049.0,2059.1499,20242.0,-1.2161237706884198,-0.36089003608901227
1184,2024-06-21,NSE:SAFARI,2087.0,2220.0,2052.3501,2130.5,251831.0,3.4650269997342162,-1.2161237706884198
1185,2024-06-24,NSE:SAFARI,2140.0,2146.45,2065.55,2071.7,44985.0,-2.759915512790433,3.4650269997342162
1186,2024-06-25,NSE:SAFARI,2096.0,2096.0,2045.0,2052.1499,30563.0,-0.9436742771636787,-2.759915512790433
1187,2024-06-26,NSE:SAFARI,2050.0,2123.3999,2040.7,2096.3501,110127.0,2.1538485078502414,-0.9436742771636787
1188,2024-06-27,NSE:SAFARI,2104.0,2104.0,2016.0,2028.9,36272.0,-3.217501694969749,2.1538485078502414
1189,2024-06-28,NSE:SAFARI,2049.95,2057.7,2031.0,2038.3,14143.0,0.46330523929222056,-3.217501694969749
1190,2024-07-01,NSE:SAFARI,2066.0,2109.05,2035.0,2100.05,62329.0,3.029485355443273,0.46330523929222056
1191,2024-07-02,NSE:SAFARI,2100.05,2200.0,2082.05,2167.3501,190992.0,3.204690364515127,3.029485355443273
1192,2024-07-03,NSE:SAFARI,2200.0,2200.0,2115.0,2126.3999,48747.0,-1.8894132516938642,3.204690364515127
1193,2024-07-04,NSE:SAFARI,2129.05,2161.0,2110.0,2141.05,39206.0,0.6889625982394136,-1.8894132516938642
1194,2024-07-05,NSE:SAFARI,2136.6001,2182.2,2130.5,2165.8999,30064.0,1.1606408070806242,0.6889625982394136
1195,2024-07-08,NSE:SAFARI,2187.45,2188.0,2120.8,2160.45,32367.0,-0.2516228935603197,1.1606408070806242
1196,2024-07-09,NSE:SAFARI,2150.0,2180.0,2100.05,2113.2,44894.0,-2.187044365757134,-0.2516228935603197
1197,2024-07-10,NSE:SAFARI,2143.45,2155.8999,2060.8501,2128.1001,36213.0,0.7050965360590713,-2.187044365757134
1198,2024-07-11,NSE:SAFARI,2128.1001,2158.0,2118.6499,2154.3,17071.0,1.2311403960744172,0.7050965360590713
1199,2024-07-12,NSE:SAFARI,2154.3,2170.0,2110.0,2129.3501,21586.0,-1.1581441767627567,1.2311403960744172
1200,2024-07-15,NSE:SAFARI,2201.25,2350.0,2130.8,2151.6001,361404.0,1.0449197621377526,-1.1581441767627567
1201,2024-07-16,NSE:SAFARI,2159.0,2180.8,2121.0,2149.45,38226.0,-0.09993027979503687,1.0449197621377526
1202,2024-07-18,NSE:SAFARI,2137.8999,2177.5,2106.05,2149.6001,28041.0,0.006983181744180755,-0.09993027979503687
1203,2024-07-19,NSE:SAFARI,2149.0,2149.3,2045.0,2054.8501,36517.0,-4.407796594352596,0.006983181744180755
1204,2024-07-22,NSE:SAFARI,2054.8501,2090.0,2026.7,2078.3999,34824.0,1.1460592672915544,-4.407796594352596
1205,2024-07-23,NSE:SAFARI,2074.3999,2075.95,2000.0,2061.2,32871.0,-0.8275548897014512,1.1460592672915544
1206,2024-07-24,NSE:SAFARI,2062.05,2168.0,2049.8501,2139.05,61507.0,3.776926062487889,-0.8275548897014512
1207,2024-07-25,NSE:SAFARI,2115.75,2122.25,2080.5,2105.7,17490.0,-1.5591033402678927,3.776926062487889
1208,2024-07-26,NSE:SAFARI,2102.0,2150.75,2072.0,2107.8,32567.0,0.09972930616898722,-1.5591033402678927
1209,2024-07-29,NSE:SAFARI,2116.7,2122.5,2067.2,2075.3999,41753.0,-1.5371524812600954,0.09972930616898722
1210,2024-07-30,NSE:SAFARI,2075.6001,2097.6001,2044.95,2061.95,42756.0,-0.6480630552213128,-1.5371524812600954
1211,2024-07-31,NSE:SAFARI,2060.0,2098.55,2054.05,2071.0,31960.0,0.4389049200999143,-0.6480630552213128
1212,2024-08-01,NSE:SAFARI,2099.95,2125.0,2076.45,2105.6499,34038.0,1.6730999517141423,0.4389049200999143
1213,2024-08-02,NSE:SAFARI,2104.0,2238.3999,2100.0,2147.45,316677.0,1.9851400748054047,1.6730999517141423
1214,2024-08-05,NSE:SAFARI,2095.45,2145.0,2028.0,2058.0,64685.0,-4.165405480919222,1.9851400748054047
1215,2024-08-06,NSE:SAFARI,2058.95,2175.0,2058.95,2142.3,104846.0,4.096209912536452,-4.165405480919222
1216,2024-08-07,NSE:SAFARI,2350.0,2350.0,2178.0,2237.0,1471927.0,4.420482658824619,4.096209912536452
1217,2024-08-08,NSE:SAFARI,2221.25,2329.0,2202.3,2321.6499,342095.0,3.7840813589628914,4.420482658824619
1218,2024-08-09,NSE:SAFARI,2337.8501,2365.0,2282.0,2307.95,265071.0,-0.5900932780605754,3.7840813589628914
1219,2024-08-12,NSE:SAFARI,2414.55,2457.7,2366.0,2388.6499,529992.0,3.4966052124179496,-0.5900932780605754
1220,2024-08-13,NSE:SAFARI,2410.0,2417.0,2361.0,2379.1001,153026.0,-0.3997990664098484,3.4966052124179496
1221,2024-08-14,NSE:SAFARI,2375.0,2400.0,2350.05,2386.1001,61908.0,0.2942288977248162,-0.3997990664098484
1222,2024-08-16,NSE:SAFARI,2400.0,2406.0,2373.1499,2399.6001,69507.0,0.5657767668674084,0.2942288977248162
1223,2024-08-19,NSE:SAFARI,2400.0,2400.0,2351.0,2356.55,80615.0,-1.7940531007645786,0.5657767668674084
1224,2024-08-20,NSE:SAFARI,2360.05,2389.3,2330.05,2343.8999,56389.0,-0.536805923914209,-1.7940531007645786
1225,2024-08-21,NSE:SAFARI,2349.8999,2392.95,2349.8999,2384.1001,36207.0,1.7150988401851215,-0.536805923914209
1226,2024-08-22,NSE:SAFARI,2384.1001,2395.8,2355.0,2362.8999,31274.0,-0.889232796894737,1.7150988401851215
1227,2024-08-23,NSE:SAFARI,2380.05,2400.0,2343.0,2374.95,56948.0,0.5099708201773562,-0.889232796894737
1228,2024-08-26,NSE:SAFARI,2369.95,2391.95,2356.8501,2365.1499,35796.0,-0.41264447672582283,0.5099708201773562
1229,2024-08-27,NSE:SAFARI,2366.8,2388.0,2360.0,2365.8999,32813.0,0.03171046367927885,-0.41264447672582283
1230,2024-08-28,NSE:SAFARI,2364.55,2382.8999,2334.75,2369.8501,163842.0,0.16696395312414625,0.03171046367927885
1231,2024-08-29,NSE:SAFARI,2369.3501,2445.3501,2340.1499,2351.45,98022.0,-0.7764246354653526,0.16696395312414625
1232,2024-08-30,NSE:SAFARI,2384.75,2524.0,2363.05,2476.2,561381.0,5.3052371940717435,-0.7764246354653526
1233,2024-09-02,NSE:SAFARI,2488.0,2573.8999,2446.3999,2494.45,176856.0,0.7370163960907844,5.3052371940717435
1234,2024-09-03,NSE:SAFARI,2502.6499,2507.0,2467.0,2486.2,42441.0,-0.3307342299905791,0.7370163960907844
1235,2024-09-04,NSE:SAFARI,2437.0,2520.0,2437.0,2494.3999,112209.0,0.3298165875633525,-0.3307342299905791
1236,2024-09-05,NSE:SAFARI,2488.0,2510.0,2461.0,2482.55,45989.0,-0.47506015374678723,0.3298165875633525
1237,2024-09-06,NSE:SAFARI,2499.0,2550.0,2460.0,2470.8501,86321.0,-0.4712855733016483,-0.47506015374678723
1238,2024-09-09,NSE:SAFARI,2470.85,2478.9,2416.5,2427.9,38314.0,-1.7382721841361408,-0.4712855733016483
1239,2024-09-10,NSE:SAFARI,2439.0,2517.0,2426.0,2500.2,39101.0,2.9778821203509094,-1.7382721841361408
1240,2024-09-11,NSE:SAFARI,2501.0,2524.4,2460.0,2481.05,89366.0,-0.7659387249019933,2.9778821203509094
1241,2024-09-12,NSE:SAFARI,2495.0,2523.7,2465.0,2478.15,47895.0,-0.11688599584853553,-0.7659387249019933
1242,2024-09-13,NSE:SAFARI,2480.0,2569.9,2474.1,2554.1,88930.0,3.0647862316647423,-0.11688599584853553
1243,2024-09-16,NSE:SAFARI,2550.05,2613.75,2517.1,2534.9,52580.0,-0.7517325085157127,3.0647862316647423
1244,2024-09-17,NSE:SAFARI,2535.0,2575.0,2514.9,2566.6,30856.0,1.2505424277091726,-0.7517325085157127
1245,2024-09-18,NSE:SAFARI,2566.6,2580.0,2493.05,2538.65,64371.0,-1.088989324398029,1.2505424277091726
1246,2024-09-19,NSE:SAFARI,2545.05,2565.0,2492.6,2533.9,44290.0,-0.18710732082012094,-1.088989324398029
1247,2024-09-20,NSE:SAFARI,2536.85,2556.0,2451.0,2467.8,45282.0,-2.6086270176407873,-0.18710732082012094
1248,2024-09-23,NSE:SAFARI,2462.2,2471.45,2395.4,2435.55,108771.0,-1.3068319961098953,-2.6086270176407873
1249,2024-09-24,NSE:SAFARI,2429.0,2469.85,2403.2,2417.55,146815.0,-0.7390527806860873,-1.3068319961098953
1250,2024-09-25,NSE:SAFARI,2417.0,2432.95,2330.0,2416.7,130068.0,-0.03515956236687406,-0.7390527806860873
1251,2024-09-26,NSE:SAFARI,2435.55,2452.3,2350.0,2369.3,63255.0,-1.9613522572102304,-0.03515956236687406
1252,2024-09-27,NSE:SAFARI,2373.1,2381.5,2315.0,2330.15,192533.0,-1.6523867809057564,-1.9613522572102304
1253,2024-09-30,NSE:SAFARI,2330.0,2370.0,2311.0,2351.05,55724.0,0.8969379653670404,-1.6523867809057564
1254,2024-10-01,NSE:SAFARI,2350.0,2430.0,2345.05,2421.5,77475.0,2.9965334637714984,0.8969379653670404
1255,2024-10-03,NSE:SAFARI,2370.5,2448.0,2370.5,2429.1,80806.0,0.3138550485236386,2.9965334637714984
1256,2024-10-04,NSE:SAFARI,2429.1,2597.35,2377.9,2535.85,315044.0,4.394631756617677,0.3138550485236386
1257,2024-10-07,NSE:SAFARI,2535.0,2554.9,2388.15,2408.5,69418.0,-5.02198473884496,4.394631756617677
1258,2024-10-08,NSE:SAFARI,2375.0,2700.0,2373.15,2662.3,241612.0,10.537679053352717,-5.02198473884496
1259,2024-10-09,NSE:SAFARI,2659.95,2673.2,2592.9,2607.55,81497.0,-2.0564925064793598,10.537679053352717
1260,2024-10-10,NSE:SAFARI,2615.85,2673.4,2564.0,2646.5,54135.0,1.4937393338574454,-2.0564925064793598
1261,2024-10-11,NSE:SAFARI,2646.8,2652.35,2582.0,2611.0,30889.0,-1.3413942943510295,1.4937393338574454
1262,2024-10-14,NSE:SAFARI,2610.0,2611.75,2540.1,2567.3,62871.0,-1.6736882420528465,-1.3413942943510295
1263,2024-10-15,NSE:SAFARI,2568.7,2581.95,2533.0,2549.65,84887.0,-0.6874926966073341,-1.6736882420528465
1264,2024-10-16,NSE:SAFARI,2549.8,2561.8,2471.05,2488.85,33230.0,-2.384641029160872,-0.6874926966073341
1265,2024-10-17,NSE:SAFARI,2519.95,2519.95,2445.0,2459.35,32619.0,-1.1852863772425015,-2.384641029160872
1266,2024-10-18,NSE:SAFARI,2459.35,2488.5,2383.5,2475.75,57855.0,0.6668428649846542,-1.1852863772425015
1267,2024-10-21,NSE:SAFARI,2472.1,2498.8,2390.0,2397.95,43103.0,-3.142482076138551,0.6668428649846542
1268,2024-10-22,NSE:SAFARI,2408.75,2446.05,2316.0,2322.4,40276.0,-3.1506078108384137,-3.142482076138551
1269,2024-10-23,NSE:SAFARI,2319.95,2338.15,2234.0,2278.4,76971.0,-1.8945918015845675,-3.1506078108384137
1270,2024-10-24,NSE:SAFARI,2270.0,2299.15,2241.0,2252.2,38800.0,-1.1499297752809108,-1.8945918015845675
1271,2024-10-25,NSE:SAFARI,2250.0,2258.8,2190.0,2222.45,46874.0,-1.3209306455909777,-1.1499297752809108
1272,2024-10-28,NSE:SAFARI,2173.05,2219.15,2144.3,2192.65,129297.0,-1.3408625615874252,-1.3209306455909777
1273,2024-10-29,NSE:SAFARI,2194.15,2217.75,2155.8,2179.35,22119.0,-0.6065719563085847,-1.3408625615874252
1274,2024-10-30,NSE:SAFARI,2180.0,2200.7,2170.0,2187.05,39507.0,0.35331635579417137,-0.6065719563085847
1275,2024-10-31,NSE:SAFARI,2183.95,2266.1,2180.05,2207.4,51613.0,0.9304771267232073,0.35331635579417137
1276,2024-11-01,NSE:SAFARI,2212.1,2291.4,2207.0,2270.75,9717.0,2.8698921808462403,0.9304771267232073
1277,2024-11-04,NSE:SAFARI,2270.8,2284.3,2190.0,2215.75,56033.0,-2.422107233292965,2.8698921808462403
1278,2024-11-05,NSE:SAFARI,2185.25,2240.0,2181.55,2225.55,30796.0,0.4422881642784693,-2.422107233292965
1279,2024-11-06,NSE:SAFARI,2234.25,2244.95,2208.45,2225.25,26452.0,-0.013479813978575268,0.4422881642784693
1280,2024-11-07,NSE:SAFARI,2221.0,2275.0,2213.25,2259.3,34136.0,1.5301651499831561,-0.013479813978575268
1281,2024-11-08,NSE:SAFARI,2264.95,2294.7,2200.0,2234.55,113689.0,-1.0954720488646925,1.5301651499831561
1282,2024-11-11,NSE:SAFARI,2199.65,2318.1,2150.5,2300.5,55507.0,2.951377234789994,-1.0954720488646925
1283,2024-11-12,NSE:SAFARI,2292.0,2331.9,2272.45,2317.55,33425.0,0.7411432297326748,2.951377234789994
1284,2024-11-13,NSE:SAFARI,2290.0,2309.85,2217.05,2300.2,51026.0,-0.7486354123967277,0.7411432297326748
1285,2024-11-14,NSE:SAFARI,2298.35,2343.35,2236.0,2333.45,38456.0,1.4455264759586124,-0.7486354123967277
1286,2024-11-18,NSE:SAFARI,2333.8,2366.1,2290.0,2355.75,33051.0,0.9556665023891742,1.4455264759586124
1287,2024-11-19,NSE:SAFARI,2375.0,2489.9,2349.55,2476.35,61989.0,5.119388729703912,0.9556665023891742
1288,2024-11-21,NSE:SAFARI,2476.0,2513.7,2387.95,2481.05,85104.0,0.18979546509985554,5.119388729703912
1289,2024-11-22,NSE:SAFARI,2482.0,2506.5,2461.55,2499.25,88263.0,0.7335603877390547,0.18979546509985554
1290,2024-11-25,NSE:SAFARI,2534.2,2537.0,2469.65,2516.75,76465.0,0.7002100630189056,0.7335603877390547
1291,2024-11-26,NSE:SAFARI,2517.0,2529.9,2492.4,2507.15,153853.0,-0.38144432303565745,0.7002100630189056
1292,2024-11-27,NSE:SAFARI,2498.0,2515.0,2472.75,2499.75,46442.0,-0.2951558542568291,-0.38144432303565745
1293,2024-11-28,NSE:SAFARI,2499.75,2550.0,2498.8,2524.25,26671.0,0.98009800980098,-0.2951558542568291
1294,2024-11-29,NSE:SAFARI,2524.25,2609.0,2508.0,2585.2,33040.0,2.4145785876993098,0.98009800980098
1295,2024-12-02,NSE:SAFARI,2586.0,2669.95,2577.05,2607.0,55585.0,0.8432616431997596,2.4145785876993098
1296,2024-12-03,NSE:SAFARI,2643.45,2696.0,2615.0,2682.65,54770.0,2.9018028385117027,0.8432616431997596
1297,2024-12-04,NSE:SAFARI,2705.05,2727.55,2634.35,2701.6,100505.0,0.7063910685329736,2.9018028385117027
1298,2024-12-05,NSE:SAFARI,2701.6,2702.5,2639.95,2670.4,33419.0,-1.1548711874444708,0.7063910685329736
1299,2024-12-06,NSE:SAFARI,2670.4,2675.65,2636.3,2661.05,14299.0,-0.3501348112642267,-1.1548711874444708
1300,2024-12-09,NSE:SAFARI,2685.0,2685.0,2612.0,2623.45,50582.0,-1.4129760808703467,-0.3501348112642267
1301,2024-12-10,NSE:SAFARI,2605.0,2725.0,2605.0,2721.45,53591.0,3.735539080218796,-1.4129760808703467
1302,2024-12-11,NSE:SAFARI,2730.0,2744.7,2690.0,2723.75,85612.0,0.084513770232787,3.735539080218796
1303,2024-12-12,NSE:SAFARI,2740.0,2740.0,2688.05,2709.8,18642.0,-0.5121615419917326,0.084513770232787
1304,2024-12-13,NSE:SAFARI,2709.0,2721.15,2690.0,2715.85,27970.0,0.22326370949884594,-0.5121615419917326
1305,2024-12-16,NSE:SAFARI,2703.5,2729.0,2690.65,2699.9,42746.0,-0.5872931126534904,0.22326370949884594
1306,2024-12-17,NSE:SAFARI,2723.0,2723.0,2690.35,2701.9,36041.0,0.07407681765991332,-0.5872931126534904
1307,2024-12-18,NSE:SAFARI,2673.0,2729.9,2673.0,2711.25,29787.0,0.34605277767496606,0.07407681765991332
1308,2024-12-19,NSE:SAFARI,2675.0,2725.0,2672.4,2701.0,20336.0,-0.3780544029506685,0.34605277767496606
1309,2024-12-20,NSE:SAFARI,2700.0,2718.95,2655.0,2691.95,24935.0,-0.3350610884857527,-0.3780544029506685
1310,2024-12-23,NSE:SAFARI,2691.95,2703.2,2540.0,2553.7,27434.0,-5.135682312078605,-0.3350610884857527
1311,2024-12-24,NSE:SAFARI,2553.65,2650.0,2500.0,2553.15,20407.0,-0.021537377139042455,-5.135682312078605
1312,2024-12-26,NSE:SAFARI,2565.15,2567.2,2507.15,2544.45,43095.0,-0.3407555372774914,-0.021537377139042455
1313,2024-12-27,NSE:SAFARI,2530.0,2563.55,2506.5,2523.6,10538.0,-0.8194305252608584,-0.3407555372774914
1314,2024-12-30,NSE:SAFARI,2505.2,2555.55,2480.0,2540.4,23978.0,0.6657156443176487,-0.8194305252608584
1315,2024-12-31,NSE:SAFARI,2533.0,2619.9,2515.2,2601.75,19004.0,2.414974019839392,0.6657156443176487
1316,2025-01-01,NSE:SAFARI,2613.45,2645.35,2590.05,2621.8,9141.0,0.7706351494186675,2.414974019839392
1317,2025-01-02,NSE:SAFARI,2605.05,2645.0,2553.7,2578.95,13233.0,-1.634373331299121,0.7706351494186675
1318,2025-01-03,NSE:SAFARI,2575.15,2668.95,2575.15,2651.8,79470.0,2.8247930359254876,-1.634373331299121
1319,2025-01-06,NSE:SAFARI,2663.55,2686.3,2544.6,2602.0,83657.0,-1.8779696809714226,2.8247930359254876
1320,2025-01-07,NSE:SAFARI,2600.05,2620.0,2574.05,2609.35,12680.0,0.28247501921598417,-1.8779696809714226
1321,2025-01-08,NSE:SAFARI,2585.0,2623.1,2528.0,2566.5,17909.0,-1.6421714220016446,0.28247501921598417
1322,2025-01-09,NSE:SAFARI,2566.5,2575.25,2545.0,2550.3,8123.0,-0.6312098188193968,-1.6421714220016446
1323,2025-01-10,NSE:SAFARI,2532.4,2551.05,2457.55,2500.7,44220.0,-1.9448692310708684,-0.6312098188193968
1324,2025-01-13,NSE:SAFARI,2486.15,2517.65,2420.0,2439.3,31640.0,-2.4553125124964867,-1.9448692310708684
1325,2025-01-14,NSE:SAFARI,2439.3,2465.8,2318.55,2328.75,24622.0,-4.532037879719599,-2.4553125124964867
1326,2025-01-15,NSE:SAFARI,2339.9,2380.45,2334.0,2357.95,20943.0,1.2538915727321445,-4.532037879719599
1327,2025-01-16,NSE:SAFARI,2364.3,2379.65,2285.0,2304.6,75708.0,-2.2625585784261713,1.2538915727321445
1328,2025-01-17,NSE:SAFARI,2307.5,2361.35,2300.05,2324.7,202926.0,0.8721687060661247,-2.2625585784261713
1329,2025-01-20,NSE:SAFARI,2301.3,2339.0,2293.55,2327.95,227303.0,0.13980298533144062,0.8721687060661247
1330,2025-01-21,NSE:SAFARI,2324.5,2389.05,2324.1,2356.35,18142.0,1.2199574733134342,0.13980298533144062
1331,2025-01-22,NSE:SAFARI,2340.7,2355.95,2267.45,2314.5,119429.0,-1.776051944745047,1.2199574733134342
1332,2025-01-23,NSE:SAFARI,2309.0,2363.9,2275.85,2335.6,158345.0,0.9116439835817632,-1.776051944745047
1333,2025-01-24,NSE:SAFARI,2307.0,2374.9,2307.0,2351.0,115384.0,0.6593594793629085,0.9116439835817632
1334,2025-01-27,NSE:SAFARI,2335.0,2368.55,2248.25,2327.5,101548.0,-0.9995746490854955,0.6593594793629085
1335,2025-01-28,NSE:SAFARI,2320.0,2351.65,2256.7,2324.15,134289.0,-0.1439312567132077,-0.9995746490854955
1336,2025-01-29,NSE:SAFARI,2325.75,2594.0,2316.4,2440.1,35909.0,4.98892068067895,-0.1439312567132077
1337,2025-01-30,NSE:SAFARI,2485.65,2499.95,2402.0,2406.75,13846.0,-1.3667472644563712,4.98892068067895
1338,2025-01-31,NSE:SAFARI,2396.65,2430.65,2370.45,2410.0,12894.0,0.13503687545445103,-1.3667472644563712
1339,2025-02-01,NSE:SAFARI,2419.0,2481.0,2375.0,2451.2,13658.0,1.7095435684647227,0.13503687545445103
1340,2025-02-03,NSE:SAFARI,2450.0,2543.95,2427.0,2486.15,154627.0,1.4258322454308205,1.7095435684647227
1341,2025-02-04,NSE:SAFARI,2500.0,2520.95,2352.55,2383.4,71417.0,-4.132896245198399,1.4258322454308205
1342,2025-02-05,NSE:SAFARI,2345.0,2393.9,2280.1,2352.9,168418.0,-1.279684484350088,-4.132896245198399
1343,2025-02-06,NSE:SAFARI,2350.5,2350.5,2260.0,2289.65,113910.0,-2.6881720430107525,-1.279684484350088
1344,2025-02-07,NSE:SAFARI,2289.0,2315.0,2141.0,2179.9,272643.0,-4.7933090210294145,-2.6881720430107525
1345,2025-02-10,NSE:SAFARI,2185.05,2199.9,1970.65,2044.65,289222.0,-6.204413046470021,-4.7933090210294145
1346,2025-02-11,NSE:SAFARI,2045.0,2068.45,1999.3,2033.55,388341.0,-0.5428801995451611,-6.204413046470021
1347,2025-02-12,NSE:SAFARI,2026.0,2036.05,1970.0,1992.85,49034.0,-2.001426077549116,-0.5428801995451611
1348,2025-02-13,NSE:SAFARI,1989.0,2029.8,1966.25,2010.95,42411.0,0.9082469829641036,-2.001426077549116
1349,2025-02-14,NSE:SAFARI,2000.0,2022.0,1956.0,1975.15,28356.0,-1.780253114199754,0.9082469829641036
1350,2025-02-17,NSE:SAFARI,1975.15,1980.0,1895.15,1922.5,62256.0,-2.6656203326329693,-1.780253114199754
1351,2025-02-18,NSE:SAFARI,1922.0,1937.25,1861.55,1880.35,72756.0,-2.192457737321201,-2.6656203326329693
1352,2025-02-19,NSE:SAFARI,1867.0,2022.6,1864.8,1983.4,34806.0,5.480362698433812,-2.192457737321201
1353,2025-02-20,NSE:SAFARI,1963.7,2169.7,1953.0,2160.15,97324.0,8.91146516083493,5.480362698433812
1354,2025-02-21,NSE:SAFARI,2142.9,2187.0,2130.8,2177.9,32597.0,0.8217021966067171,8.91146516083493
1355,2025-02-24,NSE:SAFARI,2166.4,2205.0,2089.2,2200.5,35879.0,1.0376968639515087,0.8217021966067171
1356,2025-02-25,NSE:SAFARI,2175.0,2243.95,2169.5,2231.7,31288.0,1.4178595773687714,1.0376968639515087
1357,2025-02-27,NSE:SAFARI,2216.1,2267.75,2176.25,2202.3,25375.0,-1.317381368463487,1.4178595773687714
1358,2025-02-28,NSE:SAFARI,2172.4,2180.9,2092.85,2136.05,62966.0,-3.008218680470417,-1.317381368463487
1359,2025-03-03,NSE:SAFARI,2150.0,2163.0,2000.0,2022.85,43011.0,-5.299501416165365,-3.008218680470417
1360,2025-03-04,NSE:SAFARI,2018.0,2063.25,1976.0,2018.8,25813.0,-0.2002125713720718,-5.299501416165365
1361,2025-03-05,NSE:SAFARI,2014.0,2128.8,2002.35,2091.55,36669.0,3.603625916385983,-0.2002125713720718
1362,2025-03-06,NSE:SAFARI,2102.85,2148.85,2096.5,2122.95,12881.0,1.501278955798314,3.603625916385983
1363,2025-03-07,NSE:SAFARI,2122.95,2145.7,2060.0,2087.8,17059.0,-1.6557149249864405,1.501278955798314
1364,2025-03-10,NSE:SAFARI,2085.0,2085.0,1960.0,1976.2,27307.0,-5.34533959191494,-1.6557149249864405
1365,2025-03-11,NSE:SAFARI,1976.2,2028.85,1921.2,2004.35,56940.0,1.4244509665013594,-5.34533959191494
1366,2025-03-12,NSE:SAFARI,1992.3,2023.35,1956.05,1965.1,16636.0,-1.9582408262030084,1.4244509665013594
1367,2025-03-13,NSE:SAFARI,1965.2,2009.5,1942.1,1997.45,58723.0,1.6462266551320615,-1.9582408262030084
1368,2025-03-17,NSE:SAFARI,1987.0,2011.95,1963.0,1973.5,20354.0,-1.199028761671133,1.6462266551320615
1369,2025-03-18,NSE:SAFARI,1983.9,2066.1,1981.1,2054.5,21830.0,4.104383075753737,-1.199028761671133
1370,2025-03-19,NSE:SAFARI,2055.0,2091.85,2020.1,2043.5,23558.0,-0.535410075444147,4.104383075753737
1371,2025-03-20,NSE:SAFARI,2040.2,2100.0,2040.2,2077.95,13699.0,1.6858331294347841,-0.535410075444147
1372,2025-03-21,NSE:SAFARI,2077.95,2095.85,2050.0,2065.1,16630.0,-0.6183979402776733,1.6858331294347841
1373,2025-03-24,NSE:SAFARI,2090.0,2121.1,1989.95,2007.45,33528.0,-2.791632366471351,-0.6183979402776733
1374,2025-03-25,NSE:SAFARI,2020.0,2030.9,1949.0,1960.0,49434.0,-2.363695235248701,-2.791632366471351
1375,2025-03-26,NSE:SAFARI,1959.7,1977.75,1933.0,1939.4,19862.0,-1.0510204081632608,-2.363695235248701
1376,2025-03-27,NSE:SAFARI,1925.0,1982.0,1920.0,1939.35,31221.0,-0.002578116943393931,-1.0510204081632608
1377,2025-03-28,NSE:SAFARI,1946.0,2002.0,1946.0,1976.5,33964.0,1.9155902750921747,-0.002578116943393931
1378,2025-04-01,NSE:SAFARI,1976.5,1976.5,1926.0,1942.35,19249.0,-1.7278016696180163,1.9155902750921747
1379,2025-04-02,NSE:SAFARI,1965.0,1965.0,1919.2,1936.8,52831.0,-0.2857363502973179,-1.7278016696180163
1380,2025-04-03,NSE:SAFARI,1936.8,1964.1,1912.8,1930.55,17844.0,-0.32269723254853366,-0.2857363502973179
1381,2025-04-04,NSE:SAFARI,1930.55,1941.35,1900.6,1917.45,17760.0,-0.6785631037787112,-0.32269723254853366
1382,2025-04-07,NSE:SAFARI,1670.15,1960.0,1670.15,1928.4,44972.0,0.571070953610266,-0.6785631037787112
1383,2025-04-08,NSE:SAFARI,1937.5,1993.0,1930.1,1973.95,22066.0,2.362061812901885,0.571070953610266
1384,2025-04-09,NSE:SAFARI,1970.0,1978.9,1940.15,1952.1,47082.0,-1.1069176017629694,2.362061812901885
1385,2025-04-11,NSE:SAFARI,1961.05,2124.0,1961.05,2090.4,69590.0,7.084678039034895,-1.1069176017629694
1386,2025-04-15,NSE:SAFARI,2149.0,2149.0,2086.5,2114.6,39982.0,1.157673172598537,7.084678039034895
1387,2025-04-16,NSE:SAFARI,2143.0,2144.0,2106.5,2129.9,10689.0,0.7235410952426077,1.157673172598537
1388,2025-04-17,NSE:SAFARI,2121.0,2140.0,2094.9,2108.8,147085.0,-0.990656838349214,0.7235410952426077
1389,2025-04-21,NSE:SAFARI,2105.1,2115.0,2065.0,2071.0,48240.0,-1.792488619119887,-0.990656838349214
1390,2025-04-22,NSE:SAFARI,2071.0,2110.0,2052.4,2071.6,17879.0,0.028971511347170888,-1.792488619119887
1391,2025-04-23,NSE:SAFARI,2070.0,2086.0,2041.9,2051.1,14453.0,-0.9895732766943426,0.028971511347170888
1392,2025-04-24,NSE:SAFARI,2055.7,2069.1,2000.6,2011.4,20385.0,-1.9355467797766965,-0.9895732766943426
1393,2025-04-25,NSE:SAFARI,2013.0,2038.4,1964.3,1997.2,17505.0,-0.7059759371582005,-1.9355467797766965
1394,2025-04-28,NSE:SAFARI,1990.0,2005.0,1966.9,1984.4,29644.0,-0.6408972561586197,-0.7059759371582005
1395,2025-04-29,NSE:SAFARI,1984.0,2013.0,1962.9,2002.3,90896.0,0.902035879862924,-0.6408972561586197
1396,2025-04-30,NSE:SAFARI,2004.6,2030.0,1960.0,2004.1,41473.0,0.08989661888827621,0.902035879862924
1397,2025-05-02,NSE:SAFARI,2000.0,2040.9,1950.5,1962.5,19496.0,-2.0757447233171953,0.08989661888827621
1398,2025-05-05,NSE:SAFARI,1962.5,2018.9,1957.7,1996.0,20866.0,1.7070063694267514,-2.0757447233171953
1399,2025-05-06,NSE:SAFARI,1996.0,2031.9,1920.0,1962.1,159719.0,-1.6983967935871789,1.7070063694267514
1400,2025-05-07,NSE:SAFARI,1925.2,2106.3,1875.9,2095.3,60775.0,6.7886448193262465,-1.6983967935871789
1401,2025-05-08,NSE:SAFARI,2077.5,2135.9,2064.1,2091.7,34759.0,-0.17181310552189966,6.7886448193262465
1402,2025-05-09,NSE:SAFARI,2065.0,2110.0,2057.5,2096.8,22293.0,0.24382081560454963,-0.17181310552189966
1403,2025-05-12,NSE:SAFARI,2104.8,2158.2,2080.5,2125.8,19618.0,1.3830599008012208,0.24382081560454963
1404,2025-05-13,NSE:SAFARI,2125.0,2170.0,2106.1,2158.8,21298.0,1.552356759808072,1.3830599008012208
1405,2025-05-14,NSE:SAFARI,2170.0,2225.0,2169.7,2214.0,23975.0,2.5569760978321203,1.552356759808072
1406,2025-05-15,NSE:SAFARI,2220.0,2270.0,2216.8,2260.0,18182.0,2.077687443541102,2.5569760978321203
1407,2025-05-16,NSE:SAFARI,2290.5,2290.5,2236.2,2275.4,19318.0,0.6814159292035439,2.077687443541102
1408,2025-05-19,NSE:SAFARI,2275.0,2321.0,2224.8,2257.8,57221.0,-0.7734903753186213,0.6814159292035439
1409,2025-05-20,NSE:SAFARI,2257.0,2300.0,2257.0,2278.9,22116.0,0.934538045885371,-0.7734903753186213
1410,2025-05-21,NSE:SAFARI,2263.0,2278.0,2212.2,2254.2,22136.0,-1.0838562464346952,0.934538045885371
1411,2025-05-22,NSE:SAFARI,2254.2,2299.4,2242.2,2289.8,140939.0,1.5792742436341216,-1.0838562464346952
1412,2025-05-23,NSE:SAFARI,2289.9,2295.4,2246.1,2263.7,16091.0,-1.139837540396557,1.5792742436341216
1413,2025-05-26,NSE:SAFARI,2252.0,2285.0,2236.2,2280.8,14423.0,0.7554004505897586,-1.139837540396557
1414,2025-05-27,NSE:SAFARI,2280.8,2311.5,2240.0,2295.3,20536.0,0.6357418449666783,0.7554004505897586
1415,2025-05-28,NSE:SAFARI,2312.5,2326.2,2245.0,2251.2,13539.0,-1.9213174748399058,0.6357418449666783
1416,2025-05-29,NSE:SAFARI,2251.2,2297.3,2200.0,2285.5,37870.0,1.523631840796028,-1.9213174748399058
1417,2025-05-30,NSE:SAFARI,2296.9,2323.4,2291.1,2307.7,73620.0,0.9713410632246693,1.523631840796028
1418,2025-06-02,NSE:SAFARI,2341.0,2341.0,2273.0,2292.5,28662.0,-0.6586644711184217,0.9713410632246693
1419,2025-06-03,NSE:SAFARI,2292.5,2309.4,2267.2,2294.2,471307.0,0.07415485278079904,-0.6586644711184217
1420,2025-06-04,NSE:SAFARI,2305.7,2324.9,2229.1,2250.2,63002.0,-1.9178798709789908,0.07415485278079904
1421,2025-06-05,NSE:SAFARI,2250.2,2269.7,2228.7,2250.5,36290.0,0.013332148253496665,-1.9178798709789908
1422,2025-06-06,NSE:SAFARI,2250.0,2252.1,2176.1,2193.3,15615.0,-2.5416574094645554,0.013332148253496665
1423,2025-06-09,NSE:SAFARI,2215.0,2215.0,2172.0,2200.7,54905.0,0.33739114576207707,-2.5416574094645554
1424,2025-06-10,NSE:SAFARI,2201.0,2215.6,2181.7,2192.1,18082.0,-0.3907847503067165,0.33739114576207707
1425,2025-06-11,NSE:SAFARI,2200.0,2212.6,2160.5,2177.6,12937.0,-0.661466173988413,-0.3907847503067165
1426,2025-06-12,NSE:SAFARI,2177.0,2190.2,2157.0,2176.5,21700.0,-0.05051432770021625,-0.661466173988413
1427,2025-06-13,NSE:SAFARI,2165.0,2170.0,2131.7,2160.6,12600.0,-0.7305306685044839,-0.05051432770021625
1428,2025-06-16,NSE:SAFARI,2142.5,2162.0,2122.9,2134.0,18447.0,-1.2311394982875086,-0.7305306685044839
1429,2025-06-17,NSE:SAFARI,2140.0,2172.7,2122.2,2136.0,19871.0,0.09372071227741331,-1.2311394982875086
1430,2025-06-18,NSE:SAFARI,2136.0,2144.0,2112.5,2120.8,5673.0,-0.7116104868913773,0.09372071227741331
1431,2025-06-19,NSE:SAFARI,2175.0,2175.0,2101.0,2145.2,20427.0,1.1505092417955316,-0.7116104868913773
1432,2025-06-20,NSE:SAFARI,2145.2,2154.8,2102.9,2117.8,71363.0,-1.2772701845981558,1.1505092417955316
1433,2025-06-23,NSE:SAFARI,2131.3,2161.6,2110.1,2135.9,14453.0,0.8546604967418976,-1.2772701845981558
1434,2025-06-24,NSE:SAFARI,2146.4,2194.0,2133.5,2149.9,12465.0,0.6554613980055246,0.8546604967418976
1435,2025-06-25,NSE:SAFARI,2149.9,2178.9,2140.2,2149.3,7265.0,-0.027908274803475002,0.6554613980055246
1436,2025-06-26,NSE:SAFARI,2149.1,2159.0,2117.4,2132.5,12104.0,-0.7816498394826307,-0.027908274803475002
1437,2025-06-27,NSE:SAFARI,2131.3,2148.0,2112.0,2127.1,13341.0,-0.2532239155920324,-0.7816498394826307
1438,2025-06-30,NSE:SAFARI,2127.0,2165.0,2121.9,2158.0,11280.0,1.4526820553805695,-0.2532239155920324
1439,2025-07-01,NSE:SAFARI,2152.0,2211.6,2152.0,2195.4,19856.0,1.7330861909175204,1.4526820553805695
1440,2025-07-02,NSE:SAFARI,2195.4,2202.9,2140.0,2160.7,20149.0,-1.5805775712854273,1.7330861909175204
1441,2025-07-03,NSE:SAFARI,2140.1,2182.2,2140.0,2174.8,14274.0,0.6525662979590117,-1.5805775712854273
1442,2025-07-04,NSE:SAFARI,2164.0,2215.0,2160.0,2200.8,20770.0,1.195512231009748,0.6525662979590117
1443,2025-07-07,NSE:SAFARI,2211.8,2255.0,2190.8,2237.2,19519.0,1.6539440203562172,1.195512231009748
1444,2025-07-08,NSE:SAFARI,2250.0,2250.0,2212.0,2229.9,14077.0,-0.32630073305916896,1.6539440203562172
1445,2025-07-09,NSE:SAFARI,2212.5,2233.5,2208.0,2225.6,8866.0,-0.19283375936141448,-0.32630073305916896
1446,2025-07-10,NSE:SAFARI,2225.0,2255.4,2205.3,2230.4,6922.0,0.2156721782890089,-0.19283375936141448
1447,2025-07-11,NSE:SAFARI,2235.0,2249.0,2192.2,2219.4,10147.0,-0.4931850789096126,0.2156721782890089
1448,2025-07-14,NSE:SAFARI,2230.3,2246.9,2165.0,2188.4,35553.0,-1.396773902856628,-0.4931850789096126
1449,2025-07-15,NSE:SAFARI,2188.0,2225.2,2177.1,2205.4,9716.0,0.7768232498629135,-1.396773902856628
1450,2025-07-16,NSE:SAFARI,2205.4,2216.7,2187.3,2200.1,13976.0,-0.24031921646867604,0.7768232498629135
1451,2025-07-17,NSE:SAFARI,2200.1,2237.1,2183.5,2213.3,13567.0,0.5999727285123528,-0.24031921646867604
1452,2025-07-18,NSE:SAFARI,2213.3,2226.7,2183.2,2199.9,11606.0,-0.6054308046807975,0.5999727285123528
1453,2025-07-21,NSE:SAFARI,2199.9,2217.2,2130.0,2153.6,29351.0,-2.10464112005092,-0.6054308046807975
1454,2025-07-22,NSE:SAFARI,2152.0,2173.4,2116.8,2142.6,36078.0,-0.5107726597325408,-2.10464112005092
1455,2025-07-23,NSE:SAFARI,2142.6,2160.1,2123.4,2138.4,6335.0,-0.19602352282273022,-0.5107726597325408
1456,2025-07-24,NSE:SAFARI,2149.0,2160.2,2101.1,2120.8,7952.0,-0.8230452674897076,-0.19602352282273022
1457,2025-07-25,NSE:SAFARI,2120.8,2145.0,2082.1,2110.4,10714.0,-0.4903809883063038,-0.8230452674897076
1458,2025-07-28,NSE:SAFARI,2110.4,2110.4,2017.1,2029.8,36256.0,-3.819181197877186,-0.4903809883063038
1459,2025-07-29,NSE:SAFARI,2029.0,2071.8,2005.2,2056.6,14063.0,1.3203271258252023,-3.819181197877186
1460,2025-07-30,NSE:SAFARI,2056.6,2059.9,2022.9,2035.4,8614.0,-1.0308275795001371,1.3203271258252023
1461,2025-07-31,NSE:SAFARI,2015.0,2112.0,1992.1,2098.2,33881.0,3.085388621401185,-1.0308275795001371
1462,2025-08-01,NSE:SAFARI,2073.5,2188.0,2010.0,2100.8,117653.0,0.12391573729865428,3.085388621401185
1463,2025-08-04,NSE:SAFARI,2129.0,2140.0,2025.0,2098.1,51629.0,-0.1285224676313915,0.12391573729865428
1464,2025-08-05,NSE:SAFARI,2082.5,2124.1,2076.4,2089.3,16975.0,-0.4194271007101533,-0.1285224676313915
1465,2025-08-06,NSE:SAFARI,2089.3,2099.5,2034.4,2057.5,12420.0,-1.522040874934197,-0.4194271007101533
1466,2025-08-07,NSE:SAFARI,2052.5,2072.0,2016.1,2055.4,19619.0,-0.10206561360874405,-1.522040874934197
1467,2025-08-08,NSE:SAFARI,2055.1,2060.1,2031.0,2047.4,9246.0,-0.38921864357302716,-0.10206561360874405
1468,2025-08-11,NSE:SAFARI,2046.9,2049.7,2007.0,2026.3,49361.0,-1.0305753638761421,-0.38921864357302716
1469,2025-08-12,NSE:SAFARI,2026.0,2033.3,2010.4,2021.4,48671.0,-0.2418200661303787,-1.0305753638761421
1470,2025-08-13,NSE:SAFARI,2031.5,2050.0,2017.2,2046.2,24575.0,1.226872464628473,-0.2418200661303787
1471,2025-08-14,NSE:SAFARI,2069.9,2069.9,2046.5,2054.8,55910.0,0.42029127162545876,1.226872464628473
1472,2025-08-18,NSE:SAFARI,2070.1,2085.2,2045.1,2064.6,58382.0,0.4769320615144893,0.42029127162545876
1473,2025-08-19,NSE:SAFARI,2064.6,2064.6,2022.1,2036.8,26397.0,-1.3465077981206992,0.4769320615144893
1474,2025-08-20,NSE:SAFARI,2025.0,2035.9,2000.0,2015.0,98892.0,-1.0703063629222287,-1.3465077981206992
1475,2025-08-21,NSE:SAFARI,2001.1,2032.5,2001.0,2014.6,135446.0,-0.019851116625314687,-1.0703063629222287
1476,2025-08-22,NSE:SAFARI,2025.0,2025.6,2009.9,2013.9,28026.0,-0.0347463516330695,-0.019851116625314687
1477,2025-08-25,NSE:SAFARI,2016.7,2267.0,2016.7,2159.0,407358.0,7.204925765926803,-0.0347463516330695
1478,2025-08-26,NSE:SAFARI,2148.4,2165.0,2088.1,2119.6,54503.0,-1.824918943955539,7.204925765926803
1479,2025-08-28,NSE:SAFARI,2119.6,2139.8,2100.1,2110.2,10243.0,-0.44347990186828135,-1.824918943955539
1480,2025-08-29,NSE:SAFARI,2110.2,2180.0,2095.9,2143.1,33145.0,1.559093924746474,-0.44347990186828135
1481,2025-09-01,NSE:SAFARI,2149.9,2149.9,2097.1,2120.6,12391.0,-1.0498810134851384,1.559093924746474
1482,2025-09-02,NSE:SAFARI,2120.0,2170.0,2106.8,2159.0,12200.0,1.8108082618126988,-1.0498810134851384
1483,2025-09-03,NSE:SAFARI,2159.0,2230.0,2134.0,2153.9,45774.0,-0.23622047244094066,1.8108082618126988
1484,2025-09-04,NSE:SAFARI,2155.6,2179.7,2140.0,2153.3,9369.0,-0.027856446445977488,-0.23622047244094066
1485,2025-09-05,NSE:SAFARI,2150.0,2236.4,2130.0,2146.3,310327.0,-0.32508243161658845,-0.027856446445977488
1486,2025-09-08,NSE:SAFARI,2173.0,2174.2,2115.0,2125.9,16935.0,-0.9504729068629777,-0.32508243161658845
1487,2025-09-09,NSE:SAFARI,2125.0,2205.5,2115.6,2196.1,43251.0,3.3021308622230494,-0.9504729068629777
1488,2025-09-10,NSE:SAFARI,2196.1,2250.4,2175.5,2232.0,45906.0,1.634716087609858,3.3021308622230494
1489,2025-09-11,NSE:SAFARI,2276.6,2277.1,2161.6,2211.4,74185.0,-0.9229390681003544,1.634716087609858
1490,2025-09-12,NSE:SAFARI,2215.1,2290.0,2202.7,2259.0,39893.0,2.1524825902143396,-0.9229390681003544
1491,2025-09-15,NSE:SAFARI,2263.0,2283.2,2223.6,2248.1,31199.0,-0.48251438689686105,2.1524825902143396
1492,2025-09-16,NSE:SAFARI,2250.0,2299.4,2236.1,2282.6,54712.0,1.5346292424714203,-0.48251438689686105
1493,2025-09-17,NSE:SAFARI,2266.6,2290.9,2260.1,2269.5,11328.0,-0.5739069482169417,1.5346292424714203
1494,2025-09-18,NSE:SAFARI,2281.6,2294.4,2245.1,2256.1,10817.0,-0.5904384225600393,-0.5739069482169417
1495,2025-09-19,NSE:SAFARI,2250.1,2285.0,2232.0,2273.0,23603.0,0.7490802712645757,-0.5904384225600393
1496,2025-09-22,NSE:SAFARI,2270.0,2270.0,2225.6,2252.2,23914.0,-0.9150901891773068,0.7490802712645757
1497,2025-09-23,NSE:SAFARI,2249.4,2250.2,2191.0,2204.0,12278.0,-2.1401296510078955,-0.9150901891773068
1498,2025-09-24,NSE:SAFARI,2190.0,2228.0,2176.5,2212.8,15927.0,0.39927404718694115,-2.1401296510078955
1499,2025-09-25,NSE:SAFARI,2207.0,2235.8,2191.0,2217.7,7893.0,0.2214389009399691,0.39927404718694115
1500,2025-09-26,NSE:SAFARI,2217.0,2217.0,2164.2,2191.2,13283.0,-1.1949316859809715,0.2214389009399691
1501,2025-09-29,NSE:SAFARI,2191.2,2220.5,2173.1,2187.3,22520.0,-0.1779846659364566,-1.1949316859809715
1502,2025-09-30,NSE:SAFARI,2175.0,2208.2,2165.0,2188.3,16663.0,0.0457184656882915,-0.1779846659364566
1503,2025-10-01,NSE:SAFARI,2188.0,2218.0,2167.6,2183.2,7272.0,-0.2330576246401482,0.0457184656882915
1504,2025-10-03,NSE:SAFARI,2210.0,2210.0,2158.0,2173.9,10955.0,-0.4259802125320506,-0.2330576246401482
1505,2025-10-06,NSE:SAFARI,2173.9,2209.9,2173.9,2189.8,8077.0,0.7314043884263347,-0.4259802125320506
1506,2025-10-07,NSE:SAFARI,2175.2,2201.9,2170.0,2192.7,6982.0,0.13243218558770828,0.7314043884263347
1507,2025-10-08,NSE:SAFARI,2192.1,2280.0,2182.1,2258.6,33233.0,3.005427099010357,0.13243218558770828
1508,2025-10-09,NSE:SAFARI,2257.9,2280.1,2213.7,2268.4,31636.0,0.43389710440096446,3.005427099010357
1509,2025-10-10,NSE:SAFARI,2284.4,2291.9,2217.6,2236.4,14514.0,-1.4106859460412626,0.43389710440096446
1510,2025-10-13,NSE:SAFARI,2236.1,2236.1,2192.5,2207.2,14343.0,-1.3056698265068982,-1.4106859460412626
1511,2025-10-14,NSE:SAFARI,2182.2,2215.0,2168.1,2183.6,10039.0,-1.0692279811525875,-1.3056698265068982
1512,2025-10-15,NSE:SAFARI,2165.5,2248.9,2165.0,2222.4,25052.0,1.7768822128595065,-1.0692279811525875
1513,2025-10-16,NSE:SAFARI,2202.4,2225.5,2190.0,2202.9,7024.0,-0.8774298056155507,1.7768822128595065
1514,2025-10-17,NSE:SAFARI,2202.9,2208.9,2150.1,2158.6,10260.0,-2.0109855190884827,-0.8774298056155507
1515,2025-10-20,NSE:SAFARI,2160.1,2187.5,2092.0,2102.4,15623.0,-2.603539331047893,-2.0109855190884827
1516,2025-10-21,NSE:SAFARI,2125.4,2127.7,2104.4,2117.6,1733.0,0.7229832572298238,-2.603539331047893
1517,2025-10-23,NSE:SAFARI,2112.0,2125.1,2080.0,2082.5,12667.0,-1.6575368341518657,0.7229832572298238
1518,2025-10-24,NSE:SAFARI,2081.0,2129.8,2052.1,2118.1,27911.0,1.7094837935174028,-1.6575368341518657
1519,2025-10-27,NSE:SAFARI,2118.1,2155.0,2102.2,2150.3,17730.0,1.5202303951654914,1.7094837935174028
1520,2025-10-28,NSE:SAFARI,2150.5,2164.9,2110.0,2130.3,22492.0,-0.9301027763567874,1.5202303951654914
1521,2025-10-29,NSE:SAFARI,2145.9,2165.9,2109.0,2159.2,24565.0,1.3566164389991848,-0.9301027763567874
1522,2025-10-30,NSE:SAFARI,2159.2,2163.5,2130.1,2149.4,6692.0,-0.45387180437197705,1.3566164389991848
1523,2025-10-31,NSE:SAFARI,2149.0,2171.2,2120.3,2134.8,14868.0,-0.6792593281846054,-0.45387180437197705
1524,2025-11-03,NSE:SAFARI,2129.9,2179.0,2113.3,2154.3,59166.0,0.9134345137717819,-0.6792593281846054
1525,2025-11-04,NSE:SAFARI,2133.0,2142.4,2087.9,2105.0,35839.0,-2.288446363087786,0.9134345137717819
1526,2025-11-06,NSE:SAFARI,2105.0,2130.0,2064.1,2083.0,27046.0,-1.0451306413301662,-2.288446363087786
1527,2025-11-07,NSE:SAFARI,2079.9,2080.0,2040.0,2048.5,7389.0,-1.6562650024003842,-1.0451306413301662
1528,2025-11-10,NSE:SAFARI,2048.5,2277.6,2003.0,2147.5,414411.0,4.832804491091043,-1.6562650024003842
1529,2025-11-11,NSE:SAFARI,2109.9,2208.0,2087.7,2187.8,93344.0,1.8766006984866208,4.832804491091043
1530,2025-11-12,NSE:SAFARI,2188.2,2198.4,2141.2,2173.9,55919.0,-0.6353414388883851,1.8766006984866208
1531,2025-11-13,NSE:SAFARI,2189.9,2310.1,2152.3,2253.7,92715.0,3.670822024932137,-0.6353414388883851
1532,2025-11-14,NSE:SAFARI,2206.0,2250.6,2206.0,2241.0,13298.0,-0.5635177707769365,3.670822024932137
1533,2025-11-17,NSE:SAFARI,2253.0,2312.5,2249.5,2299.1,81441.0,2.5925925925925886,-0.5635177707769365
1534,2025-11-18,NSE:SAFARI,2299.1,2309.6,2276.2,2300.5,16167.0,0.060893393066856205,2.5925925925925886
1535,2025-11-19,NSE:SAFARI,2304.6,2309.1,2267.1,2288.3,20114.0,-0.530319495761783,0.060893393066856205
1536,2025-11-20,NSE:SAFARI,2280.0,2307.1,2262.5,2280.0,18411.0,-0.36271467901936727,-0.530319495761783
1537,2025-11-21,NSE:SAFARI,2262.6,2289.0,2232.6,2275.0,9816.0,-0.21929824561403508,-0.36271467901936727
1538,2025-11-24,NSE:SAFARI,2290.8,2419.0,2290.8,2382.9,189416.0,4.742857142857146,-0.21929824561403508
1539,2025-11-25,NSE:SAFARI,2399.0,2487.9,2391.0,2465.5,123677.0,3.466364513827685,4.742857142857146
1540,2025-11-26,NSE:SAFARI,2472.9,2507.1,2434.0,2492.6,51707.0,1.0991685256540218,3.466364513827685
1541,2025-11-27,NSE:SAFARI,2500.0,2502.6,2421.0,2446.1,25837.0,-1.8655219449570728,1.0991685256540218
1542,2025-11-28,NSE:SAFARI,2432.2,2449.0,2403.5,2429.8,20370.0,-0.6663668697109574,-1.8655219449570728
1543,2025-12-01,NSE:SAFARI,2449.9,2453.9,2407.1,2435.4,16388.0,0.23047164375668405,-0.6663668697109574
1544,2025-12-02,NSE:SAFARI,2450.0,2453.0,2300.1,2351.8,63551.0,-3.4327009936765998,0.23047164375668405
1545,2025-12-03,NSE:SAFARI,2351.8,2452.8,2326.3,2440.3,37200.0,3.7630750914193376,-3.4327009936765998
1546,2025-12-04,NSE:SAFARI,2417.3,2454.9,2374.2,2390.1,18958.0,-2.0571241240831153,3.7630750914193376
1547,2025-12-05,NSE:SAFARI,2390.0,2394.8,2345.3,2379.3,19229.0,-0.4518639387473214,-2.0571241240831153
1548,2025-12-08,NSE:SAFARI,2367.5,2392.0,2296.4,2332.7,20912.0,-1.9585592401126535,-0.4518639387473214
1549,2025-12-09,NSE:SAFARI,2313.0,2390.3,2304.7,2375.1,16696.0,1.8176362155442234,-1.9585592401126535
1550,2025-12-10,NSE:SAFARI,2375.1,2407.0,2315.1,2322.0,7106.0,-2.235695339143611,1.8176362155442234
1551,2025-12-11,NSE:SAFARI,2310.5,2318.3,2272.5,2308.7,7560.0,-0.5727820844099992,-2.235695339143611
1552,2025-12-12,NSE:SAFARI,2315.0,2326.9,2290.0,2295.4,26218.0,-0.5760817776237592,-0.5727820844099992
1553,2025-12-15,NSE:SAFARI,2272.6,2309.8,2271.3,2288.4,11227.0,-0.3049577415700967,-0.5760817776237592
1554,2025-12-16,NSE:SAFARI,2275.2,2292.1,2234.0,2261.0,16964.0,-1.1973431218318515,-0.3049577415700967
1555,2025-12-17,NSE:SAFARI,2260.0,2260.0,2207.4,2224.6,18323.0,-1.6099071207430382,-1.1973431218318515
1556,2025-12-18,NSE:SAFARI,2224.0,2224.0,2181.4,2196.8,14144.0,-1.249662860738997,-1.6099071207430382
1557,2025-12-19,NSE:SAFARI,2197.0,2220.0,2184.0,2208.4,8567.0,0.5280407865986848,-1.249662860738997
1558,2025-12-22,NSE:SAFARI,2230.0,2230.0,2190.0,2212.1,10547.0,0.1675421119362352,0.5280407865986848
1559,2025-12-23,NSE:SAFARI,2212.1,2220.9,2191.0,2199.8,11074.0,-0.5560327290809515,0.1675421119362352
1560,2025-12-24,NSE:SAFARI,2217.9,2312.7,2201.3,2270.4,64378.0,3.209382671151918,-0.5560327290809515
1561,2025-12-26,NSE:SAFARI,2270.4,2289.9,2203.0,2232.6,16565.0,-1.6649048625792893,3.209382671151918
1562,2025-12-29,NSE:SAFARI,2212.6,2230.5,2173.6,2196.5,30671.0,-1.616948848875746,-1.6649048625792893
1563,2025-12-30,NSE:SAFARI,2190.0,2194.9,2165.6,2167.1,9192.0,-1.3384930571363574,-1.616948848875746
1564,2025-12-31,NSE:SAFARI,2190.0,2190.1,2131.2,2174.4,51292.0,0.33685570578192897,-1.3384930571363574
1565,2026-01-01,NSE:SAFARI,2169.9,2205.4,2157.6,2180.0,20198.0,0.25754231052243876,0.33685570578192897
1566,2026-01-02,NSE:SAFARI,2180.0,2197.2,2154.8,2168.5,11479.0,-0.5275229357798166,0.25754231052243876
1567,2026-01-05,NSE:SAFARI,2166.0,2239.1,2127.0,2194.7,36033.0,1.2082084390131345,-0.5275229357798166
1568,2026-01-06,NSE:SAFARI,2187.7,2187.7,2135.2,2153.9,14738.0,-1.8590240123934811,1.2082084390131345
1569,2026-01-07,NSE:SAFARI,2153.0,2153.0,2102.2,2117.8,17939.0,-1.6760295278332287,-1.8590240123934811
1570,2026-01-08,NSE:SAFARI,2105.3,2140.9,2105.0,2110.2,8923.0,-0.35886297100766656,-1.6760295278332287
1571,2026-01-09,NSE:SAFARI,2109.9,2130.0,2065.6,2111.6,9244.0,0.06634442232964131,-0.35886297100766656
1572,2026-01-12,NSE:SAFARI,2110.0,2110.0,2026.5,2065.4,55272.0,-2.187914377723045,0.06634442232964131
1573,2026-01-13,NSE:SAFARI,2061.4,2139.6,2061.4,2123.8,22379.0,2.8275394596688335,-2.187914377723045
1574,2026-01-14,NSE:SAFARI,2105.6,2113.2,2052.1,2079.5,31533.0,-2.0858837932008747,2.8275394596688335
1575,2026-01-16,NSE:SAFARI,2075.0,2088.0,2052.6,2072.7,13647.0,-0.327001683096907,-2.0858837932008747
1576,2026-01-19,NSE:SAFARI,2072.7,2072.7,1985.3,1999.0,30860.0,-3.555748540550964,-0.327001683096907
1577,2026-01-20,NSE:SAFARI,1999.0,2015.0,1946.6,1969.6,32065.0,-1.4707353676838464,-3.555748540550964
1578,2026-01-21,NSE:SAFARI,1965.0,1974.0,1900.0,1956.0,38150.0,-0.690495532087729,-1.4707353676838464
1579,2026-01-22,NSE:SAFARI,1955.9,1975.5,1921.0,1960.0,13129.0,0.2044989775051125,-0.690495532087729
1580,2026-01-23,NSE:SAFARI,1958.1,1988.5,1956.5,1981.6,11014.0,1.102040816326526,0.2044989775051125
1581,2026-01-27,NSE:SAFARI,1974.3,2017.8,1930.8,2004.4,19235.0,1.150585385547042,1.102040816326526
1582,2026-01-28,NSE:SAFARI,2005.0,2038.0,1975.0,2027.0,36320.0,1.1275194571941682,1.150585385547042
1583,2026-01-29,NSE:SAFARI,2016.9,2027.0,1932.6,1943.4,25316.0,-4.124321657622097,1.1275194571941682
1584,2026-01-30,NSE:SAFARI,1953.1,2075.2,1920.0,2031.9,116714.0,4.553874652670578,-4.124321657622097
1585,2026-02-01,NSE:SAFARI,2012.6,2021.7,1965.3,2001.4,11521.0,-1.5010581229391209,4.553874652670578
1586,2026-02-02,NSE:SAFARI,1976.0,2013.9,1946.4,1996.5,116498.0,-0.2448286199660283,-1.5010581229391209
1587,2026-02-03,NSE:SAFARI,2014.5,2090.1,1997.8,2064.0,25791.0,3.3809166040571,-0.2448286199660283
