,datetime,symbol,open,high,low,close,volume,change (%),last day change (%)
0,2007-02-06,NSE:TIMKEN,145.0,170.89999,145.0,166.89999,106999.0,,
1,2007-02-07,NSE:TIMKEN,168.89999,169.0,155.14999,158.10001,40164.0,-5.272606667022571,
2,2007-02-08,NSE:TIMKEN,161.5,161.5,150.0,153.14999,5361.0,-3.1309422434571603,-5.272606667022571
3,2007-02-09,NSE:TIMKEN,162.0,162.0,146.0,147.35001,3010.0,-3.7871239821824374,-3.1309422434571603
4,2007-02-12,NSE:TIMKEN,147.0,147.0,140.0,143.14999,5823.0,-2.850369674219903,-3.7871239821824374
5,2007-02-13,NSE:TIMKEN,144.25,146.0,136.2,141.5,3990.0,-1.152630188797081,-2.850369674219903
6,2007-02-14,NSE:TIMKEN,124.0,139.0,124.0,136.64999,4674.0,-3.4275689045936377,-1.152630188797081
7,2007-02-15,NSE:TIMKEN,142.25,142.25,135.60001,138.85001,5991.0,1.6099671869716163,-3.4275689045936377
8,2007-02-19,NSE:TIMKEN,133.64999,141.8,133.0,133.89999,5549.0,-3.565012346776205,1.6099671869716163
9,2007-02-20,NSE:TIMKEN,133.55,134.0,132.0,132.0,2308.0,-1.4189620178463063,-3.565012346776205
10,2007-02-21,NSE:TIMKEN,136.0,137.0,130.5,134.10001,3506.0,1.5909166666666648,-1.4189620178463063
11,2007-02-22,NSE:TIMKEN,135.0,135.0,129.10001,130.5,4135.0,-2.6845710153190874,1.5909166666666648
12,2007-02-23,NSE:TIMKEN,130.05,131.89999,128.8,130.55,4692.0,0.03831417624521944,-2.6845710153190874
13,2007-02-26,NSE:TIMKEN,136.95,137.0,130.05,130.64999,1789.0,0.07659134431251714,0.03831417624521944
14,2007-02-27,NSE:TIMKEN,132.0,133.5,128.2,130.0,5155.0,-0.4975048218526481,0.07659134431251714
15,2007-02-28,NSE:TIMKEN,122.0,132.89999,122.0,128.75,1345.0,-0.9615384615384616,-0.4975048218526481
16,2007-03-01,NSE:TIMKEN,120.25,147.0,120.25,128.14999,1888.0,-0.4660271844660175,-0.9615384615384616
17,2007-03-02,NSE:TIMKEN,128.5,130.95,125.8,127.0,1186.0,-0.8973781425968138,-0.4660271844660175
18,2007-03-05,NSE:TIMKEN,118.15,148.0,115.1,120.5,9332.0,-5.118110236220472,-0.8973781425968138
19,2007-03-06,NSE:TIMKEN,122.9,125.35,118.95,120.25,2465.0,-0.2074688796680498,-5.118110236220472
20,2007-03-07,NSE:TIMKEN,124.2,124.25,116.55,117.0,3867.0,-2.7027027027027026,-0.2074688796680498
21,2007-03-08,NSE:TIMKEN,115.1,119.75,115.1,116.5,2177.0,-0.4273504273504274,-2.7027027027027026
22,2007-03-09,NSE:TIMKEN,116.0,119.9,115.0,115.65,6921.0,-0.7296137339055746,-0.4273504273504274
23,2007-03-12,NSE:TIMKEN,115.25,121.45,113.65,116.9,1908.0,1.0808473843493298,-0.7296137339055746
24,2007-03-13,NSE:TIMKEN,117.2,120.1,116.4,119.0,1445.0,1.7964071856287376,1.0808473843493298
25,2007-03-14,NSE:TIMKEN,119.9,119.95,116.15,117.55,1170.0,-1.2184873949579855,1.7964071856287376
26,2007-03-15,NSE:TIMKEN,115.25,122.75,115.0,118.8,12251.0,1.0633772862611655,-1.2184873949579855
27,2007-03-16,NSE:TIMKEN,117.65,118.0,116.5,118.0,596.0,-0.673400673400671,1.0633772862611655
28,2007-03-19,NSE:TIMKEN,118.5,118.5,115.0,116.35,5571.0,-1.3983050847457676,-0.673400673400671
29,2007-03-20,NSE:TIMKEN,119.5,130.0,117.25,119.75,2196.0,2.9222174473571174,-1.3983050847457676
30,2007-03-21,NSE:TIMKEN,115.65,119.45,115.65,118.0,664.0,-1.4613778705636742,2.9222174473571174
31,2007-03-22,NSE:TIMKEN,117.75,120.5,117.75,119.5,836.0,1.2711864406779663,-1.4613778705636742
32,2007-03-23,NSE:TIMKEN,119.5,120.0,117.65,119.6,961.0,0.08368200836819609,1.2711864406779663
33,2007-03-26,NSE:TIMKEN,116.3,120.0,114.05,117.4,13030.0,-1.8394648829431341,0.08368200836819609
34,2007-03-28,NSE:TIMKEN,117.0,117.0,115.2,115.45,1626.0,-1.6609880749574129,-1.8394648829431341
35,2007-03-29,NSE:TIMKEN,116.0,118.0,115.45,116.55,1601.0,0.9527934170636589,-1.6609880749574129
36,2007-03-30,NSE:TIMKEN,115.5,121.8,115.25,118.8,804.0,1.9305019305019304,0.9527934170636589
37,2007-04-02,NSE:TIMKEN,118.95,119.05,114.65,115.3,535.0,-2.9461279461279464,1.9305019305019304
38,2007-04-03,NSE:TIMKEN,115.95,115.95,115.95,115.95,0.0,0.5637467476149225,-2.9461279461279464
39,2007-04-04,NSE:TIMKEN,119.45,125.0,116.25,116.7,875.0,0.6468305304010349,0.5637467476149225
40,2007-04-05,NSE:TIMKEN,119.0,119.0,114.7,116.05,704.0,-0.5569837189374512,0.6468305304010349
41,2007-04-09,NSE:TIMKEN,119.85,120.0,117.4,120.0,4070.0,3.403705299439899,-0.5569837189374512
42,2007-04-10,NSE:TIMKEN,119.5,122.45,119.0,120.2,2083.0,0.16666666666666904,3.403705299439899
43,2007-04-11,NSE:TIMKEN,125.5,125.5,120.0,122.9,750.0,2.2462562396006676,0.16666666666666904
44,2007-04-12,NSE:TIMKEN,120.55,123.0,119.25,120.0,3280.0,-2.3596419853539508,2.2462562396006676
45,2007-04-13,NSE:TIMKEN,119.1,121.3,119.1,120.05,2331.0,0.0416666666666643,-2.3596419853539508
46,2007-04-16,NSE:TIMKEN,115.0,122.75,115.0,121.75,2499.0,1.4160766347355291,0.0416666666666643
47,2007-04-17,NSE:TIMKEN,115.5,121.5,115.5,118.4,1971.0,-2.751540041067757,1.4160766347355291
48,2007-04-18,NSE:TIMKEN,118.05,120.95,118.05,118.15,1279.0,-0.21114864864864863,-2.751540041067757
49,2007-04-19,NSE:TIMKEN,120.8,126.0,120.4,121.55,4105.0,2.877697841726611,-0.21114864864864863
50,2007-04-20,NSE:TIMKEN,124.0,124.75,121.1,121.2,2704.0,-0.2879473467708715,2.877697841726611
51,2007-04-23,NSE:TIMKEN,123.25,125.3,122.1,123.15,7170.0,1.6089108910891115,-0.2879473467708715
52,2007-04-24,NSE:TIMKEN,124.9,124.9,121.05,123.0,1692.0,-0.12180267965895711,1.6089108910891115
53,2007-04-25,NSE:TIMKEN,113.05,124.9,113.05,122.95,482.0,-0.04065040650406273,-0.12180267965895711
54,2007-04-26,NSE:TIMKEN,106.0,125.1,106.0,124.7,2091.0,1.4233428222854818,-0.04065040650406273
55,2007-04-27,NSE:TIMKEN,127.0,128.10001,122.4,123.0,2468.0,-1.3632718524458722,1.4233428222854818
56,2007-04-30,NSE:TIMKEN,121.5,124.9,121.5,121.55,2139.0,-1.1788617886178885,-1.3632718524458722
57,2007-05-03,NSE:TIMKEN,118.0,123.8,118.0,121.35,1740.0,-0.1645413410119316,-1.1788617886178885
58,2007-05-04,NSE:TIMKEN,121.5,121.5,119.0,120.7,2182.0,-0.5356407086938537,-0.1645413410119316
59,2007-05-07,NSE:TIMKEN,119.0,121.8,118.15,119.3,1108.0,-1.1599005799502948,-0.5356407086938537
60,2007-05-08,NSE:TIMKEN,117.15,122.0,115.3,120.7,1804.0,1.173512154233031,-1.1599005799502948
61,2007-05-09,NSE:TIMKEN,118.55,121.45,118.0,120.0,1211.0,-0.5799502899751474,1.173512154233031
62,2007-05-10,NSE:TIMKEN,118.3,122.0,118.3,119.85,2177.0,-0.12500000000000472,-0.5799502899751474
63,2007-05-11,NSE:TIMKEN,117.5,121.0,117.5,118.0,733.0,-1.5435961618689982,-0.12500000000000472
64,2007-05-14,NSE:TIMKEN,118.3,119.95,117.3,118.35,3743.0,0.29661016949152064,-1.5435961618689982
65,2007-05-15,NSE:TIMKEN,116.5,120.95,116.5,120.65,2993.0,1.9433882551753372,0.29661016949152064
66,2007-05-16,NSE:TIMKEN,117.0,121.0,117.0,120.5,2604.0,-0.12432656444260727,1.9433882551753372
67,2007-05-17,NSE:TIMKEN,118.0,121.9,118.0,120.45,2313.0,-0.0414937759336076,-0.12432656444260727
68,2007-05-18,NSE:TIMKEN,118.0,120.05,118.0,119.45,1815.0,-0.8302200083022,-0.0414937759336076
69,2007-05-21,NSE:TIMKEN,110.5,124.5,110.5,119.0,19080.0,-0.37672666387610115,-0.8302200083022
70,2007-05-22,NSE:TIMKEN,118.2,121.45,117.2,120.55,2196.0,1.302521008403359,-0.37672666387610115
71,2007-05-23,NSE:TIMKEN,120.0,144.7,120.0,144.3,253468.0,19.701368726669443,1.302521008403359
72,2007-05-24,NSE:TIMKEN,145.0,169.8,144.05,162.55,584297.0,12.647262647262647,19.701368726669443
73,2007-05-25,NSE:TIMKEN,157.3,163.7,154.0,156.95,0.0,-3.4450938172870025,12.647262647262647
74,2007-05-28,NSE:TIMKEN,160.0,161.8,149.2,151.95,95313.0,-3.185727938834024,-3.4450938172870025
75,2007-05-29,NSE:TIMKEN,147.0,156.8,147.0,149.45,48533.0,-1.6452780519907866,-3.185727938834024
76,2007-05-30,NSE:TIMKEN,149.0,152.95,142.05,143.0,24411.0,-4.315824690531944,-1.6452780519907866
77,2007-05-31,NSE:TIMKEN,149.7,149.7,140.05,142.39999,12709.0,-0.41958741258741084,-4.315824690531944
78,2007-06-01,NSE:TIMKEN,141.3,144.85001,140.10001,141.0,9879.0,-0.9831391139844902,-0.41958741258741084
79,2007-06-04,NSE:TIMKEN,142.2,147.7,142.10001,143.05,19883.0,1.4539007092198661,-0.9831391139844902
80,2007-06-05,NSE:TIMKEN,142.0,143.05,138.14999,139.3,12740.0,-2.6214610276127224,1.4539007092198661
81,2007-06-06,NSE:TIMKEN,139.0,141.8,137.10001,137.5,5242.0,-1.2921751615219033,-2.6214610276127224
82,2007-06-07,NSE:TIMKEN,137.10001,138.75,136.10001,137.39999,3313.0,-0.07273454545454362,-1.2921751615219033
83,2007-06-08,NSE:TIMKEN,135.0,150.89999,135.0,145.89999,27387.0,6.186317771929969,-0.07273454545454362
84,2007-06-11,NSE:TIMKEN,150.89999,159.95,142.10001,144.10001,12598.0,-1.2337081037497022,6.186317771929969
85,2007-06-12,NSE:TIMKEN,144.10001,145.0,131.14999,139.05,10552.0,-3.5045174528440257,-1.2337081037497022
86,2007-06-13,NSE:TIMKEN,139.0,139.0,136.0,136.3,4260.0,-1.9777058612010068,-3.5045174528440257
87,2007-06-14,NSE:TIMKEN,136.0,142.5,136.0,139.7,3859.0,2.4944974321349798,-1.9777058612010068
88,2007-06-15,NSE:TIMKEN,138.5,142.8,136.5,140.55,5130.0,0.6084466714388137,2.4944974321349798
89,2007-06-18,NSE:TIMKEN,139.64999,142.60001,137.0,137.55,2322.0,-2.134471718249733,0.6084466714388137
90,2007-06-19,NSE:TIMKEN,137.55,140.89999,133.5,138.55,16036.0,0.7270083605961468,-2.134471718249733
91,2007-06-20,NSE:TIMKEN,137.05,138.75,136.05,138.10001,3200.0,-0.3247852760736296,0.7270083605961468
92,2007-06-21,NSE:TIMKEN,138.0,139.25,135.0,137.25,3593.0,-0.6155032139389399,-0.3247852760736296
93,2007-06-22,NSE:TIMKEN,137.14999,149.5,137.0,145.35001,26463.0,5.901646630236793,-0.6155032139389399
94,2007-06-25,NSE:TIMKEN,143.55,155.0,143.55,147.5,21914.0,1.479181184782858,5.901646630236793
95,2007-06-26,NSE:TIMKEN,151.0,151.0,144.05,145.35001,5170.0,-1.4576203389830524,1.479181184782858
96,2007-06-27,NSE:TIMKEN,146.5,146.5,140.60001,141.75,6223.0,-2.4767868953018977,-1.4576203389830524
97,2007-06-28,NSE:TIMKEN,141.25,147.0,140.35001,146.3,8683.0,3.2098765432098846,-2.4767868953018977
98,2007-06-29,NSE:TIMKEN,146.5,146.5,142.05,142.45,5194.0,-2.6315789473684363,3.2098765432098846
99,2007-07-02,NSE:TIMKEN,143.5,144.25,141.10001,141.35001,3397.0,-0.772193752193746,-2.6315789473684363
100,2007-07-03,NSE:TIMKEN,143.5,143.5,140.25,140.85001,4445.0,-0.3537318462163533,-0.772193752193746
101,2007-07-04,NSE:TIMKEN,141.0,146.0,141.0,144.5,14736.0,2.591402016939866,-0.3537318462163533
102,2007-07-05,NSE:TIMKEN,144.0,145.2,141.05,144.10001,10176.0,-0.2768096885813166,2.591402016939866
103,2007-07-06,NSE:TIMKEN,144.0,145.0,143.14999,143.45,3462.0,-0.45108255023716437,-0.2768096885813166
104,2007-07-09,NSE:TIMKEN,142.0,143.10001,141.05,141.85001,3507.0,-1.11536423841059,-0.45108255023716437
105,2007-07-10,NSE:TIMKEN,139.14999,143.0,139.14999,141.14999,4133.0,-0.493493091752334,-1.11536423841059
106,2007-07-11,NSE:TIMKEN,139.3,141.0,139.0,139.35001,5620.0,-1.2752250283545927,-0.493493091752334
107,2007-07-12,NSE:TIMKEN,139.0,141.89999,139.0,140.25,4136.0,0.6458485363581979,-1.2752250283545927
108,2007-07-13,NSE:TIMKEN,140.0,152.2,139.45,146.55,30928.0,4.491978609625677,0.6458485363581979
109,2007-07-16,NSE:TIMKEN,144.3,146.0,141.55,142.85001,7482.0,-2.5247287615148504,4.491978609625677
110,2007-07-17,NSE:TIMKEN,142.10001,144.55,141.5,142.10001,6337.0,-0.525026214558893,-2.5247287615148504
111,2007-07-18,NSE:TIMKEN,141.0,141.5,138.5,138.89999,5716.0,-2.2519491729803502,-0.525026214558893
112,2007-07-19,NSE:TIMKEN,140.0,140.0,138.60001,139.25,4438.0,0.2519870591783322,-2.2519491729803502
113,2007-07-20,NSE:TIMKEN,137.8,140.55,136.10001,136.5,4790.0,-1.9748653500897666,0.2519870591783322
114,2007-07-23,NSE:TIMKEN,136.10001,138.25,135.7,136.8,3819.0,0.2197802197802281,-1.9748653500897666
115,2007-07-24,NSE:TIMKEN,135.64999,138.0,134.75,135.45,2676.0,-0.9868421052631745,0.2197802197802281
116,2007-07-25,NSE:TIMKEN,134.8,136.0,132.05,133.60001,3862.0,-1.3658102620893253,-0.9868421052631745
117,2007-07-26,NSE:TIMKEN,131.3,135.5,131.3,133.7,2590.0,0.07484280876924422,-1.3658102620893253
118,2007-07-27,NSE:TIMKEN,130.60001,135.7,130.60001,133.10001,7025.0,-0.44875841436050207,0.07484280876924422
119,2007-07-30,NSE:TIMKEN,130.14999,132.45,130.0,130.5,2525.0,-1.953425848728334,-0.44875841436050207
120,2007-07-31,NSE:TIMKEN,129.8,142.0,129.8,131.5,4629.0,0.7662835249042145,-1.953425848728334
121,2007-08-01,NSE:TIMKEN,132.0,139.0,126.1,126.25,5167.0,-3.9923954372623576,0.7662835249042145
122,2007-08-02,NSE:TIMKEN,126.2,129.89999,126.1,127.2,7330.0,0.7524752475247547,-3.9923954372623576
123,2007-08-03,NSE:TIMKEN,128.0,128.95,125.3,126.1,1998.0,-0.8647798742138433,0.7524752475247547
124,2007-08-06,NSE:TIMKEN,121.3,127.0,121.3,126.1,4064.0,0.0,-0.8647798742138433
125,2007-08-07,NSE:TIMKEN,126.15,129.89999,126.15,126.8,3654.0,0.5551149881046811,0.0
126,2007-08-08,NSE:TIMKEN,126.7,128.75,126.0,126.15,1904.0,-0.5126182965299617,0.5551149881046811
127,2007-08-09,NSE:TIMKEN,126.4,128.10001,126.4,126.55,4162.0,0.31708283789139236,-0.5126182965299617
128,2007-08-10,NSE:TIMKEN,123.0,126.9,123.0,124.4,3473.0,-1.6989332279731266,0.31708283789139236
129,2007-08-13,NSE:TIMKEN,124.2,126.0,122.85,124.1,4662.0,-0.2411575562701056,-1.6989332279731266
130,2007-08-14,NSE:TIMKEN,125.1,126.0,124.55,124.75,680.0,0.5237711522965397,-0.2411575562701056
131,2007-08-16,NSE:TIMKEN,121.0,126.9,121.0,122.9,4690.0,-1.482965931863723,0.5237711522965397
132,2007-08-17,NSE:TIMKEN,125.7,125.7,118.1,122.3,4092.0,-0.4882017900732372,-1.482965931863723
133,2007-08-20,NSE:TIMKEN,129.8,129.8,124.0,124.5,2952.0,1.7988552739166008,-0.4882017900732372
134,2007-08-21,NSE:TIMKEN,121.55,124.25,120.65,121.4,4156.0,-2.489959839357425,1.7988552739166008
135,2007-08-22,NSE:TIMKEN,118.75,122.0,118.7,120.45,3154.0,-0.782537067545307,-2.489959839357425
136,2007-08-23,NSE:TIMKEN,118.6,122.9,118.35,120.35,3227.0,-0.0830220008302271,-0.782537067545307
137,2007-08-24,NSE:TIMKEN,117.8,124.1,117.75,121.8,6954.0,1.2048192771084363,-0.0830220008302271
138,2007-08-27,NSE:TIMKEN,117.8,125.0,117.8,122.85,5808.0,0.8620689655172391,1.2048192771084363
139,2007-08-28,NSE:TIMKEN,122.25,124.0,122.0,122.25,1410.0,-0.4884004884004838,0.8620689655172391
140,2007-08-29,NSE:TIMKEN,122.1,126.0,122.1,124.1,10146.0,1.5132924335378277,-0.4884004884004838
141,2007-08-30,NSE:TIMKEN,122.3,135.0,122.3,128.55,7252.0,3.585817888799369,1.5132924335378277
142,2007-08-31,NSE:TIMKEN,126.0,128.2,125.5,127.5,1407.0,-0.8168028004667532,3.585817888799369
143,2007-09-03,NSE:TIMKEN,128.0,133.0,125.0,131.89999,10180.0,3.4509725490196095,-0.8168028004667532
144,2007-09-04,NSE:TIMKEN,134.75,136.0,121.55,132.8,8839.0,0.6823427355832314,3.4509725490196095
145,2007-09-05,NSE:TIMKEN,131.05,133.35001,130.0,130.5,2703.0,-1.731927710843382,0.6823427355832314
146,2007-09-06,NSE:TIMKEN,130.0,133.75,130.0,132.3,3682.0,1.379310344827595,-1.731927710843382
147,2007-09-07,NSE:TIMKEN,127.5,132.0,127.5,131.14999,1199.0,-0.8692441421012916,1.379310344827595
148,2007-09-10,NSE:TIMKEN,132.0,134.7,129.14999,129.5,2707.0,-1.258093881669379,-0.8692441421012916
149,2007-09-11,NSE:TIMKEN,133.0,133.0,128.0,129.10001,2170.0,-0.30887258687258884,-1.258093881669379
150,2007-09-12,NSE:TIMKEN,128.5,130.7,128.5,128.89999,2057.0,-0.15493414756512797,-0.30887258687258884
151,2007-09-13,NSE:TIMKEN,130.95,130.95,128.60001,129.7,3491.0,0.6206439581570069,-0.15493414756512797
152,2007-09-14,NSE:TIMKEN,130.14999,130.55,126.0,127.6,3641.0,-1.6191210485736272,0.6206439581570069
153,2007-09-17,NSE:TIMKEN,129.95,129.95,126.1,126.45,836.0,-0.9012539184952912,-1.6191210485736272
154,2007-09-18,NSE:TIMKEN,126.15,132.0,126.0,129.35001,8907.0,2.2934045077105534,-0.9012539184952912
155,2007-09-19,NSE:TIMKEN,130.14999,133.05,126.3,128.60001,10938.0,-0.5798221430365564,2.2934045077105534
156,2007-09-20,NSE:TIMKEN,127.0,130.45,127.0,128.39999,12277.0,-0.15553653533930129,-0.5798221430365564
157,2007-09-21,NSE:TIMKEN,128.0,134.0,127.55,131.39999,14010.0,2.336448780097257,-0.15553653533930129
158,2007-09-24,NSE:TIMKEN,130.05,133.0,126.7,130.05,7247.0,-1.0273897281118447,2.336448780097257
159,2007-09-25,NSE:TIMKEN,127.0,129.85001,127.0,128.75,2275.0,-0.9996155324875136,-1.0273897281118447
160,2007-09-26,NSE:TIMKEN,125.5,132.0,125.5,130.25,3495.0,1.1650485436893203,-0.9996155324875136
161,2007-09-27,NSE:TIMKEN,127.1,131.95,125.3,126.45,15068.0,-2.9174664107485584,1.1650485436893203
162,2007-09-28,NSE:TIMKEN,126.25,130.0,125.6,126.1,11069.0,-0.27678924476078176,-2.9174664107485584
163,2007-10-01,NSE:TIMKEN,127.0,131.89999,126.05,130.95,14221.0,3.8461538461538414,-0.27678924476078176
164,2007-10-03,NSE:TIMKEN,130.95,138.89999,130.95,133.60001,32119.0,2.023680794196265,3.8461538461538414
165,2007-10-04,NSE:TIMKEN,131.0,134.0,130.10001,132.10001,10767.0,-1.1227544069794606,2.023680794196265
166,2007-10-05,NSE:TIMKEN,130.5,133.95,127.0,128.0,7444.0,-3.1037166461985866,-1.1227544069794606
167,2007-10-08,NSE:TIMKEN,128.0,128.0,122.0,122.5,6988.0,-4.296875,-3.1037166461985866
168,2007-10-09,NSE:TIMKEN,124.95,126.95,123.1,125.1,3504.0,2.122448979591832,-4.296875
169,2007-10-10,NSE:TIMKEN,126.0,128.35001,122.5,122.9,8835.0,-1.7585931254995912,2.122448979591832
170,2007-10-11,NSE:TIMKEN,124.0,126.5,122.0,122.8,3192.0,-0.08136696501221198,-1.7585931254995912
171,2007-10-12,NSE:TIMKEN,126.5,126.5,122.25,122.8,4067.0,0.0,-0.08136696501221198
172,2007-10-15,NSE:TIMKEN,116.0,135.0,116.0,122.25,6741.0,-0.4478827361563495,0.0
173,2007-10-16,NSE:TIMKEN,121.5,124.95,121.25,123.2,2818.0,0.7770961145194297,-0.4478827361563495
174,2007-10-17,NSE:TIMKEN,120.0,123.65,116.05,121.55,1567.0,-1.3392857142857189,0.7770961145194297
175,2007-10-18,NSE:TIMKEN,124.9,132.2,121.0,122.7,6673.0,0.9461127108185979,-1.3392857142857189
176,2007-10-19,NSE:TIMKEN,122.15,122.15,117.2,118.75,5562.0,-3.2192339038304834,0.9461127108185979
177,2007-10-22,NSE:TIMKEN,117.5,119.95,117.0,118.15,3791.0,-0.5052631578947321,-3.2192339038304834
178,2007-10-23,NSE:TIMKEN,120.0,124.45,120.0,120.55,6801.0,2.0313161235717234,-0.5052631578947321
179,2007-10-24,NSE:TIMKEN,120.3,123.55,120.25,121.95,1491.0,1.1613438407299923,2.0313161235717234
180,2007-10-25,NSE:TIMKEN,119.6,122.0,119.55,121.7,2579.0,-0.2050020500205002,1.1613438407299923
181,2007-10-26,NSE:TIMKEN,122.1,123.9,119.2,122.6,2397.0,0.7395234182415706,-0.2050020500205002
182,2007-10-29,NSE:TIMKEN,123.0,127.4,120.0,121.1,11130.0,-1.2234910277324633,0.7395234182415706
183,2007-10-30,NSE:TIMKEN,122.0,125.85,121.5,122.25,4764.0,0.9496284062758098,-1.2234910277324633
184,2007-10-31,NSE:TIMKEN,121.0,123.4,117.55,121.2,12481.0,-0.85889570552147,0.9496284062758098
185,2007-11-01,NSE:TIMKEN,119.25,124.8,117.5,120.25,17799.0,-0.7838283828382862,-0.85889570552147
186,2007-11-02,NSE:TIMKEN,114.0,121.0,114.0,119.55,2766.0,-0.5821205821205845,-0.7838283828382862
187,2007-11-05,NSE:TIMKEN,115.65,121.0,115.65,118.8,6872.0,-0.6273525721455459,-0.5821205821205845
188,2007-11-06,NSE:TIMKEN,118.55,120.0,116.5,116.5,3498.0,-1.9360269360269338,-0.6273525721455459
189,2007-11-07,NSE:TIMKEN,119.95,119.95,115.05,115.85,4784.0,-0.557939914163095,-1.9360269360269338
190,2007-11-08,NSE:TIMKEN,115.0,117.75,113.55,117.15,1564.0,1.122140699179984,-0.557939914163095
191,2007-11-09,NSE:TIMKEN,120.0,120.0,117.0,118.8,1437.0,1.4084507042253447,1.122140699179984
192,2007-11-12,NSE:TIMKEN,115.35,122.0,115.0,120.4,2983.0,1.346801346801354,1.4084507042253447
193,2007-11-13,NSE:TIMKEN,119.0,120.0,117.65,117.8,3495.0,-2.159468438538213,1.346801346801354
194,2007-11-14,NSE:TIMKEN,118.0,120.1,115.55,117.45,9495.0,-0.29711375212223623,-2.159468438538213
195,2007-11-15,NSE:TIMKEN,119.8,120.25,118.0,119.9,2667.0,2.085994040017031,-0.29711375212223623
196,2007-11-16,NSE:TIMKEN,122.7,130.0,120.05,125.35,11411.0,4.545454545454536,2.085994040017031
197,2007-11-19,NSE:TIMKEN,132.8,134.8,127.7,133.45,21808.0,6.4619066613482214,4.545454545454536
198,2007-11-20,NSE:TIMKEN,139.8,143.8,132.0,136.05,26698.0,1.9482952416635617,6.4619066613482214
199,2007-11-21,NSE:TIMKEN,135.39999,140.0,127.55,128.3,11749.0,-5.6964351341418595,1.9482952416635617
200,2007-11-22,NSE:TIMKEN,126.0,131.95,124.2,127.4,5822.0,-0.7014809041309474,-5.6964351341418595
201,2007-11-23,NSE:TIMKEN,130.0,130.0,124.7,127.7,2258.0,0.2354788069073761,-0.7014809041309474
202,2007-11-26,NSE:TIMKEN,130.0,130.10001,120.95,124.7,6627.0,-2.349256068911511,0.2354788069073761
203,2007-11-27,NSE:TIMKEN,129.89999,130.0,123.0,129.89999,84646.0,4.169999999999999,-2.349256068911511
204,2007-11-28,NSE:TIMKEN,138.85001,140.0,128.0,130.89999,7465.0,0.7698229999863742,4.169999999999999
205,2007-11-29,NSE:TIMKEN,135.0,137.55,132.5,133.60001,8765.0,2.0626586755277785,0.7698229999863742
206,2007-11-30,NSE:TIMKEN,135.0,136.5,128.75,132.0,9927.0,-1.1976121858074693,2.0626586755277785
207,2007-12-03,NSE:TIMKEN,128.0,136.0,128.0,133.7,6870.0,1.2878787878787794,-1.1976121858074693
208,2007-12-04,NSE:TIMKEN,130.60001,135.0,130.60001,132.25,3489.0,-1.0845175766641653,1.2878787878787794
209,2007-12-05,NSE:TIMKEN,133.95,134.89999,131.2,133.8,6052.0,1.1720226843100277,-1.0845175766641653
210,2007-12-06,NSE:TIMKEN,133.0,154.0,117.0,141.60001,38735.0,5.829603886397598,1.1720226843100277
211,2007-12-07,NSE:TIMKEN,141.25,150.0,123.65,142.14999,17760.0,0.38840392737260754,5.829603886397598
212,2007-12-10,NSE:TIMKEN,145.5,146.5,138.10001,139.05,12708.0,-2.180788053520082,0.38840392737260754
213,2007-12-11,NSE:TIMKEN,149.5,159.0,140.0,140.14999,12486.0,0.7910751528227191,-2.180788053520082
214,2007-12-12,NSE:TIMKEN,146.0,150.0,134.0,139.75,4729.0,-0.2854013760543276,0.7910751528227191
215,2007-12-13,NSE:TIMKEN,141.0,142.89999,137.0,139.89999,8902.0,0.10732737030411628,-0.2854013760543276
216,2007-12-14,NSE:TIMKEN,138.0,141.95,137.14999,139.45,9627.0,-0.32165120240538536,0.10732737030411628
217,2007-12-17,NSE:TIMKEN,137.0,141.2,135.95,137.3,8992.0,-1.5417712441735227,-0.32165120240538536
218,2007-12-18,NSE:TIMKEN,136.0,137.25,133.55,135.7,3805.0,-1.1653313911143648,-1.5417712441735227
219,2007-12-19,NSE:TIMKEN,143.5,143.5,134.0,134.10001,4369.0,-1.1790641120117842,-1.1653313911143648
220,2007-12-20,NSE:TIMKEN,131.2,135.0,131.10001,131.64999,4402.0,-1.827009558015689,-1.1790641120117842
221,2007-12-24,NSE:TIMKEN,140.39999,140.39999,133.0,133.25,2111.0,1.2153514026092958,-1.827009558015689
222,2007-12-26,NSE:TIMKEN,136.0,140.0,134.05,137.64999,4979.0,3.3020562851782382,1.2153514026092958
223,2007-12-27,NSE:TIMKEN,139.5,142.0,137.2,138.0,13390.0,0.2542753544696934,3.3020562851782382
224,2007-12-28,NSE:TIMKEN,144.0,158.0,138.0,139.55,17119.0,1.1231884057971098,0.2542753544696934
225,2007-12-31,NSE:TIMKEN,144.0,149.0,143.0,145.2,22566.0,4.04872805446075,1.1231884057971098
226,2008-01-01,NSE:TIMKEN,147.64999,163.0,147.64999,157.14999,78276.0,8.230020661157035,4.04872805446075
227,2008-01-02,NSE:TIMKEN,154.0,171.0,152.35001,166.89999,125826.0,6.204263837369636,8.230020661157035
228,2008-01-03,NSE:TIMKEN,169.5,172.89999,158.0,160.25,67780.0,-3.984416056585745,6.204263837369636
229,2008-01-04,NSE:TIMKEN,165.7,165.7,158.0,159.35001,18557.0,-0.5616162246489875,-3.984416056585745
230,2008-01-07,NSE:TIMKEN,162.8,162.8,154.25,159.3,15982.0,-0.031383744500540746,-0.5616162246489875
231,2008-01-08,NSE:TIMKEN,161.0,161.0,147.05,148.5,14244.0,-6.779661016949159,-0.031383744500540746
232,2008-01-09,NSE:TIMKEN,141.5,148.95,141.5,145.95,7152.0,-1.7171717171717247,-6.779661016949159
233,2008-01-10,NSE:TIMKEN,149.89999,149.89999,138.14999,139.55,20072.0,-4.385063377869118,-1.7171717171717247
234,2008-01-11,NSE:TIMKEN,131.10001,140.89999,120.1,134.60001,13308.0,-3.5471085632389916,-4.385063377869118
235,2008-01-14,NSE:TIMKEN,134.55,139.89999,134.55,138.7,2425.0,3.0460547514075156,-3.5471085632389916
236,2008-01-15,NSE:TIMKEN,140.0,140.0,136.0,136.3,2198.0,-1.7303532804614112,3.0460547514075156
237,2008-01-16,NSE:TIMKEN,130.10001,138.89999,130.10001,131.60001,6286.0,-3.448268525311822,-1.7303532804614112
238,2008-01-17,NSE:TIMKEN,134.0,137.8,134.0,134.5,1570.0,2.20363965017936,-3.448268525311822
239,2008-01-18,NSE:TIMKEN,134.2,141.0,121.1,125.65,3941.0,-6.579925650557616,2.20363965017936
240,2008-01-21,NSE:TIMKEN,125.0,126.95,115.0,117.65,13208.0,-6.366892160764026,-6.579925650557616
241,2008-01-22,NSE:TIMKEN,100.0,117.0,94.150002,97.650002,6022.0,-16.999573310667238,-6.366892160764026
242,2008-01-23,NSE:TIMKEN,109.9,117.2,102.0,115.65,3377.0,18.433177297835595,-16.999573310667238
243,2008-01-24,NSE:TIMKEN,116.0,125.0,96.099998,104.8,7058.0,-9.38175529615219,18.433177297835595
244,2008-01-25,NSE:TIMKEN,111.0,112.4,104.0,112.0,3199.0,6.870229007633591,-9.38175529615219
245,2008-01-28,NSE:TIMKEN,112.0,112.9,108.05,112.3,2332.0,0.2678571428571403,6.870229007633591
246,2008-01-29,NSE:TIMKEN,115.0,125.0,110.0,114.45,11272.0,1.9145146927871823,0.2678571428571403
247,2008-01-30,NSE:TIMKEN,116.9,117.0,103.0,103.85,10898.0,-9.261686325906517,1.9145146927871823
248,2008-01-31,NSE:TIMKEN,106.75,110.5,104.0,106.6,2414.0,2.6480500722195472,-9.261686325906517
249,2008-02-01,NSE:TIMKEN,104.5,108.0,103.5,106.3,1436.0,-0.2814258911819861,2.6480500722195472
250,2008-02-04,NSE:TIMKEN,110.0,118.8,108.0,115.35,7903.0,8.513640639698963,-0.2814258911819861
251,2008-02-05,NSE:TIMKEN,112.75,117.3,112.75,115.15,6582.0,-0.1733853489380049,8.513640639698963
252,2008-02-06,NSE:TIMKEN,112.0,115.5,110.25,114.75,5959.0,-0.34737299174989633,-0.1733853489380049
253,2008-02-07,NSE:TIMKEN,117.95,117.95,112.8,113.55,18605.0,-1.0457516339869306,-0.34737299174989633
254,2008-02-08,NSE:TIMKEN,114.0,114.0,110.0,111.15,6181.0,-2.1136063408190147,-1.0457516339869306
255,2008-02-11,NSE:TIMKEN,112.0,112.0,108.0,109.25,8291.0,-1.7094017094017144,-2.1136063408190147
256,2008-02-12,NSE:TIMKEN,107.05,108.2,101.1,105.2,3616.0,-3.707093821510295,-1.7094017094017144
257,2008-02-13,NSE:TIMKEN,108.0,109.9,106.0,107.7,5051.0,2.376425855513308,-3.707093821510295
258,2008-02-14,NSE:TIMKEN,114.0,116.0,109.1,115.75,8627.0,7.4744661095636005,2.376425855513308
259,2008-02-15,NSE:TIMKEN,114.95,120.1,109.0,118.55,10997.0,2.419006479481639,7.4744661095636005
260,2008-02-18,NSE:TIMKEN,118.0,122.0,115.2,118.55,5251.0,0.0,2.419006479481639
261,2008-02-19,NSE:TIMKEN,118.0,120.5,114.45,115.1,2207.0,-2.910164487557995,0.0
262,2008-02-20,NSE:TIMKEN,111.0,118.8,111.0,116.75,3905.0,1.433536055603828,-2.910164487557995
263,2008-02-21,NSE:TIMKEN,117.9,117.9,114.6,114.6,2951.0,-1.8415417558886558,1.433536055603828
264,2008-02-22,NSE:TIMKEN,115.0,119.9,113.2,117.8,7624.0,2.7923211169284494,-1.8415417558886558
265,2008-02-25,NSE:TIMKEN,115.0,116.4,114.0,114.55,2701.0,-2.7589134125636674,2.7923211169284494
266,2008-02-26,NSE:TIMKEN,114.15,122.0,114.05,120.0,17071.0,4.757747708424271,-2.7589134125636674
267,2008-02-27,NSE:TIMKEN,119.8,120.9,114.0,114.95,1670.0,-4.208333333333331,4.757747708424271
268,2008-02-28,NSE:TIMKEN,118.0,119.0,113.15,114.8,1933.0,-0.1304915180513316,-4.208333333333331
269,2008-02-29,NSE:TIMKEN,114.0,116.5,110.0,112.9,5154.0,-1.655052264808355,-0.1304915180513316
270,2008-03-03,NSE:TIMKEN,112.9,112.9,108.0,108.35,3270.0,-4.030115146147042,-1.655052264808355
271,2008-03-04,NSE:TIMKEN,106.15,127.0,104.4,112.7,10498.0,4.014766958929403,-4.030115146147042
272,2008-03-05,NSE:TIMKEN,109.1,111.55,107.25,108.5,9322.0,-3.7267080745341636,4.014766958929403
273,2008-03-07,NSE:TIMKEN,108.0,108.0,102.0,102.6,5316.0,-5.437788018433185,-3.7267080745341636
274,2008-03-10,NSE:TIMKEN,99.099998,105.0,99.050003,104.1,2398.0,1.4619883040935673,-5.437788018433185
275,2008-03-11,NSE:TIMKEN,101.0,114.0,101.0,111.1,3995.0,6.724303554274737,1.4619883040935673
276,2008-03-12,NSE:TIMKEN,117.8,117.8,105.2,106.5,3870.0,-4.140414041404136,6.724303554274737
277,2008-03-13,NSE:TIMKEN,105.0,105.0,96.0,97.25,108353.0,-8.685446009389672,-4.140414041404136
278,2008-03-14,NSE:TIMKEN,95.550003,98.0,94.050003,96.25,7722.0,-1.0282776349614395,-8.685446009389672
279,2008-03-17,NSE:TIMKEN,92.0,92.349998,88.199997,88.449997,109683.0,-8.103899220779224,-1.0282776349614395
280,2008-03-18,NSE:TIMKEN,89.0,91.0,85.0,86.349998,5623.0,-2.3742216746485556,-8.103899220779224
281,2008-03-19,NSE:TIMKEN,90.949997,91.0,85.599998,87.349998,19388.0,1.1580776180214851,-2.3742216746485556
282,2008-03-24,NSE:TIMKEN,80.050003,89.900002,80.050003,88.25,9894.0,1.0303400350392689,1.1580776180214851
283,2008-03-25,NSE:TIMKEN,90.0,94.5,90.0,92.099998,5135.0,4.362603966005665,1.0303400350392689
284,2008-03-26,NSE:TIMKEN,92.150002,106.0,92.150002,101.6,11833.0,10.314877531267694,4.362603966005665
285,2008-03-27,NSE:TIMKEN,99.0,103.9,93.150002,94.0,7546.0,-7.480314960629916,10.314877531267694
286,2008-03-28,NSE:TIMKEN,96.5,99.0,94.199997,98.300003,5410.0,4.574471276595748,-7.480314960629916
287,2008-03-31,NSE:TIMKEN,97.25,99.800003,96.150002,96.800003,3982.0,-1.5259409503782009,4.574471276595748
288,2008-04-01,NSE:TIMKEN,97.0,98.300003,96.400002,97.050003,607.0,0.2582644548058537,-1.5259409503782009
289,2008-04-02,NSE:TIMKEN,101.8,101.8,96.5,97.099998,5756.0,0.05151468156059261,0.2582644548058537
290,2008-04-03,NSE:TIMKEN,95.5,99.400002,95.5,96.099998,460.0,-1.029866138617222,0.05151468156059261
291,2008-04-04,NSE:TIMKEN,99.0,99.0,94.0,95.5,991.0,-0.6243475676242983,-1.029866138617222
292,2008-04-07,NSE:TIMKEN,90.0,97.449997,90.0,96.599998,10412.0,1.1518303664921459,-0.6243475676242983
293,2008-04-08,NSE:TIMKEN,96.900002,97.800003,95.0,97.650002,4305.0,1.0869606850302433,1.1518303664921459
294,2008-04-09,NSE:TIMKEN,95.699997,96.949997,95.599998,96.5,284.0,-1.1776773952344626,1.0869606850302433
295,2008-04-10,NSE:TIMKEN,98.5,99.800003,95.5,96.900002,1817.0,0.4145098445595861,-1.1776773952344626
296,2008-04-11,NSE:TIMKEN,96.599998,100.85,96.599998,98.75,3170.0,1.909182623133485,0.4145098445595861
297,2008-04-15,NSE:TIMKEN,98.0,99.900002,95.349998,96.699997,1896.0,-2.075952405063295,1.909182623133485
298,2008-04-16,NSE:TIMKEN,96.0,99.900002,96.0,98.199997,1625.0,1.5511892932116638,-2.075952405063295
299,2008-04-17,NSE:TIMKEN,101.7,109.0,100.05,101.2,6171.0,3.054992965020159,1.5511892932116638
300,2008-04-21,NSE:TIMKEN,103.0,120.3,99.800003,118.2,39651.0,16.798418972332016,3.054992965020159
301,2008-04-22,NSE:TIMKEN,120.0,120.0,111.1,112.1,8276.0,-5.160744500846031,16.798418972332016
302,2008-04-23,NSE:TIMKEN,109.2,115.65,105.55,107.15,5644.0,-4.415700267618188,-5.160744500846031
303,2008-04-24,NSE:TIMKEN,109.95,114.0,107.3,108.8,4931.0,1.5398973401773135,-4.415700267618188
304,2008-04-25,NSE:TIMKEN,110.0,110.0,104.0,107.1,1796.0,-1.5625000000000027,1.5398973401773135
305,2008-04-28,NSE:TIMKEN,105.3,108.45,104.0,104.8,5090.0,-2.1475256769374393,-1.5625000000000027
306,2008-04-29,NSE:TIMKEN,110.0,110.0,103.1,104.1,1916.0,-0.6679389312977126,-2.1475256769374393
307,2008-04-30,NSE:TIMKEN,105.0,107.8,103.0,105.0,4082.0,0.8645533141210429,-0.6679389312977126
308,2008-05-02,NSE:TIMKEN,103.0,109.0,102.75,105.95,3804.0,0.9047619047619075,0.8645533141210429
309,2008-05-05,NSE:TIMKEN,105.0,107.0,104.2,104.5,3066.0,-1.3685700802265246,0.9047619047619075
310,2008-05-06,NSE:TIMKEN,104.05,104.7,101.5,103.6,2202.0,-0.8612440191387615,-1.3685700802265246
311,2008-05-07,NSE:TIMKEN,101.85,105.4,100.3,102.75,4751.0,-0.820463320463315,-0.8612440191387615
312,2008-05-08,NSE:TIMKEN,100.0,103.45,98.75,99.900002,2459.0,-2.773720681265206,-0.820463320463315
313,2008-05-09,NSE:TIMKEN,100.0,100.0,97.349998,98.550003,2793.0,-1.3513503232962867,-2.773720681265206
314,2008-05-12,NSE:TIMKEN,102.0,102.0,96.349998,98.300003,2840.0,-0.2536783281477932,-1.3513503232962867
315,2008-05-13,NSE:TIMKEN,101.5,101.5,97.5,97.650002,1625.0,-0.6612420957911905,-0.2536783281477932
316,2008-05-14,NSE:TIMKEN,97.599998,100.25,97.550003,97.849998,1281.0,0.20480900758199547,-0.6612420957911905
317,2008-05-15,NSE:TIMKEN,97.0,100.0,97.0,98.25,3034.0,0.4087910149982841,0.20480900758199547
318,2008-05-16,NSE:TIMKEN,98.25,101.55,98.25,98.949997,1525.0,0.7124651399491055,0.4087910149982841
319,2008-05-20,NSE:TIMKEN,98.050003,102.55,98.050003,101.2,3947.0,2.2738787955698543,0.7124651399491055
320,2008-05-21,NSE:TIMKEN,101.9,103.95,100.55,101.3,3294.0,0.09881422924900624,2.2738787955698543
321,2008-05-22,NSE:TIMKEN,100.0,102.0,98.75,99.099998,890.0,-2.1717690029614984,0.09881422924900624
322,2008-05-23,NSE:TIMKEN,99.050003,101.0,99.0,99.25,1055.0,0.15136428156133833,-2.1717690029614984
323,2008-05-26,NSE:TIMKEN,98.0,100.5,98.0,98.099998,1186.0,-1.1586921914357688,0.15136428156133833
324,2008-05-27,NSE:TIMKEN,97.0,99.0,95.050003,96.0,1608.0,-2.140670787781259,-1.1586921914357688
325,2008-05-28,NSE:TIMKEN,95.0,97.849998,95.0,96.75,536.0,0.78125,-2.140670787781259
326,2008-05-29,NSE:TIMKEN,96.0,99.5,95.300003,96.150002,1257.0,-0.6201529715762267,0.78125
327,2008-05-30,NSE:TIMKEN,96.150002,97.949997,93.0,93.150002,1973.0,-3.120124740091009,-0.6201529715762267
328,2008-06-02,NSE:TIMKEN,90.099998,95.0,86.0,92.0,2597.0,-1.23457002180204,-3.120124740091009
329,2008-06-03,NSE:TIMKEN,89.599998,90.050003,86.199997,89.400002,1465.0,-2.826084782608695,-1.23457002180204
330,2008-06-04,NSE:TIMKEN,90.0,91.949997,88.050003,88.099998,1951.0,-1.4541431442026156,-2.826084782608695
331,2008-06-05,NSE:TIMKEN,95.349998,95.349998,86.25,87.599998,3390.0,-0.5675369027817685,-1.4541431442026156
332,2008-06-06,NSE:TIMKEN,86.199997,89.900002,86.199997,87.900002,2366.0,0.3424703274536619,-0.5675369027817685
333,2008-06-09,NSE:TIMKEN,86.0,86.400002,83.0,85.400002,2339.0,-2.8441410046839364,0.3424703274536619
334,2008-06-10,NSE:TIMKEN,89.449997,94.900002,89.0,90.0,9948.0,5.386414393760786,-2.8441410046839364
335,2008-06-11,NSE:TIMKEN,89.5,93.0,86.050003,91.5,5490.0,1.6666666666666667,5.386414393760786
336,2008-06-12,NSE:TIMKEN,91.900002,91.900002,88.5,89.800003,1464.0,-1.8579202185792307,1.6666666666666667
337,2008-06-13,NSE:TIMKEN,89.300003,90.599998,86.5,88.849998,2526.0,-1.0579119913837913,-1.8579202185792307
338,2008-06-16,NSE:TIMKEN,90.0,92.300003,89.0,92.0,1441.0,3.54530340000683,-1.0579119913837913
339,2008-06-17,NSE:TIMKEN,88.0,92.0,88.0,89.300003,596.0,-2.934779347826083,3.54530340000683
340,2008-06-18,NSE:TIMKEN,92.5,92.5,88.349998,89.949997,1574.0,0.7278767952560902,-2.934779347826083
341,2008-06-19,NSE:TIMKEN,91.5,91.5,88.0,90.5,539.0,0.6114541615826888,0.7278767952560902
342,2008-06-20,NSE:TIMKEN,89.800003,89.849998,83.199997,85.650002,4593.0,-5.359113812154695,0.6114541615826888
343,2008-06-23,NSE:TIMKEN,83.050003,85.650002,79.25,81.0,3343.0,-5.4290740121640635,-5.359113812154695
344,2008-06-24,NSE:TIMKEN,84.800003,84.800003,80.400002,81.050003,2564.0,0.06173209876543679,-5.4290740121640635
345,2008-06-25,NSE:TIMKEN,80.0,83.0,77.25,80.099998,1749.0,-1.1721221034378055,0.06173209876543679
346,2008-06-26,NSE:TIMKEN,80.099998,83.0,80.099998,82.949997,533.0,3.558051274857706,-1.1721221034378055
347,2008-06-27,NSE:TIMKEN,85.0,85.0,77.199997,78.349998,1358.0,-5.5455083379930645,3.558051274857706
348,2008-06-30,NSE:TIMKEN,83.0,83.0,76.150002,76.599998,1040.0,-2.233567383115951,-5.5455083379930645
349,2008-07-01,NSE:TIMKEN,77.050003,80.5,72.199997,75.900002,2810.0,-0.9138329220321895,-2.233567383115951
350,2008-07-02,NSE:TIMKEN,71.300003,75.0,70.0,72.0,3193.0,-5.138342420597039,-0.9138329220321895
351,2008-07-03,NSE:TIMKEN,74.0,78.900002,72.5,76.900002,2033.0,6.805558333333334,-5.138342420597039
352,2008-07-04,NSE:TIMKEN,76.0,76.0,73.0,75.300003,1150.0,-2.0806228327536282,6.805558333333334
353,2008-07-07,NSE:TIMKEN,77.150002,84.0,75.0,81.199997,3556.0,7.8353170849143154,-2.0806228327536282
354,2008-07-08,NSE:TIMKEN,78.0,79.900002,76.75,77.099998,100.0,-5.049260038765762,7.8353170849143154
355,2008-07-09,NSE:TIMKEN,78.0,82.0,78.0,80.599998,657.0,4.5395591320248805,-5.049260038765762
356,2008-07-10,NSE:TIMKEN,80.449997,80.449997,78.25,79.900002,406.0,-0.8684814111285695,4.5395591320248805
357,2008-07-11,NSE:TIMKEN,78.199997,84.949997,78.0,83.050003,11055.0,3.94242918792418,-0.8684814111285695
358,2008-07-14,NSE:TIMKEN,95.0,95.0,81.0,82.849998,5474.0,-0.2408247956354733,3.94242918792418
359,2008-07-15,NSE:TIMKEN,88.900002,88.900002,77.150002,80.599998,3202.0,-2.715751423433951,-0.2408247956354733
360,2008-07-16,NSE:TIMKEN,76.599998,81.900002,75.099998,76.150002,1418.0,-5.521086985634911,-2.715751423433951
361,2008-07-17,NSE:TIMKEN,82.5,89.949997,77.5,85.699997,81695.0,12.541030530767413,-5.521086985634911
362,2008-07-18,NSE:TIMKEN,85.849998,86.900002,84.0,84.650002,10021.0,-1.2251984092834864,12.541030530767413
363,2008-07-21,NSE:TIMKEN,84.0,85.550003,81.0,83.550003,5220.0,-1.2994671872541679,-1.2251984092834864
364,2008-07-22,NSE:TIMKEN,80.5,92.900002,80.5,90.150002,11923.0,7.899459919827886,-1.2994671872541679
365,2008-07-23,NSE:TIMKEN,88.0,97.900002,88.0,92.550003,10465.0,2.662230667504592,7.899459919827886
366,2008-07-24,NSE:TIMKEN,93.900002,109.7,90.0,107.85,53399.0,16.531600760726057,2.662230667504592
367,2008-07-25,NSE:TIMKEN,104.0,104.0,98.25,100.05,12204.0,-7.232267037552154,16.531600760726057
368,2008-07-28,NSE:TIMKEN,98.0,100.9,97.0,100.2,5629.0,0.14992503748126504,-7.232267037552154
369,2008-07-29,NSE:TIMKEN,99.949997,102.3,96.949997,99.900002,5619.0,-0.2993992015968086,0.14992503748126504
370,2008-07-30,NSE:TIMKEN,100.0,101.0,97.599998,99.300003,4585.0,-0.6005995875755806,-0.2993992015968086
371,2008-07-31,NSE:TIMKEN,96.150002,100.0,96.150002,97.349998,905.0,-1.9637511994838555,-0.6005995875755806
372,2008-08-01,NSE:TIMKEN,96.0,102.9,96.0,97.449997,3885.0,0.10272111150941866,-1.9637511994838555
373,2008-08-04,NSE:TIMKEN,96.5,99.900002,96.5,97.349998,760.0,-0.10261570351818158,0.10272111150941866
374,2008-08-05,NSE:TIMKEN,98.0,102.95,98.0,101.2,1067.0,3.9548043955789334,-0.10261570351818158
375,2008-08-06,NSE:TIMKEN,107.9,107.9,100.25,102.0,1996.0,0.7905138339920921,3.9548043955789334
376,2008-08-07,NSE:TIMKEN,104.8,108.9,97.800003,105.1,36391.0,3.0392156862745043,0.7905138339920921
377,2008-08-08,NSE:TIMKEN,105.8,112.9,102.5,109.1,59781.0,3.8058991436726926,3.0392156862745043
378,2008-08-11,NSE:TIMKEN,109.6,118.0,105.25,113.95,46575.0,4.4454628780935,3.8058991436726926
379,2008-08-12,NSE:TIMKEN,114.0,116.45,110.35,113.75,23357.0,-0.1755155770074619,4.4454628780935
380,2008-08-13,NSE:TIMKEN,111.75,115.9,111.75,112.5,11855.0,-1.098901098901099,-0.1755155770074619
381,2008-08-14,NSE:TIMKEN,110.4,113.9,106.0,108.0,4822.0,-4.0,-1.098901098901099
382,2008-08-18,NSE:TIMKEN,103.4,108.0,103.4,106.0,1741.0,-1.8518518518518516,-4.0
383,2008-08-19,NSE:TIMKEN,102.2,106.8,102.2,104.7,1826.0,-1.22641509433962,-1.8518518518518516
384,2008-08-20,NSE:TIMKEN,103.4,105.0,102.15,103.0,4068.0,-1.6236867239732597,-1.22641509433962
385,2008-08-21,NSE:TIMKEN,101.0,103.0,99.9,102.5,5722.0,-0.48543689320388345,-1.6236867239732597
386,2008-08-22,NSE:TIMKEN,97.1,99.85,96.8,99.85,470.0,-2.585365853658542,-0.48543689320388345
387,2008-08-25,NSE:TIMKEN,97.55,99.9,97.5,99.9,330.0,0.0500751126690149,-2.585365853658542
388,2008-08-26,NSE:TIMKEN,99.0,104.9,99.0,101.0,2497.0,1.1011011011010954,0.0500751126690149
389,2008-08-27,NSE:TIMKEN,98.05,101.0,97.25,97.25,3140.0,-3.7128712871287126,1.1011011011010954
390,2008-08-28,NSE:TIMKEN,102.0,102.0,97.05,97.05,55.0,-0.20565552699229084,-3.7128712871287126
391,2008-08-29,NSE:TIMKEN,98.0,98.55,97.55,97.65,1484.0,0.6182380216383396,-0.20565552699229084
392,2008-09-01,NSE:TIMKEN,99.9,101.9,99.9,100.0,14047.0,2.4065540194572392,0.6182380216383396
393,2008-09-02,NSE:TIMKEN,98.5,100.95,98.5,100.0,1159.0,0.0,2.4065540194572392
394,2008-09-04,NSE:TIMKEN,101.0,103.0,101.0,102.4,3007.0,2.4000000000000057,0.0
395,2008-09-05,NSE:TIMKEN,104.9,104.9,100.5,100.65,812.0,-1.708984375,2.4000000000000057
396,2008-09-08,NSE:TIMKEN,100.65,103.9,100.65,101.65,1962.0,0.9935419771485345,-1.708984375
397,2008-09-09,NSE:TIMKEN,101.9,101.9,99.05,99.15,370.0,-2.4594195769798324,0.9935419771485345
398,2008-09-10,NSE:TIMKEN,100.0,102.0,100.0,102.0,620.0,2.874432677760962,-2.4594195769798324
399,2008-09-11,NSE:TIMKEN,99.0,99.0,98.5,98.5,350.0,-3.431372549019608,2.874432677760962
400,2008-09-12,NSE:TIMKEN,94.05,97.0,94.05,96.0,967.0,-2.5380710659898478,-3.431372549019608
401,2008-09-15,NSE:TIMKEN,92.25,95.0,91.2,91.25,1360.0,-4.947916666666666,-2.5380710659898478
402,2008-09-16,NSE:TIMKEN,87.75,92.0,87.75,89.2,834.0,-2.24657534246575,-4.947916666666666
403,2008-09-17,NSE:TIMKEN,94.0,94.0,89.0,89.0,149.0,-0.22421524663677447,-2.24657534246575
404,2008-09-18,NSE:TIMKEN,87.0,87.0,87.0,87.0,337.0,-2.247191011235955,-0.22421524663677447
405,2008-09-19,NSE:TIMKEN,87.15,91.0,87.15,90.0,1336.0,3.4482758620689653,-2.247191011235955
406,2008-09-22,NSE:TIMKEN,90.1,91.7,89.6,90.1,3277.0,0.1111111111111048,3.4482758620689653
407,2008-09-23,NSE:TIMKEN,86.0,90.0,86.0,88.3,860.0,-1.997780244173138,0.1111111111111048
408,2008-09-24,NSE:TIMKEN,89.7,89.7,88.5,88.5,350.0,0.22650056625141884,-1.997780244173138
409,2008-09-25,NSE:TIMKEN,88.1,88.1,87.5,87.5,500.0,-1.1299435028248588,0.22650056625141884
410,2008-09-26,NSE:TIMKEN,87.0,87.0,87.0,87.0,426.0,-0.5714285714285714,-1.1299435028248588
411,2008-09-29,NSE:TIMKEN,83.2,85.0,82.65,82.65,521.0,-4.999999999999993,-0.5714285714285714
412,2008-09-30,NSE:TIMKEN,81.0,85.0,78.8,83.05,1920.0,0.4839685420447567,-4.999999999999993
413,2008-10-01,NSE:TIMKEN,82.5,84.45,82.5,82.5,154.0,-0.6622516556291357,0.4839685420447567
414,2008-10-03,NSE:TIMKEN,84.0,84.0,79.6,79.6,1154.0,-3.515151515151522,-0.6622516556291357
415,2008-10-06,NSE:TIMKEN,80.0,80.0,76.05,78.9,3995.0,-0.8793969849246088,-3.515151515151522
416,2008-10-07,NSE:TIMKEN,76.05,76.75,75.0,75.9,2385.0,-3.802281368821293,-0.8793969849246088
417,2008-10-08,NSE:TIMKEN,72.2,72.2,71.85,71.85,4094.0,-5.335968379446655,-3.802281368821293
418,2008-10-10,NSE:TIMKEN,70.0,70.0,68.3,68.3,2481.0,-4.940848990953371,-5.335968379446655
419,2008-10-13,NSE:TIMKEN,65.0,67.0,64.9,67.0,2918.0,-1.9033674963396738,-4.940848990953371
420,2008-10-14,NSE:TIMKEN,70.0,70.35,68.2,68.2,195.0,1.7910447761194073,-1.9033674963396738
421,2008-10-15,NSE:TIMKEN,71.6,71.6,65.0,65.0,909.0,-4.692082111436954,1.7910447761194073
422,2008-10-16,NSE:TIMKEN,64.0,65.0,64.0,64.0,155.0,-1.5384615384615385,-4.692082111436954
423,2008-10-17,NSE:TIMKEN,67.2,67.2,64.2,64.2,2584.0,0.31250000000000444,-1.5384615384615385
424,2008-10-20,NSE:TIMKEN,61.2,66.5,61.15,63.45,693.0,-1.1682242990654206,0.31250000000000444
425,2008-10-21,NSE:TIMKEN,64.75,64.75,60.0,62.1,570.0,-2.1276595744680873,-1.1682242990654206
426,2008-10-22,NSE:TIMKEN,61.0,61.0,58.95,60.0,400.0,-3.3816425120772973,-2.1276595744680873
427,2008-10-23,NSE:TIMKEN,58.0,60.9,58.0,60.6,979.0,1.0000000000000024,-3.3816425120772973
428,2008-10-24,NSE:TIMKEN,60.0,63.4,58.95,59.75,573.0,-1.4026402640264048,1.0000000000000024
429,2008-10-27,NSE:TIMKEN,58.0,60.0,57.95,60.0,2035.0,0.41841004184100417,-1.4026402640264048
430,2008-10-28,NSE:TIMKEN,60.0,63.0,60.0,63.0,250.0,5.0,0.41841004184100417
431,2008-10-29,NSE:TIMKEN,65.95,65.95,62.15,62.15,100.0,-1.3492063492063515,5.0
432,2008-10-31,NSE:TIMKEN,64.0,65.25,62.05,65.25,2280.0,4.987932421560743,-1.3492063492063515
433,2008-11-03,NSE:TIMKEN,67.0,68.2,67.0,68.2,1465.0,4.52107279693487,4.987932421560743
434,2008-11-04,NSE:TIMKEN,65.0,70.5,65.0,70.5,754.0,3.3724340175953036,4.52107279693487
435,2008-11-06,NSE:TIMKEN,66.5,67.9,66.5,67.9,535.0,-3.6879432624113395,3.3724340175953036
436,2008-11-07,NSE:TIMKEN,64.55,67.45,64.5,67.45,147.0,-0.6627393225331412,-3.6879432624113395
437,2008-11-10,NSE:TIMKEN,67.0,68.5,67.0,68.5,1241.0,1.5567086730911743,-0.6627393225331412
438,2008-11-11,NSE:TIMKEN,66.0,66.0,65.1,65.1,230.0,-4.963503649635045,1.5567086730911743
439,2008-11-12,NSE:TIMKEN,62.25,64.5,62.25,64.5,121.0,-0.9216589861751066,-4.963503649635045
440,2008-11-14,NSE:TIMKEN,62.7,62.7,62.0,62.0,395.0,-3.875968992248062,-0.9216589861751066
441,2008-11-17,NSE:TIMKEN,60.0,61.0,59.0,61.0,600.0,-1.6129032258064515,-3.875968992248062
442,2008-11-18,NSE:TIMKEN,64.0,64.0,58.0,58.0,408.0,-4.918032786885246,-1.6129032258064515
443,2008-11-19,NSE:TIMKEN,58.0,59.75,56.0,57.2,145.0,-1.3793103448275814,-4.918032786885246
444,2008-11-20,NSE:TIMKEN,54.35,54.35,54.35,54.35,1059.0,-4.982517482517484,-1.3793103448275814
445,2008-11-21,NSE:TIMKEN,56.65,56.65,54.25,56.55,625.0,4.047838086476533,-4.982517482517484
446,2008-11-24,NSE:TIMKEN,53.05,55.9,53.0,55.9,550.0,-1.1494252873563193,4.047838086476533
447,2008-11-25,NSE:TIMKEN,53.3,55.0,53.15,55.0,1125.0,-1.610017889087654,-1.1494252873563193
448,2008-11-26,NSE:TIMKEN,55.0,55.0,51.1,51.1,650.0,-7.090909090909088,-1.610017889087654
449,2008-11-28,NSE:TIMKEN,49.1,52.95,49.05,52.95,160.0,3.6203522504892396,-7.090909090909088
450,2008-12-01,NSE:TIMKEN,50.55,54.75,50.55,54.75,185.0,3.3994334277620344,3.6203522504892396
451,2008-12-02,NSE:TIMKEN,53.0,54.950001,53.0,53.5,951.0,-2.28310502283105,3.3994334277620344
452,2008-12-03,NSE:TIMKEN,51.0,53.400002,51.0,52.0,1740.0,-2.803738317757009,-2.28310502283105
453,2008-12-04,NSE:TIMKEN,52.25,54.549999,50.599998,52.799999,742.0,1.5384596153846148,-2.803738317757009
454,2008-12-05,NSE:TIMKEN,55.299999,55.299999,52.650002,54.950001,1030.0,4.071973561969197,1.5384596153846148
455,2008-12-08,NSE:TIMKEN,56.950001,56.950001,52.400002,54.0,1068.0,-1.7288461923776859,4.071973561969197
456,2008-12-10,NSE:TIMKEN,52.0,56.549999,52.0,54.849998,1023.0,1.5740703703703691,-1.7288461923776859
457,2008-12-11,NSE:TIMKEN,55.0,56.599998,54.900002,54.900002,226.0,0.09116499876627392,1.5740703703703691
458,2008-12-12,NSE:TIMKEN,55.0,57.5,55.0,57.299999,1644.0,4.371579075716608,0.09116499876627392
459,2008-12-15,NSE:TIMKEN,57.0,60.0,57.0,57.849998,639.0,0.9598586554949149,4.371579075716608
460,2008-12-16,NSE:TIMKEN,57.349998,60.75,57.0,60.25,2707.0,4.148663929080863,0.9598586554949149
461,2008-12-17,NSE:TIMKEN,60.049999,63.299999,59.049999,61.299999,2784.0,1.7427369294605803,4.148663929080863
462,2008-12-18,NSE:TIMKEN,61.0,63.799999,61.0,62.849998,150.0,2.5285465339077735,1.7427369294605803
463,2008-12-19,NSE:TIMKEN,61.200001,63.75,60.0,61.700001,1615.0,-1.8297486660222313,2.5285465339077735
464,2008-12-22,NSE:TIMKEN,62.299999,63.549999,62.0,62.450001,1429.0,1.2155591375111972,-1.8297486660222313
465,2008-12-23,NSE:TIMKEN,60.0,61.049999,60.0,60.099998,1698.0,-3.7630151519132897,1.2155591375111972
466,2008-12-24,NSE:TIMKEN,58.0,61.25,58.0,61.25,1199.0,1.9134809289011967,-3.7630151519132897
467,2008-12-26,NSE:TIMKEN,62.950001,62.950001,58.5,58.700001,1728.0,-4.1632636734693875,1.9134809289011967
468,2008-12-29,NSE:TIMKEN,56.099998,59.849998,56.099998,57.049999,2330.0,-2.8109062553508317,-4.1632636734693875
469,2008-12-30,NSE:TIMKEN,59.0,59.0,57.150002,57.150002,1856.0,0.17529009947923216,-2.8109062553508317
470,2008-12-31,NSE:TIMKEN,54.5,60.0,54.5,58.650002,2869.0,2.6246718241584666,0.17529009947923216
471,2009-01-01,NSE:TIMKEN,59.799999,60.75,58.0,59.049999,5123.0,0.6820067968625116,2.6246718241584666
472,2009-01-02,NSE:TIMKEN,60.0,61.0,58.0,60.0,750.0,1.6088078172533085,0.6820067968625116
473,2009-01-05,NSE:TIMKEN,61.5,62.450001,60.5,60.75,1405.0,1.25,1.6088078172533085
474,2009-01-06,NSE:TIMKEN,60.099998,63.700001,60.099998,63.700001,0.0,4.855968724279836,1.25
475,2009-01-07,NSE:TIMKEN,66.849998,67.0,60.0,61.0,1496.0,-4.238620027651177,4.855968724279836
476,2009-01-09,NSE:TIMKEN,58.0,64.5,58.0,62.799999,3857.0,2.9508180327868847,-4.238620027651177
477,2009-01-12,NSE:TIMKEN,61.099998,61.849998,61.049999,61.400002,500.0,-2.2292946214855816,2.9508180327868847
478,2009-01-13,NSE:TIMKEN,61.0,62.0,58.5,58.599998,2453.0,-4.560266952434303,-2.2292946214855816
479,2009-01-14,NSE:TIMKEN,59.0,61.0,58.5,60.400002,862.0,3.071679285722845,-4.560266952434303
480,2009-01-15,NSE:TIMKEN,60.049999,60.049999,58.099998,58.099998,372.0,-3.807953516292932,3.071679285722845
481,2009-01-16,NSE:TIMKEN,57.5,60.0,57.0,57.299999,1655.0,-1.3769346429237395,-3.807953516292932
482,2009-01-19,NSE:TIMKEN,58.0,59.450001,56.549999,57.650002,666.0,0.6108254905903243,-1.3769346429237395
483,2009-01-20,NSE:TIMKEN,59.450001,59.5,58.0,58.0,64.0,0.607108391774209,0.6108254905903243
484,2009-01-21,NSE:TIMKEN,56.700001,58.450001,56.25,56.400002,573.0,-2.758617241379309,0.607108391774209
485,2009-01-22,NSE:TIMKEN,57.0,57.900002,56.049999,57.0,1287.0,1.0638262034104171,-2.758617241379309
486,2009-01-23,NSE:TIMKEN,56.150002,57.0,56.0,56.150002,4608.0,-1.4912245614035078,1.0638262034104171
487,2009-01-27,NSE:TIMKEN,55.0,57.5,55.0,56.599998,1761.0,0.8014176027990146,-1.4912245614035078
488,2009-01-28,NSE:TIMKEN,54.0,56.0,54.0,55.849998,1010.0,-1.325088386045526,0.8014176027990146
489,2009-01-30,NSE:TIMKEN,55.099998,55.900002,55.0,55.599998,365.0,-0.44762758988818585,-1.325088386045526
490,2009-02-02,NSE:TIMKEN,53.25,53.599998,53.200001,53.299999,408.0,-4.136688997722626,-0.44762758988818585
491,2009-02-03,NSE:TIMKEN,52.200001,55.950001,51.0,54.75,6328.0,2.7204522086388785,-4.136688997722626
492,2009-02-04,NSE:TIMKEN,53.549999,61.0,53.549999,57.700001,3503.0,5.388129680365298,2.7204522086388785
493,2009-02-05,NSE:TIMKEN,56.049999,56.049999,56.049999,56.049999,21.0,-2.859622134148664,5.388129680365298
494,2009-02-06,NSE:TIMKEN,51.549999,59.849998,51.549999,54.5,3460.0,-2.76538631160368,-2.859622134148664
495,2009-02-09,NSE:TIMKEN,55.5,56.0,53.349998,55.049999,2060.0,1.0091724770642196,-2.76538631160368
496,2009-02-10,NSE:TIMKEN,54.0,57.700001,53.400002,54.450001,265.0,-1.0899146428685664,1.0091724770642196
497,2009-02-11,NSE:TIMKEN,56.900002,56.900002,54.549999,56.25,300125.0,3.305783226707378,-1.0899146428685664
498,2009-02-12,NSE:TIMKEN,54.0,58.900002,54.0,56.950001,35779.0,1.2444462222222228,3.305783226707378
499,2009-02-13,NSE:TIMKEN,56.950001,61.900002,56.950001,59.0,3308.0,3.5996469956163826,1.2444462222222228
500,2009-02-16,NSE:TIMKEN,57.25,57.25,53.0,53.25,2932.0,-9.745762711864407,3.5996469956163826
501,2009-02-17,NSE:TIMKEN,57.200001,57.200001,53.0,55.650002,536.0,4.507046009389672,-9.745762711864407
502,2009-02-18,NSE:TIMKEN,61.5,61.5,53.5,53.650002,666.0,-3.59389025718274,4.507046009389672
503,2009-02-19,NSE:TIMKEN,57.950001,57.950001,52.599998,54.75,499.0,2.0503223839581577,-3.59389025718274
504,2009-02-20,NSE:TIMKEN,54.0,54.5,52.5,54.349998,4479.0,-0.7305972602739738,2.0503223839581577
505,2009-02-24,NSE:TIMKEN,52.049999,54.0,52.0,53.0,1143.0,-2.4838970555251896,-0.7305972602739738
506,2009-02-25,NSE:TIMKEN,55.450001,55.450001,52.299999,52.5,340.0,-0.9433962264150944,-2.4838970555251896
507,2009-02-26,NSE:TIMKEN,50.299999,52.799999,50.099998,52.75,770.0,0.4761904761904762,-0.9433962264150944
508,2009-02-27,NSE:TIMKEN,58.0,58.0,53.950001,53.950001,2638.0,2.2748834123222754,0.4761904761904762
509,2009-03-02,NSE:TIMKEN,51.049999,54.900002,51.049999,52.0,129.0,-3.6144596178969493,2.2748834123222754
510,2009-03-03,NSE:TIMKEN,54.0,57.700001,53.0,55.650002,11968.0,7.019234615384616,-3.6144596178969493
511,2009-03-04,NSE:TIMKEN,51.650002,56.0,51.650002,54.450001,936.0,-2.156335951254773,7.019234615384616
512,2009-03-05,NSE:TIMKEN,54.0,55.5,51.0,53.849998,979.0,-1.1019338640599858,-2.156335951254773
513,2009-03-06,NSE:TIMKEN,55.0,55.0,53.0,54.0,1014.0,0.2785552563994536,-1.1019338640599858
514,2009-03-09,NSE:TIMKEN,55.0,55.0,52.5,53.0,1198.0,-1.8518518518518516,0.2785552563994536
515,2009-03-12,NSE:TIMKEN,54.0,54.0,52.0,52.150002,1053.0,-1.6037698113207537,-1.8518518518518516
516,2009-03-13,NSE:TIMKEN,53.0,53.75,52.299999,53.650002,1312.0,2.8763182022505003,-1.6037698113207537
517,2009-03-16,NSE:TIMKEN,59.849998,59.849998,53.049999,54.099998,2708.0,0.838762317287516,2.8763182022505003
518,2009-03-17,NSE:TIMKEN,55.0,56.150002,53.25,54.299999,1018.0,0.3696876291936283,0.838762317287516
519,2009-03-18,NSE:TIMKEN,55.0,57.0,54.0,55.0,7905.0,1.2891363036673358,0.3696876291936283
520,2009-03-19,NSE:TIMKEN,53.400002,56.5,53.400002,56.0,1245.0,1.8181818181818181,1.2891363036673358
521,2009-03-20,NSE:TIMKEN,56.049999,56.5,55.0,56.0,200.0,0.0,1.8181818181818181
522,2009-03-23,NSE:TIMKEN,57.5,57.5,57.0,57.150002,945.0,2.0535750000000013,0.0
523,2009-03-24,NSE:TIMKEN,65.0,65.0,58.0,58.049999,1832.0,1.5747978451514297,2.0535750000000013
524,2009-03-25,NSE:TIMKEN,57.049999,58.200001,52.799999,55.900002,435.0,-3.7036985995469167,1.5747978451514297
525,2009-03-26,NSE:TIMKEN,55.650002,57.0,55.650002,56.75,77.0,1.5205688185842987,-3.7036985995469167
526,2009-03-27,NSE:TIMKEN,56.599998,58.950001,56.599998,57.450001,979.0,1.2334819383259916,1.5205688185842987
527,2009-03-30,NSE:TIMKEN,56.0,58.75,54.0,54.049999,1281.0,-5.918193108473576,1.2334819383259916
528,2009-03-31,NSE:TIMKEN,59.799999,60.0,55.0,59.549999,2410.0,10.175763370504411,-5.918193108473576
529,2009-04-01,NSE:TIMKEN,57.0,60.0,57.0,58.549999,741.0,-1.6792611533041335,10.175763370504411
530,2009-04-02,NSE:TIMKEN,59.900002,62.0,59.0,61.0,3116.0,4.1844595078473015,-1.6792611533041335
531,2009-04-06,NSE:TIMKEN,58.0,66.0,58.0,63.700001,3031.0,4.426231147540984,4.1844595078473015
532,2009-04-08,NSE:TIMKEN,58.099998,70.0,58.099998,63.5,5562.0,-0.313973307472947,4.426231147540984
533,2009-04-09,NSE:TIMKEN,63.150002,67.800003,63.150002,67.25,1707.0,5.905511811023622,-0.313973307472947
534,2009-04-13,NSE:TIMKEN,69.0,76.900002,69.0,74.199997,7570.0,10.33456802973977,5.905511811023622
535,2009-04-15,NSE:TIMKEN,77.900002,88.0,66.550003,77.449997,25582.0,4.380054085446931,10.33456802973977
536,2009-04-16,NSE:TIMKEN,77.0,79.900002,74.099998,75.849998,4038.0,-2.06584772366098,4.380054085446931
537,2009-04-17,NSE:TIMKEN,73.199997,77.449997,72.550003,73.849998,2388.0,-2.636783194114257,-2.06584772366098
538,2009-04-20,NSE:TIMKEN,74.900002,75.650002,72.099998,73.550003,2158.0,-0.4062220827683646,-2.636783194114257
539,2009-04-21,NSE:TIMKEN,72.5,74.900002,71.599998,72.550003,906.0,-1.359619251137216,-0.4062220827683646
540,2009-04-22,NSE:TIMKEN,72.25,79.0,70.050003,72.599998,8632.0,0.06891109294646834,-1.359619251137216
541,2009-04-23,NSE:TIMKEN,71.650002,73.0,71.5,72.900002,818.0,0.4132286615214525,0.06891109294646834
542,2009-04-24,NSE:TIMKEN,73.0,77.800003,70.800003,71.949997,6192.0,-1.3031618298172398,0.4132286615214525
543,2009-04-27,NSE:TIMKEN,71.300003,86.349998,70.0,86.349998,235332.0,20.01390076499934,-1.3031618298172398
544,2009-04-28,NSE:TIMKEN,88.0,93.949997,77.0,78.699997,113087.0,-8.859294935941984,20.01390076499934
545,2009-04-29,NSE:TIMKEN,78.5,83.0,78.199997,78.800003,22065.0,0.12707243178167796,-8.859294935941984
546,2009-05-04,NSE:TIMKEN,79.800003,82.849998,79.0,80.5,23864.0,2.157356516851904,0.12707243178167796
547,2009-05-05,NSE:TIMKEN,77.0,81.5,77.0,78.5,19176.0,-2.484472049689441,2.157356516851904
548,2009-05-06,NSE:TIMKEN,78.5,80.5,76.5,77.349998,4354.0,-1.4649707006369435,-2.484472049689441
549,2009-05-07,NSE:TIMKEN,76.199997,81.349998,76.199997,79.099998,3840.0,2.2624434974128893,-1.4649707006369435
550,2009-05-08,NSE:TIMKEN,79.0,79.0,76.0,76.449997,1524.0,-3.350190982305718,2.2624434974128893
551,2009-05-11,NSE:TIMKEN,74.050003,75.199997,74.050003,75.050003,469.0,-1.8312544865109575,-3.350190982305718
552,2009-05-12,NSE:TIMKEN,89.0,89.900002,72.0,73.599998,5097.0,-1.9320518881258464,-1.8312544865109575
553,2009-05-13,NSE:TIMKEN,76.300003,76.300003,74.199997,75.5,819.0,2.581524526671863,-1.9320518881258464
554,2009-05-14,NSE:TIMKEN,72.099998,76.0,71.949997,73.300003,3075.0,-2.913903311258273,2.581524526671863
555,2009-05-15,NSE:TIMKEN,73.150002,74.650002,72.5,72.5,1917.0,-1.091409232275207,-2.913903311258273
556,2009-05-19,NSE:TIMKEN,72.650002,79.25,72.650002,76.650002,10889.0,5.724140689655173,-1.091409232275207
557,2009-05-20,NSE:TIMKEN,81.0,89.0,77.0,84.949997,33058.0,10.82843415972774,5.724140689655173
558,2009-05-21,NSE:TIMKEN,81.699997,84.900002,76.75,80.900002,16830.0,-4.767504582725289,10.82843415972774
559,2009-05-22,NSE:TIMKEN,82.5,86.0,80.0,84.349998,20269.0,4.2645190540291935,-4.767504582725289
560,2009-05-25,NSE:TIMKEN,84.349998,87.699997,84.0,87.0,18245.0,3.14167405196619,4.2645190540291935
561,2009-05-26,NSE:TIMKEN,89.5,98.800003,86.900002,87.699997,68211.0,0.8045942528735589,3.14167405196619
562,2009-05-27,NSE:TIMKEN,92.900002,93.0,89.25,89.949997,11588.0,2.565564511934932,0.8045942528735589
563,2009-05-28,NSE:TIMKEN,88.0,93.400002,88.0,88.849998,16285.0,-1.222900541063939,2.565564511934932
564,2009-05-29,NSE:TIMKEN,90.0,104.85,89.949997,101.65,142471.0,14.406305332724944,-1.222900541063939
565,2009-06-01,NSE:TIMKEN,103.4,121.0,97.199997,119.1,0.0,17.16674864731922,14.406305332724944
566,2009-06-02,NSE:TIMKEN,121.0,122.4,107.25,112.3,64477.0,-5.709487825356841,17.16674864731922
567,2009-06-03,NSE:TIMKEN,115.9,115.9,107.4,108.65,11033.0,-3.2502226179875255,-5.709487825356841
568,2009-06-04,NSE:TIMKEN,108.0,116.5,106.0,111.05,18203.0,2.208927749654847,-3.2502226179875255
569,2009-06-05,NSE:TIMKEN,111.1,113.0,106.0,106.85,19510.0,-3.782080144079246,2.208927749654847
570,2009-06-08,NSE:TIMKEN,105.6,105.65,98.099998,98.599998,7833.0,-7.721106223678049,-3.782080144079246
571,2009-06-09,NSE:TIMKEN,95.550003,102.9,95.5,99.550003,6178.0,0.9634939343507943,-7.721106223678049
572,2009-06-10,NSE:TIMKEN,103.0,103.0,95.0,95.800003,10657.0,-3.766951167244063,0.9634939343507943
573,2009-06-11,NSE:TIMKEN,92.199997,98.900002,92.199997,95.25,6151.0,-0.5741158484097373,-3.766951167244063
574,2009-06-12,NSE:TIMKEN,92.099998,95.849998,90.199997,92.699997,11718.0,-2.6771685039370117,-0.5741158484097373
575,2009-06-15,NSE:TIMKEN,92.0,92.0,88.0,90.449997,5696.0,-2.427184544569079,-2.6771685039370117
576,2009-06-16,NSE:TIMKEN,90.150002,94.0,88.0,92.349998,3984.0,2.1006092460124717,-2.427184544569079
577,2009-06-17,NSE:TIMKEN,91.0,93.5,87.599998,88.199997,2208.0,-4.493774867217651,2.1006092460124717
578,2009-06-18,NSE:TIMKEN,87.0,90.300003,85.0,85.349998,1894.0,-3.2312914931278254,-4.493774867217651
579,2009-06-19,NSE:TIMKEN,85.050003,87.449997,84.199997,85.400002,1823.0,0.05858699610045834,-3.2312914931278254
580,2009-06-22,NSE:TIMKEN,89.699997,89.699997,83.0,84.5,1850.0,-1.0538664858579285,0.05858699610045834
581,2009-06-23,NSE:TIMKEN,84.900002,84.900002,81.0,83.0,1686.0,-1.7751479289940828,-1.0538664858579285
582,2009-06-24,NSE:TIMKEN,82.199997,85.949997,82.0,84.300003,2590.0,1.5662686746987997,-1.7751479289940828
583,2009-06-25,NSE:TIMKEN,81.400002,88.400002,81.400002,83.349998,2941.0,-1.1269335304768666,1.5662686746987997
584,2009-06-26,NSE:TIMKEN,86.0,86.0,83.349998,85.650002,4001.0,2.7594529756317465,-1.1269335304768666
585,2009-06-29,NSE:TIMKEN,84.5,87.300003,83.0,83.349998,3272.0,-2.685351951305268,2.7594529756317465
586,2009-06-30,NSE:TIMKEN,83.050003,85.949997,82.25,82.349998,1497.0,-1.199760076778886,-2.685351951305268
587,2009-07-01,NSE:TIMKEN,88.650002,88.650002,82.300003,83.75,2565.0,1.7000631864010498,-1.199760076778886
588,2009-07-02,NSE:TIMKEN,84.900002,86.449997,82.300003,83.300003,4707.0,-0.5373098507462641,1.7000631864010498
589,2009-07-03,NSE:TIMKEN,84.949997,84.949997,82.099998,82.800003,1701.0,-0.6002400744211257,-0.5373098507462641
590,2009-07-06,NSE:TIMKEN,83.0,85.0,76.0,77.449997,0.0,-6.461359669274416,-0.6002400744211257
591,2009-07-07,NSE:TIMKEN,78.5,82.900002,78.099998,79.099998,6936.0,2.1304080876852756,-6.461359669274416
592,2009-07-08,NSE:TIMKEN,79.900002,79.900002,75.199997,76.25,2720.0,-3.603031696663253,2.1304080876852756
593,2009-07-09,NSE:TIMKEN,75.349998,79.0,75.349998,78.0,2416.0,2.2950819672131146,-3.603031696663253
594,2009-07-10,NSE:TIMKEN,75.25,77.75,72.050003,74.400002,4335.0,-4.615382051282051,2.2950819672131146
595,2009-07-13,NSE:TIMKEN,74.0,75.0,71.0,71.800003,1855.0,-3.494622217886495,-4.615382051282051
596,2009-07-14,NSE:TIMKEN,74.0,76.900002,72.5,75.900002,1105.0,5.71030477533545,-3.494622217886495
597,2009-07-15,NSE:TIMKEN,74.300003,80.800003,74.300003,80.449997,3064.0,5.9947231621943775,5.71030477533545
598,2009-07-16,NSE:TIMKEN,80.449997,84.0,79.099998,81.599998,6342.0,1.4294605877984101,5.9947231621943775
599,2009-07-17,NSE:TIMKEN,84.849998,84.849998,80.400002,82.5,4837.0,1.102943654483914,1.4294605877984101
600,2009-07-20,NSE:TIMKEN,84.0,86.0,81.800003,85.349998,6754.0,3.4545430303030296,1.102943654483914
601,2009-07-21,NSE:TIMKEN,83.5,87.0,83.5,86.0,4483.0,0.761572366996424,3.4545430303030296
602,2009-07-22,NSE:TIMKEN,87.5,87.5,85.0,86.300003,1555.0,0.348840697674423,0.761572366996424
603,2009-07-23,NSE:TIMKEN,83.099998,88.0,83.099998,87.449997,5841.0,1.3325538354847941,0.348840697674423
604,2009-07-24,NSE:TIMKEN,87.150002,89.300003,86.099998,87.75,3067.0,0.3430566155422553,1.3325538354847941
605,2009-07-27,NSE:TIMKEN,83.150002,88.900002,83.150002,87.5,4473.0,-0.2849002849002849,0.3430566155422553
606,2009-07-28,NSE:TIMKEN,89.0,90.949997,88.0,89.0,3587.0,1.7142857142857144,-0.2849002849002849
607,2009-07-29,NSE:TIMKEN,87.0,91.0,86.949997,89.050003,2616.0,0.05618314606741999,1.7142857142857144
608,2009-07-30,NSE:TIMKEN,94.849998,94.849998,88.0,90.349998,968.0,1.4598483505946602,0.05618314606741999
609,2009-07-31,NSE:TIMKEN,91.0,96.449997,89.349998,90.300003,4133.0,-0.05533481030071032,1.4598483505946602
610,2009-08-03,NSE:TIMKEN,90.0,91.699997,87.0,90.900002,9972.0,0.6644506977480353,-0.05533481030071032
611,2009-08-04,NSE:TIMKEN,96.449997,97.900002,91.25,93.199997,29982.0,2.5302474690814587,0.6644506977480353
612,2009-08-05,NSE:TIMKEN,93.400002,94.400002,91.050003,92.300003,2860.0,-0.9656588293666925,2.5302474690814587
613,2009-08-06,NSE:TIMKEN,92.099998,102.95,92.099998,96.75,170265.0,4.821231695951295,-0.9656588293666925
614,2009-08-07,NSE:TIMKEN,94.150002,98.849998,91.25,91.849998,11381.0,-5.064601550387597,4.821231695951295
615,2009-08-10,NSE:TIMKEN,92.099998,93.900002,81.25,92.400002,8705.0,0.5988067631748901,-5.064601550387597
616,2009-08-11,NSE:TIMKEN,90.300003,92.300003,88.349998,89.900002,4159.0,-2.7056276470643366,0.5988067631748901
617,2009-08-12,NSE:TIMKEN,83.650002,91.900002,83.650002,88.400002,3788.0,-1.6685205413009891,-2.7056276470643366
618,2009-08-13,NSE:TIMKEN,90.25,95.0,90.0,90.449997,6021.0,2.318998816312239,-1.6685205413009891
619,2009-08-14,NSE:TIMKEN,90.949997,91.800003,87.25,90.800003,1593.0,0.3869607646311007,2.318998816312239
620,2009-08-17,NSE:TIMKEN,87.0,91.900002,87.0,89.199997,3671.0,-1.762121087154598,0.3869607646311007
621,2009-08-18,NSE:TIMKEN,88.050003,98.5,88.050003,95.0,110043.0,6.502245734380467,-1.762121087154598
622,2009-08-19,NSE:TIMKEN,93.050003,96.900002,90.099998,92.5,11275.0,-2.631578947368421,6.502245734380467
623,2009-08-20,NSE:TIMKEN,93.099998,93.099998,90.099998,90.150002,3956.0,-2.5405383783783777,-2.631578947368421
624,2009-08-21,NSE:TIMKEN,88.150002,95.300003,88.150002,91.349998,5512.0,1.331110342071871,-2.5405383783783777
625,2009-08-24,NSE:TIMKEN,93.75,95.5,93.0,94.199997,37488.0,3.1198676107250676,1.331110342071871
626,2009-08-25,NSE:TIMKEN,92.650002,96.300003,92.099998,95.800003,4525.0,1.698520223944389,3.1198676107250676
627,2009-08-26,NSE:TIMKEN,95.050003,107.85,95.050003,106.65,98475.0,11.325675010678237,1.698520223944389
628,2009-08-27,NSE:TIMKEN,107.8,113.0,106.3,109.6,347383.0,2.7660571964369325,11.325675010678237
629,2009-08-28,NSE:TIMKEN,110.5,111.0,103.5,107.85,50653.0,-1.5967153284671534,2.7660571964369325
630,2009-08-31,NSE:TIMKEN,107.0,109.0,105.0,105.65,8677.0,-2.0398701900788025,-1.5967153284671534
631,2009-09-01,NSE:TIMKEN,108.0,110.5,101.1,102.35,14230.0,-3.1235210601041277,-2.0398701900788025
632,2009-09-02,NSE:TIMKEN,100.0,113.4,100.0,112.0,58330.0,9.428431851489991,-3.1235210601041277
633,2009-09-03,NSE:TIMKEN,112.0,119.25,108.2,115.75,396544.0,3.3482142857142856,9.428431851489991
634,2009-09-04,NSE:TIMKEN,119.0,121.8,111.25,113.7,515944.0,-1.7710583153347708,3.3482142857142856
635,2009-09-07,NSE:TIMKEN,116.45,118.9,113.0,116.5,123345.0,2.462620932277922,-1.7710583153347708
636,2009-09-08,NSE:TIMKEN,116.5,119.85,113.1,114.05,419755.0,-2.103004291845496,2.462620932277922
637,2009-09-09,NSE:TIMKEN,115.0,118.0,111.0,112.0,90703.0,-1.797457255589651,-2.103004291845496
638,2009-09-10,NSE:TIMKEN,112.5,115.9,110.0,111.65,30065.0,-0.31249999999999495,-1.797457255589651
639,2009-09-11,NSE:TIMKEN,111.55,128.8,108.1,121.6,995062.0,8.911777877295108,-0.31249999999999495
640,2009-09-14,NSE:TIMKEN,125.5,133.39999,121.55,122.95,648446.0,1.1101973684210598,8.911777877295108
641,2009-09-15,NSE:TIMKEN,128.89999,128.89999,117.15,118.65,134231.0,-3.4973566490443244,1.1101973684210598
642,2009-09-16,NSE:TIMKEN,119.95,121.0,115.15,116.65,67042.0,-1.685630004214075,-3.4973566490443244
643,2009-09-17,NSE:TIMKEN,118.8,118.8,115.0,115.55,40681.0,-0.9429918559794329,-1.685630004214075
644,2009-09-18,NSE:TIMKEN,115.95,117.0,113.1,113.45,29639.0,-1.8173950670705274,-0.9429918559794329
645,2009-09-22,NSE:TIMKEN,116.0,118.9,113.3,113.8,39800.0,0.3085059497575975,-1.8173950670705274
646,2009-09-23,NSE:TIMKEN,114.5,115.5,108.4,109.35,49292.0,-3.9103690685413026,0.3085059497575975
647,2009-09-24,NSE:TIMKEN,107.55,111.7,106.3,109.6,37582.0,0.2286236854138089,-3.9103690685413026
648,2009-09-25,NSE:TIMKEN,108.05,111.95,108.05,110.8,28046.0,1.0948905109489078,0.2286236854138089
649,2009-09-29,NSE:TIMKEN,111.0,113.7,110.2,111.7,13963.0,0.812274368231052,1.0948905109489078
650,2009-09-30,NSE:TIMKEN,111.0,114.4,110.5,113.45,111140.0,1.566696508504924,0.812274368231052
651,2009-10-01,NSE:TIMKEN,114.45,114.5,110.55,111.55,21872.0,-1.6747465843984184,1.566696508504924
652,2009-10-05,NSE:TIMKEN,109.6,121.4,109.6,117.3,440559.0,5.154639175257732,-1.6747465843984184
653,2009-10-06,NSE:TIMKEN,119.65,119.65,111.0,113.35,86846.0,-3.3674339300937794,5.154639175257732
654,2009-10-07,NSE:TIMKEN,114.0,124.5,114.0,118.05,438044.0,4.14644905161006,-3.3674339300937794
655,2009-10-08,NSE:TIMKEN,122.8,129.7,116.5,124.2,403376.0,5.209656925031771,4.14644905161006
656,2009-10-09,NSE:TIMKEN,126.95,133.05,123.25,126.6,316231.0,1.9323671497584471,5.209656925031771
657,2009-10-12,NSE:TIMKEN,127.0,136.10001,125.7,133.35001,313870.0,5.331761453396528,1.9323671497584471
658,2009-10-14,NSE:TIMKEN,134.0,134.75,128.05,129.0,79521.0,-3.2620994929059233,5.331761453396528
659,2009-10-15,NSE:TIMKEN,128.3,131.89999,125.25,130.0,68405.0,0.7751937984496124,-3.2620994929059233
660,2009-10-16,NSE:TIMKEN,128.3,134.89999,128.25,130.3,63552.0,0.2307692307692395,0.7751937984496124
661,2009-10-20,NSE:TIMKEN,131.0,133.0,129.0,130.14999,66952.0,-0.11512663085188705,0.2307692307692395
662,2009-10-21,NSE:TIMKEN,130.5,138.8,129.39999,130.35001,120555.0,0.15368422233455029,-0.11512663085188705
663,2009-10-22,NSE:TIMKEN,129.10001,133.5,129.0,130.25,55516.0,-0.07672419817995986,0.15368422233455029
664,2009-10-23,NSE:TIMKEN,134.85001,134.85001,127.0,129.05,68072.0,-0.921305182341642,-0.07672419817995986
665,2009-10-26,NSE:TIMKEN,128.14999,128.89999,120.5,120.95,24864.0,-6.276636962417674,-0.921305182341642
666,2009-10-27,NSE:TIMKEN,120.0,120.0,114.4,118.0,142720.0,-2.4390243902439046,-6.276636962417674
667,2009-10-28,NSE:TIMKEN,118.0,118.0,111.75,112.8,19783.0,-4.406779661016952,-2.4390243902439046
668,2009-10-29,NSE:TIMKEN,113.0,117.0,108.5,113.6,35155.0,0.7092198581560258,-4.406779661016952
669,2009-10-30,NSE:TIMKEN,119.0,119.9,111.1,112.15,43468.0,-1.2764084507042153,0.7092198581560258
670,2009-11-03,NSE:TIMKEN,114.0,114.0,103.55,104.75,20612.0,-6.598305840392336,-1.2764084507042153
671,2009-11-04,NSE:TIMKEN,96.75,108.0,96.75,105.0,7894.0,0.23866348448687352,-6.598305840392336
672,2009-11-05,NSE:TIMKEN,104.3,109.25,104.3,108.45,16324.0,3.2857142857142883,0.23866348448687352
673,2009-11-06,NSE:TIMKEN,112.8,114.8,110.0,113.85,13165.0,4.979253112033187,3.2857142857142883
674,2009-11-09,NSE:TIMKEN,113.0,114.95,110.4,113.05,4568.0,-0.7026789635485263,4.979253112033187
675,2009-11-10,NSE:TIMKEN,113.5,115.9,110.0,112.35,6194.0,-0.6191950464396311,-0.7026789635485263
676,2009-11-11,NSE:TIMKEN,111.5,114.4,111.25,112.95,3857.0,0.5340453938584856,-0.6191950464396311
677,2009-11-12,NSE:TIMKEN,113.9,115.8,111.65,112.7,7474.0,-0.22133687472332889,0.5340453938584856
678,2009-11-13,NSE:TIMKEN,113.9,117.4,111.4,114.0,31008.0,1.1535048802129522,-0.22133687472332889
679,2009-11-16,NSE:TIMKEN,115.0,116.7,114.5,114.75,9430.0,0.6578947368421052,1.1535048802129522
680,2009-11-17,NSE:TIMKEN,114.0,124.0,114.0,116.35,107382.0,1.394335511982566,0.6578947368421052
681,2009-11-18,NSE:TIMKEN,114.1,121.65,114.1,117.65,21175.0,1.1173184357541996,1.394335511982566
682,2009-11-19,NSE:TIMKEN,116.45,123.7,115.9,117.05,32739.0,-0.5099872503187493,1.1173184357541996
683,2009-11-20,NSE:TIMKEN,118.9,118.9,113.5,114.95,6282.0,-1.7941050832977312,-0.5099872503187493
684,2009-11-23,NSE:TIMKEN,116.0,122.7,116.0,118.15,32316.0,2.783819051761638,-1.7941050832977312
685,2009-11-24,NSE:TIMKEN,117.6,123.3,117.6,122.05,44087.0,3.3008887008040553,2.783819051761638
686,2009-11-25,NSE:TIMKEN,119.5,122.95,118.05,118.4,4597.0,-2.9905776321179776,3.3008887008040553
687,2009-11-26,NSE:TIMKEN,117.6,120.0,114.7,115.45,8873.0,-2.491554054054056,-2.9905776321179776
688,2009-11-27,NSE:TIMKEN,112.0,114.9,110.0,113.4,12284.0,-1.7756604590731893,-2.491554054054056
689,2009-11-30,NSE:TIMKEN,117.9,118.0,115.15,115.55,2865.0,1.8959435626102215,-1.7756604590731893
690,2009-12-01,NSE:TIMKEN,116.95,123.05,115.0,120.6,41756.0,4.37040242319342,1.8959435626102215
691,2009-12-02,NSE:TIMKEN,122.8,124.8,115.0,117.2,52621.0,-2.8192371475953495,4.37040242319342
692,2009-12-03,NSE:TIMKEN,119.9,140.64999,117.55,139.3,1438315.0,18.856655290102395,-2.8192371475953495
693,2009-12-04,NSE:TIMKEN,138.89999,138.89999,126.25,128.85001,550552.0,-7.5017875089734485,18.856655290102395
694,2009-12-07,NSE:TIMKEN,129.89999,132.75,125.55,126.4,199273.0,-1.9014433914285236,-7.5017875089734485
695,2009-12-08,NSE:TIMKEN,127.5,134.89999,125.5,131.89999,207741.0,4.351257911392403,-1.9014433914285236
696,2009-12-09,NSE:TIMKEN,131.0,133.5,128.64999,129.2,87149.0,-2.046997880742837,4.351257911392403
697,2009-12-10,NSE:TIMKEN,130.35001,130.89999,126.6,127.55,42768.0,-1.2770897832817274,-2.046997880742837
698,2009-12-11,NSE:TIMKEN,128.7,129.7,124.15,124.7,38923.0,-2.2344178753429986,-1.2770897832817274
699,2009-12-14,NSE:TIMKEN,123.0,129.89999,123.0,125.75,43317.0,0.842020850040094,-2.2344178753429986
700,2009-12-15,NSE:TIMKEN,126.0,129.10001,123.05,123.3,24536.0,-1.9483101391650122,0.842020850040094
701,2009-12-16,NSE:TIMKEN,123.0,133.8,122.0,130.10001,337781.0,5.515012165450122,-1.9483101391650122
702,2009-12-17,NSE:TIMKEN,131.0,132.7,127.25,128.0,119467.0,-1.614150529273593,5.515012165450122
703,2009-12-18,NSE:TIMKEN,128.5,131.7,126.2,127.05,96459.0,-0.7421875000000022,-1.614150529273593
704,2009-12-21,NSE:TIMKEN,126.3,131.7,123.0,125.9,58016.0,-0.9051554506099895,-0.7421875000000022
705,2009-12-22,NSE:TIMKEN,127.35,130.7,126.5,127.95,54504.0,1.6282764098490843,-0.9051554506099895
706,2009-12-23,NSE:TIMKEN,128.8,137.0,127.65,132.45,424010.0,3.5169988276670465,1.6282764098490843
707,2009-12-24,NSE:TIMKEN,132.89999,135.8,130.10001,131.5,113397.0,-0.7172517931294743,3.5169988276670465
708,2009-12-29,NSE:TIMKEN,131.5,136.5,118.9,132.5,114689.0,0.7604562737642585,-0.7172517931294743
709,2009-12-30,NSE:TIMKEN,133.89999,133.89999,131.10001,131.8,31917.0,-0.5283018867924443,0.7604562737642585
710,2009-12-31,NSE:TIMKEN,132.5,144.35001,131.8,138.7,555434.0,5.235204855842167,-0.5283018867924443
711,2010-01-04,NSE:TIMKEN,141.0,143.35001,138.2,139.35001,129123.0,0.46864455659697835,5.235204855842167
712,2010-01-05,NSE:TIMKEN,140.64999,150.5,140.10001,144.75,599207.0,3.875127099022097,0.46864455659697835
713,2010-01-06,NSE:TIMKEN,145.7,146.89999,140.5,141.5,88071.0,-2.2452504317789295,3.875127099022097
714,2010-01-07,NSE:TIMKEN,143.8,144.3,139.64999,140.39999,50604.0,-0.7773922261484081,-2.2452504317789295
715,2010-01-08,NSE:TIMKEN,141.8,144.5,137.5,139.10001,67264.0,-0.9259117468598146,-0.7773922261484081
716,2010-01-11,NSE:TIMKEN,141.39999,144.0,139.0,139.5,39831.0,0.2875556946401388,-0.9259117468598146
717,2010-01-12,NSE:TIMKEN,140.95,143.89999,137.35001,137.95,62748.0,-1.1111111111111194,0.2875556946401388
718,2010-01-13,NSE:TIMKEN,139.0,140.2,135.2,137.14999,33034.0,-0.5799275099673695,-1.1111111111111194
719,2010-01-14,NSE:TIMKEN,138.55,140.64999,137.55,138.35001,36509.0,0.8749690758271254,-0.5799275099673695
720,2010-01-15,NSE:TIMKEN,139.85001,141.5,136.5,137.39999,27405.0,-0.686678663774578,0.8749690758271254
721,2010-01-18,NSE:TIMKEN,137.8,139.45,136.2,137.25,19063.0,-0.10916303560138724,-0.686678663774578
722,2010-01-19,NSE:TIMKEN,138.89999,143.5,135.75,137.89999,70370.0,0.4735810564663042,-0.10916303560138724
723,2010-01-20,NSE:TIMKEN,138.85001,139.85001,134.7,135.35001,21391.0,-1.8491516931944703,0.4735810564663042
724,2010-01-21,NSE:TIMKEN,137.0,139.8,132.0,132.39999,54123.0,-2.1795491555560247,-1.8491516931944703
725,2010-01-22,NSE:TIMKEN,130.0,131.89999,123.3,126.7,35911.0,-4.30512872395232,-2.1795491555560247
726,2010-01-25,NSE:TIMKEN,130.5,130.5,114.1,114.8,130017.0,-9.39226519337017,-4.30512872395232
727,2010-01-27,NSE:TIMKEN,117.35,117.35,98.0,99.800003,127129.0,-13.066199477351912,-9.39226519337017
728,2010-01-28,NSE:TIMKEN,104.8,109.55,101.75,102.85,130051.0,3.056109126569856,-13.066199477351912
729,2010-01-29,NSE:TIMKEN,100.0,106.4,100.0,104.7,53908.0,1.798736023334962,3.056109126569856
730,2010-02-01,NSE:TIMKEN,104.0,119.35,104.0,113.2,338734.0,8.118433619866284,1.798736023334962
731,2010-02-02,NSE:TIMKEN,116.8,116.8,109.15,110.35,45811.0,-2.517667844522976,8.118433619866284
732,2010-02-03,NSE:TIMKEN,112.0,112.9,110.0,110.65,35072.0,0.2718622564567389,-2.517667844522976
733,2010-02-04,NSE:TIMKEN,111.2,111.95,106.0,106.85,26555.0,-3.4342521464076015,0.2718622564567389
734,2010-02-05,NSE:TIMKEN,103.65,105.0,101.25,101.8,42886.0,-4.726251754796442,-3.4342521464076015
735,2010-02-08,NSE:TIMKEN,105.0,106.0,102.15,104.55,25666.0,2.701375245579568,-4.726251754796442
736,2010-02-09,NSE:TIMKEN,106.6,106.6,101.55,101.75,49506.0,-2.678144428503106,2.701375245579568
737,2010-02-10,NSE:TIMKEN,103.3,105.95,102.5,102.9,32824.0,1.1302211302211358,-2.678144428503106
738,2010-02-11,NSE:TIMKEN,103.8,109.4,103.3,107.55,101000.0,4.518950437317776,1.1302211302211358
739,2010-02-15,NSE:TIMKEN,105.0,109.0,105.0,108.25,30664.0,0.6508600650860091,4.518950437317776
740,2010-02-16,NSE:TIMKEN,107.5,111.0,107.5,108.95,47567.0,0.6466512702078547,0.6508600650860091
741,2010-02-17,NSE:TIMKEN,108.1,111.4,106.3,107.55,31292.0,-1.2849931161083117,0.6466512702078547
742,2010-02-18,NSE:TIMKEN,107.4,109.3,104.25,104.9,17901.0,-2.463970246397017,-1.2849931161083117
743,2010-02-19,NSE:TIMKEN,104.0,105.6,102.55,103.05,23347.0,-1.7635843660629251,-2.463970246397017
744,2010-02-22,NSE:TIMKEN,104.7,105.95,100.6,101.35,18123.0,-1.6496846191169363,-1.7635843660629251
745,2010-02-23,NSE:TIMKEN,101.95,103.9,100.05,100.65,28369.0,-0.6906758756783312,-1.6496846191169363
746,2010-02-24,NSE:TIMKEN,101.5,101.95,99.150002,99.650002,24602.0,-0.9935399900645853,-0.6906758756783312
747,2010-02-25,NSE:TIMKEN,100.0,101.0,98.5,99.0,13264.0,-0.6522849843996998,-0.9935399900645853
748,2010-02-26,NSE:TIMKEN,98.650002,102.0,98.050003,99.400002,19636.0,0.4040424242424249,-0.6522849843996998
749,2010-03-02,NSE:TIMKEN,100.9,103.8,100.05,102.5,20706.0,3.1187101988187074,0.4040424242424249
750,2010-03-03,NSE:TIMKEN,103.85,109.75,103.0,106.2,38863.0,3.609756097560978,3.1187101988187074
751,2010-03-04,NSE:TIMKEN,106.3,110.7,105.7,109.05,78936.0,2.6836158192090345,3.609756097560978
752,2010-03-05,NSE:TIMKEN,110.0,113.1,108.1,109.05,65419.0,0.0,2.6836158192090345
753,2010-03-08,NSE:TIMKEN,111.2,113.75,107.2,111.7,37711.0,2.430077945896383,0.0
754,2010-03-09,NSE:TIMKEN,112.95,115.85,110.0,111.7,49460.0,0.0,2.430077945896383
755,2010-03-10,NSE:TIMKEN,112.85,114.5,111.5,112.2,24878.0,0.4476275738585497,0.0
756,2010-03-11,NSE:TIMKEN,112.0,112.1,108.25,109.0,9598.0,-2.852049910873443,0.4476275738585497
757,2010-03-12,NSE:TIMKEN,109.8,110.8,109.0,110.05,13997.0,0.9633027522935754,-2.852049910873443
758,2010-03-15,NSE:TIMKEN,109.5,111.0,109.25,109.85,14214.0,-0.1817355747387577,0.9633027522935754
759,2010-03-16,NSE:TIMKEN,109.8,110.9,109.05,109.95,8823.0,0.09103322712790946,-0.1817355747387577
760,2010-03-17,NSE:TIMKEN,110.0,113.65,109.1,109.7,41091.0,-0.22737608003638018,0.09103322712790946
761,2010-03-18,NSE:TIMKEN,109.7,110.5,104.0,105.75,37406.0,-3.600729261622609,-0.22737608003638018
762,2010-03-19,NSE:TIMKEN,108.5,108.95,106.0,107.1,14287.0,1.2765957446808456,-3.600729261622609
763,2010-03-22,NSE:TIMKEN,105.5,107.85,105.0,105.45,13794.0,-1.5406162464985915,1.2765957446808456
764,2010-03-23,NSE:TIMKEN,105.45,108.0,101.6,103.1,72453.0,-2.2285443338074997,-1.5406162464985915
765,2010-03-25,NSE:TIMKEN,104.3,104.5,102.5,102.75,14511.0,-0.3394762366634281,-2.2285443338074997
766,2010-03-26,NSE:TIMKEN,103.8,105.0,101.8,102.05,12852.0,-0.6812652068126548,-0.3394762366634281
767,2010-03-29,NSE:TIMKEN,101.55,103.45,99.099998,99.650002,51957.0,-2.3517863792258664,-0.6812652068126548
768,2010-03-30,NSE:TIMKEN,100.75,102.9,100.25,101.35,15608.0,1.7059688568796954,-2.3517863792258664
769,2010-03-31,NSE:TIMKEN,101.5,102.5,100.75,101.35,14883.0,0.0,1.7059688568796954
770,2010-04-01,NSE:TIMKEN,101.3,105.0,101.3,104.3,24104.0,2.9107054760730176,0.0
771,2010-04-05,NSE:TIMKEN,103.5,110.0,103.5,109.3,46362.0,4.793863854266539,2.9107054760730176
772,2010-04-06,NSE:TIMKEN,109.6,111.75,109.25,110.8,33740.0,1.372369624885636,4.793863854266539
773,2010-04-07,NSE:TIMKEN,110.0,120.9,110.0,116.8,398826.0,5.415162454873646,1.372369624885636
774,2010-04-08,NSE:TIMKEN,117.2,118.0,113.1,114.15,46049.0,-2.268835616438349,5.415162454873646
775,2010-04-09,NSE:TIMKEN,115.9,115.9,112.05,112.55,21878.0,-1.4016644765659294,-2.268835616438349
776,2010-04-12,NSE:TIMKEN,113.0,117.95,109.0,110.55,33321.0,-1.776988005330964,-1.4016644765659294
777,2010-04-13,NSE:TIMKEN,110.0,113.45,110.0,110.95,33106.0,0.36182722749887447,-1.776988005330964
778,2010-04-15,NSE:TIMKEN,111.25,114.8,109.1,109.95,50820.0,-0.9013068949977467,0.36182722749887447
779,2010-04-16,NSE:TIMKEN,110.8,112.7,109.0,109.55,19485.0,-0.3638017280582134,-0.9013068949977467
780,2010-04-19,NSE:TIMKEN,107.5,109.0,104.55,105.4,18997.0,-3.78822455499771,-0.3638017280582134
781,2010-04-20,NSE:TIMKEN,106.1,112.0,106.1,110.15,36174.0,4.506641366223909,-3.78822455499771
782,2010-04-21,NSE:TIMKEN,111.4,115.5,110.05,111.0,74310.0,0.7716749886518331,4.506641366223909
783,2010-04-22,NSE:TIMKEN,110.0,114.0,109.0,110.5,31409.0,-0.45045045045045046,0.7716749886518331
784,2010-04-23,NSE:TIMKEN,111.5,115.0,110.75,113.0,37907.0,2.262443438914027,-0.45045045045045046
785,2010-04-26,NSE:TIMKEN,113.85,118.85,113.85,117.2,106864.0,3.716814159292038,2.262443438914027
786,2010-04-27,NSE:TIMKEN,117.85,121.85,116.55,120.95,151319.0,3.199658703071672,3.716814159292038
787,2010-04-28,NSE:TIMKEN,117.0,124.45,117.0,118.85,311021.0,-1.736254650682107,3.199658703071672
788,2010-04-29,NSE:TIMKEN,120.0,124.75,120.0,120.75,157554.0,1.5986537652503203,-1.736254650682107
789,2010-04-30,NSE:TIMKEN,123.4,124.0,121.0,121.7,75708.0,0.7867494824016587,1.5986537652503203
790,2010-05-03,NSE:TIMKEN,124.4,129.0,123.9,126.15,181754.0,3.6565324568611364,0.7867494824016587
791,2010-05-04,NSE:TIMKEN,126.0,127.9,121.6,122.95,77701.0,-2.5366627031311952,3.6565324568611364
792,2010-05-05,NSE:TIMKEN,120.0,122.95,118.1,122.45,43856.0,-0.40666937779585194,-2.5366627031311952
793,2010-05-06,NSE:TIMKEN,122.5,123.65,119.6,120.55,36872.0,-1.5516537362188694,-0.40666937779585194
794,2010-05-07,NSE:TIMKEN,119.0,119.95,115.0,115.15,36028.0,-4.479469099958516,-1.5516537362188694
795,2010-05-10,NSE:TIMKEN,120.9,120.9,116.0,116.95,38121.0,1.563178462874509,-4.479469099958516
796,2010-05-11,NSE:TIMKEN,116.25,118.45,115.5,116.05,22945.0,-0.7695596408721724,1.563178462874509
797,2010-05-12,NSE:TIMKEN,113.3,118.35,113.3,114.15,14954.0,-1.6372253339077911,-0.7695596408721724
798,2010-05-13,NSE:TIMKEN,116.95,117.0,114.0,114.6,7447.0,0.39421813403415557,-1.6372253339077911
799,2010-05-14,NSE:TIMKEN,113.0,128.10001,113.0,120.05,455283.0,4.755671902268763,0.39421813403415557
800,2010-05-17,NSE:TIMKEN,118.8,121.15,116.0,117.65,76354.0,-1.999167013744266,4.755671902268763
801,2010-05-18,NSE:TIMKEN,117.8,120.8,116.1,118.3,45122.0,0.5524861878452966,-1.999167013744266
802,2010-05-19,NSE:TIMKEN,115.1,122.0,114.3,116.5,37913.0,-1.5215553677092115,0.5524861878452966
803,2010-05-20,NSE:TIMKEN,117.05,118.8,110.6,112.2,44299.0,-3.690987124463517,-1.5215553677092115
804,2010-05-21,NSE:TIMKEN,111.0,112.1,106.5,107.5,46389.0,-4.188948306595368,-3.690987124463517
805,2010-05-24,NSE:TIMKEN,113.3,116.9,110.4,113.7,54585.0,5.7674418604651185,-4.188948306595368
806,2010-05-25,NSE:TIMKEN,112.4,113.9,108.1,108.9,28433.0,-4.2216358839050105,5.7674418604651185
807,2010-05-26,NSE:TIMKEN,111.5,113.5,109.3,111.6,19198.0,2.479338842975196,-4.2216358839050105
808,2010-05-27,NSE:TIMKEN,111.5,112.0,109.0,109.9,26080.0,-1.5232974910394164,2.479338842975196
809,2010-05-28,NSE:TIMKEN,111.0,115.0,111.0,113.15,22897.0,2.957233848953594,-1.5232974910394164
810,2010-05-31,NSE:TIMKEN,114.95,115.2,110.4,113.05,66844.0,-0.08837825894830624,2.957233848953594
811,2010-06-01,NSE:TIMKEN,112.5,117.9,111.6,112.0,33892.0,-0.9287925696594402,-0.08837825894830624
812,2010-06-02,NSE:TIMKEN,113.0,116.0,113.0,115.05,35447.0,2.7232142857142834,-0.9287925696594402
813,2010-06-03,NSE:TIMKEN,116.0,124.4,116.0,121.5,272592.0,5.606258148631032,2.7232142857142834
814,2010-06-04,NSE:TIMKEN,121.9,126.5,118.15,123.75,114710.0,1.8518518518518516,5.606258148631032
815,2010-06-07,NSE:TIMKEN,120.1,128.7,119.95,125.5,229615.0,1.4141414141414141,1.8518518518518516
816,2010-06-08,NSE:TIMKEN,126.0,132.45,124.5,126.85,383812.0,1.075697211155374,1.4141414141414141
817,2010-06-09,NSE:TIMKEN,127.0,128.5,119.6,120.8,115529.0,-4.769412692156088,1.075697211155374
818,2010-06-10,NSE:TIMKEN,121.0,128.45,121.0,126.15,243179.0,4.428807947019875,-4.769412692156088
819,2010-06-11,NSE:TIMKEN,128.39999,131.3,125.5,126.65,266780.0,0.3963535473642489,4.428807947019875
820,2010-06-14,NSE:TIMKEN,128.7,144.89999,127.5,136.14999,1585640.0,7.500979076194233,0.3963535473642489
821,2010-06-15,NSE:TIMKEN,139.39999,147.3,131.95,145.25,1196062.0,6.683812463004952,7.500979076194233
822,2010-06-16,NSE:TIMKEN,146.0,152.2,141.45,142.3,881076.0,-2.0309810671256376,6.683812463004952
823,2010-06-17,NSE:TIMKEN,143.05,144.8,141.0,142.85001,203133.0,0.38651440618410826,-2.0309810671256376
824,2010-06-18,NSE:TIMKEN,142.5,144.0,135.60001,136.3,113769.0,-4.5852359408305166,0.38651440618410826
825,2010-06-21,NSE:TIMKEN,139.5,144.95,137.14999,142.45,265797.0,4.512105649302991,-4.5852359408305166
826,2010-06-22,NSE:TIMKEN,142.0,143.89999,140.0,140.75,126702.0,-1.1934011934011854,4.512105649302991
827,2010-06-23,NSE:TIMKEN,140.05,143.0,138.0,138.8,101237.0,-1.3854351687388906,-1.1934011934011854
828,2010-06-24,NSE:TIMKEN,138.0,141.0,137.2,139.89999,62368.0,0.7924999999999935,-1.3854351687388906
829,2010-06-25,NSE:TIMKEN,139.0,141.0,137.0,138.25,43541.0,-1.1794068033886225,0.7924999999999935
830,2010-06-28,NSE:TIMKEN,137.0,144.39999,137.0,140.3,122320.0,1.482820976491871,-1.1794068033886225
831,2010-06-29,NSE:TIMKEN,141.0,143.89999,139.25,141.05,129095.0,0.5345687811831789,1.482820976491871
832,2010-06-30,NSE:TIMKEN,139.89999,150.39999,139.0,148.10001,550055.0,4.998234668557239,0.5345687811831789
833,2010-07-01,NSE:TIMKEN,145.8,156.5,145.25,151.64999,604395.0,2.3970153681961297,4.998234668557239
834,2010-07-02,NSE:TIMKEN,152.0,153.2,147.0,148.75,138305.0,-1.9122915866990842,2.3970153681961297
835,2010-07-05,NSE:TIMKEN,149.0,152.39999,148.0,149.3,65293.0,0.3697478991596715,-1.9122915866990842
836,2010-07-06,NSE:TIMKEN,148.05,150.95,146.10001,146.85001,61835.0,-1.6409845947756285,0.3697478991596715
837,2010-07-07,NSE:TIMKEN,147.0,149.85001,145.25,146.05,66086.0,-0.5447803510534225,-1.6409845947756285
838,2010-07-08,NSE:TIMKEN,148.7,154.10001,146.39999,147.05,129418.0,0.6846970215679561,-0.5447803510534225
839,2010-07-09,NSE:TIMKEN,148.7,154.05,148.0,150.10001,163420.0,2.074131247874863,0.6846970215679561
840,2010-07-12,NSE:TIMKEN,150.5,152.0,147.0,147.5,47912.0,-1.7321850944580202,2.074131247874863
841,2010-07-13,NSE:TIMKEN,148.55,148.95,146.25,147.10001,38681.0,-0.27117966101695085,-1.7321850944580202
842,2010-07-14,NSE:TIMKEN,148.8,148.8,145.7,146.05,65099.0,-0.7138068855331731,-0.27117966101695085
843,2010-07-15,NSE:TIMKEN,146.5,147.45,145.10001,145.45,22538.0,-0.41081821294078924,-0.7138068855331731
844,2010-07-16,NSE:TIMKEN,146.89999,151.75,146.89999,150.14999,116214.0,3.2313441045032754,-0.41081821294078924
845,2010-07-19,NSE:TIMKEN,150.95,152.0,148.0,148.39999,53889.0,-1.165501243123626,3.2313441045032754
846,2010-07-20,NSE:TIMKEN,149.0,149.85001,146.0,146.39999,31795.0,-1.3477089856946756,-1.165501243123626
847,2010-07-21,NSE:TIMKEN,147.0,148.39999,146.05,147.2,18813.0,0.5464549553589356,-1.3477089856946756
848,2010-07-22,NSE:TIMKEN,147.8,148.25,146.5,147.55,12711.0,0.23777173913045024,0.5464549553589356
849,2010-07-23,NSE:TIMKEN,147.0,147.8,143.14999,144.89999,44342.0,-1.7960081328363326,0.23777173913045024
850,2010-07-26,NSE:TIMKEN,145.0,147.7,145.0,145.7,26250.0,0.5521118393451829,-1.7960081328363326
851,2010-07-27,NSE:TIMKEN,146.64999,148.0,144.25,144.85001,26977.0,-0.5833836650651963,0.5521118393451829
852,2010-07-28,NSE:TIMKEN,146.0,146.8,139.05,139.89999,61072.0,-3.417341842088927,-0.5833836650651963
853,2010-07-29,NSE:TIMKEN,140.0,140.39999,133.10001,134.89999,61627.0,-3.5739816707635215,-3.417341842088927
854,2010-07-30,NSE:TIMKEN,135.95,138.0,133.60001,134.55,62198.0,-0.25944405184907066,-3.5739816707635215
855,2010-08-02,NSE:TIMKEN,140.5,144.89999,136.8,139.10001,125481.0,3.3816499442586294,-0.25944405184907066
856,2010-08-03,NSE:TIMKEN,140.05,144.25,137.5,139.3,143443.0,0.14377425278403205,3.3816499442586294
857,2010-08-04,NSE:TIMKEN,143.85001,143.85001,139.0,140.8,93192.0,1.0768126346015792,0.14377425278403205
858,2010-08-05,NSE:TIMKEN,140.60001,146.89999,140.60001,144.60001,148111.0,2.6988707386363537,1.0768126346015792
859,2010-08-06,NSE:TIMKEN,145.0,161.8,143.8,158.8,971880.0,9.820186042864046,2.6988707386363537
860,2010-08-09,NSE:TIMKEN,161.89999,169.45,159.89999,166.89999,832866.0,5.1007493702770725,9.820186042864046
861,2010-08-10,NSE:TIMKEN,168.89999,168.89999,157.55,160.5,272881.0,-3.8346257540219164,5.1007493702770725
862,2010-08-11,NSE:TIMKEN,159.7,164.0,157.14999,158.64999,113185.0,-1.1526542056074751,-3.8346257540219164
863,2010-08-12,NSE:TIMKEN,157.5,179.8,155.60001,173.14999,1934146.0,9.139616081917183,-1.1526542056074751
864,2010-08-13,NSE:TIMKEN,174.45,176.89999,164.39999,167.5,651159.0,-3.2630611182824802,9.139616081917183
865,2010-08-16,NSE:TIMKEN,170.0,172.5,162.55,164.14999,249583.0,-2.0000059701492523,-3.2630611182824802
866,2010-08-17,NSE:TIMKEN,165.39999,168.0,162.8,163.5,127922.0,-0.39597321937089525,-2.0000059701492523
867,2010-08-18,NSE:TIMKEN,164.95,167.45,162.0,163.64999,116996.0,0.0917370030581055,-0.39597321937089525
868,2010-08-19,NSE:TIMKEN,164.0,166.8,163.0,164.10001,125114.0,0.27498932325018477,0.0917370030581055
869,2010-08-20,NSE:TIMKEN,164.2,166.39999,161.5,162.14999,106278.0,-1.1883119324611833,0.27498932325018477
870,2010-08-23,NSE:TIMKEN,163.0,169.75,160.0,165.10001,281074.0,1.8193155608581875,-1.1883119324611833
871,2010-08-24,NSE:TIMKEN,165.2,169.0,163.3,164.95,118887.0,-0.09086007929376191,1.8193155608581875
872,2010-08-25,NSE:TIMKEN,164.95,164.95,157.0,161.7,130894.0,-1.9702940284934831,-0.09086007929376191
873,2010-08-26,NSE:TIMKEN,165.0,172.7,164.39999,166.89999,654975.0,3.2158256029684686,-1.9702940284934831
874,2010-08-27,NSE:TIMKEN,168.0,168.0,161.0,161.64999,139048.0,-3.145596353840405,3.2158256029684686
875,2010-08-30,NSE:TIMKEN,163.25,166.0,160.0,160.85001,82492.0,-0.4948840392752298,-3.145596353840405
876,2010-08-31,NSE:TIMKEN,162.0,162.0,156.55,158.95,61939.0,-1.1812308870854338,-0.4948840392752298
877,2010-09-01,NSE:TIMKEN,161.60001,165.0,158.10001,163.85001,118289.0,3.082736709657131,-1.1812308870854338
878,2010-09-02,NSE:TIMKEN,166.0,168.95,164.2,164.85001,129651.0,0.6103142746222597,3.082736709657131
879,2010-09-03,NSE:TIMKEN,165.95,171.75,164.89999,166.85001,223064.0,1.2132240695648122,0.6103142746222597
880,2010-09-06,NSE:TIMKEN,168.0,173.55,168.0,171.95,358446.0,3.056631521927983,1.2132240695648122
881,2010-09-07,NSE:TIMKEN,171.95,173.2,164.25,169.14999,239529.0,-1.6283861587670756,3.056631521927983
882,2010-09-08,NSE:TIMKEN,166.5,169.45,166.0,166.45,30619.0,-1.5962105584517112,-1.6283861587670756
883,2010-09-09,NSE:TIMKEN,168.8,168.8,164.0,164.45,69772.0,-1.201562030639832,-1.5962105584517112
884,2010-09-13,NSE:TIMKEN,166.89999,168.0,165.64999,166.60001,101645.0,1.3073943447856546,-1.201562030639832
885,2010-09-14,NSE:TIMKEN,167.8,168.8,162.5,162.89999,63123.0,-2.220900226836718,1.3073943447856546
886,2010-09-15,NSE:TIMKEN,164.39999,165.60001,160.35001,161.25,39330.0,-1.0128852678259848,-2.220900226836718
887,2010-09-16,NSE:TIMKEN,161.0,162.8,157.75,158.64999,50721.0,-1.6124093023255799,-1.0128852678259848
888,2010-09-17,NSE:TIMKEN,160.0,162.0,157.0,158.7,59927.0,0.03152222070734837,-1.6124093023255799
889,2010-09-20,NSE:TIMKEN,160.89999,167.0,159.0,162.95,189058.0,2.6780088216761184,0.03152222070734837
890,2010-09-21,NSE:TIMKEN,164.0,164.7,157.5,158.0,70908.0,-3.0377416385394223,2.6780088216761184
891,2010-09-22,NSE:TIMKEN,159.7,160.0,155.5,157.10001,66339.0,-0.5696139240506345,-3.0377416385394223
892,2010-09-23,NSE:TIMKEN,157.39999,159.45,155.10001,156.39999,38512.0,-0.4455887685812337,-0.5696139240506345
893,2010-09-24,NSE:TIMKEN,156.39999,157.89999,155.0,155.64999,19856.0,-0.47953967260483843,-0.4455887685812337
894,2010-09-27,NSE:TIMKEN,155.5,158.8,155.14999,156.05,38139.0,0.25699327060670474,-0.47953967260483843
895,2010-09-28,NSE:TIMKEN,157.10001,175.10001,156.0,159.60001,660940.0,2.274918295418126,0.25699327060670474
896,2010-09-29,NSE:TIMKEN,161.2,161.89999,156.14999,156.60001,47583.0,-1.879699130344666,2.274918295418126
897,2010-09-30,NSE:TIMKEN,157.7,163.39999,153.2,154.2,131324.0,-1.5325733376390007,-1.879699130344666
898,2010-10-01,NSE:TIMKEN,154.0,160.0,153.5,156.10001,71971.0,1.232172503242548,-1.5325733376390007
899,2010-10-04,NSE:TIMKEN,158.0,159.89999,154.0,154.85001,38406.0,-0.8007686866900265,1.232172503242548
900,2010-10-05,NSE:TIMKEN,155.0,180.0,155.0,166.14999,1351692.0,7.297371178729666,-0.8007686866900265
901,2010-10-06,NSE:TIMKEN,168.95,174.0,163.25,165.2,624803.0,-0.5717665104885133,7.297371178729666
902,2010-10-07,NSE:TIMKEN,165.0,169.0,158.10001,159.45,133646.0,-3.480629539951574,-0.5717665104885133
903,2010-10-08,NSE:TIMKEN,161.0,168.60001,157.5,164.0,214471.0,2.8535591094387027,-3.480629539951574
904,2010-10-11,NSE:TIMKEN,166.0,174.5,166.0,172.55,598220.0,5.213414634146348,2.8535591094387027
905,2010-10-12,NSE:TIMKEN,172.5,173.7,168.0,170.35001,179551.0,-1.27498696030137,5.213414634146348
906,2010-10-13,NSE:TIMKEN,171.5,180.5,171.5,179.35001,726263.0,5.283240077297324,-1.27498696030137
907,2010-10-14,NSE:TIMKEN,185.0,187.89999,177.14999,179.39999,650427.0,0.027867297024407763,5.283240077297324
908,2010-10-15,NSE:TIMKEN,182.39999,212.89999,182.39999,204.0,5371824.0,13.71238092042257,0.027867297024407763
909,2010-10-18,NSE:TIMKEN,206.89999,211.8,196.60001,199.55,1858153.0,-2.1813725490196023,13.71238092042257
910,2010-10-19,NSE:TIMKEN,201.39999,205.39999,195.0,198.75,968971.0,-0.4009020295665303,-2.1813725490196023
911,2010-10-20,NSE:TIMKEN,199.5,203.8,197.0,197.89999,475519.0,-0.4276779874213824,-0.4009020295665303
912,2010-10-21,NSE:TIMKEN,199.5,202.45,195.25,197.35001,287860.0,-0.2779080484036432,-0.4276779874213824
913,2010-10-22,NSE:TIMKEN,198.10001,198.89999,192.8,194.85001,197161.0,-1.2667848357342368,-0.2779080484036432
914,2010-10-25,NSE:TIMKEN,196.39999,197.89999,190.05,192.89999,249864.0,-1.0007800358850354,-1.2667848357342368
915,2010-10-26,NSE:TIMKEN,193.85001,205.8,191.0,201.95,865401.0,4.691555453165128,-1.0007800358850354
916,2010-10-27,NSE:TIMKEN,201.7,208.60001,201.39999,204.64999,637062.0,1.3369596434761148,4.691555453165128
917,2010-10-28,NSE:TIMKEN,206.85001,206.85001,196.95,198.35001,456227.0,-3.07841695960992,1.3369596434761148
918,2010-10-29,NSE:TIMKEN,199.39999,199.39999,190.85001,193.3,188275.0,-2.546009450667528,-3.07841695960992
919,2010-11-01,NSE:TIMKEN,194.55,196.35001,191.05,192.05,104699.0,-0.6466632177961718,-2.546009450667528
920,2010-11-02,NSE:TIMKEN,194.05,198.85001,192.64999,193.89999,204830.0,0.9632856027076235,-0.6466632177961718
921,2010-11-03,NSE:TIMKEN,195.0,195.7,191.2,192.10001,105932.0,-0.928303296972839,0.9632856027076235
922,2010-11-04,NSE:TIMKEN,192.0,199.0,191.7,195.64999,203366.0,1.8479853280590695,-0.928303296972839
923,2010-11-05,NSE:TIMKEN,196.0,196.39999,194.0,195.3,21222.0,-0.17888577454054105,1.8479853280590695
924,2010-11-08,NSE:TIMKEN,195.7,195.7,191.0,192.35001,73754.0,-1.5104915514593005,-0.17888577454054105
925,2010-11-09,NSE:TIMKEN,193.0,195.0,191.2,192.14999,110429.0,-0.10398751733883195,-1.5104915514593005
926,2010-11-10,NSE:TIMKEN,192.2,193.60001,190.0,190.95,68638.0,-0.6245069281554549,-0.10398751733883195
927,2010-11-11,NSE:TIMKEN,191.95,200.64999,191.25,192.89999,370013.0,1.0212045037968127,-0.6245069281554549
928,2010-11-12,NSE:TIMKEN,192.05,194.7,184.2,186.85001,147364.0,-3.1363298670984925,1.0212045037968127
929,2010-11-15,NSE:TIMKEN,187.0,187.0,180.0,180.55,79364.0,-3.3716936916406834,-3.1363298670984925
930,2010-11-16,NSE:TIMKEN,180.3,180.89999,170.0,170.95,95760.0,-5.317086679590154,-3.3716936916406834
931,2010-11-18,NSE:TIMKEN,171.5,172.39999,165.0,166.8,90436.0,-2.4276104124012736,-5.317086679590154
932,2010-11-19,NSE:TIMKEN,166.0,171.0,163.75,168.25,107975.0,0.8693045563549093,-2.4276104124012736
933,2010-11-22,NSE:TIMKEN,169.05,178.10001,169.0,175.45,112745.0,4.279346210995535,0.8693045563549093
934,2010-11-23,NSE:TIMKEN,174.39999,175.45,164.0,165.8,114714.0,-5.50014249073809,4.279346210995535
935,2010-11-24,NSE:TIMKEN,166.85001,172.0,165.0,165.85001,52394.0,0.03016284680336919,-5.50014249073809
936,2010-11-25,NSE:TIMKEN,168.39999,171.0,166.05,166.89999,98727.0,0.6330901035218539,0.03016284680336919
937,2010-11-26,NSE:TIMKEN,168.0,168.0,156.39999,158.55,117299.0,-5.002990114019774,0.6330901035218539
938,2010-11-29,NSE:TIMKEN,158.3,162.5,154.5,156.45,56210.0,-1.3245033112582925,-5.002990114019774
939,2010-11-30,NSE:TIMKEN,155.0,158.0,152.64999,157.05,47457.0,0.38350910834133767,-1.3245033112582925
940,2010-12-01,NSE:TIMKEN,158.5,167.14999,157.0,165.2,74992.0,5.189430117796865,0.38350910834133767
941,2010-12-02,NSE:TIMKEN,167.39999,174.39999,166.10001,172.25,113064.0,4.2675544794188935,5.189430117796865
942,2010-12-03,NSE:TIMKEN,170.25,175.14999,166.5,173.25,82436.0,0.5805515239477503,4.2675544794188935
943,2010-12-06,NSE:TIMKEN,179.05,179.7,170.3,171.3,95422.0,-1.125541125541119,0.5805515239477503
944,2010-12-07,NSE:TIMKEN,165.3,173.75,165.3,168.45,562907.0,-1.6637478108581567,-1.125541125541119
945,2010-12-08,NSE:TIMKEN,168.8,172.0,162.10001,163.89999,52705.0,-2.7011041852181576,-1.6637478108581567
946,2010-12-09,NSE:TIMKEN,165.0,166.75,155.5,158.95,66189.0,-3.0201283111731816,-2.7011041852181576
947,2010-12-10,NSE:TIMKEN,155.05,163.0,154.10001,159.10001,45709.0,0.09437558980812133,-3.0201283111731816
948,2010-12-13,NSE:TIMKEN,162.0,162.8,158.3,161.35001,28454.0,1.414204813689201,0.09437558980812133
949,2010-12-14,NSE:TIMKEN,160.39999,171.0,160.0,166.14999,58750.0,2.9748867074752616,1.414204813689201
950,2010-12-15,NSE:TIMKEN,165.14999,165.89999,160.10001,161.0,21418.0,-3.0996029551371036,2.9748867074752616
951,2010-12-16,NSE:TIMKEN,159.0,163.5,158.5,160.5,20768.0,-0.3105590062111801,-3.0996029551371036
952,2010-12-20,NSE:TIMKEN,159.10001,161.25,157.7,158.25,25843.0,-1.4018691588785046,-0.3105590062111801
953,2010-12-21,NSE:TIMKEN,158.3,168.2,158.3,166.25,67110.0,5.055292259083728,-1.4018691588785046
954,2010-12-22,NSE:TIMKEN,166.05,167.5,163.55,164.64999,24149.0,-0.9624120300751864,5.055292259083728
955,2010-12-23,NSE:TIMKEN,160.2,167.3,160.0,163.45,16575.0,-0.7288126771219445,-0.9624120300751864
956,2010-12-24,NSE:TIMKEN,163.5,165.5,162.35001,164.25,17040.0,0.48944631385745574,-0.7288126771219445
957,2010-12-27,NSE:TIMKEN,166.0,166.0,160.5,161.89999,11771.0,-1.4307519025875175,0.48944631385745574
958,2010-12-28,NSE:TIMKEN,160.10001,166.85001,160.10001,166.14999,33148.0,2.6250773702950814,-1.4307519025875175
959,2010-12-29,NSE:TIMKEN,169.8,179.0,169.8,174.0,262428.0,4.72465270687046,2.6250773702950814
960,2010-12-30,NSE:TIMKEN,175.0,176.7,170.5,174.64999,46721.0,0.3735574712643692,4.72465270687046
961,2010-12-31,NSE:TIMKEN,176.45,179.5,175.5,176.39999,68688.0,1.0020040653881515,0.3735574712643692
962,2011-01-03,NSE:TIMKEN,176.39999,211.7,176.39999,211.2,1213844.0,19.72789794375838,1.0020040653881515
963,2011-01-04,NSE:TIMKEN,214.39999,215.45,194.25,196.2,1323476.0,-7.1022727272727275,19.72789794375838
964,2011-01-05,NSE:TIMKEN,196.75,202.5,190.55,192.3,290981.0,-1.987767584097848,-7.1022727272727275
965,2011-01-06,NSE:TIMKEN,192.85001,198.89999,190.0,190.55,147311.0,-0.9100364014560581,-1.987767584097848
966,2011-01-07,NSE:TIMKEN,191.89999,192.60001,182.10001,182.85001,93740.0,-4.040928890055111,-0.9100364014560581
967,2011-01-10,NSE:TIMKEN,184.25,184.25,175.35001,177.45,84655.0,-2.9532456684033046,-4.040928890055111
968,2011-01-11,NSE:TIMKEN,178.0,180.55,172.0,173.35001,67462.0,-2.3105043674274395,-2.9532456684033046
969,2011-01-12,NSE:TIMKEN,174.5,181.0,171.39999,179.35001,70189.0,3.4612054536368357,-2.3105043674274395
970,2011-01-13,NSE:TIMKEN,174.0,184.3,174.0,175.75,80441.0,-2.007253860760865,3.4612054536368357
971,2011-01-14,NSE:TIMKEN,174.05,181.89999,173.10001,174.85001,65517.0,-0.5120853485064025,-2.007253860760865
972,2011-01-17,NSE:TIMKEN,174.85001,175.8,168.10001,169.39999,54482.0,-3.1169686521607836,-0.5120853485064025
973,2011-01-18,NSE:TIMKEN,170.0,176.55,170.0,172.8,69105.0,2.0070898469356515,-3.1169686521607836
974,2011-01-19,NSE:TIMKEN,173.35001,181.14999,172.5,173.5,113812.0,0.40509259259258595,2.0070898469356515
975,2011-01-20,NSE:TIMKEN,172.39999,177.10001,170.25,174.39999,51728.0,0.5187262247838631,0.40509259259258595
976,2011-01-21,NSE:TIMKEN,173.35001,177.8,173.35001,174.05,34151.0,-0.20068235095655174,0.5187262247838631
977,2011-01-24,NSE:TIMKEN,173.3,176.7,173.0,173.8,29468.0,-0.14363688595231253,-0.20068235095655174
978,2011-01-25,NSE:TIMKEN,175.0,175.5,172.0,172.3,20978.0,-0.863060989643268,-0.14363688595231253
979,2011-01-27,NSE:TIMKEN,172.64999,194.0,172.64999,180.35001,1740055.0,4.672089378990125,-0.863060989643268
980,2011-01-28,NSE:TIMKEN,178.35001,187.55,175.10001,176.10001,523888.0,-2.356528840780214,4.672089378990125
981,2011-01-31,NSE:TIMKEN,173.3,187.0,166.60001,182.3,220478.0,3.5207209812197138,-2.356528840780214
982,2011-02-01,NSE:TIMKEN,182.85001,191.5,177.25,180.25,331271.0,-1.12452002194186,3.5207209812197138
983,2011-02-02,NSE:TIMKEN,182.39999,185.45,177.0,178.39999,90858.0,-1.0263578363384174,-1.12452002194186
984,2011-02-03,NSE:TIMKEN,178.14999,184.0,176.5,178.14999,95071.0,-0.140134537003057,-1.0263578363384174
985,2011-02-04,NSE:TIMKEN,179.7,181.95,173.0,173.7,66509.0,-2.4978895592416333,-0.140134537003057
986,2011-02-07,NSE:TIMKEN,175.0,177.60001,173.0,174.2,44328.0,0.28785261945883706,-2.4978895592416333
987,2011-02-08,NSE:TIMKEN,175.85001,176.5,169.14999,170.2,45550.0,-2.2962112514351323,0.28785261945883706
988,2011-02-09,NSE:TIMKEN,169.45,172.75,161.0,162.55,68373.0,-4.494712103407743,-2.2962112514351323
989,2011-02-10,NSE:TIMKEN,161.0,168.0,159.64999,165.3,57313.0,1.6917871424177173,-4.494712103407743
990,2011-02-11,NSE:TIMKEN,166.0,173.0,164.3,172.2,110420.0,4.174228675136102,1.6917871424177173
991,2011-02-14,NSE:TIMKEN,172.0,177.89999,172.0,175.2,51607.0,1.742160278745645,4.174228675136102
992,2011-02-15,NSE:TIMKEN,173.35001,177.35001,172.2,174.35001,45263.0,-0.4851541095890361,1.742160278745645
993,2011-02-16,NSE:TIMKEN,172.64999,177.89999,172.55,174.45,36233.0,0.0573501544393322,-0.4851541095890361
994,2011-02-17,NSE:TIMKEN,174.85001,175.7,171.89999,172.25,52820.0,-1.261106334193172,0.0573501544393322
995,2011-02-18,NSE:TIMKEN,172.3,174.0,166.10001,167.7,54405.0,-2.6415094339622707,-1.261106334193172
996,2011-02-21,NSE:TIMKEN,167.85001,169.8,165.0,168.05,35644.0,0.2087060226595246,-2.6415094339622707
997,2011-02-22,NSE:TIMKEN,165.85001,168.95,165.0,165.55,20558.0,-1.4876524843796488,0.2087060226595246
998,2011-02-23,NSE:TIMKEN,166.5,167.0,163.0,163.39999,19696.0,-1.2987073391724608,-1.4876524843796488
999,2011-02-24,NSE:TIMKEN,162.3,163.8,155.5,159.8,47748.0,-2.203176389423274,-1.2987073391724608
1000,2011-02-25,NSE:TIMKEN,152.60001,162.95,152.60001,157.85001,18923.0,-1.2202690863579562,-2.203176389423274
1001,2011-02-28,NSE:TIMKEN,158.10001,162.0,153.10001,154.95,20753.0,-1.8371934217805936,-1.2202690863579562
1002,2011-03-01,NSE:TIMKEN,156.5,165.0,155.60001,162.14999,47606.0,4.6466537592771955,-1.8371934217805936
1003,2011-03-03,NSE:TIMKEN,164.89999,169.0,160.25,163.05,20843.0,0.5550478294818327,4.6466537592771955
1004,2011-03-04,NSE:TIMKEN,165.0,165.7,159.05,159.55,18535.0,-2.146580803434529,0.5550478294818327
1005,2011-03-07,NSE:TIMKEN,157.05,158.8,155.25,156.60001,19365.0,-1.8489439047320675,-2.146580803434529
1006,2011-03-08,NSE:TIMKEN,157.7,160.5,156.60001,158.7,11391.0,1.340989697254803,-1.8489439047320675
1007,2011-03-09,NSE:TIMKEN,159.45,164.2,159.45,163.60001,39320.0,3.087592942659111,1.340989697254803
1008,2011-03-10,NSE:TIMKEN,161.25,169.85001,161.25,164.0,40406.0,0.24449265009213783,3.087592942659111
1009,2011-03-11,NSE:TIMKEN,161.2,164.95,157.45,159.10001,26654.0,-2.9877987804878066,0.24449265009213783
1010,2011-03-14,NSE:TIMKEN,158.0,160.95,158.0,159.10001,18962.0,0.0,-2.9877987804878066
1011,2011-03-15,NSE:TIMKEN,155.35001,159.10001,152.95,156.85001,24795.0,-1.414204813689201,0.0
1012,2011-03-16,NSE:TIMKEN,157.85001,164.3,157.85001,160.10001,52146.0,2.0720432214189852,-1.414204813689201
1013,2011-03-17,NSE:TIMKEN,158.8,163.39999,157.25,159.75,23235.0,-0.21861959908684422,2.0720432214189852
1014,2011-03-18,NSE:TIMKEN,160.05,161.25,157.3,158.25,15073.0,-0.9389671361502347,-0.21861959908684422
1015,2011-03-21,NSE:TIMKEN,160.89999,170.5,158.10001,167.0,274053.0,5.529225908372828,-0.9389671361502347
1016,2011-03-22,NSE:TIMKEN,167.5,171.95,160.89999,162.0,259524.0,-2.9940119760479043,5.529225908372828
1017,2011-03-23,NSE:TIMKEN,162.75,164.5,161.2,162.0,34045.0,0.0,-2.9940119760479043
1018,2011-03-24,NSE:TIMKEN,163.39999,167.0,161.5,162.3,49265.0,0.1851851851851922,0.0
1019,2011-03-25,NSE:TIMKEN,163.14999,166.8,162.35001,163.39999,57936.0,0.6777510782501485,0.1851851851851922
1020,2011-03-28,NSE:TIMKEN,163.0,167.0,162.8,163.60001,41858.0,0.12241126820142093,0.6777510782501485
1021,2011-03-29,NSE:TIMKEN,163.0,172.7,160.60001,161.39999,48030.0,-1.3447554190247268,0.12241126820142093
1022,2011-03-30,NSE:TIMKEN,161.55,165.8,161.0,162.64999,39480.0,0.7744734061012023,-1.3447554190247268
1023,2011-03-31,NSE:TIMKEN,162.35001,164.25,161.05,161.64999,34003.0,-0.6148171297151632,0.7744734061012023
1024,2011-04-01,NSE:TIMKEN,162.35001,169.2,162.3,166.8,92915.0,3.185901836430679,-0.6148171297151632
1025,2011-04-04,NSE:TIMKEN,171.0,173.0,168.64999,169.45,96583.0,1.588729016786557,3.185901836430679
1026,2011-04-05,NSE:TIMKEN,169.45,170.25,166.64999,168.75,58065.0,-0.4131012097963935,1.588729016786557
1027,2011-04-06,NSE:TIMKEN,169.89999,172.5,167.10001,168.10001,174931.0,-0.3851792592592608,-0.4131012097963935
1028,2011-04-07,NSE:TIMKEN,168.95,169.5,166.14999,166.95,136973.0,-0.684122505406162,-0.3851792592592608
1029,2011-04-08,NSE:TIMKEN,167.39999,177.45,162.3,173.14999,584853.0,3.7136807427373553,-0.684122505406162
1030,2011-04-11,NSE:TIMKEN,173.55,180.85001,173.25,176.2,194636.0,1.761484363932095,3.7136807427373553
1031,2011-04-13,NSE:TIMKEN,176.5,184.5,175.0,183.8,259469.0,4.3132803632236225,1.761484363932095
1032,2011-04-15,NSE:TIMKEN,185.85001,213.0,185.85001,207.10001,3418290.0,12.676828073993462,4.3132803632236225
1033,2011-04-18,NSE:TIMKEN,207.0,222.89999,201.0,209.8,3071483.0,1.3037131190867706,12.676828073993462
1034,2011-04-19,NSE:TIMKEN,209.75,213.45,204.8,208.25,559939.0,-0.7387988560533896,1.3037131190867706
1035,2011-04-20,NSE:TIMKEN,210.0,217.3,205.45,213.7,796621.0,2.6170468187274856,-0.7387988560533896
1036,2011-04-21,NSE:TIMKEN,218.39999,221.89999,210.5,214.85001,1365539.0,0.5381422554983664,2.6170468187274856
1037,2011-04-25,NSE:TIMKEN,215.0,217.0,210.85001,212.55,368253.0,-1.0705189168946214,0.5381422554983664
1038,2011-04-26,NSE:TIMKEN,212.89999,214.45,206.10001,207.5,183125.0,-2.375911550223482,-1.0705189168946214
1039,2011-04-27,NSE:TIMKEN,207.75,211.64999,204.5,205.10001,144442.0,-1.1566216867469892,-2.375911550223482
1040,2011-04-28,NSE:TIMKEN,206.0,207.7,202.10001,204.95,107813.0,-0.07313992817455682,-1.1566216867469892
1041,2011-04-29,NSE:TIMKEN,205.75,231.5,204.7,220.89999,4184207.0,7.782381068553312,-0.07313992817455682
1042,2011-05-02,NSE:TIMKEN,221.39999,223.5,213.05,214.25,1056768.0,-3.0104075604530367,7.782381068553312
1043,2011-05-03,NSE:TIMKEN,214.10001,220.5,210.05,210.95,582864.0,-1.5402567094515807,-3.0104075604530367
1044,2011-05-04,NSE:TIMKEN,211.05,213.95,205.14999,206.39999,339396.0,-2.156913960654177,-1.5402567094515807
1045,2011-05-05,NSE:TIMKEN,206.7,212.8,203.25,205.0,332614.0,-0.6782897615450478,-2.156913960654177
1046,2011-05-06,NSE:TIMKEN,206.64999,211.0,205.25,209.05,249803.0,1.9756097560975665,-0.6782897615450478
1047,2011-05-09,NSE:TIMKEN,211.0,212.8,205.0,205.95,194808.0,-1.4828988280315822,1.9756097560975665
1048,2011-05-10,NSE:TIMKEN,206.95,211.35001,205.05,206.39999,132618.0,0.21849478028648406,-1.4828988280315822
1049,2011-05-11,NSE:TIMKEN,208.85001,209.45,203.10001,204.35001,177451.0,-0.9932074124616018,0.21849478028648406
1050,2011-05-12,NSE:TIMKEN,205.45,207.35001,200.14999,201.3,131899.0,-1.4925421339592722,-0.9932074124616018
1051,2011-05-13,NSE:TIMKEN,202.45,210.75,201.85001,204.3,250069.0,1.4903129657228018,-1.4925421339592722
1052,2011-05-16,NSE:TIMKEN,203.64999,209.35001,203.2,204.45,143459.0,0.07342143906019444,1.4903129657228018
1053,2011-05-17,NSE:TIMKEN,204.75,206.45,197.2,198.5,100656.0,-2.9102470041574904,0.07342143906019444
1054,2011-05-18,NSE:TIMKEN,200.0,201.89999,191.14999,191.75,120465.0,-3.400503778337532,-2.9102470041574904
1055,2011-05-19,NSE:TIMKEN,189.0,195.7,185.05,190.75,128573.0,-0.5215123859191656,-3.400503778337532
1056,2011-05-20,NSE:TIMKEN,191.85001,194.75,190.2,192.10001,75764.0,0.7077378768020957,-0.5215123859191656
1057,2011-05-23,NSE:TIMKEN,190.75,193.45,188.95,190.10001,82174.0,-1.0411243601705173,0.7077378768020957
1058,2011-05-24,NSE:TIMKEN,190.3,191.39999,187.5,188.5,48243.0,-0.8416674991232234,-1.0411243601705173
1059,2011-05-25,NSE:TIMKEN,187.8,189.60001,183.3,185.0,31072.0,-1.8567639257294428,-0.8416674991232234
1060,2011-05-26,NSE:TIMKEN,186.3,191.89999,183.2,190.25,146202.0,2.837837837837838,-1.8567639257294428
1061,2011-05-27,NSE:TIMKEN,190.95,196.39999,190.0,193.39999,103495.0,1.6557109067017097,2.837837837837838
1062,2011-05-30,NSE:TIMKEN,193.95,199.95,192.60001,193.45,120442.0,0.025858326052646704,1.6557109067017097
1063,2011-05-31,NSE:TIMKEN,194.64999,197.95,194.0,195.2,98953.0,0.9046265184802276,0.025858326052646704
1064,2011-06-01,NSE:TIMKEN,195.85001,197.95,193.2,193.95,55824.0,-0.6403688524590164,0.9046265184802276
1065,2011-06-02,NSE:TIMKEN,192.75,194.39999,191.0,192.25,64005.0,-0.8765145656096873,-0.6403688524590164
1066,2011-06-03,NSE:TIMKEN,193.3,198.5,190.89999,191.7,65336.0,-0.2860858257477302,-0.8765145656096873
1067,2011-06-06,NSE:TIMKEN,191.0,194.7,191.0,192.3,34242.0,0.3129890453834235,-0.2860858257477302
1068,2011-06-07,NSE:TIMKEN,192.39999,195.0,192.14999,192.95,35033.0,0.3380135205408098,0.3129890453834235
1069,2011-06-08,NSE:TIMKEN,192.45,204.60001,192.45,198.85001,299048.0,3.057792174138383,0.3380135205408098
1070,2011-06-09,NSE:TIMKEN,198.85001,204.14999,197.14999,198.64999,139470.0,-0.10058837814491182,3.057792174138383
1071,2011-06-10,NSE:TIMKEN,198.85001,219.75,198.85001,212.35001,2202371.0,6.896562139268164,-0.10058837814491182
1072,2011-06-13,NSE:TIMKEN,212.0,215.8,206.2,208.35001,298778.0,-1.883682510775488,6.896562139268164
1073,2011-06-14,NSE:TIMKEN,209.05,247.7,208.25,238.2,4872330.0,14.32684836444212,-1.883682510775488
1074,2011-06-15,NSE:TIMKEN,240.0,240.0,221.2,222.60001,1461611.0,-6.549114189756504,14.32684836444212
1075,2011-06-16,NSE:TIMKEN,221.39999,231.89999,218.2,223.7,944584.0,0.49415541355995046,-6.549114189756504
1076,2011-06-17,NSE:TIMKEN,224.7,245.89999,223.0,236.25,3776064.0,5.610192221725531,0.49415541355995046
1077,2011-06-20,NSE:TIMKEN,237.7,245.39999,224.35001,227.2,1034874.0,-3.830687830687835,5.610192221725531
1078,2011-06-21,NSE:TIMKEN,229.39999,237.39999,224.0,225.35001,531712.0,-0.8142561619718272,-3.830687830687835
1079,2011-06-22,NSE:TIMKEN,227.25,230.95,217.5,219.35001,569478.0,-2.6625248430208632,-0.8142561619718272
1080,2011-06-23,NSE:TIMKEN,219.25,223.35001,212.55,215.0,304065.0,-1.9831364493669263,-2.6625248430208632
1081,2011-06-24,NSE:TIMKEN,216.0,225.8,216.0,221.64999,394306.0,3.093018604651164,-1.9831364493669263
1082,2011-06-27,NSE:TIMKEN,219.89999,228.8,218.25,222.8,327556.0,0.5188405377324894,3.093018604651164
1083,2011-06-28,NSE:TIMKEN,223.75,225.39999,218.05,220.7,151899.0,-0.9425493716337625,0.5188405377324894
1084,2011-06-29,NSE:TIMKEN,221.25,227.35001,220.0,222.8,219886.0,0.9515178975985604,-0.9425493716337625
1085,2011-06-30,NSE:TIMKEN,223.45,231.2,223.10001,225.0,353208.0,0.9874326750448782,0.9515178975985604
1086,2011-07-01,NSE:TIMKEN,225.8,233.89999,225.0,229.3,436971.0,1.9111111111111163,0.9874326750448782
1087,2011-07-04,NSE:TIMKEN,230.8,237.39999,230.10001,232.3,655502.0,1.308329699084169,1.9111111111111163
1088,2011-07-05,NSE:TIMKEN,232.89999,234.64999,229.0,230.45,171572.0,-0.7963839862247193,1.308329699084169
1089,2011-07-06,NSE:TIMKEN,231.3,232.60001,226.0,227.0,134988.0,-1.497070948144929,-0.7963839862247193
1090,2011-07-07,NSE:TIMKEN,227.5,231.5,226.10001,226.8,163519.0,-0.08810572687224169,-1.497070948144929
1091,2011-07-08,NSE:TIMKEN,227.64999,228.75,222.25,223.64999,81607.0,-1.3888932980599686,-0.08810572687224169
1092,2011-07-11,NSE:TIMKEN,223.85001,238.5,222.5,236.05,698697.0,5.54438209453978,-1.3888932980599686
1093,2011-07-12,NSE:TIMKEN,237.7,260.79999,232.8,253.2,4141331.0,7.2654098707900765,5.54438209453978
1094,2011-07-13,NSE:TIMKEN,252.64999,253.45,242.3,244.05,778090.0,-3.6137440758293753,7.2654098707900765
1095,2011-07-14,NSE:TIMKEN,241.95,256.89999,241.05,247.0,1041569.0,1.2087686949395569,-3.6137440758293753
1096,2011-07-15,NSE:TIMKEN,249.39999,251.8,244.10001,245.3,271332.0,-0.6882591093117363,1.2087686949395569
1097,2011-07-18,NSE:TIMKEN,247.0,253.3,244.7,248.2,318709.0,1.1822258459029666,-0.6882591093117363
1098,2011-07-19,NSE:TIMKEN,249.8,251.5,243.05,246.55,206381.0,-0.6647864625302085,1.1822258459029666
1099,2011-07-20,NSE:TIMKEN,248.05,254.89999,242.55,243.95,420021.0,-1.0545528290407717,-0.6647864625302085
1100,2011-07-21,NSE:TIMKEN,246.0,246.89999,238.14999,239.75,124454.0,-1.7216642754662794,-1.0545528290407717
1101,2011-07-22,NSE:TIMKEN,241.14999,251.95,241.0,246.10001,401684.0,2.6485964546402494,-1.7216642754662794
1102,2011-07-25,NSE:TIMKEN,245.39999,248.7,242.64999,243.64999,116779.0,-0.9955383585721898,2.6485964546402494
1103,2011-07-26,NSE:TIMKEN,241.89999,247.8,237.55,239.55,146666.0,-1.6827376024107332,-0.9955383585721898
1104,2011-07-27,NSE:TIMKEN,241.3,243.64999,232.60001,234.10001,261187.0,-2.2750949697349254,-1.6827376024107332
1105,2011-07-28,NSE:TIMKEN,234.5,240.39999,229.0,235.85001,223183.0,0.7475437527747222,-2.2750949697349254
1106,2011-07-29,NSE:TIMKEN,234.39999,238.7,230.5,231.25,84684.0,-1.9503963557177706,0.7475437527747222
1107,2011-08-01,NSE:TIMKEN,233.35001,237.5,230.64999,232.3,108369.0,0.45405405405405896,-1.9503963557177706
1108,2011-08-02,NSE:TIMKEN,231.75,233.45,220.2,225.8,173129.0,-2.798105897546276,0.45405405405405896
1109,2011-08-03,NSE:TIMKEN,219.75,231.2,218.0,229.10001,170194.0,1.4614747564216057,-2.798105897546276
1110,2011-08-04,NSE:TIMKEN,229.7,239.0,228.25,231.10001,339615.0,0.8729811927987257,1.4614747564216057
1111,2011-08-05,NSE:TIMKEN,224.45,226.39999,214.3,222.25,185680.0,-3.8295151956073035,0.8729811927987257
1112,2011-08-08,NSE:TIMKEN,216.0,217.10001,209.10001,210.05,147052.0,-5.489313835770523,-3.8295151956073035
1113,2011-08-09,NSE:TIMKEN,203.0,211.45,198.0,202.5,149524.0,-3.594382289930974,-5.489313835770523
1114,2011-08-10,NSE:TIMKEN,206.7,218.0,206.7,212.45,274850.0,4.9135802469135745,-3.594382289930974
1115,2011-08-11,NSE:TIMKEN,212.39999,226.5,210.05,223.14999,480150.0,5.036474464579908,4.9135802469135745
1116,2011-08-12,NSE:TIMKEN,225.8,232.2,223.3,228.39999,291179.0,2.352677676570812,5.036474464579908
1117,2011-08-16,NSE:TIMKEN,229.0,234.7,215.25,217.95,139384.0,-4.575302301895904,2.352677676570812
1118,2011-08-17,NSE:TIMKEN,219.7,220.0,209.60001,210.7,73464.0,-3.3264510208763483,-4.575302301895904
1119,2011-08-18,NSE:TIMKEN,211.05,212.35001,203.0,204.8,65934.0,-2.800189843379201,-3.3264510208763483
1120,2011-08-19,NSE:TIMKEN,199.0,207.89999,198.0,199.89999,116245.0,-2.3925830078125045,-2.800189843379201
1121,2011-08-22,NSE:TIMKEN,201.35001,206.39999,194.0,202.55,109640.0,1.325667900233516,-2.3925830078125045
1122,2011-08-23,NSE:TIMKEN,203.45,209.75,201.0,205.85001,125641.0,1.6292322883238637,1.325667900233516
1123,2011-08-24,NSE:TIMKEN,205.7,211.35001,203.60001,204.35001,58677.0,-0.7286859009625504,1.6292322883238637
1124,2011-08-25,NSE:TIMKEN,206.0,208.89999,201.89999,202.55,63821.0,-0.8808465436336343,-0.7286859009625504
1125,2011-08-26,NSE:TIMKEN,203.0,207.0,194.0,196.05,136296.0,-3.209084176746482,-0.8808465436336343
1126,2011-08-29,NSE:TIMKEN,198.25,204.5,198.25,201.25,60909.0,2.6523845957663803,-3.209084176746482
1127,2011-08-30,NSE:TIMKEN,203.7,209.0,202.60001,206.25,105036.0,2.484472049689441,2.6523845957663803
1128,2011-09-02,NSE:TIMKEN,206.45,211.0,205.0,208.55,52202.0,1.1151515151515208,2.484472049689441
1129,2011-09-05,NSE:TIMKEN,205.85001,210.89999,204.14999,209.25,55879.0,0.33565092304003286,1.1151515151515208
1130,2011-09-06,NSE:TIMKEN,207.35001,218.60001,207.35001,213.2,218391.0,1.8876941457586565,0.33565092304003286
1131,2011-09-07,NSE:TIMKEN,213.95,221.39999,213.14999,217.05,227946.0,1.8058161350844384,1.8876941457586565
1132,2011-09-08,NSE:TIMKEN,217.75,222.0,215.60001,217.25,132017.0,0.09214466712738477,1.8058161350844384
1133,2011-09-09,NSE:TIMKEN,217.89999,219.45,213.10001,214.45,56607.0,-1.2888377445339523,0.09214466712738477
1134,2011-09-12,NSE:TIMKEN,211.95,211.95,205.45,206.5,38105.0,-3.7071578456516616,-1.2888377445339523
1135,2011-09-13,NSE:TIMKEN,207.0,211.0,203.10001,203.85001,79570.0,-1.2832881355932215,-3.7071578456516616
1136,2011-09-14,NSE:TIMKEN,204.8,206.0,200.0,203.0,248338.0,-0.4169781497680562,-1.2832881355932215
1137,2011-09-15,NSE:TIMKEN,203.5,208.60001,203.0,205.14999,74351.0,1.0591083743842378,-0.4169781497680562
1138,2011-09-16,NSE:TIMKEN,205.5,208.3,202.60001,203.45,67343.0,-0.8286571205779799,1.0591083743842378
1139,2011-09-19,NSE:TIMKEN,201.75,210.89999,201.75,205.95,86221.0,1.228803145736053,-0.8286571205779799
1140,2011-09-20,NSE:TIMKEN,206.8,210.64999,204.5,205.35001,94613.0,-0.29132799223111977,1.228803145736053
1141,2011-09-21,NSE:TIMKEN,205.8,224.5,205.0,219.25,662066.0,6.768925893892093,-0.29132799223111977
1142,2011-09-22,NSE:TIMKEN,217.7,225.0,206.14999,208.10001,500409.0,-5.085514253135691,6.768925893892093
1143,2011-09-23,NSE:TIMKEN,208.45,214.0,205.0,211.64999,175868.0,1.705900927155172,-5.085514253135691
1144,2011-09-26,NSE:TIMKEN,211.0,212.35001,203.55,207.8,99666.0,-1.8190362305237957,1.705900927155172
1145,2011-09-27,NSE:TIMKEN,209.75,218.0,209.75,215.25,129441.0,3.585178055822901,-1.8190362305237957
1146,2011-09-28,NSE:TIMKEN,216.3,217.7,210.39999,212.2,46236.0,-1.4169570267131295,3.585178055822901
1147,2011-09-29,NSE:TIMKEN,210.89999,215.89999,210.10001,213.60001,52154.0,0.6597596606974595,-1.4169570267131295
1148,2011-09-30,NSE:TIMKEN,210.5,216.0,209.10001,210.7,65568.0,-1.3576825207077514,0.6597596606974595
1149,2011-10-03,NSE:TIMKEN,207.60001,211.85001,205.7,206.55,50173.0,-1.9696250593260454,-1.3576825207077514
1150,2011-10-04,NSE:TIMKEN,206.39999,214.60001,205.14999,209.39999,108438.0,1.379806342289998,-1.9696250593260454
1151,2011-10-05,NSE:TIMKEN,210.7,213.7,206.75,208.35001,47775.0,-0.5014231376037817,1.379806342289998
1152,2011-10-07,NSE:TIMKEN,211.5,215.5,207.25,208.25,53559.0,-0.04800095761934328,-0.5014231376037817
1153,2011-10-10,NSE:TIMKEN,208.7,214.95,207.55,214.10001,80601.0,2.809128451380551,-0.04800095761934328
1154,2011-10-11,NSE:TIMKEN,214.8,217.89999,212.25,213.45,69092.0,-0.3036011067911715,2.809128451380551
1155,2011-10-12,NSE:TIMKEN,214.75,216.39999,213.05,214.14999,29652.0,0.3279409697821569,-0.3036011067911715
1156,2011-10-13,NSE:TIMKEN,214.5,218.8,213.14999,214.5,42048.0,0.1634415205903103,0.3279409697821569
1157,2011-10-14,NSE:TIMKEN,215.39999,216.39999,213.10001,213.89999,21802.0,-0.27972494172494056,0.1634415205903103
1158,2011-10-17,NSE:TIMKEN,218.89999,230.89999,216.60001,224.64999,565204.0,5.025713184932828,-0.27972494172494056
1159,2011-10-18,NSE:TIMKEN,225.3,225.35001,216.14999,218.5,69668.0,-2.7375874799727353,5.025713184932828
1160,2011-10-19,NSE:TIMKEN,220.7,223.95,218.55,219.60001,44687.0,0.503437070938214,-2.7375874799727353
1161,2011-10-20,NSE:TIMKEN,218.35001,219.0,216.0,217.7,40309.0,-0.8652139861013708,0.503437070938214
1162,2011-10-21,NSE:TIMKEN,219.2,224.7,217.25,220.2,90453.0,1.148369315571888,-0.8652139861013708
1163,2011-10-24,NSE:TIMKEN,222.3,224.5,219.05,220.5,30128.0,0.13623978201635395,1.148369315571888
1164,2011-10-25,NSE:TIMKEN,220.7,222.60001,217.05,220.0,30411.0,-0.22675736961451248,0.13623978201635395
1165,2011-10-26,NSE:TIMKEN,221.0,224.0,219.60001,222.85001,18744.0,1.2954590909090897,-0.22675736961451248
1166,2011-10-28,NSE:TIMKEN,224.89999,225.55,219.75,220.89999,31198.0,-0.8750369811515804,1.2954590909090897
1167,2011-10-31,NSE:TIMKEN,221.39999,227.0,219.39999,221.05,46388.0,0.06790855898183104,-0.8750369811515804
1168,2011-11-01,NSE:TIMKEN,221.35001,227.45,220.35001,226.2,99419.0,2.3297896403528506,0.06790855898183104
1169,2011-11-02,NSE:TIMKEN,224.2,226.64999,217.0,217.39999,54824.0,-3.89036693191865,2.3297896403528506
1170,2011-11-03,NSE:TIMKEN,216.0,224.60001,216.0,219.85001,77728.0,1.1269641732734188,-3.89036693191865
1171,2011-11-04,NSE:TIMKEN,221.75,222.8,218.0,219.7,41827.0,-0.06823288295506962,1.1269641732734188
1172,2011-11-08,NSE:TIMKEN,225.2,251.35001,225.2,242.05,1517169.0,10.172963131543025,-0.06823288295506962
1173,2011-11-09,NSE:TIMKEN,243.75,244.8,234.0,234.89999,359341.0,-2.9539392687461303,10.172963131543025
1174,2011-11-11,NSE:TIMKEN,233.0,239.64999,232.95,237.2,185668.0,0.9791443584139726,-2.9539392687461303
1175,2011-11-14,NSE:TIMKEN,239.75,246.85001,238.0,238.7,256471.0,0.6323777403035413,0.9791443584139726
1176,2011-11-15,NSE:TIMKEN,239.75,242.5,235.60001,236.55,79022.0,-0.9007121910347622,0.6323777403035413
1177,2011-11-16,NSE:TIMKEN,235.95,241.0,234.0,238.85001,93704.0,0.9723145212428603,-0.9007121910347622
1178,2011-11-17,NSE:TIMKEN,235.10001,244.3,235.10001,238.7,107497.0,-0.0628051051787726,0.9723145212428603
1179,2011-11-18,NSE:TIMKEN,235.5,239.85001,231.05,235.45,192979.0,-1.3615416841223293,-0.0628051051787726
1180,2011-11-21,NSE:TIMKEN,221.0,224.5,204.8,206.60001,136712.0,-12.253128052665106,-1.3615416841223293
1181,2011-11-22,NSE:TIMKEN,205.25,207.89999,197.25,201.55,92848.0,-2.44434160482373,-12.253128052665106
1182,2011-11-23,NSE:TIMKEN,193.25,200.0,186.3,187.39999,112617.0,-7.020595385760362,-2.44434160482373
1183,2011-11-24,NSE:TIMKEN,183.64999,193.0,183.3,190.64999,256364.0,1.734258363621044,-7.020595385760362
1184,2011-11-25,NSE:TIMKEN,190.95,201.39999,188.0,192.45,154537.0,0.9441437683788948,1.734258363621044
1185,2011-11-28,NSE:TIMKEN,196.3,196.3,187.05,190.45,84636.0,-1.0392309690828787,0.9441437683788948
1186,2011-11-29,NSE:TIMKEN,191.5,192.8,187.5,188.7,41900.0,-0.918876345497506,-1.0392309690828787
1187,2011-11-30,NSE:TIMKEN,187.8,190.05,185.5,187.25,48689.0,-0.7684154742978212,-0.918876345497506
1188,2011-12-01,NSE:TIMKEN,190.3,192.14999,187.0,187.45,34761.0,0.10680907877168952,-0.7684154742978212
1189,2011-12-02,NSE:TIMKEN,188.3,196.5,186.0,195.3,166113.0,4.187783408909055,0.10680907877168952
1190,2011-12-05,NSE:TIMKEN,194.0,198.05,192.35001,195.10001,38920.0,-0.10240143369176337,4.187783408909055
1191,2011-12-07,NSE:TIMKEN,195.64999,197.85001,192.05,194.45,45510.0,-0.3331675892789595,-0.10240143369176337
1192,2011-12-08,NSE:TIMKEN,193.95,195.0,187.10001,188.7,39982.0,-2.957058369760864,-0.3331675892789595
1193,2011-12-09,NSE:TIMKEN,187.0,192.95,186.0,188.75,60720.0,0.026497085320620756,-2.957058369760864
1194,2011-12-12,NSE:TIMKEN,189.10001,191.85001,182.35001,183.39999,24684.0,-2.834442384105959,0.026497085320620756
1195,2011-12-13,NSE:TIMKEN,181.64999,185.89999,181.5,184.10001,23965.0,0.38169031525028707,-2.834442384105959
1196,2011-12-14,NSE:TIMKEN,183.05,184.85001,176.0,176.75,53992.0,-3.992400652232446,0.38169031525028707
1197,2011-12-15,NSE:TIMKEN,176.5,178.64999,171.8,173.8,55338.0,-1.6690240452616627,-3.992400652232446
1198,2011-12-16,NSE:TIMKEN,176.0,180.8,164.05,166.3,84727.0,-4.31530494821634,-1.6690240452616627
1199,2011-12-19,NSE:TIMKEN,166.0,166.89999,162.05,164.25,26225.0,-1.2327119663259238,-4.31530494821634
1200,2011-12-20,NSE:TIMKEN,167.0,168.89999,163.0,164.39999,15770.0,0.09131811263318265,-1.2327119663259238
1201,2011-12-21,NSE:TIMKEN,166.05,169.0,165.05,168.0,23344.0,2.1897872378216063,0.09131811263318265
1202,2011-12-22,NSE:TIMKEN,169.39999,173.60001,164.14999,169.5,34783.0,0.8928571428571428,2.1897872378216063
1203,2011-12-23,NSE:TIMKEN,170.95,176.35001,169.2,171.05,71095.0,0.9144542772861425,0.8928571428571428
1204,2011-12-26,NSE:TIMKEN,170.0,176.89999,169.14999,175.10001,26857.0,2.3677345805320003,0.9144542772861425
1205,2011-12-27,NSE:TIMKEN,175.85001,180.89999,174.0,176.0,59667.0,0.5139862641926762,2.3677345805320003
1206,2011-12-28,NSE:TIMKEN,175.35001,175.64999,171.60001,172.89999,6363.0,-1.7613693181818169,0.5139862641926762
1207,2011-12-29,NSE:TIMKEN,172.64999,172.75,167.0,171.45,14950.0,-0.8386293139750984,-1.7613693181818169
1208,2011-12-30,NSE:TIMKEN,170.8,173.95,168.0,169.75,21886.0,-0.9915427238261818,-0.8386293139750984
1209,2012-01-02,NSE:TIMKEN,161.14999,172.89999,161.14999,171.60001,12076.0,1.0898438880706907,-0.9915427238261818
1210,2012-01-03,NSE:TIMKEN,172.89999,173.64999,169.05,169.89999,36738.0,-0.9906875879552659,1.0898438880706907
1211,2012-01-04,NSE:TIMKEN,169.5,175.25,169.35001,171.64999,73176.0,1.0300177180704955,-0.9906875879552659
1212,2012-01-05,NSE:TIMKEN,172.5,176.5,168.05,169.14999,125165.0,-1.45645216757659,1.0300177180704955
1213,2012-01-06,NSE:TIMKEN,168.0,170.85001,166.0,168.35001,22981.0,-0.47294120443046145,-1.45645216757659
1214,2012-01-09,NSE:TIMKEN,170.39999,173.0,169.95,171.39999,37085.0,1.8116898240754515,-0.47294120443046145
1215,2012-01-10,NSE:TIMKEN,172.89999,179.0,172.0,176.85001,243398.0,3.179708470228029,1.8116898240754515
1216,2012-01-11,NSE:TIMKEN,178.45,184.0,175.10001,176.5,326726.0,-0.19791347481405147,3.179708470228029
1217,2012-01-12,NSE:TIMKEN,176.5,177.8,173.64999,175.55,100514.0,-0.5382436260623166,-0.19791347481405147
1218,2012-01-13,NSE:TIMKEN,176.39999,189.89999,175.3,183.45,734382.0,4.50014240956991,-0.5382436260623166
1219,2012-01-16,NSE:TIMKEN,183.39999,188.0,181.64999,185.85001,179974.0,1.308263832106846,4.50014240956991
1220,2012-01-17,NSE:TIMKEN,187.39999,191.89999,185.10001,187.39999,179242.0,0.8339951125103545,1.308263832106846
1221,2012-01-18,NSE:TIMKEN,188.89999,192.0,183.14999,184.39999,109123.0,-1.600853874111733,0.8339951125103545
1222,2012-01-19,NSE:TIMKEN,186.5,188.0,183.10001,183.64999,65067.0,-0.4067245339872307,-1.600853874111733
1223,2012-01-20,NSE:TIMKEN,185.0,188.39999,182.25,183.85001,82789.0,0.10891370045813505,-0.4067245339872307
1224,2012-01-23,NSE:TIMKEN,184.7,187.0,183.05,184.35001,49858.0,0.2719608228468413,0.10891370045813505
1225,2012-01-24,NSE:TIMKEN,185.60001,187.89999,184.0,185.5,58426.0,0.6238079401243334,0.2719608228468413
1226,2012-01-25,NSE:TIMKEN,186.0,194.64999,185.5,191.10001,165474.0,3.01887331536388,0.6238079401243334
1227,2012-01-27,NSE:TIMKEN,192.89999,198.89999,191.60001,195.0,230234.0,2.0408109868754076,3.01887331536388
1228,2012-01-30,NSE:TIMKEN,194.3,194.7,188.14999,188.95,43804.0,-3.1025641025641084,2.0408109868754076
1229,2012-01-31,NSE:TIMKEN,190.8,194.39999,189.75,193.85001,56636.0,2.5932839375496215,-3.1025641025641084
1230,2012-02-01,NSE:TIMKEN,195.64999,209.0,194.89999,207.60001,462724.0,7.093112865973028,2.5932839375496215
1231,2012-02-02,NSE:TIMKEN,210.0,220.89999,206.0,219.14999,457354.0,5.563573913122647,7.093112865973028
1232,2012-02-03,NSE:TIMKEN,219.95,229.0,217.0,219.95,304126.0,0.36505135135985456,5.563573913122647
1233,2012-02-06,NSE:TIMKEN,221.0,221.0,201.60001,214.7,310479.0,-2.3869061150261426,0.36505135135985456
1234,2012-02-07,NSE:TIMKEN,210.5,218.5,208.0,209.35001,87245.0,-2.4918444340940806,-2.3869061150261426
1235,2012-02-08,NSE:TIMKEN,210.95,215.0,207.10001,209.3,52188.0,-0.0238882243186834,-2.4918444340940806
1236,2012-02-09,NSE:TIMKEN,209.85001,215.8,209.0,212.55,81859.0,1.5527950310559007,-0.0238882243186834
1237,2012-02-10,NSE:TIMKEN,213.0,218.10001,211.2,215.39999,97373.0,1.3408562691131456,1.5527950310559007
1238,2012-02-13,NSE:TIMKEN,213.95,233.8,213.05,226.95,302054.0,5.362121883106859,1.3408562691131456
1239,2012-02-14,NSE:TIMKEN,227.75,237.7,227.75,234.0,184307.0,3.1064111037673547,5.362121883106859
1240,2012-02-15,NSE:TIMKEN,238.05,244.39999,232.14999,234.3,265204.0,0.12820512820513305,3.1064111037673547
1241,2012-02-16,NSE:TIMKEN,234.0,238.7,232.05,234.7,77953.0,0.17072129748185116,0.12820512820513305
1242,2012-02-17,NSE:TIMKEN,236.75,237.5,221.39999,222.8,68091.0,-5.070302513847456,0.17072129748185116
1243,2012-02-21,NSE:TIMKEN,222.95,227.8,222.95,223.95,39952.0,0.5161579892279969,-5.070302513847456
1244,2012-02-22,NSE:TIMKEN,223.64999,227.3,217.3,219.05,55896.0,-2.1879883902656743,0.5161579892279969
1245,2012-02-23,NSE:TIMKEN,220.89999,223.39999,216.14999,218.10001,38212.0,-0.4336863729742131,-2.1879883902656743
1246,2012-02-24,NSE:TIMKEN,218.85001,231.7,214.5,221.85001,396854.0,1.7193946942047365,-0.4336863729742131
1247,2012-02-27,NSE:TIMKEN,222.64999,226.8,215.0,216.2,89150.0,-2.546770225523095,1.7193946942047365
1248,2012-02-28,NSE:TIMKEN,216.8,226.89999,216.8,221.89999,109781.0,2.636443108233124,-2.546770225523095
1249,2012-02-29,NSE:TIMKEN,223.5,226.39999,219.25,220.60001,82379.0,-0.5858404950806915,2.636443108233124
1250,2012-03-01,NSE:TIMKEN,221.0,225.7,217.14999,221.8,83601.0,0.5439664304639034,-0.5858404950806915
1251,2012-03-02,NSE:TIMKEN,222.64999,239.60001,221.55,234.39999,857090.0,5.680788999098282,0.5439664304639034
1252,2012-03-05,NSE:TIMKEN,247.25,253.89999,237.8,238.8,448679.0,1.8771374520963113,5.680788999098282
1253,2012-03-06,NSE:TIMKEN,236.95,251.0,235.0,243.3,364853.0,1.8844221105527637,1.8771374520963113
1254,2012-03-07,NSE:TIMKEN,243.05,243.75,232.0,237.10001,130892.0,-2.5482901767365447,1.8844221105527637
1255,2012-03-09,NSE:TIMKEN,239.7,248.10001,239.2,240.25,119678.0,1.3285490793526338,-2.5482901767365447
1256,2012-03-12,NSE:TIMKEN,241.85001,244.64999,235.25,237.60001,123913.0,-1.1030135275754434,1.3285490793526338
1257,2012-03-13,NSE:TIMKEN,238.10001,245.7,236.05,237.45,141477.0,-0.06313551922830679,-1.1030135275754434
1258,2012-03-14,NSE:TIMKEN,239.5,241.5,235.35001,236.45,55974.0,-0.4211412929037693,-0.06313551922830679
1259,2012-03-15,NSE:TIMKEN,235.2,240.8,235.05,236.39999,59996.0,-0.021150348910968966,-0.4211412929037693
1260,2012-03-16,NSE:TIMKEN,236.14999,239.7,226.10001,228.7,54318.0,-3.2571871090180733,-0.021150348910968966
1261,2012-03-19,NSE:TIMKEN,226.55,236.85001,226.55,230.05,89406.0,0.5902929602098919,-3.2571871090180733
1262,2012-03-20,NSE:TIMKEN,229.14999,232.95,224.55,226.55,45807.0,-1.5214083894805477,0.5902929602098919
1263,2012-03-21,NSE:TIMKEN,226.85001,228.45,225.0,226.55,52037.0,0.0,-1.5214083894805477
1264,2012-03-22,NSE:TIMKEN,226.3,235.7,222.25,223.95,115712.0,-1.1476495254910715,0.0
1265,2012-03-23,NSE:TIMKEN,225.5,227.45,221.75,223.0,32630.0,-0.4242018307657909,-1.1476495254910715
1266,2012-03-26,NSE:TIMKEN,221.60001,223.8,215.5,216.25,407235.0,-3.0269058295964126,-0.4242018307657909
1267,2012-03-27,NSE:TIMKEN,219.0,225.39999,217.5,218.7,126915.0,1.1329479768786075,-3.0269058295964126
1268,2012-03-28,NSE:TIMKEN,218.35001,218.5,214.14999,215.89999,67699.0,-1.2802972107910318,1.1329479768786075
1269,2012-03-29,NSE:TIMKEN,214.75,217.7,212.2,214.75,54134.0,-0.5326493993816316,-1.2802972107910318
1270,2012-03-30,NSE:TIMKEN,216.10001,224.0,216.10001,219.0,126860.0,1.979045401629802,-0.5326493993816316
1271,2012-04-02,NSE:TIMKEN,220.8,225.39999,219.2,223.75,103372.0,2.1689497716894977,1.979045401629802
1272,2012-04-03,NSE:TIMKEN,224.75,224.8,221.0,221.39999,45351.0,-1.0502837988826805,2.1689497716894977
1273,2012-04-04,NSE:TIMKEN,222.0,223.5,217.64999,218.55,75662.0,-1.2872584140586416,-1.0502837988826805
1274,2012-04-09,NSE:TIMKEN,217.0,223.0,216.0,216.5,65836.0,-0.938000457561204,-1.2872584140586416
1275,2012-04-10,NSE:TIMKEN,217.75,234.75,216.05,230.5,498443.0,6.466512702078522,-0.938000457561204
1276,2012-04-11,NSE:TIMKEN,231.2,238.0,225.14999,226.3,618163.0,-1.822125813449019,6.466512702078522
1277,2012-04-12,NSE:TIMKEN,227.39999,254.89999,227.39999,249.89999,1683046.0,10.428630136986298,-1.822125813449019
1278,2012-04-13,NSE:TIMKEN,253.2,260.0,240.2,245.3,1017247.0,-1.8407323665759214,10.428630136986298
1279,2012-04-16,NSE:TIMKEN,244.35001,266.39999,243.10001,263.29999,1009272.0,7.337949449653472,-1.8407323665759214
1280,2012-04-17,NSE:TIMKEN,264.0,269.0,256.5,258.54999,634094.0,-1.8040258945699166,7.337949449653472
1281,2012-04-18,NSE:TIMKEN,259.79999,266.35001,255.25,255.95,381118.0,-1.0056043707447024,-1.8040258945699166
1282,2012-04-19,NSE:TIMKEN,256.75,264.79999,255.14999,259.70001,347512.0,1.4651338151982933,-1.0056043707447024
1283,2012-04-20,NSE:TIMKEN,259.70001,263.0,251.60001,254.3,234669.0,-2.0793260654861,1.4651338151982933
1284,2012-04-23,NSE:TIMKEN,254.89999,262.5,248.14999,248.85001,373532.0,-2.143134093590253,-2.0793260654861
1285,2012-04-24,NSE:TIMKEN,249.85001,254.0,245.35001,250.45,239150.0,0.6429535606608942,-2.143134093590253
1286,2012-04-25,NSE:TIMKEN,251.75,253.7,242.25,244.05,156495.0,-2.5554002794968964,0.6429535606608942
1287,2012-04-26,NSE:TIMKEN,244.55,245.39999,237.95,239.7,107988.0,-1.7824216349108881,-2.5554002794968964
1288,2012-04-27,NSE:TIMKEN,238.89999,248.7,233.0,245.10001,294527.0,2.2528201919065536,-1.7824216349108881
1289,2012-04-30,NSE:TIMKEN,244.0,250.39999,240.05,245.3,207063.0,0.08159526390880763,2.2528201919065536
1290,2012-05-02,NSE:TIMKEN,247.45,247.60001,235.05,236.3,128311.0,-3.6689767631471666,0.08159526390880763
1291,2012-05-03,NSE:TIMKEN,236.5,244.0,231.0,232.2,233045.0,-1.7350825222175297,-3.6689767631471666
1292,2012-05-04,NSE:TIMKEN,233.14999,236.75,217.60001,221.05,177901.0,-4.8018949181739785,-1.7350825222175297
1293,2012-05-07,NSE:TIMKEN,218.0,221.95,211.55,219.45,184326.0,-0.7238181406921613,-4.8018949181739785
1294,2012-05-08,NSE:TIMKEN,221.0,228.8,216.25,217.85001,242839.0,-0.7290909090909051,-0.7238181406921613
1295,2012-05-09,NSE:TIMKEN,216.39999,221.85001,214.2,215.25,95264.0,-1.1934862890297766,-0.7290909090909051
1296,2012-05-10,NSE:TIMKEN,216.05,219.89999,212.05,213.5,89140.0,-0.8130081300813009,-1.1934862890297766
1297,2012-05-11,NSE:TIMKEN,212.0,215.7,210.0,211.95,92102.0,-0.7259953161592559,-0.8130081300813009
1298,2012-05-14,NSE:TIMKEN,212.5,215.89999,204.45,205.14999,65415.0,-3.2083085633404043,-0.7259953161592559
1299,2012-05-15,NSE:TIMKEN,202.45,208.8,202.39999,207.5,65805.0,1.1455082205950862,-3.2083085633404043
1300,2012-05-16,NSE:TIMKEN,205.0,206.75,198.35001,202.95,67136.0,-2.192771084337355,1.1455082205950862
1301,2012-05-17,NSE:TIMKEN,204.0,215.8,203.60001,206.7,254388.0,1.8477457501847747,-2.192771084337355
1302,2012-05-18,NSE:TIMKEN,203.45,210.0,203.0,205.35001,141479.0,-0.6531156265118487,1.8477457501847747
1303,2012-05-21,NSE:TIMKEN,206.8,215.8,206.8,215.05,193918.0,4.723637461717199,-0.6531156265118487
1304,2012-05-22,NSE:TIMKEN,219.0,221.89999,213.10001,214.89999,283090.0,-0.06975587072774185,4.723637461717199
1305,2012-05-23,NSE:TIMKEN,212.8,223.75,212.8,222.0,181139.0,3.3038670685838554,-0.06975587072774185
1306,2012-05-24,NSE:TIMKEN,223.0,224.5,217.0,220.45,83289.0,-0.6981981981982033,3.3038670685838554
1307,2012-05-25,NSE:TIMKEN,221.45,226.0,218.39999,222.7,128635.0,1.0206396008165117,-0.6981981981982033
1308,2012-05-28,NSE:TIMKEN,222.7,224.5,219.0,222.60001,62877.0,-0.044898967220472,1.0206396008165117
1309,2012-05-29,NSE:TIMKEN,223.05,225.95,219.89999,221.25,77425.0,-0.60647346781341,-0.044898967220472
1310,2012-05-30,NSE:TIMKEN,220.0,221.25,212.85001,214.0,38874.0,-3.2768361581920904,-0.60647346781341
1311,2012-05-31,NSE:TIMKEN,212.7,212.7,197.10001,199.64999,248271.0,-6.705612149532709,-3.2768361581920904
1312,2012-06-01,NSE:TIMKEN,197.39999,199.60001,190.10001,191.55,105204.0,-4.0570951193135505,-6.705612149532709
1313,2012-06-04,NSE:TIMKEN,189.45,194.39999,185.05,191.0,144173.0,-0.2871312973114129,-4.0570951193135505
1314,2012-06-05,NSE:TIMKEN,193.0,195.45,186.0,186.7,86171.0,-2.2513089005235662,-0.2871312973114129
1315,2012-06-06,NSE:TIMKEN,188.64999,194.75,186.05,193.5,117623.0,3.642206748794864,-2.2513089005235662
1316,2012-06-07,NSE:TIMKEN,194.95,196.0,192.0,193.89999,79607.0,0.20671317829457492,3.642206748794864
1317,2012-06-08,NSE:TIMKEN,192.0,203.0,190.55,200.64999,236866.0,3.481176043381952,0.20671317829457492
1318,2012-06-11,NSE:TIMKEN,202.7,211.75,201.14999,203.14999,374005.0,1.245950722449575,3.481176043381952
1319,2012-06-12,NSE:TIMKEN,202.0,207.0,201.95,204.89999,116053.0,0.8614324814881851,1.245950722449575
1320,2012-06-13,NSE:TIMKEN,205.45,206.95,201.60001,202.5,72173.0,-1.1712982514054795,0.8614324814881851
1321,2012-06-14,NSE:TIMKEN,203.45,204.5,196.60001,197.85001,47693.0,-2.2962913580246926,-1.1712982514054795
1322,2012-06-15,NSE:TIMKEN,199.60001,201.95,196.05,197.0,34407.0,-0.42962343039557976,-2.2962913580246926
1323,2012-06-18,NSE:TIMKEN,197.0,207.45,191.0,201.0,128158.0,2.030456852791878,-0.42962343039557976
1324,2012-06-19,NSE:TIMKEN,202.5,204.8,200.05,203.0,82534.0,0.9950248756218906,2.030456852791878
1325,2012-06-20,NSE:TIMKEN,202.8,207.95,201.25,204.95,134701.0,0.9605911330049205,0.9950248756218906
1326,2012-06-21,NSE:TIMKEN,204.0,207.5,203.0,205.55,112101.0,0.2927543303244805,0.9605911330049205
1327,2012-06-22,NSE:TIMKEN,207.0,221.95,206.10001,208.7,938888.0,1.532473850644601,0.2927543303244805
1328,2012-06-25,NSE:TIMKEN,210.0,214.39999,206.05,206.95,213768.0,-0.8385241974125539,1.532473850644601
1329,2012-06-26,NSE:TIMKEN,207.0,211.39999,203.5,205.05,211861.0,-0.9180961584923786,-0.8385241974125539
1330,2012-06-27,NSE:TIMKEN,207.2,209.7,205.5,206.35001,159367.0,0.6339965861984814,-0.9180961584923786
1331,2012-06-28,NSE:TIMKEN,207.89999,207.89999,203.5,204.35001,62286.0,-0.9692269944644054,0.6339965861984814
1332,2012-06-29,NSE:TIMKEN,206.0,209.45,205.5,206.95,119766.0,1.2723219343126,-0.9692269944644054
1333,2012-07-02,NSE:TIMKEN,208.0,209.39999,206.05,207.0,75890.0,0.024160425223489428,1.2723219343126
1334,2012-07-03,NSE:TIMKEN,208.0,211.60001,207.0,207.7,91533.0,0.338164251207724,0.024160425223489428
1335,2012-07-04,NSE:TIMKEN,208.8,212.5,208.39999,210.8,126367.0,1.4925373134328468,0.338164251207724
1336,2012-07-05,NSE:TIMKEN,211.35001,221.85001,210.60001,218.0,404473.0,3.41555977229601,1.4925373134328468
1337,2012-07-06,NSE:TIMKEN,219.0,219.0,213.05,213.64999,97194.0,-1.9954174311926594,3.41555977229601
1338,2012-07-09,NSE:TIMKEN,213.05,215.8,210.05,210.5,70046.0,-1.4743693645855085,-1.9954174311926594
1339,2012-07-10,NSE:TIMKEN,211.0,214.8,211.0,212.7,67191.0,1.0451306413301609,-1.4743693645855085
1340,2012-07-11,NSE:TIMKEN,212.45,217.85001,212.14999,213.35001,124986.0,0.30559943582510996,1.0451306413301609
1341,2012-07-12,NSE:TIMKEN,212.60001,213.7,211.0,211.35001,47374.0,-0.9374267195956542,0.30559943582510996
1342,2012-07-13,NSE:TIMKEN,211.85001,226.3,209.95,219.35001,838704.0,3.785190263298308,-0.9374267195956542
1343,2012-07-16,NSE:TIMKEN,220.7,231.39999,219.0,228.75,880144.0,4.285383893987515,3.785190263298308
1344,2012-07-17,NSE:TIMKEN,229.75,234.89999,222.60001,224.0,864094.0,-2.0765027322404372,4.285383893987515
1345,2012-07-18,NSE:TIMKEN,225.95,233.5,224.5,231.85001,769826.0,3.504468749999999,-2.0765027322404372
1346,2012-07-19,NSE:TIMKEN,233.7,237.64999,220.64999,222.75,407576.0,-3.9249556210931362,3.504468749999999
1347,2012-07-20,NSE:TIMKEN,217.95,217.95,207.05,207.95,512445.0,-6.644219977553316,-3.9249556210931362
1348,2012-07-23,NSE:TIMKEN,208.95,208.95,200.0,201.89999,154339.0,-2.909358018754502,-6.644219977553316
1349,2012-07-24,NSE:TIMKEN,202.5,204.7,197.25,202.35001,150820.0,0.22289253208977125,-2.909358018754502
1350,2012-07-25,NSE:TIMKEN,202.0,202.0,193.05,193.95,131415.0,-4.151227865024572,0.22289253208977125
1351,2012-07-26,NSE:TIMKEN,194.64999,197.25,185.0,186.89999,145742.0,-3.634962619231754,-4.151227865024572
1352,2012-07-27,NSE:TIMKEN,188.39999,191.64999,185.0,185.64999,113474.0,-0.6688068843663395,-3.634962619231754
1353,2012-07-30,NSE:TIMKEN,186.8,192.89999,186.0,190.3,137892.0,2.504718691339552,-0.6688068843663395
1354,2012-07-31,NSE:TIMKEN,191.10001,191.8,187.10001,188.55,47801.0,-0.9196006305832896,2.504718691339552
1355,2012-08-01,NSE:TIMKEN,189.0,193.3,188.05,191.45,64005.0,1.5380535666931727,-0.9196006305832896
1356,2012-08-02,NSE:TIMKEN,191.5,203.7,191.5,199.14999,338921.0,4.021932619482901,1.5380535666931727
1357,2012-08-03,NSE:TIMKEN,198.0,199.0,193.75,195.7,80601.0,-1.7323576064452797,4.021932619482901
1358,2012-08-06,NSE:TIMKEN,198.0,206.0,197.0,202.0,215349.0,3.219213081246812,-1.7323576064452797
1359,2012-08-07,NSE:TIMKEN,202.75,205.3,201.10001,201.85001,106698.0,-0.074252475247526,3.219213081246812
1360,2012-08-08,NSE:TIMKEN,202.7,206.7,198.64999,201.64999,164589.0,-0.09909338126859395,-0.074252475247526
1361,2012-08-09,NSE:TIMKEN,201.8,203.60001,196.0,198.05,76366.0,-1.7852666394875552,-0.09909338126859395
1362,2012-08-10,NSE:TIMKEN,198.75,200.89999,195.0,195.75,72386.0,-1.1613228982580213,-1.7852666394875552
1363,2012-08-13,NSE:TIMKEN,196.64999,198.35001,195.75,196.95,46112.0,0.6130268199233658,-1.1613228982580213
1364,2012-08-14,NSE:TIMKEN,197.05,199.60001,194.0,197.0,56637.0,0.025387154100031162,0.6130268199233658
1365,2012-08-16,NSE:TIMKEN,197.75,201.8,197.05,198.2,101301.0,0.6091370558375577,0.025387154100031162
1366,2012-08-17,NSE:TIMKEN,198.39999,200.45,194.5,195.25,50617.0,-1.4883955600403576,0.6091370558375577
1367,2012-08-21,NSE:TIMKEN,196.0,198.39999,194.60001,195.95,37616.0,0.358514724711902,-1.4883955600403576
1368,2012-08-22,NSE:TIMKEN,195.0,199.8,194.25,197.85001,86030.0,0.9696402143403976,0.358514724711902
1369,2012-08-23,NSE:TIMKEN,198.10001,201.60001,196.5,199.10001,102160.0,0.6317917295025661,0.9696402143403976
1370,2012-08-24,NSE:TIMKEN,197.85001,199.0,196.0,196.25,56516.0,-1.4314464373959586,0.6317917295025661
1371,2012-08-27,NSE:TIMKEN,196.25,199.60001,196.0,196.35001,70607.0,0.05096050955413885,-1.4314464373959586
1372,2012-08-28,NSE:TIMKEN,196.8,197.0,190.60001,191.75,51071.0,-2.3427602575625017,0.05096050955413885
1373,2012-08-29,NSE:TIMKEN,191.5,191.89999,186.89999,188.39999,37069.0,-1.7470717079530624,-2.3427602575625017
1374,2012-08-30,NSE:TIMKEN,187.0,191.8,185.2,188.7,38877.0,0.15924098509770948,-1.7470717079530624
1375,2012-08-31,NSE:TIMKEN,188.3,189.5,185.25,185.75,20276.0,-1.5633280339162632,0.15924098509770948
1376,2012-09-03,NSE:TIMKEN,186.0,188.5,185.60001,186.2,18952.0,0.24226110363391043,-1.5633280339162632
1377,2012-09-04,NSE:TIMKEN,185.5,191.0,184.55,189.2,32841.0,1.611170784103115,0.24226110363391043
1378,2012-09-05,NSE:TIMKEN,188.0,196.89999,187.14999,190.8,141767.0,0.8456659619450437,1.611170784103115
1379,2012-09-06,NSE:TIMKEN,191.8,197.85001,191.8,196.3,114827.0,2.882599580712788,0.8456659619450437
1380,2012-09-07,NSE:TIMKEN,198.0,202.10001,196.0,196.39999,46062.0,0.05093734080488596,2.882599580712788
1381,2012-09-10,NSE:TIMKEN,196.05,200.0,195.25,196.7,67144.0,0.1527545902624466,0.05093734080488596
1382,2012-09-11,NSE:TIMKEN,196.8,207.0,196.8,204.89999,260003.0,4.168779867819021,0.1527545902624466
1383,2012-09-12,NSE:TIMKEN,206.0,208.5,199.3,200.39999,99736.0,-2.196193372190989,4.168779867819021
1384,2012-09-13,NSE:TIMKEN,201.2,202.64999,196.0,196.60001,85113.0,-1.8961976994110654,-2.196193372190989
1385,2012-09-14,NSE:TIMKEN,198.0,202.39999,195.0,196.2,57443.0,-0.20346387571394775,-1.8961976994110654
1386,2012-09-17,NSE:TIMKEN,198.7,199.35001,195.75,196.64999,34777.0,0.2293527013251855,-0.20346387571394775
1387,2012-09-18,NSE:TIMKEN,197.0,202.7,195.10001,199.14999,67328.0,1.2712942421202258,0.2293527013251855
1388,2012-09-20,NSE:TIMKEN,196.75,201.3,196.0,197.95,42429.0,-0.6025558926716561,1.2712942421202258
1389,2012-09-21,NSE:TIMKEN,198.45,201.8,197.0,197.5,51666.0,-0.22733013387218423,-0.6025558926716561
1390,2012-09-24,NSE:TIMKEN,198.10001,203.0,197.25,199.14999,117141.0,0.8354379746835455,-0.22733013387218423
1391,2012-09-25,NSE:TIMKEN,199.7,202.2,197.64999,202.2,62785.0,1.5315140111229661,0.8354379746835455
1392,2012-09-26,NSE:TIMKEN,199.60001,205.0,198.7,199.25,132774.0,-1.4589515331355039,1.5315140111229661
1393,2012-09-27,NSE:TIMKEN,199.75,202.39999,197.60001,198.10001,82947.0,-0.5771593475533262,-1.4589515331355039
1394,2012-09-28,NSE:TIMKEN,199.7,201.0,197.2,197.8,74552.0,-0.1514437076504873,-0.5771593475533262
1395,2012-10-01,NSE:TIMKEN,198.0,201.0,197.25,197.5,67865.0,-0.15166835187058206,-0.1514437076504873
1396,2012-10-03,NSE:TIMKEN,198.05,214.45,196.10001,211.45,737073.0,7.0632911392405004,-0.15166835187058206
1397,2012-10-04,NSE:TIMKEN,214.89999,220.5,212.55,214.39999,881808.0,1.3951241428233692,7.0632911392405004
1398,2012-10-05,NSE:TIMKEN,216.64999,218.0,206.3,210.3,243460.0,-1.9123088578502225,1.3951241428233692
1399,2012-10-08,NSE:TIMKEN,211.39999,212.39999,205.25,206.25,74336.0,-1.9258202567760396,-1.9123088578502225
1400,2012-10-09,NSE:TIMKEN,207.7,218.0,206.8,214.39999,362107.0,3.9515103030303043,-1.9258202567760396
1401,2012-10-10,NSE:TIMKEN,214.14999,214.39999,208.5,210.75,110601.0,-1.7024207883591798,3.9515103030303043
1402,2012-10-11,NSE:TIMKEN,210.95,212.7,207.55,209.7,68076.0,-0.4982206405694004,-1.7024207883591798
1403,2012-10-12,NSE:TIMKEN,210.0,213.10001,207.2,207.89999,105952.0,-0.8583738674296548,-0.4982206405694004
1404,2012-10-15,NSE:TIMKEN,207.14999,209.5,204.5,205.3,60288.0,-1.2505965007501882,-0.8583738674296548
1405,2012-10-16,NSE:TIMKEN,206.64999,207.0,201.39999,202.3,55580.0,-1.4612761811982464,-1.2505965007501882
1406,2012-10-17,NSE:TIMKEN,202.5,204.45,199.5,200.39999,68274.0,-0.9392041522491392,-1.4612761811982464
1407,2012-10-18,NSE:TIMKEN,201.7,205.8,200.55,202.3,51284.0,0.948108829745954,-0.9392041522491392
1408,2012-10-19,NSE:TIMKEN,201.14999,203.5,200.7,202.55,46176.0,0.12357884330202668,0.948108829745954
1409,2012-10-22,NSE:TIMKEN,201.8,202.0,199.0,199.45,26143.0,-1.5304862996791027,0.12357884330202668
1410,2012-10-23,NSE:TIMKEN,200.3,200.85001,197.35001,197.85001,33469.0,-0.8022010528954581,-1.5304862996791027
1411,2012-10-25,NSE:TIMKEN,198.0,204.85001,197.0,199.35001,88636.0,0.7581500754030793,-0.8022010528954581
1412,2012-10-26,NSE:TIMKEN,200.0,203.45,197.89999,198.89999,44190.0,-0.22574365559349355,0.7581500754030793
1413,2012-10-29,NSE:TIMKEN,199.8,201.05,195.25,196.95,38487.0,-0.980387178501122,-0.22574365559349355
1414,2012-10-30,NSE:TIMKEN,196.25,197.2,192.10001,192.95,41853.0,-2.030972328002031,-0.980387178501122
1415,2012-10-31,NSE:TIMKEN,193.3,196.5,191.5,193.10001,40309.0,0.07774552993003828,-2.030972328002031
1416,2012-11-01,NSE:TIMKEN,193.10001,196.0,192.3,193.8,35895.0,0.36250127589326064,0.07774552993003828
1417,2012-11-02,NSE:TIMKEN,194.8,197.7,194.8,196.35001,39673.0,1.3157946336429236,0.36250127589326064
1418,2012-11-05,NSE:TIMKEN,197.0,202.0,196.10001,200.0,81093.0,1.858920200717078,1.3157946336429236
1419,2012-11-06,NSE:TIMKEN,201.0,208.89999,200.0,207.14999,220501.0,3.574995000000001,1.858920200717078
1420,2012-11-07,NSE:TIMKEN,204.10001,209.7,204.0,207.14999,66357.0,0.0,3.574995000000001
1421,2012-11-08,NSE:TIMKEN,205.0,211.64999,203.3,209.39999,151975.0,1.0861694948669802,0.0
1422,2012-11-09,NSE:TIMKEN,209.39999,209.7,200.5,201.8,67670.0,-3.629412780774245,1.0861694948669802
1423,2012-11-12,NSE:TIMKEN,202.8,205.95,198.8,203.7,58314.0,0.9415262636273425,-3.629412780774245
1424,2012-11-13,NSE:TIMKEN,204.45,204.45,202.0,202.05,5290.0,-0.8100147275404898,0.9415262636273425
1425,2012-11-15,NSE:TIMKEN,201.64999,204.8,198.8,201.89999,49439.0,-0.07424399901015039,-0.8100147275404898
1426,2012-11-16,NSE:TIMKEN,202.60001,204.7,197.64999,198.89999,26055.0,-1.4858841746351745,-0.07424399901015039
1427,2012-11-19,NSE:TIMKEN,196.55,202.0,196.5,198.39999,30502.0,-0.2513826169624242,-1.4858841746351745
1428,2012-11-20,NSE:TIMKEN,199.0,200.75,196.10001,197.0,36234.0,-0.7056401565342834,-0.2513826169624242
1429,2012-11-21,NSE:TIMKEN,197.0,198.89999,195.2,196.10001,25175.0,-0.4568477157360419,-0.7056401565342834
1430,2012-11-22,NSE:TIMKEN,194.95,197.14999,192.3,193.14999,50942.0,-1.50434464536743,-0.4568477157360419
1431,2012-11-23,NSE:TIMKEN,193.75,196.2,193.0,193.60001,27442.0,0.2329899162821572,-1.50434464536743
1432,2012-11-26,NSE:TIMKEN,194.35001,199.7,194.25,195.10001,56374.0,0.7747933484094345,0.2329899162821572
1433,2012-11-27,NSE:TIMKEN,195.95,200.0,194.35001,195.64999,65883.0,0.28189644890331117,0.7747933484094345
1434,2012-11-29,NSE:TIMKEN,196.45,198.5,194.5,195.8,43180.0,0.07667263361475707,0.28189644890331117
1435,2012-11-30,NSE:TIMKEN,196.64999,201.3,196.0,198.35001,102612.0,1.3023544433094922,0.07667263361475707
1436,2012-12-03,NSE:TIMKEN,199.10001,201.0,197.14999,197.45,51300.0,-0.4537484016259989,1.3023544433094922
1437,2012-12-04,NSE:TIMKEN,197.8,198.39999,185.7,187.8,251353.0,-4.887313243859193,-0.4537484016259989
1438,2012-12-05,NSE:TIMKEN,188.35001,192.85001,187.05,189.7,130974.0,1.011714589989338,-4.887313243859193
1439,2012-12-06,NSE:TIMKEN,190.75,191.5,188.0,190.14999,36378.0,0.2372113863995856,1.011714589989338
1440,2012-12-07,NSE:TIMKEN,191.05,192.25,187.45,188.05,71607.0,-1.1043860691236382,0.2372113863995856
1441,2012-12-10,NSE:TIMKEN,188.8,193.3,187.85001,190.14999,98688.0,1.1167189577240049,-1.1043860691236382
1442,2012-12-11,NSE:TIMKEN,191.0,192.39999,188.5,189.35001,76885.0,-0.42070998794162706,1.1167189577240049
1443,2012-12-12,NSE:TIMKEN,190.75,190.75,186.5,187.14999,61383.0,-1.16188005482545,-0.42070998794162706
1444,2012-12-13,NSE:TIMKEN,188.10001,194.5,186.3,187.55,152634.0,0.21373765502205416,-1.16188005482545
1445,2012-12-14,NSE:TIMKEN,188.75,191.3,187.10001,187.55,39302.0,0.0,0.21373765502205416
1446,2012-12-17,NSE:TIMKEN,187.75,198.5,187.75,197.3,409474.0,5.19861370301253,0.0
1447,2012-12-18,NSE:TIMKEN,199.0,199.7,195.10001,196.55,112206.0,-0.3801317790167258,5.19861370301253
1448,2012-12-19,NSE:TIMKEN,197.0,199.25,195.89999,197.0,48404.0,0.22894937674891305,-0.3801317790167258
1449,2012-12-20,NSE:TIMKEN,197.35001,197.5,195.2,196.2,38555.0,-0.4060913705583814,0.22894937674891305
1450,2012-12-21,NSE:TIMKEN,195.64999,200.39999,194.0,196.64999,90591.0,0.2293527013251855,-0.4060913705583814
1451,2012-12-24,NSE:TIMKEN,196.85001,197.75,193.2,194.25,32839.0,-1.2204373872584497,0.2293527013251855
1452,2012-12-26,NSE:TIMKEN,195.25,195.89999,193.75,193.95,21306.0,-0.1544401544401603,-1.2204373872584497
1453,2012-12-27,NSE:TIMKEN,194.0,195.14999,191.39999,191.89999,29409.0,-1.056978602732656,-0.1544401544401603
1454,2012-12-28,NSE:TIMKEN,192.5,193.75,190.25,191.2,32320.0,-0.36476812739803366,-1.056978602732656
1455,2012-12-31,NSE:TIMKEN,191.95,193.64999,190.10001,192.8,24500.0,0.8368200836820203,-0.36476812739803366
1456,2013-01-01,NSE:TIMKEN,193.85001,195.3,191.35001,193.05,42734.0,0.1296680497925311,0.8368200836820203
1457,2013-01-02,NSE:TIMKEN,193.55,207.5,193.45,204.85001,323346.0,6.112411292411285,0.1296680497925311
1458,2013-01-03,NSE:TIMKEN,206.7,210.7,205.0,206.60001,280823.0,0.8542835804596739,6.112411292411285
1459,2013-01-04,NSE:TIMKEN,205.10001,206.45,201.0,203.14999,64359.0,-1.669903113751057,0.8542835804596739
1460,2013-01-07,NSE:TIMKEN,204.39999,207.89999,203.05,204.10001,93030.0,0.46764462060765793,-1.669903113751057
1461,2013-01-08,NSE:TIMKEN,203.95,206.2,201.64999,202.7,43094.0,-0.6859431315069553,0.46764462060765793
1462,2013-01-09,NSE:TIMKEN,203.25,208.10001,202.8,203.7,89706.0,0.493339911198816,-0.6859431315069553
1463,2013-01-10,NSE:TIMKEN,204.85001,206.5,200.0,201.2,72053.0,-1.2272950417280315,0.493339911198816
1464,2013-01-11,NSE:TIMKEN,202.10001,202.8,195.60001,197.35001,31856.0,-1.9135139165009898,-1.2272950417280315
1465,2013-01-14,NSE:TIMKEN,197.10001,198.5,190.10001,193.05,110214.0,-2.1788749846022233,-1.9135139165009898
1466,2013-01-15,NSE:TIMKEN,193.75,196.0,191.10001,193.35001,46790.0,0.1554053354053282,-2.1788749846022233
1467,2013-01-16,NSE:TIMKEN,192.5,192.8,190.35001,191.64999,47172.0,-0.8792448472074013,0.1554053354053282
1468,2013-01-17,NSE:TIMKEN,192.39999,196.05,190.35001,192.7,42319.0,0.5478789745827726,-0.8792448472074013
1469,2013-01-18,NSE:TIMKEN,194.3,194.85001,191.5,192.0,27707.0,-0.3632589517384477,0.5478789745827726
1470,2013-01-21,NSE:TIMKEN,192.39999,197.8,191.95,194.64999,49600.0,1.3802031250000013,-0.3632589517384477
1471,2013-01-22,NSE:TIMKEN,195.10001,195.45,192.05,192.7,16169.0,-1.0017930131925585,1.3802031250000013
1472,2013-01-23,NSE:TIMKEN,193.45,193.55,184.05,188.64999,34093.0,-2.1017176959003563,-1.0017930131925585
1473,2013-01-24,NSE:TIMKEN,190.55,190.75,185.10001,186.10001,29667.0,-1.3516989849827212,-2.1017176959003563
1474,2013-01-25,NSE:TIMKEN,186.45,188.0,185.60001,187.2,15130.0,0.5910746592651936,-1.3516989849827212
1475,2013-01-28,NSE:TIMKEN,190.45,190.55,186.10001,187.10001,13062.0,-0.05341346153845681,0.5910746592651936
1476,2013-01-29,NSE:TIMKEN,187.05,187.95,183.25,183.75,21759.0,-1.7904916199630332,-0.05341346153845681
1477,2013-01-30,NSE:TIMKEN,185.3,186.2,182.2,183.25,18725.0,-0.27210884353741494,-1.7904916199630332
1478,2013-01-31,NSE:TIMKEN,183.5,184.64999,180.0,180.95,28833.0,-1.2551159618008247,-0.27210884353741494
1479,2013-02-01,NSE:TIMKEN,180.7,182.89999,180.0,180.7,12510.0,-0.13815971262779775,-1.2551159618008247
1480,2013-02-04,NSE:TIMKEN,180.75,183.39999,179.60001,180.2,15595.0,-0.27670171555063644,-0.13815971262779775
1481,2013-02-05,NSE:TIMKEN,181.64999,181.64999,175.7,176.64999,18144.0,-1.9700388457269624,-0.27670171555063644
1482,2013-02-06,NSE:TIMKEN,178.2,180.0,175.7,176.35001,15626.0,-0.16981602999241893,-1.9700388457269624
1483,2013-02-07,NSE:TIMKEN,176.55,178.5,170.10001,171.2,35397.0,-2.9203343963518966,-0.16981602999241893
1484,2013-02-08,NSE:TIMKEN,171.35001,173.0,165.7,167.10001,24588.0,-2.3948539719626116,-2.9203343963518966
1485,2013-02-11,NSE:TIMKEN,168.7,172.85001,164.10001,171.7,43264.0,2.75283646003372,-2.3948539719626116
1486,2013-02-12,NSE:TIMKEN,172.05,177.3,169.0,173.39999,107980.0,0.9900931857891753,2.75283646003372
1487,2013-02-13,NSE:TIMKEN,173.0,175.0,168.7,169.14999,28560.0,-2.4509805335052213,0.9900931857891753
1488,2013-02-14,NSE:TIMKEN,168.14999,170.2,162.75,164.35001,20318.0,-2.8377063457112857,-2.4509805335052213
1489,2013-02-15,NSE:TIMKEN,163.35001,165.89999,159.3,160.7,29689.0,-2.2208760437556463,-2.8377063457112857
1490,2013-02-18,NSE:TIMKEN,160.55,163.8,160.10001,162.14999,13129.0,0.9022962041070405,-2.2208760437556463
1491,2013-02-19,NSE:TIMKEN,162.14999,168.89999,161.7,167.05,27291.0,3.02189966215848,0.9022962041070405
1492,2013-02-20,NSE:TIMKEN,167.05,172.10001,165.7,169.39999,15015.0,1.4067584555522246,3.02189966215848
1493,2013-02-21,NSE:TIMKEN,168.05,169.64999,165.0,166.2,16977.0,-1.8890142791625986,1.4067584555522246
1494,2013-02-22,NSE:TIMKEN,166.95,167.95,161.0,162.05,27047.0,-2.4969915764139454,-1.8890142791625986
1495,2013-02-25,NSE:TIMKEN,162.55,163.60001,160.5,161.25,10246.0,-0.49367479173095424,-2.4969915764139454
1496,2013-02-26,NSE:TIMKEN,161.95,161.95,155.25,155.75,21557.0,-3.4108527131782944,-0.49367479173095424
1497,2013-02-27,NSE:TIMKEN,159.89999,169.7,155.0,156.35001,17529.0,0.38523916532905134,-3.4108527131782944
1498,2013-02-28,NSE:TIMKEN,157.25,160.0,152.25,152.95,21726.0,-2.174614507539852,0.38523916532905134
1499,2013-03-01,NSE:TIMKEN,153.3,154.85001,152.5,153.0,12410.0,0.03269042170644745,-2.174614507539852
1500,2013-03-04,NSE:TIMKEN,152.0,153.55,147.10001,147.45,19948.0,-3.627450980392164,0.03269042170644745
1501,2013-03-05,NSE:TIMKEN,147.7,150.55,144.10001,147.3,45133.0,-0.10172939979652577,-3.627450980392164
1502,2013-03-06,NSE:TIMKEN,152.0,152.0,147.3,148.45,46214.0,0.780719619823474,-0.10172939979652577
1503,2013-03-07,NSE:TIMKEN,152.0,152.0,147.05,147.64999,47488.0,-0.5389087234759086,0.780719619823474
1504,2013-03-08,NSE:TIMKEN,148.0,149.45,137.14999,140.5,179359.0,-4.842526572470477,-0.5389087234759086
1505,2013-03-11,NSE:TIMKEN,143.0,143.89999,130.05,139.64999,93386.0,-0.6049893238434145,-4.842526572470477
1506,2013-03-12,NSE:TIMKEN,142.89999,142.89999,138.64999,139.25,34758.0,-0.2864232213693696,-0.6049893238434145
1507,2013-03-13,NSE:TIMKEN,139.64999,140.75,132.25,132.89999,56365.0,-4.5601508078994595,-0.2864232213693696
1508,2013-03-14,NSE:TIMKEN,134.39999,134.39999,128.2,131.95,96387.0,-0.714815704651305,-4.5601508078994595
1509,2013-03-15,NSE:TIMKEN,133.25,154.95,132.2,152.60001,1723546.0,15.64987495263358,-0.714815704651305
1510,2013-03-18,NSE:TIMKEN,152.60001,154.39999,148.0,149.2,667978.0,-2.228053589249443,15.64987495263358
1511,2013-03-19,NSE:TIMKEN,149.55,151.0,137.64999,144.0,327083.0,-3.4852546916890006,-2.228053589249443
1512,2013-03-20,NSE:TIMKEN,143.64999,150.75,140.2,141.5,337385.0,-1.7361111111111112,-3.4852546916890006
1513,2013-03-21,NSE:TIMKEN,143.10001,144.89999,135.14999,136.0,110514.0,-3.8869257950530036,-1.7361111111111112
1514,2013-03-22,NSE:TIMKEN,135.75,136.7,130.05,131.05,63071.0,-3.639705882352933,-3.8869257950530036
1515,2013-03-25,NSE:TIMKEN,132.05,143.89999,132.05,137.95,505253.0,5.265165967188079,-3.639705882352933
1516,2013-03-26,NSE:TIMKEN,136.7,139.5,134.64999,135.75,54930.0,-1.594780717651315,5.265165967188079
1517,2013-03-28,NSE:TIMKEN,134.89999,138.45,132.25,133.7,65583.0,-1.510128913443839,-1.594780717651315
1518,2013-04-01,NSE:TIMKEN,134.75,143.60001,134.0,140.89999,100302.0,5.385183246073309,-1.510128913443839
1519,2013-04-02,NSE:TIMKEN,136.64999,147.39999,134.0,144.0,323360.0,2.2001491980233623,5.385183246073309
1520,2013-04-03,NSE:TIMKEN,139.5,150.5,137.0,145.2,374362.0,0.8333333333333255,2.2001491980233623
1521,2013-04-04,NSE:TIMKEN,144.8,153.5,144.10001,152.5,449225.0,5.027548209366399,0.8333333333333255
1522,2013-04-05,NSE:TIMKEN,152.5,158.39999,147.5,150.0,245294.0,-1.639344262295082,5.027548209366399
1523,2013-04-08,NSE:TIMKEN,150.0,152.8,149.10001,151.0,32439.0,0.6666666666666667,-1.639344262295082
1524,2013-04-09,NSE:TIMKEN,151.35001,152.60001,147.39999,150.0,39874.0,-0.6622516556291391,0.6666666666666667
1525,2013-04-10,NSE:TIMKEN,148.0,157.2,148.0,154.60001,261951.0,3.066673333333332,-0.6622516556291391
1526,2013-04-11,NSE:TIMKEN,151.25,155.64999,150.0,150.64999,17717.0,-2.554993366429921,3.066673333333332
1527,2013-04-12,NSE:TIMKEN,150.8,151.8,147.05,149.35001,25619.0,-0.8629140964430234,-2.554993366429921
1528,2013-04-15,NSE:TIMKEN,150.0,152.5,149.25,151.10001,20420.0,1.1717441465186378,-0.8629140964430234
1529,2013-04-16,NSE:TIMKEN,150.7,154.7,149.0,150.75,24921.0,-0.23164128182387114,1.1717441465186378
1530,2013-04-17,NSE:TIMKEN,151.95,155.64999,149.8,150.8,33044.0,0.033167495854070556,-0.23164128182387114
1531,2013-04-18,NSE:TIMKEN,150.0,151.7,148.39999,149.0,123304.0,-1.1936339522546493,0.033167495854070556
1532,2013-04-22,NSE:TIMKEN,149.10001,162.7,149.10001,159.3,233885.0,6.912751677852357,-1.1936339522546493
1533,2013-04-23,NSE:TIMKEN,160.0,176.2,150.64999,160.39999,212856.0,0.6905147520401701,6.912751677852357
1534,2013-04-25,NSE:TIMKEN,162.05,164.7,158.45,160.5,40815.0,0.062350377952017005,0.6905147520401701
1535,2013-04-26,NSE:TIMKEN,159.2,163.39999,158.5,159.5,37663.0,-0.6230529595015576,0.062350377952017005
1536,2013-04-29,NSE:TIMKEN,160.5,161.7,158.0,160.60001,19680.0,0.689661442006268,-0.6230529595015576
1537,2013-04-30,NSE:TIMKEN,158.64999,163.60001,158.64999,159.64999,30063.0,-0.5915441723820535,0.689661442006268
1538,2013-05-02,NSE:TIMKEN,160.60001,163.8,159.5,159.64999,20854.0,0.0,-0.5915441723820535
1539,2013-05-03,NSE:TIMKEN,159.95,164.45,159.45,161.35001,131745.0,1.0648419082268623,0.0
1540,2013-05-06,NSE:TIMKEN,162.64999,166.95,161.0,165.10001,53941.0,2.324139924131396,1.0648419082268623
1541,2013-05-07,NSE:TIMKEN,166.5,169.45,163.60001,165.0,37335.0,-0.06057540517411083,2.324139924131396
1542,2013-05-08,NSE:TIMKEN,166.10001,167.39999,164.60001,166.45,34357.0,0.878787878787872,-0.06057540517411083
1543,2013-05-09,NSE:TIMKEN,167.0,167.0,161.39999,163.0,11442.0,-2.072694502853703,0.878787878787872
1544,2013-05-10,NSE:TIMKEN,163.0,164.7,161.3,161.3,8222.0,-1.0429447852760667,-2.072694502853703
1545,2013-05-13,NSE:TIMKEN,161.39999,171.95,160.8,162.8,120137.0,0.9299442033477991,-1.0429447852760667
1546,2013-05-14,NSE:TIMKEN,163.2,165.89999,160.8,161.0,17458.0,-1.1056511056511125,0.9299442033477991
1547,2013-05-15,NSE:TIMKEN,161.39999,165.39999,161.39999,162.05,27218.0,0.6521739130434854,-1.1056511056511125
1548,2013-05-16,NSE:TIMKEN,162.85001,164.5,161.05,161.2,13218.0,-0.5245294662141454,0.6521739130434854
1549,2013-05-17,NSE:TIMKEN,161.8,162.89999,160.0,161.89999,315226.0,0.4342369727047233,-0.5245294662141454
1550,2013-05-20,NSE:TIMKEN,162.0,163.89999,159.25,159.25,15823.0,-1.636806771884299,0.4342369727047233
1551,2013-05-21,NSE:TIMKEN,159.10001,162.7,159.10001,160.45,11310.0,0.7535321821036035,-1.636806771884299
1552,2013-05-22,NSE:TIMKEN,160.5,161.39999,158.5,159.8,11558.0,-0.4051106263633389,0.7535321821036035
1553,2013-05-23,NSE:TIMKEN,157.85001,161.0,155.14999,157.0,20440.0,-1.7521902377972534,-0.4051106263633389
1554,2013-05-24,NSE:TIMKEN,155.14999,162.3,155.14999,158.05,17349.0,0.6687898089172046,-1.7521902377972534
1555,2013-05-27,NSE:TIMKEN,156.10001,166.8,156.10001,162.5,75435.0,2.8155646947168544,0.6687898089172046
1556,2013-05-28,NSE:TIMKEN,161.0,162.0,159.5,159.75,21458.0,-1.6923076923076923,2.8155646947168544
1557,2013-05-29,NSE:TIMKEN,162.10001,163.5,159.2,160.2,32340.0,0.28169014084506333,-1.6923076923076923
1558,2013-05-30,NSE:TIMKEN,160.0,162.5,158.64999,160.0,16329.0,-0.12484394506865708,0.28169014084506333
1559,2013-05-31,NSE:TIMKEN,159.95,161.10001,157.55,159.0,29278.0,-0.625,-0.12484394506865708
1560,2013-06-03,NSE:TIMKEN,158.0,159.95,156.3,159.10001,9628.0,0.06289937106918081,-0.625
1561,2013-06-04,NSE:TIMKEN,158.0,164.39999,158.0,159.5,14885.0,0.2514079037455764,0.06289937106918081
1562,2013-06-05,NSE:TIMKEN,158.0,162.39999,158.0,160.0,15070.0,0.3134796238244514,0.2514079037455764
1563,2013-06-06,NSE:TIMKEN,159.0,160.55,158.3,159.8,16543.0,-0.1249999999999929,0.3134796238244514
1564,2013-06-07,NSE:TIMKEN,159.05,161.39999,159.05,160.0,17220.0,0.12515644555693906,-0.1249999999999929
1565,2013-06-10,NSE:TIMKEN,157.25,161.5,155.35001,155.5,210804.0,-2.8125,0.12515644555693906
1566,2013-06-11,NSE:TIMKEN,155.10001,168.8,155.10001,161.0,307538.0,3.536977491961415,-2.8125
1567,2013-06-12,NSE:TIMKEN,161.35001,163.14999,158.55,160.0,217859.0,-0.6211180124223602,3.536977491961415
1568,2013-06-13,NSE:TIMKEN,158.75,161.0,158.55,159.10001,38492.0,-0.5624937500000016,-0.6211180124223602
1569,2013-06-14,NSE:TIMKEN,159.2,161.0,158.64999,159.35001,31127.0,0.15713386818768899,-0.5624937500000016
1570,2013-06-17,NSE:TIMKEN,159.64999,161.39999,159.10001,160.3,19822.0,0.5961656356344213,0.15713386818768899
1571,2013-06-18,NSE:TIMKEN,159.55,165.25,159.10001,160.3,92260.0,0.0,0.5961656356344213
1572,2013-06-19,NSE:TIMKEN,159.0,161.64999,158.5,158.60001,8446.0,-1.060505302557713,0.0
1573,2013-06-20,NSE:TIMKEN,156.2,161.25,156.2,160.0,22558.0,0.8827174727164282,-1.060505302557713
1574,2013-06-21,NSE:TIMKEN,156.0,160.39999,156.0,160.39999,46907.0,0.24999375000000157,0.8827174727164282
1575,2013-06-24,NSE:TIMKEN,159.0,162.0,156.55,158.89999,53341.0,-0.9351621530649721,0.24999375000000157
1576,2013-06-25,NSE:TIMKEN,156.10001,160.89999,156.05,158.75,11854.0,-0.09439270575158784,-0.9351621530649721
1577,2013-06-26,NSE:TIMKEN,156.3,160.45,156.3,160.0,18246.0,0.7874015748031495,-0.09439270575158784
1578,2013-06-27,NSE:TIMKEN,160.45,160.45,158.25,159.7,13387.0,-0.1875000000000071,0.7874015748031495
1579,2013-06-28,NSE:TIMKEN,158.45,162.0,158.45,161.0,8934.0,0.8140262993112157,-0.1875000000000071
1580,2013-07-01,NSE:TIMKEN,159.0,160.75,158.85001,159.89999,7403.0,-0.6832360248447189,0.8140262993112157
1581,2013-07-02,NSE:TIMKEN,160.0,161.7,159.5,160.10001,7099.0,0.1250906894991019,-0.6832360248447189
1582,2013-07-03,NSE:TIMKEN,159.0,160.45,158.10001,158.5,18296.0,-0.9993815740548658,0.1250906894991019
1583,2013-07-04,NSE:TIMKEN,159.89999,160.25,158.64999,158.64999,11034.0,0.0946309148265,-0.9993815740548658
1584,2013-07-05,NSE:TIMKEN,160.39999,160.39999,157.0,157.10001,5211.0,-0.9769808368724163,0.0946309148265
1585,2013-07-08,NSE:TIMKEN,157.0,162.3,156.25,160.2,12521.0,1.973258945050348,-0.9769808368724163
1586,2013-07-09,NSE:TIMKEN,159.8,160.45,158.39999,159.85001,71598.0,-0.21847066167290335,1.973258945050348
1587,2013-07-10,NSE:TIMKEN,159.64999,160.55,158.3,158.3,14211.0,-0.9696652505683211,-0.21847066167290335
1588,2013-07-11,NSE:TIMKEN,159.3,160.5,156.10001,160.39999,14251.0,1.3265887555274738,-0.9696652505683211
1589,2013-07-12,NSE:TIMKEN,159.0,160.0,157.5,159.35001,6785.0,-0.6546010383167761,1.3265887555274738
1590,2013-07-15,NSE:TIMKEN,159.7,168.7,158.85001,165.0,80795.0,3.5456477222687353,-0.6546010383167761
1591,2013-07-16,NSE:TIMKEN,161.45,165.89999,160.10001,161.2,10902.0,-2.30303030303031,3.5456477222687353
1592,2013-07-17,NSE:TIMKEN,162.39999,162.39999,159.75,160.0,10419.0,-0.7444168734491244,-2.30303030303031
1593,2013-07-18,NSE:TIMKEN,160.3,161.10001,159.39999,159.75,2101.0,-0.15625,-0.7444168734491244
1594,2013-07-19,NSE:TIMKEN,160.10001,163.89999,158.60001,159.45,13723.0,-0.18779342723005404,-0.15625
1595,2013-07-22,NSE:TIMKEN,157.25,160.95,156.10001,157.2,9559.0,-1.4111006585136407,-0.18779342723005404
1596,2013-07-23,NSE:TIMKEN,157.5,158.64999,155.35001,156.0,4494.0,-0.763358778625947,-1.4111006585136407
1597,2013-07-24,NSE:TIMKEN,155.8,157.7,154.5,154.7,12419.0,-0.8333333333333406,-0.763358778625947
1598,2013-07-25,NSE:TIMKEN,156.7,161.0,153.55,159.05,12232.0,2.8118939883645915,-0.8333333333333406
1599,2013-07-26,NSE:TIMKEN,158.25,160.45,158.10001,160.45,22639.0,0.880226343916993,2.8118939883645915
1600,2013-07-29,NSE:TIMKEN,158.35001,160.60001,158.0,159.7,249012.0,-0.4674353381115613,0.880226343916993
1601,2013-07-30,NSE:TIMKEN,159.35001,160.60001,159.10001,160.25,18246.0,0.3443957420162877,-0.4674353381115613
1602,2013-07-31,NSE:TIMKEN,158.7,161.0,158.25,158.55,47933.0,-1.0608424336973408,0.3443957420162877
1603,2013-08-01,NSE:TIMKEN,158.5,160.5,158.5,160.5,15649.0,1.2298959318826796,-1.0608424336973408
1604,2013-08-02,NSE:TIMKEN,162.89999,167.0,158.75,160.0,28626.0,-0.3115264797507788,1.2298959318826796
1605,2013-08-05,NSE:TIMKEN,160.10001,163.0,158.75,158.75,14281.0,-0.78125,-0.3115264797507788
1606,2013-08-06,NSE:TIMKEN,158.55,162.39999,153.5,154.89999,88530.0,-2.425203149606298,-0.78125
1607,2013-08-07,NSE:TIMKEN,156.64999,157.0,153.25,154.5,18327.0,-0.2582246777420725,-2.425203149606298
1608,2013-08-08,NSE:TIMKEN,154.89999,157.85001,154.0,154.0,30756.0,-0.3236245954692557,-0.2582246777420725
1609,2013-08-12,NSE:TIMKEN,155.10001,159.0,152.0,153.0,27001.0,-0.6493506493506493,-0.3236245954692557
1610,2013-08-13,NSE:TIMKEN,152.14999,161.25,152.14999,157.0,25794.0,2.6143790849673203,-0.6493506493506493
1611,2013-08-14,NSE:TIMKEN,156.2,162.39999,156.2,160.0,14499.0,1.910828025477707,2.6143790849673203
1612,2013-08-16,NSE:TIMKEN,158.10001,159.89999,152.14999,155.89999,3706.0,-2.5625062499999984,1.910828025477707
1613,2013-08-19,NSE:TIMKEN,152.0,155.0,150.45,151.5,5809.0,-2.822315767948415,-2.5625062499999984
1614,2013-08-20,NSE:TIMKEN,150.0,152.95,148.0,149.8,8267.0,-1.1221122112211146,-2.822315767948415
1615,2013-08-21,NSE:TIMKEN,153.55,154.64999,148.14999,148.64999,10029.0,-0.7676969292389911,-1.1221122112211146
1616,2013-08-22,NSE:TIMKEN,148.5,153.5,148.5,151.0,14452.0,1.5809015527010781,-0.7676969292389911
1617,2013-08-23,NSE:TIMKEN,154.7,157.0,150.55,154.55,10156.0,2.3509933774834515,1.5809015527010781
1618,2013-08-26,NSE:TIMKEN,155.14999,160.89999,154.0,160.89999,21393.0,4.108696214817206,2.3509933774834515
1619,2013-08-27,NSE:TIMKEN,160.45,163.0,158.0,160.0,21612.0,-0.5593474555219068,4.108696214817206
1620,2013-08-28,NSE:TIMKEN,158.0,159.0,154.0,156.8,9253.0,-1.9999999999999927,-0.5593474555219068
1621,2013-08-29,NSE:TIMKEN,160.5,160.5,155.0,155.25,22481.0,-0.9885204081632725,-1.9999999999999927
1622,2013-08-30,NSE:TIMKEN,155.14999,158.0,154.5,154.60001,7099.0,-0.41867310789050083,-0.9885204081632725
1623,2013-09-02,NSE:TIMKEN,154.0,156.45,153.0,155.39999,9335.0,0.5174514542398834,-0.41867310789050083
1624,2013-09-03,NSE:TIMKEN,154.39999,156.8,153.0,155.0,15096.0,-0.2573938389571341,0.5174514542398834
1625,2013-09-04,NSE:TIMKEN,152.3,155.64999,152.3,153.2,2463.0,-1.1612903225806526,-0.2573938389571341
1626,2013-09-05,NSE:TIMKEN,156.55,157.0,155.0,156.75,5719.0,2.31723237597912,-1.1612903225806526
1627,2013-09-06,NSE:TIMKEN,155.55,158.75,154.10001,157.85001,12726.0,0.7017607655502377,2.31723237597912
1628,2013-09-10,NSE:TIMKEN,156.0,160.95,156.0,159.8,14761.0,1.235343602448941,0.7017607655502377
1629,2013-09-11,NSE:TIMKEN,157.14999,160.45,156.60001,157.95,6401.0,-1.1576971214017664,1.235343602448941
1630,2013-09-12,NSE:TIMKEN,157.3,161.0,157.05,158.0,7842.0,0.031655587211149964,-1.1576971214017664
1631,2013-09-13,NSE:TIMKEN,158.0,160.0,156.55,156.75,3362.0,-0.7911392405063291,0.031655587211149964
1632,2013-09-16,NSE:TIMKEN,157.0,158.0,155.14999,157.0,9232.0,0.1594896331738437,-0.7911392405063291
1633,2013-09-17,NSE:TIMKEN,157.95,172.64999,155.14999,165.5,189518.0,5.414012738853503,0.1594896331738437
1634,2013-09-18,NSE:TIMKEN,167.45,168.5,161.64999,163.35001,11163.0,-1.299087613293053,5.414012738853503
1635,2013-09-19,NSE:TIMKEN,163.5,164.0,159.0,160.10001,6668.0,-1.9895927768844337,-1.299087613293053
1636,2013-09-20,NSE:TIMKEN,161.95,161.95,157.25,158.2,16205.0,-1.186764448047198,-1.9895927768844337
1637,2013-09-23,NSE:TIMKEN,159.0,162.39999,156.39999,157.0,5753.0,-0.7585335018963266,-1.186764448047198
1638,2013-09-24,NSE:TIMKEN,158.95,159.35001,154.60001,155.0,6209.0,-1.2738853503184715,-0.7585335018963266
1639,2013-09-25,NSE:TIMKEN,155.10001,157.5,154.60001,154.75,7361.0,-0.16129032258064516,-1.2738853503184715
1640,2013-09-26,NSE:TIMKEN,155.0,157.75,154.05,154.5,9203.0,-0.16155088852988692,-0.16129032258064516
1641,2013-09-27,NSE:TIMKEN,156.39999,158.35001,151.85001,152.14999,18664.0,-1.5210420711974093,-0.16155088852988692
1642,2013-09-30,NSE:TIMKEN,151.10001,154.25,151.10001,153.0,5316.0,0.5586658270565759,-1.5210420711974093
1643,2013-10-01,NSE:TIMKEN,153.85001,157.85001,152.3,154.0,13031.0,0.6535947712418301,0.5586658270565759
1644,2013-10-03,NSE:TIMKEN,155.0,157.5,152.55,156.0,28463.0,1.2987012987012987,0.6535947712418301
1645,2013-10-04,NSE:TIMKEN,157.0,162.0,154.0,158.0,59600.0,1.282051282051282,1.2987012987012987
1646,2013-10-07,NSE:TIMKEN,156.55,162.5,156.05,156.5,13562.0,-0.949367088607595,1.282051282051282
1647,2013-10-08,NSE:TIMKEN,157.0,161.0,156.0,158.5,5683.0,1.2779552715654952,-0.949367088607595
1648,2013-10-09,NSE:TIMKEN,159.25,159.64999,157.8,157.85001,3020.0,-0.41008832807571133,1.2779552715654952
1649,2013-10-10,NSE:TIMKEN,158.0,162.0,157.5,158.25,7382.0,0.25339878027248935,-0.41008832807571133
1650,2013-10-11,NSE:TIMKEN,159.45,160.0,156.7,157.60001,6599.0,-0.4107361769352306,0.25339878027248935
1651,2013-10-14,NSE:TIMKEN,158.0,158.0,155.10001,155.25,8502.0,-1.4911230018322954,-0.4107361769352306
1652,2013-10-15,NSE:TIMKEN,156.3,158.45,153.75,156.5,12052.0,0.8051529790660225,-1.4911230018322954
1653,2013-10-17,NSE:TIMKEN,156.5,158.2,154.0,154.25,6108.0,-1.4376996805111821,0.8051529790660225
1654,2013-10-18,NSE:TIMKEN,154.7,155.60001,153.75,154.5,8823.0,0.1620745542949757,-1.4376996805111821
1655,2013-10-21,NSE:TIMKEN,151.10001,156.0,151.10001,154.5,3114.0,0.0,0.1620745542949757
1656,2013-10-22,NSE:TIMKEN,155.89999,159.7,151.60001,156.25,26645.0,1.132686084142395,0.0
1657,2013-10-23,NSE:TIMKEN,158.64999,158.64999,154.10001,155.0,11464.0,-0.8,1.132686084142395
1658,2013-10-24,NSE:TIMKEN,152.10001,157.89999,152.10001,156.0,9404.0,0.6451612903225806,-0.8
1659,2013-10-25,NSE:TIMKEN,157.3,157.3,154.25,154.55,4168.0,-0.9294871794871722,0.6451612903225806
1660,2013-10-28,NSE:TIMKEN,155.0,157.45,152.89999,153.0,6585.0,-1.00291167906827,-0.9294871794871722
1661,2013-10-29,NSE:TIMKEN,155.5,155.5,153.0,153.5,13190.0,0.32679738562091504,-1.00291167906827
1662,2013-10-30,NSE:TIMKEN,152.25,164.0,152.25,158.5,64056.0,3.257328990228013,0.32679738562091504
1663,2013-10-31,NSE:TIMKEN,159.39999,159.39999,155.89999,156.2,15984.0,-1.4511041009463794,3.257328990228013
1664,2013-11-01,NSE:TIMKEN,156.95,158.3,154.10001,154.85001,36660.0,-0.8642701664532595,-1.4511041009463794
1665,2013-11-05,NSE:TIMKEN,154.05,160.7,154.05,157.89999,47438.0,1.9696350035753984,-0.8642701664532595
1666,2013-11-06,NSE:TIMKEN,160.85001,164.8,159.5,161.85001,48366.0,2.501596105230909,1.9696350035753984
1667,2013-11-07,NSE:TIMKEN,163.25,163.95,159.5,161.0,21478.0,-0.5251837797229655,2.501596105230909
1668,2013-11-08,NSE:TIMKEN,162.5,163.89999,159.05,161.25,115224.0,0.15527950310559005,-0.5251837797229655
1669,2013-11-11,NSE:TIMKEN,163.0,166.95,163.0,165.10001,44656.0,2.387603100775192,0.15527950310559005
1670,2013-11-12,NSE:TIMKEN,166.0,176.5,165.0,168.14999,252781.0,1.847353007428652,2.387603100775192
1671,2013-11-13,NSE:TIMKEN,168.0,172.10001,168.0,169.64999,42319.0,0.892060713176373,1.847353007428652
1672,2013-11-14,NSE:TIMKEN,172.5,174.0,171.2,172.89999,37300.0,1.9157089251817816,0.892060713176373
1673,2013-11-18,NSE:TIMKEN,173.0,178.60001,173.0,175.7,81069.0,1.6194390757338888,1.9157089251817816
1674,2013-11-19,NSE:TIMKEN,176.39999,177.45,172.14999,174.64999,34541.0,-0.5976152532726159,1.6194390757338888
1675,2013-11-20,NSE:TIMKEN,169.95,169.95,163.25,164.8,29020.0,-5.639845728018645,-0.5976152532726159
1676,2013-11-21,NSE:TIMKEN,163.8,164.75,160.10001,161.05,8871.0,-2.2754854368932036,-5.639845728018645
1677,2013-11-22,NSE:TIMKEN,161.0,161.60001,155.5,156.0,16805.0,-3.13567215150575,-2.2754854368932036
1678,2013-11-25,NSE:TIMKEN,157.95,160.10001,156.39999,156.5,17000.0,0.3205128205128205,-3.13567215150575
1679,2013-11-26,NSE:TIMKEN,156.39999,160.0,154.89999,159.0,20349.0,1.5974440894568689,0.3205128205128205
1680,2013-11-27,NSE:TIMKEN,158.0,160.0,153.75,154.0,29128.0,-3.1446540880503147,1.5974440894568689
1681,2013-11-28,NSE:TIMKEN,156.5,158.95,154.10001,155.2,26528.0,0.7792207792207718,-3.1446540880503147
1682,2013-11-29,NSE:TIMKEN,156.0,158.75,155.10001,156.5,17646.0,0.8376288659793889,0.7792207792207718
1683,2013-12-02,NSE:TIMKEN,155.5,162.89999,155.0,159.14999,60751.0,1.6932843450479251,0.8376288659793889
1684,2013-12-03,NSE:TIMKEN,160.0,160.55,157.39999,158.0,4971.0,-0.7225825147711303,1.6932843450479251
1685,2013-12-04,NSE:TIMKEN,157.45,176.10001,157.45,166.7,407404.0,5.506329113924044,-0.7225825147711303
1686,2013-12-05,NSE:TIMKEN,168.8,170.0,163.45,164.0,37448.0,-1.6196760647870359,5.506329113924044
1687,2013-12-06,NSE:TIMKEN,164.2,172.60001,164.10001,167.0,47795.0,1.8292682926829267,-1.6196760647870359
1688,2013-12-09,NSE:TIMKEN,171.0,171.95,164.55,165.5,26262.0,-0.8982035928143712,1.8292682926829267
1689,2013-12-10,NSE:TIMKEN,167.0,170.0,163.05,163.8,27042.0,-1.0271903323262772,-0.8982035928143712
1690,2013-12-11,NSE:TIMKEN,164.89999,168.7,164.8,166.0,40332.0,1.343101343101336,-1.0271903323262772
1691,2013-12-12,NSE:TIMKEN,165.45,168.8,163.2,163.60001,15408.0,-1.4457771084337365,1.343101343101336
1692,2013-12-13,NSE:TIMKEN,164.39999,165.5,160.89999,160.89999,7568.0,-1.6503788722262274,-1.4457771084337365
1693,2013-12-16,NSE:TIMKEN,163.10001,166.0,160.89999,162.39999,32665.0,0.9322561176044821,-1.6503788722262274
1694,2013-12-17,NSE:TIMKEN,164.2,166.0,161.0,161.0,12194.0,-0.8620628609644634,0.9322561176044821
1695,2013-12-18,NSE:TIMKEN,160.0,164.8,160.0,161.39999,13958.0,0.24844099378882145,-0.8620628609644634
1696,2013-12-19,NSE:TIMKEN,162.0,167.2,161.75,165.25,27682.0,2.3853842865789505,0.24844099378882145
1697,2013-12-20,NSE:TIMKEN,166.0,167.3,163.10001,164.64999,33531.0,-0.36309228441754765,2.3853842865789505
1698,2013-12-23,NSE:TIMKEN,165.0,166.0,162.89999,163.5,9968.0,-0.6984452291797907,-0.36309228441754765
1699,2013-12-24,NSE:TIMKEN,163.10001,167.35001,162.3,165.0,32447.0,0.9174311926605505,-0.6984452291797907
1700,2013-12-26,NSE:TIMKEN,163.3,168.64999,163.3,164.8,19183.0,-0.12121212121211432,0.9174311926605505
1701,2013-12-27,NSE:TIMKEN,167.25,172.7,163.25,168.89999,77153.0,2.487858009708732,-0.12121212121211432
1702,2013-12-30,NSE:TIMKEN,170.89999,179.89999,168.0,177.64999,244683.0,5.180580531709919,2.487858009708732
1703,2013-12-31,NSE:TIMKEN,177.95,177.95,171.05,171.7,40483.0,-3.3492768561371795,5.180580531709919
1704,2014-01-01,NSE:TIMKEN,172.8,174.7,170.55,171.3,22037.0,-0.23296447291786682,-3.3492768561371795
1705,2014-01-02,NSE:TIMKEN,170.10001,174.89999,167.05,167.60001,35123.0,-2.1599474605954545,-0.23296447291786682
1706,2014-01-03,NSE:TIMKEN,166.0,169.7,162.35001,164.39999,29092.0,-1.9093196951479867,-2.1599474605954545
1707,2014-01-06,NSE:TIMKEN,163.3,166.0,161.5,162.14999,41295.0,-1.3686132219351108,-1.9093196951479867
1708,2014-01-07,NSE:TIMKEN,162.35001,170.8,161.64999,165.3,89312.0,1.9426519853624467,-1.3686132219351108
1709,2014-01-08,NSE:TIMKEN,165.0,169.14999,163.0,164.0,31244.0,-0.7864488808227533,1.9426519853624467
1710,2014-01-09,NSE:TIMKEN,164.95,167.64999,162.2,163.10001,14738.0,-0.548774390243904,-0.7864488808227533
1711,2014-01-10,NSE:TIMKEN,163.7,165.14999,160.60001,161.89999,18673.0,-0.7357571590584175,-0.548774390243904
1712,2014-01-13,NSE:TIMKEN,161.0,168.95,161.0,164.5,51558.0,1.6059358620096256,-0.7357571590584175
1713,2014-01-14,NSE:TIMKEN,164.0,165.64999,162.0,162.35001,9878.0,-1.3069848024316124,1.6059358620096256
1714,2014-01-15,NSE:TIMKEN,163.45,165.89999,162.39999,162.89999,13161.0,0.338761913226864,-1.3069848024316124
1715,2014-01-16,NSE:TIMKEN,162.85001,165.0,162.10001,162.3,14293.0,-0.36831800910484475,0.338761913226864
1716,2014-01-17,NSE:TIMKEN,162.5,163.7,158.75,159.0,14431.0,-2.033271719038824,-0.36831800910484475
1717,2014-01-20,NSE:TIMKEN,159.05,161.60001,157.45,160.0,6659.0,0.628930817610063,-2.033271719038824
1718,2014-01-21,NSE:TIMKEN,161.85001,161.85001,158.55,159.10001,7162.0,-0.5624937500000016,0.628930817610063
1719,2014-01-22,NSE:TIMKEN,159.8,163.35001,159.0,159.89999,12119.0,0.5028158074911528,-0.5624937500000016
1720,2014-01-23,NSE:TIMKEN,159.05,179.95,158.39999,170.0,608544.0,6.316454428796398,0.5028158074911528
1721,2014-01-24,NSE:TIMKEN,169.10001,173.25,162.64999,164.0,92032.0,-3.5294117647058822,6.316454428796398
1722,2014-01-27,NSE:TIMKEN,162.0,163.0,158.35001,158.85001,33457.0,-3.1402378048780504,-3.5294117647058822
1723,2014-01-28,NSE:TIMKEN,157.05,163.39999,157.05,160.45,30871.0,1.0072331754968042,-3.1402378048780504
1724,2014-01-29,NSE:TIMKEN,160.05,164.0,160.0,160.39999,15986.0,-0.031168588345270257,1.0072331754968042
1725,2014-01-30,NSE:TIMKEN,157.89999,161.5,155.0,158.25,31245.0,-1.340392851645441,-0.031168588345270257
1726,2014-01-31,NSE:TIMKEN,158.7,162.8,158.14999,162.7,22194.0,2.8120063191153166,-1.340392851645441
1727,2014-02-03,NSE:TIMKEN,161.95,161.95,156.5,157.89999,8332.0,-2.9502212661339806,2.8120063191153166
1728,2014-02-04,NSE:TIMKEN,156.0,158.75,155.89999,157.95,9280.0,0.03167194627433866,-2.9502212661339806
1729,2014-02-05,NSE:TIMKEN,157.5,164.75,157.10001,163.0,49487.0,3.1972143083254267,0.03167194627433866
1730,2014-02-06,NSE:TIMKEN,159.0,162.64999,157.39999,160.10001,58711.0,-1.7791349693251548,3.1972143083254267
1731,2014-02-07,NSE:TIMKEN,159.55,164.60001,158.0,162.3,26507.0,1.374134829847927,-1.7791349693251548
1732,2014-02-10,NSE:TIMKEN,161.0,164.8,158.2,163.5,24662.0,0.7393715341959264,1.374134829847927
1733,2014-02-11,NSE:TIMKEN,163.5,163.5,160.35001,162.8,14395.0,-0.4281345565749166,0.7393715341959264
1734,2014-02-12,NSE:TIMKEN,163.0,164.75,161.0,162.95,7556.0,0.09213759213757816,-0.4281345565749166
1735,2014-02-13,NSE:TIMKEN,162.7,163.5,161.0,162.0,8835.0,-0.5830009205277623,0.09213759213757816
1736,2014-02-14,NSE:TIMKEN,160.5,163.5,159.05,161.85001,11390.0,-0.09258641975308797,-0.5830009205277623
1737,2014-02-17,NSE:TIMKEN,162.10001,162.75,160.60001,162.05,21402.0,0.12356502171363096,-0.09258641975308797
1738,2014-02-18,NSE:TIMKEN,160.7,168.89999,160.60001,165.64999,42628.0,2.2215303918543605,0.12356502171363096
1739,2014-02-19,NSE:TIMKEN,167.0,169.7,165.10001,166.8,45834.0,0.6942409112128585,2.2215303918543605
1740,2014-02-20,NSE:TIMKEN,165.14999,173.55,165.14999,170.14999,101563.0,2.0083872901678603,0.6942409112128585
1741,2014-02-21,NSE:TIMKEN,171.10001,177.39999,170.0,171.05,59161.0,0.5289509567411722,2.0083872901678603
1742,2014-02-24,NSE:TIMKEN,170.0,170.89999,166.3,166.8,12900.0,-2.484653610055539,0.5289509567411722
1743,2014-02-25,NSE:TIMKEN,167.7,170.3,167.3,167.60001,12962.0,0.479622302158265,-2.484653610055539
1744,2014-02-26,NSE:TIMKEN,167.95,171.75,166.10001,170.85001,24729.0,1.9391406957553283,0.479622302158265
1745,2014-02-28,NSE:TIMKEN,169.64999,175.25,168.7,170.95,40190.0,0.058525018523552415,1.9391406957553283
1746,2014-03-03,NSE:TIMKEN,169.2,179.0,169.2,176.89999,129129.0,3.480544018718932,0.058525018523552415
1747,2014-03-04,NSE:TIMKEN,177.5,207.0,177.45,200.64999,2034071.0,13.425664976012715,3.480544018718932
1748,2014-03-05,NSE:TIMKEN,202.60001,208.0,196.0,198.14999,782553.0,-1.245950722449575,13.425664976012715
1749,2014-03-06,NSE:TIMKEN,199.10001,200.64999,191.60001,193.25,193416.0,-2.472869163404955,-1.245950722449575
1750,2014-03-07,NSE:TIMKEN,193.8,193.8,186.39999,187.39999,114575.0,-3.0271720569210854,-2.472869163404955
1751,2014-03-10,NSE:TIMKEN,187.89999,203.89999,185.45,199.5,322734.0,6.456782628430235,-3.0271720569210854
1752,2014-03-11,NSE:TIMKEN,199.8,200.45,188.64999,190.60001,95716.0,-4.461147869674187,6.456782628430235
1753,2014-03-12,NSE:TIMKEN,190.3,199.8,188.55,197.35001,179524.0,3.541447872956565,-4.461147869674187
1754,2014-03-13,NSE:TIMKEN,196.25,201.39999,188.60001,190.3,121957.0,-3.572338303909884,3.541447872956565
1755,2014-03-14,NSE:TIMKEN,190.0,195.39999,187.3,190.89999,56307.0,0.3152863899106627,-3.572338303909884
1756,2014-03-18,NSE:TIMKEN,189.3,194.5,188.5,191.10001,44302.0,0.10477737583956656,0.3152863899106627
1757,2014-03-19,NSE:TIMKEN,192.0,198.7,190.0,192.7,121565.0,0.8372527034404609,0.10477737583956656
1758,2014-03-20,NSE:TIMKEN,192.0,201.0,190.2,191.10001,125705.0,-0.8303009859885788,0.8372527034404609
1759,2014-03-21,NSE:TIMKEN,192.0,197.0,191.7,192.89999,61396.0,0.9419047126161872,-0.8303009859885788
1760,2014-03-24,NSE:TIMKEN,191.55,194.60001,190.0,191.35001,32334.0,-0.8035148161490341,0.9419047126161872
1761,2014-03-25,NSE:TIMKEN,190.0,196.2,189.0,192.55,101523.0,0.6271178141041194,-0.8035148161490341
1762,2014-03-26,NSE:TIMKEN,193.7,195.8,187.10001,188.8,74578.0,-1.9475460919241756,0.6271178141041194
1763,2014-03-27,NSE:TIMKEN,187.25,190.89999,183.8,184.35001,385942.0,-2.3569862288135663,-1.9475460919241756
1764,2014-03-28,NSE:TIMKEN,186.45,188.7,183.64999,184.25,49487.0,-0.05425006486302739,-2.3569862288135663
1765,2014-03-31,NSE:TIMKEN,185.7,187.75,181.14999,182.8,53895.0,-0.7869742198100346,-0.05425006486302739
1766,2014-04-01,NSE:TIMKEN,183.2,189.25,183.14999,186.39999,58828.0,1.9693599562363189,-0.7869742198100346
1767,2014-04-02,NSE:TIMKEN,187.0,194.95,186.2,193.7,162017.0,3.91631458778511,1.9693599562363189
1768,2014-04-03,NSE:TIMKEN,195.14999,197.8,193.0,194.3,213536.0,0.30975735673723426,3.91631458778511
1769,2014-04-04,NSE:TIMKEN,195.8,202.7,195.7,198.45,192484.0,2.1358723623262876,0.30975735673723426
1770,2014-04-07,NSE:TIMKEN,199.39999,203.25,195.3,196.64999,63706.0,-0.9070345175107011,2.1358723623262876
1771,2014-04-09,NSE:TIMKEN,196.5,201.0,196.5,197.8,45221.0,0.5848004365522769,-0.9070345175107011
1772,2014-04-10,NSE:TIMKEN,198.0,199.64999,194.25,195.35001,38803.0,-1.2386198179979846,0.5848004365522769
1773,2014-04-11,NSE:TIMKEN,194.0,199.0,193.0,194.60001,32025.0,-0.38392626649980716,-1.2386198179979846
1774,2014-04-15,NSE:TIMKEN,196.0,196.39999,191.8,194.0,80835.0,-0.3083298916582777,-0.38392626649980716
1775,2014-04-16,NSE:TIMKEN,194.25,195.0,191.0,192.8,30138.0,-0.618556701030922,-0.3083298916582777
1776,2014-04-17,NSE:TIMKEN,193.5,204.55,193.5,200.14999,212899.0,3.8122354771784184,-0.618556701030922
1777,2014-04-21,NSE:TIMKEN,200.0,207.75,200.0,201.39999,136634.0,0.624531632502205,3.8122354771784184
1778,2014-04-22,NSE:TIMKEN,202.2,202.8,199.0,201.14999,48984.0,-0.12413108858644929,0.624531632502205
1779,2014-04-23,NSE:TIMKEN,203.0,209.0,202.0,207.25,203472.0,3.03256788628227,-0.12413108858644929
1780,2014-04-25,NSE:TIMKEN,205.0,214.8,204.0,205.0,178211.0,-1.0856453558504222,3.03256788628227
1781,2014-04-28,NSE:TIMKEN,204.0,209.39999,204.0,205.5,59185.0,0.24390243902439024,-1.0856453558504222
1782,2014-04-29,NSE:TIMKEN,206.7,213.8,205.7,206.60001,235468.0,0.5352846715328455,0.24390243902439024
1783,2014-04-30,NSE:TIMKEN,206.05,211.45,198.05,203.10001,125694.0,-1.6940947873139018,0.5352846715328455
1784,2014-05-02,NSE:TIMKEN,204.0,209.0,203.2,205.35001,44980.0,1.1078286012885967,-1.6940947873139018
1785,2014-05-05,NSE:TIMKEN,206.85001,208.5,202.95,204.85001,34967.0,-0.24348671811605951,1.1078286012885967
1786,2014-05-06,NSE:TIMKEN,204.85001,222.3,204.85001,216.55,565149.0,5.711491056309939,-0.24348671811605951
1787,2014-05-07,NSE:TIMKEN,217.45,227.5,215.05,217.45,547244.0,0.41560840452550324,5.711491056309939
1788,2014-05-08,NSE:TIMKEN,218.25,219.0,210.60001,215.25,138818.0,-1.011726833754881,0.41560840452550324
1789,2014-05-09,NSE:TIMKEN,217.5,220.0,213.0,215.2,123289.0,-0.02322880371661388,-1.011726833754881
1790,2014-05-12,NSE:TIMKEN,215.0,217.5,206.14999,210.3,92622.0,-2.276951672862443,-0.02322880371661388
1791,2014-05-13,NSE:TIMKEN,212.2,216.0,210.0,213.3,67026.0,1.426533523537803,-2.276951672862443
1792,2014-05-14,NSE:TIMKEN,213.0,221.0,211.05,215.14999,139346.0,0.8673183309892128,1.426533523537803
1793,2014-05-15,NSE:TIMKEN,216.95,218.39999,212.0,213.95,39641.0,-0.5577457846965337,0.8673183309892128
1794,2014-05-16,NSE:TIMKEN,215.0,218.8,214.85001,216.85001,179030.0,1.3554615564384243,-0.5577457846965337
1795,2014-05-19,NSE:TIMKEN,218.0,228.0,216.0,223.45,126115.0,3.043573758654653,1.3554615564384243
1796,2014-05-20,NSE:TIMKEN,225.2,229.64999,220.3,223.25,72854.0,-0.08950548221078033,3.043573758654653
1797,2014-05-21,NSE:TIMKEN,224.8,233.5,223.5,229.7,138347.0,2.889137737961921,-0.08950548221078033
1798,2014-05-22,NSE:TIMKEN,232.5,238.0,228.10001,229.05,129567.0,-0.2829777971266771,2.889137737961921
1799,2014-05-23,NSE:TIMKEN,230.64999,233.35001,224.0,226.25,56040.0,-1.2224405151713649,-0.2829777971266771
1800,2014-05-26,NSE:TIMKEN,227.0,231.0,221.0,223.5,42040.0,-1.2154696132596685,-1.2224405151713649
1801,2014-05-27,NSE:TIMKEN,224.60001,224.60001,215.0,221.55,18867.0,-0.8724832214765049,-1.2154696132596685
1802,2014-05-28,NSE:TIMKEN,221.0,225.60001,219.05,223.39999,42706.0,0.8350214398555591,-0.8724832214765049
1803,2014-05-29,NSE:TIMKEN,221.55,224.0,219.89999,223.05,23411.0,-0.15666518158751536,0.8350214398555591
1804,2014-05-30,NSE:TIMKEN,220.10001,226.7,220.10001,223.7,39705.0,0.2914144810580485,-0.15666518158751536
1805,2014-06-02,NSE:TIMKEN,223.8,229.35001,222.10001,227.39999,22960.0,1.6539964237818572,0.2914144810580485
1806,2014-06-03,NSE:TIMKEN,228.95,243.25,227.60001,234.10001,679104.0,2.9463589686173663,1.6539964237818572
1807,2014-06-04,NSE:TIMKEN,234.8,240.0,231.0,238.39999,90614.0,1.8368132491750022,2.9463589686173663
1808,2014-06-05,NSE:TIMKEN,238.2,245.0,232.0,237.85001,139637.0,-0.23069631840169333,1.8368132491750022
1809,2014-06-06,NSE:TIMKEN,241.7,244.8,238.0,240.0,52612.0,0.9039268066459204,-0.23069631840169333
1810,2014-06-09,NSE:TIMKEN,240.0,249.5,240.0,246.8,141039.0,2.833333333333338,0.9039268066459204
1811,2014-06-10,NSE:TIMKEN,250.0,254.7,239.0,252.55,85866.0,2.3298217179902756,2.833333333333338
1812,2014-06-11,NSE:TIMKEN,254.7,254.7,240.0,246.3,53051.0,-2.474757473767571,2.3298217179902756
1813,2014-06-12,NSE:TIMKEN,247.95,250.2,241.7,247.64999,34332.0,0.5481079983759607,-2.474757473767571
1814,2014-06-13,NSE:TIMKEN,249.0,252.89999,246.0,249.55,192005.0,0.7672158597704805,0.5481079983759607
1815,2014-06-16,NSE:TIMKEN,248.2,256.39999,243.0,248.75,109632.0,-0.32057703866960985,0.7672158597704805
1816,2014-06-17,NSE:TIMKEN,251.0,264.70001,246.2,258.70001,309114.0,4.000004020100511,-0.32057703866960985
1817,2014-06-18,NSE:TIMKEN,260.20001,277.0,252.0,262.5,250647.0,1.4688789536575508,4.000004020100511
1818,2014-06-19,NSE:TIMKEN,263.35001,268.79999,260.64999,262.64999,38430.0,0.057139047619048575,1.4688789536575508
1819,2014-06-20,NSE:TIMKEN,261.60001,262.85001,249.5,257.0,44946.0,-2.1511479973785654,0.057139047619048575
1820,2014-06-23,NSE:TIMKEN,255.2,259.89999,252.0,257.79999,19399.0,0.3112801556420155,-2.1511479973785654
1821,2014-06-24,NSE:TIMKEN,257.0,264.89999,255.05,261.75,21005.0,1.5321994387975035,0.3112801556420155
1822,2014-06-25,NSE:TIMKEN,263.0,269.70001,261.04999,266.10001,59221.0,1.6618949379178596,1.5321994387975035
1823,2014-06-26,NSE:TIMKEN,268.5,269.0,260.0,261.54999,18400.0,-1.7098909541566787,1.6618949379178596
1824,2014-06-27,NSE:TIMKEN,263.35001,271.60001,261.60001,270.39999,66068.0,3.383674379035542,-1.7098909541566787
1825,2014-06-30,NSE:TIMKEN,271.0,324.45001,271.0,323.60001,920426.0,19.67456433707708,3.383674379035542
1826,2014-07-01,NSE:TIMKEN,328.5,332.0,311.10001,312.89999,354338.0,-3.306557376187966,19.67456433707708
1827,2014-07-02,NSE:TIMKEN,310.25,323.0,309.0,314.04999,118718.0,0.367529573906339,-3.306557376187966
1828,2014-07-03,NSE:TIMKEN,310.70001,315.95001,303.29999,307.10001,62459.0,-2.213017105970926,0.367529573906339
1829,2014-07-04,NSE:TIMKEN,307.85001,319.95001,303.04999,307.04999,84780.0,-0.016287853588808975,-2.213017105970926
1830,2014-07-07,NSE:TIMKEN,308.0,314.89999,303.04999,304.04999,48066.0,-0.977039601922801,-0.016287853588808975
1831,2014-07-08,NSE:TIMKEN,308.95001,312.5,275.04999,282.20001,69818.0,-7.186311698283548,-0.977039601922801
1832,2014-07-09,NSE:TIMKEN,282.20001,302.0,271.10001,287.95001,115440.0,2.037561940554148,-7.186311698283548
1833,2014-07-10,NSE:TIMKEN,288.0,299.0,276.0,286.95001,55252.0,-0.34728250226488966,2.037561940554148
1834,2014-07-11,NSE:TIMKEN,287.0,301.95001,274.0,276.04999,43319.0,-3.798578017125714,-0.34728250226488966
1835,2014-07-14,NSE:TIMKEN,279.89999,280.95001,274.20001,275.35001,31249.0,-0.2535700146194471,-3.798578017125714
1836,2014-07-15,NSE:TIMKEN,276.14999,316.70001,276.14999,310.29999,518863.0,12.692928538480889,-0.2535700146194471
1837,2014-07-16,NSE:TIMKEN,308.0,308.0,292.14999,305.85001,83546.0,-1.4340896369348843,12.692928538480889
1838,2014-07-17,NSE:TIMKEN,303.54999,326.0,302.39999,320.29999,294451.0,4.7245314786813255,-1.4340896369348843
1839,2014-07-18,NSE:TIMKEN,319.0,333.79999,311.0,321.70001,281240.0,0.4370964857039304,4.7245314786813255
1840,2014-07-21,NSE:TIMKEN,325.0,327.89999,317.0,319.60001,65876.0,-0.6527820748280433,0.4370964857039304
1841,2014-07-22,NSE:TIMKEN,321.79999,371.5,318.0,344.79999,1145944.0,7.884849565555389,-0.6527820748280433
1842,2014-07-23,NSE:TIMKEN,345.70001,357.95001,338.0,346.70001,351087.0,0.5510498999724567,7.884849565555389
1843,2014-07-24,NSE:TIMKEN,346.54999,367.5,341.10001,359.14999,474261.0,3.5909949930488843,0.5510498999724567
1844,2014-07-25,NSE:TIMKEN,359.10001,364.79999,334.0,340.25,211425.0,-5.2624225327139795,3.5909949930488843
1845,2014-07-28,NSE:TIMKEN,338.14999,346.60001,326.0,330.45001,72273.0,-2.8802321822189505,-5.2624225327139795
1846,2014-07-30,NSE:TIMKEN,331.0,333.70001,320.79999,324.60001,49428.0,-1.7703131556873073,-2.8802321822189505
1847,2014-07-31,NSE:TIMKEN,325.0,360.79999,325.0,337.35001,584842.0,3.927911154408159,-1.7703131556873073
1848,2014-08-01,NSE:TIMKEN,332.0,336.5,324.60001,326.70001,63142.0,-3.156958554707017,3.927911154408159
1849,2014-08-04,NSE:TIMKEN,324.0,333.0,322.0,323.5,198003.0,-0.9794949195134767,-3.156958554707017
1850,2014-08-05,NSE:TIMKEN,322.25,330.0,318.0,320.25,80079.0,-1.0046367851622875,-0.9794949195134767
1851,2014-08-06,NSE:TIMKEN,316.0,329.0,309.25,311.75,85507.0,-2.6541764246682282,-1.0046367851622875
1852,2014-08-07,NSE:TIMKEN,309.0,320.95001,308.60001,314.35001,75235.0,0.8340048115477138,-2.6541764246682282
1853,2014-08-08,NSE:TIMKEN,305.0,314.0,298.10001,305.04999,115520.0,-2.9584920324958848,0.8340048115477138
1854,2014-08-11,NSE:TIMKEN,305.0,321.95001,303.0,312.70001,85613.0,2.5077922474280494,-2.9584920324958848
1855,2014-08-12,NSE:TIMKEN,311.0,338.35001,311.0,332.64999,443532.0,6.379910253280766,2.5077922474280494
1856,2014-08-13,NSE:TIMKEN,330.60001,337.10001,321.14999,323.35001,141836.0,-2.795725320779359,6.379910253280766
1857,2014-08-14,NSE:TIMKEN,344.10001,372.79999,340.25,363.14999,1445214.0,12.308637318427794,-2.795725320779359
1858,2014-08-18,NSE:TIMKEN,363.89999,396.39999,355.0,391.5,1420034.0,7.806694418468798,12.308637318427794
1859,2014-08-19,NSE:TIMKEN,393.89999,410.64999,381.70001,393.64999,1115678.0,0.5491673052362713,7.806694418468798
1860,2014-08-20,NSE:TIMKEN,394.0,404.89999,386.0,402.29999,453446.0,2.1973835182873946,0.5491673052362713
1861,2014-08-21,NSE:TIMKEN,404.04999,461.60001,402.85001,444.39999,2171503.0,10.464827503475709,2.1973835182873946
1862,2014-08-22,NSE:TIMKEN,448.0,466.89999,440.25,449.10001,817179.0,1.0576102848247126,10.464827503475709
1863,2014-08-25,NSE:TIMKEN,451.10001,459.0,435.79999,440.79999,294931.0,-1.8481451380951912,1.0576102848247126
1864,2014-08-26,NSE:TIMKEN,440.0,474.0,440.0,458.95001,1119222.0,4.117518242230459,-1.8481451380951912
1865,2014-08-27,NSE:TIMKEN,462.95001,483.10001,455.10001,460.79999,597990.0,0.4030896524002602,4.117518242230459
1866,2014-08-28,NSE:TIMKEN,463.89999,467.0,436.29999,439.70001,351233.0,-4.578988814648186,0.4030896524002602
1867,2014-09-01,NSE:TIMKEN,443.10001,449.89999,425.39999,429.89999,298133.0,-2.2287968562930023,-4.578988814648186
1868,2014-09-02,NSE:TIMKEN,432.0,434.70001,418.25,422.29999,410819.0,-1.7678530301896547,-2.2287968562930023
1869,2014-09-03,NSE:TIMKEN,424.79999,434.5,417.39999,419.70001,393410.0,-0.6156713382825227,-1.7678530301896547
1870,2014-09-04,NSE:TIMKEN,420.70001,424.35001,412.0,415.95001,170022.0,-0.8934953325352553,-0.6156713382825227
1871,2014-09-05,NSE:TIMKEN,411.89999,436.39999,411.79999,426.14999,410065.0,2.452212947416441,-0.8934953325352553
1872,2014-09-08,NSE:TIMKEN,429.14999,431.0,422.0,424.60001,118917.0,-0.3637170095909201,2.452212947416441
1873,2014-09-09,NSE:TIMKEN,420.5,434.0,419.35001,425.25,529549.0,0.15308289794906094,-0.3637170095909201
1874,2014-09-10,NSE:TIMKEN,425.0,433.0,420.29999,424.14999,167003.0,-0.2586737213403874,0.15308289794906094
1875,2014-09-11,NSE:TIMKEN,425.35001,430.20001,423.5,426.04999,180361.0,0.44795474355663123,-0.2586737213403874
1876,2014-09-12,NSE:TIMKEN,427.0,433.14999,423.0,426.54999,264474.0,0.11735712046372773,0.44795474355663123
1877,2014-09-15,NSE:TIMKEN,429.39999,431.0,413.10001,417.45001,182661.0,-2.1333912116607854,0.11735712046372773
1878,2014-09-16,NSE:TIMKEN,418.0,421.0,373.29999,388.5,149991.0,-6.934964500300292,-2.1333912116607854
1879,2014-09-17,NSE:TIMKEN,399.0,399.79999,385.20001,389.70001,91077.0,0.3088828828828881,-6.934964500300292
1880,2014-09-18,NSE:TIMKEN,389.79999,424.0,381.14999,415.10001,326338.0,6.517834064207485,0.3088828828828881
1881,2014-09-19,NSE:TIMKEN,416.5,440.5,411.0,418.89999,624468.0,0.9154372219841684,6.517834064207485
1882,2014-09-22,NSE:TIMKEN,417.0,430.04999,413.54999,418.45001,185766.0,-0.10741943440962656,0.9154372219841684
1883,2014-09-23,NSE:TIMKEN,420.79999,422.39999,395.20001,399.10001,124615.0,-4.624208277590918,-0.10741943440962656
1884,2014-09-24,NSE:TIMKEN,395.0,404.39999,387.0,394.0,115150.0,-1.2778776928619966,-4.624208277590918
1885,2014-09-25,NSE:TIMKEN,390.20001,398.39999,371.5,378.14999,89132.0,-4.0228451776649745,-1.2778776928619966
1886,2014-09-26,NSE:TIMKEN,375.10001,407.5,375.10001,402.25,350314.0,6.373135167873468,-4.0228451776649745
1887,2014-09-29,NSE:TIMKEN,403.0,414.0,396.04999,406.20001,184889.0,0.9819788688626527,6.373135167873468
1888,2014-09-30,NSE:TIMKEN,403.54999,422.85001,401.04999,417.04999,228663.0,2.6710929918490054,0.9819788688626527
1889,2014-10-01,NSE:TIMKEN,415.25,418.60001,403.0,404.10001,84089.0,-3.105138547060026,2.6710929918490054
1890,2014-10-07,NSE:TIMKEN,401.0,408.70001,395.60001,397.85001,48150.0,-1.5466468313128723,-3.105138547060026
1891,2014-10-08,NSE:TIMKEN,394.0,401.75,389.10001,395.0,74943.0,-0.716352878814807,-1.5466468313128723
1892,2014-10-09,NSE:TIMKEN,395.0,412.75,395.0,408.0,92801.0,3.2911392405063293,-0.716352878814807
1893,2014-10-10,NSE:TIMKEN,404.0,404.0,393.0,393.60001,77815.0,-3.5294093137254907,3.2911392405063293
1894,2014-10-13,NSE:TIMKEN,392.89999,402.0,384.89999,393.79999,77667.0,0.05080792553841203,-3.5294093137254907
1895,2014-10-14,NSE:TIMKEN,395.89999,402.60001,390.0,391.95001,42901.0,-0.46977654824215703,0.05080792553841203
1896,2014-10-16,NSE:TIMKEN,392.0,394.70001,382.04999,384.75,64765.0,-1.8369715056264495,-0.46977654824215703
1897,2014-10-17,NSE:TIMKEN,387.0,393.04999,380.0,386.5,57036.0,0.4548408057179987,-1.8369715056264495
1898,2014-10-20,NSE:TIMKEN,392.0,399.0,386.0,388.79999,32745.0,0.5950815006468253,0.4548408057179987
1899,2014-10-21,NSE:TIMKEN,385.0,397.75,384.89999,391.10001,30330.0,0.5915689452564075,0.5950815006468253
1900,2014-10-22,NSE:TIMKEN,392.0,399.79999,389.10001,392.35001,85528.0,0.31961134442313105,0.5915689452564075
1901,2014-10-23,NSE:TIMKEN,395.0,403.0,394.10001,400.20001,43704.0,2.0007645724285883,0.31961134442313105
1902,2014-10-27,NSE:TIMKEN,399.0,430.0,394.10001,423.79999,329805.0,5.897046329409126,2.0007645724285883
1903,2014-10-28,NSE:TIMKEN,426.5,434.0,411.79999,417.29999,812872.0,-1.5337423674785835,5.897046329409126
1904,2014-10-29,NSE:TIMKEN,420.60001,421.54999,407.0,415.89999,129535.0,-0.3354900631557593,-1.5337423674785835
1905,2014-10-30,NSE:TIMKEN,417.0,418.85001,407.0,408.89999,78852.0,-1.683096938761648,-0.3354900631557593
1906,2014-10-31,NSE:TIMKEN,410.0,420.0,410.0,416.10001,175122.0,1.7608266510351331,-1.683096938761648
1907,2014-11-03,NSE:TIMKEN,418.0,423.45001,414.0,415.39999,103496.0,-0.1682335936497562,1.7608266510351331
1908,2014-11-05,NSE:TIMKEN,417.25,420.10001,408.25,410.70001,87958.0,-1.1314347889127254,-0.1682335936497562
1909,2014-11-07,NSE:TIMKEN,412.39999,426.79999,406.79999,420.75,480634.0,2.447039141781365,-1.1314347889127254
1910,2014-11-10,NSE:TIMKEN,424.85001,433.10001,415.25,418.25,359749.0,-0.5941770647653001,2.447039141781365
1911,2014-11-11,NSE:TIMKEN,434.39999,438.60001,408.0,411.60001,1035469.0,-1.589955768081292,-0.5941770647653001
1912,2014-11-12,NSE:TIMKEN,412.5,422.0,408.0,409.85001,447001.0,-0.4251700576975204,-1.589955768081292
1913,2014-11-13,NSE:TIMKEN,412.79999,438.70001,411.70001,428.85001,870193.0,4.635842268248328,-0.4251700576975204
1914,2014-11-14,NSE:TIMKEN,433.0,448.0,426.70001,441.64999,784301.0,2.984721861146746,4.635842268248328
1915,2014-11-17,NSE:TIMKEN,441.5,455.60001,441.5,451.35001,460232.0,2.1963138728928753,2.984721861146746
1916,2014-11-18,NSE:TIMKEN,453.79999,459.89999,445.0,453.64999,252884.0,0.50957792157798,2.1963138728928753
1917,2014-11-19,NSE:TIMKEN,456.0,466.5,447.20001,448.5,451997.0,-1.135234236420903,0.50957792157798
1918,2014-11-20,NSE:TIMKEN,449.0,479.60001,447.14999,475.39999,578847.0,5.997768115942029,-1.135234236420903
1919,2014-11-21,NSE:TIMKEN,492.0,507.60001,487.5,492.89999,1527025.0,3.6811107211003518,5.997768115942029
1920,2014-11-24,NSE:TIMKEN,494.70001,496.75,477.29999,479.39999,248346.0,-2.738892325804267,3.6811107211003518
1921,2014-11-25,NSE:TIMKEN,479.39999,479.39999,451.20001,469.85001,286069.0,-1.9920692947865946,-2.738892325804267
1922,2014-11-26,NSE:TIMKEN,471.14999,494.0,465.5,481.10001,439866.0,2.3943811345241857,-1.9920692947865946
1923,2014-11-27,NSE:TIMKEN,482.5,486.04999,471.10001,477.29999,141783.0,-0.7898607193959564,2.3943811345241857
1924,2014-11-28,NSE:TIMKEN,472.0,487.79999,472.0,476.35001,158817.0,-0.19903205948107863,-0.7898607193959564
1925,2014-12-01,NSE:TIMKEN,478.5,484.60001,465.10001,469.20001,166828.0,-1.5009971344390183,-0.19903205948107863
1926,2014-12-02,NSE:TIMKEN,464.54999,474.70001,462.60001,471.14999,111728.0,0.4155967515857432,-1.5009971344390183
1927,2014-12-03,NSE:TIMKEN,468.10001,485.0,466.0,481.95001,275020.0,2.2922679039004157,0.4155967515857432
1928,2014-12-04,NSE:TIMKEN,485.0,493.89999,473.75,489.39999,300833.0,1.5457993247058928,2.2922679039004157
1929,2014-12-05,NSE:TIMKEN,487.0,495.89999,478.54999,480.60001,197520.0,-1.7981160972234602,1.5457993247058928
1930,2014-12-08,NSE:TIMKEN,481.5,485.45001,473.04999,476.39999,108938.0,-0.8739117587617186,-1.7981160972234602
1931,2014-12-09,NSE:TIMKEN,474.0,483.75,462.0,469.5,139534.0,-1.4483606517288135,-0.8739117587617186
1932,2014-12-10,NSE:TIMKEN,466.5,475.95001,466.0,473.29999,75554.0,0.8093695420660234,-1.4483606517288135
1933,2014-12-11,NSE:TIMKEN,469.0,475.04999,462.54999,471.14999,81813.0,-0.4542573516640001,0.8093695420660234
1934,2014-12-12,NSE:TIMKEN,468.39999,489.79999,468.39999,477.25,333670.0,1.2947065965129274,-0.4542573516640001
1935,2014-12-15,NSE:TIMKEN,473.95001,503.70001,468.0,489.29999,438525.0,2.524880041906753,1.2947065965129274
1936,2014-12-16,NSE:TIMKEN,483.0,486.5,467.20001,470.0,121311.0,-3.944408419055962,2.524880041906753
1937,2014-12-17,NSE:TIMKEN,467.5,480.0,448.0,468.89999,159667.0,-0.23404468085106328,-3.944408419055962
1938,2014-12-18,NSE:TIMKEN,473.29999,498.70001,473.29999,496.04999,236593.0,5.79014727639469,-0.23404468085106328
1939,2014-12-19,NSE:TIMKEN,502.0,523.29999,491.10001,498.70001,514388.0,0.5342243833126659,5.79014727639469
1940,2014-12-22,NSE:TIMKEN,497.0,522.70001,487.14999,518.0,281106.0,3.870060078803684,0.5342243833126659
1941,2014-12-23,NSE:TIMKEN,525.0,530.70001,506.10001,509.10001,333030.0,-1.7181447876447882,3.870060078803684
1942,2014-12-24,NSE:TIMKEN,512.90002,517.0,503.25,507.25,110462.0,-0.36338832521335,-1.7181447876447882
1943,2014-12-26,NSE:TIMKEN,510.0,511.64999,501.35001,504.54999,67543.0,-0.5322838836865491,-0.36338832521335
1944,2014-12-29,NSE:TIMKEN,507.20001,515.84998,504.14999,513.65002,128407.0,1.8035933367078376,-0.5322838836865491
1945,2014-12-30,NSE:TIMKEN,515.0,518.45001,508.0,511.0,74804.0,-0.5159193802815466,1.8035933367078376
1946,2014-12-31,NSE:TIMKEN,508.0,516.25,508.0,513.84998,94476.0,0.5577260273972523,-0.5159193802815466
1947,2015-01-01,NSE:TIMKEN,514.20001,542.95001,509.0,529.15002,613001.0,2.977530523597584,0.5577260273972523
1948,2015-01-02,NSE:TIMKEN,529.90002,534.5,523.25,526.70001,225891.0,-0.46300858119593763,2.977530523597584
1949,2015-01-05,NSE:TIMKEN,527.59998,527.59998,515.09998,518.25,124871.0,-1.604330708100807,-0.46300858119593763
1950,2015-01-06,NSE:TIMKEN,514.0,519.59998,495.25,501.45001,124768.0,-3.2416767969126834,-1.604330708100807
1951,2015-01-07,NSE:TIMKEN,503.0,509.0,493.0,504.14999,98746.0,0.5384345290969248,-3.2416767969126834
1952,2015-01-08,NSE:TIMKEN,507.54999,516.0,506.20001,507.95001,95093.0,0.7537479074431833,0.5384345290969248
1953,2015-01-09,NSE:TIMKEN,512.95001,515.70001,505.04999,508.0,114334.0,0.009841519640875639,0.7537479074431833
1954,2015-01-12,NSE:TIMKEN,508.5,515.84998,503.35001,512.5,133340.0,0.8858267716535433,0.009841519640875639
1955,2015-01-13,NSE:TIMKEN,515.0,515.5,504.64999,508.5,80236.0,-0.7804878048780488,0.8858267716535433
1956,2015-01-14,NSE:TIMKEN,509.0,514.70001,504.0,511.79999,62352.0,0.6489655850540766,-0.7804878048780488
1957,2015-01-15,NSE:TIMKEN,515.0,522.0,507.04999,509.79999,143079.0,-0.3907776551539206,0.6489655850540766
1958,2015-01-16,NSE:TIMKEN,510.70001,515.09998,507.54999,509.14999,47873.0,-0.12750098327777082,-0.3907776551539206
1959,2015-01-19,NSE:TIMKEN,512.70001,519.0,506.5,509.04999,84788.0,-0.019640577818733285,-0.12750098327777082
1960,2015-01-20,NSE:TIMKEN,510.0,514.75,504.10001,506.5,38920.0,-0.5009311560933298,-0.019640577818733285
1961,2015-01-21,NSE:TIMKEN,509.70001,526.0,507.25,514.70001,288141.0,1.6189555774926003,-0.5009311560933298
1962,2015-01-22,NSE:TIMKEN,516.0,525.40002,511.70001,515.90002,142969.0,0.233147460012682,1.6189555774926003
1963,2015-01-23,NSE:TIMKEN,517.04999,524.90002,509.14999,511.70001,124747.0,-0.8141131686717167,0.233147460012682
1964,2015-01-27,NSE:TIMKEN,516.59998,519.0,507.5,514.90002,128975.0,0.6253683676887206,-0.8141131686717167
1965,2015-01-28,NSE:TIMKEN,515.0,543.65002,514.5,532.34998,454700.0,3.388999674150317,0.6253683676887206
1966,2015-01-29,NSE:TIMKEN,530.0,548.70001,527.54999,541.75,255693.0,1.7657594351745898,3.388999674150317
1967,2015-01-30,NSE:TIMKEN,544.0,546.54999,527.0,536.84998,69454.0,-0.9044799261652128,1.7657594351745898
1968,2015-02-02,NSE:TIMKEN,535.0,552.0,532.04999,548.79999,150997.0,2.2259496032765096,-0.9044799261652128
1969,2015-02-03,NSE:TIMKEN,552.0,553.90002,539.0,543.79999,110696.0,-0.9110787338024552,2.2259496032765096
1970,2015-02-04,NSE:TIMKEN,561.0,566.79999,536.09998,541.04999,401118.0,-0.5057006345292504,-0.9110787338024552
1971,2015-02-05,NSE:TIMKEN,540.0,543.34998,527.0,530.04999,70214.0,-2.033083856077698,-0.5057006345292504
1972,2015-02-06,NSE:TIMKEN,530.0,535.45001,511.5,514.29999,58122.0,-2.9714178468336545,-2.033083856077698
1973,2015-02-09,NSE:TIMKEN,509.64999,515.5,501.5,506.85001,69241.0,-1.4485670124162326,-2.9714178468336545
1974,2015-02-10,NSE:TIMKEN,508.70001,518.90002,500.0,509.0,60572.0,0.4241866346219471,-1.4485670124162326
1975,2015-02-11,NSE:TIMKEN,505.10001,512.65002,503.60001,506.20001,56150.0,-0.5500962671905658,0.4241866346219471
1976,2015-02-12,NSE:TIMKEN,509.89999,514.79999,508.85001,511.5,39407.0,1.047014993144702,-0.5500962671905658
1977,2015-02-13,NSE:TIMKEN,516.0,533.34998,506.0,526.70001,141127.0,2.9716539589442856,1.047014993144702
1978,2015-02-16,NSE:TIMKEN,530.0,570.0,522.5,563.59998,368370.0,7.005879874579827,2.9716539589442856
1979,2015-02-18,NSE:TIMKEN,566.45001,568.59998,546.29999,551.75,124079.0,-2.10255152954405,7.005879874579827
1980,2015-02-19,NSE:TIMKEN,553.29999,554.5,534.65002,543.20001,70417.0,-1.5496130493883062,-2.10255152954405
1981,2015-02-20,NSE:TIMKEN,542.90002,575.0,534.45001,550.54999,332622.0,1.353089076710429,-1.5496130493883062
1982,2015-02-23,NSE:TIMKEN,557.0,569.0,546.34998,550.59998,113486.0,0.009080011063115227,1.353089076710429
1983,2015-02-24,NSE:TIMKEN,551.0,558.29999,536.25,539.15002,84952.0,-2.0795423930091537,0.009080011063115227
1984,2015-02-25,NSE:TIMKEN,542.59998,551.0,531.0,540.59998,70163.0,0.2689344238547778,-2.0795423930091537
1985,2015-02-26,NSE:TIMKEN,537.20001,544.70001,525.25,533.09998,50885.0,-1.3873474431131132,0.2689344238547778
1986,2015-02-27,NSE:TIMKEN,537.0,557.75,532.15002,544.90002,152949.0,2.213475978746066,-1.3873474431131132
1987,2015-02-28,NSE:TIMKEN,550.5,553.04999,533.5,541.5,48981.0,-0.623971347991516,2.213475978746066
1988,2015-03-02,NSE:TIMKEN,543.90002,555.0,534.09998,549.25,92548.0,1.4312096029547554,-0.623971347991516
1989,2015-03-03,NSE:TIMKEN,552.0,589.0,545.20001,572.95001,574141.0,4.314976786527086,1.4312096029547554
1990,2015-03-04,NSE:TIMKEN,575.90002,578.0,553.29999,556.25,146991.0,-2.9147412005455795,4.314976786527086
1991,2015-03-05,NSE:TIMKEN,555.5,568.70001,550.95001,561.09998,83464.0,0.8719065168539254,-2.9147412005455795
1992,2015-03-09,NSE:TIMKEN,558.70001,566.70001,547.09998,551.34998,80755.0,-1.7376582333864992,0.8719065168539254
1993,2015-03-10,NSE:TIMKEN,553.84998,573.90002,550.09998,560.65002,129861.0,1.6867761562265917,-1.7376582333864992
1994,2015-03-11,NSE:TIMKEN,558.0,579.0,558.0,564.25,152515.0,0.6421082442840115,1.6867761562265917
1995,2015-03-12,NSE:TIMKEN,568.95001,574.79999,563.25,565.04999,59287.0,0.14177935312361184,0.6421082442840115
1996,2015-03-13,NSE:TIMKEN,565.0,570.0,551.15002,555.04999,76734.0,-1.7697549202682052,0.14177935312361184
1997,2015-03-16,NSE:TIMKEN,559.90002,559.90002,542.95001,550.40002,35333.0,-0.8377569739258872,-1.7697549202682052
1998,2015-03-17,NSE:TIMKEN,554.25,557.70001,547.25,549.90002,44339.0,-0.09084301995483211,-0.8377569739258872
1999,2015-03-18,NSE:TIMKEN,550.0,573.0,548.04999,567.25,126773.0,3.1551153607886686,-0.09084301995483211
2000,2015-03-19,NSE:TIMKEN,569.0,584.45001,564.95001,574.09998,91193.0,1.2075769061260395,3.1551153607886686
2001,2015-03-20,NSE:TIMKEN,577.75,584.40002,561.04999,564.90002,87859.0,-1.602501362219159,1.2075769061260395
2002,2015-03-23,NSE:TIMKEN,567.0,575.0,559.5,565.04999,84961.0,0.026548060663892228,-1.602501362219159
2003,2015-03-24,NSE:TIMKEN,563.0,578.0,563.0,569.95001,94915.0,0.8671834504412681,0.026548060663892228
2004,2015-03-25,NSE:TIMKEN,568.0,577.70001,563.40002,565.70001,49426.0,-0.7456794324821575,0.8671834504412681
2005,2015-03-26,NSE:TIMKEN,564.0,573.0,560.54999,564.09998,39839.0,-0.2828407233013944,-0.7456794324821575
2006,2015-03-27,NSE:TIMKEN,565.54999,569.95001,552.70001,561.84998,45475.0,-0.3988654635300643,-0.2828407233013944
2007,2015-03-30,NSE:TIMKEN,563.0,582.90002,563.0,579.29999,63288.0,3.1058130499533028,-0.3988654635300643
2008,2015-03-31,NSE:TIMKEN,583.75,637.0,582.20001,611.09998,570652.0,5.489382107532918,3.1058130499533028
2009,2015-04-01,NSE:TIMKEN,611.15002,650.04999,609.0,639.59998,359615.0,4.663721311200174,5.489382107532918
2010,2015-04-06,NSE:TIMKEN,639.0,654.0,629.34998,635.20001,197821.0,-0.6879252873022197,4.663721311200174
2011,2015-04-07,NSE:TIMKEN,636.90002,644.59998,627.45001,638.09998,102817.0,0.45654438827857374,-0.6879252873022197
2012,2015-04-08,NSE:TIMKEN,647.0,669.0,640.79999,652.75,321610.0,2.2958815952321516,0.45654438827857374
2013,2015-04-09,NSE:TIMKEN,653.0,665.0,634.34998,645.20001,181103.0,-1.1566434316353857,2.2958815952321516
2014,2015-04-10,NSE:TIMKEN,646.0,659.84998,640.65002,643.5,83960.0,-0.2634857367717679,-1.1566434316353857
2015,2015-04-13,NSE:TIMKEN,649.0,654.29999,643.0,645.75,62078.0,0.34965034965034963,-0.2634857367717679
2016,2015-04-15,NSE:TIMKEN,646.0,656.90002,630.29999,636.04999,96254.0,-1.5021308555942734,0.34965034965034963
2017,2015-04-16,NSE:TIMKEN,639.0,643.45001,630.09998,634.5,69904.0,-0.24368996531231452,-1.5021308555942734
2018,2015-04-17,NSE:TIMKEN,640.0,640.0,614.54999,620.09998,46076.0,-2.2695066981875556,-0.24368996531231452
2019,2015-04-20,NSE:TIMKEN,614.0,618.15002,590.0,598.79999,53611.0,-3.434928348167336,-2.2695066981875556
2020,2015-04-21,NSE:TIMKEN,598.34998,619.0,586.0,610.29999,74605.0,1.9205077141033353,-3.434928348167336
2021,2015-04-22,NSE:TIMKEN,615.0,661.79999,615.0,621.29999,525062.0,1.8023922956315301,1.9205077141033353
2022,2015-04-23,NSE:TIMKEN,624.90002,632.90002,611.70001,618.09998,84846.0,-0.5150507084347483,1.8023922956315301
2023,2015-04-24,NSE:TIMKEN,619.04999,619.04999,590.0,594.95001,68800.0,-3.7453439166912674,-0.5150507084347483
2024,2015-04-27,NSE:TIMKEN,597.0,600.70001,562.09998,585.95001,108044.0,-1.5127321369403792,-3.7453439166912674
2025,2015-04-28,NSE:TIMKEN,577.09998,599.0,571.20001,596.34998,64476.0,1.7748903187150622,-1.5127321369403792
2026,2015-04-29,NSE:TIMKEN,593.09998,609.5,593.0,600.04999,59508.0,0.620442713857393,1.7748903187150622
2027,2015-04-30,NSE:TIMKEN,598.0,599.90002,581.0,592.90002,39185.0,-1.1915623896602248,0.620442713857393
2028,2015-05-04,NSE:TIMKEN,598.90002,640.0,593.09998,620.90002,81175.0,4.722550017792207,-1.1915623896602248
2029,2015-05-05,NSE:TIMKEN,618.0,631.0,608.20001,623.90002,99657.0,0.4831695769634538,4.722550017792207
2030,2015-05-06,NSE:TIMKEN,623.95001,629.34998,601.09998,603.79999,53112.0,-3.2216748446329686,0.4831695769634538
2031,2015-05-07,NSE:TIMKEN,603.34998,607.09998,573.40002,585.90002,49730.0,-2.9645528811618465,-3.2216748446329686
2032,2015-05-08,NSE:TIMKEN,594.0,610.09998,594.0,606.04999,55268.0,3.439148201428622,-2.9645528811618465
2033,2015-05-11,NSE:TIMKEN,612.34998,612.34998,600.25,604.0,38162.0,-0.33825427503100525,3.439148201428622
2034,2015-05-12,NSE:TIMKEN,602.0,604.20001,587.0,591.15002,39777.0,-2.1274801324503243,-0.33825427503100525
2035,2015-05-13,NSE:TIMKEN,598.0,598.79999,588.59998,594.20001,40279.0,0.5159417908841447,-2.1274801324503243
2036,2015-05-14,NSE:TIMKEN,585.09998,594.84998,584.90002,592.40002,27017.0,-0.30292661893425077,0.5159417908841447
2037,2015-05-15,NSE:TIMKEN,593.90002,604.90002,590.20001,592.04999,26577.0,-0.059086763704035775,-0.30292661893425077
2038,2015-05-18,NSE:TIMKEN,598.04999,599.40002,579.0,582.0,73738.0,-1.6974901055230116,-0.059086763704035775
2039,2015-05-19,NSE:TIMKEN,583.90002,604.79999,583.0,599.15002,60603.0,2.9467388316151273,-1.6974901055230116
2040,2015-05-20,NSE:TIMKEN,600.84998,610.0,600.0,605.79999,42412.0,1.109900655598733,2.9467388316151273
2041,2015-05-21,NSE:TIMKEN,608.0,623.70001,593.59998,615.0,79221.0,1.5186546965773342,1.109900655598733
2042,2015-05-22,NSE:TIMKEN,618.0,624.79999,601.0,615.20001,69373.0,0.03252195121951548,1.5186546965773342
2043,2015-05-25,NSE:TIMKEN,618.54999,618.54999,591.20001,600.09998,105344.0,-2.454491182469269,0.03252195121951548
2044,2015-05-26,NSE:TIMKEN,603.75,609.0,599.0,601.15002,31802.0,0.17497750958100033,-2.454491182469269
2045,2015-05-27,NSE:TIMKEN,597.34998,602.45001,592.95001,595.25,185792.0,-0.9814555108889524,0.17497750958100033
2046,2015-05-28,NSE:TIMKEN,602.0,606.45001,591.04999,593.04999,34879.0,-0.3695942881142411,-0.9814555108889524
2047,2015-05-29,NSE:TIMKEN,596.5,634.79999,592.0,623.59998,180581.0,5.1513347129472145,-0.3695942881142411
2048,2015-06-01,NSE:TIMKEN,625.0,644.95001,625.0,636.09998,122343.0,2.004490122017002,5.1513347129472145
2049,2015-06-02,NSE:TIMKEN,649.54999,651.70001,612.15002,617.20001,103904.0,-2.971226315712184,2.004490122017002
2050,2015-06-03,NSE:TIMKEN,618.5,620.0,582.5,593.59998,72024.0,-3.8237248246318174,-2.971226315712184
2051,2015-06-04,NSE:TIMKEN,598.84998,607.0,587.5,602.20001,29420.0,1.4487921647167274,-3.8237248246318174
2052,2015-06-05,NSE:TIMKEN,602.0,614.59998,596.20001,601.75,29508.0,-0.07472766398659146,1.4487921647167274
2053,2015-06-08,NSE:TIMKEN,608.95001,608.95001,590.0,592.84998,31089.0,-1.4790228500207794,-0.07472766398659146
2054,2015-06-09,NSE:TIMKEN,590.04999,600.0,585.09998,588.25,37264.0,-0.7759096154477327,-1.4790228500207794
2055,2015-06-10,NSE:TIMKEN,596.45001,599.95001,582.5,584.90002,41274.0,-0.5694823629409196,-0.7759096154477327
2056,2015-06-11,NSE:TIMKEN,592.65002,593.59998,568.09998,576.29999,26346.0,-1.4703418885162733,-0.5694823629409196
2057,2015-06-12,NSE:TIMKEN,577.0,577.0,555.04999,562.95001,31875.0,-2.3164983917490543,-1.4703418885162733
2058,2015-06-15,NSE:TIMKEN,565.09998,569.25,560.09998,564.79999,23361.0,0.3286224295475116,-2.3164983917490543
2059,2015-06-16,NSE:TIMKEN,564.0,574.79999,558.40002,565.34998,25050.0,0.09737783458529803,0.3286224295475116
2060,2015-06-17,NSE:TIMKEN,569.90002,588.75,567.0,579.09998,34268.0,2.432121780565023,0.09737783458529803
2061,2015-06-18,NSE:TIMKEN,580.09998,592.0,577.0,582.04999,23406.0,0.509412899651632,2.432121780565023
2062,2015-06-19,NSE:TIMKEN,582.15002,604.75,582.15002,586.04999,65611.0,0.6872261951245803,0.509412899651632
2063,2015-06-22,NSE:TIMKEN,589.0,595.0,585.0,589.29999,24973.0,0.5545602005726508,0.6872261951245803
2064,2015-06-23,NSE:TIMKEN,591.0,595.0,585.09998,586.59998,23600.0,-0.4581724157164877,0.5545602005726508
2065,2015-06-24,NSE:TIMKEN,586.54999,593.0,576.0,579.20001,26228.0,-1.261501918223717,-0.4581724157164877
2066,2015-06-25,NSE:TIMKEN,578.84998,584.75,571.54999,576.70001,19945.0,-0.4316298268019712,-1.261501918223717
2067,2015-06-26,NSE:TIMKEN,575.0,581.40002,570.0,579.15002,19439.0,0.42483266126525987,-0.4316298268019712
2068,2015-06-29,NSE:TIMKEN,572.95001,572.95001,561.29999,566.59998,17884.0,-2.1669756654761194,0.42483266126525987
2069,2015-06-30,NSE:TIMKEN,568.0,582.40002,562.04999,577.09998,20285.0,1.8531592606127518,-2.1669756654761194
2070,2015-07-01,NSE:TIMKEN,583.5,590.5,575.5,583.29999,37863.0,1.074338973291945,1.8531592606127518
2071,2015-07-02,NSE:TIMKEN,594.0,594.0,575.5,576.54999,23489.0,-1.1572090032094806,1.074338973291945
2072,2015-07-03,NSE:TIMKEN,577.79999,582.0,565.25,566.75,41777.0,-1.6997641436087754,-1.1572090032094806
2073,2015-07-06,NSE:TIMKEN,566.0,572.0,558.29999,566.84998,28494.0,0.017640935156587483,-1.6997641436087754
2074,2015-07-07,NSE:TIMKEN,567.90002,580.0,567.15002,571.95001,26210.0,0.8997142418528552,0.017640935156587483
2075,2015-07-08,NSE:TIMKEN,570.09998,573.0,556.09998,567.04999,32009.0,-0.8567217264320076,0.8997142418528552
2076,2015-07-09,NSE:TIMKEN,570.09998,573.29999,562.0,564.84998,17117.0,-0.3879746122559707,-0.8567217264320076
2077,2015-07-10,NSE:TIMKEN,570.0,573.0,562.0,568.45001,22157.0,0.6373426799094621,-0.3879746122559707
2078,2015-07-13,NSE:TIMKEN,570.09998,595.0,570.09998,589.70001,72894.0,3.7382354870571644,0.6373426799094621
2079,2015-07-14,NSE:TIMKEN,592.95001,593.0,580.09998,585.25,48838.0,-0.7546226767064189,3.7382354870571644
2080,2015-07-15,NSE:TIMKEN,587.90002,592.54999,580.0,581.54999,43233.0,-0.6322101665954755,-0.7546226767064189
2081,2015-07-16,NSE:TIMKEN,590.0,590.0,581.0,582.45001,13426.0,0.15476227589652963,-0.6322101665954755
2082,2015-07-17,NSE:TIMKEN,585.0,591.54999,580.59998,582.54999,46421.0,0.01716542162991113,0.15476227589652963
2083,2015-07-20,NSE:TIMKEN,588.0,589.79999,580.09998,581.5,19552.0,-0.18024032581306537,0.01716542162991113
2084,2015-07-21,NSE:TIMKEN,584.75,609.0,577.0,589.75,102009.0,1.4187446259673258,-0.18024032581306537
2085,2015-07-22,NSE:TIMKEN,585.0,598.15002,584.04999,591.5,27140.0,0.2967359050445104,1.4187446259673258
2086,2015-07-23,NSE:TIMKEN,590.15002,596.0,576.09998,577.54999,32076.0,-2.3584125105663603,0.2967359050445104
2087,2015-07-24,NSE:TIMKEN,577.04999,590.0,576.09998,582.54999,27470.0,0.8657259261661489,-2.3584125105663603
2088,2015-07-27,NSE:TIMKEN,585.09998,595.84998,573.29999,588.40002,46459.0,1.0042108145946516,0.8657259261661489
2089,2015-07-28,NSE:TIMKEN,588.09998,589.5,580.25,585.65002,21218.0,-0.46736912075563825,1.0042108145946516
2090,2015-07-29,NSE:TIMKEN,585.65002,595.59998,585.65002,592.90002,20696.0,1.2379407073186814,-0.46736912075563825
2091,2015-07-30,NSE:TIMKEN,590.04999,599.79999,586.84998,591.65002,18695.0,-0.21082812579429497,1.2379407073186814
2092,2015-07-31,NSE:TIMKEN,591.04999,606.70001,590.0,602.40002,52239.0,1.816952528793965,-0.21082812579429497
2093,2015-08-03,NSE:TIMKEN,604.0,618.0,604.0,606.40002,61105.0,0.664010602124482,1.816952528793965
2094,2015-08-04,NSE:TIMKEN,606.29999,624.0,604.25,615.59998,73285.0,1.5171437494345594,0.664010602124482
2095,2015-08-05,NSE:TIMKEN,619.90002,644.5,604.25,618.15002,190056.0,0.41423653067696353,1.5171437494345594
2096,2015-08-06,NSE:TIMKEN,624.0,626.70001,611.25,614.54999,38767.0,-0.5823877511158312,0.41423653067696353
2097,2015-08-07,NSE:TIMKEN,611.25,624.20001,611.25,615.59998,27941.0,0.17085510000577492,-0.5823877511158312
2098,2015-08-10,NSE:TIMKEN,619.0,629.79999,615.59998,623.29999,56184.0,1.2508138807931768,0.17085510000577492
2099,2015-08-11,NSE:TIMKEN,624.09998,626.5,608.0,612.95001,26935.0,-1.6605134230789833,1.2508138807931768
2100,2015-08-12,NSE:TIMKEN,610.45001,612.04999,595.09998,599.40002,29486.0,-2.2106191008953537,-1.6605134230789833
2101,2015-08-13,NSE:TIMKEN,600.79999,602.25,572.5,577.65002,56819.0,-3.628628507553269,-2.2106191008953537
2102,2015-08-14,NSE:TIMKEN,578.0,584.75,568.0,576.5,31454.0,-0.19908594480790293,-3.628628507553269
2103,2015-08-17,NSE:TIMKEN,571.0,583.5,570.0,578.29999,14051.0,0.31222723330441976,-0.19908594480790293
2104,2015-08-18,NSE:TIMKEN,577.95001,599.79999,573.59998,590.40002,45308.0,2.0923448399160547,0.31222723330441976
2105,2015-08-19,NSE:TIMKEN,594.0,603.40002,587.20001,600.79999,28271.0,1.7615124742034964,2.0923448399160547
2106,2015-08-20,NSE:TIMKEN,604.90002,613.34998,591.0,601.40002,78180.0,0.09987183921225777,1.7615124742034964
2107,2015-08-21,NSE:TIMKEN,607.34998,607.34998,581.59998,586.25,19842.0,-2.5191252903516763,0.09987183921225777
2108,2015-08-24,NSE:TIMKEN,577.40002,577.40002,525.5,541.25,63720.0,-7.675906183368871,-2.5191252903516763
2109,2015-08-25,NSE:TIMKEN,545.0,554.0,496.35001,533.5,81047.0,-1.4318706697459584,-7.675906183368871
2110,2015-08-26,NSE:TIMKEN,540.0,544.75,525.65002,541.20001,22366.0,1.4433008434864143,-1.4318706697459584
2111,2015-08-27,NSE:TIMKEN,545.25,574.90002,545.25,566.54999,23566.0,4.684031694677899,1.4433008434864143
2112,2015-08-28,NSE:TIMKEN,570.09998,584.40002,565.5,570.70001,29248.0,0.7325072938400441,4.684031694677899
2113,2015-08-31,NSE:TIMKEN,573.0,580.0,564.29999,577.09998,27623.0,1.1214245466720667,0.7325072938400441
2114,2015-09-01,NSE:TIMKEN,572.20001,576.0,553.29999,566.29999,14572.0,-1.8714244280514412,1.1214245466720667
2115,2015-09-02,NSE:TIMKEN,571.90002,577.5,558.0,565.40002,30421.0,-0.1589210693787827,-1.8714244280514412
2116,2015-09-03,NSE:TIMKEN,574.0,584.0,566.79999,575.70001,21270.0,1.8217173037949272,-0.1589210693787827
2117,2015-09-04,NSE:TIMKEN,571.0,572.29999,545.5,568.59998,36002.0,-1.2332864124841791,1.8217173037949272
2118,2015-09-07,NSE:TIMKEN,577.0,577.0,545.5,559.90002,54786.0,-1.5300668846312517,-1.2332864124841791
2119,2015-09-08,NSE:TIMKEN,560.95001,561.0,549.84998,552.70001,21538.0,-1.2859456586552755,-1.5300668846312517
2120,2015-09-09,NSE:TIMKEN,559.70001,572.95001,555.0,568.54999,30579.0,2.867736514063019,-1.2859456586552755
2121,2015-09-10,NSE:TIMKEN,565.90002,568.79999,556.20001,562.40002,11663.0,-1.0816938014544577,2.867736514063019
2122,2015-09-11,NSE:TIMKEN,565.09998,571.95001,562.0,566.75,19067.0,0.773467255566591,-1.0816938014544577
2123,2015-09-14,NSE:TIMKEN,565.15002,582.25,555.0,571.84998,15580.0,0.8998641376268124,0.773467255566591
2124,2015-09-15,NSE:TIMKEN,573.5,575.09998,562.20001,568.34998,8053.0,-0.612048635552982,0.8998641376268124
2125,2015-09-16,NSE:TIMKEN,566.20001,586.0,563.59998,582.75,18504.0,2.533653647704895,-0.612048635552982
2126,2015-09-18,NSE:TIMKEN,582.75,598.0,575.0,578.40002,27042.0,-0.7464573144573076,2.533653647704895
2127,2015-09-21,NSE:TIMKEN,577.0,604.0,575.40002,601.04999,31438.0,3.91596978160546,-0.7464573144573076
2128,2015-09-22,NSE:TIMKEN,604.95001,604.95001,586.40002,593.70001,16352.0,-1.222856687843878,3.91596978160546
2129,2015-09-23,NSE:TIMKEN,593.5,600.0,581.09998,595.34998,14991.0,0.277913082736842,-1.222856687843878
2130,2015-09-24,NSE:TIMKEN,590.29999,597.95001,588.95001,592.25,6855.0,-0.5206987661274398,0.277913082736842
2131,2015-09-28,NSE:TIMKEN,582.0,599.0,582.0,596.34998,13645.0,0.6922718446601873,-0.5206987661274398
2132,2015-09-29,NSE:TIMKEN,596.0,598.90002,581.0,588.5,12563.0,-1.3163377652833927,0.6922718446601873
2133,2015-09-30,NSE:TIMKEN,592.09998,606.34998,589.95001,600.15002,22238.0,1.9796125743415531,-1.3163377652833927
2134,2015-10-01,NSE:TIMKEN,604.59998,616.5,604.59998,611.65002,38946.0,1.9161875559047719,1.9796125743415531
2135,2015-10-05,NSE:TIMKEN,616.65002,621.25,601.90002,616.79999,17042.0,0.8419798629287937,1.9161875559047719
2136,2015-10-06,NSE:TIMKEN,615.15002,623.84998,610.59998,616.15002,8647.0,-0.10537775786927936,0.8419798629287937
2137,2015-10-07,NSE:TIMKEN,610.0,616.29999,604.54999,605.90002,6643.0,-1.66355589828594,-0.10537775786927936
2138,2015-10-08,NSE:TIMKEN,609.25,629.0,609.25,624.20001,24275.0,3.0202986294669505,-1.66355589828594
2139,2015-10-09,NSE:TIMKEN,617.0,628.84998,616.0,619.34998,11082.0,-0.7769993467318369,3.0202986294669505
2140,2015-10-12,NSE:TIMKEN,615.09998,622.90002,610.20001,618.25,21742.0,-0.17760233075327775,-0.7769993467318369
2141,2015-10-13,NSE:TIMKEN,615.0,618.40002,603.5,605.79999,16419.0,-2.0137501010917944,-0.17760233075327775
2142,2015-10-14,NSE:TIMKEN,608.04999,612.0,600.34998,606.15002,13236.0,0.05777979626577093,-2.0137501010917944
2143,2015-10-15,NSE:TIMKEN,608.95001,609.0,598.09998,600.79999,7281.0,-0.8826247337251693,0.05777979626577093
2144,2015-10-16,NSE:TIMKEN,600.79999,615.0,600.0,601.75,37736.0,0.1581241704081953,-0.8826247337251693
2145,2015-10-19,NSE:TIMKEN,601.0,609.79999,598.04999,604.54999,14896.0,0.465307852098044,0.1581241704081953
2146,2015-10-20,NSE:TIMKEN,607.45001,608.04999,601.09998,605.65002,12557.0,0.1819584845250036,0.465307852098044
2147,2015-10-21,NSE:TIMKEN,604.04999,607.90002,598.0,601.29999,10225.0,-0.7182415349379597,0.1819584845250036
2148,2015-10-23,NSE:TIMKEN,604.90002,604.95001,596.5,599.40002,8880.0,-0.3159770549804831,-0.7182415349379597
2149,2015-10-26,NSE:TIMKEN,602.0,602.0,594.0,598.45001,9607.0,-0.15849348820509218,-0.3159770549804831
2150,2015-10-27,NSE:TIMKEN,596.95001,603.5,594.0,596.29999,20479.0,-0.3592647613123175,-0.15849348820509218
2151,2015-10-28,NSE:TIMKEN,599.0,600.04999,593.0,598.40002,5323.0,0.3521767625721511,-0.3592647613123175
2152,2015-10-29,NSE:TIMKEN,598.0,599.5,592.04999,594.29999,4780.0,-0.685165418276567,0.3521767625721511
2153,2015-10-30,NSE:TIMKEN,592.09998,600.0,588.0,589.54999,12088.0,-0.7992596466306521,-0.685165418276567
2154,2015-11-02,NSE:TIMKEN,589.54999,599.90002,585.20001,593.79999,10844.0,0.7208888257296044,-0.7992596466306521
2155,2015-11-03,NSE:TIMKEN,594.0,600.0,591.34998,596.20001,13504.0,0.4041798653449018,0.7208888257296044
2156,2015-11-04,NSE:TIMKEN,597.59998,600.0,592.09998,597.09998,9264.0,0.1509510206146993,0.4041798653449018
2157,2015-11-05,NSE:TIMKEN,594.09998,600.0,585.15002,591.59998,9641.0,-0.9211187714325497,0.1509510206146993
2158,2015-11-06,NSE:TIMKEN,593.04999,596.0,587.15002,592.40002,3829.0,0.13523327029187543,-0.9211187714325497
2159,2015-11-09,NSE:TIMKEN,585.0,599.0,583.0,596.04999,18146.0,0.6161326598199539,0.13523327029187543
2160,2015-11-10,NSE:TIMKEN,595.95001,598.90002,575.20001,578.20001,15311.0,-2.9947119032750864,0.6161326598199539
2161,2015-11-11,NSE:TIMKEN,580.0,588.34998,577.09998,579.84998,2925.0,0.2853631911905258,-2.9947119032750864
2162,2015-11-13,NSE:TIMKEN,579.0,582.79999,565.20001,570.25,12250.0,-1.6555971942949728,0.2853631911905258
2163,2015-11-16,NSE:TIMKEN,571.0,578.79999,555.20001,562.34998,10022.0,-1.385360806663751,-1.6555971942949728
2164,2015-11-17,NSE:TIMKEN,562.54999,570.0,561.0,561.34998,7367.0,-0.17782520415489303,-1.385360806663751
2165,2015-11-18,NSE:TIMKEN,572.79999,572.79999,561.04999,562.29999,13508.0,0.16923666764894518,-0.17782520415489303
2166,2015-11-19,NSE:TIMKEN,565.09998,582.0,563.29999,577.25,18980.0,2.6587249272403546,0.16923666764894518
2167,2015-11-20,NSE:TIMKEN,580.0,586.79999,577.0,583.54999,11755.0,1.0913798181030714,2.6587249272403546
2168,2015-11-23,NSE:TIMKEN,579.95001,588.95001,566.09998,569.0,15552.0,-2.493357938366168,1.0913798181030714
2169,2015-11-24,NSE:TIMKEN,568.0,576.0,567.0,570.04999,5007.0,0.18453251318101577,-2.493357938366168
2170,2015-11-26,NSE:TIMKEN,567.04999,579.04999,564.45001,567.34998,20555.0,-0.4736444254652158,0.18453251318101577
2171,2015-11-27,NSE:TIMKEN,567.25,579.79999,567.25,571.75,8846.0,0.7755389363017234,-0.4736444254652158
2172,2015-11-30,NSE:TIMKEN,569.15002,574.90002,566.20001,571.45001,18062.0,-0.052468736335807564,0.7755389363017234
2173,2015-12-01,NSE:TIMKEN,569.75,577.0,568.5,572.15002,7138.0,0.12249715421302033,-0.052468736335807564
2174,2015-12-02,NSE:TIMKEN,575.15002,576.29999,568.90002,571.34998,8088.0,-0.1398304591512696,0.12249715421302033
2175,2015-12-03,NSE:TIMKEN,570.15002,575.04999,565.0,566.34998,11333.0,-0.8751203596786685,-0.1398304591512696
2176,2015-12-04,NSE:TIMKEN,563.15002,565.70001,540.09998,546.09998,31852.0,-3.575527626927788,-0.8751203596786685
2177,2015-12-07,NSE:TIMKEN,549.90002,557.70001,543.0,546.84998,9544.0,0.1373374890070496,-3.575527626927788
2178,2015-12-08,NSE:TIMKEN,545.54999,550.0,541.0,546.0,12324.0,-0.15543202543409795,0.1373374890070496
2179,2015-12-09,NSE:TIMKEN,541.75,550.0,541.75,546.29999,10472.0,0.05494322344321974,-0.15543202543409795
2180,2015-12-10,NSE:TIMKEN,542.04999,551.0,538.0,544.59998,7476.0,-0.3111861671460071,0.05494322344321974
2181,2015-12-11,NSE:TIMKEN,549.84998,549.84998,530.0,537.59998,11641.0,-1.2853470909051448,-0.3111861671460071
2182,2015-12-14,NSE:TIMKEN,538.65002,545.0,530.15002,540.09998,14717.0,0.46502977920497696,-1.2853470909051448
2183,2015-12-15,NSE:TIMKEN,544.5,546.95001,536.54999,539.09998,15601.0,-0.1851509048380265,0.46502977920497696
2184,2015-12-16,NSE:TIMKEN,541.25,564.5,538.0,549.45001,22345.0,1.9198720801288216,-0.1851509048380265
2185,2015-12-17,NSE:TIMKEN,553.04999,563.34998,550.0,559.34998,19721.0,1.8017963090036049,1.9198720801288216
2186,2015-12-18,NSE:TIMKEN,560.09998,564.0,547.15002,550.59998,13480.0,-1.5643157795411022,1.8017963090036049
2187,2015-12-21,NSE:TIMKEN,552.0,558.90002,550.0,553.09998,12067.0,0.45405014362695767,-1.5643157795411022
2188,2015-12-22,NSE:TIMKEN,555.90002,556.5,545.70001,550.15002,11920.0,-0.533350227204839,0.45405014362695767
2189,2015-12-23,NSE:TIMKEN,554.95001,562.0,549.09998,554.09998,21238.0,0.7179787069715855,-0.533350227204839
2190,2015-12-24,NSE:TIMKEN,557.84998,561.90002,552.0,557.75,13685.0,0.658729494991146,0.7179787069715855
2191,2015-12-28,NSE:TIMKEN,558.0,562.20001,551.0,553.0,17312.0,-0.8516360376512775,0.658729494991146
2192,2015-12-29,NSE:TIMKEN,551.20001,553.04999,545.40002,547.15002,14997.0,-1.0578625678119276,-0.8516360376512775
2193,2015-12-30,NSE:TIMKEN,545.25,550.0,545.0,547.25,14373.0,0.018272867832474816,-1.0578625678119276
2194,2015-12-31,NSE:TIMKEN,546.5,550.0,540.25,542.65002,13007.0,-0.8405628140703444,0.018272867832474816
2195,2016-01-01,NSE:TIMKEN,544.70001,550.0,542.0,547.45001,13345.0,0.8845461758206475,-0.8405628140703444
2196,2016-01-04,NSE:TIMKEN,552.95001,552.95001,537.0,541.34998,10344.0,-1.1142624693714154,0.8845461758206475
2197,2016-01-05,NSE:TIMKEN,544.95001,557.40002,538.0,552.20001,25944.0,2.004254253412933,-1.1142624693714154
2198,2016-01-06,NSE:TIMKEN,551.75,558.70001,539.0,541.29999,12053.0,-1.973926077980339,2.004254253412933
2199,2016-01-07,NSE:TIMKEN,540.04999,543.15002,520.0,522.09998,13210.0,-3.5470183548313057,-1.973926077980339
2200,2016-01-08,NSE:TIMKEN,529.84998,534.90002,517.0,531.20001,10720.0,1.7429669313528917,-3.5470183548313057
2201,2016-01-11,NSE:TIMKEN,530.04999,530.04999,520.0,522.84998,7575.0,-1.5719182686009476,1.7429669313528917
2202,2016-01-12,NSE:TIMKEN,525.40002,530.0,518.54999,521.75,6790.0,-0.21038157063713755,-1.5719182686009476
2203,2016-01-13,NSE:TIMKEN,522.0,528.45001,493.0,506.04999,13765.0,-3.0091058936272197,-0.21038157063713755
2204,2016-01-14,NSE:TIMKEN,503.85001,505.79999,495.0,499.20001,10478.0,-1.3536172582475419,-3.0091058936272197
2205,2016-01-15,NSE:TIMKEN,507.85001,507.85001,482.0,489.89999,9638.0,-1.8629847383216234,-1.3536172582475419
2206,2016-01-18,NSE:TIMKEN,486.10001,486.10001,472.10001,473.89999,9205.0,-3.265972714145187,-1.8629847383216234
2207,2016-01-19,NSE:TIMKEN,472.0,478.95001,450.14999,456.29999,15371.0,-3.7138637626896815,-3.265972714145187
2208,2016-01-20,NSE:TIMKEN,455.14999,462.04999,442.54999,448.14999,9598.0,-1.7861056714027053,-3.7138637626896815
2209,2016-01-21,NSE:TIMKEN,455.0,459.0,441.0,444.14999,6202.0,-0.8925583151301644,-1.7861056714027053
2210,2016-01-22,NSE:TIMKEN,453.04999,504.0,442.20001,478.25,45864.0,7.6775888253425375,-0.8925583151301644
2211,2016-01-25,NSE:TIMKEN,500.0,500.0,478.89999,492.95001,13891.0,3.0737083115525397,7.6775888253425375
2212,2016-01-27,NSE:TIMKEN,492.20001,504.0,485.5,499.79999,15169.0,1.3895891796411484,3.0737083115525397
2213,2016-01-28,NSE:TIMKEN,498.14999,498.45001,487.0,490.5,5860.0,-1.8607423341485023,1.3895891796411484
2214,2016-01-29,NSE:TIMKEN,491.0,497.0,481.10001,484.64999,8998.0,-1.192662589194699,-1.8607423341485023
2215,2016-02-01,NSE:TIMKEN,487.54999,494.0,469.60001,474.54999,11655.0,-2.0839781715460313,-1.192662589194699
2216,2016-02-02,NSE:TIMKEN,478.04999,485.0,468.60001,470.45001,12325.0,-0.863972202380609,-2.0839781715460313
2217,2016-02-03,NSE:TIMKEN,471.29999,473.0,460.0,462.75,3507.0,-1.6367328805030783,-0.863972202380609
2218,2016-02-04,NSE:TIMKEN,474.54999,475.0,465.0,469.79999,7628.0,1.52349864937871,-1.6367328805030783
2219,2016-02-05,NSE:TIMKEN,465.35001,474.89999,460.0,463.20001,4524.0,-1.4048489017634844,1.52349864937871
2220,2016-02-08,NSE:TIMKEN,467.0,472.89999,463.29999,464.39999,3798.0,0.2590630341307597,-1.4048489017634844
2221,2016-02-09,NSE:TIMKEN,455.10001,464.29999,455.10001,458.39999,7050.0,-1.2919896919033094,0.2590630341307597
2222,2016-02-10,NSE:TIMKEN,450.14999,460.0,449.20001,450.70001,8856.0,-1.67975134554431,-1.2919896919033094
2223,2016-02-11,NSE:TIMKEN,451.0,454.0,428.39999,434.39999,17384.0,-3.616600762888826,-1.67975134554431
2224,2016-02-12,NSE:TIMKEN,434.39999,438.0,415.29999,428.10001,21511.0,-1.4502716724279863,-3.616600762888826
2225,2016-02-15,NSE:TIMKEN,430.0,448.79999,430.0,435.64999,4160.0,1.7636019209623481,-1.4502716724279863
2226,2016-02-16,NSE:TIMKEN,430.04999,447.64999,430.04999,437.95001,6724.0,0.5279513492012287,1.7636019209623481
2227,2016-02-17,NSE:TIMKEN,443.95001,443.95001,418.04999,435.5,7424.0,-0.5594268624403091,0.5279513492012287
2228,2016-02-18,NSE:TIMKEN,436.0,452.20001,431.10001,435.64999,5545.0,0.03444087256027612,-0.5594268624403091
2229,2016-02-19,NSE:TIMKEN,432.04999,436.04999,431.04999,432.95001,2636.0,-0.6197589950593094,0.03444087256027612
2230,2016-02-22,NSE:TIMKEN,445.0,445.0,432.14999,435.89999,5313.0,0.6813673476990986,-0.6197589950593094
2231,2016-02-23,NSE:TIMKEN,431.75,449.0,430.0,444.79999,24311.0,2.0417527424123083,0.6813673476990986
2232,2016-02-24,NSE:TIMKEN,444.89999,455.85001,435.0,438.70001,24129.0,-1.3713984121267537,2.0417527424123083
2233,2016-02-25,NSE:TIMKEN,454.0,454.0,427.54999,431.45001,30128.0,-1.652609946373149,-1.3713984121267537
2234,2016-02-26,NSE:TIMKEN,439.85001,439.89999,420.0,421.64999,12686.0,-2.271414943297838,-1.652609946373149
2235,2016-02-29,NSE:TIMKEN,423.0,426.79999,409.0,414.04999,13049.0,-1.8024428270471495,-2.271414943297838
2236,2016-03-01,NSE:TIMKEN,419.79999,435.0,416.0,433.25,9680.0,4.637123647799151,-1.8024428270471495
2237,2016-03-02,NSE:TIMKEN,432.0,439.5,426.20001,433.60001,19680.0,0.08078707443739122,4.637123647799151
2238,2016-03-03,NSE:TIMKEN,431.0,434.10001,424.10001,430.10001,65942.0,-0.8071955533395859,0.08078707443739122
2239,2016-03-04,NSE:TIMKEN,430.95001,440.0,430.0,437.70001,33809.0,1.7670308819569718,-0.8071955533395859
2240,2016-03-08,NSE:TIMKEN,443.89999,448.70001,441.10001,442.04999,30675.0,0.9938267993185469,1.7670308819569718
2241,2016-03-09,NSE:TIMKEN,442.0,445.54999,438.0,440.25,10475.0,-0.407191503386298,0.9938267993185469
2242,2016-03-10,NSE:TIMKEN,443.0,446.0,430.14999,431.95001,6643.0,-1.8852901760363385,-0.407191503386298
2243,2016-03-11,NSE:TIMKEN,435.10001,439.60001,416.0,420.54999,44906.0,-2.639198920263954,-1.8852901760363385
2244,2016-03-14,NSE:TIMKEN,425.0,427.89999,421.5,424.79999,47875.0,1.0105814055541888,-2.639198920263954
2245,2016-03-15,NSE:TIMKEN,425.0,425.0,412.54999,422.35001,22862.0,-0.5767373017122676,1.0105814055541888
2246,2016-03-16,NSE:TIMKEN,420.0,422.54999,416.25,419.64999,25399.0,-0.6392849381014565,-0.5767373017122676
2247,2016-03-17,NSE:TIMKEN,419.25,424.0,416.14999,417.95001,45851.0,-0.4050947314451222,-0.6392849381014565
2248,2016-03-18,NSE:TIMKEN,424.0,424.0,397.04999,408.5,145318.0,-2.261038347624401,-0.4050947314451222
2249,2016-03-21,NSE:TIMKEN,417.95001,434.79999,406.54999,431.89999,25265.0,5.728271725826194,-2.261038347624401
2250,2016-03-22,NSE:TIMKEN,431.89999,440.0,426.54999,439.04999,15520.0,1.6554758429144623,5.728271725826194
2251,2016-03-23,NSE:TIMKEN,442.0,442.0,432.75,436.60001,12289.0,-0.5580184616334879,1.6554758429144623
2252,2016-03-28,NSE:TIMKEN,443.0,443.0,425.10001,428.85001,8323.0,-1.7750801242537764,-0.5580184616334879
2253,2016-03-29,NSE:TIMKEN,427.10001,432.0,421.14999,427.45001,19186.0,-0.32645446364801933,-1.7750801242537764
2254,2016-03-30,NSE:TIMKEN,421.5,447.29999,421.5,430.45001,30137.0,0.7018364556828528,-0.32645446364801933
2255,2016-03-31,NSE:TIMKEN,433.45001,442.39999,431.79999,436.95001,27664.0,1.5100475894982555,0.7018364556828528
2256,2016-04-01,NSE:TIMKEN,437.0,445.0,432.10001,437.79999,5430.0,0.1945256849862435,1.5100475894982555
2257,2016-04-04,NSE:TIMKEN,437.0,467.0,437.0,459.35001,58441.0,4.922343648294743,0.1945256849862435
2258,2016-04-05,NSE:TIMKEN,461.75,464.75,445.0,448.29999,23042.0,-2.4055773940224836,4.922343648294743
2259,2016-04-06,NSE:TIMKEN,449.89999,459.89999,446.10001,448.20001,21152.0,-0.022302030388169216,-2.4055773940224836
2260,2016-04-07,NSE:TIMKEN,454.85001,459.75,451.0,455.5,15918.0,1.6287349034195646,-0.022302030388169216
2261,2016-04-08,NSE:TIMKEN,455.5,476.54999,451.35001,470.85001,39898.0,3.3699253567508225,1.6287349034195646
2262,2016-04-11,NSE:TIMKEN,476.0,491.79999,472.20001,488.0,64312.0,3.6423467422247695,3.3699253567508225
2263,2016-04-12,NSE:TIMKEN,489.79999,504.0,484.95001,494.79999,49160.0,1.3934405737704876,3.6423467422247695
2264,2016-04-13,NSE:TIMKEN,496.0,504.89999,491.5,498.14999,33936.0,0.6770412424624388,1.3934405737704876
2265,2016-04-18,NSE:TIMKEN,499.0,519.0,498.0,515.04999,45023.0,3.3925525121459863,0.6770412424624388
2266,2016-04-20,NSE:TIMKEN,517.79999,533.5,511.10001,526.34998,33095.0,2.1939598523242334,3.3925525121459863
2267,2016-04-21,NSE:TIMKEN,532.5,532.5,513.0,514.65002,14241.0,-2.222847999348251,2.1939598523242334
2268,2016-04-22,NSE:TIMKEN,512.0,519.70001,504.0,516.09998,14721.0,0.2817370919367533,-2.222847999348251
2269,2016-04-25,NSE:TIMKEN,521.5,536.09998,511.0,517.04999,12414.0,0.18407479884033714,0.2817370919367533
2270,2016-04-26,NSE:TIMKEN,517.79999,532.20001,517.79999,528.45001,13086.0,2.2048196925794428,0.18407479884033714
2271,2016-04-27,NSE:TIMKEN,529.90002,533.90002,525.25,529.59998,15734.0,0.2176118796932068,2.2048196925794428
2272,2016-04-28,NSE:TIMKEN,527.0,532.84998,515.0,519.0,12156.0,-2.0015068731686814,0.2176118796932068
2273,2016-04-29,NSE:TIMKEN,519.0,527.0,510.25,514.09998,20567.0,-0.9441271676300655,-2.0015068731686814
2274,2016-05-02,NSE:TIMKEN,517.0,521.40002,509.95001,518.25,9762.0,0.8072398680116737,-0.9441271676300655
2275,2016-05-03,NSE:TIMKEN,515.25,524.0,515.25,520.04999,11889.0,0.347320791123971,0.8072398680116737
2276,2016-05-04,NSE:TIMKEN,516.54999,525.0,513.29999,521.90002,10157.0,0.35574080099493144,0.347320791123971
2277,2016-05-05,NSE:TIMKEN,520.04999,525.0,515.34998,522.09998,8920.0,0.0383138517603274,0.35574080099493144
2278,2016-05-06,NSE:TIMKEN,523.65002,524.79999,515.0,518.54999,4796.0,-0.6799444811317519,0.0383138517603274
2279,2016-05-09,NSE:TIMKEN,526.0,526.0,516.09998,519.20001,3880.0,0.12535339167590004,-0.6799444811317519
2280,2016-05-10,NSE:TIMKEN,522.59998,539.0,517.09998,525.95001,12771.0,1.300077016562461,0.12535339167590004
2281,2016-05-11,NSE:TIMKEN,520.0,538.0,515.0,518.90002,12199.0,-1.3404296731546748,1.300077016562461
2282,2016-05-12,NSE:TIMKEN,524.90002,564.40002,518.0,549.84998,152440.0,5.964532435362003,-1.3404296731546748
2283,2016-05-13,NSE:TIMKEN,554.95001,568.34998,551.15002,558.25,64766.0,1.5276930627514147,5.964532435362003
2284,2016-05-16,NSE:TIMKEN,562.0,563.0,546.0,560.54999,20080.0,0.41199999999999637,1.5276930627514147
2285,2016-05-17,NSE:TIMKEN,560.04999,578.95001,558.65002,561.65002,60469.0,0.19624119518761576,0.41199999999999637
2286,2016-05-18,NSE:TIMKEN,561.0,572.0,553.0,556.0,23069.0,-1.0059680937962114,0.19624119518761576
2287,2016-05-19,NSE:TIMKEN,550.09998,557.34998,538.25,541.40002,7130.0,-2.62589568345323,-1.0059680937962114
2288,2016-05-20,NSE:TIMKEN,539.0,551.09998,531.09998,538.84998,11843.0,-0.4710084790909466,-2.62589568345323
2289,2016-05-23,NSE:TIMKEN,556.0,563.0,542.0,546.15002,32880.0,1.3547444132780857,-0.4710084790909466
2290,2016-05-24,NSE:TIMKEN,548.0,553.5,523.90002,536.70001,14539.0,-1.7302956429444092,1.3547444132780857
2291,2016-05-25,NSE:TIMKEN,540.0,547.0,531.0,540.59998,15043.0,0.7266573369357565,-1.7302956429444092
2292,2016-05-26,NSE:TIMKEN,533.0,541.0,530.09998,539.25,13624.0,-0.24971884016717125,0.7266573369357565
2293,2016-05-27,NSE:TIMKEN,550.0,550.0,536.0,547.40002,10591.0,1.5113620769587464,-0.24971884016717125
2294,2016-05-30,NSE:TIMKEN,548.0,553.70001,540.5,548.45001,8762.0,0.1918140229516213,1.5113620769587464
2295,2016-05-31,NSE:TIMKEN,553.0,553.0,540.0,547.79999,11981.0,-0.11851946178285974,0.1918140229516213
2296,2016-06-01,NSE:TIMKEN,545.09998,553.09998,543.20001,548.65002,16958.0,0.1551715983054437,-0.11851946178285974
2297,2016-06-02,NSE:TIMKEN,546.0,571.0,544.0,566.79999,76239.0,3.308114342181185,0.1551715983054437
2298,2016-06-03,NSE:TIMKEN,566.79999,572.5,562.79999,567.34998,8650.0,0.09703422895261161,3.308114342181185
2299,2016-06-06,NSE:TIMKEN,567.34998,573.79999,556.0,559.59998,15344.0,-1.3659998718956508,0.09703422895261161
2300,2016-06-07,NSE:TIMKEN,555.20001,563.79999,547.45001,549.15002,7477.0,-1.8673982082701146,-1.3659998718956508
2301,2016-06-08,NSE:TIMKEN,554.90002,557.0,548.95001,552.95001,7378.0,0.691976666048374,-1.8673982082701146
2302,2016-06-09,NSE:TIMKEN,553.0,554.90002,545.20001,551.75,6598.0,-0.21701961810255146,0.691976666048374
2303,2016-06-10,NSE:TIMKEN,550.09998,555.59998,538.0,539.95001,7803.0,-2.138647938377885,-0.21701961810255146
2304,2016-06-13,NSE:TIMKEN,531.09998,552.0,531.0,531.95001,10751.0,-1.4816186409552987,-2.138647938377885
2305,2016-06-14,NSE:TIMKEN,531.0,540.45001,527.0,533.09998,6876.0,0.21618008804999161,-1.4816186409552987
2306,2016-06-15,NSE:TIMKEN,531.09998,584.59998,527.0,558.54999,110171.0,4.773965664001718,0.21618008804999161
2307,2016-06-16,NSE:TIMKEN,558.54999,564.40002,551.0,560.95001,23395.0,0.429687591615576,4.773965664001718
2308,2016-06-17,NSE:TIMKEN,567.0,572.0,560.90002,562.45001,17282.0,0.2674035071324805,0.429687591615576
2309,2016-06-20,NSE:TIMKEN,560.0,570.0,551.15002,554.5,16060.0,-1.4134607269364294,0.2674035071324805
2310,2016-06-21,NSE:TIMKEN,559.25,560.0,550.29999,553.70001,13945.0,-0.14427231740306218,-1.4134607269364294
2311,2016-06-22,NSE:TIMKEN,556.70001,560.0,539.5,541.45001,15590.0,-2.2123893405745108,-0.14427231740306218
2312,2016-06-23,NSE:TIMKEN,541.20001,548.59998,531.0,535.79999,10025.0,-1.0434979953181716,-2.2123893405745108
2313,2016-06-24,NSE:TIMKEN,530.0,545.0,495.20001,540.90002,25532.0,0.9518533212365421,-1.0434979953181716
2314,2016-06-27,NSE:TIMKEN,535.40002,547.09998,532.0,542.45001,5750.0,0.2865575786075918,0.9518533212365421
2315,2016-06-28,NSE:TIMKEN,540.59998,545.54999,535.0,536.70001,7060.0,-1.0600055109225641,0.2865575786075918
2316,2016-06-29,NSE:TIMKEN,542.29999,562.0,539.95001,558.84998,21350.0,4.127067186005817,-1.0600055109225641
2317,2016-06-30,NSE:TIMKEN,563.54999,569.90002,556.04999,566.75,84604.0,1.4136208790774298,4.127067186005817
2318,2016-07-01,NSE:TIMKEN,559.0,572.0,555.09998,557.54999,14350.0,-1.6232924569916225,1.4136208790774298
2319,2016-07-04,NSE:TIMKEN,564.0,567.09998,552.65002,554.95001,7207.0,-0.46632231129624085,-1.6232924569916225
2320,2016-07-05,NSE:TIMKEN,546.0,560.04999,546.0,555.15002,11079.0,0.03604108413296906,-0.46632231129624085
2321,2016-07-07,NSE:TIMKEN,555.0,574.75,550.79999,557.29999,40171.0,0.387277298485901,0.03604108413296906
2322,2016-07-08,NSE:TIMKEN,559.75,560.0,543.0,549.5,37516.0,-1.399603470296129,0.387277298485901
2323,2016-07-11,NSE:TIMKEN,545.04999,560.0,545.04999,556.75,12176.0,1.3193812556869882,-1.399603470296129
2324,2016-07-12,NSE:TIMKEN,555.84998,560.79999,552.0,557.75,14621.0,0.17961383026493039,1.3193812556869882
2325,2016-07-13,NSE:TIMKEN,551.75,560.0,546.45001,548.90002,20513.0,-1.586728821156425,0.17961383026493039
2326,2016-07-14,NSE:TIMKEN,547.15002,558.90002,547.15002,553.54999,10410.0,0.8471433467974622,-1.586728821156425
2327,2016-07-15,NSE:TIMKEN,559.5,559.5,545.40002,554.0,7252.0,0.08129527741478601,0.8471433467974622
2328,2016-07-18,NSE:TIMKEN,546.5,555.95001,546.5,552.90002,5801.0,-0.1985523465703898,0.08129527741478601
2329,2016-07-19,NSE:TIMKEN,548.09998,555.0,541.0,554.29999,22666.0,0.25320491035611453,-0.1985523465703898
2330,2016-07-20,NSE:TIMKEN,549.95001,621.0,547.5,594.79999,384114.0,7.306512850559496,0.25320491035611453
2331,2016-07-21,NSE:TIMKEN,599.79999,612.0,584.59998,592.29999,126406.0,-0.42030935474629044,7.306512850559496
2332,2016-07-22,NSE:TIMKEN,590.09998,597.04999,577.84998,582.59998,30184.0,-1.637685322263811,-0.42030935474629044
2333,2016-07-25,NSE:TIMKEN,585.75,591.0,578.25,582.0,19064.0,-0.10298318238870512,-1.637685322263811
2334,2016-07-26,NSE:TIMKEN,581.0,593.0,578.20001,585.54999,27621.0,0.6099639175257697,-0.10298318238870512
2335,2016-07-27,NSE:TIMKEN,588.0,597.95001,583.0,586.40002,19380.0,0.14516779344493896,0.6099639175257697
2336,2016-07-28,NSE:TIMKEN,596.95001,596.95001,586.70001,594.90002,15012.0,1.4495224607939132,0.14516779344493896
2337,2016-07-29,NSE:TIMKEN,595.0,602.0,591.25,600.40002,32069.0,0.9245250991922978,1.4495224607939132
2338,2016-08-01,NSE:TIMKEN,593.0,596.95001,580.20001,583.70001,11600.0,-2.7814805868927217,0.9245250991922978
2339,2016-08-02,NSE:TIMKEN,584.45001,597.0,570.04999,574.40002,12301.0,-1.5932824808414823,-2.7814805868927217
2340,2016-08-03,NSE:TIMKEN,574.0,584.95001,570.0,571.5,6995.0,-0.5048781161254208,-1.5932824808414823
2341,2016-08-04,NSE:TIMKEN,582.0,582.0,563.29999,565.75,11295.0,-1.006124234470691,-0.5048781161254208
2342,2016-08-05,NSE:TIMKEN,571.40002,577.70001,566.09998,572.29999,7821.0,1.1577534246575307,-1.006124234470691
2343,2016-08-08,NSE:TIMKEN,577.90002,580.0,566.0,572.54999,9254.0,0.04368338360446241,1.1577534246575307
2344,2016-08-09,NSE:TIMKEN,572.59998,576.90002,566.0,569.70001,7710.0,-0.4977696358007027,0.04368338360446241
2345,2016-08-10,NSE:TIMKEN,566.09998,570.95001,555.0,557.29999,11064.0,-2.176587639519269,-0.4977696358007027
2346,2016-08-11,NSE:TIMKEN,557.04999,559.20001,536.29999,544.95001,11439.0,-2.2160380803164843,-2.176587639519269
2347,2016-08-12,NSE:TIMKEN,554.59998,559.0,545.34998,550.34998,13079.0,0.9909110745772698,-2.2160380803164843
2348,2016-08-16,NSE:TIMKEN,546.25,559.0,546.20001,549.20001,8027.0,-0.20895249237584046,0.9909110745772698
2349,2016-08-17,NSE:TIMKEN,548.0,559.75,545.09998,554.79999,9559.0,1.019661306998148,-0.20895249237584046
2350,2016-08-18,NSE:TIMKEN,557.5,600.0,551.20001,583.95001,51321.0,5.254149337673932,1.019661306998148
2351,2016-08-19,NSE:TIMKEN,578.0,587.65002,561.84998,567.65002,16457.0,-2.7913331142848987,5.254149337673932
2352,2016-08-22,NSE:TIMKEN,567.0,577.95001,563.45001,569.5,12706.0,0.3259015123438134,-2.7913331142848987
2353,2016-08-23,NSE:TIMKEN,569.54999,573.75,557.70001,560.5,10677.0,-1.5803336259877085,0.3259015123438134
2354,2016-08-24,NSE:TIMKEN,564.5,577.90002,555.15002,565.29999,14135.0,0.8563764495985692,-1.5803336259877085
2355,2016-08-25,NSE:TIMKEN,567.54999,588.70001,565.0,585.04999,25825.0,3.4937202103966074,0.8563764495985692
2356,2016-08-26,NSE:TIMKEN,581.15002,589.0,560.75,568.59998,13255.0,-2.8117272508627886,3.4937202103966074
2357,2016-08-29,NSE:TIMKEN,568.0,572.0,563.29999,568.90002,9570.0,0.052768204458973234,-2.8117272508627886
2358,2016-08-30,NSE:TIMKEN,570.15002,572.0,565.5,567.29999,8761.0,-0.28124977039024546,0.052768204458973234
2359,2016-08-31,NSE:TIMKEN,570.04999,573.95001,551.09998,559.04999,20680.0,-1.4542570325093782,-0.28124977039024546
2360,2016-09-01,NSE:TIMKEN,568.90002,568.90002,551.0,552.54999,27688.0,-1.162686721450438,-1.4542570325093782
2361,2016-09-02,NSE:TIMKEN,551.20001,558.95001,550.0,550.70001,18893.0,-0.33480771576884105,-1.162686721450438
2362,2016-09-06,NSE:TIMKEN,552.04999,557.95001,543.15002,546.34998,25732.0,-0.789909192120781,-0.33480771576884105
2363,2016-09-07,NSE:TIMKEN,550.0,578.95001,547.04999,573.95001,32794.0,5.051712457278769,-0.789909192120781
2364,2016-09-08,NSE:TIMKEN,576.40002,584.0,562.45001,565.25,20806.0,-1.5158131977382525,5.051712457278769
2365,2016-09-09,NSE:TIMKEN,569.90002,591.79999,563.25,570.70001,274099.0,0.964176912870415,-1.5158131977382525
2366,2016-09-12,NSE:TIMKEN,568.0,568.0,547.0,551.20001,24553.0,-3.416856432156011,0.964176912870415
2367,2016-09-14,NSE:TIMKEN,546.29999,558.20001,543.0,546.45001,15170.0,-0.8617561527257591,-3.416856432156011
2368,2016-09-15,NSE:TIMKEN,550.70001,554.45001,542.04999,546.79999,11297.0,0.06404611466654736,-0.8617561527257591
2369,2016-09-16,NSE:TIMKEN,552.0,557.90002,543.95001,546.70001,18693.0,-0.018284565074692036,0.06404611466654736
2370,2016-09-19,NSE:TIMKEN,548.59998,549.0,537.59998,541.04999,20006.0,-1.033477208094443,-0.018284565074692036
2371,2016-09-20,NSE:TIMKEN,545.0,548.90002,536.0,539.04999,13658.0,-0.3696516101959451,-1.033477208094443
2372,2016-09-21,NSE:TIMKEN,535.20001,545.0,530.25,534.09998,19567.0,-0.9182840352153647,-0.3696516101959451
2373,2016-09-22,NSE:TIMKEN,546.65002,546.65002,536.09998,539.75,31592.0,1.057858118624165,-0.9182840352153647
2374,2016-09-23,NSE:TIMKEN,538.95001,564.0,537.04999,550.54999,67505.0,2.0009245020842945,1.057858118624165
2375,2016-09-26,NSE:TIMKEN,548.0,556.90002,546.0,551.25,21225.0,0.1271474003659541,2.0009245020842945
2376,2016-09-27,NSE:TIMKEN,554.84998,559.5,550.04999,555.25,17805.0,0.7256235827664399,0.1271474003659541
2377,2016-09-28,NSE:TIMKEN,557.54999,560.0,551.54999,555.45001,10903.0,0.03602161188654124,0.7256235827664399
2378,2016-09-29,NSE:TIMKEN,556.5,559.70001,535.0,551.09998,23998.0,-0.7831541851984233,0.03602161188654124
2379,2016-09-30,NSE:TIMKEN,550.0,561.0,538.09998,552.40002,13910.0,0.23589911943021322,-0.7831541851984233
2380,2016-10-03,NSE:TIMKEN,550.15002,569.0,550.09998,559.45001,19757.0,1.2762472383690318,0.23589911943021322
2381,2016-10-04,NSE:TIMKEN,569.0,569.0,557.09998,564.70001,31387.0,0.9384216473604138,1.2762472383690318
2382,2016-10-05,NSE:TIMKEN,564.70001,567.0,559.5,561.75,8383.0,-0.5224030366140813,0.9384216473604138
2383,2016-10-06,NSE:TIMKEN,561.75,571.20001,559.09998,568.40002,22014.0,1.1838041833555923,-0.5224030366140813
2384,2016-10-07,NSE:TIMKEN,570.0,581.75,562.5,579.5,33361.0,1.9528465181968078,1.1838041833555923
2385,2016-10-10,NSE:TIMKEN,584.75,584.75,576.25,582.45001,18059.0,0.5090612597066472,1.9528465181968078
2386,2016-10-13,NSE:TIMKEN,575.04999,584.40002,568.0,570.29999,15190.0,-2.0860193649923775,0.5090612597066472
2387,2016-10-14,NSE:TIMKEN,572.95001,573.0,563.34998,566.04999,6035.0,-0.7452218261480243,-2.0860193649923775
2388,2016-10-17,NSE:TIMKEN,566.0,598.0,566.0,577.25,35933.0,1.9786255980677643,-0.7452218261480243
2389,2016-10-18,NSE:TIMKEN,580.29999,595.25,578.25,587.40002,32805.0,1.7583404071026487,1.9786255980677643
2390,2016-10-19,NSE:TIMKEN,577.0,594.0,577.0,590.34998,38896.0,0.5022063158935404,1.7583404071026487
2391,2016-10-20,NSE:TIMKEN,590.79999,614.40002,589.75,604.54999,98968.0,2.4053545322386594,0.5022063158935404
2392,2016-10-21,NSE:TIMKEN,605.5,640.0,599.90002,617.40002,257515.0,2.1255529257390378,2.4053545322386594
2393,2016-10-24,NSE:TIMKEN,617.0,625.34998,596.0,599.25,30524.0,-2.939750471663418,2.1255529257390378
2394,2016-10-25,NSE:TIMKEN,591.5,606.0,580.25,592.54999,30820.0,-1.1180659157279969,-2.939750471663418
2395,2016-10-26,NSE:TIMKEN,585.0,605.54999,583.0,586.95001,15359.0,-0.9450645674637442,-1.1180659157279969
2396,2016-10-27,NSE:TIMKEN,583.04999,585.0,575.25,577.34998,13504.0,-1.63557881189917,-0.9450645674637442
2397,2016-10-28,NSE:TIMKEN,579.15002,592.15002,576.20001,580.90002,8345.0,0.6148852728807718,-1.63557881189917
2398,2016-11-01,NSE:TIMKEN,597.0,597.0,576.20001,578.95001,11614.0,-0.3356877143850021,0.6148852728807718
2399,2016-11-02,NSE:TIMKEN,570.15002,587.0,570.15002,575.09998,122951.0,-0.6650021475947571,-0.3356877143850021
2400,2016-11-03,NSE:TIMKEN,571.25,583.90002,570.25,573.45001,16006.0,-0.28690141842813827,-0.6650021475947571
2401,2016-11-04,NSE:TIMKEN,570.34998,574.0,550.0,554.34998,17711.0,-3.3307227599490425,-0.28690141842813827
2402,2016-11-07,NSE:TIMKEN,568.0,568.0,556.34998,561.75,8145.0,1.334900381885112,-3.3307227599490425
2403,2016-11-08,NSE:TIMKEN,567.40002,567.40002,552.70001,559.25,7491.0,-0.4450378282153983,1.334900381885112
2404,2016-11-09,NSE:TIMKEN,500.0,575.95001,498.0,565.20001,36639.0,1.063926687527943,-0.4450378282153983
2405,2016-11-10,NSE:TIMKEN,577.79999,601.70001,566.0,570.79999,37302.0,0.990796160813932,1.063926687527943
2406,2016-11-11,NSE:TIMKEN,569.79999,585.25,555.0,558.70001,14875.0,-2.1198283482800973,0.990796160813932
2407,2016-11-15,NSE:TIMKEN,542.5,553.0,511.20001,532.40002,20893.0,-4.707354488860664,-2.1198283482800973
2408,2016-11-16,NSE:TIMKEN,542.75,558.70001,525.09998,551.45001,15490.0,3.578134726591479,-4.707354488860664
2409,2016-11-17,NSE:TIMKEN,547.04999,552.15002,535.04999,540.54999,4462.0,-1.9766107176242573,3.578134726591479
2410,2016-11-18,NSE:TIMKEN,540.0,565.0,532.0,555.79999,46659.0,2.8212006811802923,-1.9766107176242573
2411,2016-11-21,NSE:TIMKEN,550.34998,551.25,513.54999,522.45001,36215.0,-6.000356351211874,2.8212006811802923
2412,2016-11-22,NSE:TIMKEN,522.0,537.95001,522.0,531.90002,12669.0,1.8087874091532736,-6.000356351211874
2413,2016-11-23,NSE:TIMKEN,533.0,537.25,522.5,527.59998,24100.0,-0.8084301256465606,1.8087874091532736
2414,2016-11-24,NSE:TIMKEN,520.25,527.79999,516.25,520.25,22040.0,-1.393097096023385,-0.8084301256465606
2415,2016-11-25,NSE:TIMKEN,520.5,543.0,520.5,539.54999,9620.0,3.7097530033637636,-1.393097096023385
2416,2016-11-28,NSE:TIMKEN,545.0,560.0,540.0,553.15002,13008.0,2.5206246412867253,3.7097530033637636
2417,2016-11-29,NSE:TIMKEN,575.0,585.0,563.0,567.65002,98512.0,2.621350352658398,2.5206246412867253
2418,2016-11-30,NSE:TIMKEN,560.09998,568.59998,555.5,559.45001,13126.0,-1.4445538115192913,2.621350352658398
2419,2016-12-01,NSE:TIMKEN,560.0,564.90002,551.0,553.70001,8136.0,-1.0277951375852152,-1.4445538115192913
2420,2016-12-02,NSE:TIMKEN,557.59998,576.0,550.59998,573.34998,27157.0,3.5488476873966355,-1.0277951375852152
2421,2016-12-05,NSE:TIMKEN,574.0,590.40002,568.54999,586.04999,31653.0,2.2150537094289287,3.5488476873966355
2422,2016-12-06,NSE:TIMKEN,577.5,599.0,572.54999,579.75,36967.0,-1.0749919132325179,2.2150537094289287
2423,2016-12-07,NSE:TIMKEN,580.0,595.0,577.0,591.65002,23717.0,2.05261233290212,-1.0749919132325179
2424,2016-12-08,NSE:TIMKEN,583.0,601.0,583.0,599.25,30022.0,1.2845398027705566,2.05261233290212
2425,2016-12-09,NSE:TIMKEN,595.0,601.0,592.75,598.70001,8785.0,-0.0917797246558164,1.2845398027705566
2426,2016-12-12,NSE:TIMKEN,590.15002,596.0,579.15002,586.65002,4761.0,-2.012692466799855,-0.0917797246558164
2427,2016-12-13,NSE:TIMKEN,584.04999,594.75,584.04999,585.45001,3862.0,-0.20455296328124564,-2.012692466799855
2428,2016-12-14,NSE:TIMKEN,584.34998,589.95001,568.0,575.25,9999.0,-1.7422512299555721,-0.20455296328124564
2429,2016-12-15,NSE:TIMKEN,567.0,584.84998,567.0,576.90002,3660.0,0.28683528900478755,-1.7422512299555721
2430,2016-12-16,NSE:TIMKEN,575.09998,596.0,575.09998,580.09998,9620.0,0.554681901380402,0.28683528900478755
2431,2016-12-19,NSE:TIMKEN,572.04999,584.0,566.09998,574.29999,31505.0,-0.9998259265583805,0.554681901380402
2432,2016-12-20,NSE:TIMKEN,568.0,588.79999,568.0,584.15002,13460.0,1.7151367180069186,-0.9998259265583805
2433,2016-12-21,NSE:TIMKEN,583.04999,592.0,574.0,580.79999,11195.0,-0.5734879543443413,1.7151367180069186
2434,2016-12-22,NSE:TIMKEN,575.09998,587.95001,571.0,583.65002,32801.0,0.49070765307693287,-0.5734879543443413
2435,2016-12-23,NSE:TIMKEN,584.0,586.90002,575.25,582.0,8446.0,-0.2827070921714421,0.49070765307693287
2436,2016-12-26,NSE:TIMKEN,576.40002,584.0,572.0,578.70001,8719.0,-0.5670085910652887,-0.2827070921714421
2437,2016-12-27,NSE:TIMKEN,573.95001,586.79999,572.5,585.20001,62781.0,1.1232071691168624,-0.5670085910652887
2438,2016-12-28,NSE:TIMKEN,585.20001,598.95001,580.0,592.34998,16182.0,1.221799363947369,1.1232071691168624
2439,2016-12-29,NSE:TIMKEN,590.25,626.0,590.25,607.04999,291857.0,2.4816426937331917,1.221799363947369
2440,2016-12-30,NSE:TIMKEN,609.84998,614.95001,593.0,597.20001,33046.0,-1.6225978358059046,2.4816426937331917
2441,2017-01-02,NSE:TIMKEN,601.95001,623.0,590.25,620.5,52328.0,3.9015387826266075,-1.6225978358059046
2442,2017-01-03,NSE:TIMKEN,625.0,666.0,613.0,642.75,438676.0,3.585817888799355,3.9015387826266075
2443,2017-01-04,NSE:TIMKEN,644.40002,659.5,638.25,642.90002,52341.0,0.02334033450020077,3.585817888799355
2444,2017-01-05,NSE:TIMKEN,640.04999,641.15002,623.5,627.75,23559.0,-2.3565126036238166,0.02334033450020077
2445,2017-01-06,NSE:TIMKEN,627.5,632.04999,616.15002,619.29999,12993.0,-1.3460788530465981,-2.3565126036238166
2446,2017-01-09,NSE:TIMKEN,624.0,629.95001,610.65002,621.34998,14607.0,0.33101728291647153,-1.3460788530465981
2447,2017-01-10,NSE:TIMKEN,630.0,630.0,617.0,618.20001,14618.0,-0.5069558383183564,0.33101728291647153
2448,2017-01-11,NSE:TIMKEN,620.04999,644.0,620.04999,631.40002,151725.0,2.1352328997859478,-0.5069558383183564
2449,2017-01-12,NSE:TIMKEN,632.0,638.59998,625.0,627.95001,19047.0,-0.5464063811717997,2.1352328997859478
2450,2017-01-13,NSE:TIMKEN,633.79999,635.0,620.20001,622.95001,8393.0,-0.7962417263119401,-0.5464063811717997
2451,2017-01-16,NSE:TIMKEN,623.0,634.90002,622.09998,632.84998,10490.0,1.5892077760782022,-0.7962417263119401
2452,2017-01-17,NSE:TIMKEN,630.95001,634.29999,623.29999,629.0,6026.0,-0.6083558697434042,1.5892077760782022
2453,2017-01-18,NSE:TIMKEN,629.0,663.75,628.0,650.40002,173199.0,3.4022289348171766,-0.6083558697434042
2454,2017-01-19,NSE:TIMKEN,652.90002,652.90002,638.0,646.79999,25837.0,-0.5535101305808786,3.4022289348171766
2455,2017-01-20,NSE:TIMKEN,649.0,655.0,628.0,632.25,38329.0,-2.2495346668140765,-0.5535101305808786
2456,2017-01-23,NSE:TIMKEN,636.75,658.70001,633.0,641.25,123843.0,1.4234875444839856,-2.2495346668140765
2457,2017-01-24,NSE:TIMKEN,649.90002,651.0,638.0,642.70001,19330.0,0.22612241715399928,1.4234875444839856
2458,2017-01-25,NSE:TIMKEN,641.0,677.0,639.09998,656.40002,160686.0,2.1316336995233622,0.22612241715399928
2459,2017-01-27,NSE:TIMKEN,659.0,661.79999,648.04999,652.34998,19963.0,-0.6170079031990402,2.1316336995233622
2460,2017-01-30,NSE:TIMKEN,642.54999,650.0,632.20001,644.5,16821.0,-1.2033387354438119,-0.6170079031990402
2461,2017-01-31,NSE:TIMKEN,641.0,660.0,641.0,645.65002,24812.0,0.17843599689682552,-1.2033387354438119
2462,2017-02-01,NSE:TIMKEN,640.0,657.90002,640.0,654.79999,19789.0,1.4171717984303538,0.17843599689682552
2463,2017-02-02,NSE:TIMKEN,640.09998,662.79999,627.25,639.70001,76047.0,-2.3060446289866254,1.4171717984303538
2464,2017-02-03,NSE:TIMKEN,601.0,633.20001,601.0,606.95001,156903.0,-5.11958722651888,-2.3060446289866254
2465,2017-02-06,NSE:TIMKEN,607.0,624.0,601.5,621.09998,31887.0,2.3313237938656495,-5.11958722651888
2466,2017-02-07,NSE:TIMKEN,620.0,627.5,610.04999,613.70001,18399.0,-1.1914297598270636,2.3313237938656495
2467,2017-02-08,NSE:TIMKEN,620.59998,623.90002,611.15002,612.54999,5308.0,-0.18739123044825115,-1.1914297598270636
2468,2017-02-09,NSE:TIMKEN,612.54999,618.0,602.0,607.45001,9805.0,-0.8325818436467461,-0.18739123044825115
2469,2017-02-10,NSE:TIMKEN,614.95001,632.0,600.04999,630.0,231160.0,3.712237983171649,-0.8325818436467461
2470,2017-02-13,NSE:TIMKEN,634.75,634.79999,624.59998,625.45001,12790.0,-0.7222206349206317,3.712237983171649
2471,2017-02-14,NSE:TIMKEN,629.79999,634.0,621.29999,624.54999,9509.0,-0.1438995899928182,-0.7222206349206317
2472,2017-02-15,NSE:TIMKEN,628.59998,629.90002,615.20001,617.20001,17088.0,-1.1768441466150628,-0.1438995899928182
2473,2017-02-16,NSE:TIMKEN,615.20001,620.59998,608.84998,612.54999,12173.0,-0.753405690968806,-1.1768441466150628
2474,2017-02-17,NSE:TIMKEN,617.04999,628.0,607.0,611.59998,19295.0,-0.1550910155104272,-0.753405690968806
2475,2017-02-20,NSE:TIMKEN,605.0,625.70001,605.0,611.75,12202.0,0.02452910479167126,-0.1550910155104272
2476,2017-02-21,NSE:TIMKEN,615.95001,620.0,607.04999,611.79999,12705.0,0.00817163874131259,0.02452910479167126
2477,2017-02-22,NSE:TIMKEN,616.90002,623.0,609.0,611.75,15805.0,-0.008170971039077619,0.00817163874131259
2478,2017-02-23,NSE:TIMKEN,610.5,618.79999,606.0,608.04999,27752.0,-0.6048238659583196,-0.008170971039077619
2479,2017-02-27,NSE:TIMKEN,607.75,615.0,604.0,608.09998,16740.0,0.008221363509927823,-0.6048238659583196
2480,2017-02-28,NSE:TIMKEN,606.5,618.79999,606.5,609.29999,17932.0,0.19733761543620187,0.008221363509927823
2481,2017-03-01,NSE:TIMKEN,611.40002,617.59998,603.09998,607.09998,18334.0,-0.36107172757380485,0.19733761543620187
2482,2017-03-02,NSE:TIMKEN,610.0,613.59998,605.0,607.09998,15713.0,0.0,-0.36107172757380485
2483,2017-03-03,NSE:TIMKEN,609.0,612.90002,601.5,604.5,11746.0,-0.42826224438352967,0.0
2484,2017-03-06,NSE:TIMKEN,609.90002,615.54999,600.25,608.59998,24233.0,0.6782431761786534,-0.42826224438352967
2485,2017-03-07,NSE:TIMKEN,603.45001,614.0,600.25,602.5,17603.0,-1.0022971081924716,0.6782431761786534
2486,2017-03-08,NSE:TIMKEN,609.70001,616.0,601.5,611.84998,20193.0,1.551863900414931,-1.0022971081924716
2487,2017-03-09,NSE:TIMKEN,614.45001,615.70001,609.04999,614.15002,16692.0,0.3759156778921658,1.551863900414931
2488,2017-03-10,NSE:TIMKEN,610.54999,620.34998,594.09998,615.04999,12647.0,0.1465391143356047,0.3759156778921658
2489,2017-03-14,NSE:TIMKEN,618.0,622.84998,602.90002,611.29999,15037.0,-0.6097065378376805,0.1465391143356047
2490,2017-03-15,NSE:TIMKEN,609.0,620.95001,607.25,615.84998,17784.0,0.7443137697417563,-0.6097065378376805
2491,2017-03-16,NSE:TIMKEN,615.5,634.29999,615.5,629.70001,39254.0,2.248929195386198,0.7443137697417563
2492,2017-03-17,NSE:TIMKEN,625.04999,639.0,614.45001,633.90002,28623.0,0.6669858556934151,2.248929195386198
2493,2017-03-20,NSE:TIMKEN,632.0,632.90002,616.15002,620.79999,26633.0,-2.0665766819190288,0.6669858556934151
2494,2017-03-21,NSE:TIMKEN,621.5,626.0,614.0,617.5,22022.0,-0.5315705626863783,-2.0665766819190288
2495,2017-03-22,NSE:TIMKEN,615.90002,623.45001,612.65002,616.40002,15087.0,-0.17813441295545904,-0.5315705626863783
2496,2017-03-23,NSE:TIMKEN,618.90002,622.0,606.59998,610.20001,30757.0,-1.0058419530875453,-0.17813441295545904
2497,2017-03-24,NSE:TIMKEN,607.0,626.5,607.0,612.45001,29399.0,0.3687315573790305,-1.0058419530875453
2498,2017-03-27,NSE:TIMKEN,614.34998,619.95001,610.09998,611.65002,16995.0,-0.13062127307336965,0.3687315573790305
2499,2017-03-28,NSE:TIMKEN,614.90002,624.0,606.65002,616.29999,33433.0,0.7602337689778771,-0.13062127307336965
2500,2017-03-29,NSE:TIMKEN,613.95001,639.79999,612.29999,635.70001,42629.0,3.14782091753726,0.7602337689778771
2501,2017-03-30,NSE:TIMKEN,640.0,640.0,621.0,626.15002,14608.0,-1.502279353432758,3.14782091753726
2502,2017-03-31,NSE:TIMKEN,622.04999,648.04999,622.0,645.04999,45134.0,3.018441171654029,-1.502279353432758
2503,2017-04-03,NSE:TIMKEN,645.04999,654.0,635.15002,644.20001,20024.0,-0.13176963230399547,3.018441171654029
2504,2017-04-05,NSE:TIMKEN,640.5,654.0,631.34998,636.79999,25870.0,-1.1487146670488315,-0.13176963230399547
2505,2017-04-06,NSE:TIMKEN,635.70001,651.0,630.15002,647.20001,28587.0,1.6331689954957505,-1.1487146670488315
2506,2017-04-07,NSE:TIMKEN,644.0,691.70001,640.25,671.54999,202952.0,3.7623577910636863,1.6331689954957505
2507,2017-04-10,NSE:TIMKEN,676.70001,709.90002,672.20001,693.54999,144016.0,3.276003324785993,3.7623577910636863
2508,2017-04-11,NSE:TIMKEN,696.95001,727.29999,696.70001,707.59998,112069.0,2.025807829656227,3.276003324785993
2509,2017-04-12,NSE:TIMKEN,710.0,713.70001,690.0,699.95001,33425.0,-1.0811150673011523,2.025807829656227
2510,2017-04-13,NSE:TIMKEN,714.0,714.0,699.0,705.79999,50185.0,0.8357711145685903,-1.0811150673011523
2511,2017-04-17,NSE:TIMKEN,705.79999,719.0,704.0,710.40002,41773.0,0.6517469630454459,0.8357711145685903
2512,2017-04-18,NSE:TIMKEN,715.79999,717.0,707.84998,713.79999,42000.0,0.4785993671565408,0.6517469630454459
2513,2017-04-19,NSE:TIMKEN,711.04999,726.59998,708.65002,717.5,30296.0,0.5183538879007298,0.4785993671565408
2514,2017-04-20,NSE:TIMKEN,721.0,725.0,711.04999,719.90002,26670.0,0.3344975609756154,0.5183538879007298
2515,2017-04-21,NSE:TIMKEN,724.95001,725.0,713.59998,719.65002,23915.0,-0.034727044458201295,0.3344975609756154
2516,2017-04-24,NSE:TIMKEN,707.5,731.20001,707.5,729.79999,29696.0,1.4104036292529998,-0.034727044458201295
2517,2017-04-25,NSE:TIMKEN,730.09998,748.0,726.25,734.95001,38397.0,0.7056755372112352,1.4104036292529998
2518,2017-04-26,NSE:TIMKEN,744.79999,744.79999,714.34998,722.29999,29787.0,-1.721208222039488,0.7056755372112352
2519,2017-04-27,NSE:TIMKEN,723.0,740.0,711.0,718.40002,19805.0,-0.5399377064922761,-1.721208222039488
2520,2017-04-28,NSE:TIMKEN,718.40002,730.59998,711.70001,723.75,15282.0,0.7447076630092465,-0.5399377064922761
2521,2017-05-02,NSE:TIMKEN,720.09998,734.0,720.09998,728.59998,15610.0,0.6701181347150204,0.7447076630092465
2522,2017-05-03,NSE:TIMKEN,728.45001,734.90002,720.0,725.34998,24388.0,-0.4460609510310445,0.6701181347150204
2523,2017-05-04,NSE:TIMKEN,725.54999,734.79999,720.0,723.90002,19940.0,-0.1998979857971347,-0.4460609510310445
2524,2017-05-05,NSE:TIMKEN,723.90002,727.0,713.65002,724.90002,35438.0,0.13814062334188082,-0.1998979857971347
2525,2017-05-08,NSE:TIMKEN,719.79999,739.0,718.54999,728.0,19138.0,0.4276424216404297,0.13814062334188082
2526,2017-05-09,NSE:TIMKEN,734.79999,735.0,712.09998,716.15002,15878.0,-1.6277445054945,0.4276424216404297
2527,2017-05-10,NSE:TIMKEN,719.0,729.0,717.0,724.90002,16042.0,1.2218110389775594,-1.6277445054945
2528,2017-05-11,NSE:TIMKEN,728.90002,728.90002,703.04999,708.84998,16585.0,-2.214103953259662,1.2218110389775594
2529,2017-05-12,NSE:TIMKEN,720.0,721.84998,693.0,695.84998,22857.0,-1.8339564600114682,-2.214103953259662
2530,2017-05-15,NSE:TIMKEN,695.84998,710.0,680.0,705.59998,23724.0,1.4011640842470097,-1.8339564600114682
2531,2017-05-16,NSE:TIMKEN,714.79999,714.79999,696.15002,704.59998,9110.0,-0.14172336002617236,1.4011640842470097
2532,2017-05-17,NSE:TIMKEN,705.09998,723.0,697.25,720.25,16104.0,2.221121266566037,-0.14172336002617236
2533,2017-05-18,NSE:TIMKEN,724.90002,724.90002,711.09998,721.09998,20587.0,0.11801180145782153,2.221121266566037
2534,2017-05-19,NSE:TIMKEN,722.29999,725.25,710.15002,719.75,8848.0,-0.18721121029568738,0.11801180145782153
2535,2017-05-22,NSE:TIMKEN,711.0,723.75,708.95001,720.09998,24641.0,0.048625217089261485,-0.18721121029568738
2536,2017-05-23,NSE:TIMKEN,710.5,721.95001,683.65002,691.59998,16123.0,-3.9577837510841207,0.048625217089261485
2537,2017-05-24,NSE:TIMKEN,693.0,718.95001,691.04999,695.34998,58855.0,0.5422209526379687,-3.9577837510841207
2538,2017-05-25,NSE:TIMKEN,692.0,714.29999,659.45001,680.04999,37081.0,-2.200329393839916,0.5422209526379687
2539,2017-05-26,NSE:TIMKEN,678.0,703.0,674.45001,699.20001,21350.0,2.815972396382219,-2.200329393839916
2540,2017-05-29,NSE:TIMKEN,688.75,696.09998,680.0,690.45001,12598.0,-1.2514301880516276,2.815972396382219
2541,2017-05-30,NSE:TIMKEN,682.0,685.0,664.5,670.90002,24522.0,-2.831485222224847,-1.2514301880516276
2542,2017-05-31,NSE:TIMKEN,670.0,687.90002,660.25,678.20001,30898.0,1.0880891015624026,-2.831485222224847
2543,2017-06-01,NSE:TIMKEN,679.20001,689.45001,672.0,678.34998,11501.0,0.022112945707555995,1.0880891015624026
2544,2017-06-02,NSE:TIMKEN,678.34998,687.90002,670.0,678.79999,70699.0,0.06633891254777073,0.022112945707555995
2545,2017-06-05,NSE:TIMKEN,680.04999,692.0,678.04999,684.95001,22927.0,0.9060135666766937,0.06633891254777073
2546,2017-06-06,NSE:TIMKEN,685.09998,693.0,684.0,687.20001,25711.0,0.32849112594362906,0.9060135666766937
2547,2017-06-07,NSE:TIMKEN,676.0,713.0,676.0,691.09998,35345.0,0.5675159987264754,0.32849112594362906
2548,2017-06-08,NSE:TIMKEN,686.0,698.25,686.0,692.70001,11860.0,0.23151932373085304,0.5675159987264754
2549,2017-06-09,NSE:TIMKEN,708.0,708.0,686.5,704.04999,18122.0,1.6385130411648123,0.23151932373085304
2550,2017-06-12,NSE:TIMKEN,710.0,710.0,684.0,690.45001,16828.0,-1.931678175295473,1.6385130411648123
2551,2017-06-13,NSE:TIMKEN,693.5,704.0,685.0,686.84998,18486.0,-0.5214034249923555,-1.931678175295473
2552,2017-06-14,NSE:TIMKEN,691.0,706.09998,688.0,691.04999,14418.0,0.6114886980123404,-0.5214034249923555
2553,2017-06-15,NSE:TIMKEN,685.40002,699.70001,682.15002,690.20001,25369.0,-0.12299833764558184,0.6114886980123404
2554,2017-06-16,NSE:TIMKEN,689.04999,701.0,688.0,697.15002,12047.0,1.0069559402063788,-0.12299833764558184
2555,2017-06-19,NSE:TIMKEN,703.95001,703.95001,678.25,681.34998,12597.0,-2.266375894244409,1.0069559402063788
2556,2017-06-20,NSE:TIMKEN,682.20001,691.5,675.09998,678.95001,14324.0,-0.3522374800686043,-2.266375894244409
2557,2017-06-21,NSE:TIMKEN,690.0,690.0,669.0,671.65002,12298.0,-1.0751881423493874,-0.3522374800686043
2558,2017-06-22,NSE:TIMKEN,674.0,679.0,668.0,670.90002,14000.0,-0.1116652985434289,-1.0751881423493874
2559,2017-06-23,NSE:TIMKEN,671.0,672.5,652.04999,659.59998,118077.0,-1.684310577304809,-0.1116652985434289
2560,2017-06-27,NSE:TIMKEN,673.90002,673.90002,644.95001,648.0,10312.0,-1.7586386221539847,-1.684310577304809
2561,2017-06-28,NSE:TIMKEN,644.04999,683.0,642.75,676.04999,22602.0,4.328702160493824,-1.7586386221539847
2562,2017-06-29,NSE:TIMKEN,676.04999,689.59998,671.20001,676.0,17688.0,-0.007394423598760762,4.328702160493824
2563,2017-06-30,NSE:TIMKEN,671.0,672.0,655.0,668.40002,16842.0,-1.124257396449698,-0.007394423598760762
2564,2017-07-03,NSE:TIMKEN,662.04999,682.25,662.04999,672.20001,23550.0,0.568520330086163,-1.124257396449698
2565,2017-07-04,NSE:TIMKEN,672.0,682.25,667.25,673.34998,15220.0,0.1710755702011875,0.568520330086163
2566,2017-07-05,NSE:TIMKEN,680.0,798.0,679.34998,780.95001,1127492.0,15.979807410107902,0.1710755702011875
2567,2017-07-06,NSE:TIMKEN,783.0,816.0,773.59998,780.0,458092.0,-0.12164799127155658,15.979807410107902
2568,2017-07-07,NSE:TIMKEN,784.59998,784.79999,756.59998,759.09998,84622.0,-2.6794897435897487,-0.12164799127155658
2569,2017-07-10,NSE:TIMKEN,750.0,779.0,713.15002,762.20001,23233.0,0.40838230558246896,-2.6794897435897487
2570,2017-07-11,NSE:TIMKEN,769.54999,783.04999,748.15002,751.40002,63659.0,-1.4169496009321725,0.40838230558246896
2571,2017-07-12,NSE:TIMKEN,747.0,756.90002,736.20001,739.5,45748.0,-1.5837130267843273,-1.4169496009321725
2572,2017-07-13,NSE:TIMKEN,735.15002,744.84998,720.29999,723.65002,45368.0,-2.1433373901284596,-1.5837130267843273
2573,2017-07-14,NSE:TIMKEN,728.25,728.25,711.0,714.15002,25164.0,-1.3127892955768867,-2.1433373901284596
2574,2017-07-17,NSE:TIMKEN,714.15002,725.0,704.70001,708.40002,26832.0,-0.8051529565174554,-1.3127892955768867
2575,2017-07-18,NSE:TIMKEN,703.0,725.0,700.25,710.90002,40451.0,0.3529079516400917,-0.8051529565174554
2576,2017-07-19,NSE:TIMKEN,712.0,780.0,712.0,767.45001,296334.0,7.954703672676781,0.3529079516400917
2577,2017-07-20,NSE:TIMKEN,765.0,766.0,733.0,737.70001,53259.0,-3.876473986885478,7.954703672676781
2578,2017-07-21,NSE:TIMKEN,743.70001,743.70001,721.09998,724.84998,33087.0,-1.7419045446400443,-3.876473986885478
2579,2017-07-24,NSE:TIMKEN,726.90002,737.79999,712.25,717.95001,19395.0,-0.9519169745993425,-1.7419045446400443
2580,2017-07-25,NSE:TIMKEN,724.45001,724.45001,709.20001,712.34998,33325.0,-0.7800027748450147,-0.9519169745993425
2581,2017-07-26,NSE:TIMKEN,706.0,740.0,706.0,725.15002,45999.0,1.796875182055888,-0.7800027748450147
2582,2017-07-27,NSE:TIMKEN,732.34998,737.95001,716.0,731.04999,33365.0,0.8136206077743664,1.796875182055888
2583,2017-07-28,NSE:TIMKEN,734.90002,743.5,721.04999,734.70001,18797.0,0.49928459748697085,0.8136206077743664
2584,2017-07-31,NSE:TIMKEN,739.0,739.79999,714.20001,719.95001,19365.0,-2.0076221313784925,0.49928459748697085
2585,2017-08-01,NSE:TIMKEN,732.0,732.0,716.25,718.25,7500.0,-0.2361288945603348,-2.0076221313784925
2586,2017-08-02,NSE:TIMKEN,716.0,726.54999,716.0,718.5,6916.0,0.034806822137138885,-0.2361288945603348
2587,2017-08-03,NSE:TIMKEN,714.79999,728.95001,711.0,712.65002,11308.0,-0.814193458594288,0.034806822137138885
2588,2017-08-04,NSE:TIMKEN,711.75,719.95001,690.20001,698.65002,8671.0,-1.9644986468954282,-0.814193458594288
2589,2017-08-07,NSE:TIMKEN,700.0,718.04999,699.84998,711.90002,10856.0,1.8965146526439662,-1.9644986468954282
2590,2017-08-08,NSE:TIMKEN,709.70001,714.0,683.04999,692.29999,13982.0,-2.753199810276738,1.8965146526439662
2591,2017-08-09,NSE:TIMKEN,680.0,694.0,679.0,680.79999,37655.0,-1.661129592100673,-2.753199810276738
2592,2017-08-10,NSE:TIMKEN,682.54999,699.0,674.5,692.25,27217.0,1.6818463819307665,-1.661129592100673
2593,2017-08-11,NSE:TIMKEN,687.0,696.0,666.0,677.20001,16158.0,-2.174068616829177,1.6818463819307665
2594,2017-08-14,NSE:TIMKEN,689.0,690.95001,681.29999,684.34998,15332.0,1.055813628827315,-2.174068616829177
2595,2017-08-16,NSE:TIMKEN,700.0,719.0,685.0,697.20001,19291.0,1.8776986009410068,1.055813628827315
2596,2017-08-17,NSE:TIMKEN,685.09998,731.0,685.09998,722.70001,33610.0,3.6574870387623775,1.8776986009410068
2597,2017-08-18,NSE:TIMKEN,714.45001,725.04999,700.0,712.29999,11418.0,-1.4390507618783677,3.6574870387623775
2598,2017-08-21,NSE:TIMKEN,707.5,729.95001,707.5,720.65002,15150.0,1.1722631078515193,-1.4390507618783677
2599,2017-08-22,NSE:TIMKEN,718.04999,719.75,695.15002,699.65002,9673.0,-2.91403585890416,1.1722631078515193
2600,2017-08-23,NSE:TIMKEN,697.09998,718.90002,697.09998,716.79999,13151.0,2.4512212548782513,-2.91403585890416
2601,2017-08-24,NSE:TIMKEN,714.5,729.0,711.5,722.54999,10821.0,0.8021763504767906,2.4512212548782513
2602,2017-08-28,NSE:TIMKEN,706.04999,732.0,706.04999,719.79999,13498.0,-0.38059650377962084,0.8021763504767906
2603,2017-08-29,NSE:TIMKEN,720.5,722.95001,714.95001,718.0,19444.0,-0.2500680779392592,-0.38059650377962084
2604,2017-08-30,NSE:TIMKEN,715.79999,731.0,715.79999,722.20001,29383.0,0.584959610027858,-0.2500680779392592
2605,2017-08-31,NSE:TIMKEN,728.5,736.95001,717.0,719.65002,39041.0,-0.3530863977695015,0.584959610027858
2606,2017-09-01,NSE:TIMKEN,720.75,729.95001,711.09998,712.34998,18079.0,-1.0143875213121067,-0.3530863977695015
2607,2017-09-04,NSE:TIMKEN,710.0,722.54999,701.0,705.15002,11812.0,-1.0107335161292375,-1.0143875213121067
2608,2017-09-05,NSE:TIMKEN,714.90002,722.90002,704.0,720.29999,19480.0,2.1484747316606385,-1.0107335161292375
2609,2017-09-06,NSE:TIMKEN,720.0,746.70001,719.0,733.20001,83486.0,1.7909232512970104,2.1484747316606385
2610,2017-09-07,NSE:TIMKEN,730.04999,750.90002,723.0,749.20001,48775.0,2.182214918409507,1.7909232512970104
2611,2017-09-08,NSE:TIMKEN,741.34998,761.0,741.34998,753.65002,24482.0,0.5939682248536036,2.182214918409507
2612,2017-09-11,NSE:TIMKEN,756.15002,763.40002,742.29999,754.0,16467.0,0.046438000492584015,0.5939682248536036
2613,2017-09-12,NSE:TIMKEN,752.5,761.20001,736.20001,741.5,10350.0,-1.6578249336870028,0.046438000492584015
2614,2017-09-13,NSE:TIMKEN,746.65002,755.34998,733.0,749.45001,15279.0,1.0721523937963615,-1.6578249336870028
2615,2017-09-14,NSE:TIMKEN,744.25,764.90002,740.0,759.65002,17570.0,1.3609993813997041,1.0721523937963615
2616,2017-09-15,NSE:TIMKEN,760.79999,795.0,760.65002,786.0,64089.0,3.468699967914166,1.3609993813997041
2617,2017-09-18,NSE:TIMKEN,771.70001,795.79999,767.04999,792.20001,30961.0,0.788805343511453,3.468699967914166
2618,2017-09-19,NSE:TIMKEN,786.09998,789.95001,766.0,779.54999,28383.0,-1.5968214895629755,0.788805343511453
2619,2017-09-20,NSE:TIMKEN,779.54999,820.0,758.0,764.15002,66693.0,-1.97549486210627,-1.5968214895629755
2620,2017-09-21,NSE:TIMKEN,764.0,789.84998,761.59998,764.75,16103.0,0.07851599611290457,-1.97549486210627
2621,2017-09-22,NSE:TIMKEN,764.0,764.5,746.29999,754.54999,10566.0,-1.3337705132396234,0.07851599611290457
2622,2017-09-25,NSE:TIMKEN,750.20001,764.09998,726.40002,738.95001,91908.0,-2.0674548017686623,-1.3337705132396234
2623,2017-09-26,NSE:TIMKEN,732.09998,768.95001,726.15002,757.15002,14439.0,2.4629555116996373,-2.0674548017686623
2624,2017-09-27,NSE:TIMKEN,761.0,767.75,731.20001,758.75,13317.0,0.21131611407736073,2.4629555116996373
2625,2017-09-28,NSE:TIMKEN,765.0,765.0,744.04999,759.04999,16607.0,0.03953739703459371,0.21131611407736073
2626,2017-09-29,NSE:TIMKEN,764.09998,785.0,758.0,772.20001,59443.0,1.7324313514581617,0.03953739703459371
2627,2017-10-03,NSE:TIMKEN,763.54999,782.79999,758.0,776.04999,12588.0,0.4985729021163778,1.7324313514581617
2628,2017-10-04,NSE:TIMKEN,766.25,789.90002,762.0,765.84998,8160.0,-1.3143496078132828,0.4985729021163778
2629,2017-10-05,NSE:TIMKEN,766.0,776.95001,760.15002,763.54999,4219.0,-0.30031860809084043,-1.3143496078132828
2630,2017-10-06,NSE:TIMKEN,778.0,778.0,761.34998,764.59998,6375.0,0.1375142444831909,-0.30031860809084043
2631,2017-10-09,NSE:TIMKEN,764.59998,778.95001,761.0,771.45001,6943.0,0.8958972245853396,0.1375142444831909
2632,2017-10-10,NSE:TIMKEN,770.04999,798.90002,761.09998,767.75,25638.0,-0.4796175969976357,0.8958972245853396
2633,2017-10-11,NSE:TIMKEN,772.0,794.34998,755.0,758.70001,12572.0,-1.1787678280690301,-0.4796175969976357
2634,2017-10-12,NSE:TIMKEN,758.5,770.95001,751.15002,760.79999,10187.0,0.27678660502455504,-1.1787678280690301
2635,2017-10-13,NSE:TIMKEN,773.0,773.0,752.0,768.34998,19398.0,0.9923751444844235,0.27678660502455504
2636,2017-10-16,NSE:TIMKEN,766.09998,782.0,750.09998,773.75,24278.0,0.7028073326689018,0.9923751444844235
2637,2017-10-17,NSE:TIMKEN,775.54999,786.65002,762.0,779.90002,17814.0,0.7948329563812653,0.7028073326689018
2638,2017-10-18,NSE:TIMKEN,774.45001,790.0,766.59998,779.40002,5314.0,-0.06411078178969658,0.7948329563812653
2639,2017-10-19,NSE:TIMKEN,780.0,785.0,768.0,772.25,1151.0,-0.9173748802315966,-0.06411078178969658
2640,2017-10-23,NSE:TIMKEN,772.15002,779.0,760.84998,766.34998,17862.0,-0.7640038847523523,-0.9173748802315966
2641,2017-10-24,NSE:TIMKEN,767.0,782.0,758.09998,779.25,19922.0,1.6833066270844088,-0.7640038847523523
2642,2017-10-25,NSE:TIMKEN,782.95001,788.5,764.0,777.5,19008.0,-0.22457491177414182,1.6833066270844088
2643,2017-10-26,NSE:TIMKEN,782.95001,789.0,766.04999,784.40002,17643.0,0.8874623794212271,-0.22457491177414182
2644,2017-10-27,NSE:TIMKEN,775.09998,784.79999,762.5,771.65002,17610.0,-1.6254461594735807,0.8874623794212271
2645,2017-10-30,NSE:TIMKEN,760.79999,777.34998,760.79999,771.5,6331.0,-0.01944145611504558,-1.6254461594735807
2646,2017-10-31,NSE:TIMKEN,779.20001,779.25,768.0,774.79999,30580.0,0.42773687621516265,-0.01944145611504558
2647,2017-11-01,NSE:TIMKEN,776.0,785.0,768.0,783.70001,12534.0,1.1486861273707607,0.42773687621516265
2648,2017-11-02,NSE:TIMKEN,786.04999,787.79999,765.0,774.09998,12370.0,-1.2249623424146772,1.1486861273707607
2649,2017-11-03,NSE:TIMKEN,780.0,789.79999,772.0,784.95001,7709.0,1.4016316083615015,-1.2249623424146772
2650,2017-11-06,NSE:TIMKEN,790.09998,790.09998,771.15002,774.34998,6590.0,-1.350408289057804,1.4016316083615015
2651,2017-11-07,NSE:TIMKEN,774.34998,790.0,771.0,777.5,10103.0,0.40679538727437436,-1.350408289057804
2652,2017-11-08,NSE:TIMKEN,777.84998,785.0,772.0,781.59998,4444.0,0.5273286173633388,0.40679538727437436
2653,2017-11-09,NSE:TIMKEN,780.0,798.5,772.0,787.90002,16419.0,0.806044032907995,0.5273286173633388
2654,2017-11-10,NSE:TIMKEN,800.0,800.0,773.0,784.79999,10281.0,-0.3934547431538408,0.806044032907995
2655,2017-11-13,NSE:TIMKEN,789.0,794.0,771.0,783.29999,19009.0,-0.1911315009063647,-0.3934547431538408
2656,2017-11-14,NSE:TIMKEN,788.95001,799.0,782.59998,788.0,19121.0,0.6000268173117199,-0.1911315009063647
2657,2017-11-15,NSE:TIMKEN,790.0,794.0,775.40002,777.90002,8503.0,-1.281723350253802,0.6000268173117199
2658,2017-11-16,NSE:TIMKEN,782.34998,790.45001,780.0,786.59998,5955.0,1.118390509875539,-1.281723350253802
2659,2017-11-17,NSE:TIMKEN,782.75,791.95001,779.09998,782.59998,5868.0,-0.5085176839185783,1.118390509875539
2660,2017-11-20,NSE:TIMKEN,783.65002,823.0,783.65002,803.45001,49812.0,2.664200170309238,-0.5085176839185783
2661,2017-11-21,NSE:TIMKEN,800.45001,923.0,795.84998,859.59998,301969.0,6.988607791541372,2.664200170309238
2662,2017-11-22,NSE:TIMKEN,870.0,888.79999,840.5,851.5,127954.0,-0.942296438862174,6.988607791541372
2663,2017-11-23,NSE:TIMKEN,856.0,856.0,821.0,825.59998,30913.0,-3.0416934820904333,-0.942296438862174
2664,2017-11-24,NSE:TIMKEN,831.0,855.0,825.0,847.90002,19663.0,2.701070801867035,-3.0416934820904333
2665,2017-11-27,NSE:TIMKEN,849.0,876.70001,836.0,844.25,22930.0,-0.430477640512385,2.701070801867035
2666,2017-11-28,NSE:TIMKEN,846.04999,862.75,844.0,854.09998,28241.0,1.1667136511696725,-0.430477640512385
2667,2017-11-29,NSE:TIMKEN,846.0,880.0,844.5,870.75,36917.0,1.9494228298658947,1.1667136511696725
2668,2017-11-30,NSE:TIMKEN,852.59998,880.0,850.0,869.70001,17881.0,-0.12058455354579153,1.9494228298658947
2669,2017-12-01,NSE:TIMKEN,870.95001,908.45001,852.04999,859.95001,63384.0,-1.1210762202934779,-0.12058455354579153
2670,2017-12-04,NSE:TIMKEN,874.15002,901.79999,874.15002,887.70001,140364.0,3.226931760835726,-1.1210762202934779
2671,2017-12-05,NSE:TIMKEN,891.90002,914.90002,882.0,896.79999,53261.0,1.0251188349090996,3.226931760835726
2672,2017-12-06,NSE:TIMKEN,896.95001,898.34998,875.25,884.70001,26682.0,-1.3492395333322829,1.0251188349090996
2673,2017-12-07,NSE:TIMKEN,884.0,896.79999,884.0,888.75,20640.0,0.45778116358334614,-1.3492395333322829
2674,2017-12-08,NSE:TIMKEN,880.0,895.5,871.29999,878.75,14246.0,-1.1251758087201125,0.45778116358334614
2675,2017-12-11,NSE:TIMKEN,895.0,895.0,873.5,877.40002,13339.0,-0.15362503556187307,-1.1251758087201125
2676,2017-12-12,NSE:TIMKEN,877.09998,886.95001,866.20001,870.65002,16754.0,-0.7693184233116384,-0.15362503556187307
2677,2017-12-13,NSE:TIMKEN,873.0,878.0,856.0,858.45001,15306.0,-1.4012530545855864,-0.7693184233116384
2678,2017-12-14,NSE:TIMKEN,862.0,865.54999,850.15002,855.95001,13720.0,-0.29122254888202515,-1.4012530545855864
2679,2017-12-15,NSE:TIMKEN,860.0,885.0,859.0,879.34998,13656.0,2.733801007841561,-0.29122254888202515
2680,2017-12-18,NSE:TIMKEN,879.34998,888.0,862.0,882.59998,10929.0,0.36959118370594607,2.733801007841561
2681,2017-12-19,NSE:TIMKEN,866.20001,895.0,866.20001,874.79999,22842.0,-0.8837514362962007,0.36959118370594607
2682,2017-12-20,NSE:TIMKEN,874.95001,893.0,872.0,887.09998,12916.0,1.406034538249135,-0.8837514362962007
2683,2017-12-21,NSE:TIMKEN,893.0,895.0,881.15002,888.04999,16092.0,0.10709164935388908,1.406034538249135
2684,2017-12-22,NSE:TIMKEN,893.40002,898.0,884.0,894.34998,8585.0,0.7094183965927391,0.10709164935388908
2685,2017-12-26,NSE:TIMKEN,885.04999,895.0,883.0,886.29999,6083.0,-0.9000939430892569,0.7094183965927391
2686,2017-12-27,NSE:TIMKEN,892.0,897.79999,883.29999,893.65002,7837.0,0.8292937022373272,-0.9000939430892569
2687,2017-12-28,NSE:TIMKEN,896.0,904.0,887.34998,899.04999,24529.0,0.6042600435458995,0.8292937022373272
2688,2017-12-29,NSE:TIMKEN,899.95001,905.59998,876.5,879.95001,16844.0,-2.1244625118120473,0.6042600435458995
2689,2018-01-01,NSE:TIMKEN,885.0,890.34998,870.79999,883.65002,10288.0,0.4204795679245483,-2.1244625118120473
2690,2018-01-02,NSE:TIMKEN,879.65002,938.0,870.0,874.79999,60619.0,-1.001531126542617,0.4204795679245483
2691,2018-01-03,NSE:TIMKEN,877.0,902.0,877.0,897.34998,42707.0,2.577730939388783,-1.001531126542617
2692,2018-01-04,NSE:TIMKEN,890.25,907.70001,883.5,886.65002,11571.0,-1.1923954129914751,2.577730939388783
2693,2018-01-05,NSE:TIMKEN,894.95001,940.5,889.65002,923.54999,94127.0,4.161728885992686,-1.1923954129914751
2694,2018-01-08,NSE:TIMKEN,916.5,932.75,905.0,919.34998,44144.0,-0.45476801964991853,4.161728885992686
2695,2018-01-09,NSE:TIMKEN,924.95001,925.54999,908.5,920.45001,22409.0,0.11965301832062483,-0.45476801964991853
2696,2018-01-10,NSE:TIMKEN,930.0,975.0,913.0,918.09998,214006.0,-0.2553131592665267,0.11965301832062483
2697,2018-01-11,NSE:TIMKEN,923.40002,944.0,915.15002,928.84998,47994.0,1.1708964420193104,-0.2553131592665267
2698,2018-01-12,NSE:TIMKEN,921.04999,1006.95,921.04999,983.75,234078.0,5.910536812413996,1.1708964420193104
2699,2018-01-15,NSE:TIMKEN,992.40002,995.25,956.15002,962.95001,39962.0,-2.1143573062261733,5.910536812413996
2700,2018-01-16,NSE:TIMKEN,965.0,985.0,934.79999,943.84998,24739.0,-1.9834913340932476,-2.1143573062261733
2701,2018-01-17,NSE:TIMKEN,939.5,949.09998,904.04999,921.70001,27006.0,-2.3467680743077346,-1.9834913340932476
2702,2018-01-18,NSE:TIMKEN,923.0,948.0,900.09998,907.65002,16666.0,-1.524356064615859,-2.3467680743077346
2703,2018-01-19,NSE:TIMKEN,909.0,929.84998,901.0,922.75,20083.0,1.663634624279517,-1.524356064615859
2704,2018-01-22,NSE:TIMKEN,925.0,928.0,910.09998,918.25,7657.0,-0.4876727174207532,1.663634624279517
2705,2018-01-23,NSE:TIMKEN,912.0,925.5,908.0,916.25,9061.0,-0.21780560849441874,-0.4876727174207532
2706,2018-01-24,NSE:TIMKEN,916.15002,936.84998,909.04999,923.09998,24174.0,0.7476103683492452,-0.21780560849441874
2707,2018-01-25,NSE:TIMKEN,924.29999,924.59998,910.09998,916.5,12350.0,-0.7149799743252037,0.7476103683492452
2708,2018-01-29,NSE:TIMKEN,916.5,934.84998,907.04999,913.90002,14585.0,-0.28368576104745874,-0.7149799743252037
2709,2018-01-30,NSE:TIMKEN,913.90002,913.90002,890.09998,898.54999,9205.0,-1.6796180833872898,-0.28368576104745874
2710,2018-01-31,NSE:TIMKEN,895.0,905.95001,881.04999,893.79999,43114.0,-0.5286294644552831,-1.6796180833872898
2711,2018-02-01,NSE:TIMKEN,885.20001,904.0,882.40002,899.54999,12796.0,0.643320660587611,-0.5286294644552831
2712,2018-02-02,NSE:TIMKEN,881.40002,893.84998,845.65002,855.04999,33478.0,-4.9469179583893945,0.643320660587611
2713,2018-02-05,NSE:TIMKEN,820.84998,904.0,768.95001,877.0,62093.0,2.567102538648064,-4.9469179583893945
2714,2018-02-06,NSE:TIMKEN,820.0,874.0,801.20001,850.20001,131833.0,-3.055871151653361,2.567102538648064
2715,2018-02-07,NSE:TIMKEN,858.65002,875.0,816.0,823.54999,16905.0,-3.1345588904427375,-3.055871151653361
2716,2018-02-08,NSE:TIMKEN,820.04999,845.0,811.54999,834.15002,11927.0,1.2871143377708087,-3.1345588904427375
2717,2018-02-09,NSE:TIMKEN,802.20001,839.90002,802.20001,826.90002,10557.0,-0.8691482138908299,1.2871143377708087
2718,2018-02-12,NSE:TIMKEN,825.0,835.15002,809.95001,820.45001,10924.0,-0.7800229585192198,-0.8691482138908299
2719,2018-02-14,NSE:TIMKEN,837.95001,837.95001,806.09998,817.40002,17359.0,-0.37174598852158947,-0.7800229585192198
2720,2018-02-15,NSE:TIMKEN,812.0,820.0,809.0,810.04999,9286.0,-0.8991962099536113,-0.37174598852158947
2721,2018-02-16,NSE:TIMKEN,807.25,819.0,801.0,806.54999,17751.0,-0.43207209964905996,-0.8991962099536113
2722,2018-02-19,NSE:TIMKEN,805.0,832.0,801.0,826.5,32355.0,2.473499503731941,-0.43207209964905996
2723,2018-02-20,NSE:TIMKEN,824.65002,831.90002,803.04999,808.20001,44503.0,-2.2141548699334517,2.473499503731941
2724,2018-02-21,NSE:TIMKEN,811.0,814.09998,798.0,804.79999,24606.0,-0.4206904179573124,-2.2141548699334517
2725,2018-02-22,NSE:TIMKEN,809.90002,809.90002,798.0,798.45001,12466.0,-0.7890134292869411,-0.4206904179573124
2726,2018-02-23,NSE:TIMKEN,798.0,824.25,791.0,820.79999,34198.0,2.7991708585487975,-0.7890134292869411
2727,2018-02-26,NSE:TIMKEN,810.0,829.90002,801.65002,804.5,22165.0,-1.98586625226445,2.7991708585487975
2728,2018-02-27,NSE:TIMKEN,809.95001,810.0,789.09998,794.34998,17268.0,-1.261655686761969,-1.98586625226445
2729,2018-02-28,NSE:TIMKEN,790.70001,811.79999,777.0,786.40002,21772.0,-1.0008132687307325,-1.261655686761969
2730,2018-03-01,NSE:TIMKEN,808.0,808.0,772.0,778.45001,13682.0,-1.0109371563851206,-1.0008132687307325
2731,2018-03-05,NSE:TIMKEN,786.15002,788.0,765.59998,774.5,41698.0,-0.5074198663058685,-1.0109371563851206
2732,2018-03-06,NSE:TIMKEN,779.90002,783.0,763.09998,770.15002,23552.0,-0.5616500968366636,-0.5074198663058685
2733,2018-03-07,NSE:TIMKEN,768.59998,774.0,732.09998,738.25,15973.0,-4.142052739283191,-0.5616500968366636
2734,2018-03-08,NSE:TIMKEN,740.15002,770.09998,711.15002,760.84998,30919.0,3.0612908906197034,-4.142052739283191
2735,2018-03-09,NSE:TIMKEN,768.45001,783.0,740.09998,755.59998,12492.0,-0.6900177614514756,3.0612908906197034
2736,2018-03-12,NSE:TIMKEN,760.0,763.20001,736.0,747.04999,18372.0,-1.1315497917297432,-0.6900177614514756
2737,2018-03-13,NSE:TIMKEN,747.09998,760.0,745.0,757.0,19254.0,1.3319068513741659,-1.1315497917297432
2738,2018-03-14,NSE:TIMKEN,753.54999,769.95001,742.84998,749.59998,157319.0,-0.9775455746367293,1.3319068513741659
2739,2018-03-15,NSE:TIMKEN,757.0,757.0,740.09998,746.5,14493.0,-0.4135512383551504,-0.9775455746367293
2740,2018-03-16,NSE:TIMKEN,746.54999,751.45001,713.15002,728.79999,13712.0,-2.371066309444075,-0.4135512383551504
2741,2018-03-19,NSE:TIMKEN,724.0,757.79999,716.5,744.84998,11439.0,2.2022489325226227,-2.371066309444075
2742,2018-03-20,NSE:TIMKEN,737.25,748.0,726.29999,731.54999,31472.0,-1.7855931203757274,2.2022489325226227
2743,2018-03-21,NSE:TIMKEN,740.0,740.0,720.0,724.0,10743.0,-1.0320538723539563,-1.7855931203757274
2744,2018-03-22,NSE:TIMKEN,722.5,729.90002,704.59998,713.04999,9573.0,-1.5124323204419916,-1.0320538723539563
2745,2018-03-23,NSE:TIMKEN,706.84998,732.0,699.70001,720.70001,186317.0,1.072858860849299,-1.5124323204419916
2746,2018-03-26,NSE:TIMKEN,712.59998,720.65002,698.0,704.90002,237693.0,-2.192311611040491,1.072858860849299
2747,2018-03-27,NSE:TIMKEN,705.20001,715.70001,686.09998,698.45001,44637.0,-0.9150248002546546,-2.192311611040491
2748,2018-03-28,NSE:TIMKEN,697.09998,710.0,679.0,705.45001,37135.0,1.0022191853071918,-0.9150248002546546
2749,2018-04-02,NSE:TIMKEN,690.0,728.0,690.0,719.59998,27750.0,2.005807612080116,1.0022191853071918
2750,2018-04-03,NSE:TIMKEN,728.95001,729.0,711.0,723.45001,6502.0,0.5350236391057238,2.005807612080116
2751,2018-04-04,NSE:TIMKEN,723.40002,740.15002,716.09998,726.34998,12835.0,0.40085285229313067,0.5350236391057238
2752,2018-04-05,NSE:TIMKEN,728.95001,741.65002,725.70001,734.25,20056.0,1.0876327139156858,0.40085285229313067
2753,2018-04-06,NSE:TIMKEN,739.90002,744.0,730.0,734.70001,21913.0,0.06128838951311137,1.0876327139156858
2754,2018-04-09,NSE:TIMKEN,741.70001,757.0,731.04999,746.04999,25977.0,1.5448454941493683,0.06128838951311137
2755,2018-04-10,NSE:TIMKEN,746.0,748.0,730.0,732.75,7869.0,-1.7827210211476552,1.5448454941493683
2756,2018-04-11,NSE:TIMKEN,737.20001,740.0,700.20001,703.20001,88268.0,-4.032751961787783,-1.7827210211476552
2757,2018-04-12,NSE:TIMKEN,710.0,718.95001,700.0,703.09998,44809.0,-0.01422497135630881,-4.032751961787783
2758,2018-04-13,NSE:TIMKEN,705.04999,709.84998,701.0,704.25,12029.0,0.16356422026921982,-0.01422497135630881
2759,2018-04-16,NSE:TIMKEN,705.40002,708.70001,702.09998,704.29999,5441.0,0.007098331558392583,0.16356422026921982
2760,2018-04-17,NSE:TIMKEN,704.84998,714.95001,703.0,707.90002,10732.0,0.5111500853492928,0.007098331558392583
2761,2018-04-18,NSE:TIMKEN,710.09998,711.04999,705.25,708.54999,8794.0,0.09181663817440482,0.5111500853492928
2762,2018-04-19,NSE:TIMKEN,703.04999,710.04999,702.04999,708.5,6903.0,-0.007055253786677744,0.09181663817440482
2763,2018-04-20,NSE:TIMKEN,706.0,708.90002,696.04999,703.0,16877.0,-0.776287932251235,-0.007055253786677744
2764,2018-04-23,NSE:TIMKEN,703.65002,710.0,688.54999,693.25,43955.0,-1.3869132290184922,-0.776287932251235
2765,2018-04-24,NSE:TIMKEN,695.95001,703.95001,691.0,698.25,18090.0,0.721240533717995,-1.3869132290184922
2766,2018-04-25,NSE:TIMKEN,698.45001,704.90002,692.29999,694.25,14564.0,-0.5728607232366631,0.721240533717995
2767,2018-04-26,NSE:TIMKEN,696.20001,700.0,690.0,699.29999,11374.0,0.727402232625132,-0.5728607232366631
2768,2018-04-27,NSE:TIMKEN,699.15002,700.0,691.09998,695.20001,13424.0,-0.5862977346817866,0.727402232625132
2769,2018-04-30,NSE:TIMKEN,696.15002,705.90002,685.0,688.15002,8596.0,-1.0140952098087541,-0.5862977346817866
2770,2018-05-02,NSE:TIMKEN,688.45001,699.0,685.65002,692.65002,5816.0,0.6539271771001329,-1.0140952098087541
2771,2018-05-03,NSE:TIMKEN,691.15002,694.0,682.0,685.5,6457.0,-1.032270236561899,0.6539271771001329
2772,2018-05-04,NSE:TIMKEN,683.95001,687.84998,680.90002,684.04999,5484.0,-0.21152589350839096,-1.032270236561899
2773,2018-05-07,NSE:TIMKEN,694.90002,694.90002,680.20001,687.59998,7173.0,0.518966457407591,-0.21152589350839096
2774,2018-05-08,NSE:TIMKEN,689.65002,693.0,682.04999,688.70001,4605.0,0.1599810983124317,0.518966457407591
2775,2018-05-09,NSE:TIMKEN,688.20001,689.5,676.0,679.45001,5641.0,-1.34311018813547,0.1599810983124317
2776,2018-05-10,NSE:TIMKEN,678.75,686.34998,666.0,667.65002,5807.0,-1.736697303161417,-1.34311018813547
2777,2018-05-11,NSE:TIMKEN,666.04999,698.0,660.0,682.95001,8267.0,2.2916182942674035,-1.736697303161417
2778,2018-05-14,NSE:TIMKEN,688.20001,701.04999,686.59998,694.04999,8823.0,1.6252990464118975,2.2916182942674035
2779,2018-05-15,NSE:TIMKEN,699.20001,711.0,680.0,685.54999,13868.0,-1.2246956447618422,1.6252990464118975
2780,2018-05-16,NSE:TIMKEN,685.0,699.79999,670.09998,688.20001,6718.0,0.3865538675013387,-1.2246956447618422
2781,2018-05-17,NSE:TIMKEN,686.5,700.0,684.04999,696.20001,5372.0,1.1624527584647957,0.3865538675013387
2782,2018-05-18,NSE:TIMKEN,700.0,709.90002,686.09998,707.79999,13955.0,1.6661849803765383,1.1624527584647957
2783,2018-05-21,NSE:TIMKEN,708.0,709.75,685.0,691.75,7431.0,-2.267588333817295,1.6661849803765383
2784,2018-05-22,NSE:TIMKEN,691.0,705.0,678.29999,697.04999,10316.0,0.7661713046620859,-2.267588333817295
2785,2018-05-23,NSE:TIMKEN,697.25,705.95001,681.25,688.84998,12820.0,-1.1763876504754014,0.7661713046620859
2786,2018-05-24,NSE:TIMKEN,699.95001,712.0,685.0,692.54999,295971.0,0.5371285631742372,-1.1763876504754014
2787,2018-05-25,NSE:TIMKEN,686.0,712.75,686.0,702.75,20726.0,1.472819312292535,0.5371285631742372
2788,2018-05-28,NSE:TIMKEN,702.0,725.0,701.84998,722.34998,27254.0,2.7890401992173546,1.472819312292535
2789,2018-05-29,NSE:TIMKEN,721.95001,721.95001,706.5,709.15002,40762.0,-1.827363517058576,2.7890401992173546
2790,2018-05-30,NSE:TIMKEN,712.0,746.0,709.29999,741.54999,48906.0,4.56884567245728,-1.827363517058576
2791,2018-05-31,NSE:TIMKEN,745.0,748.95001,701.0,713.54999,32170.0,-3.775874907637717,4.56884567245728
2792,2018-06-01,NSE:TIMKEN,712.95001,716.45001,704.95001,710.29999,16230.0,-0.4554691395903461,-3.775874907637717
2793,2018-06-04,NSE:TIMKEN,708.20001,711.0,697.0,704.65002,20470.0,-0.7954343347238312,-0.4554691395903461
2794,2018-06-05,NSE:TIMKEN,702.29999,729.79999,691.0,714.54999,34175.0,1.4049485161442186,-0.7954343347238312
2795,2018-06-06,NSE:TIMKEN,719.95001,729.0,703.0,707.04999,21070.0,-1.0496116583809623,1.4049485161442186
2796,2018-06-07,NSE:TIMKEN,707.40002,739.0,705.0,729.34998,18683.0,3.153948138801329,-1.0496116583809623
2797,2018-06-08,NSE:TIMKEN,729.90002,729.90002,716.0,722.84998,10068.0,-0.8912045215933235,3.153948138801329
2798,2018-06-11,NSE:TIMKEN,713.0,812.70001,710.04999,768.5,361452.0,6.315282736813528,-0.8912045215933235
2799,2018-06-12,NSE:TIMKEN,768.0,784.0,755.65002,773.45001,36656.0,0.6441132075471725,6.315282736813528
2800,2018-06-13,NSE:TIMKEN,778.09998,778.09998,755.59998,757.40002,13257.0,-2.075116658153509,0.6441132075471725
2801,2018-06-14,NSE:TIMKEN,757.40002,775.15002,740.0,761.65002,18522.0,0.5611301673849969,-2.075116658153509
2802,2018-06-15,NSE:TIMKEN,765.95001,765.95001,748.54999,753.40002,9322.0,-1.0831746580929649,0.5611301673849969
2803,2018-06-18,NSE:TIMKEN,753.20001,756.15002,740.0,742.5,9121.0,-1.446777237940615,-1.0831746580929649
2804,2018-06-19,NSE:TIMKEN,741.5,756.84998,727.84998,729.40002,9467.0,-1.7643070707070652,-1.446777237940615
2805,2018-06-20,NSE:TIMKEN,734.40002,738.95001,725.0,731.75,8106.0,0.32217986503482127,-1.7643070707070652
2806,2018-06-21,NSE:TIMKEN,731.95001,744.34998,723.84998,735.59998,6918.0,0.5261332422275311,0.32217986503482127
2807,2018-06-22,NSE:TIMKEN,736.75,774.70001,736.75,767.29999,49907.0,4.309408763170442,0.5261332422275311
2808,2018-06-25,NSE:TIMKEN,763.0,773.45001,742.0,755.34998,14524.0,-1.557410420401546,4.309408763170442
2809,2018-06-26,NSE:TIMKEN,755.29999,755.29999,744.0,748.09998,6424.0,-0.9598199764299988,-1.557410420401546
2810,2018-06-27,NSE:TIMKEN,748.40002,750.04999,728.34998,738.20001,9836.0,-1.3233485182020643,-0.9598199764299988
2811,2018-06-28,NSE:TIMKEN,737.15002,738.5,717.0,719.84998,7858.0,-2.485780242674348,-1.3233485182020643
2812,2018-06-29,NSE:TIMKEN,721.34998,724.0,713.15002,720.70001,13772.0,0.11808432640368495,-2.485780242674348
2813,2018-07-02,NSE:TIMKEN,725.70001,725.70001,707.0,708.79999,5295.0,-1.6511752233776216,0.11808432640368495
2814,2018-07-03,NSE:TIMKEN,710.5,758.0,707.25,749.79999,88150.0,5.784424460841203,-1.6511752233776216
2815,2018-07-04,NSE:TIMKEN,748.15002,751.79999,728.0,747.34998,112102.0,-0.32675513906048737,5.784424460841203
2816,2018-07-05,NSE:TIMKEN,746.09998,750.54999,735.09998,747.29999,6401.0,-0.006688967864825496,-0.32675513906048737
2817,2018-07-06,NSE:TIMKEN,744.95001,769.0,740.0,751.90002,27518.0,0.6155533335414685,-0.006688967864825496
2818,2018-07-09,NSE:TIMKEN,750.0,753.79999,741.95001,743.54999,9117.0,-1.1105239763127097,0.6155533335414685
2819,2018-07-10,NSE:TIMKEN,740.04999,760.0,727.45001,734.70001,46040.0,-1.1902333560652674,-1.1105239763127097
2820,2018-07-11,NSE:TIMKEN,732.75,732.79999,722.0,723.54999,7618.0,-1.5176289435466375,-1.1902333560652674
2821,2018-07-12,NSE:TIMKEN,723.15002,743.0,722.70001,739.84998,22339.0,2.2527800739794053,-1.5176289435466375
2822,2018-07-13,NSE:TIMKEN,737.54999,748.0,725.0,737.09998,10469.0,-0.37169697564903637,2.2527800739794053
2823,2018-07-16,NSE:TIMKEN,726.09998,744.0,721.84998,726.79999,8582.0,-1.3973667452819603,-0.37169697564903637
2824,2018-07-17,NSE:TIMKEN,727.15002,744.0,721.84998,735.70001,8287.0,1.2245487235078307,-1.3973667452819603
2825,2018-07-18,NSE:TIMKEN,730.95001,742.0,725.04999,733.79999,6413.0,-0.258260156881069,1.2245487235078307
2826,2018-07-19,NSE:TIMKEN,729.29999,735.0,724.0,725.20001,2540.0,-1.1719787567726676,-0.258260156881069
2827,2018-07-20,NSE:TIMKEN,724.29999,726.0,711.90002,716.95001,5383.0,-1.1376171933588362,-1.1719787567726676
2828,2018-07-23,NSE:TIMKEN,711.54999,738.5,711.54999,735.0,8268.0,2.517607887333732,-1.1376171933588362
2829,2018-07-24,NSE:TIMKEN,736.04999,738.65002,715.09998,725.79999,13984.0,-1.2517020408163293,2.517607887333732
2830,2018-07-25,NSE:TIMKEN,737.5,737.5,717.0,721.84998,5725.0,-0.5442284450844399,-1.2517020408163293
2831,2018-07-26,NSE:TIMKEN,722.0,726.65002,715.0,718.20001,7130.0,-0.5056410751718715,-0.5442284450844399
2832,2018-07-27,NSE:TIMKEN,716.0,724.0,715.90002,720.65002,9958.0,0.3411319919084964,-0.5056410751718715
2833,2018-07-30,NSE:TIMKEN,720.65002,735.0,716.0,723.59998,12785.0,0.40934710582536565,0.3411319919084964
2834,2018-07-31,NSE:TIMKEN,723.59998,733.79999,717.0,726.79999,11654.0,0.4422346722563509,0.40934710582536565
2835,2018-08-01,NSE:TIMKEN,729.84998,758.90002,726.40002,754.29999,26902.0,3.78370946317707,0.4422346722563509
2836,2018-08-02,NSE:TIMKEN,755.04999,760.0,747.0,752.59998,20342.0,-0.2253758481423313,3.78370946317707
2837,2018-08-03,NSE:TIMKEN,756.40002,758.59998,736.45001,742.15002,9305.0,-1.3885145200242923,-0.2253758481423313
2838,2018-08-06,NSE:TIMKEN,737.0,754.40002,731.29999,733.90002,10713.0,-1.1116350842380895,-1.3885145200242923
2839,2018-08-07,NSE:TIMKEN,735.0,739.0,720.0,723.45001,12526.0,-1.4239010376372547,-1.1116350842380895
2840,2018-08-08,NSE:TIMKEN,720.04999,750.0,714.04999,727.59998,13388.0,0.5736360415559244,-1.4239010376372547
2841,2018-08-09,NSE:TIMKEN,726.45001,730.04999,715.0,716.84998,32044.0,-1.4774601835475587,0.5736360415559244
2842,2018-08-10,NSE:TIMKEN,719.20001,725.0,711.90002,715.90002,7541.0,-0.13251866171495452,-1.4774601835475587
2843,2018-08-13,NSE:TIMKEN,730.0,735.0,705.54999,709.59998,27148.0,-0.8800167375327187,-0.13251866171495452
2844,2018-08-14,NSE:TIMKEN,711.95001,716.0,702.15002,707.90002,16951.0,-0.23956595940150946,-0.8800167375327187
2845,2018-08-16,NSE:TIMKEN,714.70001,721.0,707.25,712.15002,11369.0,0.6003672665526977,-0.23956595940150946
2846,2018-08-17,NSE:TIMKEN,717.90002,717.90002,706.40002,709.45001,9864.0,-0.37913500304332226,0.6003672665526977
2847,2018-08-20,NSE:TIMKEN,719.95001,720.0,708.20001,709.75,11281.0,0.04228486796412615,-0.37913500304332226
2848,2018-08-21,NSE:TIMKEN,713.84998,724.0,708.5,716.75,15585.0,0.9862627685804861,0.04228486796412615
2849,2018-08-23,NSE:TIMKEN,715.15002,719.90002,703.0,708.20001,8564.0,-1.1928831531217272,0.9862627685804861
2850,2018-08-24,NSE:TIMKEN,705.04999,719.0,701.0,705.59998,11803.0,-0.36713216087077727,-1.1928831531217272
2851,2018-08-27,NSE:TIMKEN,709.95001,734.0,706.54999,716.40002,34853.0,1.5306179572170737,-0.36713216087077727
2852,2018-08-28,NSE:TIMKEN,716.0,720.0,698.0,699.65002,52971.0,-2.338079220042456,1.5306179572170737
2853,2018-08-29,NSE:TIMKEN,704.95001,719.95001,688.5,691.15002,29493.0,-1.2148931261375508,-2.338079220042456
2854,2018-08-30,NSE:TIMKEN,696.70001,720.0,683.5,688.45001,57597.0,-0.39065469462042696,-1.2148931261375508
2855,2018-08-31,NSE:TIMKEN,692.90002,711.0,685.95001,692.65002,70937.0,0.6100675341699857,-0.39065469462042696
2856,2018-09-03,NSE:TIMKEN,695.0,702.90002,655.04999,658.90002,175209.0,-4.872590633867302,0.6100675341699857
2857,2018-09-04,NSE:TIMKEN,661.0,667.0,629.0,636.75,100605.0,-3.361666311681101,-4.872590633867302
2858,2018-09-05,NSE:TIMKEN,630.15002,641.95001,614.04999,633.84998,29571.0,-0.45544091087554617,-3.361666311681101
2859,2018-09-06,NSE:TIMKEN,637.34998,665.0,633.0,660.75,73418.0,4.243909576206035,-0.45544091087554617
2860,2018-09-07,NSE:TIMKEN,661.0,676.54999,650.0,663.70001,29125.0,0.4464638668180129,4.243909576206035
2861,2018-09-10,NSE:TIMKEN,664.0,668.45001,652.09998,655.0,11632.0,-1.3108346947290266,0.4464638668180129
2862,2018-09-11,NSE:TIMKEN,660.34998,660.34998,645.0,651.20001,10632.0,-0.5801511450381648,-1.3108346947290266
2863,2018-09-12,NSE:TIMKEN,645.15002,654.79999,635.59998,646.90002,9986.0,-0.6603178645528552,-0.5801511450381648
2864,2018-09-14,NSE:TIMKEN,645.29999,656.75,645.25,652.5,9786.0,0.8656639089298466,-0.6603178645528552
2865,2018-09-17,NSE:TIMKEN,646.09998,663.40002,640.04999,648.54999,14082.0,-0.6053655172413824,0.8656639089298466
2866,2018-09-18,NSE:TIMKEN,645.09998,657.0,637.0,639.09998,9803.0,-1.4570981644761138,-0.6053655172413824
2867,2018-09-19,NSE:TIMKEN,638.04999,655.0,635.0,636.59998,14658.0,-0.3911751022117072,-1.4570981644761138
2868,2018-09-21,NSE:TIMKEN,642.34998,649.45001,610.0,618.79999,50620.0,-2.7961028211153858,-0.3911751022117072
2869,2018-09-24,NSE:TIMKEN,618.90002,627.5,611.0,618.09998,10807.0,-0.11312378980484798,-2.7961028211153858
2870,2018-09-25,NSE:TIMKEN,610.0,624.70001,607.5,611.54999,14629.0,-1.0596974942468014,-0.11312378980484798
2871,2018-09-26,NSE:TIMKEN,612.0,624.79999,597.0,602.09998,101640.0,-1.5452555235917869,-1.0596974942468014
2872,2018-09-27,NSE:TIMKEN,602.95001,604.75,596.0,599.20001,4783.0,-0.4816426002870719,-1.5452555235917869
2873,2018-09-28,NSE:TIMKEN,597.09998,604.75,585.95001,600.65002,33924.0,0.24199098394541416,-0.4816426002870719
2874,2018-10-01,NSE:TIMKEN,595.45001,595.45001,570.09998,580.70001,16072.0,-3.321403368970173,0.24199098394541416
2875,2018-10-03,NSE:TIMKEN,588.79999,591.0,571.0,584.70001,17879.0,0.6888238214426757,-3.321403368970173
2876,2018-10-04,NSE:TIMKEN,587.04999,587.04999,574.09998,578.54999,8254.0,-1.0518248494642648,0.6888238214426757
2877,2018-10-05,NSE:TIMKEN,578.54999,581.65002,557.0,565.75,7357.0,-2.212425930557873,-1.0518248494642648
2878,2018-10-08,NSE:TIMKEN,565.95001,580.0,549.0,553.5,15639.0,-2.1652673442333183,-2.212425930557873
2879,2018-10-09,NSE:TIMKEN,565.0,565.34998,550.09998,554.45001,5480.0,0.17163685636856735,-2.1652673442333183
2880,2018-10-10,NSE:TIMKEN,554.25,565.0,548.04999,551.59998,14704.0,-0.5140283070785878,0.17163685636856735
2881,2018-10-11,NSE:TIMKEN,548.0,560.0,544.95001,549.59998,7754.0,-0.36258159400223333,-0.5140283070785878
2882,2018-10-12,NSE:TIMKEN,550.54999,563.5,548.0,556.59998,8102.0,1.2736536125783702,-0.36258159400223333
2883,2018-10-15,NSE:TIMKEN,562.09998,564.65002,550.59998,559.59998,19461.0,0.538986724361722,1.2736536125783702
2884,2018-10-16,NSE:TIMKEN,562.95001,582.0,553.0,559.09998,36260.0,-0.08934953857575192,0.538986724361722
2885,2018-10-17,NSE:TIMKEN,560.0,571.29999,545.0,549.70001,28879.0,-1.6812681696035725,-0.08934953857575192
2886,2018-10-19,NSE:TIMKEN,555.0,555.0,540.0,545.84998,8648.0,-0.7003874713409702,-1.6812681696035725
2887,2018-10-22,NSE:TIMKEN,546.95001,559.90002,531.79999,537.09998,7226.0,-1.6030045471468186,-0.7003874713409702
2888,2018-10-23,NSE:TIMKEN,542.0,542.0,530.65002,534.90002,5793.0,-0.4095997173561464,-1.6030045471468186
2889,2018-10-24,NSE:TIMKEN,534.0,542.0,530.0,535.75,6793.0,0.1589044621834113,-0.4095997173561464
2890,2018-10-25,NSE:TIMKEN,535.75,536.0,525.5,529.15002,7721.0,-1.2319141390573887,0.1589044621834113
2891,2018-10-26,NSE:TIMKEN,525.54999,528.0,517.09998,518.59998,8696.0,-1.9937710670407005,-1.2319141390573887
2892,2018-10-29,NSE:TIMKEN,517.0,522.75,512.20001,514.70001,12369.0,-0.7520189260323418,-1.9937710670407005
2893,2018-10-30,NSE:TIMKEN,518.0,519.95001,511.0,513.40002,28423.0,-0.25257236734850264,-0.7520189260323418
2894,2018-10-31,NSE:TIMKEN,512.0,529.75,512.0,523.59998,46267.0,1.9867470982957731,-0.25257236734850264
2895,2018-11-01,NSE:TIMKEN,528.45001,531.95001,517.0,520.54999,14646.0,-0.582503841959654,1.9867470982957731
2896,2018-11-02,NSE:TIMKEN,523.40002,538.79999,522.04999,527.09998,66099.0,1.2582826098988074,-0.582503841959654
2897,2018-11-05,NSE:TIMKEN,530.0,540.0,522.0,526.45001,15419.0,-0.12331057193360913,1.2582826098988074
2898,2018-11-06,NSE:TIMKEN,527.0,539.90002,525.0,529.79999,26409.0,0.6363339227593442,-0.12331057193360913
2899,2018-11-07,NSE:TIMKEN,534.90002,536.95001,530.0,533.75,3548.0,0.7455662654882308,0.6363339227593442
2900,2018-11-09,NSE:TIMKEN,538.0,538.0,526.09998,528.25,11244.0,-1.0304449648711944,0.7455662654882308
2901,2018-11-12,NSE:TIMKEN,537.0,537.0,517.09998,519.95001,22359.0,-1.5712238523426367,-1.0304449648711944
2902,2018-11-13,NSE:TIMKEN,519.95001,525.04999,512.0,521.20001,8484.0,0.24040772688897535,-1.5712238523426367
2903,2018-11-14,NSE:TIMKEN,518.04999,534.04999,517.0,518.25,79297.0,-0.5660034427090707,0.24040772688897535
2904,2018-11-15,NSE:TIMKEN,519.09998,538.0,519.0,524.65002,52167.0,1.234929088277866,-0.5660034427090707
2905,2018-11-16,NSE:TIMKEN,520.75,530.0,515.0,527.79999,20937.0,0.6003945258593413,1.234929088277866
2906,2018-11-19,NSE:TIMKEN,527.04999,529.34998,523.34998,526.54999,8384.0,-0.23683213787101437,0.6003945258593413
2907,2018-11-20,NSE:TIMKEN,527.95001,527.95001,516.79999,521.15002,10425.0,-1.0255379550951924,-0.23683213787101437
2908,2018-11-21,NSE:TIMKEN,526.0,528.0,517.29999,519.45001,8829.0,-0.3262035756997611,-1.0255379550951924
2909,2018-11-22,NSE:TIMKEN,519.54999,520.0,501.0,506.04999,360249.0,-2.5796553550937538,-0.3262035756997611
2910,2018-11-26,NSE:TIMKEN,511.04999,511.85001,502.89999,507.0,17097.0,0.1877304651265817,-2.5796553550937538
2911,2018-11-27,NSE:TIMKEN,510.0,526.70001,504.0,517.90002,102106.0,2.149905325443795,0.1877304651265817
2912,2018-11-28,NSE:TIMKEN,522.90002,525.0,515.0,517.25,8343.0,-0.1255107115076073,2.149905325443795
2913,2018-11-29,NSE:TIMKEN,517.25,532.0,517.25,521.40002,31794.0,0.8023238279362089,-0.1255107115076073
2914,2018-11-30,NSE:TIMKEN,521.15002,538.95001,516.79999,531.75,42213.0,1.9850363642103348,0.8023238279362089
2915,2018-12-03,NSE:TIMKEN,531.75,543.79999,531.75,536.09998,11968.0,0.8180498354489816,1.9850363642103348
2916,2018-12-04,NSE:TIMKEN,536.75,542.0,517.5,521.54999,20890.0,-2.7140441228891636,0.8180498354489816
2917,2018-12-05,NSE:TIMKEN,521.29999,522.95001,511.0,516.59998,9365.0,-0.9490959821512067,-2.7140441228891636
2918,2018-12-06,NSE:TIMKEN,515.0,517.90002,500.75,501.89999,16063.0,-2.8455266297145343,-0.9490959821512067
2919,2018-12-07,NSE:TIMKEN,501.0,518.40002,501.0,512.15002,16599.0,2.042245507914841,-2.8455266297145343
2920,2018-12-10,NSE:TIMKEN,501.29999,512.20001,500.0,509.70001,8765.0,-0.47837740980660703,2.042245507914841
2921,2018-12-11,NSE:TIMKEN,510.0,528.95001,505.60001,527.0,16244.0,3.3941513950529414,-0.47837740980660703
2922,2018-12-12,NSE:TIMKEN,535.0,540.0,524.0,536.75,11585.0,1.8500948766603416,3.3941513950529414
2923,2018-12-13,NSE:TIMKEN,535.95001,587.09998,535.95001,583.04999,128919.0,8.625987890079175,1.8500948766603416
2924,2018-12-14,NSE:TIMKEN,585.0,593.45001,573.0,581.79999,26128.0,-0.21438985017391046,8.625987890079175
2925,2018-12-17,NSE:TIMKEN,580.0,587.0,570.25,584.09998,13867.0,0.3953231418927972,-0.21438985017391046
2926,2018-12-18,NSE:TIMKEN,582.79999,591.45001,569.59998,579.59998,15952.0,-0.7704160510329071,0.3953231418927972
2927,2018-12-19,NSE:TIMKEN,585.34998,591.79999,577.04999,581.09998,12195.0,0.2587991807729186,-0.7704160510329071
2928,2018-12-20,NSE:TIMKEN,582.0,588.90002,576.0,582.70001,5773.0,0.27534504475461535,0.2587991807729186
2929,2018-12-21,NSE:TIMKEN,582.75,585.95001,563.0,567.65002,9528.0,-2.582802426929764,0.27534504475461535
2930,2018-12-24,NSE:TIMKEN,563.0,572.70001,545.0,545.90002,15389.0,-3.831586229839294,-2.582802426929764
2931,2018-12-26,NSE:TIMKEN,549.0,565.09998,530.29999,548.65002,15592.0,0.5037552480763785,-3.831586229839294
2932,2018-12-27,NSE:TIMKEN,548.0,563.0,548.0,557.5,8460.0,1.6130465100502427,0.5037552480763785
2933,2018-12-28,NSE:TIMKEN,559.40002,572.0,556.54999,567.65002,8025.0,1.8206313901345366,1.6130465100502427
2934,2018-12-31,NSE:TIMKEN,565.45001,585.0,564.25,581.0,14474.0,2.351797679845049,1.8206313901345366
2935,2019-01-01,NSE:TIMKEN,580.75,617.40002,575.0,610.90002,68617.0,5.14630292598968,2.351797679845049
2936,2019-01-02,NSE:TIMKEN,610.90002,625.0,601.0,605.84998,40758.0,-0.8266557267423367,5.14630292598968
2937,2019-01-03,NSE:TIMKEN,607.95001,614.84998,596.0,599.84998,14298.0,-0.9903441772829638,-0.8266557267423367
2938,2019-01-04,NSE:TIMKEN,597.54999,601.0,588.0,590.75,11338.0,-1.5170426445625556,-0.9903441772829638
2939,2019-01-07,NSE:TIMKEN,591.09998,602.40002,585.09998,587.0,6271.0,-0.6347862886161659,-1.5170426445625556
2940,2019-01-08,NSE:TIMKEN,587.0,608.25,579.75,598.5,16433.0,1.9591141396933562,-0.6347862886161659
2941,2019-01-09,NSE:TIMKEN,597.25,598.5,587.5,590.59998,15631.0,-1.319969924812037,1.9591141396933562
2942,2019-01-10,NSE:TIMKEN,588.34998,610.0,584.95001,590.5,48677.0,-0.016928547813354067,-1.319969924812037
2943,2019-01-11,NSE:TIMKEN,594.90002,600.0,588.0,592.29999,17560.0,0.3048247248094801,-0.016928547813354067
2944,2019-01-14,NSE:TIMKEN,592.04999,600.95001,590.5,595.70001,21719.0,0.5740368153644643,0.3048247248094801
2945,2019-01-15,NSE:TIMKEN,595.04999,599.20001,577.0,580.75,9001.0,-2.5096541462203468,0.5740368153644643
2946,2019-01-16,NSE:TIMKEN,580.75,591.70001,575.0,579.0,10185.0,-0.30133448127421436,-2.5096541462203468
2947,2019-01-17,NSE:TIMKEN,582.0,588.5,569.25,576.20001,22920.0,-0.48359067357512603,-0.30133448127421436
2948,2019-01-18,NSE:TIMKEN,581.0,584.90002,575.54999,578.34998,9424.0,0.3731291153569989,-0.48359067357512603
2949,2019-01-21,NSE:TIMKEN,583.34998,585.04999,565.04999,568.20001,6871.0,-1.7549875250276552,0.3731291153569989
2950,2019-01-22,NSE:TIMKEN,564.40002,565.90002,558.09998,560.09998,13060.0,-1.425559637001777,-1.7549875250276552
2951,2019-01-23,NSE:TIMKEN,563.95001,564.95001,556.54999,560.70001,4087.0,0.10712908791749301,-1.425559637001777
2952,2019-01-24,NSE:TIMKEN,551.25,559.90002,551.0,556.40002,6356.0,-0.7668967225450878,0.10712908791749301
2953,2019-01-25,NSE:TIMKEN,555.59998,577.0,548.0,550.84998,6797.0,-0.9974909778040771,-0.7668967225450878
2954,2019-01-28,NSE:TIMKEN,546.0,550.5,526.0,529.25,17138.0,-3.9212091829430515,-0.9974909778040771
2955,2019-01-29,NSE:TIMKEN,530.04999,541.04999,525.54999,535.20001,6891.0,1.124234293812002,-3.9212091829430515
2956,2019-01-30,NSE:TIMKEN,535.20001,569.95001,535.20001,564.15002,18074.0,5.409194592503842,1.124234293812002
2957,2019-01-31,NSE:TIMKEN,569.90002,574.79999,560.5,565.20001,6302.0,0.18611893340001648,5.409194592503842
2958,2019-02-01,NSE:TIMKEN,569.70001,580.59998,561.0,570.65002,10581.0,0.9642621910073957,0.18611893340001648
2959,2019-02-04,NSE:TIMKEN,570.0,578.95001,553.04999,575.0,10943.0,0.7622850867507126,0.9642621910073957
2960,2019-02-05,NSE:TIMKEN,573.90002,573.90002,564.5,568.25,4514.0,-1.1739130434782608,0.7622850867507126
2961,2019-02-06,NSE:TIMKEN,555.04999,565.45001,555.0,556.25,4546.0,-2.111746590409151,-1.1739130434782608
2962,2019-02-07,NSE:TIMKEN,557.04999,581.54999,557.04999,562.79999,17606.0,1.177526292134828,-2.111746590409151
2963,2019-02-08,NSE:TIMKEN,570.0,585.04999,570.0,579.09998,72947.0,2.896231394744691,1.177526292134828
2964,2019-02-11,NSE:TIMKEN,588.90002,588.90002,555.0,559.70001,7014.0,-3.350020837507185,2.896231394744691
2965,2019-02-12,NSE:TIMKEN,556.70001,565.0,550.0,552.0,7631.0,-1.3757387640568417,-3.350020837507185
2966,2019-02-13,NSE:TIMKEN,552.65002,557.45001,535.90002,539.0,4573.0,-2.355072463768116,-1.3757387640568417
2967,2019-02-14,NSE:TIMKEN,539.0,544.90002,531.04999,540.15002,5461.0,0.21336178107607429,-2.355072463768116
2968,2019-02-15,NSE:TIMKEN,548.0,548.09998,518.5,520.75,36440.0,-3.5915984970249637,0.21336178107607429
2969,2019-02-18,NSE:TIMKEN,522.95001,526.34998,507.0,509.54999,12356.0,-2.1507460393663025,-3.5915984970249637
2970,2019-02-19,NSE:TIMKEN,511.0,522.0,511.0,516.04999,14962.0,1.2756353895718848,-2.1507460393663025
2971,2019-02-20,NSE:TIMKEN,517.0,531.0,516.25,527.79999,10772.0,2.276911196142064,1.2756353895718848
2972,2019-02-21,NSE:TIMKEN,524.45001,560.0,524.45001,551.25,28193.0,4.442972801117336,2.276911196142064
2973,2019-02-22,NSE:TIMKEN,547.09998,563.0,547.09998,558.75,10786.0,1.3605442176870748,4.442972801117336
2974,2019-02-25,NSE:TIMKEN,558.0,563.0,550.09998,551.40002,4110.0,-1.3154326621923866,1.3605442176870748
2975,2019-02-26,NSE:TIMKEN,551.5,578.0,540.04999,567.84998,40812.0,2.9833078352082607,-1.3154326621923866
2976,2019-02-27,NSE:TIMKEN,565.5,576.70001,553.90002,560.25,10822.0,-1.3383781399446313,2.9833078352082607
2977,2019-02-28,NSE:TIMKEN,558.0,585.0,555.90002,570.5,9046.0,1.8295403837572513,-1.3383781399446313
2978,2019-03-01,NSE:TIMKEN,570.5,576.20001,565.0,568.04999,4657.0,-0.4294496056091184,1.8295403837572513
2979,2019-03-05,NSE:TIMKEN,573.70001,587.04999,559.25,585.40002,35356.0,3.0543139345887607,-0.4294496056091184
2980,2019-03-06,NSE:TIMKEN,584.0,597.84998,584.0,590.29999,18051.0,0.8370293530225604,3.0543139345887607
2981,2019-03-07,NSE:TIMKEN,590.09998,600.40002,590.0,593.54999,18993.0,0.5505675173736663,0.8370293530225604
2982,2019-03-08,NSE:TIMKEN,590.59998,593.5,568.54999,573.0,23130.0,-3.4622172262188027,0.5505675173736663
2983,2019-03-11,NSE:TIMKEN,573.0,590.0,573.0,582.15002,23767.0,1.5968621291448586,-3.4622172262188027
2984,2019-03-12,NSE:TIMKEN,579.0,594.90002,579.0,585.90002,8453.0,0.6441638531593625,1.5968621291448586
2985,2019-03-13,NSE:TIMKEN,585.90002,599.0,577.04999,579.29999,38684.0,-1.126477176088859,0.6441638531593625
2986,2019-03-14,NSE:TIMKEN,592.90002,592.90002,574.25,575.65002,6566.0,-0.630065607285776,-1.126477176088859
2987,2019-03-15,NSE:TIMKEN,577.15002,584.0,567.09998,569.29999,21974.0,-1.1031060157003139,-0.630065607285776
2988,2019-03-18,NSE:TIMKEN,574.75,576.75,560.0,563.15002,9239.0,-1.0802687700732156,-1.1031060157003139
2989,2019-03-19,NSE:TIMKEN,563.20001,574.0,560.04999,571.40002,7812.0,1.4649737560162033,-1.0802687700732156
2990,2019-03-20,NSE:TIMKEN,577.09998,585.0,573.84998,583.20001,14452.0,2.0651014327930857,1.4649737560162033
2991,2019-03-22,NSE:TIMKEN,572.04999,581.0,572.04999,576.95001,8369.0,-1.0716735070014831,2.0651014327930857
2992,2019-03-25,NSE:TIMKEN,573.54999,573.54999,558.0,559.5,12960.0,-3.0245272029720596,-1.0716735070014831
2993,2019-03-26,NSE:TIMKEN,564.0,567.90002,557.65002,560.40002,10271.0,0.16086148346738882,-3.0245272029720596
2994,2019-03-27,NSE:TIMKEN,560.65002,570.79999,556.59998,569.15002,18257.0,1.561384669472353,0.16086148346738882
2995,2019-03-28,NSE:TIMKEN,570.0,585.0,565.0,568.65002,23569.0,-0.08785029999647544,1.561384669472353
2996,2019-03-29,NSE:TIMKEN,569.0,596.84998,567.20001,587.25,46465.0,3.270901142322998,-0.08785029999647544
2997,2019-04-01,NSE:TIMKEN,584.0,593.75,578.95001,586.20001,13884.0,-0.17879778629203572,3.270901142322998
2998,2019-04-02,NSE:TIMKEN,586.20001,613.90002,582.25,609.20001,56679.0,3.923575504544942,-0.17879778629203572
2999,2019-04-03,NSE:TIMKEN,614.90002,620.0,593.54999,596.09998,25798.0,-2.1503660185429183,3.923575504544942
3000,2019-04-04,NSE:TIMKEN,595.04999,603.09998,587.0,591.65002,10128.0,-0.7465123551924828,-2.1503660185429183
3001,2019-04-05,NSE:TIMKEN,591.0,609.70001,586.0,589.04999,30576.0,-0.43945405427351464,-0.7465123551924828
3002,2019-04-08,NSE:TIMKEN,590.0,597.34998,575.0,578.29999,18774.0,-1.8249724441893296,-0.43945405427351464
3003,2019-04-09,NSE:TIMKEN,578.0,594.70001,574.5,590.15002,6851.0,2.0491146818107433,-1.8249724441893296
3004,2019-04-10,NSE:TIMKEN,580.09998,594.70001,580.09998,587.70001,7222.0,-0.4151503714258995,2.0491146818107433
3005,2019-04-11,NSE:TIMKEN,584.15002,589.95001,580.5,584.40002,3707.0,-0.561509263884474,-0.4151503714258995
3006,2019-04-12,NSE:TIMKEN,582.09998,587.95001,579.95001,584.0,4619.0,-0.0684496896492304,-0.561509263884474
3007,2019-04-15,NSE:TIMKEN,588.84998,591.5,585.40002,587.65002,4930.0,0.6250034246575412,-0.0684496896492304
3008,2019-04-16,NSE:TIMKEN,584.0,598.0,584.0,596.84998,10076.0,1.5655508698867937,0.6250034246575412
3009,2019-04-18,NSE:TIMKEN,596.95001,598.20001,585.65002,587.29999,4153.0,-1.600065396668017,1.5655508698867937
3010,2019-04-22,NSE:TIMKEN,586.09998,590.20001,580.75,584.79999,7926.0,-0.4256768334016147,-1.600065396668017
3011,2019-04-23,NSE:TIMKEN,585.20001,589.0,575.0,576.45001,4240.0,-1.427835181734521,-0.4256768334016147
3012,2019-04-24,NSE:TIMKEN,572.40002,580.0,569.09998,571.40002,3199.0,-0.8760499457706628,-1.427835181734521
3013,2019-04-25,NSE:TIMKEN,575.90002,579.75,570.0,574.79999,4091.0,0.5950244803981524,-0.8760499457706628
3014,2019-04-26,NSE:TIMKEN,576.45001,576.45001,567.15002,570.09998,4736.0,-0.8176774672525691,0.5950244803981524
3015,2019-04-30,NSE:TIMKEN,570.0,571.45001,543.04999,550.5,28078.0,-3.437989946956315,-0.8176774672525691
3016,2019-05-02,NSE:TIMKEN,552.04999,570.0,551.04999,564.20001,5855.0,2.4886485013624013,-3.437989946956315
3017,2019-05-03,NSE:TIMKEN,560.04999,570.0,557.34998,562.90002,3829.0,-0.2304129700387598,2.4886485013624013
3018,2019-05-06,NSE:TIMKEN,550.20001,569.79999,550.20001,565.70001,10939.0,0.49742225981800103,-0.2304129700387598
3019,2019-05-07,NSE:TIMKEN,561.59998,564.65002,544.0,549.70001,6483.0,-2.8283542013725613,0.49742225981800103
3020,2019-05-08,NSE:TIMKEN,546.34998,546.34998,538.75,540.0,18044.0,-1.7646006591850016,-2.8283542013725613
3021,2019-05-09,NSE:TIMKEN,538.84998,540.0,530.09998,533.20001,5083.0,-1.2592574074074037,-1.7646006591850016
3022,2019-05-10,NSE:TIMKEN,533.0,543.04999,528.54999,535.15002,4780.0,0.36571829771721504,-1.2592574074074037
3023,2019-05-13,NSE:TIMKEN,533.15002,540.0,530.0,535.59998,4399.0,0.08408109561500512,0.36571829771721504
3024,2019-05-14,NSE:TIMKEN,532.04999,542.70001,520.0,534.79999,6213.0,-0.14936333642133068,0.08408109561500512
3025,2019-05-15,NSE:TIMKEN,532.04999,538.95001,524.15002,533.95001,3415.0,-0.15893418397407966,-0.14936333642133068
3026,2019-05-16,NSE:TIMKEN,539.0,548.0,530.95001,544.59998,6607.0,1.994563123989817,-0.15893418397407966
3027,2019-05-17,NSE:TIMKEN,536.59998,551.34998,536.45001,548.0,5186.0,0.6243151165741947,1.994563123989817
3028,2019-05-20,NSE:TIMKEN,558.0,562.0,544.95001,556.95001,35234.0,1.6332135036496387,0.6243151165741947
3029,2019-05-21,NSE:TIMKEN,559.84998,571.95001,541.04999,559.59998,11596.0,0.4758003326007552,1.6332135036496387
3030,2019-05-22,NSE:TIMKEN,593.84998,671.5,593.84998,671.5,1338580.0,19.99643030723483,0.4758003326007552
3031,2019-05-23,NSE:TIMKEN,700.0,758.70001,673.0,678.34998,758058.0,1.0201012658227788,19.99643030723483
3032,2019-05-24,NSE:TIMKEN,676.0,716.40002,662.20001,698.25,225855.0,2.933591890133179,1.0201012658227788
3033,2019-05-27,NSE:TIMKEN,700.0,714.70001,693.40002,706.95001,77053.0,1.2459735051915533,2.933591890133179
3034,2019-05-28,NSE:TIMKEN,702.0,724.75,702.0,722.75,115258.0,2.2349515208295956,1.2459735051915533
3035,2019-05-29,NSE:TIMKEN,713.25,721.20001,701.25,703.5,12594.0,-2.663438256658596,2.2349515208295956
3036,2019-05-30,NSE:TIMKEN,703.0,707.0,682.0,685.54999,16900.0,-2.5515294953802443,-2.663438256658596
3037,2019-05-31,NSE:TIMKEN,686.0,695.15002,675.95001,678.95001,16825.0,-0.9627277508967595,-2.5515294953802443
3038,2019-06-03,NSE:TIMKEN,680.0,712.0,677.0,691.84998,35904.0,1.8999881891157109,-0.9627277508967595
3039,2019-06-04,NSE:TIMKEN,692.0,699.90002,684.90002,695.40002,8376.0,0.5131228015645937,1.8999881891157109
3040,2019-06-06,NSE:TIMKEN,683.04999,699.0,683.04999,691.20001,17985.0,-0.6039703593911343,0.5131228015645937
3041,2019-06-07,NSE:TIMKEN,692.09998,707.0,685.0,691.75,19316.0,0.07957031134880622,-0.6039703593911343
3042,2019-06-10,NSE:TIMKEN,692.04999,698.75,680.09998,694.09998,14748.0,0.33971521503432733,0.07957031134880622
3043,2019-06-11,NSE:TIMKEN,696.45001,697.70001,677.0,680.84998,12583.0,-1.9089468926364181,0.33971521503432733
3044,2019-06-12,NSE:TIMKEN,679.0,685.0,666.90002,671.65002,7308.0,-1.3512462760151538,-1.9089468926364181
3045,2019-06-13,NSE:TIMKEN,671.29999,686.34998,662.29999,678.09998,13701.0,0.9603156119908876,-1.3512462760151538
3046,2019-06-14,NSE:TIMKEN,678.54999,689.0,671.0,685.15002,10442.0,1.0396755947404808,0.9603156119908876
3047,2019-06-17,NSE:TIMKEN,689.95001,690.09998,656.34998,659.95001,15737.0,-3.678028061649917,1.0396755947404808
3048,2019-06-18,NSE:TIMKEN,660.0,667.09998,658.0,659.59998,8974.0,-0.053038865777130705,-3.678028061649917
3049,2019-06-19,NSE:TIMKEN,659.90002,679.0,657.25,660.15002,24431.0,0.08338993582141724,-0.053038865777130705
3050,2019-06-20,NSE:TIMKEN,661.65002,674.0,652.29999,665.59998,24846.0,0.8255638619839653,0.08338993582141724
3051,2019-06-21,NSE:TIMKEN,668.90002,709.0,668.29999,698.09998,87061.0,4.88281264671913,0.8255638619839653
3052,2019-06-24,NSE:TIMKEN,702.84998,706.84998,681.0,699.45001,19016.0,0.1933863398764258,4.88281264671913
3053,2019-06-25,NSE:TIMKEN,689.0,726.0,689.0,710.79999,64403.0,1.6227006702022866,0.1933863398764258
3054,2019-06-26,NSE:TIMKEN,716.5,717.0,701.0,710.34998,26453.0,-0.06331035542080132,1.6227006702022866
3055,2019-06-27,NSE:TIMKEN,710.34998,718.0,709.90002,717.09998,34827.0,0.9502358260079068,-0.06331035542080132
3056,2019-06-28,NSE:TIMKEN,718.09998,745.95001,714.90002,734.15002,102856.0,2.3776377737453127,0.9502358260079068
3057,2019-07-01,NSE:TIMKEN,750.0,750.0,730.20001,733.79999,30030.0,-0.047678266085187965,2.3776377737453127
3058,2019-07-02,NSE:TIMKEN,733.84998,733.84998,720.0,724.15002,15625.0,-1.3150681563786801,-0.047678266085187965
3059,2019-07-03,NSE:TIMKEN,730.0,737.09998,725.09998,728.79999,13872.0,0.642127994417502,-1.3150681563786801
3060,2019-07-04,NSE:TIMKEN,724.59998,732.79999,716.25,718.04999,13918.0,-1.4750274626101463,0.642127994417502
3061,2019-07-05,NSE:TIMKEN,725.0,732.29999,704.0,705.79999,12926.0,-1.7060093545854655,-1.4750274626101463
3062,2019-07-08,NSE:TIMKEN,696.59998,700.04999,684.75,693.09998,19341.0,-1.7993780362620888,-1.7060093545854655
3063,2019-07-09,NSE:TIMKEN,689.25,720.0,689.25,716.90002,28149.0,3.433853799851514,-1.7993780362620888
3064,2019-07-10,NSE:TIMKEN,715.75,738.70001,715.75,730.15002,72705.0,1.8482354066610294,3.433853799851514
3065,2019-07-11,NSE:TIMKEN,739.0,739.0,727.0,730.54999,34800.0,0.054779153467658506,1.8482354066610294
3066,2019-07-12,NSE:TIMKEN,732.0,734.34998,722.75,730.15002,9575.0,-0.05474916233999803,0.054779153467658506
3067,2019-07-15,NSE:TIMKEN,727.70001,742.84998,717.65002,737.45001,28168.0,0.9997931657935145,-0.05474916233999803
3068,2019-07-16,NSE:TIMKEN,725.04999,744.34998,725.04999,734.20001,18061.0,-0.4407078386235292,0.9997931657935145
3069,2019-07-17,NSE:TIMKEN,728.25,737.04999,725.65002,728.5,5752.0,-0.7763565680147594,-0.4407078386235292
3070,2019-07-18,NSE:TIMKEN,729.90002,733.54999,708.79999,717.79999,21365.0,-1.4687728208647934,-0.7763565680147594
3071,2019-07-19,NSE:TIMKEN,715.20001,721.70001,691.0,698.70001,23103.0,-2.6609055817902645,-1.4687728208647934
3072,2019-07-22,NSE:TIMKEN,685.5,698.0,669.0,690.34998,17122.0,-1.1950808473582333,-2.6609055817902645
3073,2019-07-23,NSE:TIMKEN,695.0,710.0,692.04999,702.54999,21040.0,1.7672210260656518,-1.1950808473582333
3074,2019-07-24,NSE:TIMKEN,703.95001,704.0,679.0,682.09998,9769.0,-2.910826317142218,1.7672210260656518
3075,2019-07-25,NSE:TIMKEN,685.15002,703.95001,679.25,697.20001,19367.0,2.213756112410392,-2.910826317142218
3076,2019-07-26,NSE:TIMKEN,695.5,698.04999,681.09998,688.04999,5783.0,-1.3123952766437912,2.213756112410392
3077,2019-07-29,NSE:TIMKEN,700.0,700.0,666.0,668.75,12571.0,-2.8050272916943113,-1.3123952766437912
3078,2019-07-30,NSE:TIMKEN,665.20001,691.15002,652.15002,658.15002,14030.0,-1.585043738317751,-2.8050272916943113
3079,2019-07-31,NSE:TIMKEN,664.0,697.5,638.0,678.79999,18025.0,3.137577964367446,-1.585043738317751
3080,2019-08-01,NSE:TIMKEN,665.25,684.0,650.0,654.54999,8869.0,-3.572480901185635,3.137577964367446
3081,2019-08-02,NSE:TIMKEN,648.0,669.29999,635.5,650.90002,12766.0,-0.5576304416412777,-3.572480901185635
3082,2019-08-05,NSE:TIMKEN,637.15002,643.20001,629.0,633.25,15806.0,-2.7116330400481536,-0.5576304416412777
3083,2019-08-06,NSE:TIMKEN,630.5,645.0,628.09998,641.65002,13761.0,1.3264934859850044,-2.7116330400481536
3084,2019-08-07,NSE:TIMKEN,642.09998,657.95001,625.25,635.70001,10315.0,-0.9272983424827167,1.3264934859850044
3085,2019-08-08,NSE:TIMKEN,635.65002,659.45001,627.79999,653.5,16773.0,2.80006130564635,-0.9272983424827167
3086,2019-08-09,NSE:TIMKEN,667.95001,684.90002,651.75,680.09998,17800.0,4.070387146136183,2.80006130564635
3087,2019-08-13,NSE:TIMKEN,729.0,734.0,680.0,693.29999,73440.0,1.9408925728831843,4.070387146136183
3088,2019-08-14,NSE:TIMKEN,697.5,709.90002,679.20001,706.75,21231.0,1.9399985856050597,1.9408925728831843
3089,2019-08-16,NSE:TIMKEN,700.90002,714.75,691.0,700.84998,14369.0,-0.834810045985149,1.9399985856050597
3090,2019-08-19,NSE:TIMKEN,697.59998,714.20001,694.5,711.95001,17187.0,1.583795436506977,-0.834810045985149
3091,2019-08-20,NSE:TIMKEN,709.20001,709.25,690.09998,700.65002,11444.0,-1.5871886847785817,1.583795436506977
3092,2019-08-21,NSE:TIMKEN,697.34998,706.25,695.04999,700.59998,17983.0,-0.007141939423634199,-1.5871886847785817
3093,2019-08-22,NSE:TIMKEN,698.29999,708.84998,698.04999,705.5,64205.0,0.6994033885070966,-0.007141939423634199
3094,2019-08-23,NSE:TIMKEN,708.09998,709.0,689.40002,699.40002,8900.0,-0.8646321757618652,0.6994033885070966
3095,2019-08-26,NSE:TIMKEN,700.15002,702.84998,685.29999,690.20001,15486.0,-1.3154146035054473,-0.8646321757618652
3096,2019-08-27,NSE:TIMKEN,709.90002,709.90002,690.0,695.04999,10779.0,0.7026919631600642,-1.3154146035054473
3097,2019-08-28,NSE:TIMKEN,699.70001,701.25,678.59998,683.90002,11301.0,-1.604196843452935,0.7026919631600642
3098,2019-08-29,NSE:TIMKEN,683.15002,707.0,681.0,703.90002,33335.0,2.9244040671325027,-1.604196843452935
3099,2019-08-30,NSE:TIMKEN,709.5,709.5,690.0,691.5,13227.0,-1.7616166568655647,2.9244040671325027
3100,2019-09-03,NSE:TIMKEN,704.40002,704.40002,685.09998,690.59998,35898.0,-0.13015473608098924,-1.7616166568655647
3101,2019-09-04,NSE:TIMKEN,700.0,700.0,683.59998,689.09998,2881.0,-0.21720243895749897,-0.13015473608098924
3102,2019-09-05,NSE:TIMKEN,695.0,697.90002,685.15002,692.84998,4768.0,0.5441880871916438,-0.21720243895749897
3103,2019-09-06,NSE:TIMKEN,702.5,709.0,688.79999,699.09998,7348.0,0.9020711814121724,0.5441880871916438
3104,2019-09-09,NSE:TIMKEN,702.40002,702.40002,688.70001,689.79999,12189.0,-1.330280398520392,0.9020711814121724
3105,2019-09-11,NSE:TIMKEN,696.0,702.95001,686.45001,698.09998,15047.0,1.203245885811042,-1.330280398520392
3106,2019-09-12,NSE:TIMKEN,705.45001,705.45001,686.0,692.09998,8382.0,-0.8594757444341998,1.203245885811042
3107,2019-09-13,NSE:TIMKEN,694.95001,699.40002,682.45001,691.15002,10367.0,-0.13725762569736227,-0.8594757444341998
3108,2019-09-16,NSE:TIMKEN,686.34998,759.90002,685.0,724.0,147299.0,4.752944953976845,-0.13725762569736227
3109,2019-09-17,NSE:TIMKEN,730.5,730.5,706.40002,714.59998,28607.0,-1.2983453038674089,4.752944953976845
3110,2019-09-18,NSE:TIMKEN,715.59998,751.70001,704.95001,742.95001,69312.0,3.967258717247664,-1.2983453038674089
3111,2019-09-19,NSE:TIMKEN,742.95001,750.04999,715.20001,726.25,29678.0,-2.247797264313923,3.967258717247664
3112,2019-09-20,NSE:TIMKEN,725.79999,772.45001,721.75,744.70001,122844.0,2.5404488812392456,-2.247797264313923
3113,2019-09-23,NSE:TIMKEN,774.0,774.0,750.0,761.84998,113798.0,2.302936722130558,2.5404488812392456
3114,2019-09-24,NSE:TIMKEN,770.0,816.90002,762.09998,796.15002,223577.0,4.502203964092784,2.302936722130558
3115,2019-09-25,NSE:TIMKEN,793.90002,794.0,775.0,777.90002,54147.0,-2.2922815476409832,4.502203964092784
3116,2019-09-26,NSE:TIMKEN,773.0,798.90002,766.70001,784.15002,25011.0,0.8034451522446291,-2.2922815476409832
3117,2019-09-27,NSE:TIMKEN,782.25,795.29999,773.04999,777.04999,18418.0,-0.9054428130984502,0.8034451522446291
3118,2019-09-30,NSE:TIMKEN,776.29999,780.04999,759.25,770.34998,13091.0,-0.8622366754036018,-0.9054428130984502
3119,2019-10-01,NSE:TIMKEN,766.15002,805.0,762.40002,792.95001,60274.0,2.933735391282812,-0.8622366754036018
3120,2019-10-03,NSE:TIMKEN,799.95001,815.0,782.0,802.75,42493.0,1.2358900153113033,2.933735391282812
3121,2019-10-04,NSE:TIMKEN,810.0,814.79999,769.95001,778.29999,41743.0,-3.0457813765182213,1.2358900153113033
3122,2019-10-07,NSE:TIMKEN,784.54999,785.0,763.0,765.34998,15038.0,-1.6638841277641572,-3.0457813765182213
3123,2019-10-09,NSE:TIMKEN,788.0,800.0,759.0,784.34998,35876.0,2.482524400144363,-1.6638841277641572
3124,2019-10-10,NSE:TIMKEN,790.0,797.0,775.0,778.5,12997.0,-0.7458379740125651,2.482524400144363
3125,2019-10-11,NSE:TIMKEN,780.04999,790.34998,769.0,772.95001,12128.0,-0.7129081567116223,-0.7458379740125651
3126,2019-10-14,NSE:TIMKEN,774.95001,786.5,762.09998,773.0,22929.0,0.006467429892391071,-0.7129081567116223
3127,2019-10-15,NSE:TIMKEN,770.0,779.09998,767.0,770.34998,12033.0,-0.34282276843467535,0.006467429892391071
3128,2019-10-16,NSE:TIMKEN,771.0,796.0,769.54999,792.54999,26439.0,2.88180834378681,-0.34282276843467535
3129,2019-10-17,NSE:TIMKEN,799.70001,805.40002,790.0,793.90002,21565.0,0.1703400437870248,2.88180834378681
3130,2019-10-18,NSE:TIMKEN,799.95001,804.79999,785.0,788.45001,24820.0,-0.686485686195098,0.1703400437870248
3131,2019-10-22,NSE:TIMKEN,781.04999,798.90002,781.04999,793.40002,19369.0,0.6278153259202851,-0.686485686195098
3132,2019-10-23,NSE:TIMKEN,788.90002,799.79999,787.0,791.54999,14105.0,-0.23317745820072713,0.6278153259202851
3133,2019-10-24,NSE:TIMKEN,794.45001,794.90002,766.20001,774.75,60032.0,-2.122416804022697,-0.23317745820072713
3134,2019-10-25,NSE:TIMKEN,776.20001,794.0,762.5,778.84998,98522.0,0.5292003872216792,-2.122416804022697
3135,2019-10-29,NSE:TIMKEN,780.0,824.90002,770.0,820.95001,117590.0,5.405409396043133,0.5292003872216792
3136,2019-10-30,NSE:TIMKEN,828.0,849.0,827.95001,840.70001,129672.0,2.4057494073238392,5.405409396043133
3137,2019-10-31,NSE:TIMKEN,842.09998,898.0,841.95001,891.0,129740.0,5.983108053014057,2.4057494073238392
3138,2019-11-01,NSE:TIMKEN,896.5,920.0,871.0,877.95001,88172.0,-1.4646453423120067,5.983108053014057
3139,2019-11-04,NSE:TIMKEN,873.70001,891.0,860.0,863.59998,26918.0,-1.6344928340510025,-1.4646453423120067
3140,2019-11-05,NSE:TIMKEN,860.09998,875.0,852.34998,870.45001,21976.0,0.7931947844649163,-1.6344928340510025
3141,2019-11-06,NSE:TIMKEN,870.0,898.95001,859.09998,875.09998,62101.0,0.5342029923119811,0.7931947844649163
3142,2019-11-07,NSE:TIMKEN,879.0,899.0,873.75,890.84998,19411.0,1.7997943503552591,0.5342029923119811
3143,2019-11-08,NSE:TIMKEN,887.0,887.0,865.09998,870.40002,15982.0,-2.295555981266332,1.7997943503552591
3144,2019-11-11,NSE:TIMKEN,890.0,890.0,851.65002,857.45001,16578.0,-1.487822805886427,-2.295555981266332
3145,2019-11-13,NSE:TIMKEN,855.0,878.70001,851.0,871.25,29857.0,1.6094221049691257,-1.487822805886427
3146,2019-11-14,NSE:TIMKEN,861.5,890.0,861.5,888.79999,13959.0,2.014346054519366,1.6094221049691257
3147,2019-11-15,NSE:TIMKEN,888.79999,897.70001,865.0,872.15002,25927.0,-1.8733089769724165,2.014346054519366
3148,2019-11-18,NSE:TIMKEN,861.25,890.0,861.25,869.29999,14086.0,-0.3267820827430653,-1.8733089769724165
3149,2019-11-19,NSE:TIMKEN,870.0,880.0,857.0,861.40002,11002.0,-0.9087737364405053,-0.3267820827430653
3150,2019-11-20,NSE:TIMKEN,869.90002,875.0,854.59998,858.20001,26920.0,-0.37148942717693695,-0.9087737364405053
3151,2019-11-21,NSE:TIMKEN,855.0,856.29999,822.0,828.04999,24223.0,-3.513169383440119,-0.37148942717693695
3152,2019-11-22,NSE:TIMKEN,828.04999,844.0,818.95001,835.20001,21602.0,0.8634768536136376,-3.513169383440119
3153,2019-11-25,NSE:TIMKEN,836.34998,852.95001,833.0,849.95001,30657.0,1.7660440401575186,0.8634768536136376
3154,2019-11-26,NSE:TIMKEN,853.65002,868.95001,843.0,851.09998,26024.0,0.135298545381503,1.7660440401575186
3155,2019-11-27,NSE:TIMKEN,859.5,859.5,849.90002,853.65002,12373.0,0.2996169733196423,0.135298545381503
3156,2019-11-28,NSE:TIMKEN,855.0,855.0,835.04999,851.75,24403.0,-0.22257599197385838,0.2996169733196423
3157,2019-11-29,NSE:TIMKEN,853.90002,883.75,845.29999,859.29999,20430.0,0.8864091576166692,-0.22257599197385838
3158,2019-12-02,NSE:TIMKEN,875.0,919.90002,859.29999,884.29999,83688.0,2.909344849404688,0.8864091576166692
3159,2019-12-03,NSE:TIMKEN,885.04999,904.79999,875.25,898.79999,95107.0,1.639715047378888,2.909344849404688
3160,2019-12-04,NSE:TIMKEN,894.0,929.79999,855.0,867.54999,60439.0,-3.476858071616133,1.639715047378888
3161,2019-12-05,NSE:TIMKEN,869.0,872.0,855.0,865.59998,18645.0,-0.22477206183819107,-3.476858071616133
3162,2019-12-06,NSE:TIMKEN,863.04999,869.90002,855.04999,858.09998,11072.0,-0.8664510366555231,-0.22477206183819107
3163,2019-12-09,NSE:TIMKEN,858.09998,863.04999,835.0,846.25,28475.0,-1.3809556317668206,-0.8664510366555231
3164,2019-12-10,NSE:TIMKEN,853.0,853.0,820.0,824.0,14732.0,-2.6292466765140325,-1.3809556317668206
3165,2019-12-11,NSE:TIMKEN,823.95001,823.95001,802.75,809.0,15947.0,-1.820388349514563,-2.6292466765140325
3166,2019-12-12,NSE:TIMKEN,818.0,879.75,811.04999,875.04999,107010.0,8.16439925834363,-1.820388349514563
3167,2019-12-13,NSE:TIMKEN,880.0,888.0,860.09998,884.25,64775.0,1.0513696480357677,8.16439925834363
3168,2019-12-16,NSE:TIMKEN,879.0,889.0,861.59998,865.45001,16433.0,-2.1260944303081684,1.0513696480357677
3169,2019-12-17,NSE:TIMKEN,864.90002,901.95001,853.0,898.84998,83303.0,3.859260455725217,-2.1260944303081684
3170,2019-12-18,NSE:TIMKEN,897.5,898.84998,866.0,873.5,21197.0,-2.820268183128842,3.859260455725217
3171,2019-12-19,NSE:TIMKEN,862.04999,878.0,862.04999,866.5,10591.0,-0.8013737836290785,-2.820268183128842
3172,2019-12-20,NSE:TIMKEN,867.29999,878.75,858.5,868.70001,12750.0,0.2538961338719008,-0.8013737836290785
3173,2019-12-23,NSE:TIMKEN,865.0,904.0,863.95001,894.65002,67424.0,2.9872234029328513,0.2538961338719008
3174,2019-12-24,NSE:TIMKEN,894.65002,894.65002,880.0,882.84998,13270.0,-1.3189559868338325,2.9872234029328513
3175,2019-12-26,NSE:TIMKEN,889.95001,900.54999,881.0,896.84998,18088.0,1.585773383604766,-1.3189559868338325
3176,2019-12-27,NSE:TIMKEN,892.5,909.84998,888.0,900.45001,148119.0,0.4014082712027335,1.585773383604766
3177,2019-12-30,NSE:TIMKEN,903.95001,919.90002,901.65002,916.09998,76977.0,1.738016527980264,0.4014082712027335
3178,2019-12-31,NSE:TIMKEN,917.0,938.75,917.0,922.0,88190.0,0.6440366912790503,1.738016527980264
3179,2020-01-01,NSE:TIMKEN,918.0,931.40002,918.0,927.15002,30766.0,0.5585704989154057,0.6440366912790503
3180,2020-01-02,NSE:TIMKEN,930.0,931.09998,907.0,911.79999,22392.0,-1.6556144818936702,0.5585704989154057
3181,2020-01-03,NSE:TIMKEN,905.34998,914.25,895.70001,908.04999,18939.0,-0.411274406791779,-1.6556144818936702
3182,2020-01-06,NSE:TIMKEN,898.0,910.84998,888.54999,902.95001,31872.0,-0.5616408849913603,-0.411274406791779
3183,2020-01-07,NSE:TIMKEN,903.29999,917.95001,900.09998,901.65002,27086.0,-0.14397142539485433,-0.5616408849913603
3184,2020-01-08,NSE:TIMKEN,881.04999,907.90002,881.04999,902.34998,13788.0,0.07763100809335302,-0.14397142539485433
3185,2020-01-09,NSE:TIMKEN,910.0,934.70001,905.5,920.29999,148202.0,1.9892514432149728,0.07763100809335302
3186,2020-01-10,NSE:TIMKEN,920.29999,938.0,917.79999,921.95001,61132.0,0.17929153731709163,1.9892514432149728
3187,2020-01-13,NSE:TIMKEN,935.0,958.90002,922.5,948.5,51644.0,2.879764598082707,0.17929153731709163
3188,2020-01-14,NSE:TIMKEN,958.0,958.0,925.0,928.0,28798.0,-2.161307327358988,2.879764598082707
3189,2020-01-15,NSE:TIMKEN,938.0,939.29999,900.0,905.65002,31963.0,-2.408403017241375,-2.161307327358988
3190,2020-01-16,NSE:TIMKEN,906.25,928.90002,906.25,924.79999,53414.0,2.1145000361176978,-2.408403017241375
3191,2020-01-17,NSE:TIMKEN,929.0,930.0,921.0,926.90002,20633.0,0.2270793709675603,2.1145000361176978
3192,2020-01-20,NSE:TIMKEN,935.0,938.70001,925.0,934.34998,23405.0,0.8037501175153625,0.2270793709675603
3193,2020-01-21,NSE:TIMKEN,929.95001,940.0,912.0,924.40002,17117.0,-1.0649071775010817,0.8037501175153625
3194,2020-01-22,NSE:TIMKEN,927.34998,938.0,912.65002,928.34998,24788.0,0.4272998609411453,-1.0649071775010817
3195,2020-01-23,NSE:TIMKEN,936.0,965.0,927.0,959.95001,34356.0,3.4038919244658206,0.4272998609411453
3196,2020-01-24,NSE:TIMKEN,965.0,997.40002,935.34998,987.84998,85757.0,2.9063982196322846,3.4038919244658206
3197,2020-01-27,NSE:TIMKEN,988.0,1000.0,975.5,998.0,25637.0,1.027485975147769,2.9063982196322846
3198,2020-01-28,NSE:TIMKEN,1000.0,1030.0,980.0,987.5,42363.0,-1.0521042084168337,1.027485975147769
3199,2020-01-29,NSE:TIMKEN,999.0,1010.25,988.20001,997.54999,18341.0,1.017720506329112,-1.0521042084168337
3200,2020-01-30,NSE:TIMKEN,991.0,999.0,953.09998,960.59998,16114.0,-3.704076023297842,1.017720506329112
3201,2020-01-31,NSE:TIMKEN,961.0,1002.1,961.0,992.29999,35519.0,3.3000219300441813,-3.704076023297842
3202,2020-02-01,NSE:TIMKEN,976.54999,999.84998,925.65002,943.29999,41141.0,-4.938022825133758,3.3000219300441813
3203,2020-02-03,NSE:TIMKEN,940.0,973.79999,940.0,955.20001,15588.0,1.2615308095148015,-4.938022825133758
3204,2020-02-04,NSE:TIMKEN,960.0,999.0,959.25,992.20001,42069.0,3.873534297806383,1.2615308095148015
3205,2020-02-05,NSE:TIMKEN,992.5,1018.0,987.0,1000.4,32636.0,0.8264452648009908,3.873534297806383
3206,2020-02-06,NSE:TIMKEN,1009.0,1009.0,978.95001,985.65002,20665.0,-1.4744082367053115,0.8264452648009908
3207,2020-02-07,NSE:TIMKEN,980.0,1040.0,963.5,972.75,226196.0,-1.3087830100181035,-1.4744082367053115
3208,2020-02-10,NSE:TIMKEN,977.0,978.0,940.04999,953.65002,43628.0,-1.9635034695451,-1.3087830100181035
3209,2020-02-11,NSE:TIMKEN,960.0,990.0,951.25,987.20001,72384.0,3.518061059758587,-1.9635034695451
3210,2020-02-12,NSE:TIMKEN,997.0,1003.0,976.09998,996.20001,171318.0,0.911669358674338,3.518061059758587
3211,2020-02-13,NSE:TIMKEN,1030.0,1039.8,1006.0,1017.65,61192.0,2.1531810665209647,0.911669358674338
3212,2020-02-14,NSE:TIMKEN,1019.9,1049.0,1011.15,1041.2,72248.0,2.3141551614012745,2.1531810665209647
3213,2020-02-17,NSE:TIMKEN,1060.0,1070.0,1043.0,1054.55,76058.0,1.2821744141375249,2.3141551614012745
3214,2020-02-18,NSE:TIMKEN,1058.0,1058.0,928.0,1038.8,75033.0,-1.4935280451377364,1.2821744141375249
3215,2020-02-19,NSE:TIMKEN,1040.0,1056.45,1024.0,1035.25,22689.0,-0.3417404697728104,-1.4935280451377364
3216,2020-02-20,NSE:TIMKEN,1039.0,1047.95,1029.5,1040.1,31371.0,0.46848587297753286,-0.3417404697728104
3217,2020-02-24,NSE:TIMKEN,1017.0,1039.5,1012.55,1015.55,22492.0,-2.360349966349385,0.46848587297753286
3218,2020-02-25,NSE:TIMKEN,1018.0,1099.0,995.40002,1087.25,155008.0,7.060213677317714,-2.360349966349385
3219,2020-02-26,NSE:TIMKEN,1090.0,1090.0,1031.0,1035.75,49759.0,-4.736721085306967,7.060213677317714
3220,2020-02-27,NSE:TIMKEN,1035.0,1046.45,1002.25,1010.35,66954.0,-2.4523292300265487,-4.736721085306967
3221,2020-02-28,NSE:TIMKEN,970.0,1003.95,936.15002,949.25,56250.0,-6.047409313604199,-2.4523292300265487
3222,2020-03-02,NSE:TIMKEN,957.09998,985.40002,911.0,920.0,64096.0,-3.081380036871214,-6.047409313604199
3223,2020-03-03,NSE:TIMKEN,926.09998,975.5,926.09998,973.09998,33344.0,5.771736956521735,-3.081380036871214
3224,2020-03-04,NSE:TIMKEN,970.09998,970.09998,910.04999,928.15002,39771.0,-4.61925402567575,5.771736956521735
3225,2020-03-05,NSE:TIMKEN,944.90002,954.84998,920.09998,940.25,38536.0,1.3036664051356652,-4.61925402567575
3226,2020-03-06,NSE:TIMKEN,904.0,940.0,902.0,937.79999,36629.0,-0.26057006115395054,1.3036664051356652
3227,2020-03-09,NSE:TIMKEN,904.0,921.09998,893.59998,911.75,41825.0,-2.7777767410724734,-0.26057006115395054
3228,2020-03-11,NSE:TIMKEN,889.0,949.0,889.0,938.20001,68069.0,2.9010156292843456,-2.7777767410724734
3229,2020-03-12,NSE:TIMKEN,915.0,915.0,829.65002,891.25,55133.0,-5.004264495797652,2.9010156292843456
3230,2020-03-13,NSE:TIMKEN,819.0,996.95001,726.65002,965.34998,99585.0,8.314163253856938,-5.004264495797652
3231,2020-03-16,NSE:TIMKEN,906.0,934.90002,873.0,881.65002,57062.0,-8.670426449897468,8.314163253856938
3232,2020-03-17,NSE:TIMKEN,881.04999,902.04999,852.65002,875.0,128262.0,-0.7542698178581156,-8.670426449897468
3233,2020-03-18,NSE:TIMKEN,885.40002,888.65002,800.0,820.29999,26318.0,-6.251429714285717,-0.7542698178581156
3234,2020-03-19,NSE:TIMKEN,771.09998,820.09998,706.04999,798.45001,60142.0,-2.6636572310576234,-6.251429714285717
3235,2020-03-20,NSE:TIMKEN,791.25,844.95001,735.0,818.45001,62970.0,2.50485312161246,-2.6636572310576234
3236,2020-03-23,NSE:TIMKEN,715.0,780.0,663.65002,726.40002,38526.0,-11.246867722562552,2.50485312161246
3237,2020-03-24,NSE:TIMKEN,737.09998,800.0,639.04999,696.0,34161.0,-4.185024664509238,-11.246867722562552
3238,2020-03-25,NSE:TIMKEN,674.0,737.0,647.45001,719.75,21167.0,3.4123563218390807,-4.185024664509238
3239,2020-03-26,NSE:TIMKEN,725.34998,760.0,699.0,742.90002,39786.0,3.2163973601945175,3.4123563218390807
3240,2020-03-27,NSE:TIMKEN,746.79999,774.90002,736.29999,743.45001,15892.0,0.07403284226590541,3.2163973601945175
3241,2020-03-30,NSE:TIMKEN,741.0,741.0,670.25,683.04999,40808.0,-8.124288006936746,0.07403284226590541
3242,2020-03-31,NSE:TIMKEN,710.84998,778.95001,698.79999,767.20001,28263.0,12.3197454405936,-8.124288006936746
3243,2020-04-01,NSE:TIMKEN,790.0,819.0,780.0,790.75,72127.0,3.069602410458777,12.3197454405936
3244,2020-04-03,NSE:TIMKEN,790.75,810.0,774.34998,788.75,12502.0,-0.25292443882390137,3.069602410458777
3245,2020-04-07,NSE:TIMKEN,829.90002,829.90002,792.34998,801.20001,20376.0,1.5784481774960404,-0.25292443882390137
3246,2020-04-08,NSE:TIMKEN,802.59998,858.0,791.29999,808.0,32055.0,0.8487256509145549,1.5784481774960404
3247,2020-04-09,NSE:TIMKEN,811.79999,829.0,795.0,822.90002,30272.0,1.8440618811881238,0.8487256509145549
3248,2020-04-13,NSE:TIMKEN,811.0,825.79999,811.0,814.95001,37862.0,-0.9660967075927426,1.8440618811881238
3249,2020-04-15,NSE:TIMKEN,812.5,845.0,812.5,816.79999,12020.0,0.22700533496526487,-0.9660967075927426
3250,2020-04-16,NSE:TIMKEN,816.45001,835.0,808.25,815.40002,33546.0,-0.17139691688780986,0.22700533496526487
3251,2020-04-17,NSE:TIMKEN,849.90002,849.90002,815.0,818.20001,6530.0,0.34338851254872177,-0.17139691688780986
3252,2020-04-20,NSE:TIMKEN,813.84998,839.65002,795.65002,825.25,12799.0,0.8616462862179602,0.34338851254872177
3253,2020-04-21,NSE:TIMKEN,824.0,824.0,798.25,804.54999,39878.0,-2.5083320205998207,0.8616462862179602
3254,2020-04-22,NSE:TIMKEN,799.0,835.0,799.0,826.25,11009.0,2.6971611795060766,-2.5083320205998207
3255,2020-04-23,NSE:TIMKEN,829.0,839.0,810.0,835.75,36089.0,1.1497730711043872,2.6971611795060766
3256,2020-04-24,NSE:TIMKEN,816.5,860.0,816.5,831.79999,26337.0,-0.4726305713431074,1.1497730711043872
3257,2020-04-27,NSE:TIMKEN,841.0,864.59998,830.59998,853.75,44759.0,2.6388567280458877,-0.4726305713431074
3258,2020-04-28,NSE:TIMKEN,863.0,899.0,840.0,888.90002,47063.0,4.117132650073211,2.6388567280458877
3259,2020-04-29,NSE:TIMKEN,889.04999,910.0,862.40002,872.79999,29901.0,-1.8112306938636427,4.117132650073211
3260,2020-04-30,NSE:TIMKEN,889.0,910.0,881.0,902.15002,33530.0,3.362744080691392,-1.8112306938636427
3261,2020-05-04,NSE:TIMKEN,881.0,895.0,857.95001,869.09998,54144.0,-3.6634749506517865,3.362744080691392
3262,2020-05-05,NSE:TIMKEN,871.95001,890.45001,835.45001,840.20001,20242.0,-3.3252756489535233,-3.6634749506517865
3263,2020-05-06,NSE:TIMKEN,851.0,860.0,830.34998,850.09998,272846.0,1.1782872985207342,-3.3252756489535233
3264,2020-05-07,NSE:TIMKEN,864.0,924.0,842.75,896.95001,168146.0,5.51111999790896,1.1782872985207342
3265,2020-05-08,NSE:TIMKEN,887.0,888.0,845.20001,848.0,55847.0,-5.457384408747598,5.51111999790896
3266,2020-05-11,NSE:TIMKEN,860.95001,860.95001,844.0,849.65002,22998.0,0.19457783018868402,-5.457384408747598
3267,2020-05-12,NSE:TIMKEN,846.95001,859.0,825.09998,839.90002,40001.0,-1.1475313094207895,0.19457783018868402
3268,2020-05-13,NSE:TIMKEN,853.0,855.0,835.04999,843.0,17238.0,0.3690891684941214,-1.1475313094207895
3269,2020-05-14,NSE:TIMKEN,839.75,839.75,803.0,806.5,38313.0,-4.329774614472123,0.3690891684941214
3270,2020-05-15,NSE:TIMKEN,803.0,818.04999,791.90002,801.95001,13401.0,-0.5641649101053912,-4.329774614472123
3271,2020-05-18,NSE:TIMKEN,802.0,802.0,754.45001,773.04999,19498.0,-3.6037183913745494,-0.5641649101053912
3272,2020-05-19,NSE:TIMKEN,785.0,785.0,741.90002,749.5,34809.0,-3.046373495199189,-3.6037183913745494
3273,2020-05-20,NSE:TIMKEN,760.0,797.70001,750.04999,789.65002,64021.0,5.356907271514348,-3.046373495199189
3274,2020-05-21,NSE:TIMKEN,798.0,805.84998,776.09998,787.84998,27436.0,-0.22795415113141906,5.356907271514348
3275,2020-05-22,NSE:TIMKEN,788.5,804.90002,778.29999,786.25,36574.0,-0.20308181006743944,-0.22795415113141906
3276,2020-05-26,NSE:TIMKEN,787.04999,795.84998,766.84998,785.34998,13093.0,-0.11446995230525157,-0.20308181006743944
3277,2020-05-27,NSE:TIMKEN,785.0,785.0,753.09998,766.65002,58422.0,-2.381098933751793,-0.11446995230525157
3278,2020-05-28,NSE:TIMKEN,771.75,790.0,767.70001,784.65002,13571.0,2.3478770665133486,-2.381098933751793
3279,2020-05-29,NSE:TIMKEN,785.0,855.54999,784.65002,851.29999,64764.0,8.494229057688667,2.3478770665133486
3280,2020-06-01,NSE:TIMKEN,884.0,898.0,860.84998,889.45001,68368.0,4.48138381864659,8.494229057688667
3281,2020-06-02,NSE:TIMKEN,897.0,909.0,874.70001,887.29999,52191.0,-0.2417246585898673,4.48138381864659
3282,2020-06-03,NSE:TIMKEN,897.0,899.95001,854.59998,860.04999,22029.0,-3.071114651990473,-0.2417246585898673
3283,2020-06-04,NSE:TIMKEN,860.04999,908.90002,858.95001,903.90002,34898.0,5.0985443299638975,-3.071114651990473
3284,2020-06-05,NSE:TIMKEN,918.0,918.0,895.0,902.04999,37039.0,-0.20467197245996968,5.0985443299638975
3285,2020-06-08,NSE:TIMKEN,1000.0,1000.0,930.25,935.70001,82161.0,3.7303941436771195,-0.20467197245996968
3286,2020-06-09,NSE:TIMKEN,936.0,944.90002,901.0,910.70001,27921.0,-2.671796487423357,3.7303941436771195
3287,2020-06-10,NSE:TIMKEN,915.0,924.0,905.15002,911.04999,13966.0,0.03842977886867043,-2.671796487423357
3288,2020-06-11,NSE:TIMKEN,913.34998,913.40002,885.0,889.90002,14848.0,-2.321493906168633,0.03842977886867043
3289,2020-06-12,NSE:TIMKEN,875.0,895.40002,862.0,878.59998,32924.0,-1.269810062483208,-2.321493906168633
3290,2020-06-15,NSE:TIMKEN,892.0,892.40002,865.25,872.59998,17213.0,-0.6829046365332264,-1.269810062483208
3291,2020-06-16,NSE:TIMKEN,876.0,896.0,855.54999,881.5,30961.0,1.0199427233541813,-0.6829046365332264
3292,2020-06-17,NSE:TIMKEN,887.0,906.5,874.15002,904.34998,27555.0,2.592170164492338,1.0199427233541813
3293,2020-06-18,NSE:TIMKEN,906.0,932.25,904.34998,928.79999,37593.0,2.7036004357516568,2.592170164492338
3294,2020-06-19,NSE:TIMKEN,944.0,978.0,919.25,969.84998,47785.0,4.419680280142981,2.7036004357516568
3295,2020-06-22,NSE:TIMKEN,970.0,992.0,946.15002,954.95001,20663.0,-1.5363169879118768,4.419680280142981
3296,2020-06-23,NSE:TIMKEN,978.0,978.0,937.54999,950.54999,35954.0,-0.46075919722751146,-1.5363169879118768
3297,2020-06-24,NSE:TIMKEN,964.0,988.0,951.40002,975.04999,113808.0,2.57745518465578,-0.46075919722751146
3298,2020-06-25,NSE:TIMKEN,953.0,974.0,942.0,947.45001,21725.0,-2.8306220484141495,2.57745518465578
3299,2020-06-26,NSE:TIMKEN,943.54999,965.0,943.54999,956.09998,9961.0,0.9129737620668703,-2.8306220484141495
3300,2020-06-29,NSE:TIMKEN,956.0,965.0,930.0,946.25,11637.0,-1.0302248934258904,0.9129737620668703
3301,2020-06-30,NSE:TIMKEN,945.09998,960.0,933.0,950.15002,9696.0,0.4121553500660545,-1.0302248934258904
3302,2020-07-01,NSE:TIMKEN,957.0,973.95001,943.0,965.5,30225.0,1.6155322503703111,0.4121553500660545
3303,2020-07-02,NSE:TIMKEN,978.95001,1084.5,968.34998,1011.1,350979.0,4.7229414810978785,1.6155322503703111
3304,2020-07-03,NSE:TIMKEN,1021.4,1025.5,985.0,993.54999,35625.0,-1.735734348729111,4.7229414810978785
3305,2020-07-06,NSE:TIMKEN,990.0,1028.0,990.0,993.0,31893.0,-0.0553560470570766,-1.735734348729111
3306,2020-07-07,NSE:TIMKEN,993.0,1009.65,954.0,965.84998,48374.0,-2.7341409869083626,-0.0553560470570766
3307,2020-07-08,NSE:TIMKEN,972.0,995.0,972.0,975.5,15854.0,0.9991220375652998,-2.7341409869083626
3308,2020-07-09,NSE:TIMKEN,984.0,1010.0,980.0,996.0,29513.0,2.1014864172219374,0.9991220375652998
3309,2020-07-10,NSE:TIMKEN,1000.95,1004.25,978.04999,984.65002,24518.0,-1.1395562248995943,2.1014864172219374
3310,2020-07-13,NSE:TIMKEN,998.0,1036.0,990.0,1028.8,117574.0,4.483824618213069,-1.1395562248995943
3311,2020-07-14,NSE:TIMKEN,1035.0,1040.0,998.25,1015.15,68662.0,-1.326788491446343,4.483824618213069
3312,2020-07-15,NSE:TIMKEN,1024.0,1047.0,1016.0,1038.3,42674.0,2.2804511648524826,-1.326788491446343
3313,2020-07-16,NSE:TIMKEN,1038.0,1038.0,1005.0,1025.6,40356.0,-1.223153231243383,2.2804511648524826
3314,2020-07-17,NSE:TIMKEN,1040.0,1044.0,1022.1,1024.9,22007.0,-0.06825273010918663,-1.223153231243383
3315,2020-07-20,NSE:TIMKEN,1043.0,1056.0,1030.0,1049.55,74409.0,2.4051126939213447,-0.06825273010918663
3316,2020-07-21,NSE:TIMKEN,1054.0,1060.8,960.15002,1049.0,59414.0,-0.05240341098565619,2.4051126939213447
3317,2020-07-22,NSE:TIMKEN,1049.0,1052.0,1022.6,1027.8,31990.0,-2.0209723546234555,-0.05240341098565619
3318,2020-07-23,NSE:TIMKEN,995.0,1000.0,980.0,986.40002,37702.0,-4.028019069857941,-2.0209723546234555
3319,2020-07-24,NSE:TIMKEN,961.0,979.0,960.04999,970.75,28175.0,-1.5865794487717102,-4.028019069857941
3320,2020-07-27,NSE:TIMKEN,970.75,975.0,942.04999,958.04999,21503.0,-1.308267834148856,-1.5865794487717102
3321,2020-07-28,NSE:TIMKEN,958.04999,985.0,958.04999,980.25,21619.0,2.3172078943396284,-1.308267834148856
3322,2020-07-29,NSE:TIMKEN,982.0,989.0,967.0,972.59998,13753.0,-0.7804152002040338,2.3172078943396284
3323,2020-07-30,NSE:TIMKEN,980.0,980.0,951.29999,969.34998,27608.0,-0.3341558777330018,-0.7804152002040338
3324,2020-07-31,NSE:TIMKEN,969.34998,974.75,955.0,969.95001,16950.0,0.06190024370765043,-0.3341558777330018
3325,2020-08-03,NSE:TIMKEN,974.0,1027.6,955.29999,1018.1,79292.0,4.964172328839917,0.06190024370765043
3326,2020-08-04,NSE:TIMKEN,1020.0,1029.0,993.09998,1005.65,13866.0,-1.2228661231706164,4.964172328839917
3327,2020-08-05,NSE:TIMKEN,1005.0,1022.35,1000.05,1014.0,15190.0,0.8303087555312507,-1.2228661231706164
3328,2020-08-06,NSE:TIMKEN,1006.0,1019.15,1006.0,1013.25,5218.0,-0.07396449704142012,0.8303087555312507
3329,2020-08-07,NSE:TIMKEN,1014.0,1046.3,1004.4,1026.3,39125.0,1.2879348630643923,-0.07396449704142012
3330,2020-08-10,NSE:TIMKEN,1015.0,1038.35,1015.0,1017.95,9348.0,-0.8136022605475893,1.2879348630643923
3331,2020-08-11,NSE:TIMKEN,1015.0,1035.0,985.0,1003.25,23389.0,-1.4440787857949844,-0.8136022605475893
3332,2020-08-12,NSE:TIMKEN,1016.05,1029.0,995.20001,998.95001,17250.0,-0.4286060304011941,-1.4440787857949844
3333,2020-08-13,NSE:TIMKEN,1010.0,1016.9,995.0,996.40002,9399.0,-0.2552670278265456,-0.4286060304011941
3334,2020-08-14,NSE:TIMKEN,976.0,1000.0,955.0,956.15002,45601.0,-4.039542271386145,-0.2552670278265456
3335,2020-08-17,NSE:TIMKEN,956.15002,984.90002,927.5,980.20001,61067.0,2.5152946187252057,-4.039542271386145
3336,2020-08-18,NSE:TIMKEN,980.0,1009.0,980.0,997.0,29339.0,1.7139348937570384,2.5152946187252057
3337,2020-08-19,NSE:TIMKEN,1007.7,1007.7,982.25,986.84998,13687.0,-1.0180561685055207,1.7139348937570384
3338,2020-08-20,NSE:TIMKEN,985.0,999.75,975.04999,980.15002,10944.0,-0.6789238623686165,-1.0180561685055207
3339,2020-08-21,NSE:TIMKEN,987.0,996.09998,976.34998,982.79999,13428.0,0.27036371432201156,-0.6789238623686165
3340,2020-08-24,NSE:TIMKEN,975.90002,1065.7,975.90002,1045.25,135736.0,6.3542949364498895,0.27036371432201156
3341,2020-08-25,NSE:TIMKEN,1056.0,1154.25,1050.25,1124.05,301542.0,7.538866299928243,6.3542949364498895
3342,2020-08-26,NSE:TIMKEN,1138.0,1160.0,1115.25,1138.75,95432.0,1.3077710066278232,7.538866299928243
3343,2020-08-27,NSE:TIMKEN,1137.0,1153.0,1116.2,1130.9,50299.0,-0.6893523600438999,1.3077710066278232
3344,2020-08-28,NSE:TIMKEN,1130.9,1150.75,1103.0,1140.75,85513.0,0.8709877089044042,-0.6893523600438999
3345,2020-08-31,NSE:TIMKEN,1140.0,1194.0,1072.25,1109.85,112000.0,-2.708744247205794,0.8709877089044042
3346,2020-09-01,NSE:TIMKEN,1110.0,1148.7,1095.0,1104.1,158846.0,-0.5180880299139523,-2.708744247205794
3347,2020-09-02,NSE:TIMKEN,1106.0,1150.0,1106.0,1146.95,35268.0,3.880989040847762,-0.5180880299139523
3348,2020-09-03,NSE:TIMKEN,1162.0,1178.0,1145.0,1172.7,53287.0,2.2450847900954707,3.880989040847762
3349,2020-09-04,NSE:TIMKEN,1155.25,1224.7,1153.0,1166.45,53213.0,-0.5329581308092436,2.2450847900954707
3350,2020-09-07,NSE:TIMKEN,1170.0,1228.8,1160.0,1185.15,57719.0,1.6031548716190187,-0.5329581308092436
3351,2020-09-08,NSE:TIMKEN,1194.0,1208.9,1175.85,1182.95,31533.0,-0.18563051090579633,1.6031548716190187
3352,2020-09-09,NSE:TIMKEN,1172.85,1182.75,1093.55,1133.55,91796.0,-4.176000676275421,-0.18563051090579633
3353,2020-09-10,NSE:TIMKEN,1140.0,1155.7,1098.0,1099.75,106213.0,-2.981782894446646,-4.176000676275421
3354,2020-09-11,NSE:TIMKEN,1114.0,1124.9,1074.5,1083.8,103813.0,-1.4503296203682696,-2.981782894446646
3355,2020-09-14,NSE:TIMKEN,1113.0,1166.0,1066.1,1130.9,136914.0,4.34582026204098,-1.4503296203682696
3356,2020-09-15,NSE:TIMKEN,1130.05,1185.0,1130.05,1174.6,94922.0,3.864178972499763,4.34582026204098
3357,2020-09-16,NSE:TIMKEN,1180.0,1180.05,1135.0,1158.7,80571.0,-1.3536523071683861,3.864178972499763
3358,2020-09-17,NSE:TIMKEN,1154.0,1154.0,1130.0,1139.25,37928.0,-1.6786053335634803,-1.3536523071683861
3359,2020-09-18,NSE:TIMKEN,1127.0,1161.55,1091.0,1101.75,192583.0,-3.2916392363396976,-1.6786053335634803
3360,2020-09-21,NSE:TIMKEN,1110.6,1116.15,1099.2,1106.8,41497.0,0.45836169729974624,-3.2916392363396976
3361,2020-09-22,NSE:TIMKEN,1093.0,1100.0,1052.4,1075.3,68867.0,-2.846042645464402,0.45836169729974624
3362,2020-09-23,NSE:TIMKEN,1080.0,1096.95,1071.0,1092.1,27024.0,1.5623546917139362,-2.846042645464402
3363,2020-09-24,NSE:TIMKEN,1085.1,1089.0,1041.0,1049.4,21774.0,-3.90989836095594,1.5623546917139362
3364,2020-09-25,NSE:TIMKEN,1050.0,1073.0,1050.0,1052.95,24661.0,0.3382885458357113,-3.90989836095594
3365,2020-09-28,NSE:TIMKEN,1070.0,1109.95,1054.1,1098.0,28997.0,4.278455767130438,0.3382885458357113
3366,2020-09-29,NSE:TIMKEN,1118.0,1118.0,1085.7,1093.5,77004.0,-0.4098360655737705,4.278455767130438
3367,2020-09-30,NSE:TIMKEN,1107.0,1110.0,1086.55,1106.4,12843.0,1.179698216735262,-0.4098360655737705
3368,2020-10-01,NSE:TIMKEN,1115.0,1117.95,1076.0,1113.2,19935.0,0.6146059291395475,1.179698216735262
3369,2020-10-05,NSE:TIMKEN,1103.5,1127.4,1081.0,1096.2,12030.0,-1.5271289974847286,0.6146059291395475
3370,2020-10-06,NSE:TIMKEN,1105.0,1107.0,1081.0,1093.35,9596.0,-0.2599890530925138,-1.5271289974847286
3371,2020-10-07,NSE:TIMKEN,1086.0,1093.75,1056.5,1064.55,16095.0,-2.634106187405676,-0.2599890530925138
3372,2020-10-08,NSE:TIMKEN,1060.0,1070.0,1025.0,1028.65,26606.0,-3.3723169414306384,-2.634106187405676
3373,2020-10-09,NSE:TIMKEN,1038.0,1048.85,1025.35,1039.05,71015.0,1.0110338793564246,-3.3723169414306384
3374,2020-10-12,NSE:TIMKEN,1055.0,1069.45,1014.35,1037.55,48192.0,-0.14436263894904,1.0110338793564246
3375,2020-10-13,NSE:TIMKEN,1040.0,1049.15,1011.1,1019.8,33394.0,-1.7107609271842321,-0.14436263894904
3376,2020-10-14,NSE:TIMKEN,1028.95,1078.0,1017.6,1049.55,48194.0,2.917238674249853,-1.7107609271842321
3377,2020-10-15,NSE:TIMKEN,1065.0,1065.0,1018.0,1023.85,10033.0,-2.4486684769663127,2.917238674249853
3378,2020-10-16,NSE:TIMKEN,1039.0,1043.6,1025.55,1035.9,16078.0,1.1769302143868798,-2.4486684769663127
3379,2020-10-19,NSE:TIMKEN,1043.6,1073.85,1038.0,1069.55,23789.0,3.2483830485567973,1.1769302143868798
3380,2020-10-20,NSE:TIMKEN,1069.0,1087.0,1053.95,1070.3,193690.0,0.07012294890374457,3.2483830485567973
3381,2020-10-21,NSE:TIMKEN,1071.0,1087.85,1048.2,1057.75,74711.0,-1.1725684387554849,0.07012294890374457
3382,2020-10-22,NSE:TIMKEN,1050.0,1119.0,1050.0,1107.45,235854.0,4.698652800756327,-1.1725684387554849
3383,2020-10-23,NSE:TIMKEN,1120.0,1123.0,1080.0,1085.7,41982.0,-1.9639712853853446,4.698652800756327
3384,2020-10-26,NSE:TIMKEN,1099.0,1124.0,1078.0,1088.1,47978.0,0.2210555402044638,-1.9639712853853446
3385,2020-10-27,NSE:TIMKEN,1081.0,1103.95,1081.0,1090.55,8526.0,0.22516312838893904,0.2210555402044638
3386,2020-10-28,NSE:TIMKEN,1104.9,1104.9,1063.0,1069.9,9320.0,-1.893539956902468,0.22516312838893904
3387,2020-10-29,NSE:TIMKEN,1085.0,1085.0,1060.0,1068.85,7558.0,-0.09814001308535206,-1.893539956902468
3388,2020-10-30,NSE:TIMKEN,1063.75,1087.1,1053.65,1078.75,8283.0,0.9262291247602649,-0.09814001308535206
3389,2020-11-02,NSE:TIMKEN,1092.0,1092.0,1063.4,1069.75,65760.0,-0.8342989571263035,0.9262291247602649
3390,2020-11-03,NSE:TIMKEN,1071.0,1093.0,1054.0,1059.8,7810.0,-0.9301238607151245,-0.8342989571263035
3391,2020-11-04,NSE:TIMKEN,1065.95,1086.0,1061.05,1073.75,8271.0,1.3162860917154224,-0.9301238607151245
3392,2020-11-05,NSE:TIMKEN,1074.05,1095.0,1066.85,1086.7,30030.0,1.2060535506402836,1.3162860917154224
3393,2020-11-06,NSE:TIMKEN,1092.95,1110.0,1082.1,1091.45,9497.0,0.43710315634489744,1.2060535506402836
3394,2020-11-09,NSE:TIMKEN,1113.9,1113.9,1088.0,1100.5,14882.0,0.8291722021164464,0.43710315634489744
3395,2020-11-10,NSE:TIMKEN,1110.25,1123.95,1096.05,1116.05,158367.0,1.4129940935938168,0.8291722021164464
3396,2020-11-11,NSE:TIMKEN,1120.0,1133.0,1099.2,1106.85,20128.0,-0.8243358272478872,1.4129940935938168
3397,2020-11-12,NSE:TIMKEN,1123.5,1154.5,1103.9,1129.15,131011.0,2.014726476035613,-0.8243358272478872
3398,2020-11-13,NSE:TIMKEN,1110.0,1156.95,1104.4,1140.55,32390.0,1.0096089979187763,2.014726476035613
3399,2020-11-14,NSE:TIMKEN,1159.0,1159.0,1143.05,1149.7,9182.0,0.8022445311472615,1.0096089979187763
3400,2020-11-17,NSE:TIMKEN,1164.0,1164.0,1100.0,1126.0,44788.0,-2.0614073236496515,0.8022445311472615
3401,2020-11-18,NSE:TIMKEN,1112.25,1144.0,1105.0,1140.55,38874.0,1.2921847246891611,-2.0614073236496515
3402,2020-11-19,NSE:TIMKEN,1125.05,1170.0,1115.55,1161.8,79455.0,1.8631362062162993,1.2921847246891611
3403,2020-11-20,NSE:TIMKEN,1150.0,1184.0,1150.0,1175.5,37592.0,1.1792046823893998,1.8631362062162993
3404,2020-11-23,NSE:TIMKEN,1161.0,1175.5,1155.45,1159.8,11114.0,-1.3356018715440277,1.1792046823893998
3405,2020-11-24,NSE:TIMKEN,1165.6,1194.0,1165.25,1190.15,25346.0,2.6168304880151867,-1.3356018715440277
3406,2020-11-25,NSE:TIMKEN,1194.9,1200.0,1165.65,1176.15,43986.0,-1.1763223123135738,2.6168304880151867
3407,2020-11-26,NSE:TIMKEN,1161.1,1213.9,1161.1,1205.85,34464.0,2.525188113760984,-1.1763223123135738
3408,2020-11-27,NSE:TIMKEN,1211.95,1211.95,1192.55,1201.45,114827.0,-0.36488783845419115,2.525188113760984
3409,2020-12-01,NSE:TIMKEN,1210.0,1214.0,1183.3,1188.6,18536.0,-1.0695409713263253,-0.36488783845419115
3410,2020-12-02,NSE:TIMKEN,1188.0,1195.8,1166.55,1173.65,12115.0,-1.2577822648493875,-1.0695409713263253
3411,2020-12-03,NSE:TIMKEN,1179.55,1180.0,1152.1,1156.85,22439.0,-1.431431857879281,-1.2577822648493875
3412,2020-12-04,NSE:TIMKEN,1156.85,1174.95,1120.0,1127.3,43867.0,-2.5543501750442976,-1.431431857879281
3413,2020-12-07,NSE:TIMKEN,1140.85,1169.05,1133.1,1162.45,57917.0,3.118069724119586,-2.5543501750442976
3414,2020-12-08,NSE:TIMKEN,1162.45,1169.0,1134.1,1161.5,21032.0,-0.08172394511592287,3.118069724119586
3415,2020-12-09,NSE:TIMKEN,1160.0,1165.0,1143.0,1148.55,41269.0,-1.1149375807145971,-0.08172394511592287
3416,2020-12-10,NSE:TIMKEN,1152.0,1163.85,1130.1,1139.2,12054.0,-0.8140699142396856,-1.1149375807145971
3417,2020-12-11,NSE:TIMKEN,1144.9,1149.7,1117.05,1126.8,20064.0,-1.0884831460674236,-0.8140699142396856
3418,2020-12-14,NSE:TIMKEN,1125.0,1135.0,1100.0,1119.55,27506.0,-0.6434149804756834,-1.0884831460674236
3419,2020-12-15,NSE:TIMKEN,1112.0,1124.95,1086.0,1092.2,40008.0,-2.4429458264481183,-0.6434149804756834
3420,2020-12-16,NSE:TIMKEN,1107.0,1107.0,1084.0,1094.45,20130.0,0.20600622596594031,-2.4429458264481183
3421,2020-12-17,NSE:TIMKEN,1099.95,1104.9,1083.0,1086.2,37486.0,-0.753803280186395,0.20600622596594031
3422,2020-12-18,NSE:TIMKEN,1090.0,1154.95,1090.0,1148.0,85830.0,5.689559933713861,-0.753803280186395
3423,2020-12-21,NSE:TIMKEN,1150.0,1156.0,1099.8,1102.7,46565.0,-3.9459930313588814,5.689559933713861
3424,2020-12-22,NSE:TIMKEN,1100.0,1117.25,1055.0,1107.1,50296.0,0.39902058583475686,-3.9459930313588814
3425,2020-12-23,NSE:TIMKEN,1110.0,1144.7,1100.2,1140.55,37500.0,3.0214072802818217,0.39902058583475686
3426,2020-12-24,NSE:TIMKEN,1146.25,1169.8,1135.0,1163.8,43789.0,2.0384902020954803,3.0214072802818217
3427,2020-12-28,NSE:TIMKEN,1170.0,1198.95,1165.65,1187.3,61547.0,2.019247293349373,2.0384902020954803
3428,2020-12-29,NSE:TIMKEN,1197.95,1299.0,1167.05,1236.6,527932.0,4.152278278446893,2.019247293349373
3429,2020-12-30,NSE:TIMKEN,1243.65,1318.7,1148.9,1306.25,393551.0,5.632379103994832,4.152278278446893
3430,2020-12-31,NSE:TIMKEN,1309.8,1336.0,1280.0,1329.65,157166.0,1.7913875598086195,5.632379103994832
3431,2021-01-01,NSE:TIMKEN,1325.0,1339.55,1307.6,1335.65,84666.0,0.45124656864588425,1.7913875598086195
3432,2021-01-04,NSE:TIMKEN,1339.9,1360.0,1302.3,1319.15,70866.0,-1.235353573166623,0.45124656864588425
3433,2021-01-05,NSE:TIMKEN,1314.0,1328.0,1301.0,1320.8,70558.0,0.12508054428987328,-1.235353573166623
3434,2021-01-06,NSE:TIMKEN,1321.0,1334.9,1315.45,1321.3,46905.0,0.03785584494245912,0.12508054428987328
3435,2021-01-07,NSE:TIMKEN,1327.95,1338.0,1310.5,1327.65,26252.0,0.4805873003859939,0.03785584494245912
3436,2021-01-08,NSE:TIMKEN,1334.25,1339.85,1275.0,1281.6,33555.0,-3.4685346288555103,0.4805873003859939
3437,2021-01-11,NSE:TIMKEN,1272.0,1290.0,1245.15,1275.55,52682.0,-0.47206616729088285,-3.4685346288555103
3438,2021-01-12,NSE:TIMKEN,1281.0,1295.85,1262.1,1270.25,103024.0,-0.4155070361804676,-0.47206616729088285
3439,2021-01-13,NSE:TIMKEN,1273.0,1294.9,1225.25,1251.8,45459.0,-1.452469986223188,-0.4155070361804676
3440,2021-01-14,NSE:TIMKEN,1264.8,1264.8,1230.0,1236.2,21358.0,-1.2462054641316433,-1.452469986223188
3441,2021-01-15,NSE:TIMKEN,1236.2,1274.65,1220.0,1247.2,40344.0,0.8898236531305614,-1.2462054641316433
3442,2021-01-18,NSE:TIMKEN,1253.0,1253.0,1200.0,1205.1,31177.0,-3.3755612572161753,0.8898236531305614
3443,2021-01-19,NSE:TIMKEN,1211.0,1239.9,1203.65,1236.4,32054.0,2.597294830304554,-3.3755612572161753
3444,2021-01-20,NSE:TIMKEN,1236.45,1273.6,1236.45,1242.95,38619.0,0.5297638304755705,2.597294830304554
3445,2021-01-21,NSE:TIMKEN,1249.2,1263.35,1227.45,1246.55,21775.0,0.289633533126828,0.5297638304755705
3446,2021-01-22,NSE:TIMKEN,1226.0,1249.95,1213.0,1223.15,14403.0,-1.8771810196141243,0.289633533126828
3447,2021-01-25,NSE:TIMKEN,1225.05,1233.0,1194.25,1209.65,8882.0,-1.1037076401095531,-1.8771810196141243
3448,2021-01-27,NSE:TIMKEN,1201.0,1261.3,1160.0,1241.9,62350.0,2.6660604307030957,-1.1037076401095531
3449,2021-01-28,NSE:TIMKEN,1252.0,1252.0,1187.0,1192.55,17368.0,-3.9737498993477844,2.6660604307030957
3450,2021-01-29,NSE:TIMKEN,1198.55,1223.25,1189.25,1197.55,21433.0,0.4192696323005325,-3.9737498993477844
3451,2021-02-01,NSE:TIMKEN,1203.45,1307.0,1187.25,1298.8,80369.0,8.454761805352595,0.4192696323005325
3452,2021-02-02,NSE:TIMKEN,1302.0,1313.95,1268.0,1279.65,24511.0,-1.4744379427163432,8.454761805352595
3453,2021-02-03,NSE:TIMKEN,1296.0,1296.0,1270.5,1283.25,47624.0,0.2813269253311381,-1.4744379427163432
3454,2021-02-04,NSE:TIMKEN,1288.0,1288.95,1261.25,1274.6,21801.0,-0.6740697447886297,0.2813269253311381
3455,2021-02-05,NSE:TIMKEN,1276.05,1344.75,1270.0,1312.7,88743.0,2.9891730739055498,-0.6740697447886297
3456,2021-02-08,NSE:TIMKEN,1322.25,1390.0,1300.3,1376.7,146969.0,4.875447550849394,2.9891730739055498
3457,2021-02-09,NSE:TIMKEN,1383.6,1409.0,1325.25,1331.7,29506.0,-3.26868598823273,4.875447550849394
3458,2021-02-10,NSE:TIMKEN,1335.0,1375.0,1320.0,1345.7,32559.0,1.0512878275887962,-3.26868598823273
3459,2021-02-11,NSE:TIMKEN,1346.05,1415.0,1335.0,1385.5,80500.0,2.9575685516831354,1.0512878275887962
3460,2021-02-12,NSE:TIMKEN,1398.0,1450.0,1382.25,1434.75,79139.0,3.5546734031035725,2.9575685516831354
3461,2021-02-15,NSE:TIMKEN,1340.0,1359.9,1250.0,1307.75,145204.0,-8.851716326886216,3.5546734031035725
3462,2021-02-16,NSE:TIMKEN,1319.0,1370.05,1310.0,1358.25,59178.0,3.8615943414261134,-8.851716326886216
3463,2021-02-17,NSE:TIMKEN,1370.0,1370.0,1320.35,1325.05,17701.0,-2.444321737529913,3.8615943414261134
3464,2021-02-18,NSE:TIMKEN,1331.7,1382.0,1330.0,1351.0,40859.0,1.9584166635221347,-2.444321737529913
3465,2021-02-19,NSE:TIMKEN,1357.0,1357.0,1300.0,1312.2,30769.0,-2.8719467061435937,1.9584166635221347
3466,2021-02-22,NSE:TIMKEN,1318.8,1318.8,1267.0,1272.55,16617.0,-3.0216430422191807,-2.8719467061435937
3467,2021-02-23,NSE:TIMKEN,1272.55,1303.35,1262.95,1271.8,21059.0,-0.0589367804801383,-3.0216430422191807
3468,2021-02-24,NSE:TIMKEN,1284.35,1313.15,1275.0,1301.65,7866.0,2.347067148922797,-0.0589367804801383
3469,2021-02-25,NSE:TIMKEN,1324.0,1324.9,1291.0,1304.45,32963.0,0.21511158913686124,2.347067148922797
3470,2021-02-26,NSE:TIMKEN,1280.1,1310.0,1265.0,1273.6,19080.0,-2.364981409789577,0.21511158913686124
3471,2021-03-01,NSE:TIMKEN,1300.0,1306.0,1258.3,1264.75,14255.0,-0.6948806532663246,-2.364981409789577
3472,2021-03-02,NSE:TIMKEN,1262.0,1305.0,1262.0,1291.05,16168.0,2.079462344336822,-0.6948806532663246
3473,2021-03-03,NSE:TIMKEN,1301.0,1302.0,1289.45,1295.7,7977.0,0.36017195306146865,2.079462344336822
3474,2021-03-04,NSE:TIMKEN,1285.0,1338.95,1285.0,1297.85,60361.0,0.16593347225436933,0.36017195306146865
3475,2021-03-05,NSE:TIMKEN,1297.0,1305.45,1261.0,1268.9,19298.0,-2.2306121662749794,0.16593347225436933
3476,2021-03-08,NSE:TIMKEN,1290.0,1313.8,1275.0,1280.0,14765.0,0.8747734258018685,-2.2306121662749794
3477,2021-03-09,NSE:TIMKEN,1296.0,1296.0,1262.2,1278.65,39008.0,-0.1054687499999929,0.8747734258018685
3478,2021-03-10,NSE:TIMKEN,1287.0,1310.0,1270.0,1289.45,16014.0,0.844640832127631,-0.1054687499999929
3479,2021-03-12,NSE:TIMKEN,1289.45,1321.0,1283.2,1294.55,24243.0,0.3955174686881933,0.844640832127631
3480,2021-03-15,NSE:TIMKEN,1297.0,1306.95,1250.0,1269.65,52071.0,-1.9234483024989275,0.3955174686881933
3481,2021-03-16,NSE:TIMKEN,1280.0,1296.95,1260.9,1268.45,9073.0,-0.09451423620683223,-1.9234483024989275
3482,2021-03-17,NSE:TIMKEN,1289.0,1289.0,1250.0,1253.8,26040.0,-1.1549528952658827,-0.09451423620683223
3483,2021-03-18,NSE:TIMKEN,1259.05,1273.95,1241.05,1251.05,25300.0,-0.21933322698995056,-1.1549528952658827
3484,2021-03-19,NSE:TIMKEN,1260.0,1265.0,1206.0,1250.45,23833.0,-0.04795971384036682,-0.21933322698995056
3485,2021-03-22,NSE:TIMKEN,1256.75,1264.5,1244.65,1260.25,9346.0,0.7837178615698313,-0.04795971384036682
3486,2021-03-23,NSE:TIMKEN,1274.4,1284.0,1245.55,1266.45,16682.0,0.4919658797857604,0.7837178615698313
3487,2021-03-24,NSE:TIMKEN,1275.0,1309.45,1235.0,1246.2,42882.0,-1.5989577164514983,0.4919658797857604
3488,2021-03-25,NSE:TIMKEN,1263.0,1263.0,1208.6,1228.55,16833.0,-1.4163055689295532,-1.5989577164514983
3489,2021-03-26,NSE:TIMKEN,1230.0,1265.0,1227.7,1256.0,13180.0,2.234341296650527,-1.4163055689295532
3490,2021-03-30,NSE:TIMKEN,1289.0,1289.0,1250.05,1273.9,19706.0,1.4251592356687972,2.234341296650527
3491,2021-03-31,NSE:TIMKEN,1280.0,1306.6,1262.2,1296.5,36315.0,1.7740795980846147,1.4251592356687972
3492,2021-04-01,NSE:TIMKEN,1296.5,1324.45,1293.8,1311.5,45360.0,1.1569610489780178,1.7740795980846147
3493,2021-04-05,NSE:TIMKEN,1337.0,1337.0,1282.1,1299.95,120972.0,-0.8806709874189824,1.1569610489780178
3494,2021-04-06,NSE:TIMKEN,1300.0,1330.0,1276.7,1293.55,89297.0,-0.49232662794723575,-0.8806709874189824
3495,2021-04-07,NSE:TIMKEN,1309.0,1364.0,1277.15,1341.75,47691.0,3.7261798925437786,-0.49232662794723575
3496,2021-04-08,NSE:TIMKEN,1352.0,1380.0,1329.95,1373.25,157570.0,2.3476802683063163,3.7261798925437786
3497,2021-04-09,NSE:TIMKEN,1395.0,1410.0,1361.8,1385.45,53237.0,0.8884034225377787,2.3476802683063163
3498,2021-04-12,NSE:TIMKEN,1400.0,1410.0,1321.0,1366.7,78586.0,-1.3533508968205277,0.8884034225377787
3499,2021-04-13,NSE:TIMKEN,1390.0,1390.0,1331.0,1358.1,45435.0,-0.6292529450501307,-1.3533508968205277
3500,2021-04-15,NSE:TIMKEN,1361.0,1361.95,1315.0,1337.55,54341.0,-1.5131433620499195,-0.6292529450501307
3501,2021-04-16,NSE:TIMKEN,1344.0,1344.6,1320.15,1327.35,33652.0,-0.7625883144555378,-1.5131433620499195
3502,2021-04-19,NSE:TIMKEN,1310.0,1351.9,1292.0,1343.2,17285.0,1.1941085621727605,-0.7625883144555378
3503,2021-04-20,NSE:TIMKEN,1351.0,1374.85,1325.0,1361.7,31739.0,1.377307921381775,1.1941085621727605
3504,2021-04-22,NSE:TIMKEN,1376.9,1376.9,1333.95,1343.5,13085.0,-1.3365645883821726,1.377307921381775
3505,2021-04-23,NSE:TIMKEN,1370.0,1370.0,1317.5,1325.4,76426.0,-1.3472273911425314,-1.3365645883821726
3506,2021-04-26,NSE:TIMKEN,1325.5,1375.0,1311.1,1363.45,108512.0,2.8708314471103025,-1.3472273911425314
3507,2021-04-27,NSE:TIMKEN,1358.0,1365.55,1325.7,1335.3,33921.0,-2.064615497451325,2.8708314471103025
3508,2021-04-28,NSE:TIMKEN,1332.0,1368.0,1322.0,1361.4,21727.0,1.9546169400134903,-2.064615497451325
3509,2021-04-29,NSE:TIMKEN,1368.6,1444.0,1350.85,1389.0,103939.0,2.027324812692809,1.9546169400134903
3510,2021-04-30,NSE:TIMKEN,1385.0,1420.0,1368.55,1404.15,76858.0,1.090712742980568,2.027324812692809
3511,2021-05-03,NSE:TIMKEN,1405.0,1415.05,1358.0,1370.65,91081.0,-2.3857849944806464,1.090712742980568
3512,2021-05-04,NSE:TIMKEN,1386.8,1414.9,1355.0,1366.2,84221.0,-0.3246634808302663,-2.3857849944806464
3513,2021-05-05,NSE:TIMKEN,1399.0,1399.0,1368.0,1379.3,71301.0,0.9588640023422565,-0.3246634808302663
3514,2021-05-06,NSE:TIMKEN,1397.9,1409.95,1379.0,1398.55,34907.0,1.3956354672660045,0.9588640023422565
3515,2021-05-07,NSE:TIMKEN,1410.0,1410.0,1385.0,1392.05,91010.0,-0.46476708019019697,1.3956354672660045
3516,2021-05-10,NSE:TIMKEN,1400.0,1408.85,1341.0,1347.8,39908.0,-3.178765130562839,-0.46476708019019697
3517,2021-05-11,NSE:TIMKEN,1347.8,1358.7,1330.0,1334.55,18922.0,-0.9830835435524559,-3.178765130562839
3518,2021-05-12,NSE:TIMKEN,1335.0,1350.05,1308.0,1315.35,16506.0,-1.4386871979318907,-0.9830835435524559
3519,2021-05-14,NSE:TIMKEN,1337.65,1337.65,1272.2,1277.25,22567.0,-2.8965674535294723,-1.4386871979318907
3520,2021-05-17,NSE:TIMKEN,1290.0,1340.0,1225.2,1238.05,90906.0,-3.0690937561166605,-2.8965674535294723
3521,2021-05-18,NSE:TIMKEN,1260.0,1289.65,1238.45,1276.65,39527.0,3.117806227535248,-3.0690937561166605
3522,2021-05-19,NSE:TIMKEN,1288.0,1295.0,1277.1,1281.55,13927.0,0.38381702110992544,3.117806227535248
3523,2021-05-20,NSE:TIMKEN,1282.0,1288.0,1254.0,1275.05,20453.0,-0.5071983145409855,0.38381702110992544
3524,2021-05-21,NSE:TIMKEN,1276.05,1288.3,1250.0,1256.2,21482.0,-1.4783733971216744,-0.5071983145409855
3525,2021-05-24,NSE:TIMKEN,1262.5,1304.4,1240.75,1280.55,101495.0,1.9383856073873513,-1.4783733971216744
3526,2021-05-25,NSE:TIMKEN,1280.55,1301.6,1260.0,1274.7,38720.0,-0.4568349537308117,1.9383856073873513
3527,2021-05-26,NSE:TIMKEN,1281.1,1295.0,1263.2,1286.6,16226.0,0.9335529928610546,-0.4568349537308117
3528,2021-05-27,NSE:TIMKEN,1294.0,1328.0,1278.95,1319.85,38580.0,2.584330794341676,0.9335529928610546
3529,2021-05-28,NSE:TIMKEN,1331.0,1336.6,1319.9,1331.0,24860.0,0.8447929688979878,2.584330794341676
3530,2021-05-31,NSE:TIMKEN,1339.0,1378.2,1337.5,1346.95,26685.0,1.1983471074380199,0.8447929688979878
3531,2021-06-01,NSE:TIMKEN,1362.0,1362.0,1303.0,1309.75,17650.0,-2.7617951668584615,1.1983471074380199
3532,2021-06-02,NSE:TIMKEN,1335.0,1335.0,1305.0,1309.05,11363.0,-0.05344531399122317,-2.7617951668584615
3533,2021-06-03,NSE:TIMKEN,1323.1,1335.0,1315.65,1322.95,13872.0,1.0618387380161254,-0.05344531399122317
3534,2021-06-04,NSE:TIMKEN,1334.0,1335.0,1309.95,1319.5,18824.0,-0.26078083071922936,1.0618387380161254
3535,2021-06-07,NSE:TIMKEN,1325.0,1363.0,1320.0,1341.0,24098.0,1.62940507768094,-0.26078083071922936
3536,2021-06-08,NSE:TIMKEN,1363.0,1370.0,1352.75,1360.95,28997.0,1.4876957494407193,1.62940507768094
3537,2021-06-09,NSE:TIMKEN,1364.0,1388.75,1342.05,1353.1,34805.0,-0.5768029685146505,1.4876957494407193
3538,2021-06-10,NSE:TIMKEN,1359.9,1374.0,1348.65,1364.25,11290.0,0.8240337003916999,-0.5768029685146505
3539,2021-06-11,NSE:TIMKEN,1379.0,1393.0,1361.5,1369.25,90432.0,0.3665017408832692,0.8240337003916999
3540,2021-06-14,NSE:TIMKEN,1387.0,1387.0,1351.0,1382.0,109127.0,0.931166697096951,0.3665017408832692
3541,2021-06-15,NSE:TIMKEN,1385.0,1398.0,1370.0,1372.5,25160.0,-0.6874095513748191,0.931166697096951
3542,2021-06-16,NSE:TIMKEN,1387.0,1392.0,1354.7,1372.7,30832.0,0.014571948998181818,-0.6874095513748191
3543,2021-06-17,NSE:TIMKEN,1365.25,1376.0,1325.45,1346.7,39169.0,-1.894077365775479,0.014571948998181818
3544,2021-06-18,NSE:TIMKEN,1354.0,1397.4,1325.0,1383.55,73895.0,2.736318407960192,-1.894077365775479
3545,2021-06-21,NSE:TIMKEN,1340.0,1468.85,1330.05,1420.95,289163.0,2.703191066459477,2.736318407960192
3546,2021-06-22,NSE:TIMKEN,1423.9,1451.0,1396.05,1408.8,59613.0,-0.8550617544600507,2.703191066459477
3547,2021-06-23,NSE:TIMKEN,1390.0,1564.0,1390.0,1541.3,535291.0,9.405167518455423,-0.8550617544600507
3548,2021-06-24,NSE:TIMKEN,1565.0,1566.0,1460.0,1481.6,208673.0,-3.873353662492704,9.405167518455423
3549,2021-06-25,NSE:TIMKEN,1508.0,1540.0,1475.0,1508.55,111848.0,1.818979481641472,-3.873353662492704
3550,2021-06-28,NSE:TIMKEN,1518.8,1518.8,1465.9,1474.9,33836.0,-2.230618806138336,1.818979481641472
3551,2021-06-29,NSE:TIMKEN,1479.0,1554.95,1450.75,1490.4,274956.0,1.050918706352973,-2.230618806138336
3552,2021-06-30,NSE:TIMKEN,1492.05,1524.9,1461.25,1469.35,106813.0,-1.4123725174449935,1.050918706352973
3553,2021-07-01,NSE:TIMKEN,1483.9,1506.95,1475.0,1478.85,39552.0,0.6465443903766972,-1.4123725174449935
3554,2021-07-02,NSE:TIMKEN,1470.05,1493.0,1450.0,1458.5,64580.0,-1.37606924299286,0.6465443903766972
3555,2021-07-05,NSE:TIMKEN,1472.7,1492.15,1461.3,1469.85,78062.0,0.7781967775111354,-1.37606924299286
3556,2021-07-06,NSE:TIMKEN,1477.2,1575.0,1470.0,1526.75,89481.0,3.8711433139436062,0.7781967775111354
3557,2021-07-07,NSE:TIMKEN,1557.95,1667.0,1518.9,1585.25,498853.0,3.8316685770427377,3.8711433139436062
3558,2021-07-08,NSE:TIMKEN,1595.0,1606.35,1551.55,1576.6,58815.0,-0.5456552594228097,3.8316685770427377
3559,2021-07-09,NSE:TIMKEN,1560.0,1584.5,1538.0,1543.55,38498.0,-2.096283140936189,-0.5456552594228097
3560,2021-07-12,NSE:TIMKEN,1563.65,1567.7,1492.55,1509.25,41639.0,-2.2221502380875227,-2.096283140936189
3561,2021-07-13,NSE:TIMKEN,1511.0,1531.0,1489.3,1498.0,28823.0,-0.7454033460327978,-2.2221502380875227
3562,2021-07-14,NSE:TIMKEN,1519.0,1548.75,1503.1,1517.55,68877.0,1.3050734312416525,-0.7454033460327978
3563,2021-07-15,NSE:TIMKEN,1524.0,1536.55,1485.2,1505.3,35337.0,-0.8072221673091496,1.3050734312416525
3564,2021-07-16,NSE:TIMKEN,1512.0,1559.9,1508.85,1526.5,58213.0,1.4083571381120072,-0.8072221673091496
3565,2021-07-19,NSE:TIMKEN,1525.0,1530.05,1498.0,1503.8,25885.0,-1.4870619063216537,1.4083571381120072
3566,2021-07-20,NSE:TIMKEN,1505.25,1521.95,1481.0,1502.4,27313.0,-0.093097486367859,-1.4870619063216537
3567,2021-07-22,NSE:TIMKEN,1517.0,1529.0,1481.8,1518.1,40415.0,1.0449946751863564,-0.093097486367859
3568,2021-07-23,NSE:TIMKEN,1530.0,1564.0,1496.15,1550.35,45165.0,2.124365983795534,1.0449946751863564
3569,2021-07-26,NSE:TIMKEN,1560.0,1614.0,1542.05,1596.95,67505.0,3.0057728899925915,2.124365983795534
3570,2021-07-27,NSE:TIMKEN,1619.0,1624.0,1551.0,1558.6,56274.0,-2.401452769341566,3.0057728899925915
3571,2021-07-28,NSE:TIMKEN,1565.05,1624.85,1541.2,1598.9,101420.0,2.5856537918645053,-2.401452769341566
3572,2021-07-29,NSE:TIMKEN,1617.0,1664.0,1552.65,1577.6,155229.0,-1.332165864031533,2.5856537918645053
3573,2021-07-30,NSE:TIMKEN,1595.0,1603.75,1562.05,1566.3,21864.0,-0.7162778904665286,-1.332165864031533
3574,2021-08-02,NSE:TIMKEN,1558.0,1594.95,1526.95,1549.15,23781.0,-1.0949371129413181,-0.7162778904665286
3575,2021-08-03,NSE:TIMKEN,1565.0,1565.0,1522.0,1531.7,27574.0,-1.1264241680921825,-1.0949371129413181
3576,2021-08-04,NSE:TIMKEN,1530.5,1557.0,1488.0,1492.35,35428.0,-2.5690409349089336,-1.1264241680921825
3577,2021-08-05,NSE:TIMKEN,1490.0,1525.0,1490.0,1506.45,17188.0,0.944818574731138,-2.5690409349089336
3578,2021-08-06,NSE:TIMKEN,1502.0,1528.0,1480.0,1485.95,25172.0,-1.3608151614723356,0.944818574731138
3579,2021-08-09,NSE:TIMKEN,1516.0,1516.95,1480.0,1491.75,22979.0,0.3903226891887314,-1.3608151614723356
3580,2021-08-10,NSE:TIMKEN,1602.0,1602.0,1548.0,1550.95,433434.0,3.968493380258089,0.3903226891887314
3581,2021-08-11,NSE:TIMKEN,1554.0,1557.0,1515.05,1532.4,157109.0,-1.1960411360778849,3.968493380258089
3582,2021-08-12,NSE:TIMKEN,1560.0,1590.0,1550.0,1552.7,55807.0,1.324719394413988,-1.1960411360778849
3583,2021-08-13,NSE:TIMKEN,1552.0,1564.4,1545.0,1551.75,64065.0,-0.061183744445162974,1.324719394413988
3584,2021-08-16,NSE:TIMKEN,1560.0,1585.0,1545.0,1568.7,32890.0,1.0923151280812016,-0.061183744445162974
3585,2021-08-17,NSE:TIMKEN,1570.0,1582.0,1550.0,1557.9,67272.0,-0.6884681583476735,1.0923151280812016
3586,2021-08-18,NSE:TIMKEN,1557.9,1577.95,1545.0,1548.15,74916.0,-0.625842480261891,-0.6884681583476735
3587,2021-08-20,NSE:TIMKEN,1540.0,1550.0,1524.4,1531.5,26904.0,-1.0754771824435674,-0.625842480261891
3588,2021-08-23,NSE:TIMKEN,1539.2,1551.9,1501.3,1510.85,20124.0,-1.3483512895853798,-1.0754771824435674
3589,2021-08-24,NSE:TIMKEN,1510.0,1551.0,1500.0,1535.5,65860.0,1.631531919118383,-1.3483512895853798
3590,2021-08-25,NSE:TIMKEN,1542.0,1580.0,1523.65,1561.95,67729.0,1.722565939433412,1.631531919118383
3591,2021-08-26,NSE:TIMKEN,1580.0,1587.95,1563.0,1571.6,59992.0,0.6178174717500473,1.722565939433412
3592,2021-08-27,NSE:TIMKEN,1589.0,1693.35,1566.4,1665.9,371226.0,6.000254517688991,0.6178174717500473
3593,2021-08-30,NSE:TIMKEN,1700.0,1737.0,1692.0,1718.65,187010.0,3.16645657002221,6.000254517688991
3594,2021-08-31,NSE:TIMKEN,1718.65,1723.1,1651.55,1660.65,46411.0,-3.374741803159456,3.16645657002221
3595,2021-09-01,NSE:TIMKEN,1661.0,1693.0,1635.0,1653.6,36046.0,-0.42453256255081934,-3.374741803159456
3596,2021-09-02,NSE:TIMKEN,1659.0,1684.0,1649.0,1664.7,27375.0,0.6712626995645946,-0.42453256255081934
3597,2021-09-03,NSE:TIMKEN,1674.0,1676.5,1641.2,1651.0,20767.0,-0.8229711059049705,0.6712626995645946
3598,2021-09-06,NSE:TIMKEN,1659.95,1665.0,1641.0,1648.55,21187.0,-0.14839491217444248,-0.8229711059049705
3599,2021-09-07,NSE:TIMKEN,1660.0,1668.0,1636.55,1650.55,15865.0,0.12131873464559764,-0.14839491217444248
3600,2021-09-08,NSE:TIMKEN,1650.55,1710.05,1643.9,1691.65,40028.0,2.490079064554248,0.12131873464559764
3601,2021-09-09,NSE:TIMKEN,1707.0,1724.95,1669.8,1686.05,27515.0,-0.33103774421423676,2.490079064554248
3602,2021-09-13,NSE:TIMKEN,1693.0,1760.0,1675.9,1724.7,74180.0,2.292340084813623,-0.33103774421423676
3603,2021-09-14,NSE:TIMKEN,1749.0,1764.95,1700.0,1714.5,32158.0,-0.5914072012523943,2.292340084813623
3604,2021-09-15,NSE:TIMKEN,1729.0,1734.35,1698.6,1711.7,16857.0,-0.1633129192184284,-0.5914072012523943
3605,2021-09-16,NSE:TIMKEN,1708.0,1725.05,1681.1,1698.65,14008.0,-0.7623999532628354,-0.1633129192184284
3606,2021-09-17,NSE:TIMKEN,1698.65,1722.05,1663.0,1682.8,54583.0,-0.933093927530694,-0.7623999532628354
3607,2021-09-20,NSE:TIMKEN,1694.0,1842.9,1656.3,1803.25,588366.0,7.157713334917997,-0.933093927530694
3608,2021-09-21,NSE:TIMKEN,1825.25,1859.9,1795.0,1826.15,267513.0,1.2699292943296876,7.157713334917997
3609,2021-09-22,NSE:TIMKEN,1839.0,1859.0,1770.0,1776.75,45240.0,-2.7051447033376275,1.2699292943296876
3610,2021-09-23,NSE:TIMKEN,1797.0,1839.0,1760.0,1764.15,44612.0,-0.7091599831152334,-2.7051447033376275
3611,2021-09-24,NSE:TIMKEN,1783.5,1785.0,1744.15,1751.4,16861.0,-0.7227276592126519,-0.7091599831152334
3612,2021-09-27,NSE:TIMKEN,1761.0,1793.0,1730.0,1758.35,73368.0,0.3968253968253864,-0.7227276592126519
3613,2021-09-28,NSE:TIMKEN,1767.15,1770.55,1710.0,1720.9,71056.0,-2.1298376318707777,0.3968253968253864
3614,2021-09-29,NSE:TIMKEN,1720.9,1760.0,1696.3,1700.9,101047.0,-1.1621825788831424,-2.1298376318707777
3615,2021-09-30,NSE:TIMKEN,1709.45,1735.0,1689.95,1694.95,27896.0,-0.3498148039273352,-1.1621825788831424
3616,2021-10-01,NSE:TIMKEN,1690.0,1716.85,1675.25,1681.75,14501.0,-0.7787840349272867,-0.3498148039273352
3617,2021-10-04,NSE:TIMKEN,1690.2,1690.5,1664.05,1669.0,40834.0,-0.7581388434666271,-0.7787840349272867
3618,2021-10-05,NSE:TIMKEN,1675.0,1700.8,1675.0,1696.05,22049.0,1.6207309766327116,-0.7581388434666271
3619,2021-10-06,NSE:TIMKEN,1700.0,1714.2,1680.0,1700.5,79549.0,0.2623743403791189,1.6207309766327116
3620,2021-10-07,NSE:TIMKEN,1710.0,1725.0,1690.0,1697.4,17650.0,-0.18229932372830984,0.2623743403791189
3621,2021-10-08,NSE:TIMKEN,1719.75,1729.4,1695.0,1708.3,17366.0,0.6421585954989903,-0.18229932372830984
3622,2021-10-11,NSE:TIMKEN,1720.0,1725.0,1700.0,1702.7,71445.0,-0.3278112743663238,0.6421585954989903
3623,2021-10-12,NSE:TIMKEN,1703.0,1748.9,1692.05,1693.4,34911.0,-0.5461913431608595,-0.3278112743663238
3624,2021-10-13,NSE:TIMKEN,1712.05,1917.0,1703.0,1857.3,331199.0,9.678752805007667,-0.5461913431608595
3625,2021-10-14,NSE:TIMKEN,1887.7,1912.0,1809.05,1843.6,91590.0,-0.7376298928552224,9.678752805007667
3626,2021-10-18,NSE:TIMKEN,1847.7,1855.95,1765.95,1792.35,35717.0,-2.779887177261879,-0.7376298928552224
3627,2021-10-19,NSE:TIMKEN,1792.35,1830.0,1756.0,1771.2,26425.0,-1.1800150640220863,-2.779887177261879
3628,2021-10-20,NSE:TIMKEN,1752.0,1770.65,1716.45,1727.75,17899.0,-2.453139114724483,-1.1800150640220863
3629,2021-10-21,NSE:TIMKEN,1752.0,1810.0,1621.0,1745.2,403846.0,1.009984083345394,-2.453139114724483
3630,2021-10-22,NSE:TIMKEN,1785.9,1789.9,1725.0,1740.1,23056.0,-0.2922301168920545,1.009984083345394
3631,2021-10-25,NSE:TIMKEN,1722.7,1748.85,1656.5,1683.45,17980.0,-3.255560025285895,-0.2922301168920545
3632,2021-10-26,NSE:TIMKEN,1680.0,1689.95,1625.0,1657.15,28946.0,-1.562267961626419,-3.255560025285895
3633,2021-10-27,NSE:TIMKEN,1680.0,1784.85,1655.0,1762.2,108634.0,6.339196813806834,-1.562267961626419
3634,2021-10-28,NSE:TIMKEN,1773.0,1806.25,1734.8,1785.4,35792.0,1.3165361479968247,6.339196813806834
3635,2021-10-29,NSE:TIMKEN,1780.0,1815.0,1730.0,1797.95,26998.0,0.7029237145737623,1.3165361479968247
3636,2021-11-01,NSE:TIMKEN,1804.9,1807.6,1770.05,1787.9,8501.0,-0.5589699379849248,0.7029237145737623
3637,2021-11-02,NSE:TIMKEN,1761.0,1823.9,1761.0,1798.2,14668.0,0.5760948598914902,-0.5589699379849248
3638,2021-11-03,NSE:TIMKEN,1799.0,1811.0,1775.0,1792.45,11726.0,-0.3197642086530975,0.5760948598914902
3639,2021-11-04,NSE:TIMKEN,1793.0,1819.0,1782.55,1808.2,4109.0,0.8786855979246283,-0.3197642086530975
3640,2021-11-08,NSE:TIMKEN,1825.0,1847.0,1795.0,1836.85,24663.0,1.5844486229399328,0.8786855979246283
3641,2021-11-09,NSE:TIMKEN,1849.0,1849.0,1799.45,1812.55,12386.0,-1.3229169502136786,1.5844486229399328
3642,2021-11-10,NSE:TIMKEN,1801.0,1890.0,1763.7,1812.05,97415.0,-0.027585445918733277,-1.3229169502136786
3643,2021-11-11,NSE:TIMKEN,1866.0,1997.0,1866.0,1976.4,480036.0,9.069838028751974,-0.027585445918733277
3644,2021-11-12,NSE:TIMKEN,1985.0,2020.0,1921.0,1994.45,168886.0,0.9132766646427825,9.069838028751974
3645,2021-11-15,NSE:TIMKEN,1980.0,2045.0,1951.8,1981.5,91821.0,-0.6493018125297724,0.9132766646427825
3646,2021-11-16,NSE:TIMKEN,1981.5,1999.35,1931.2,1976.25,58427.0,-0.26495079485238454,-0.6493018125297724
3647,2021-11-17,NSE:TIMKEN,1985.0,2030.0,1950.0,1954.75,40163.0,-1.0879190385831752,-0.26495079485238454
3648,2021-11-18,NSE:TIMKEN,1966.6,1974.0,1900.0,1921.05,20543.0,-1.724005627318074,-1.0879190385831752
3649,2021-11-22,NSE:TIMKEN,1892.6,1973.1,1881.0,1906.15,30240.0,-0.7756175008458844,-1.724005627318074
3650,2021-11-23,NSE:TIMKEN,1910.0,1945.0,1892.3,1935.2,17018.0,1.524014374524563,-0.7756175008458844
3651,2021-11-24,NSE:TIMKEN,1944.0,1957.0,1881.0,1887.8,40191.0,-2.44935923935511,1.524014374524563
3652,2021-11-25,NSE:TIMKEN,1878.0,1975.0,1876.15,1926.35,40029.0,2.042059540205528,-2.44935923935511
3653,2021-11-26,NSE:TIMKEN,1924.0,1938.85,1875.05,1893.4,20786.0,-1.7104887481506383,2.042059540205528
3654,2021-11-29,NSE:TIMKEN,1921.8,1921.9,1807.15,1818.85,25882.0,-3.9373613605154842,-1.7104887481506383
3655,2021-11-30,NSE:TIMKEN,1826.6,2080.55,1818.9,2020.9,164101.0,11.108667564669993,-3.9373613605154842
3656,2021-12-01,NSE:TIMKEN,2039.9,2063.55,1971.0,2010.55,80969.0,-0.5121480528477478,11.108667564669993
3657,2021-12-02,NSE:TIMKEN,2028.35,2156.7,1989.8,2132.45,202176.0,6.063017582253606,-0.5121480528477478
3658,2021-12-03,NSE:TIMKEN,2130.0,2130.0,1996.4,2017.2,148768.0,-5.404581584562348,6.063017582253606
3659,2021-12-06,NSE:TIMKEN,2050.0,2050.0,1950.0,1962.3,55354.0,-2.7215942891136273,-5.404581584562348
3660,2021-12-07,NSE:TIMKEN,1972.6,2009.4,1936.15,1948.9,45415.0,-0.6828721398358999,-2.7215942891136273
3661,2021-12-08,NSE:TIMKEN,1977.0,2007.0,1941.15,1946.35,42947.0,-0.13084303966340918,-0.6828721398358999
3662,2021-12-09,NSE:TIMKEN,1956.6,1982.55,1904.0,1909.6,52645.0,-1.8881496133788886,-0.13084303966340918
3663,2021-12-10,NSE:TIMKEN,1909.6,1990.0,1909.6,1962.55,39683.0,2.7728320067029766,-1.8881496133788886
3664,2021-12-13,NSE:TIMKEN,1998.0,1998.0,1932.0,1944.9,18955.0,-0.8993401442001407,2.7728320067029766
3665,2021-12-14,NSE:TIMKEN,1935.0,1960.05,1930.0,1935.25,14786.0,-0.49616946886729857,-0.8993401442001407
3666,2021-12-15,NSE:TIMKEN,1944.95,1977.75,1876.15,1883.55,49495.0,-2.6714894716444926,-0.49616946886729857
3667,2021-12-16,NSE:TIMKEN,1925.0,1925.0,1827.2,1841.3,63684.0,-2.2431047755567946,-2.6714894716444926
3668,2021-12-17,NSE:TIMKEN,1835.0,1868.0,1810.0,1835.25,137038.0,-0.32857220442078716,-2.2431047755567946
3669,2021-12-20,NSE:TIMKEN,1835.25,1840.0,1780.15,1805.35,140610.0,-1.629205830268361,-0.32857220442078716
3670,2021-12-21,NSE:TIMKEN,1830.0,1892.0,1821.25,1882.35,30415.0,4.265100949954303,-1.629205830268361
3671,2021-12-22,NSE:TIMKEN,1900.0,1954.0,1890.15,1929.55,50146.0,2.5075039179748746,4.265100949954303
3672,2021-12-23,NSE:TIMKEN,1930.05,1944.85,1894.0,1919.75,21251.0,-0.5078904407763445,2.5075039179748746
3673,2021-12-24,NSE:TIMKEN,1915.0,1936.0,1890.25,1899.5,20961.0,-1.0548248469852846,-0.5078904407763445
3674,2021-12-27,NSE:TIMKEN,1900.0,1945.0,1892.6,1939.45,20548.0,2.1031850486970276,-1.0548248469852846
3675,2021-12-28,NSE:TIMKEN,1949.0,2077.25,1949.0,2046.15,160882.0,5.501559720539331,2.1031850486970276
3676,2021-12-29,NSE:TIMKEN,2049.8999,2049.8999,1982.0,1993.75,35596.0,-2.560907069374195,5.501559720539331
3677,2021-12-30,NSE:TIMKEN,2003.75,2034.0,1981.4,2007.6,24466.0,0.6946708463949798,-2.560907069374195
3678,2021-12-31,NSE:TIMKEN,2010.0,2037.0,1971.0,1988.15,22953.0,-0.9688184897389828,0.6946708463949798
3679,2022-01-03,NSE:TIMKEN,1990.0,2035.0,1986.55,2017.3,26357.0,1.4661871589165738,-0.9688184897389828
3680,2022-01-04,NSE:TIMKEN,2027.0,2048.8501,2015.8,2040.45,38829.0,1.147573489317409,1.4661871589165738
3681,2022-01-05,NSE:TIMKEN,2041.45,2140.0,2022.0,2091.8999,114719.0,2.5214977088387287,1.147573489317409
3682,2022-01-06,NSE:TIMKEN,2089.0,2114.0,2044.0,2054.45,58276.0,-1.7902338443632067,2.5214977088387287
3683,2022-01-07,NSE:TIMKEN,2052.0,2129.0,2035.0,2077.95,71980.0,1.1438584536007206,-1.7902338443632067
3684,2022-01-10,NSE:TIMKEN,2090.0,2094.0,2043.0,2050.8999,35682.0,-1.3017685699848376,1.1438584536007206
3685,2022-01-11,NSE:TIMKEN,2065.0,2071.0,2039.75,2050.8999,36184.0,0.0,-1.3017685699848376
3686,2022-01-12,NSE:TIMKEN,2055.0,2080.0,2023.0,2061.6499,29967.0,0.5241601503808158,0.0
3687,2022-01-13,NSE:TIMKEN,2068.0,2089.05,2048.3999,2082.45,44204.0,1.0089055372592568,0.5241601503808158
3688,2022-01-14,NSE:TIMKEN,2093.0,2120.0,2057.0,2073.6499,312513.0,-0.4225839756056535,1.0089055372592568
3689,2022-01-17,NSE:TIMKEN,2080.55,2095.3501,2054.0,2076.75,35434.0,0.14949968169651548,-0.4225839756056535
3690,2022-01-18,NSE:TIMKEN,2092.0,2094.0,2040.0,2051.8501,31305.0,-1.1989839894065193,0.14949968169651548
3691,2022-01-19,NSE:TIMKEN,2062.1499,2068.7,1979.85,2007.25,35249.0,-2.1736529388769728,-1.1989839894065193
3692,2022-01-20,NSE:TIMKEN,2017.0,2027.1,1986.3,2003.35,13997.0,-0.19429567816665044,-2.1736529388769728
3693,2022-01-21,NSE:TIMKEN,2005.0,2017.15,1972.0,1988.4,22394.0,-0.7462500311977347,-0.19429567816665044
3694,2022-01-24,NSE:TIMKEN,1988.4,1999.3,1863.75,1936.8,50270.0,-2.5950512975256554,-0.7462500311977347
3695,2022-01-25,NSE:TIMKEN,1934.0,2001.95,1894.0,1961.25,41798.0,1.262391573729866,-2.5950512975256554
3696,2022-01-27,NSE:TIMKEN,1927.0,1954.45,1910.25,1939.65,28674.0,-1.1013384321223663,1.262391573729866
3697,2022-01-28,NSE:TIMKEN,1943.0,2040.0,1943.0,1960.1,25340.0,1.0543139226148954,-1.1013384321223663
3698,2022-01-31,NSE:TIMKEN,1956.0,1969.95,1900.0,1928.15,76923.0,-1.63001887658792,1.0543139226148954
3699,2022-02-01,NSE:TIMKEN,1921.0,2032.55,1921.0,1996.75,23773.0,3.5578144853875426,-1.63001887658792
3700,2022-02-02,NSE:TIMKEN,2010.0,2088.8501,1991.1,2051.2,51284.0,2.726931263302858,3.5578144853875426
3701,2022-02-03,NSE:TIMKEN,2088.8,2089.0,2010.05,2030.7,123689.0,-0.9994149765990531,2.726931263302858
3702,2022-02-04,NSE:TIMKEN,2012.2,2048.75,1976.15,1982.6,18615.0,-2.3686413551977217,-0.9994149765990531
3703,2022-02-07,NSE:TIMKEN,1983.0,2004.8,1920.0,1936.7,25326.0,-2.3151417330777697,-2.3686413551977217
3704,2022-02-08,NSE:TIMKEN,1935.0,1945.0,1909.0,1930.55,12625.0,-0.31755047245314666,-2.3151417330777697
3705,2022-02-09,NSE:TIMKEN,1940.25,1963.0,1920.0,1938.6,13150.0,0.41697961720752913,-0.31755047245314666
3706,2022-02-10,NSE:TIMKEN,1944.9,1948.3,1900.2,1912.95,14127.0,-1.3231197771587675,0.41697961720752913
3707,2022-02-11,NSE:TIMKEN,1922.0,1980.0,1910.0,1963.2,24563.0,2.62683290206226,-1.3231197771587675
3708,2022-02-14,NSE:TIMKEN,1950.0,1950.0,1875.0,1889.65,21318.0,-3.746434392828033,2.62683290206226
3709,2022-02-15,NSE:TIMKEN,1889.0,1960.0,1850.7,1922.35,44391.0,1.7304791892678442,-3.746434392828033
3710,2022-02-16,NSE:TIMKEN,1922.05,1936.95,1900.0,1925.25,34274.0,0.15085702395505976,1.7304791892678442
3711,2022-02-17,NSE:TIMKEN,1910.0,1940.0,1901.0,1928.8,46434.0,0.1843916374496795,0.15085702395505976
3712,2022-02-18,NSE:TIMKEN,1925.0,2019.95,1916.05,1965.3,60912.0,1.8923683119037744,0.1843916374496795
3713,2022-02-21,NSE:TIMKEN,1966.0,1988.0,1926.6,1972.55,25818.0,0.3689004223273801,1.8923683119037744
3714,2022-02-22,NSE:TIMKEN,1948.35,1974.0,1925.15,1969.8,43796.0,-0.139413449595701,0.3689004223273801
3715,2022-02-23,NSE:TIMKEN,1970.0,2007.8,1960.05,1995.0,55929.0,1.2793176972281475,-0.139413449595701
3716,2022-02-24,NSE:TIMKEN,1941.0,1978.55,1920.0,1938.15,80252.0,-2.8496240601503713,1.2793176972281475
3717,2022-02-25,NSE:TIMKEN,1948.4,2118.0,1948.0,2061.3501,110773.0,6.356582307870909,-2.8496240601503713
3718,2022-02-28,NSE:TIMKEN,2065.0,2097.8,2002.0,2027.45,39587.0,-1.6445580981124974,6.356582307870909
3719,2022-03-02,NSE:TIMKEN,2015.0,2069.0,1996.05,2053.6001,43933.0,1.289802461219762,-1.6445580981124974
3720,2022-03-03,NSE:TIMKEN,2062.0,2096.8999,2011.6,2021.9,40269.0,-1.543635491642215,1.289802461219762
3721,2022-03-04,NSE:TIMKEN,2019.0,2038.9,1977.15,1983.3,38849.0,-1.909095405311842,-1.543635491642215
3722,2022-03-07,NSE:TIMKEN,1950.0,1960.0,1906.0,1931.4,40012.0,-2.616850703373159,-1.909095405311842
3723,2022-03-08,NSE:TIMKEN,1941.1,1974.0,1914.05,1948.55,37307.0,0.887956922439674,-2.616850703373159
3724,2022-03-09,NSE:TIMKEN,1958.3,2020.0,1952.35,1983.8,19984.0,1.8090374894152061,0.887956922439674
3725,2022-03-10,NSE:TIMKEN,2001.0,2040.0,1965.3,1990.65,29481.0,0.3452969049299393,1.8090374894152061
3726,2022-03-11,NSE:TIMKEN,1990.0,2040.0,1979.55,2006.75,21273.0,0.8087810514153622,0.3452969049299393
3727,2022-03-14,NSE:TIMKEN,2010.0,2070.0,1996.4,2011.9,48879.0,0.25663386072007427,0.8087810514153622
3728,2022-03-15,NSE:TIMKEN,2012.5,2065.0,1992.7,2018.35,27976.0,0.3205924747750792,0.25663386072007427
3729,2022-03-16,NSE:TIMKEN,2029.0,2115.8,2025.85,2065.1001,67133.0,2.3162533752818,0.3205924747750792
3730,2022-03-17,NSE:TIMKEN,2084.0,2232.2,2084.0,2198.75,412457.0,6.471836401538108,2.3162533752818
3731,2022-03-21,NSE:TIMKEN,2251.0,2305.0,2200.0,2224.6001,243466.0,1.1756725412166054,6.471836401538108
3732,2022-03-22,NSE:TIMKEN,2222.5,2239.8,2180.6001,2207.3,35809.0,-0.7776723555842656,1.1756725412166054
3733,2022-03-23,NSE:TIMKEN,2218.8999,2246.95,2191.0,2226.0,25050.0,0.8471888732840944,-0.7776723555842656
3734,2022-03-24,NSE:TIMKEN,2220.0,2227.75,2162.0,2194.25,51258.0,-1.426325247079964,0.8471888732840944
3735,2022-03-25,NSE:TIMKEN,2194.25,2205.8,2137.55,2146.8999,13787.0,-2.157917283809963,-1.426325247079964
3736,2022-03-28,NSE:TIMKEN,2157.6499,2180.0,2084.8,2129.8999,26908.0,-0.7918394332218285,-2.157917283809963
3737,2022-03-29,NSE:TIMKEN,2135.0,2239.8999,2135.0,2189.5,79907.0,2.7982582655645043,-0.7918394332218285
3738,2022-03-30,NSE:TIMKEN,2189.5,2233.75,2141.3501,2163.25,42985.0,-1.1989038593286139,2.7982582655645043
3739,2022-03-31,NSE:TIMKEN,2160.0,2185.8,2103.3501,2141.1001,30775.0,-1.0239177163989315,-1.1989038593286139
3740,2022-04-01,NSE:TIMKEN,2151.8501,2210.0,2116.0,2130.2,27079.0,-0.5090887623610074,-1.0239177163989315
3741,2022-04-04,NSE:TIMKEN,2169.0,2179.8,2074.6001,2090.2,49250.0,-1.877757956999343,-0.5090887623610074
3742,2022-04-05,NSE:TIMKEN,2097.0,2139.1499,2059.6499,2087.7,74589.0,-0.11960577935125827,-1.877757956999343
3743,2022-04-06,NSE:TIMKEN,2096.0,2132.0,2060.0,2119.5,65470.0,1.5232073573789426,-0.11960577935125827
3744,2022-04-07,NSE:TIMKEN,2128.0,2172.8999,2116.0,2119.2,63113.0,-0.01415428167021382,1.5232073573789426
3745,2022-04-08,NSE:TIMKEN,2120.0,2162.0,2120.0,2147.3999,75074.0,1.3306861079652734,-0.01415428167021382
3746,2022-04-11,NSE:TIMKEN,2158.7,2208.0,2158.7,2190.5,27529.0,2.0070830775394986,1.3306861079652734
3747,2022-04-12,NSE:TIMKEN,2206.0,2206.0,2111.0,2133.05,18475.0,-2.6226888838164717,2.0070830775394986
3748,2022-04-13,NSE:TIMKEN,2133.05,2160.0,2125.0,2142.0,9367.0,0.41958697639529396,-2.6226888838164717
3749,2022-04-18,NSE:TIMKEN,2125.0,2159.0,2106.0,2127.3999,12003.0,-0.6816106442577083,0.41958697639529396
3750,2022-04-19,NSE:TIMKEN,2127.3,2156.8999,2072.3501,2100.0,33493.0,-1.287952490737632,-0.6816106442577083
3751,2022-04-20,NSE:TIMKEN,2096.8999,2175.6001,2079.95,2102.95,44788.0,0.14047619047618182,-1.287952490737632
3752,2022-04-21,NSE:TIMKEN,2132.95,2166.0,2102.95,2116.1499,14755.0,0.6276849188045399,0.14047619047618182
3753,2022-04-22,NSE:TIMKEN,2110.0,2136.8501,2104.55,2115.05,6086.0,-0.051976469152762134,0.6276849188045399
3754,2022-04-25,NSE:TIMKEN,2103.8,2109.95,2034.65,2053.25,12639.0,-2.921916739556993,-0.051976469152762134
3755,2022-04-26,NSE:TIMKEN,2054.0,2070.0,2011.0,2020.9,13928.0,-1.5755509558017733,-2.921916739556993
3756,2022-04-27,NSE:TIMKEN,2005.0,2065.0,1985.0,2000.0,24749.0,-1.034192686426844,-1.5755509558017733
3757,2022-04-28,NSE:TIMKEN,2055.05,2063.95,1990.0,2030.85,26814.0,1.5424999999999955,-1.034192686426844
3758,2022-04-29,NSE:TIMKEN,2040.0,2040.0,1973.0,1984.15,47372.0,-2.2995297535514596,1.5424999999999955
3759,2022-05-02,NSE:TIMKEN,1995.0,1995.0,1910.05,1936.9,47752.0,-2.3813723760804373,-2.2995297535514596
3760,2022-05-04,NSE:TIMKEN,1946.6,1974.5,1880.0,1897.8,34152.0,-2.018689658733034,-2.3813723760804373
3761,2022-05-05,NSE:TIMKEN,1898.0,1940.85,1895.0,1918.3,21641.0,1.0801981241437453,-2.018689658733034
3762,2022-05-06,NSE:TIMKEN,1898.0,1909.0,1870.05,1877.35,11592.0,-2.134702601261536,1.0801981241437453
3763,2022-05-09,NSE:TIMKEN,1875.0,1875.0,1825.65,1841.15,16156.0,-1.9282499267584532,-2.134702601261536
3764,2022-05-10,NSE:TIMKEN,1845.0,1865.45,1713.35,1792.3,45726.0,-2.65323303370177,-1.9282499267584532
3765,2022-05-11,NSE:TIMKEN,1792.3,1833.9,1772.7,1797.55,161745.0,0.2929197121017687,-2.65323303370177
3766,2022-05-12,NSE:TIMKEN,1806.55,1830.0,1770.05,1795.4,159261.0,-0.11960724319211502,0.2929197121017687
3767,2022-05-13,NSE:TIMKEN,1804.4,1925.1,1804.4,1867.5,84599.0,4.015818202071957,-0.11960724319211502
3768,2022-05-16,NSE:TIMKEN,1845.3,1867.25,1784.75,1810.15,149956.0,-3.070950468540825,4.015818202071957
3769,2022-05-17,NSE:TIMKEN,1819.7,1898.9,1806.7,1878.7,26422.0,3.7869789796425684,-3.070950468540825
3770,2022-05-18,NSE:TIMKEN,1888.6,1955.0,1882.0,1940.1,151784.0,3.2682173843615194,3.7869789796425684
3771,2022-05-19,NSE:TIMKEN,1900.0,1975.0,1889.65,1947.25,89052.0,0.36853770424205406,3.2682173843615194
3772,2022-05-20,NSE:TIMKEN,1960.0,1993.0,1910.3,1931.35,19383.0,-0.8165361407112641,0.36853770424205406
3773,2022-05-23,NSE:TIMKEN,1935.0,1980.5,1931.0,1940.05,121296.0,0.45046211199420333,-0.8165361407112641
3774,2022-05-24,NSE:TIMKEN,1950.3,2004.6,1942.4,1984.05,186836.0,2.267982783948867,0.45046211199420333
3775,2022-05-25,NSE:TIMKEN,1984.55,2006.2,1906.8,1920.65,36882.0,-3.195483984778603,2.267982783948867
3776,2022-05-26,NSE:TIMKEN,1920.0,1960.0,1888.65,1952.3,28652.0,1.6478796240855889,-3.195483984778603
3777,2022-05-27,NSE:TIMKEN,1962.6,1974.15,1937.7,1964.15,10542.0,0.6069763868258022,1.6478796240855889
3778,2022-05-30,NSE:TIMKEN,2150.0,2255.0,2112.0,2156.75,533578.0,9.805768398543895,0.6069763868258022
3779,2022-05-31,NSE:TIMKEN,2180.0,2332.95,2130.0,2280.1499,271869.0,5.7215671728294835,9.805768398543895
3780,2022-06-01,NSE:TIMKEN,2300.0,2730.0,2282.6499,2672.3,954459.0,17.19843506779972,5.7215671728294835
3781,2022-06-02,NSE:TIMKEN,2579.95,2633.3999,2540.0,2602.0,453474.0,-2.630692661752055,17.19843506779972
3782,2022-06-03,NSE:TIMKEN,2614.7,2614.7,2502.05,2518.3,86226.0,-3.2167563412759343,-2.630692661752055
3783,2022-06-06,NSE:TIMKEN,2482.25,2565.3,2420.0,2449.3999,84282.0,-2.735976650915312,-3.2167563412759343
3784,2022-06-07,NSE:TIMKEN,2444.0,2522.8999,2381.0,2420.3,68060.0,-1.1880420179652864,-2.735976650915312
3785,2022-06-08,NSE:TIMKEN,2430.0,2494.95,2398.3,2465.8,58444.0,1.8799322398049827,-1.1880420179652864
3786,2022-06-09,NSE:TIMKEN,2443.3999,2589.0,2422.25,2492.55,85218.0,1.0848406196771838,1.8799322398049827
3787,2022-06-10,NSE:TIMKEN,2488.0,2550.0,2450.0,2500.2,85171.0,0.30691460552444827,1.0848406196771838
3788,2022-06-13,NSE:TIMKEN,2455.0,2521.6499,2454.0,2479.7,55443.0,-0.8199344052475802,0.30691460552444827
3789,2022-06-14,NSE:TIMKEN,2479.95,2541.95,2457.2,2476.6499,61096.0,-0.12300278259466588,-0.8199344052475802
3790,2022-06-15,NSE:TIMKEN,2489.7,2499.7,2428.3999,2443.0,38917.0,-1.35868618329946,-0.12300278259466588
3791,2022-06-16,NSE:TIMKEN,2488.0,2488.0,2333.45,2355.95,161510.0,-3.563241915677453,-1.35868618329946
3792,2022-06-17,NSE:TIMKEN,2323.0,2399.8,2300.0,2382.6499,81919.0,1.133296547040475,-3.563241915677453
3793,2022-06-20,NSE:TIMKEN,2399.8999,2424.3999,2304.2,2325.3999,59487.0,-2.4027869138474776,1.133296547040475
3794,2022-06-21,NSE:TIMKEN,2332.1001,2352.45,2280.6001,2307.8501,75158.0,-0.7547002990754312,-2.4027869138474776
3795,2022-06-22,NSE:TIMKEN,2310.0,2352.7,2245.05,2307.8,66940.0,-0.00217085156440314,-0.7547002990754312
3796,2022-06-23,NSE:TIMKEN,2310.0,2368.75,2288.05,2310.6001,44532.0,0.1213320045064533,-0.00217085156440314
3797,2022-06-24,NSE:TIMKEN,2322.8,2349.6499,2298.0,2324.8501,39280.0,0.6167229024182939,0.1213320045064533
3798,2022-06-27,NSE:TIMKEN,2378.75,2450.0,2332.25,2411.8,252613.0,3.740021776027627,0.6167229024182939
3799,2022-06-28,NSE:TIMKEN,2411.8999,2469.7,2389.2,2440.1499,125201.0,1.1754664565884279,3.740021776027627
3800,2022-06-29,NSE:TIMKEN,2439.8,2486.75,2424.95,2438.75,80872.0,-0.05736942636187591,1.1754664565884279
3801,2022-06-30,NSE:TIMKEN,2448.0,2484.3999,2355.6499,2377.3,76708.0,-2.5197334700153693,-0.05736942636187591
3802,2022-07-01,NSE:TIMKEN,2385.0,2484.75,2385.0,2472.8501,102059.0,4.019269759811547,-2.5197334700153693
3803,2022-07-04,NSE:TIMKEN,2500.0,2524.0,2415.05,2433.8,66948.0,-1.5791535443252274,4.019269759811547
3804,2022-07-05,NSE:TIMKEN,2446.6001,2550.0,2433.3,2484.5,109566.0,2.0831621332894983,-1.5791535443252274
3805,2022-07-06,NSE:TIMKEN,2494.0,2539.1499,2451.05,2527.6499,88648.0,1.7367639364057108,2.0831621332894983
3806,2022-07-07,NSE:TIMKEN,2542.1001,2595.0,2493.3501,2525.75,115311.0,-0.07516468162777958,1.7367639364057108
3807,2022-07-08,NSE:TIMKEN,2526.05,2578.0,2513.3501,2531.05,124757.0,0.20983866178363583,-0.07516468162777958
3808,2022-07-11,NSE:TIMKEN,2547.7,2570.0,2520.0,2556.75,58830.0,1.0153888702317146,0.20983866178363583
3809,2022-07-12,NSE:TIMKEN,2556.75,2623.95,2530.0,2541.25,66668.0,-0.6062383885792509,1.0153888702317146
3810,2022-07-13,NSE:TIMKEN,2550.0,2593.3501,2521.0,2544.1001,30822.0,0.11215346778160792,-0.6062383885792509
3811,2022-07-14,NSE:TIMKEN,2555.0,2592.7,2528.0,2577.7,37630.0,1.3206988199874565,0.11215346778160792
3812,2022-07-15,NSE:TIMKEN,2587.7,2636.0,2566.0,2613.5,109037.0,1.3888350079528333,1.3206988199874565
3813,2022-07-18,NSE:TIMKEN,2629.8999,2677.0,2622.5,2654.75,89898.0,1.5783432179070214,1.3888350079528333
3814,2022-07-19,NSE:TIMKEN,2669.8999,2830.6001,2665.0,2788.45,327939.0,5.036255767963079,1.5783432179070214
3815,2022-07-20,NSE:TIMKEN,2827.7,2879.2,2750.0,2809.3999,217362.0,0.7513098674891094,5.036255767963079
3816,2022-07-21,NSE:TIMKEN,2825.7,2849.0,2780.0,2804.6499,81425.0,-0.16907525340198098,0.7513098674891094
3817,2022-07-22,NSE:TIMKEN,2812.8,2830.0,2770.0,2791.75,46086.0,-0.45994689034092595,-0.16907525340198098
3818,2022-07-25,NSE:TIMKEN,2791.8999,2918.0,2791.8999,2890.8999,125421.0,3.55153219306886,-0.45994689034092595
3819,2022-07-26,NSE:TIMKEN,2912.0,2935.5,2856.0,2896.1499,89159.0,0.1816043509496818,3.55153219306886
3820,2022-07-27,NSE:TIMKEN,2880.0,2911.0,2817.8999,2893.5,51130.0,-0.09149733582505135,0.1816043509496818
3821,2022-07-28,NSE:TIMKEN,2899.8999,3000.0,2899.05,2969.3501,105092.0,2.621396232935895,-0.09149733582505135
3822,2022-07-29,NSE:TIMKEN,2990.0,3047.1001,2955.0,2971.5,80952.0,0.07240304873446511,2.621396232935895
3823,2022-08-01,NSE:TIMKEN,2980.0,3034.3,2941.2,2985.05,60695.0,0.4559986538785187,0.07240304873446511
3824,2022-08-02,NSE:TIMKEN,2975.0,3035.0,2933.3999,2965.6001,121525.0,-0.6515770255104628,0.4559986538785187
3825,2022-08-03,NSE:TIMKEN,2941.5,2997.0,2853.0,2978.55,79502.0,0.4366704735409225,-0.6515770255104628
3826,2022-08-04,NSE:TIMKEN,2981.1001,3035.0,2925.0,2990.55,42663.0,0.40288059626328243,0.4366704735409225
3827,2022-08-05,NSE:TIMKEN,2998.0,3000.5,2920.0,2932.3501,51295.0,-1.946126966611495,0.40288059626328243
3828,2022-08-08,NSE:TIMKEN,2947.0,2999.0,2908.8501,2985.1001,32844.0,1.7988984330349913,-1.946126966611495
3829,2022-08-10,NSE:TIMKEN,3000.0,3120.0,2985.05,3094.6001,101369.0,3.668218697255747,1.7988984330349913
3830,2022-08-11,NSE:TIMKEN,3139.3,3186.0,3085.0,3128.1499,73401.0,1.0841400800058067,3.668218697255747
3831,2022-08-12,NSE:TIMKEN,3123.0,3173.3,3056.0,3092.8999,60825.0,-1.1268641569894078,1.0841400800058067
3832,2022-08-16,NSE:TIMKEN,3109.2,3132.8,3005.25,3022.45,62753.0,-2.277794376727164,-1.1268641569894078
3833,2022-08-17,NSE:TIMKEN,3050.45,3099.0,2964.3999,2985.6499,79763.0,-1.2175586031199832,-2.277794376727164
3834,2022-08-18,NSE:TIMKEN,3003.05,3033.0,2970.0,2998.3501,34234.0,0.42537472327215,-1.2175586031199832
3835,2022-08-19,NSE:TIMKEN,3019.3,3050.05,2875.0,2895.1499,55866.0,-3.4418995967148804,0.42537472327215
3836,2022-08-22,NSE:TIMKEN,2871.3501,2955.0,2808.0,2907.95,88982.0,0.4421221851068896,-3.4418995967148804
3837,2022-08-23,NSE:TIMKEN,2909.3501,3033.0,2901.1001,3014.05,49797.0,3.648618442545448,0.4421221851068896
3838,2022-08-24,NSE:TIMKEN,3030.0,3039.0,2960.0,2976.2,35111.0,-1.2557854050198358,3.648618442545448
3839,2022-08-25,NSE:TIMKEN,3000.0,3050.0,2933.0,2942.75,43841.0,-1.1239164034675029,-1.2557854050198358
3840,2022-08-26,NSE:TIMKEN,3000.0,3000.0,2935.7,2958.3501,21952.0,0.5301197859145396,-1.1239164034675029
3841,2022-08-29,NSE:TIMKEN,2853.25,2996.5,2853.25,2961.2,38737.0,0.09633410190361535,0.5301197859145396
3842,2022-08-30,NSE:TIMKEN,2990.0,3049.2,2990.0,3016.2,60992.0,1.8573551263001487,0.09633410190361535
3843,2022-09-01,NSE:TIMKEN,3025.25,3100.0,3020.1499,3089.2,54253.0,2.4202639082288977,1.8573551263001487
3844,2022-09-02,NSE:TIMKEN,3100.1001,3250.0,3076.1499,3231.75,161079.0,4.614463291467052,2.4202639082288977
3845,2022-09-05,NSE:TIMKEN,3260.0,3310.0,3200.6001,3276.6499,128389.0,1.3893370464918353,4.614463291467052
3846,2022-09-06,NSE:TIMKEN,3290.0,3337.0,3237.05,3276.1001,112696.0,-0.016779333062094226,1.3893370464918353
3847,2022-09-07,NSE:TIMKEN,3276.0,3368.0,3267.6001,3332.25,63589.0,1.7139250415455831,-0.016779333062094226
3848,2022-09-08,NSE:TIMKEN,3348.8999,3428.8999,3340.05,3400.6499,69834.0,2.052664115837644,1.7139250415455831
3849,2022-09-09,NSE:TIMKEN,3418.0,3493.0,3345.0,3367.75,54448.0,-0.9674591906682276,2.052664115837644
3850,2022-09-12,NSE:TIMKEN,3371.0,3390.0,3335.0,3360.5,35866.0,-0.2152772622670923,-0.9674591906682276
3851,2022-09-13,NSE:TIMKEN,3377.3501,3405.8501,3250.0,3267.3999,40126.0,-2.7704240440410683,-0.2152772622670923
3852,2022-09-14,NSE:TIMKEN,3267.3999,3289.0,3190.05,3230.6001,41950.0,-1.1262716877722796,-2.7704240440410683
3853,2022-09-15,NSE:TIMKEN,3239.5,3242.3501,3121.0,3140.0,64272.0,-2.8044356217286106,-1.1262716877722796
3854,2022-09-16,NSE:TIMKEN,3138.3999,3138.3999,2865.25,2898.8,126684.0,-7.6815286624203765,-2.8044356217286106
3855,2022-09-19,NSE:TIMKEN,2905.0,2968.0,2810.0,2873.05,73048.0,-0.8882986063198565,-7.6815286624203765
3856,2022-09-20,NSE:TIMKEN,2908.6499,2951.7,2884.25,2919.3,43826.0,1.6097875080489372,-0.8882986063198565
3857,2022-09-21,NSE:TIMKEN,2939.3999,2944.0,2835.0,2843.8501,58389.0,-2.584520261706576,1.6097875080489372
3858,2022-09-22,NSE:TIMKEN,2840.0,2945.0,2835.0,2916.1001,56756.0,2.540569912598417,-2.584520261706576
3859,2022-09-23,NSE:TIMKEN,2915.95,2943.1499,2806.7,2840.2,45225.0,-2.6027947394535698,2.540569912598417
3860,2022-09-26,NSE:TIMKEN,2805.1001,2892.7,2754.05,2856.95,150852.0,0.589747200901345,-2.6027947394535698
3861,2022-09-27,NSE:TIMKEN,2875.0,2940.0,2858.0,2925.3,42218.0,2.3924114877754374,0.589747200901345
3862,2022-09-28,NSE:TIMKEN,2904.8999,2920.0,2856.95,2887.75,30896.0,-1.2836290295012538,2.3924114877754374
3863,2022-09-29,NSE:TIMKEN,2903.3501,2989.0,2873.0,2937.95,53657.0,1.738377629642449,-1.2836290295012538
3864,2022-09-30,NSE:TIMKEN,2953.3999,3084.0,2920.3,3068.2,55079.0,4.433363399649416,1.738377629642449
3865,2022-10-03,NSE:TIMKEN,3088.95,3099.8501,3007.3501,3092.1499,44102.0,0.7805847076461793,4.433363399649416
3866,2022-10-04,NSE:TIMKEN,3115.0,3195.3,3095.0,3131.1499,141195.0,1.2612583885406072,0.7805847076461793
3867,2022-10-06,NSE:TIMKEN,3149.8999,3167.3,3109.6499,3140.45,20552.0,0.2970186767487538,1.2612583885406072
3868,2022-10-07,NSE:TIMKEN,3129.2,3195.0,3115.25,3149.25,19329.0,0.28021461892404537,0.2970186767487538
3869,2022-10-10,NSE:TIMKEN,3128.3999,3260.0,3078.55,3242.8999,55372.0,2.9737207271572563,0.28021461892404537
3870,2022-10-11,NSE:TIMKEN,3240.0,3311.7,3216.0,3299.3999,46630.0,1.742267777059662,2.9737207271572563
3871,2022-10-12,NSE:TIMKEN,3321.8999,3385.0,3192.3501,3245.0,92896.0,-1.6487816466260998,1.742267777059662
3872,2022-10-13,NSE:TIMKEN,3244.8,3245.0,3092.0,3110.8999,30236.0,-4.132514637904472,-1.6487816466260998
3873,2022-10-14,NSE:TIMKEN,3190.0,3190.0,3063.25,3076.1499,29244.0,-1.117040120770199,-4.132514637904472
3874,2022-10-17,NSE:TIMKEN,3065.6001,3083.2,2983.8999,3037.75,24243.0,-1.2483104285652624,-1.117040120770199
3875,2022-10-18,NSE:TIMKEN,3042.0,3116.6001,3042.0,3088.55,24056.0,1.6722903464735472,-1.2483104285652624
3876,2022-10-19,NSE:TIMKEN,3103.95,3125.0,3060.45,3077.7,21990.0,-0.35129753444174006,1.6722903464735472
3877,2022-10-20,NSE:TIMKEN,3066.95,3133.55,3025.0,3053.3,21448.0,-0.7927998180459316,-0.35129753444174006
3878,2022-10-21,NSE:TIMKEN,3048.0,3053.75,2977.0,2999.0,23059.0,-1.7784036943634816,-0.7927998180459316
3879,2022-10-24,NSE:TIMKEN,3019.3999,3019.6499,2966.5,2981.95,8097.0,-0.5685228409469884,-1.7784036943634816
3880,2022-10-25,NSE:TIMKEN,2981.95,3059.95,2959.95,3042.1001,25848.0,2.017139791076319,-0.5685228409469884
3881,2022-10-27,NSE:TIMKEN,3054.1499,3072.0,2961.0,2973.5,26158.0,-2.255024415534522,2.017139791076319
3882,2022-10-28,NSE:TIMKEN,2997.45,3025.0,2885.75,2917.3999,36673.0,-1.8866689086934625,-2.255024415534522
3883,2022-10-31,NSE:TIMKEN,2919.5,3020.0,2911.0,3000.55,36300.0,2.8501440614980584,-1.8866689086934625
3884,2022-11-01,NSE:TIMKEN,2898.0,2949.0,2795.0,2828.8501,212243.0,-5.7222809151655545,2.8501440614980584
3885,2022-11-02,NSE:TIMKEN,2843.7,2860.7,2760.1001,2772.75,69736.0,-1.9831414891867232,-5.7222809151655545
3886,2022-11-03,NSE:TIMKEN,2701.05,2818.5,2645.0,2805.7,184142.0,1.1883509151564264,-1.9831414891867232
3887,2022-11-04,NSE:TIMKEN,2771.0,2800.0,2736.0,2760.3,65944.0,-1.6181345118865038,1.1883509151564264
3888,2022-11-07,NSE:TIMKEN,2651.0,2747.8999,2648.0,2700.75,175305.0,-2.157374198456696,-1.6181345118865038
3889,2022-11-09,NSE:TIMKEN,2691.0,2844.8,2670.05,2820.6499,169329.0,4.439503841525498,-2.157374198456696
3890,2022-11-10,NSE:TIMKEN,2800.0,2839.6499,2782.0,2818.75,102376.0,-0.0673568173065324,4.439503841525498
3891,2022-11-11,NSE:TIMKEN,2824.0,2955.0,2821.0,2888.6499,261303.0,2.479819068736138,-0.0673568173065324
3892,2022-11-14,NSE:TIMKEN,2898.0,2914.6499,2863.7,2902.05,42768.0,0.46388799141080733,2.479819068736138
3893,2022-11-15,NSE:TIMKEN,2891.6001,2986.0,2891.6001,2938.8501,72269.0,1.2680725693906008,0.46388799141080733
3894,2022-11-16,NSE:TIMKEN,2938.8501,2958.7,2888.0,2921.7,36668.0,-0.5835649800580265,1.2680725693906008
3895,2022-11-17,NSE:TIMKEN,2955.0,3506.0,2955.0,3506.0,2134356.0,19.998630934045256,-0.5835649800580265
3896,2022-11-18,NSE:TIMKEN,3550.0,3668.0,3323.2,3479.3999,1967558.0,-0.7587022247575617,19.998630934045256
3897,2022-11-21,NSE:TIMKEN,3497.0,3758.0,3490.0,3608.55,1690608.0,3.711849850889525,-0.7587022247575617
3898,2022-11-22,NSE:TIMKEN,3580.0,3639.0,3492.6499,3519.45,278283.0,-2.469135802469146,3.711849850889525
3899,2022-11-23,NSE:TIMKEN,3548.0,3634.0,3525.2,3570.2,205050.0,1.4419866740541847,-2.469135802469146
3900,2022-11-24,NSE:TIMKEN,3580.0,3598.3999,3485.0,3522.6499,116262.0,-1.3318609601702966,1.4419866740541847
3901,2022-11-25,NSE:TIMKEN,3546.1499,3688.8999,3542.2,3577.0,310587.0,1.5428754359040935,-1.3318609601702966
3902,2022-11-28,NSE:TIMKEN,3579.0,3610.0,3501.3501,3523.3501,85169.0,-1.4998574224210202,1.5428754359040935
3903,2022-11-29,NSE:TIMKEN,3531.8,3572.8501,3415.3,3444.45,135383.0,-2.23934885153764,-1.4998574224210202
3904,2022-11-30,NSE:TIMKEN,3444.3999,3473.95,3295.0,3306.0,171838.0,-4.019509645952179,-2.23934885153764
3905,2022-12-01,NSE:TIMKEN,3334.8999,3689.0,3310.2,3525.05,1091048.0,6.625831820931645,-4.019509645952179
3906,2022-12-02,NSE:TIMKEN,3523.8999,3546.1001,3452.3999,3504.7,191700.0,-0.5772967759322666,6.625831820931645
3907,2022-12-05,NSE:TIMKEN,3529.8999,3575.0,3486.0,3529.05,112403.0,0.6947812936913391,-0.5772967759322666
3908,2022-12-06,NSE:TIMKEN,3515.0,3541.95,3486.05,3496.7,43054.0,-0.9166772927558511,0.6947812936913391
3909,2022-12-07,NSE:TIMKEN,3499.5,3630.0,3493.95,3537.3999,225455.0,1.1639517259130059,-0.9166772927558511
3910,2022-12-08,NSE:TIMKEN,3554.6499,3570.0,3510.0,3537.05,64641.0,-0.009891445974194401,1.1639517259130059
3911,2022-12-09,NSE:TIMKEN,3563.75,3563.75,3480.5,3501.3501,57751.0,-1.0093128454503064,-0.009891445974194401
3912,2022-12-12,NSE:TIMKEN,3502.2,3557.5,3471.55,3503.3,42985.0,0.05568994657232564,-1.0093128454503064
3913,2022-12-13,NSE:TIMKEN,3520.8501,3534.0,3410.0,3421.3501,49189.0,-2.339220163845519,0.05568994657232564
3914,2022-12-14,NSE:TIMKEN,3436.1499,3468.6499,3419.95,3439.3501,49742.0,0.5261080998404694,-2.339220163845519
3915,2022-12-15,NSE:TIMKEN,3425.05,3448.8999,3386.0,3398.55,29304.0,-1.1862735346424875,0.5261080998404694
3916,2022-12-16,NSE:TIMKEN,3400.0,3409.1001,3305.0,3316.6499,51342.0,-2.409854202527557,-1.1862735346424875
3917,2022-12-19,NSE:TIMKEN,3316.6499,3329.7,3255.95,3281.25,68841.0,-1.0673390640356673,-2.409854202527557
3918,2022-12-20,NSE:TIMKEN,3296.5,3339.1499,3263.0,3289.5,104120.0,0.2514285714285714,-1.0673390640356673
3919,2022-12-21,NSE:TIMKEN,3305.95,3341.8999,3272.05,3299.25,51155.0,0.29639762881896947,0.2514285714285714
3920,2022-12-22,NSE:TIMKEN,3310.05,3325.0,3212.05,3283.3,66855.0,-0.4834432067894163,0.29639762881896947
3921,2022-12-23,NSE:TIMKEN,3240.0,3269.8999,3179.8999,3202.7,50150.0,-2.4548472573325726,-0.4834432067894163
3922,2022-12-26,NSE:TIMKEN,3120.5,3159.7,3034.1001,3101.05,152550.0,-3.173884534923647,-2.4548472573325726
3923,2022-12-27,NSE:TIMKEN,3114.0,3191.95,3107.0,3121.6499,55246.0,0.6642879024846328,-3.173884534923647
3924,2022-12-28,NSE:TIMKEN,3120.0,3174.3501,3091.5,3109.75,40425.0,-0.38120546445646863,0.6642879024846328
3925,2022-12-29,NSE:TIMKEN,3115.0,3159.3,3086.0,3130.05,57058.0,0.6527855936972484,-0.38120546445646863
3926,2022-12-30,NSE:TIMKEN,3120.1001,3130.05,3060.0,3103.8501,102731.0,-0.8370441366751352,0.6527855936972484
3927,2023-01-02,NSE:TIMKEN,3085.0,3300.0,3085.0,3201.0,227307.0,3.1299804072368023,-0.8370441366751352
3928,2023-01-03,NSE:TIMKEN,3190.0,3217.0,3147.0,3158.8999,41189.0,-1.3152171196501128,3.1299804072368023
3929,2023-01-04,NSE:TIMKEN,3169.0,3202.6499,3127.8,3149.25,32154.0,-0.3054829309406065,-1.3152171196501128
3930,2023-01-05,NSE:TIMKEN,3173.0,3191.3999,3095.0,3112.75,53846.0,-1.1590061125664841,-0.3054829309406065
3931,2023-01-06,NSE:TIMKEN,3113.0,3134.95,3050.0,3057.8999,39385.0,-1.7621106738414622,-1.1590061125664841
3932,2023-01-09,NSE:TIMKEN,3100.0,3100.0,2974.5,2984.25,52661.0,-2.4085124565392046,-1.7621106738414622
3933,2023-01-10,NSE:TIMKEN,2999.2,3037.6001,2960.0,3005.05,65880.0,0.6969925441903386,-2.4085124565392046
3934,2023-01-11,NSE:TIMKEN,3005.05,3134.75,3004.55,3108.75,90861.0,3.450857722833225,0.6969925441903386
3935,2023-01-12,NSE:TIMKEN,3110.95,3206.8999,3110.95,3130.3,106042.0,0.6932046642541273,3.450857722833225
3936,2023-01-13,NSE:TIMKEN,3128.8,3134.8501,3045.0,3106.8999,67330.0,-0.7475353799955369,0.6932046642541273
3937,2023-01-16,NSE:TIMKEN,3102.0,3122.95,3080.0,3114.3,22847.0,0.2381827621804067,-0.7475353799955369
3938,2023-01-17,NSE:TIMKEN,3125.0,3170.0,3105.0,3151.1499,58962.0,1.183248241980532,0.2381827621804067
3939,2023-01-18,NSE:TIMKEN,3151.1499,3165.0,3112.0,3150.6001,28532.0,-0.01744759904947008,1.183248241980532
3940,2023-01-19,NSE:TIMKEN,3145.0,3182.75,3122.0,3158.95,16043.0,0.2650257009767665,-0.01744759904947008
3941,2023-01-20,NSE:TIMKEN,3160.0,3177.5,3064.5,3079.6499,28395.0,-2.5103309644027267,0.2650257009767665
3942,2023-01-23,NSE:TIMKEN,3095.05,3140.0,3088.3501,3127.6001,29431.0,1.5570016578832622,-2.5103309644027267
3943,2023-01-24,NSE:TIMKEN,3143.2,3145.0,3090.0,3113.1499,12483.0,-0.4620219829255096,1.5570016578832622
3944,2023-01-25,NSE:TIMKEN,3100.0,3117.8501,3028.1499,3040.8501,19983.0,-2.322400215935628,-0.4620219829255096
3945,2023-01-27,NSE:TIMKEN,3040.8501,3090.0,3001.0,3073.8,21448.0,1.0835752804783132,-2.322400215935628
3946,2023-01-30,NSE:TIMKEN,3074.8,3074.8,3000.05,3048.7,28461.0,-0.8165788275099343,1.0835752804783132
3947,2023-01-31,NSE:TIMKEN,3040.0,3142.25,3040.0,3126.05,25413.0,2.537146980680302,-0.8165788275099343
3948,2023-02-01,NSE:TIMKEN,3140.25,3279.55,3035.3,3201.25,128596.0,2.405591721181677,2.537146980680302
3949,2023-02-02,NSE:TIMKEN,3025.1001,3098.6001,2966.05,3065.95,182734.0,-4.226474033580638,2.405591721181677
3950,2023-02-03,NSE:TIMKEN,3104.3,3120.0,3066.0,3087.8501,37764.0,0.7143006246024982,-4.226474033580638
3951,2023-02-06,NSE:TIMKEN,3067.0,3097.55,2986.0,3000.8999,43557.0,-2.815881509274049,0.7143006246024982
3952,2023-02-07,NSE:TIMKEN,3001.0,3029.7,2880.0,2909.8999,46513.0,-3.032423707301933,-2.815881509274049
3953,2023-02-08,NSE:TIMKEN,2899.6001,2940.05,2802.3,2918.8999,88340.0,0.30928898963156776,-3.032423707301933
3954,2023-02-09,NSE:TIMKEN,2919.0,3006.5,2900.8999,2987.8501,62880.0,2.3621981692486345,0.30928898963156776
3955,2023-02-10,NSE:TIMKEN,2990.0,3120.0,2980.05,3018.3999,81987.0,1.022467626471615,2.3621981692486345
3956,2023-02-13,NSE:TIMKEN,3020.0,3031.3999,2979.0,3000.05,24295.0,-0.6079346875143916,1.022467626471615
3957,2023-02-14,NSE:TIMKEN,3015.0,3026.95,2960.0,3013.5,19933.0,0.44832586123563994,-0.6079346875143916
3958,2023-02-15,NSE:TIMKEN,3011.0,3037.55,2969.0,3023.8,24000.0,0.3417952546872468,0.44832586123563994
3959,2023-02-16,NSE:TIMKEN,3021.0,3039.7,2979.95,3011.8501,28822.0,-0.39519478801508273,0.3417952546872468
3960,2023-02-17,NSE:TIMKEN,3005.0,3260.0,3003.8501,3155.8999,229459.0,4.782767907340401,-0.39519478801508273
3961,2023-02-20,NSE:TIMKEN,3143.05,3198.0,3113.3,3147.05,62721.0,-0.2804239766920271,4.782767907340401
3962,2023-02-21,NSE:TIMKEN,3149.0,3151.25,3042.0,3055.2,28137.0,-2.9186063138494895,-0.2804239766920271
3963,2023-02-22,NSE:TIMKEN,3048.6499,3085.0,2985.2,3026.25,38483.0,-0.9475648075412353,-2.9186063138494895
3964,2023-02-23,NSE:TIMKEN,3031.8999,3042.2,2976.1499,2987.8999,22802.0,-1.2672482445270588,-0.9475648075412353
3965,2023-02-24,NSE:TIMKEN,3003.0,3009.6499,2954.95,2964.5,21466.0,-0.7831554196310221,-1.2672482445270588
3966,2023-02-27,NSE:TIMKEN,2950.0,2980.3999,2915.3501,2951.05,55370.0,-0.45370214201382414,-0.7831554196310221
3967,2023-02-28,NSE:TIMKEN,2946.45,2979.8,2918.0,2949.25,61474.0,-0.06099523898274112,-0.45370214201382414
3968,2023-03-01,NSE:TIMKEN,2979.0,3033.0,2920.1499,2932.1499,278294.0,-0.5798118165635369,-0.06099523898274112
3969,2023-03-02,NSE:TIMKEN,2939.0,2945.0,2878.2,2882.8999,50830.0,-1.6796549180517681,-0.5798118165635369
3970,2023-03-03,NSE:TIMKEN,2882.8999,2891.95,2841.0,2869.2,65972.0,-0.475212476159858,-1.6796549180517681
3971,2023-03-06,NSE:TIMKEN,2869.0,2876.6499,2831.55,2871.95,113673.0,0.0958455318555695,-0.475212476159858
3972,2023-03-08,NSE:TIMKEN,2875.95,2901.6001,2836.55,2850.1499,117569.0,-0.7590696216856119,0.0958455318555695
3973,2023-03-09,NSE:TIMKEN,2863.95,2895.0,2820.1001,2830.6499,69526.0,-0.6841745411355382,-0.7590696216856119
3974,2023-03-10,NSE:TIMKEN,2817.3,2852.0,2805.0,2819.8999,30667.0,-0.3797714440065513,-0.6841745411355382
3975,2023-03-13,NSE:TIMKEN,2820.95,2842.45,2755.05,2779.3999,35146.0,-1.4362211935253448,-0.3797714440065513
3976,2023-03-14,NSE:TIMKEN,2750.1001,2793.25,2670.0,2724.8501,72032.0,-1.9626466849912378,-1.4362211935253448
3977,2023-03-15,NSE:TIMKEN,2739.2,2824.45,2730.3501,2803.3501,53932.0,2.8808924204674597,-1.9626466849912378
3978,2023-03-16,NSE:TIMKEN,2815.0,2857.8999,2755.95,2846.2,35444.0,1.52852474615995,2.8808924204674597
3979,2023-03-17,NSE:TIMKEN,2849.95,2886.3999,2741.05,2759.55,50313.0,-3.044410090647166,1.52852474615995
3980,2023-03-20,NSE:TIMKEN,2806.3999,2880.0,2710.0,2729.55,27517.0,-1.087133771810621,-3.044410090647166
3981,2023-03-21,NSE:TIMKEN,2743.1499,2780.0,2730.0,2766.0,26801.0,1.3353849535637676,-1.087133771810621
3982,2023-03-22,NSE:TIMKEN,2760.0,2817.55,2751.1499,2802.1499,26887.0,1.306937816341283,1.3353849535637676
3983,2023-03-23,NSE:TIMKEN,2776.7,2816.1499,2751.05,2765.5,19906.0,-1.3079207504209496,1.306937816341283
3984,2023-03-24,NSE:TIMKEN,2770.0,2875.0,2727.0,2798.8,117611.0,1.2041222202133495,-1.3079207504209496
3985,2023-03-27,NSE:TIMKEN,2798.8,2802.7,2751.1001,2760.1499,235596.0,-1.380952551093336,1.2041222202133495
3986,2023-03-28,NSE:TIMKEN,2761.0,2771.25,2736.1001,2753.05,28757.0,-0.25722878311789177,-1.380952551093336
3987,2023-03-29,NSE:TIMKEN,2750.0,2821.1499,2660.0,2769.6001,196884.0,0.6011550825448113,-0.25722878311789177
3988,2023-03-31,NSE:TIMKEN,2775.0,2789.8999,2681.3999,2755.45,138593.0,-0.5109076938580517,0.6011550825448113
3989,2023-04-03,NSE:TIMKEN,2755.0,2783.0,2703.75,2764.8999,110310.0,0.3429530566695121,-0.5109076938580517
3990,2023-04-05,NSE:TIMKEN,2752.3999,2888.95,2745.95,2880.2,70990.0,4.1701365029526,0.3429530566695121
3991,2023-04-06,NSE:TIMKEN,2858.8501,2934.8501,2844.25,2915.05,73281.0,1.2099854176793405,4.1701365029526
3992,2023-04-10,NSE:TIMKEN,2913.0,2940.0,2897.0,2934.95,33483.0,0.6826641052468958,1.2099854176793405
3993,2023-04-11,NSE:TIMKEN,2922.0,2969.0,2895.6499,2948.05,86756.0,0.44634491217909555,0.6826641052468958
3994,2023-04-12,NSE:TIMKEN,2962.1001,2990.0,2925.0,2976.8999,23909.0,0.9786095893895865,0.44634491217909555
3995,2023-04-13,NSE:TIMKEN,2990.0,3008.95,2952.05,2972.1001,27812.0,-0.16123484702995144,0.9786095893895865
3996,2023-04-17,NSE:TIMKEN,2972.1001,2972.1001,2863.55,2910.05,81092.0,-2.0877526971584817,-0.16123484702995144
3997,2023-04-18,NSE:TIMKEN,2909.0,3048.0,2900.0,3020.7,109242.0,3.802340165976517,-2.0877526971584817
3998,2023-04-19,NSE:TIMKEN,3011.05,3040.0,2975.5,3029.45,87488.0,0.2896679577581356,3.802340165976517
3999,2023-04-20,NSE:TIMKEN,3015.0,3024.75,2917.05,2935.8501,68265.0,-3.089666441103161,0.2896679577581356
4000,2023-04-21,NSE:TIMKEN,2950.0,2994.8999,2916.3501,2978.75,25698.0,1.461242861139262,-3.089666441103161
4001,2023-04-24,NSE:TIMKEN,2993.6001,3003.6499,2941.05,2958.6001,28465.0,-0.676454888795632,1.461242861139262
4002,2023-04-25,NSE:TIMKEN,2960.0,2988.6001,2912.55,2922.2,52902.0,-1.2303149722735522,-0.676454888795632
4003,2023-04-26,NSE:TIMKEN,2922.2,2959.3999,2916.25,2941.1001,26947.0,0.6467764013414651,-1.2303149722735522
4004,2023-04-27,NSE:TIMKEN,2945.0,2997.8501,2945.0,2973.75,53597.0,1.1101254255167952,0.6467764013414651
4005,2023-04-28,NSE:TIMKEN,2960.0,3024.45,2950.0,2983.3501,32662.0,0.32282807902480404,1.1101254255167952
4006,2023-05-02,NSE:TIMKEN,2999.1001,3023.1499,2885.95,2915.1499,131668.0,-2.2860273757344207,0.32282807902480404
4007,2023-05-03,NSE:TIMKEN,2927.0,2985.0,2905.55,2961.5,34307.0,1.589973126253306,-2.2860273757344207
4008,2023-05-04,NSE:TIMKEN,2965.0,3199.0,2964.95,3063.6001,298903.0,3.4475806179301065,1.589973126253306
4009,2023-05-05,NSE:TIMKEN,3071.55,3074.75,3015.0,3031.55,33919.0,-1.0461580804883746,3.4475806179301065
4010,2023-05-08,NSE:TIMKEN,3035.0,3108.7,3003.95,3088.1001,48499.0,1.8653856937870041,-1.0461580804883746
4011,2023-05-09,NSE:TIMKEN,3060.0,3143.3999,3060.0,3128.7,44489.0,1.3147209832997222,1.8653856937870041
4012,2023-05-10,NSE:TIMKEN,3128.7,3153.6499,3096.8999,3125.3,47745.0,-0.10867133314154877,1.3147209832997222
4013,2023-05-11,NSE:TIMKEN,3141.7,3170.0,3120.0,3163.8999,22108.0,1.2350782324896714,-0.10867133314154877
4014,2023-05-12,NSE:TIMKEN,3163.8999,3174.0,3136.05,3158.05,18300.0,-0.1848952300924472,1.2350782324896714
4015,2023-05-15,NSE:TIMKEN,3158.05,3167.45,3130.0,3151.6001,19271.0,-0.20423679169107742,-0.1848952300924472
4016,2023-05-16,NSE:TIMKEN,3151.6001,3240.0,3140.0,3224.1499,53728.0,2.301998911600484,-0.20423679169107742
4017,2023-05-17,NSE:TIMKEN,3224.1499,3259.8999,3115.6499,3174.45,97400.0,-1.5414885021319906,2.301998911600484
4018,2023-05-18,NSE:TIMKEN,3179.0,3398.0,3174.95,3246.3501,241842.0,2.264962434437471,-1.5414885021319906
4019,2023-05-19,NSE:TIMKEN,3247.0,3278.0,3180.0,3190.55,27474.0,-1.7188565090376398,2.264962434437471
4020,2023-05-22,NSE:TIMKEN,3190.55,3250.0,3158.05,3243.3999,22168.0,1.6564510821018226,-1.7188565090376398
4021,2023-05-23,NSE:TIMKEN,3233.3999,3290.0,3170.25,3180.2,31786.0,-1.9485694625568706,1.6564510821018226
4022,2023-05-24,NSE:TIMKEN,3196.8999,3218.8,3120.1499,3132.8999,24886.0,-1.4873309854726098,-1.9485694625568706
4023,2023-05-25,NSE:TIMKEN,3120.05,3142.3,3081.0,3121.6001,19930.0,-0.36068180793136023,-1.4873309854726098
4024,2023-05-26,NSE:TIMKEN,3135.05,3159.3,3112.0,3137.0,31353.0,0.493333531095155,-0.36068180793136023
4025,2023-05-29,NSE:TIMKEN,3176.2,3215.95,3120.0,3186.1499,192487.0,1.566780363404523,0.493333531095155
4026,2023-05-30,NSE:TIMKEN,3186.1499,3230.0,3173.1499,3222.45,22939.0,1.1393092333791304,1.566780363404523
4027,2023-05-31,NSE:TIMKEN,3222.45,3366.05,3212.75,3304.95,92863.0,2.5601638504864312,1.1393092333791304
4028,2023-06-01,NSE:TIMKEN,3300.0,3341.95,3278.8,3326.8,42613.0,0.6611295178444565,2.5601638504864312
4029,2023-06-02,NSE:TIMKEN,3341.6001,3375.0,3325.0,3351.2,26064.0,0.7334375375736333,0.6611295178444565
4030,2023-06-05,NSE:TIMKEN,3351.2,3378.0,3300.0,3355.0,19697.0,0.11339221771306345,0.7334375375736333
4031,2023-06-06,NSE:TIMKEN,3340.0,3395.0,3316.8501,3381.0,24892.0,0.7749627421758569,0.11339221771306345
4032,2023-06-07,NSE:TIMKEN,3381.0,3447.8999,3370.05,3434.6001,27052.0,1.5853327417923724,0.7749627421758569
4033,2023-06-08,NSE:TIMKEN,3442.0,3442.0,3371.8,3376.1499,69038.0,-1.701805109712779,1.5853327417923724
4034,2023-06-09,NSE:TIMKEN,3393.0,3408.5,3335.1499,3396.8999,17704.0,0.614605411922024,-1.701805109712779
4035,2023-06-12,NSE:TIMKEN,3406.0,3516.0,3382.05,3473.75,62189.0,2.26235986524066,0.614605411922024
4036,2023-06-13,NSE:TIMKEN,3500.0,3500.1499,3390.0,3465.25,27912.0,-0.24469233537243612,2.26235986524066
4037,2023-06-14,NSE:TIMKEN,3480.0,3493.45,3430.0,3444.55,15002.0,-0.5973594978717212,-0.24469233537243612
4038,2023-06-15,NSE:TIMKEN,3462.7,3485.0,3392.05,3456.05,26874.0,0.33386073652581616,-0.5973594978717212
4039,2023-06-16,NSE:TIMKEN,3435.3501,3514.0,3420.05,3496.95,33409.0,1.1834319526627113,0.33386073652581616
4040,2023-06-19,NSE:TIMKEN,3510.55,3564.75,3468.0,3488.7,31655.0,-0.23591987303221382,1.1834319526627113
4041,2023-06-20,NSE:TIMKEN,3199.8999,3277.0,3134.1499,3250.8,4342056.0,-6.819158999054078,-0.23591987303221382
4042,2023-06-21,NSE:TIMKEN,3251.0,3329.0,3205.05,3272.8999,518581.0,0.6798295804109667,-6.819158999054078
4043,2023-06-22,NSE:TIMKEN,3290.0,3297.45,3205.2,3249.1001,223867.0,-0.7271777545044924,0.6798295804109667
4044,2023-06-23,NSE:TIMKEN,3255.05,3319.0,3208.0,3301.6499,449687.0,1.6173647589373987,-0.7271777545044924
4045,2023-06-26,NSE:TIMKEN,3302.05,3362.0,3260.05,3344.55,153454.0,1.299353392980894,1.6173647589373987
4046,2023-06-27,NSE:TIMKEN,3350.0,3452.0,3342.45,3432.1499,118805.0,2.6191834476984854,1.299353392980894
4047,2023-06-28,NSE:TIMKEN,3420.0,3454.8,3346.1499,3407.55,73882.0,-0.7167489974723921,2.6191834476984854
4048,2023-06-30,NSE:TIMKEN,3430.0,3464.55,3402.0,3423.55,103924.0,0.46954556793003766,-0.7167489974723921
4049,2023-07-03,NSE:TIMKEN,3441.6001,3441.6001,3375.8999,3388.8999,43859.0,-1.0121102364504766,0.46954556793003766
4050,2023-07-04,NSE:TIMKEN,3400.0,3403.95,3304.0,3331.6001,74244.0,-1.690808276750806,-1.0121102364504766
4051,2023-07-05,NSE:TIMKEN,3329.55,3348.25,3305.95,3330.55,42847.0,-0.03151938913676733,-1.690808276750806
4052,2023-07-06,NSE:TIMKEN,3331.0,3345.95,3270.0,3283.1001,49586.0,-1.424686613322126,-0.03151938913676733
4053,2023-07-07,NSE:TIMKEN,3290.0,3332.0,3255.0,3318.2,97745.0,1.069108431996932,-1.424686613322126
4054,2023-07-10,NSE:TIMKEN,3328.45,3403.3501,3308.05,3387.8999,88049.0,2.100533421734678,1.069108431996932
4055,2023-07-11,NSE:TIMKEN,3400.0,3400.0,3349.7,3384.3501,33142.0,-0.10477877460310377,2.100533421734678
4056,2023-07-12,NSE:TIMKEN,3401.25,3466.8999,3365.6499,3448.8,91084.0,1.904350853063342,-0.10477877460310377
4057,2023-07-13,NSE:TIMKEN,3469.5,3487.3999,3417.3999,3469.8501,77474.0,0.6103601252609583,1.904350853063342
4058,2023-07-14,NSE:TIMKEN,3479.75,3485.7,3425.5,3435.7,29024.0,-0.9841952538526173,0.6103601252609583
4059,2023-07-17,NSE:TIMKEN,3469.8501,3469.8501,3340.45,3371.3501,121078.0,-1.872977850219743,-0.9841952538526173
4060,2023-07-18,NSE:TIMKEN,3389.0,3406.0,3321.0,3339.55,49191.0,-0.9432452595178392,-1.872977850219743
4061,2023-07-19,NSE:TIMKEN,3339.0,3376.05,3321.0,3329.75,30380.0,-0.2934527106945601,-0.9432452595178392
4062,2023-07-20,NSE:TIMKEN,3329.75,3347.5,3263.0,3267.7,81687.0,-1.8635032660109672,-0.2934527106945601
4063,2023-07-21,NSE:TIMKEN,3270.0,3317.0,3230.0,3238.8501,37901.0,-0.8828809254215414,-1.8635032660109672
4064,2023-07-24,NSE:TIMKEN,3250.0,3270.05,3200.1499,3208.75,182406.0,-0.9293452636168655,-0.8828809254215414
4065,2023-07-25,NSE:TIMKEN,3212.05,3293.1001,3212.05,3271.45,111539.0,1.9540319439033833,-0.9293452636168655
4066,2023-07-26,NSE:TIMKEN,3287.5,3310.05,3278.05,3299.3,55812.0,0.8513044674379975,1.9540319439033833
4067,2023-07-27,NSE:TIMKEN,3310.7,3334.0,3296.05,3312.6499,101365.0,0.40462825447821377,0.8513044674379975
4068,2023-07-28,NSE:TIMKEN,3327.0,3424.7,3312.6001,3381.0,257535.0,2.0633058748526403,0.40462825447821377
4069,2023-07-31,NSE:TIMKEN,3380.05,3527.6001,3350.3,3517.0,109071.0,4.022478556640047,2.0633058748526403
4070,2023-08-01,NSE:TIMKEN,3517.0,3569.8501,3495.0,3534.75,108213.0,0.5046914984361671,4.022478556640047
4071,2023-08-02,NSE:TIMKEN,3540.0,3548.8999,3438.3999,3471.05,40426.0,-1.80210764551948,0.5046914984361671
4072,2023-08-03,NSE:TIMKEN,3470.0,3483.1001,3410.1001,3455.7,44730.0,-0.44222929661054616,-1.80210764551948
4073,2023-08-04,NSE:TIMKEN,3460.0,3470.05,3375.05,3391.75,23524.0,-1.8505657319790438,-0.44222929661054616
4074,2023-08-07,NSE:TIMKEN,3426.0,3426.0,3339.75,3360.55,30801.0,-0.9198791184491729,-1.8505657319790438
4075,2023-08-08,NSE:TIMKEN,3380.0,3438.95,3351.2,3400.55,45229.0,1.1902813527547573,-0.9198791184491729
4076,2023-08-09,NSE:TIMKEN,3415.0,3448.95,3375.05,3436.8999,50081.0,1.068941788828269,1.1902813527547573
4077,2023-08-10,NSE:TIMKEN,3420.0,3441.1001,3362.0,3368.7,26975.0,-1.984343506774814,1.068941788828269
4078,2023-08-11,NSE:TIMKEN,3384.0,3429.0,3361.0,3401.7,32998.0,0.9796063763469589,-1.984343506774814
4079,2023-08-14,NSE:TIMKEN,3220.25,3333.3,3205.0,3218.75,240666.0,-5.378193256313015,0.9796063763469589
4080,2023-08-16,NSE:TIMKEN,3225.0,3233.8999,3128.3999,3148.25,90267.0,-2.1902912621359225,-5.378193256313015
4081,2023-08-17,NSE:TIMKEN,3160.1001,3222.75,3157.6499,3210.8999,91145.0,1.9899912649884821,-2.1902912621359225
4082,2023-08-18,NSE:TIMKEN,3210.0,3220.0,3155.0,3204.95,29221.0,-0.18530319179367974,1.9899912649884821
4083,2023-08-21,NSE:TIMKEN,3239.0,3239.0,3140.0,3172.8501,54042.0,-1.0015725674347402,-0.18530319179367974
4084,2023-08-22,NSE:TIMKEN,3178.5,3234.0,3170.5,3211.3501,28559.0,1.2134200730125888,-1.0015725674347402
4085,2023-08-23,NSE:TIMKEN,3211.3501,3330.0,3175.1001,3234.6499,47738.0,0.7255453088095183,1.2134200730125888
4086,2023-08-24,NSE:TIMKEN,3265.75,3265.75,3200.0,3207.95,24606.0,-0.8254339982821657,0.7255453088095183
4087,2023-08-25,NSE:TIMKEN,3207.95,3230.0,3189.55,3207.6499,27559.0,-0.009354883960159275,-0.8254339982821657
4088,2023-08-28,NSE:TIMKEN,3218.8999,3239.8,3170.25,3191.3,50304.0,-0.5097158514711879,-0.009354883960159275
4089,2023-08-29,NSE:TIMKEN,3193.0,3211.8,3178.05,3189.1499,30103.0,-0.0673737975119949,-0.5097158514711879
4090,2023-08-30,NSE:TIMKEN,3200.0,3214.95,3175.0,3201.75,20980.0,0.39509274869770505,-0.0673737975119949
4091,2023-08-31,NSE:TIMKEN,3219.0,3315.0,3183.05,3251.25,103353.0,1.5460295151089247,0.39509274869770505
4092,2023-09-01,NSE:TIMKEN,3270.0,3270.0,3190.0,3197.8501,54538.0,-1.642442137639366,1.5460295151089247
4093,2023-09-04,NSE:TIMKEN,3220.0,3234.0,3154.0,3161.95,72504.0,-1.1226323585336377,-1.642442137639366
4094,2023-09-05,NSE:TIMKEN,3186.1001,3205.0,3141.0,3152.6499,219115.0,-0.2941254605544025,-1.1226323585336377
4095,2023-09-06,NSE:TIMKEN,3175.0,3223.05,3160.05,3202.55,107020.0,1.5827986482102023,-0.2941254605544025
4096,2023-09-07,NSE:TIMKEN,3207.3,3234.0,3183.0,3221.25,32536.0,0.5839096969602291,1.5827986482102023
4097,2023-09-08,NSE:TIMKEN,3213.8501,3236.8,3184.6001,3199.6001,39219.0,-0.6720962359332523,0.5839096969602291
4098,2023-09-11,NSE:TIMKEN,3219.95,3264.8,3199.05,3233.55,67024.0,1.0610669752135609,-0.6720962359332523
4099,2023-09-12,NSE:TIMKEN,3265.0,3265.0,3142.7,3158.55,52145.0,-2.3194322029967065,1.0610669752135609
4100,2023-09-13,NSE:TIMKEN,3174.3,3195.3999,3149.0,3166.3501,24453.0,0.24695192414240486,-2.3194322029967065
4101,2023-09-14,NSE:TIMKEN,3170.0,3204.5,3146.3501,3171.45,70090.0,0.1610655751554355,0.24695192414240486
4102,2023-09-15,NSE:TIMKEN,3187.3,3193.45,3149.75,3171.3501,134933.0,-0.003149978716350779,0.1610655751554355
4103,2023-09-18,NSE:TIMKEN,3185.0,3191.0,3132.3501,3147.75,103942.0,-0.7441657103704857,-0.003149978716350779
4104,2023-09-20,NSE:TIMKEN,3160.0,3160.0,3100.55,3139.8,35569.0,-0.2525613533476235,-0.7441657103704857
4105,2023-09-21,NSE:TIMKEN,3147.0,3155.45,3091.0,3102.3999,139158.0,-1.1911618574431584,-0.2525613533476235
4106,2023-09-22,NSE:TIMKEN,3105.0,3127.8,3077.55,3091.3,28924.0,-0.3577843075613723,-1.1911618574431584
4107,2023-09-25,NSE:TIMKEN,3106.75,3106.75,3031.0,3099.75,189144.0,0.27334778248632674,-0.3577843075613723
4108,2023-09-26,NSE:TIMKEN,3099.75,3115.2,3060.8999,3079.7,35960.0,-0.6468263569642771,0.27334778248632674
4109,2023-09-27,NSE:TIMKEN,3079.75,3090.1499,3058.0,3067.0,24977.0,-0.41237782900931325,-0.6468263569642771
4110,2023-09-28,NSE:TIMKEN,3082.3,3149.8,3068.8,3127.45,49057.0,1.9709814150635743,-0.41237782900931325
4111,2023-09-29,NSE:TIMKEN,3130.0,3130.25,3078.55,3095.5,35105.0,-1.02159906633199,1.9709814150635743
4112,2023-10-03,NSE:TIMKEN,3090.0,3114.8999,3053.0,3068.3999,92682.0,-0.8754676142787955,-1.02159906633199
4113,2023-10-04,NSE:TIMKEN,3055.0,3100.0,3042.05,3088.5,370523.0,0.6550678091209725,-0.8754676142787955
4114,2023-10-05,NSE:TIMKEN,3102.0,3102.0,3045.8501,3055.1499,34561.0,-1.0798154443904844,0.6550678091209725
4115,2023-10-06,NSE:TIMKEN,3070.3999,3079.95,3046.3501,3060.6499,30534.0,0.18002389997296042,-1.0798154443904844
4116,2023-10-09,NSE:TIMKEN,3059.95,3070.8501,2981.0,2991.75,43826.0,-2.2511526065101366,0.18002389997296042
4117,2023-10-10,NSE:TIMKEN,3005.05,3030.6499,2984.0,3022.25,40657.0,1.0194702097434611,-2.2511526065101366
4118,2023-10-11,NSE:TIMKEN,3033.1001,3074.6001,3016.0,3059.8999,178270.0,1.2457573000248123,1.0194702097434611
4119,2023-10-12,NSE:TIMKEN,3051.0,3087.7,3030.0,3076.3,34665.0,0.5359685132183669,1.2457573000248123
4120,2023-10-13,NSE:TIMKEN,3055.0,3070.0,3041.0,3054.0,50231.0,-0.724896791600305,0.5359685132183669
4121,2023-10-16,NSE:TIMKEN,3070.0,3070.0,3007.55,3015.3,72909.0,-1.2671905697445913,-0.724896791600305
4122,2023-10-17,NSE:TIMKEN,3030.0,3080.0,3020.3,3045.3,49136.0,0.9949258780220873,-1.2671905697445913
4123,2023-10-18,NSE:TIMKEN,3050.0,3054.8999,3033.75,3044.95,10360.0,-0.011493120546427734,0.9949258780220873
4124,2023-10-19,NSE:TIMKEN,3042.0,3060.1499,3025.8,3032.8999,106824.0,-0.3957404883495601,-0.011493120546427734
4125,2023-10-20,NSE:TIMKEN,3045.0,3059.5,3035.6001,3043.45,17881.0,0.34785519957318506,-0.3957404883495601
4126,2023-10-23,NSE:TIMKEN,3055.0,3055.0,2961.1499,2983.1001,23193.0,-1.9829436987629074,0.34785519957318506
4127,2023-10-25,NSE:TIMKEN,2995.0,3020.0,2930.0,2951.25,21547.0,-1.0676845875872591,-1.9829436987629074
4128,2023-10-26,NSE:TIMKEN,2943.0,2993.95,2900.0,2941.1499,73333.0,-0.34223125794155396,-1.0676845875872591
4129,2023-10-27,NSE:TIMKEN,2950.0,3000.0,2921.0,2947.3,57073.0,0.2091052890571913,-0.34223125794155396
4130,2023-10-30,NSE:TIMKEN,2947.3,2984.3,2926.2,2954.2,24295.0,0.23411257761339652,0.2091052890571913
4131,2023-10-31,NSE:TIMKEN,2950.05,2959.8,2886.8501,2900.8,32823.0,-1.8075959650666724,0.23411257761339652
4132,2023-11-01,NSE:TIMKEN,2915.3,2915.3,2840.05,2885.7,221687.0,-0.5205460562603544,-1.8075959650666724
4133,2023-11-02,NSE:TIMKEN,2900.1001,2918.0,2875.05,2885.8,45254.0,0.0034653636899318638,-0.5205460562603544
4134,2023-11-03,NSE:TIMKEN,2900.2,2962.3501,2880.8999,2938.05,76864.0,1.8105897844618475,0.0034653636899318638
4135,2023-11-06,NSE:TIMKEN,2952.7,2964.95,2911.3501,2929.8999,96460.0,-0.27739827436566067,1.8105897844618475
4136,2023-11-07,NSE:TIMKEN,2937.05,2964.7,2916.0,2940.6499,84763.0,0.36690673288872433,-0.27739827436566067
4137,2023-11-08,NSE:TIMKEN,2940.0,3000.0,2937.6001,2985.45,31628.0,1.5234761540297581,0.36690673288872433
4138,2023-11-09,NSE:TIMKEN,3001.2,3010.0,2911.05,2917.45,29946.0,-2.2777135775176274,1.5234761540297581
4139,2023-11-10,NSE:TIMKEN,2901.0,2968.8,2900.45,2951.0,23573.0,1.149976863356705,-2.2777135775176274
4140,2023-11-12,NSE:TIMKEN,2968.0,2995.0,2940.85,2959.0,3498.0,0.27109454422229756,1.149976863356705
4141,2023-11-13,NSE:TIMKEN,2969.1001,2982.8501,2921.25,2946.0,21413.0,-0.43933761405880367,0.27109454422229756
4142,2023-11-15,NSE:TIMKEN,2951.0,2974.8501,2926.8,2964.05,30870.0,0.612695179904962,-0.43933761405880367
4143,2023-11-16,NSE:TIMKEN,2957.0,2974.3501,2941.0,2957.25,45381.0,-0.22941583306624994,0.612695179904962
4144,2023-11-17,NSE:TIMKEN,2952.45,2974.0,2925.0,2959.8,20711.0,0.08622875982754863,-0.22941583306624994
4145,2023-11-20,NSE:TIMKEN,2959.8,2969.6001,2921.1499,2946.8,39463.0,-0.43921886613960404,0.08622875982754863
4146,2023-11-21,NSE:TIMKEN,2905.0,3004.45,2905.0,2919.8,60338.0,-0.9162481335686168,-0.43921886613960404
4147,2023-11-22,NSE:TIMKEN,2910.0,2939.8,2910.0,2927.05,14922.0,0.24830467840263032,-0.9162481335686168
4148,2023-11-23,NSE:TIMKEN,2920.0,2978.6001,2907.0,2942.2,166383.0,0.5175859653917643,0.24830467840263032
4149,2023-11-24,NSE:TIMKEN,2937.0,2950.0,2920.05,2932.1001,23288.0,-0.34327713955542477,0.5175859653917643
4150,2023-11-28,NSE:TIMKEN,2920.0,2943.8501,2902.0,2920.05,125933.0,-0.41097164452195645,-0.34327713955542477
4151,2023-11-29,NSE:TIMKEN,2924.0,2960.0,2915.0,2931.45,37072.0,0.390404273899407,-0.41097164452195645
4152,2023-11-30,NSE:TIMKEN,2939.8501,2959.55,2863.8,2942.1499,657057.0,0.36500366712719207,0.390404273899407
4153,2023-12-01,NSE:TIMKEN,2921.0,3008.8501,2921.0,2952.95,56737.0,0.3670819083691123,0.36500366712719207
4154,2023-12-04,NSE:TIMKEN,2985.0,3100.0,2941.7,3083.25,153579.0,4.412536615926453,0.3670819083691123
4155,2023-12-05,NSE:TIMKEN,3090.0,3098.8999,3044.45,3071.05,68108.0,-0.3956863699018834,4.412536615926453
4156,2023-12-06,NSE:TIMKEN,3084.95,3185.0,3052.6499,3172.75,131336.0,3.31157096107194,-0.3956863699018834
4157,2023-12-07,NSE:TIMKEN,3209.0,3215.0,3160.0,3196.3501,47805.0,0.7438373650618584,3.31157096107194
4158,2023-12-08,NSE:TIMKEN,3196.3501,3210.0,3162.05,3201.5,72896.0,0.16111814534959384,0.7438373650618584
4159,2023-12-11,NSE:TIMKEN,3218.3999,3219.5,3168.0,3201.8501,35062.0,0.010935498984854328,0.16111814534959384
4160,2023-12-12,NSE:TIMKEN,3185.25,3237.2,3185.25,3209.95,53480.0,0.25297561556675335,0.010935498984854328
4161,2023-12-13,NSE:TIMKEN,3225.0,3225.0,3174.05,3186.6499,19185.0,-0.7258711194878403,0.25297561556675335
4162,2023-12-14,NSE:TIMKEN,3200.0,3221.0,3186.6499,3201.95,28675.0,0.48013118730111926,-0.7258711194878403
4163,2023-12-15,NSE:TIMKEN,3215.0,3239.6001,3151.1001,3164.55,22737.0,-1.16803822670559,0.48013118730111926
4164,2023-12-18,NSE:TIMKEN,3166.0,3222.95,3161.0,3189.3,16056.0,0.7821017206237852,-1.16803822670559
4165,2023-12-19,NSE:TIMKEN,3190.0,3212.0,3181.5,3204.8,17906.0,0.4860000627096855,0.7821017206237852
4166,2023-12-20,NSE:TIMKEN,3220.0,3298.0,3126.95,3200.1499,125200.0,-0.1450979780329597,0.4860000627096855
4167,2023-12-21,NSE:TIMKEN,3165.0,3240.0,3148.0,3183.3999,34053.0,-0.5234129813731538,-0.1450979780329597
4168,2023-12-22,NSE:TIMKEN,3200.2,3235.0,3175.2,3198.45,34119.0,0.4727681244194275,-0.5234129813731538
4169,2023-12-26,NSE:TIMKEN,3198.45,3254.7,3180.7,3209.75,82117.0,0.3532961278119146,0.4727681244194275
4170,2023-12-27,NSE:TIMKEN,3211.0,3269.8999,3208.45,3234.3999,73951.0,0.7679694680271015,0.3532961278119146
4171,2023-12-28,NSE:TIMKEN,3236.0,3245.0,3201.3501,3235.6001,96325.0,0.037107347177453925,0.7679694680271015
4172,2023-12-29,NSE:TIMKEN,3200.0,3264.0,3200.0,3251.95,27786.0,0.5053127548116872,0.037107347177453925
4173,2024-01-01,NSE:TIMKEN,3249.0,3249.0,3207.0,3232.0,16655.0,-0.6134780670059448,0.5053127548116872
4174,2024-01-02,NSE:TIMKEN,3240.0,3240.0,3155.0,3180.95,21545.0,-1.5795173267326788,-0.6134780670059448
4175,2024-01-03,NSE:TIMKEN,3194.0,3195.0,3132.05,3151.55,18268.0,-0.9242521888115072,-1.5795173267326788
4176,2024-01-04,NSE:TIMKEN,3151.55,3239.95,3146.0,3220.5,39542.0,2.18781234630578,-0.9242521888115072
4177,2024-01-05,NSE:TIMKEN,3237.5,3251.0,3195.0,3245.3,21781.0,0.7700667598199094,2.18781234630578
4178,2024-01-08,NSE:TIMKEN,3245.3,3248.5,3182.0,3190.3501,9772.0,-1.6932148029458007,0.7700667598199094
4179,2024-01-09,NSE:TIMKEN,3207.0,3207.0,3157.5,3171.75,8953.0,-0.5830112500819302,-1.6932148029458007
4180,2024-01-10,NSE:TIMKEN,3186.0,3249.8,3180.0,3240.55,92318.0,2.1691495231339224,-0.5830112500819302
4181,2024-01-11,NSE:TIMKEN,3242.0,3387.0,3240.55,3362.55,202404.0,3.764793013531653,2.1691495231339224
4182,2024-01-12,NSE:TIMKEN,3390.0,3390.0,3333.6001,3357.1499,72181.0,-0.16059538148132496,3.764793013531653
4183,2024-01-15,NSE:TIMKEN,3377.8999,3379.0,3290.05,3359.3501,29960.0,0.06553773485063097,-0.16059538148132496
4184,2024-01-16,NSE:TIMKEN,3339.2,3413.6499,3339.2,3379.05,37368.0,0.5864199745063805,0.06553773485063097
4185,2024-01-17,NSE:TIMKEN,3356.0,3404.0,3307.0,3392.2,37088.0,0.38916263446825694,0.5864199745063805
4186,2024-01-18,NSE:TIMKEN,3361.3999,3379.8999,3266.5,3290.55,19584.0,-2.9965803903071646,0.38916263446825694
4187,2024-01-19,NSE:TIMKEN,3325.0,3453.3,3282.05,3411.8,82076.0,3.6847943352934918,-2.9965803903071646
4188,2024-01-20,NSE:TIMKEN,3439.8999,3482.95,3368.1001,3428.6001,22718.0,0.49241163022451284,3.6847943352934918
4189,2024-01-23,NSE:TIMKEN,3439.95,3439.95,3291.5,3312.6001,26628.0,-3.3833050404449323,0.49241163022451284
4190,2024-01-24,NSE:TIMKEN,3301.0,3428.8501,3250.0,3356.25,59190.0,1.3176930109976115,-3.3833050404449323
4191,2024-01-25,NSE:TIMKEN,3355.0,3434.0,3271.5,3299.8999,42372.0,-1.6789601489757948,1.3176930109976115
4192,2024-01-29,NSE:TIMKEN,3300.0,3340.0,3271.0,3292.25,30196.0,-0.23182218345471295,-1.6789601489757948
4193,2024-01-30,NSE:TIMKEN,3302.1001,3402.95,3281.0,3321.8501,42769.0,0.8990842129242952,-0.23182218345471295
4194,2024-01-31,NSE:TIMKEN,3328.8501,3400.0,3325.7,3387.7,69665.0,1.9823260537855005,0.8990842129242952
4195,2024-02-01,NSE:TIMKEN,3397.8,3410.0,3318.0,3331.95,15287.0,-1.6456592968680814,1.9823260537855005
4196,2024-02-02,NSE:TIMKEN,3331.0,3359.0,3291.95,3315.8999,144274.0,-0.48170290670628096,-1.6456592968680814
4197,2024-02-05,NSE:TIMKEN,3313.0,3339.8999,3289.7,3300.75,69348.0,-0.4568865302598516,-0.48170290670628096
4198,2024-02-06,NSE:TIMKEN,3290.0,3355.0,3190.0,3199.2,102048.0,-3.076573506021364,-0.4568865302598516
4199,2024-02-07,NSE:TIMKEN,3051.05,3171.3,3051.05,3072.5,57731.0,-3.9603650912728128,-3.076573506021364
4200,2024-02-08,NSE:TIMKEN,3099.8999,3099.8999,2950.05,2961.5,41738.0,-3.6126932465419035,-3.9603650912728128
4201,2024-02-09,NSE:TIMKEN,2977.05,2977.05,2875.0,2897.7,166214.0,-2.1543136923856214,-3.6126932465419035
4202,2024-02-12,NSE:TIMKEN,2910.0,2969.0,2811.0,2820.05,82025.0,-2.679711495323865,-2.1543136923856214
4203,2024-02-13,NSE:TIMKEN,2820.05,2887.5,2791.0,2808.6001,38833.0,-0.4060176238009989,-2.679711495323865
4204,2024-02-14,NSE:TIMKEN,2808.8999,2844.8,2799.8501,2831.3999,24769.0,0.8117852021724196,-0.4060176238009989
4205,2024-02-15,NSE:TIMKEN,2845.55,2955.05,2839.8999,2874.25,204661.0,1.5133891895666207,0.8117852021724196
4206,2024-02-16,NSE:TIMKEN,2884.6001,2884.6001,2820.0,2830.8,140131.0,-1.5116987040097352,1.5133891895666207
4207,2024-02-19,NSE:TIMKEN,2839.2,2876.95,2810.0,2824.75,34564.0,-0.21372050303801685,-1.5116987040097352
4208,2024-02-20,NSE:TIMKEN,2824.8,2828.95,2795.0,2804.6499,192335.0,-0.71157093548102,-0.21372050303801685
4209,2024-02-21,NSE:TIMKEN,2819.3999,2868.7,2800.0,2811.75,43181.0,0.2531545915944843,-0.71157093548102
4210,2024-02-22,NSE:TIMKEN,2825.6499,2834.95,2781.75,2809.55,53919.0,-0.07824308704542787,0.2531545915944843
4211,2024-02-23,NSE:TIMKEN,2815.1001,2837.0,2809.05,2823.7,36022.0,0.503639372853291,-0.07824308704542787
4212,2024-02-26,NSE:TIMKEN,2837.8,2838.6001,2696.0,2721.8501,118735.0,-3.6069660374685593,0.503639372853291
4213,2024-02-27,NSE:TIMKEN,2772.95,2800.0,2667.6001,2697.7,194717.0,-0.8872678183122682,-3.6069660374685593
4214,2024-02-28,NSE:TIMKEN,2705.8999,2793.0,2705.8999,2747.95,145259.0,1.8626978537272492,-0.8872678183122682
4215,2024-02-29,NSE:TIMKEN,2756.1499,2758.95,2700.6001,2721.6001,49158.0,-0.9588929929583765,1.8626978537272492
4216,2024-03-01,NSE:TIMKEN,2735.0,2799.0,2704.0,2708.75,60408.0,-0.4721523929985199,-0.9588929929583765
4217,2024-03-02,NSE:TIMKEN,2709.5,2755.0,2709.5,2750.8,2224.0,1.5523765574527064,-0.4721523929985199
4218,2024-03-04,NSE:TIMKEN,2759.1499,2765.3,2682.0,2699.8,66880.0,-1.8540061073142358,1.5523765574527064
4219,2024-03-05,NSE:TIMKEN,2714.0,2732.0,2642.5,2649.25,39255.0,-1.872360915623386,-1.8540061073142358
4220,2024-03-06,NSE:TIMKEN,2663.2,2668.6499,2570.2,2633.3501,65638.0,-0.6001660847409602,-1.872360915623386
4221,2024-03-07,NSE:TIMKEN,2647.2,2653.1001,2591.8999,2597.8501,62930.0,-1.3480926823972248,-0.6001660847409602
4222,2024-03-11,NSE:TIMKEN,2632.2,2632.95,2554.0,2565.55,54686.0,-1.2433396368789686,-1.3480926823972248
4223,2024-03-12,NSE:TIMKEN,2579.1001,2600.0,2524.5,2542.1001,137252.0,-0.9140301299916224,-1.2433396368789686
4224,2024-03-13,NSE:TIMKEN,2555.5,2630.0,2528.0,2574.1001,220233.0,1.2588017285393285,-0.9140301299916224
4225,2024-03-14,NSE:TIMKEN,2581.8,2695.0,2563.55,2689.8999,119841.0,4.498651781257449,1.2588017285393285
4226,2024-03-15,NSE:TIMKEN,2690.0,2740.0,2639.25,2682.8999,161260.0,-0.2602327320804763,4.498651781257449
4227,2024-03-18,NSE:TIMKEN,2702.0,2825.95,2691.0,2786.25,228845.0,3.852178756277866,-0.2602327320804763
4228,2024-03-19,NSE:TIMKEN,2795.0,2821.3501,2747.95,2813.7,378459.0,0.9851951547779209,3.852178756277866
4229,2024-03-20,NSE:TIMKEN,2814.95,2825.0,2772.0,2802.45,22583.0,-0.39982940612005546,0.9851951547779209
4230,2024-03-21,NSE:TIMKEN,2811.0,2865.0,2787.0,2850.1001,38027.0,1.7003015218826492,-0.39982940612005546
4231,2024-03-22,NSE:TIMKEN,2850.0,2910.45,2841.0,2894.1001,84335.0,1.543805426342745,1.7003015218826492
4232,2024-03-26,NSE:TIMKEN,2897.0,2897.0,2800.1001,2816.5,76300.0,-2.68132052516083,1.543805426342745
4233,2024-03-27,NSE:TIMKEN,2832.0,2832.0,2787.95,2815.3501,42587.0,-0.04082726788566976,-2.68132052516083
4234,2024-03-28,NSE:TIMKEN,2829.45,2868.0,2815.2,2859.5,26848.0,1.568185072257972,-0.04082726788566976
4235,2024-04-01,NSE:TIMKEN,2874.0,2937.6001,2833.5,2914.6001,38199.0,1.9269137961182063,1.568185072257972
4236,2024-04-02,NSE:TIMKEN,2924.0,2954.0,2898.05,2931.25,213990.0,0.5712584721313874,1.9269137961182063
4237,2024-04-03,NSE:TIMKEN,2930.0,2992.05,2913.8999,2982.95,133875.0,1.7637526652451965,0.5712584721313874
4238,2024-04-04,NSE:TIMKEN,2975.0,2990.6499,2925.0,2950.55,94213.0,-1.0861730836923058,1.7637526652451965
4239,2024-04-05,NSE:TIMKEN,2950.0,2976.0,2911.0,2960.95,22146.0,0.35247665689446495,-1.0861730836923058
4240,2024-04-08,NSE:TIMKEN,2976.5,2993.6499,2885.45,2912.95,16247.0,-1.6211013357199549,0.35247665689446495
4241,2024-04-09,NSE:TIMKEN,2928.0,2928.0,2841.8,2855.0,33053.0,-1.9893921969137756,-1.6211013357199549
4242,2024-04-10,NSE:TIMKEN,2866.0,2895.0,2855.3,2873.75,21699.0,0.6567425569176882,-1.9893921969137756
4243,2024-04-12,NSE:TIMKEN,2865.0,2949.0,2864.95,2940.1001,62949.0,2.308833405828625,0.6567425569176882
4244,2024-04-15,NSE:TIMKEN,2890.0,2959.0,2851.0,2916.75,35620.0,-0.7941940480189811,2.308833405828625
4245,2024-04-16,NSE:TIMKEN,2905.0,2989.8999,2892.05,2929.8999,51199.0,0.4508408331190499,-0.7941940480189811
4246,2024-04-18,NSE:TIMKEN,2962.0,3163.8999,2940.3999,3044.5,211988.0,3.911399839974059,0.4508408331190499
4247,2024-04-19,NSE:TIMKEN,3050.0,3245.0,3011.3501,3043.3,563952.0,-0.039415339136141175,3.911399839974059
4248,2024-04-22,NSE:TIMKEN,3050.0,3150.0,3020.1001,3035.3999,105272.0,-0.259589918838113,-0.039415339136141175
4249,2024-04-23,NSE:TIMKEN,3041.8,3185.05,3033.0,3121.3501,101488.0,2.8315939524146465,-0.259589918838113
4250,2024-04-24,NSE:TIMKEN,3143.8,3178.7,3083.95,3170.25,46883.0,1.5666265697013575,2.8315939524146465
4251,2024-04-25,NSE:TIMKEN,3180.0,3199.95,3151.55,3186.1001,71471.0,0.49996372525826394,1.5666265697013575
4252,2024-04-26,NSE:TIMKEN,3180.0,3224.8999,3169.8999,3201.3501,24197.0,0.47864158442479565,0.49996372525826394
4253,2024-04-29,NSE:TIMKEN,3201.5,3214.8999,3150.0,3200.05,27844.0,-0.04061099096908924,0.47864158442479565
4254,2024-04-30,NSE:TIMKEN,3200.8501,3354.0,3184.6001,3340.45,79816.0,4.387431446383639,-0.04061099096908924
4255,2024-05-02,NSE:TIMKEN,3350.0,3377.0,3288.0,3357.25,103248.0,0.5029262524510225,4.387431446383639
4256,2024-05-03,NSE:TIMKEN,3300.05,3410.0,3300.05,3389.8999,169137.0,0.972519174919946,0.5029262524510225
4257,2024-05-06,NSE:TIMKEN,3405.0,3450.0,3380.0,3410.05,61861.0,0.5944157820117429,0.972519174919946
4258,2024-05-07,NSE:TIMKEN,3400.0,3425.0,3362.45,3399.1499,148832.0,-0.3196463394964969,0.5944157820117429
4259,2024-05-08,NSE:TIMKEN,3399.1499,3399.1499,3322.05,3353.1001,27975.0,-1.354744608350452,-0.3196463394964969
4260,2024-05-09,NSE:TIMKEN,3374.0,3578.0,3266.25,3457.55,644750.0,3.115024809429342,-1.354744608350452
4261,2024-05-10,NSE:TIMKEN,3472.0,3502.95,3351.1499,3400.6499,127495.0,-1.6456768521062686,3.115024809429342
4262,2024-05-13,NSE:TIMKEN,3420.0,3519.0,3393.8501,3500.25,144377.0,2.928854863889403,-1.6456768521062686
4263,2024-05-14,NSE:TIMKEN,3510.0,3760.0,3510.0,3732.7,460055.0,6.640954217555883,2.928854863889403
4264,2024-05-15,NSE:TIMKEN,3699.0,4019.95,3676.3501,3972.45,474385.0,6.42296461006778,6.640954217555883
4265,2024-05-16,NSE:TIMKEN,4010.0,4288.7998,4010.0,4201.6001,624812.0,5.768482926153881,6.42296461006778
4266,2024-05-17,NSE:TIMKEN,4209.9502,4288.0,4122.6499,4215.3999,74676.0,0.3284415382606424,5.768482926153881
4267,2024-05-18,NSE:TIMKEN,4227.0,4267.4502,4151.0,4157.25,10428.0,-1.3794634288433782,0.3284415382606424
4268,2024-05-21,NSE:TIMKEN,4157.75,4181.0498,3919.1001,3933.05,104444.0,-5.3929881532262876,-1.3794634288433782
4269,2024-05-22,NSE:TIMKEN,3940.0,4038.8999,3912.55,3945.25,178771.0,0.310191835852578,-5.3929881532262876
4270,2024-05-23,NSE:TIMKEN,3974.0,3978.45,3821.6001,3854.3501,119102.0,-2.3040339648944905,0.310191835852578
4271,2024-05-24,NSE:TIMKEN,3861.0,4348.3999,3860.95,4140.25,841715.0,7.417590322166112,-2.3040339648944905
4272,2024-05-27,NSE:TIMKEN,4110.0498,4173.4502,3927.75,3951.5,261387.0,-4.558903447859429,7.417590322166112
4273,2024-05-28,NSE:TIMKEN,4109.9502,4258.7002,4031.3,4064.1499,1155685.0,2.850813615082877,-4.558903447859429
4274,2024-05-29,NSE:TIMKEN,4032.55,4120.0,3911.1001,3944.1001,300539.0,-2.953872346096284,2.850813615082877
4275,2024-05-30,NSE:TIMKEN,3970.0,4044.0,3925.05,3997.8,279659.0,1.3615247746881494,-2.953872346096284
4276,2024-05-31,NSE:TIMKEN,4002.55,4019.7,3919.0,3953.5,121840.0,-1.1081094602031163,1.3615247746881494
4277,2024-06-03,NSE:TIMKEN,4079.8999,4174.7002,3972.05,4081.45,175235.0,3.236372834197542,-1.1081094602031163
4278,2024-06-04,NSE:TIMKEN,4081.0,4083.0,3731.3,3877.05,158725.0,-5.008024109078873,3.236372834197542
4279,2024-06-05,NSE:TIMKEN,3885.0,3948.0,3738.95,3884.3501,69439.0,0.1882900659006185,-5.008024109078873
4280,2024-06-06,NSE:TIMKEN,3949.8999,4200.0,3891.6499,4129.6499,200662.0,6.31507958049405,0.1882900659006185
4281,2024-06-07,NSE:TIMKEN,4180.0,4215.0,4080.1001,4143.0498,50291.0,0.32448029069000334,6.31507958049405
4282,2024-06-10,NSE:TIMKEN,4159.0,4249.0,4050.3,4085.45,82072.0,-1.390275347402292,0.32448029069000334
4283,2024-06-11,NSE:TIMKEN,4112.0,4164.7002,4050.1001,4145.8501,100442.0,1.4784197579214,-1.390275347402292
4284,2024-06-12,NSE:TIMKEN,4170.0,4175.0498,4052.0,4140.3501,138014.0,-0.13266278006529952,1.4784197579214
4285,2024-06-13,NSE:TIMKEN,4172.0,4398.7998,4140.0498,4294.1499,363738.0,3.7146568837258642,-0.13266278006529952
4286,2024-06-14,NSE:TIMKEN,4250.0,4675.0,4250.0,4579.3501,696312.0,6.641598608376463,3.7146568837258642
4287,2024-06-18,NSE:TIMKEN,4650.3999,4817.8999,4625.1001,4712.6499,348467.0,2.9108890364159032,6.641598608376463
4288,2024-06-19,NSE:TIMKEN,4696.0498,4740.0,4599.7998,4616.3501,146415.0,-2.043432082659072,2.9108890364159032
4289,2024-06-20,NSE:TIMKEN,4625.3999,4706.3999,4551.0,4562.5498,79406.0,-1.165429372438626,-2.043432082659072
4290,2024-06-21,NSE:TIMKEN,4566.1499,4622.7998,4401.5,4432.0,104179.0,-2.8613342477927532,-1.165429372438626
4291,2024-06-24,NSE:TIMKEN,4410.0,4568.7998,4364.3999,4446.2002,69838.0,0.3204016245487415,-2.8613342477927532
4292,2024-06-25,NSE:TIMKEN,4491.7002,4681.5,4483.2998,4503.3501,167997.0,1.2853649729942307,0.3204016245487415
4293,2024-06-26,NSE:TIMKEN,4534.8999,4546.0,4390.0498,4470.7002,84102.0,-0.7250135848864924,1.2853649729942307
4294,2024-06-27,NSE:TIMKEN,4465.0,4499.9502,4359.2998,4383.9502,97099.0,-1.940411929209657,-0.7250135848864924
4295,2024-06-28,NSE:TIMKEN,4417.5,4420.0,4253.4502,4277.5498,76452.0,-2.4270439933373433,-1.940411929209657
4296,2024-07-01,NSE:TIMKEN,4299.0,4350.0,4272.6001,4320.6001,39585.0,1.0064242852298269,-2.4270439933373433
4297,2024-07-02,NSE:TIMKEN,4320.0,4349.9502,4258.0,4281.6001,40478.0,-0.9026523884957555,1.0064242852298269
4298,2024-07-03,NSE:TIMKEN,4310.0,4461.25,4310.0,4416.3501,248882.0,3.1471878936101483,-0.9026523884957555
4299,2024-07-04,NSE:TIMKEN,4448.9502,4448.9502,4353.1001,4365.0498,40267.0,-1.161599484606075,3.1471878936101483
4300,2024-07-05,NSE:TIMKEN,4379.9502,4408.4502,4298.3999,4335.3501,46026.0,-0.6803977356684481,-1.161599484606075
4301,2024-07-08,NSE:TIMKEN,4334.9502,4534.9502,4281.0,4317.7002,231057.0,-0.40711590973931805,-0.6803977356684481
4302,2024-07-09,NSE:TIMKEN,4324.0,4362.4502,4256.3501,4285.1499,60491.0,-0.7538805033290611,-0.40711590973931805
4303,2024-07-10,NSE:TIMKEN,4276.0498,4338.9502,4184.75,4203.4502,52924.0,-1.9065774105125264,-0.7538805033290611
4304,2024-07-11,NSE:TIMKEN,4212.25,4242.4502,4060.5,4081.3501,156697.0,-2.904759047698486,-1.9065774105125264
4305,2024-07-12,NSE:TIMKEN,4107.8999,4199.8999,4035.0,4054.8999,74756.0,-0.6480747632995322,-2.904759047698486
4306,2024-07-15,NSE:TIMKEN,4045.0,4090.5,3922.2,3936.6499,193610.0,-2.9162248863405975,-0.6480747632995322
4307,2024-07-16,NSE:TIMKEN,3949.0,4032.6001,3890.1001,3925.0,196473.0,-0.2959343679507768,-2.9162248863405975
4308,2024-07-18,NSE:TIMKEN,3933.8,4025.0,3911.3501,3921.05,88983.0,-0.1006369426751546,-0.2959343679507768
4309,2024-07-19,NSE:TIMKEN,3935.0,3984.6001,3843.0,3905.0,93917.0,-0.4093291337779467,-0.1006369426751546
4310,2024-07-22,NSE:TIMKEN,3890.0,3948.0,3858.0,3875.95,54527.0,-0.7439180537772133,-0.4093291337779467
4311,2024-07-23,NSE:TIMKEN,3919.8501,3960.45,3753.45,3874.05,107340.0,-0.0490202401991676,-0.7439180537772133
4312,2024-07-24,NSE:TIMKEN,3881.05,4029.0,3880.25,3990.2,97981.0,2.998154386236616,-0.0490202401991676
4313,2024-07-25,NSE:TIMKEN,3990.2,4129.75,3960.0,4038.3,111333.0,1.205453360733807,2.998154386236616
4314,2024-07-26,NSE:TIMKEN,4078.0,4170.0,3981.0,4006.25,200740.0,-0.7936507936507982,1.205453360733807
4315,2024-07-29,NSE:TIMKEN,4059.25,4246.0,4059.25,4158.75,356091.0,3.806552262090484,-0.7936507936507982
4316,2024-07-30,NSE:TIMKEN,4195.0,4274.0,4167.9502,4213.2998,160562.0,1.3116874060715304,3.806552262090484
4317,2024-07-31,NSE:TIMKEN,4234.0,4295.0,4201.8501,4267.9502,129334.0,1.2970926018604338,1.3116874060715304
4318,2024-08-01,NSE:TIMKEN,4285.0,4382.5,4267.9502,4325.6499,129632.0,1.3519300201769018,1.2970926018604338
4319,2024-08-02,NSE:TIMKEN,4300.0,4438.0,4170.0498,4272.25,146660.0,-1.2344942663991447,1.3519300201769018
4320,2024-08-05,NSE:TIMKEN,4199.6499,4222.7998,4081.0,4178.1001,132472.0,-2.2037544619345857,-1.2344942663991447
4321,2024-08-06,NSE:TIMKEN,4196.0498,4294.0,4189.0498,4205.8999,58244.0,0.6653694103690978,-2.2037544619345857
4322,2024-08-07,NSE:TIMKEN,4250.0,4250.0,4035.0,4065.8999,70113.0,-3.3286574414193844,0.6653694103690978
4323,2024-08-08,NSE:TIMKEN,4064.95,4270.0,4030.05,4182.4502,126740.0,2.8665314657648198,-3.3286574414193844
4324,2024-08-09,NSE:TIMKEN,4100.0,4129.75,3920.0,3973.5,162956.0,-4.995880166128462,2.8665314657648198
4325,2024-08-12,NSE:TIMKEN,3945.0,3945.0,3784.0,3885.55,153013.0,-2.213413866867996,-4.995880166128462
4326,2024-08-13,NSE:TIMKEN,3856.0,3928.6499,3772.5,3792.2,149933.0,-2.402491281800527,-2.213413866867996
4327,2024-08-14,NSE:TIMKEN,3790.0,3818.8999,3653.3999,3669.8,117009.0,-3.227677865091494,-2.402491281800527
4328,2024-08-16,NSE:TIMKEN,3702.0,3738.25,3650.0,3662.8,88998.0,-0.19074608970516105,-3.227677865091494
4329,2024-08-19,NSE:TIMKEN,3666.05,3729.75,3615.45,3625.6001,138328.0,-1.0156137381238415,-0.19074608970516105
4330,2024-08-20,NSE:TIMKEN,3625.6001,3647.95,3575.7,3598.0,157305.0,-0.7612560469644766,-1.0156137381238415
4331,2024-08-21,NSE:TIMKEN,3574.6499,3734.1499,3551.7,3712.2,200187.0,3.1739855475263985,-0.7612560469644766
4332,2024-08-22,NSE:TIMKEN,3732.2,3774.6001,3652.55,3705.2,115597.0,-0.18856742632401274,3.1739855475263985
4333,2024-08-23,NSE:TIMKEN,3705.2,3796.55,3684.0,3775.6001,88729.0,1.9000350858253345,-0.18856742632401274
4334,2024-08-26,NSE:TIMKEN,3812.6001,3819.8999,3687.05,3781.25,95530.0,0.14964243697312882,1.9000350858253345
4335,2024-08-27,NSE:TIMKEN,3762.5,3848.0,3703.05,3814.1499,128177.0,0.8700799999999971,0.14964243697312882
4336,2024-08-28,NSE:TIMKEN,3845.0,3897.0,3726.05,3745.6001,92632.0,-1.797249761998074,0.8700799999999971
4337,2024-08-29,NSE:TIMKEN,3765.3,3770.0,3654.1499,3698.8,110368.0,-1.2494686765947045,-1.797249761998074
4338,2024-08-30,NSE:TIMKEN,3717.0,3875.0,3715.0,3846.3501,277138.0,3.9891343138315105,-1.2494686765947045
4339,2024-09-02,NSE:TIMKEN,3847.7,3866.95,3765.1499,3786.1499,53255.0,-1.5651253379145131,3.9891343138315105
4340,2024-09-03,NSE:TIMKEN,3806.1001,3892.3999,3798.0,3850.1499,71498.0,1.6903715301921882,-1.5651253379145131
4341,2024-09-04,NSE:TIMKEN,3800.3,3935.4,3800.05,3830.95,113605.0,-0.4986792851883526,1.6903715301921882
4342,2024-09-05,NSE:TIMKEN,3835.0,3905.5,3791.05,3805.3,36463.0,-0.6695467181769441,-0.4986792851883526
4343,2024-09-06,NSE:TIMKEN,3798.0,3848.3,3684.55,3704.6001,52163.0,-2.6463064672956156,-0.6695467181769441
4344,2024-09-09,NSE:TIMKEN,3710.0,3719.95,3650.1,3701.4,54495.0,-0.08638179327371989,-2.6463064672956156
4345,2024-09-10,NSE:TIMKEN,3715.15,3772.8,3687.0,3701.05,68448.0,-0.009455881558326823,-0.08638179327371989
4346,2024-09-11,NSE:TIMKEN,3738.1,3745.0,3702.85,3726.05,33848.0,0.6754839842747328,-0.009455881558326823
4347,2024-09-12,NSE:TIMKEN,3726.05,3838.0,3726.05,3821.3,89580.0,2.556326404637619,0.6754839842747328
4348,2024-09-13,NSE:TIMKEN,3842.0,3849.0,3742.0,3760.6,69866.0,-1.5884646586240354,2.556326404637619
4349,2024-09-16,NSE:TIMKEN,3779.45,3859.3,3751.1,3798.15,58636.0,0.9985108759240595,-1.5884646586240354
4350,2024-09-17,NSE:TIMKEN,3773.95,3818.1,3725.0,3759.1,75452.0,-1.0281321169516786,0.9985108759240595
4351,2024-09-18,NSE:TIMKEN,3777.85,3777.85,3737.65,3759.05,17100.0,-0.0013301056103782064,-1.0281321169516786
4352,2024-09-19,NSE:TIMKEN,3774.0,3850.0,3700.0,3815.9,54665.0,1.5123501948630613,-0.0013301056103782064
4353,2024-09-20,NSE:TIMKEN,3825.0,3899.95,3776.0,3870.25,48416.0,1.4243035718965358,1.5123501948630613
4354,2024-09-23,NSE:TIMKEN,3875.1,3896.4,3771.0,3777.15,107215.0,-2.4055293585685655,1.4243035718965358
4355,2024-09-24,NSE:TIMKEN,3786.9,3958.95,3786.9,3937.45,93745.0,4.243940537177495,-2.4055293585685655
4356,2024-09-25,NSE:TIMKEN,3937.45,3946.65,3817.5,3837.85,72350.0,-2.5295559308689612,4.243940537177495
4357,2024-09-26,NSE:TIMKEN,3837.85,3852.35,3750.0,3769.45,36227.0,-1.782247873158151,-2.5295559308689612
4358,2024-09-27,NSE:TIMKEN,3800.0,3834.8,3751.2,3812.35,64985.0,1.1380970698643063,-1.782247873158151
4359,2024-09-30,NSE:TIMKEN,3812.35,3850.0,3742.5,3761.15,100006.0,-1.3430036591603558,1.1380970698643063
4360,2024-10-01,NSE:TIMKEN,3788.9,3823.6,3755.0,3796.35,33583.0,0.9358839716575998,-1.3430036591603558
4361,2024-10-03,NSE:TIMKEN,3760.0,3790.0,3665.0,3703.45,23805.0,-2.4470873338864987,0.9358839716575998
4362,2024-10-04,NSE:TIMKEN,3670.0,3739.25,3610.35,3648.2,21949.0,-1.4918521918751435,-2.4470873338864987
4363,2024-10-07,NSE:TIMKEN,3625.0,3665.9,3575.0,3600.1,28207.0,-1.3184584178498961,-1.4918521918751435
4364,2024-10-08,NSE:TIMKEN,3619.0,3672.0,3576.0,3591.05,31897.0,-0.25138190605815747,-1.3184584178498961
4365,2024-10-09,NSE:TIMKEN,3624.95,3769.8,3591.1,3744.2,41096.0,4.264769357151798,-0.25138190605815747
4366,2024-10-10,NSE:TIMKEN,3750.0,3798.7,3714.2,3732.1,29182.0,-0.3231664975161559,4.264769357151798
4367,2024-10-11,NSE:TIMKEN,3740.0,3745.5,3690.0,3733.3,8917.0,0.032153479274410465,-0.3231664975161559
4368,2024-10-14,NSE:TIMKEN,3733.3,3820.0,3701.3,3809.1,35056.0,2.0303752712077716,0.032153479274410465
4369,2024-10-15,NSE:TIMKEN,3809.1,3873.4,3809.1,3827.3,43684.0,0.4778031556010678,2.0303752712077716
4370,2024-10-16,NSE:TIMKEN,3800.0,3853.7,3720.0,3769.3,51106.0,-1.5154286311498966,0.4778031556010678
4371,2024-10-17,NSE:TIMKEN,3783.5,3848.7,3752.05,3811.25,34182.0,1.1129387419414696,-1.5154286311498966
4372,2024-10-18,NSE:TIMKEN,3776.6,3779.95,3585.45,3645.65,102549.0,-4.3450311577566385,1.1129387419414696
4373,2024-10-21,NSE:TIMKEN,3664.8,3695.0,3621.5,3647.75,25375.0,0.057602896602798104,-4.3450311577566385
4374,2024-10-22,NSE:TIMKEN,3640.0,3654.7,3470.0,3489.65,47703.0,-4.334178603248576,0.057602896602798104
4375,2024-10-23,NSE:TIMKEN,3474.25,3487.95,3401.15,3469.85,47138.0,-0.5673921453440941,-4.334178603248576
4376,2024-10-24,NSE:TIMKEN,3465.0,3485.2,3371.0,3388.2,52020.0,-2.353127656815139,-0.5673921453440941
4377,2024-10-25,NSE:TIMKEN,3406.0,3406.0,3291.05,3371.2,42028.0,-0.5017413375833777,-2.353127656815139
4378,2024-10-28,NSE:TIMKEN,3340.6,3370.0,3258.5,3304.4,47126.0,-1.9814902705268076,-0.5017413375833777
4379,2024-10-29,NSE:TIMKEN,3305.5,3380.75,3293.2,3300.6,44436.0,-0.11499818423920173,-1.9814902705268076
4380,2024-10-30,NSE:TIMKEN,3302.0,3420.9,3282.8,3403.65,43925.0,3.1221596073441247,-0.11499818423920173
4381,2024-10-31,NSE:TIMKEN,3372.7,3415.0,3360.9,3388.75,31279.0,-0.437765340149548,3.1221596073441247
4382,2024-11-01,NSE:TIMKEN,3431.65,3444.0,3390.0,3422.25,3248.0,0.9885651051272593,-0.437765340149548
4383,2024-11-04,NSE:TIMKEN,3411.05,3541.8,3375.0,3525.6,90291.0,3.0199430199430175,0.9885651051272593
4384,2024-11-05,NSE:TIMKEN,3525.6,3543.25,3380.0,3426.1,147599.0,-2.8222146584978445,3.0199430199430175
4385,2024-11-06,NSE:TIMKEN,3425.0,3430.0,3292.05,3371.6,374644.0,-1.5907299845305158,-2.8222146584978445
4386,2024-11-07,NSE:TIMKEN,3365.0,3418.0,3351.05,3399.45,157035.0,0.826017321153159,-1.5907299845305158
4387,2024-11-08,NSE:TIMKEN,3401.0,3424.95,3361.8,3400.75,32445.0,0.03824148023945585,0.826017321153159
4388,2024-11-11,NSE:TIMKEN,3401.25,3439.3,3369.8,3408.85,37319.0,0.2381827538043052,0.03824148023945585
4389,2024-11-12,NSE:TIMKEN,3394.65,3413.85,3321.5,3345.85,46153.0,-1.8481306012291536,0.2381827538043052
4390,2024-11-13,NSE:TIMKEN,3337.65,3347.95,3269.25,3329.15,40109.0,-0.4991257826860086,-1.8481306012291536
4391,2024-11-14,NSE:TIMKEN,3340.0,3369.7,3189.95,3237.55,215230.0,-2.7514530736073746,-0.4991257826860086
4392,2024-11-18,NSE:TIMKEN,3203.8,3220.2,3171.5,3190.55,42689.0,-1.451715031428086,-2.7514530736073746
4393,2024-11-19,NSE:TIMKEN,3185.0,3290.0,3177.35,3271.05,90745.0,2.523075958690508,-1.451715031428086
4394,2024-11-21,NSE:TIMKEN,3270.0,3341.5,3241.0,3249.55,102251.0,-0.6572813011112639,2.523075958690508
4395,2024-11-22,NSE:TIMKEN,3259.8,3320.0,3250.8,3298.65,50644.0,1.5109784431690512,-0.6572813011112639
4396,2024-11-25,NSE:TIMKEN,3328.0,3425.0,3318.95,3351.6,84532.0,1.6052021281433257,1.5109784431690512
4397,2024-11-26,NSE:TIMKEN,3352.7,3386.45,3285.0,3328.6,62080.0,-0.6862394080439194,1.6052021281433257
4398,2024-11-27,NSE:TIMKEN,3301.0,3356.55,3301.0,3336.55,11533.0,0.23883915159527347,-0.6862394080439194
4399,2024-11-28,NSE:TIMKEN,3336.55,3375.0,3315.0,3325.7,19709.0,-0.32518619532152565,0.23883915159527347
4400,2024-11-29,NSE:TIMKEN,3302.0,3389.0,3281.55,3378.4,37784.0,1.5846287999518982,-0.32518619532152565
4401,2024-12-02,NSE:TIMKEN,3348.5,3412.0,3331.45,3402.95,16448.0,0.7266753492777566,1.5846287999518982
4402,2024-12-03,NSE:TIMKEN,3395.45,3480.55,3395.45,3466.05,47231.0,1.8542734979943982,0.7266753492777566
4403,2024-12-04,NSE:TIMKEN,3460.0,3484.2,3392.7,3414.95,29543.0,-1.4743007169544686,1.8542734979943982
4404,2024-12-05,NSE:TIMKEN,3414.85,3425.0,3355.8,3369.85,77085.0,-1.3206635529070678,-1.4743007169544686
4405,2024-12-06,NSE:TIMKEN,3399.0,3492.4,3385.0,3397.85,92031.0,0.8308975176936659,-1.3206635529070678
4406,2024-12-09,NSE:TIMKEN,3377.85,3413.0,3342.0,3351.95,21224.0,-1.3508542166369937,0.8308975176936659
4407,2024-12-10,NSE:TIMKEN,3353.0,3369.5,3295.0,3308.6,29008.0,-1.2932770476886561,-1.3508542166369937
4408,2024-12-11,NSE:TIMKEN,3308.6,3335.0,3285.0,3304.05,17867.0,-0.1375204013782182,-1.2932770476886561
4409,2024-12-12,NSE:TIMKEN,3300.0,3323.45,3235.1,3241.85,44344.0,-1.8825380971837675,-0.1375204013782182
4410,2024-12-13,NSE:TIMKEN,3237.85,3256.5,3194.0,3199.2,27243.0,-1.3156068294338137,-1.8825380971837675
4411,2024-12-16,NSE:TIMKEN,3200.0,3240.15,3153.55,3175.3,140441.0,-0.7470617654413491,-1.3156068294338137
4412,2024-12-17,NSE:TIMKEN,3214.8,3214.8,3125.05,3156.75,38736.0,-0.5841967688092521,-0.7470617654413491
4413,2024-12-18,NSE:TIMKEN,3195.95,3215.0,3110.05,3162.2,33820.0,0.17264591747841349,-0.5841967688092521
4414,2024-12-19,NSE:TIMKEN,3100.0,3199.5,3100.0,3194.1,19873.0,1.0087913477958412,0.17264591747841349
4415,2024-12-20,NSE:TIMKEN,3194.1,3304.05,3194.05,3249.75,120702.0,1.742274819197899,1.0087913477958412
4416,2024-12-23,NSE:TIMKEN,3249.75,3273.5,3180.15,3197.2,29683.0,-1.6170474651896356,1.742274819197899
4417,2024-12-24,NSE:TIMKEN,3198.8,3230.0,3162.0,3218.7,17922.0,0.6724634054797949,-1.6170474651896356
4418,2024-12-26,NSE:TIMKEN,3200.1,3227.65,3156.0,3163.6,33046.0,-1.7118712523689663,0.6724634054797949
4419,2024-12-27,NSE:TIMKEN,3163.65,3180.25,3105.0,3114.95,48084.0,-1.5378050322417527,-1.7118712523689663
4420,2024-12-30,NSE:TIMKEN,3115.0,3131.3,3012.55,3032.45,85761.0,-2.648517632706785,-1.5378050322417527
4421,2024-12-31,NSE:TIMKEN,3021.0,3167.95,3017.05,3121.8,66791.0,2.9464624313673884,-2.648517632706785
4422,2025-01-01,NSE:TIMKEN,3114.35,3127.35,3005.3,3040.5,105998.0,-2.6042667691716375,2.9464624313673884
4423,2025-01-02,NSE:TIMKEN,3056.4,3080.0,3000.05,3011.55,78264.0,-0.9521460286137089,-2.6042667691716375
4424,2025-01-03,NSE:TIMKEN,3024.0,3046.25,2989.05,3001.05,65775.0,-0.34865766797828357,-0.9521460286137089
4425,2025-01-06,NSE:TIMKEN,3008.55,3031.05,2910.35,2939.35,62149.0,-2.0559470851868604,-0.34865766797828357
4426,2025-01-07,NSE:TIMKEN,2969.35,2969.35,2910.7,2924.4,116706.0,-0.508615850443119,-2.0559470851868604
4427,2025-01-08,NSE:TIMKEN,2935.0,2939.8,2847.4,2898.15,129887.0,-0.8976200246204349,-0.508615850443119
4428,2025-01-09,NSE:TIMKEN,2899.0,2996.75,2865.65,2934.8,255285.0,1.2645998309266286,-0.8976200246204349
4429,2025-01-10,NSE:TIMKEN,2934.05,2944.8,2866.0,2889.3,29799.0,-1.5503611830448412,1.2645998309266286
4430,2025-01-13,NSE:TIMKEN,2889.0,2896.0,2741.1,2750.1,56091.0,-4.817775931886626,-1.5503611830448412
4431,2025-01-14,NSE:TIMKEN,2764.6,2836.35,2752.0,2826.75,44398.0,2.787171375586346,-4.817775931886626
4432,2025-01-15,NSE:TIMKEN,2826.75,2866.45,2814.0,2823.4,32118.0,-0.11851065711505826,2.787171375586346
4433,2025-01-16,NSE:TIMKEN,2847.9,2908.75,2835.0,2905.2,118181.0,2.8972161224056006,-0.11851065711505826
4434,2025-01-17,NSE:TIMKEN,2910.0,2917.2,2830.3,2866.45,59122.0,-1.3338152278672726,2.8972161224056006
4435,2025-01-20,NSE:TIMKEN,2860.0,2935.0,2844.15,2889.0,13030.0,0.786687365905569,-1.3338152278672726
4436,2025-01-21,NSE:TIMKEN,2889.95,2896.2,2797.9,2830.55,217250.0,-2.023191415714774,0.786687365905569
4437,2025-01-22,NSE:TIMKEN,2821.0,2850.2,2776.0,2811.0,80678.0,-0.6906784900461105,-2.023191415714774
4438,2025-01-23,NSE:TIMKEN,2810.4,2925.0,2800.65,2899.7,205378.0,3.155460690145849,-0.6906784900461105
4439,2025-01-24,NSE:TIMKEN,2894.0,2910.0,2851.0,2861.25,46768.0,-1.325999241300818,3.155460690145849
4440,2025-01-27,NSE:TIMKEN,2855.05,2855.05,2641.0,2763.6,185443.0,-3.4128440366972512,-1.325999241300818
4441,2025-01-28,NSE:TIMKEN,2778.1,2798.3,2706.5,2730.0,68710.0,-1.2158054711246167,-3.4128440366972512
4442,2025-01-29,NSE:TIMKEN,2744.4,2870.95,2734.1,2860.25,28134.0,4.771062271062271,-1.2158054711246167
4443,2025-01-30,NSE:TIMKEN,2869.25,2880.25,2822.0,2839.1,14978.0,-0.7394458526352623,4.771062271062271
4444,2025-01-31,NSE:TIMKEN,2845.0,2874.4,2820.0,2857.8,41830.0,0.6586594343277896,-0.7394458526352623
4445,2025-02-01,NSE:TIMKEN,2885.0,2945.0,2850.0,2884.2,18367.0,0.9237875288683475,0.6586594343277896
4446,2025-02-03,NSE:TIMKEN,2840.95,2862.65,2703.1,2779.95,156469.0,-3.614520490950697,0.9237875288683475
4447,2025-02-04,NSE:TIMKEN,2798.0,2831.0,2761.0,2809.6,60130.0,1.0665659454306764,-3.614520490950697
4448,2025-02-05,NSE:TIMKEN,2819.6,2852.85,2787.05,2795.85,229385.0,-0.4893935079726652,1.0665659454306764
4449,2025-02-06,NSE:TIMKEN,2795.85,2795.85,2667.0,2726.9,328159.0,-2.46615519430584,-0.4893935079726652
4450,2025-02-07,NSE:TIMKEN,2726.9,2730.0,2625.75,2661.65,282692.0,-2.3928270196926915,-2.46615519430584
4451,2025-02-10,NSE:TIMKEN,2661.65,2697.0,2605.25,2683.85,154505.0,0.8340690924802215,-2.3928270196926915
4452,2025-02-11,NSE:TIMKEN,2693.85,2848.7,2640.0,2818.15,861083.0,5.0040054399463525,0.8340690924802215
4453,2025-02-12,NSE:TIMKEN,2786.0,2806.4,2695.7,2726.8,232613.0,-3.2414882103507585,5.0040054399463525
4454,2025-02-13,NSE:TIMKEN,2726.8,2738.45,2646.15,2659.8,130586.0,-2.4570925627108697,-3.2414882103507585
4455,2025-02-14,NSE:TIMKEN,2672.25,2683.2,2590.0,2622.6,61610.0,-1.3986013986014088,-2.4570925627108697
4456,2025-02-17,NSE:TIMKEN,2630.3,2646.75,2556.15,2595.7,125058.0,-1.0256996873331843,-1.3986013986014088
4457,2025-02-18,NSE:TIMKEN,2600.0,2620.1,2520.8,2540.95,73882.0,-2.109257618368841,-1.0256996873331843
4458,2025-02-19,NSE:TIMKEN,2533.5,2550.0,2490.0,2498.7,50939.0,-1.6627639268777428,-2.109257618368841
4459,2025-02-20,NSE:TIMKEN,2509.0,2551.7,2493.85,2503.15,134748.0,0.1780926081562522,-1.6627639268777428
4460,2025-02-21,NSE:TIMKEN,2503.2,2586.0,2503.2,2570.65,79052.0,2.6966022811257813,0.1780926081562522
4461,2025-02-24,NSE:TIMKEN,2569.25,2569.7,2480.0,2495.25,108893.0,-2.933110302841697,2.6966022811257813
4462,2025-02-25,NSE:TIMKEN,2517.0,2589.55,2465.4,2539.9,199104.0,1.7893998597334975,-2.933110302841697
4463,2025-02-27,NSE:TIMKEN,2553.45,2554.9,2505.15,2522.55,45666.0,-0.6830977597543174,1.7893998597334975
4464,2025-02-28,NSE:TIMKEN,2522.55,2522.55,2435.0,2474.2,77483.0,-1.91671126439517,-0.6830977597543174
4465,2025-03-03,NSE:TIMKEN,2505.45,2508.0,2398.3,2500.95,75757.0,1.0811575458734137,-1.91671126439517
4466,2025-03-04,NSE:TIMKEN,2455.0,2561.0,2455.0,2511.2,100003.0,0.4098442591815111,1.0811575458734137
4467,2025-03-05,NSE:TIMKEN,2525.0,2616.0,2500.0,2604.0,398146.0,3.6954444090474747,0.4098442591815111
4468,2025-03-06,NSE:TIMKEN,2604.0,2647.65,2590.75,2615.35,157500.0,0.43586789554531136,3.6954444090474747
4469,2025-03-07,NSE:TIMKEN,2615.35,2620.65,2541.0,2577.55,287645.0,-1.445313246792962,0.43586789554531136
4470,2025-03-10,NSE:TIMKEN,2579.05,2625.8,2556.0,2582.3,97813.0,0.18428352505286025,-1.445313246792962
4471,2025-03-11,NSE:TIMKEN,2540.0,2591.0,2523.6,2581.35,69061.0,-0.036788909112042474,0.18428352505286025
4472,2025-03-12,NSE:TIMKEN,2570.0,2609.8,2565.25,2584.85,47964.0,0.13558796753636665,-0.036788909112042474
4473,2025-03-13,NSE:TIMKEN,2617.4,2618.05,2560.05,2577.35,42423.0,-0.29015223320502154,0.13558796753636665
4474,2025-03-17,NSE:TIMKEN,2600.0,2600.0,2570.0,2589.3,49722.0,0.4636545288765699,-0.29015223320502154
4475,2025-03-18,NSE:TIMKEN,2596.4,2674.4,2594.95,2663.2,74576.0,2.8540532190167083,0.4636545288765699
4476,2025-03-19,NSE:TIMKEN,2665.0,2694.95,2643.65,2675.45,99180.0,0.45997296485431066,2.8540532190167083
4477,2025-03-20,NSE:TIMKEN,2700.0,2713.95,2661.3,2702.3,50985.0,1.0035694929825025,0.45997296485431066
4478,2025-03-21,NSE:TIMKEN,2714.4,2724.4,2674.35,2706.6,60195.0,0.15912370943269538,1.0035694929825025
4479,2025-03-24,NSE:TIMKEN,2720.0,2809.8,2692.8,2788.05,135000.0,3.009310574152083,0.15912370943269538
4480,2025-03-25,NSE:TIMKEN,2788.0,2819.5,2734.0,2775.6,152697.0,-0.44654866304407287,3.009310574152083
4481,2025-03-26,NSE:TIMKEN,2797.0,2819.0,2754.0,2768.8,99915.0,-0.2449920737858383,-0.44654866304407287
4482,2025-03-27,NSE:TIMKEN,2773.2,2796.9,2689.35,2709.55,378880.0,-2.1399162091880957,-0.2449920737858383
4483,2025-03-28,NSE:TIMKEN,2707.0,2972.0,2690.0,2750.65,908978.0,1.5168570426823607,-2.1399162091880957
4484,2025-04-01,NSE:TIMKEN,2750.0,2760.25,2648.25,2666.15,138481.0,-3.0720011633613873,1.5168570426823607
4485,2025-04-02,NSE:TIMKEN,2676.95,2714.95,2622.0,2705.65,86882.0,1.4815370478030119,-3.0720011633613873
4486,2025-04-03,NSE:TIMKEN,2670.0,2695.4,2561.4,2575.9,103106.0,-4.795520484911204,1.4815370478030119
4487,2025-04-04,NSE:TIMKEN,2579.7,2585.1,2457.05,2480.55,51103.0,-3.701618851663493,-4.795520484911204
4488,2025-04-07,NSE:TIMKEN,2220.0,2336.7,2202.0,2303.9,178079.0,-7.121404527221789,-3.701618851663493
4489,2025-04-08,NSE:TIMKEN,2388.0,2390.4,2292.1,2304.25,97253.0,0.015191631581227877,-7.121404527221789
4490,2025-04-09,NSE:TIMKEN,2319.2,2319.2,2260.0,2270.45,41961.0,-1.466854724964747,0.015191631581227877
4491,2025-04-11,NSE:TIMKEN,2320.35,2492.8,2290.55,2474.6,240426.0,8.991609592812003,-1.466854724964747
4492,2025-04-15,NSE:TIMKEN,2475.9,2558.2,2460.0,2545.8,66292.0,2.877232684070164,8.991609592812003
4493,2025-04-16,NSE:TIMKEN,2568.4,2587.0,2514.3,2566.0,47406.0,0.7934637442061363,2.877232684070164
4494,2025-04-17,NSE:TIMKEN,2579.0,2588.9,2521.5,2580.2,38520.0,0.5533904910366259,0.7934637442061363
4495,2025-04-21,NSE:TIMKEN,2580.2,2634.0,2545.9,2617.1,58672.0,1.4301216959925624,0.5533904910366259
4496,2025-04-22,NSE:TIMKEN,2633.1,2670.0,2594.5,2653.2,45301.0,1.3793894004814455,1.4301216959925624
4497,2025-04-23,NSE:TIMKEN,2678.0,2687.0,2597.0,2619.7,48265.0,-1.2626262626262628,1.3793894004814455
4498,2025-04-24,NSE:TIMKEN,2630.0,2640.0,2582.0,2588.0,40987.0,-1.2100622208649776,-1.2626262626262628
4499,2025-04-25,NSE:TIMKEN,2580.0,2590.0,2502.3,2529.9,85489.0,-2.244976816074185,-1.2100622208649776
4500,2025-04-28,NSE:TIMKEN,2529.9,2546.7,2492.0,2534.0,34702.0,0.16206174157080946,-2.244976816074185
4501,2025-04-29,NSE:TIMKEN,2535.0,2555.4,2504.0,2537.4,57221.0,0.13417521704814883,0.16206174157080946
4502,2025-04-30,NSE:TIMKEN,2516.0,2527.3,2447.0,2452.5,71048.0,-3.345944667770162,0.13417521704814883
4503,2025-05-02,NSE:TIMKEN,2467.8,2788.0,2431.0,2728.4,2807750.0,11.249745158002042,-3.345944667770162
4504,2025-05-05,NSE:TIMKEN,2640.1,2712.5,2543.5,2645.3,1101189.0,-3.0457410936812748,11.249745158002042
4505,2025-05-06,NSE:TIMKEN,2664.0,2684.0,2596.2,2636.6,232971.0,-0.3288851926057639,-3.0457410936812748
4506,2025-05-07,NSE:TIMKEN,2567.0,2764.0,2565.2,2703.8,321576.0,2.54873700978534,-0.3288851926057639
4507,2025-05-08,NSE:TIMKEN,2709.9,2865.0,2675.9,2780.9,473580.0,2.851542273836819,2.54873700978534
4508,2025-05-09,NSE:TIMKEN,2702.7,2805.1,2680.0,2791.3,252271.0,0.3739796468769136,2.851542273836819
4509,2025-05-12,NSE:TIMKEN,2904.0,2904.0,2816.1,2849.4,116228.0,2.08146741661591,0.3739796468769136
4510,2025-05-13,NSE:TIMKEN,2848.0,2888.0,2804.1,2852.9,83323.0,0.12283287709693269,2.08146741661591
4511,2025-05-14,NSE:TIMKEN,2870.0,2945.0,2857.3,2908.7,128533.0,1.9559045182095316,0.12283287709693269
4512,2025-05-15,NSE:TIMKEN,2910.0,2970.0,2891.0,2961.7,91567.0,1.8221198473544884,1.9559045182095316
4513,2025-05-16,NSE:TIMKEN,2985.0,3174.7,2975.0,3096.0,245404.0,4.534557855285822,1.8221198473544884
4514,2025-05-19,NSE:TIMKEN,3120.0,3225.0,3065.0,3088.9,202490.0,-0.22932816537467407,4.534557855285822
4515,2025-05-20,NSE:TIMKEN,3118.7,3123.8,2950.0,2981.1,149611.0,-3.4899155039010705,-0.22932816537467407
4516,2025-05-21,NSE:TIMKEN,2983.3,3022.3,2962.4,3006.9,75218.0,0.8654523498037698,-3.4899155039010705
4517,2025-05-22,NSE:TIMKEN,3010.8,3012.0,2937.0,2961.7,54362.0,-1.5032092853104617,0.8654523498037698
4518,2025-05-23,NSE:TIMKEN,2975.0,2999.5,2931.7,2948.4,58801.0,-0.44906641455919666,-1.5032092853104617
4519,2025-05-26,NSE:TIMKEN,3105.0,3170.0,2962.1,3113.8,721700.0,5.609822276488946,-0.44906641455919666
4520,2025-05-27,NSE:TIMKEN,3124.8,3189.9,3081.2,3125.9,305353.0,0.38859271629519904,5.609822276488946
4521,2025-05-28,NSE:TIMKEN,3150.0,3194.4,3079.5,3152.7,306372.0,0.8573530823122852,0.38859271629519904
4522,2025-05-29,NSE:TIMKEN,3140.5,3188.7,3121.7,3134.5,137327.0,-0.5772829638087931,0.8573530823122852
4523,2025-05-30,NSE:TIMKEN,3135.0,3151.1,3073.5,3124.6,111390.0,-0.3158398468655317,-0.5772829638087931
4524,2025-06-02,NSE:TIMKEN,3120.0,3269.9,3101.7,3174.1,214165.0,1.5842027779555783,-0.3158398468655317
4525,2025-06-03,NSE:TIMKEN,3199.5,3305.0,3180.1,3245.8,302060.0,2.2589080369238608,1.5842027779555783
4526,2025-06-04,NSE:TIMKEN,3271.0,3311.6,3221.0,3274.0,182061.0,0.8688150841086886,2.2589080369238608
4527,2025-06-05,NSE:TIMKEN,3300.0,3312.1,3275.0,3298.1,121896.0,0.7361026267562586,0.8688150841086886
4528,2025-06-06,NSE:TIMKEN,3320.0,3333.0,3300.0,3309.6,57588.0,0.3486856068645584,0.7361026267562586
4529,2025-06-09,NSE:TIMKEN,3320.0,3371.6,3283.2,3353.5,122788.0,1.326444283297078,0.3486856068645584
4530,2025-06-10,NSE:TIMKEN,3360.0,3405.0,3352.0,3398.8,177259.0,1.3508274936633422,1.326444283297078
4531,2025-06-11,NSE:TIMKEN,3431.4,3467.3,3401.0,3411.4,140552.0,0.37071907732140486,1.3508274936633422
4532,2025-06-12,NSE:TIMKEN,3420.0,3439.8,3252.0,3265.3,112179.0,-4.282699185085299,0.37071907732140486
4533,2025-06-13,NSE:TIMKEN,3160.1,3369.6,3160.1,3314.0,146211.0,1.4914402964505502,-4.282699185085299
4534,2025-06-16,NSE:TIMKEN,3324.8,3352.7,3238.8,3250.6,59870.0,-1.9130959565479813,1.4914402964505502
4535,2025-06-17,NSE:TIMKEN,3274.1,3280.0,3182.0,3189.1,47092.0,-1.8919584076785825,-1.9130959565479813
4536,2025-06-18,NSE:TIMKEN,3188.0,3253.5,3170.7,3236.8,32790.0,1.4957197955536132,-1.8919584076785825
4537,2025-06-19,NSE:TIMKEN,3248.0,3248.0,3178.0,3199.2,30472.0,-1.161641127039062,1.4957197955536132
4538,2025-06-20,NSE:TIMKEN,3205.0,3301.3,3182.0,3279.2,179445.0,2.5006251562890722,-1.161641127039062
4539,2025-06-23,NSE:TIMKEN,3280.0,3287.9,3225.0,3248.2,30648.0,-0.9453525250060992,2.5006251562890722
4540,2025-06-24,NSE:TIMKEN,3289.5,3509.1,3289.5,3387.5,440512.0,4.288529031463586,-0.9453525250060992
4541,2025-06-25,NSE:TIMKEN,3379.2,3410.0,3340.4,3388.6,54203.0,0.032472324723244544,4.288529031463586
4542,2025-06-26,NSE:TIMKEN,3400.0,3405.6,3307.0,3333.9,80763.0,-1.614235967656254,0.032472324723244544
4543,2025-06-27,NSE:TIMKEN,3338.9,3487.7,3323.9,3353.2,368480.0,0.5789015867302476,-1.614235967656254
4544,2025-06-30,NSE:TIMKEN,3395.0,3524.7,3361.5,3498.3,159003.0,4.327209829416688,0.5789015867302476
4545,2025-07-01,NSE:TIMKEN,3520.5,3531.8,3420.1,3447.8,136872.0,-1.4435582997455907,4.327209829416688
4546,2025-07-02,NSE:TIMKEN,3455.8,3459.3,3375.0,3392.7,64519.0,-1.5981205406346182,-1.4435582997455907
4547,2025-07-03,NSE:TIMKEN,3390.0,3416.0,3312.0,3331.4,75304.0,-1.8068205264243737,-1.5981205406346182
4548,2025-07-04,NSE:TIMKEN,3329.0,3352.8,3290.0,3309.2,75344.0,-0.6663865041724282,-1.8068205264243737
4549,2025-07-07,NSE:TIMKEN,3308.2,3367.0,3278.0,3353.3,95637.0,1.3326483742294322,-0.6663865041724282
4550,2025-07-08,NSE:TIMKEN,3367.0,3396.0,3295.0,3308.8,47238.0,-1.3270509647213193,1.3326483742294322
4551,2025-07-09,NSE:TIMKEN,3308.8,3390.0,3299.4,3361.3,64288.0,1.5866779497098644,-1.3270509647213193
4552,2025-07-10,NSE:TIMKEN,3375.0,3380.0,3315.7,3354.8,72826.0,-0.19337756225269984,1.5866779497098644
4553,2025-07-11,NSE:TIMKEN,3354.1,3393.8,3325.0,3356.9,58476.0,0.06259687611779866,-0.19337756225269984
4554,2025-07-14,NSE:TIMKEN,3380.2,3420.0,3351.1,3372.8,217060.0,0.4736512854121389,0.06259687611779866
4555,2025-07-15,NSE:TIMKEN,3371.0,3419.8,3360.0,3377.0,157364.0,0.12452561669828682,0.4736512854121389
4556,2025-07-16,NSE:TIMKEN,3361.0,3437.6,3360.0,3407.1,117286.0,0.8913236600532991,0.12452561669828682
4557,2025-07-17,NSE:TIMKEN,3413.9,3448.0,3382.0,3437.8,55540.0,0.9010595521117746,0.8913236600532991
4558,2025-07-18,NSE:TIMKEN,3449.9,3467.1,3417.6,3445.0,61761.0,0.20943626738029608,0.9010595521117746
4559,2025-07-21,NSE:TIMKEN,3403.7,3510.0,3396.0,3492.8,94360.0,1.3875181422351286,0.20943626738029608
4560,2025-07-22,NSE:TIMKEN,3522.5,3522.5,3461.9,3500.6,134674.0,0.22331653687585107,1.3875181422351286
4561,2025-07-23,NSE:TIMKEN,3509.9,3575.0,3504.5,3533.7,280361.0,0.9455521910529597,0.22331653687585107
4562,2025-07-24,NSE:TIMKEN,3560.7,3560.7,3466.1,3514.2,218368.0,-0.5518295271245437,0.9455521910529597
4563,2025-07-25,NSE:TIMKEN,3498.0,3498.0,3363.9,3389.1,93856.0,-3.5598429229981194,-0.5518295271245437
4564,2025-07-28,NSE:TIMKEN,3370.0,3467.1,3370.0,3447.8,141220.0,1.7320232510106008,-3.5598429229981194
4565,2025-07-29,NSE:TIMKEN,3449.0,3449.0,3335.5,3359.5,53490.0,-2.5610534253727066,1.7320232510106008
4566,2025-07-30,NSE:TIMKEN,3386.4,3417.4,3359.1,3391.0,35146.0,0.9376395296919184,-2.5610534253727066
4567,2025-07-31,NSE:TIMKEN,3360.5,3383.3,3302.0,3318.9,118910.0,-2.126216455322911,0.9376395296919184
4568,2025-08-01,NSE:TIMKEN,3297.0,3297.0,3141.1,3155.1,77186.0,-4.935370152761463,-2.126216455322911
4569,2025-08-04,NSE:TIMKEN,3083.5,3123.9,3000.0,3091.5,163118.0,-2.015783968812396,-4.935370152761463
4570,2025-08-05,NSE:TIMKEN,3100.0,3100.0,2990.0,2998.4,112107.0,-3.0114830988193404,-2.015783968812396
4571,2025-08-06,NSE:TIMKEN,2980.0,3008.4,2890.7,2919.9,179050.0,-2.6180629669156885,-3.0114830988193404
4572,2025-08-07,NSE:TIMKEN,2860.1,2915.6,2847.9,2898.0,126812.0,-0.750025685811161,-2.6180629669156885
4573,2025-08-08,NSE:TIMKEN,2910.0,2947.9,2854.1,2869.1,46986.0,-0.9972394755003482,-0.750025685811161
4574,2025-08-11,NSE:TIMKEN,2869.1,2871.9,2836.0,2851.4,39871.0,-0.6169181973441086,-0.9972394755003482
4575,2025-08-12,NSE:TIMKEN,2851.5,2911.9,2835.0,2891.3,59257.0,1.3993126183629125,-0.6169181973441086
4576,2025-08-13,NSE:TIMKEN,2919.5,2919.5,2844.6,2851.9,54928.0,-1.362708816103486,1.3993126183629125
4577,2025-08-14,NSE:TIMKEN,2838.6,2900.9,2832.0,2835.7,64633.0,-0.5680423577264375,-1.362708816103486
4578,2025-08-18,NSE:TIMKEN,2850.0,2873.0,2831.2,2850.7,41787.0,0.5289699192439258,-0.5680423577264375
4579,2025-08-19,NSE:TIMKEN,2854.0,2964.8,2836.1,2939.4,100337.0,3.111516469639046,0.5289699192439258
4580,2025-08-20,NSE:TIMKEN,2945.0,2971.0,2930.6,2957.6,155198.0,0.6191739810845689,3.111516469639046
4581,2025-08-21,NSE:TIMKEN,2960.0,3024.0,2942.6,2979.5,132784.0,0.7404652420881828,0.6191739810845689
4582,2025-08-22,NSE:TIMKEN,2980.0,3036.9,2980.0,3001.7,74144.0,0.7450914582983661,0.7404652420881828
4583,2025-08-25,NSE:TIMKEN,3032.6,3110.0,3000.0,3027.4,150230.0,0.8561814971516233,0.7450914582983661
4584,2025-08-26,NSE:TIMKEN,3010.0,3015.0,2911.0,2941.2,49028.0,-2.847327739974905,0.8561814971516233
4585,2025-08-28,NSE:TIMKEN,2940.0,2950.1,2856.5,2883.0,23490.0,-1.978784169726636,-2.847327739974905
4586,2025-08-29,NSE:TIMKEN,2882.6,2918.1,2843.1,2888.2,46016.0,0.1803676725632958,-1.978784169726636
4587,2025-09-01,NSE:TIMKEN,2923.0,2945.0,2868.6,2931.9,36907.0,1.5130531126653375,0.1803676725632958
4588,2025-09-02,NSE:TIMKEN,2932.6,2954.7,2880.0,2931.3,272265.0,-0.02046454517548037,1.5130531126653375
4589,2025-09-03,NSE:TIMKEN,2930.6,2953.7,2907.0,2934.7,129964.0,0.11598949271652972,-0.02046454517548037
4590,2025-09-04,NSE:TIMKEN,2942.6,2942.6,2870.0,2876.0,147616.0,-2.000204450199333,0.11598949271652972
4591,2025-09-05,NSE:TIMKEN,2876.0,2905.0,2843.0,2877.5,95982.0,0.0521557719054242,-2.000204450199333
4592,2025-09-08,NSE:TIMKEN,2878.0,2945.0,2853.1,2921.0,66467.0,1.5117289313640312,0.0521557719054242
4593,2025-09-09,NSE:TIMKEN,2921.0,2944.5,2901.0,2935.4,48009.0,0.49298185552893153,1.5117289313640312
4594,2025-09-10,NSE:TIMKEN,2935.4,3030.0,2935.3,3023.8,318121.0,3.0115146147032803,0.49298185552893153
4595,2025-09-11,NSE:TIMKEN,3025.0,3047.0,3000.2,3034.3,47652.0,0.347245188173821,3.0115146147032803
4596,2025-09-12,NSE:TIMKEN,3041.0,3060.0,3010.0,3025.9,23822.0,-0.27683485482648684,0.347245188173821
4597,2025-09-15,NSE:TIMKEN,3049.4,3049.6,3015.6,3026.5,12756.0,0.019828811262761793,-0.27683485482648684
4598,2025-09-16,NSE:TIMKEN,3045.6,3065.0,3029.7,3049.3,15992.0,0.7533454485379211,0.019828811262761793
4599,2025-09-17,NSE:TIMKEN,3049.3,3060.0,3023.5,3053.5,59324.0,0.13773652969533395,0.7533454485379211
4600,2025-09-18,NSE:TIMKEN,3060.0,3066.8,3017.0,3050.7,56506.0,-0.09169805141641335,0.13773652969533395
4601,2025-09-19,NSE:TIMKEN,3060.0,3060.0,3025.0,3042.3,40360.0,-0.2753466417543396,-0.09169805141641335
4602,2025-09-22,NSE:TIMKEN,3057.3,3076.0,3023.0,3049.6,71087.0,0.23995003780033944,-0.2753466417543396
4603,2025-09-23,NSE:TIMKEN,3054.0,3066.5,3016.6,3046.1,58511.0,-0.1147691500524659,0.23995003780033944
4604,2025-09-24,NSE:TIMKEN,3032.9,3039.0,2991.2,3020.0,28283.0,-0.8568333278618532,-0.1147691500524659
4605,2025-09-25,NSE:TIMKEN,3008.6,3049.9,2969.4,3033.4,55539.0,0.44370860927152617,-0.8568333278618532
4606,2025-09-26,NSE:TIMKEN,3012.6,3032.2,2952.1,2998.2,70873.0,-1.1604140568339247,0.44370860927152617
4607,2025-09-29,NSE:TIMKEN,2984.6,3007.3,2937.2,2994.2,80486.0,-0.1334133813621506,-1.1604140568339247
4608,2025-09-30,NSE:TIMKEN,2985.0,3015.0,2976.3,3009.9,27031.0,0.5243470710039502,-0.1334133813621506
4609,2025-10-01,NSE:TIMKEN,3001.9,3087.1,2981.9,3068.8,38706.0,1.9568756437090964,0.5243470710039502
4610,2025-10-03,NSE:TIMKEN,3068.8,3091.6,3020.6,3076.0,26727.0,0.2346193952033309,1.9568756437090964
4611,2025-10-06,NSE:TIMKEN,3052.6,3072.2,3010.0,3022.8,19662.0,-1.729518855656691,0.2346193952033309
4612,2025-10-07,NSE:TIMKEN,3042.6,3042.6,3010.0,3034.4,40832.0,0.383750165409551,-1.729518855656691
4613,2025-10-08,NSE:TIMKEN,3028.6,3031.8,2945.1,2957.8,28179.0,-2.5243870287371446,0.383750165409551
4614,2025-10-09,NSE:TIMKEN,2948.6,2990.0,2938.6,2980.0,12932.0,0.7505578470484757,-2.5243870287371446
4615,2025-10-10,NSE:TIMKEN,2989.0,2998.3,2955.3,2985.3,17353.0,0.1778523489932947,0.7505578470484757
4616,2025-10-13,NSE:TIMKEN,2955.0,2987.9,2909.0,2930.2,123242.0,-1.8457106488460242,0.1778523489932947
4617,2025-10-14,NSE:TIMKEN,2930.2,2956.0,2885.5,2909.4,63841.0,-0.7098491570541168,-1.8457106488460242
4618,2025-10-15,NSE:TIMKEN,2932.0,2975.0,2890.0,2929.3,375442.0,0.683989826080982,-0.7098491570541168
4619,2025-10-16,NSE:TIMKEN,2942.6,2953.8,2911.7,2947.2,92241.0,0.6110674905267346,0.683989826080982
4620,2025-10-17,NSE:TIMKEN,2954.6,2972.0,2918.6,2957.7,22602.0,0.356270358306189,0.6110674905267346
4621,2025-10-20,NSE:TIMKEN,2957.7,2957.7,2907.1,2927.7,33799.0,-1.0143016533116949,0.356270358306189
4622,2025-10-21,NSE:TIMKEN,2936.6,2975.0,2935.1,2961.9,2883.0,1.1681524746388043,-1.0143016533116949
4623,2025-10-23,NSE:TIMKEN,2962.6,2990.0,2931.1,2982.1,33235.0,0.6819946655862729,1.1681524746388043
4624,2025-10-24,NSE:TIMKEN,2982.1,2997.5,2968.7,2989.2,16039.0,0.2380872539485567,0.6819946655862729
4625,2025-10-27,NSE:TIMKEN,2975.1,3028.7,2972.6,3022.0,26889.0,1.0972835541282009,0.2380872539485567
4626,2025-10-28,NSE:TIMKEN,3022.0,3048.8,3020.0,3038.4,19135.0,0.5426869622766409,1.0972835541282009
4627,2025-10-29,NSE:TIMKEN,3050.0,3050.0,2986.9,3012.7,73727.0,-0.8458399157451381,0.5426869622766409
4628,2025-10-30,NSE:TIMKEN,3014.6,3063.7,3005.0,3055.8,38624.0,1.43061041590601,-0.8458399157451381
4629,2025-10-31,NSE:TIMKEN,3040.0,3178.4,3036.8,3144.0,123823.0,2.8863145493814977,1.43061041590601
4630,2025-11-03,NSE:TIMKEN,3144.1,3168.8,3040.4,3061.9,50642.0,-2.611323155216282,2.8863145493814977
4631,2025-11-04,NSE:TIMKEN,3000.0,3088.8,2963.1,3051.7,267730.0,-0.3331264900878629,-2.611323155216282
4632,2025-11-06,NSE:TIMKEN,3019.0,3084.7,2986.1,3054.4,182466.0,0.08847527607563893,-0.3331264900878629
4633,2025-11-07,NSE:TIMKEN,3039.4,3051.0,2975.1,3015.4,57152.0,-1.2768465165007858,0.08847527607563893
4634,2025-11-10,NSE:TIMKEN,3010.0,3054.0,2999.4,3024.4,53339.0,0.29846786495987265,-1.2768465165007858
4635,2025-11-11,NSE:TIMKEN,3050.0,3060.0,3007.4,3049.3,25743.0,0.8233037957942101,0.29846786495987265
4636,2025-11-12,NSE:TIMKEN,3050.0,3120.3,3016.5,3077.6,71462.0,0.9280818548519242,0.8233037957942101
4637,2025-11-13,NSE:TIMKEN,3060.0,3085.0,3046.2,3069.8,19048.0,-0.25344424226669243,0.9280818548519242
4638,2025-11-14,NSE:TIMKEN,3054.5,3070.0,3012.6,3065.0,21270.0,-0.15636197797902734,-0.25344424226669243
4639,2025-11-17,NSE:TIMKEN,3065.0,3139.5,3040.0,3122.6,48084.0,1.8792822185970608,-0.15636197797902734
4640,2025-11-18,NSE:TIMKEN,3125.0,3133.8,3060.0,3098.3,89255.0,-0.7781976557996454,1.8792822185970608
4641,2025-11-19,NSE:TIMKEN,3098.3,3099.0,3043.6,3084.0,40866.0,-0.46154342704064105,-0.7781976557996454
4642,2025-11-20,NSE:TIMKEN,3081.6,3099.0,3052.0,3087.2,19295.0,0.10376134889752978,-0.46154342704064105
4643,2025-11-21,NSE:TIMKEN,3056.3,3085.8,3033.1,3070.4,24026.0,-0.544182430681515,0.10376134889752978
4644,2025-11-24,NSE:TIMKEN,3060.2,3155.0,3044.5,3134.4,69674.0,2.084418968212611,-0.544182430681515
4645,2025-11-25,NSE:TIMKEN,3100.0,3130.0,3064.1,3116.1,34205.0,-0.5838437978560548,2.084418968212611
4646,2025-11-26,NSE:TIMKEN,3116.0,3145.0,3077.1,3137.5,27627.0,0.6867558807483743,-0.5838437978560548
4647,2025-11-27,NSE:TIMKEN,3149.8,3159.7,3115.3,3151.6,20219.0,0.4494023904382441,0.6867558807483743
4648,2025-11-28,NSE:TIMKEN,3179.0,3179.0,2800.5,3154.4,61489.0,0.08884376189872388,0.4494023904382441
4649,2025-12-01,NSE:TIMKEN,3158.1,3170.1,3079.7,3150.8,40336.0,-0.11412629977174452,0.08884376189872388
4650,2025-12-02,NSE:TIMKEN,3120.9,3175.0,3111.6,3166.3,42969.0,0.491938555287546,-0.11412629977174452
4651,2025-12-03,NSE:TIMKEN,3163.0,3163.1,3053.1,3075.9,26807.0,-2.8550674288601865,0.491938555287546
4652,2025-12-04,NSE:TIMKEN,3075.9,3149.0,3054.0,3134.1,39860.0,1.8921291329366954,-2.8550674288601865
4653,2025-12-05,NSE:TIMKEN,3148.0,3148.0,3074.0,3093.7,20358.0,-1.289046297182607,1.8921291329366954
4654,2025-12-08,NSE:TIMKEN,3081.8,3109.4,2990.4,3015.3,19822.0,-2.5341823706241597,-1.289046297182607
4655,2025-12-09,NSE:TIMKEN,2985.0,3077.3,2940.1,3031.5,58914.0,0.5372599741319212,-2.5341823706241597
4656,2025-12-10,NSE:TIMKEN,3012.5,3069.9,3003.9,3030.2,16844.0,-0.042883061190835625,0.5372599741319212
4657,2025-12-11,NSE:TIMKEN,3025.8,3055.7,2973.7,3040.7,15205.0,0.34651178140056765,-0.042883061190835625
4658,2025-12-12,NSE:TIMKEN,3021.0,3076.8,3003.9,3054.2,23362.0,0.443976715887789,0.34651178140056765
4659,2025-12-15,NSE:TIMKEN,3090.0,3110.0,3036.8,3095.6,20650.0,1.3555104446336224,0.443976715887789
4660,2025-12-16,NSE:TIMKEN,3096.8,3100.1,3059.0,3084.8,17402.0,-0.34888228453287656,1.3555104446336224
4661,2025-12-17,NSE:TIMKEN,3070.0,3132.0,3039.8,3079.1,27987.0,-0.18477697095436568,-0.34888228453287656
4662,2025-12-18,NSE:TIMKEN,3080.0,3080.1,3000.0,3016.3,22754.0,-2.0395570134130017,-0.18477697095436568
4663,2025-12-19,NSE:TIMKEN,3020.1,3037.0,3001.1,3032.7,23071.0,0.5437124954414227,-2.0395570134130017
4664,2025-12-22,NSE:TIMKEN,3025.0,3097.0,3025.0,3081.0,20563.0,1.5926402215847326,0.5437124954414227
4665,2025-12-23,NSE:TIMKEN,3099.0,3109.5,3032.0,3040.2,19056.0,-1.3242453748782923,1.5926402215847326
4666,2025-12-24,NSE:TIMKEN,3040.2,3076.0,3030.0,3067.2,16856.0,0.8880994671403198,-1.3242453748782923
4667,2025-12-26,NSE:TIMKEN,3094.0,3094.0,2981.3,2988.0,14547.0,-2.5821596244131397,0.8880994671403198
4668,2025-12-29,NSE:TIMKEN,2979.0,3007.9,2936.0,2981.0,45500.0,-0.23427041499330656,-2.5821596244131397
4669,2025-12-30,NSE:TIMKEN,2956.0,3010.6,2940.1,2957.2,41626.0,-0.7983898020798451,-0.23427041499330656
4670,2025-12-31,NSE:TIMKEN,2980.0,3036.0,2953.3,3003.1,19087.0,1.5521439199242557,-0.7983898020798451
4671,2026-01-01,NSE:TIMKEN,2985.0,3056.0,2985.0,3041.2,11204.0,1.2686890213446076,1.5521439199242557
4672,2026-01-02,NSE:TIMKEN,3041.2,3060.0,3021.8,3052.6,34058.0,0.37485203209259804,1.2686890213446076
4673,2026-01-05,NSE:TIMKEN,3052.6,3105.0,3032.6,3086.7,71808.0,1.1170805215226336,0.37485203209259804
4674,2026-01-06,NSE:TIMKEN,3094.6,3094.6,3042.0,3071.4,79558.0,-0.495674992710653,1.1170805215226336
4675,2026-01-07,NSE:TIMKEN,3050.0,3081.6,3015.1,3031.7,20028.0,-1.2925701634433897,-0.495674992710653
4676,2026-01-08,NSE:TIMKEN,3025.0,3061.3,2961.0,2981.0,24750.0,-1.6723290563050375,-1.2925701634433897
4677,2026-01-09,NSE:TIMKEN,2955.3,2979.3,2915.2,2945.6,23599.0,-1.1875209661187551,-1.6723290563050375
4678,2026-01-12,NSE:TIMKEN,2945.0,2979.4,2892.2,2968.0,28108.0,0.7604562737642617,-1.1875209661187551
4679,2026-01-13,NSE:TIMKEN,2950.0,3058.0,2950.0,3040.0,15841.0,2.4258760107816713,0.7604562737642617
4680,2026-01-14,NSE:TIMKEN,3001.0,3068.0,3001.0,3051.2,35871.0,0.36842105263157293,2.4258760107816713
4681,2026-01-16,NSE:TIMKEN,3025.1,3047.9,2970.0,2990.5,19429.0,-1.9893812270582008,0.36842105263157293
4682,2026-01-19,NSE:TIMKEN,2990.5,3008.0,2950.0,2990.6,8774.0,0.0033439224209967917,-1.9893812270582008
4683,2026-01-20,NSE:TIMKEN,2986.6,3009.6,2940.0,2987.2,28947.0,-0.11368956062328935,0.0033439224209967917
4684,2026-01-21,NSE:TIMKEN,2945.4,3070.0,2932.0,3056.8,31525.0,2.329941081949664,-0.11368956062328935
4685,2026-01-22,NSE:TIMKEN,3068.0,3129.0,3002.0,3034.3,31466.0,-0.7360638576288929,2.329941081949664
4686,2026-01-23,NSE:TIMKEN,3010.5,3075.0,2991.1,3030.4,20318.0,-0.12853046831229908,-0.7360638576288929
4687,2026-01-27,NSE:TIMKEN,3070.0,3075.0,2960.0,2978.2,41718.0,-1.722544878563895,-0.12853046831229908
4688,2026-01-28,NSE:TIMKEN,2970.0,3010.0,2911.0,2984.9,33447.0,0.22496810153785082,-1.722544878563895
4689,2026-01-29,NSE:TIMKEN,2989.9,3001.2,2939.0,2946.7,13979.0,-1.2797748668297186,0.22496810153785082
4690,2026-01-30,NSE:TIMKEN,2921.1,2984.7,2890.8,2941.6,87893.0,-0.17307496521532253,-1.2797748668297186
4691,2026-02-01,NSE:TIMKEN,2925.0,3046.5,2925.0,3030.4,23865.0,3.0187652977971235,-0.17307496521532253
4692,2026-02-02,NSE:TIMKEN,3003.1,3039.0,2989.4,3028.8,30651.0,-0.05279831045406246,3.0187652977971235
4693,2026-02-03,NSE:TIMKEN,3100.0,3356.0,3100.0,3267.8,115498.0,7.8909138932910725,-0.05279831045406246
