,datetime,symbol,open,high,low,close,volume,change (%),last day change (%)
0,2003-01-01,NSE:CANBK,9.7265501,9.78490921,9.55147181,9.63901095,9902503.86928044,,
1,2003-01-02,NSE:CANBK,9.67791735,9.76545649,9.48338635,9.5320191,8362075.88135489,-1.1099878457965648,
2,2003-01-03,NSE:CANBK,9.6292846,9.7265501,9.54174545,9.6292846,12472500.39867681,1.0204081525602553,-1.1099878457965648
3,2003-01-06,NSE:CANBK,9.65846464,9.66819099,8.98733249,9.02623888,10478597.13383885,-6.262622251293734,1.0204081525602553
4,2003-01-07,NSE:CANBK,9.03596524,9.26940263,8.7733478,9.17213713,15550441.67201689,1.6163792243885322,-6.262622251293734
5,2003-01-08,NSE:CANBK,9.18186349,9.35694081,9.17213713,9.23049624,7512211.3440818,0.6362651274491071,1.6163792243885322
6,2003-01-09,NSE:CANBK,9.2402226,10.10588575,9.22076988,9.97944021,37626311.10078794,8.113799632510322,0.6362651274491071
7,2003-01-10,NSE:CANBK,10.10588575,10.61166596,9.8238156,10.19342489,44627092.39527794,2.1442553439578087,8.113799632510322
8,2003-01-13,NSE:CANBK,10.29069039,10.5824869,10.1545185,10.43658865,17900139.12538218,2.385496166637275,2.1442553439578087
9,2003-01-14,NSE:CANBK,10.53385415,10.6797524,10.31014311,10.5435805,18615135.69955292,1.0251611286797242,2.385496166637275
10,2003-01-15,NSE:CANBK,10.640846,10.84510336,10.52412682,10.74783786,20697374.49869302,1.9372675155275905,1.0251611286797242
11,2003-01-16,NSE:CANBK,10.71865782,10.9715489,10.71865782,10.84510336,18711726.98735187,0.9049773663035041,1.9372675155275905
12,2003-01-17,NSE:CANBK,10.89373611,10.9715489,10.67002507,10.81592332,12691318.99089277,-0.2690618893280881,0.9049773663035041
13,2003-01-20,NSE:CANBK,10.84510336,11.53568822,10.84510336,11.42869637,41257156.53281834,5.665471470816615,-0.2690618893280881
14,2003-01-21,NSE:CANBK,11.76912562,13.36427925,11.51623551,13.1989281,91934847.48513246,15.489358302026524,5.665471470816615
15,2003-01-22,NSE:CANBK,13.42263914,14.13267768,12.829319,13.15029535,91442319.30702747,-0.3684598448566399,15.489358302026524
16,2003-01-23,NSE:CANBK,13.13084264,14.01595928,12.85849884,13.56853739,80647659.44093579,3.180476398957831,-0.3684598448566399
17,2003-01-24,NSE:CANBK,13.56853739,13.75334126,12.52779692,12.70287501,40825765.13948147,-6.3799240486892295,3.180476398957831
18,2003-01-27,NSE:CANBK,12.93631163,12.93631163,11.72049287,11.95393027,31445388.84347082,-5.895867978000351,-6.3799240486892295
19,2003-01-28,NSE:CANBK,12.06092212,12.70287501,11.89557116,12.56670234,34208053.89158485,5.126113806584887,-5.895867978000351
20,2003-01-29,NSE:CANBK,12.74178063,13.17947539,12.56670234,12.72232792,37021574.586862,1.2383963253799708,5.126113806584887
21,2003-01-30,NSE:CANBK,12.829319,12.93631163,12.38189867,12.45971126,18006476.93163067,-2.0642186056779384,1.2383963253799708
22,2003-01-31,NSE:CANBK,12.44998413,12.48888974,11.96365662,12.10955487,24095737.70663043,-2.8103090247694906,-2.0642186056779384
23,2003-02-03,NSE:CANBK,12.25545313,12.70287501,12.18736766,12.634788,20490178.7325395,4.337344647582411,-2.8103090247694906
24,2003-02-04,NSE:CANBK,12.80014052,13.74361568,12.80014052,13.17947539,81165253.03252178,4.311013291240027,4.337344647582411
25,2003-02-05,NSE:CANBK,13.22810814,13.46154475,12.91685892,13.06275717,34453906.73513315,-0.8856059634100579,4.311013291240027
26,2003-02-06,NSE:CANBK,13.03357713,13.46154475,12.70287501,13.37400639,49319367.61421709,2.3827222381107815,-0.8856059634100579
27,2003-02-07,NSE:CANBK,13.4907246,13.4907246,12.93631163,13.00439709,27902560.23047678,-2.763639325582829,2.3827222381107815
28,2003-02-10,NSE:CANBK,13.03357713,13.03357713,12.32353859,12.41107773,21335463.02300957,-4.562451883726651,-2.763639325582829
29,2003-02-11,NSE:CANBK,12.44998413,12.61533509,12.04146941,12.09982852,26627704.30802593,-2.507833862386097,-4.562451883726651
30,2003-02-12,NSE:CANBK,12.06092212,12.41107773,11.74967291,12.11928123,28056895.5276342,0.16076847674201158,-2.507833862386097
31,2003-02-14,NSE:CANBK,12.20682038,12.20682038,11.38006362,11.44814908,31379358.23720273,-5.537722388508349,0.16076847674201158
32,2003-02-17,NSE:CANBK,11.80803202,12.58615525,11.67186012,12.44025777,35498413.76954404,8.66610561294333,-5.537722388508349
33,2003-02-18,NSE:CANBK,12.83904613,12.95576434,12.61533509,12.72232792,38619803.13040283,2.2673979527998087,8.66610561294333
34,2003-02-19,NSE:CANBK,12.80014052,13.218381,12.76123334,13.07248275,41428275.78711593,2.752285841096297,2.2673979527998087
35,2003-02-20,NSE:CANBK,13.11138992,13.59771743,12.86822617,13.14056977,68782841.10210875,0.5208423013600848,2.752285841096297
36,2003-02-21,NSE:CANBK,13.42263914,13.42263914,12.95576434,13.08220988,31432866.41786794,-0.4441199356000238,0.5208423013600848
37,2003-02-24,NSE:CANBK,13.22810814,13.76306839,13.15029535,13.55881026,61026720.049486,3.643118283315593,-0.4441199356000238
38,2003-02-25,NSE:CANBK,13.61717014,13.61717014,12.77096067,12.83904613,29137165.49920408,-5.308460817711891,3.643118283315593
39,2003-02-26,NSE:CANBK,12.91685892,13.01412442,12.27490584,12.33326592,43364748.61729238,-3.9393908618973033,-5.308460817711891
40,2003-02-27,NSE:CANBK,12.33326592,12.88767888,12.11928123,12.71260059,39176182.31360367,3.0757033251416233,-3.9393908618973033
41,2003-02-28,NSE:CANBK,13.03357713,13.08220988,12.03174208,12.14846127,60068821.3182596,-4.437638986658346,3.0757033251416233
42,2003-03-03,NSE:CANBK,12.50834401,13.11138992,12.50834401,12.76123334,39034955.46689262,5.044030321051516,-4.437638986658346
43,2003-03-04,NSE:CANBK,12.81959342,12.81959342,12.36244498,12.48888974,19078542.55539176,-2.1341479521915945,5.044030321051516
44,2003-03-05,NSE:CANBK,12.41107773,12.68342075,12.04146941,12.56670234,25124843.59690904,0.623054583873694,-2.1341479521915945
45,2003-03-06,NSE:CANBK,12.64451513,12.83904613,12.31381223,12.48888974,42763374.03536327,-0.619196650757954,0.623054583873694
46,2003-03-07,NSE:CANBK,12.23600041,12.29435952,11.99283666,12.09982852,17605651.36039345,-3.115258666700332,-0.619196650757954
47,2003-03-10,NSE:CANBK,12.10955487,12.33326592,11.58432097,11.69131283,15774904.60877799,-3.3762105745941717,-3.115258666700332
48,2003-03-11,NSE:CANBK,11.31197816,11.96365662,11.31197816,11.89557116,26565631.93973576,1.7470948983237502,-3.3762105745941717
49,2003-03-12,NSE:CANBK,11.94420391,12.35271863,11.87611748,12.00256302,30878085.95156468,0.8994260011639561,1.7470948983237502
50,2003-03-13,NSE:CANBK,12.04146941,12.35271863,11.97338298,12.18736766,28352411.40638344,1.539709807747374,0.8994260011639561
51,2003-03-17,NSE:CANBK,11.89557116,12.21654673,11.75939927,11.90529752,13189815.36937747,-2.314446793344709,1.539709807747374
52,2003-03-19,NSE:CANBK,12.17764034,12.47916417,12.17764034,12.31381223,22280772.50123865,3.431369180935853,-2.314446793344709
53,2003-03-20,NSE:CANBK,12.33326592,13.1211155,12.17764034,13.01412442,44254838.10544502,5.687208615166613,3.431369180935853
54,2003-03-21,NSE:CANBK,13.3156465,13.3156465,12.97521725,13.13084264,21817427.33222543,0.8968580308071098,5.687208615166613
55,2003-03-24,NSE:CANBK,13.32537364,13.37400639,12.66396784,12.79041338,17460805.55324544,-2.592592641107142,0.8968580308071098
56,2003-03-25,NSE:CANBK,12.54724963,13.23783527,12.36244498,13.13084264,23776652.31992174,2.661597009306346,-2.592592641107142
57,2003-03-26,NSE:CANBK,13.23783527,13.57826452,13.04330427,13.13084264,17735712.89166546,0.0,2.661597009306346
58,2003-03-27,NSE:CANBK,13.11138992,13.3934591,13.05302985,13.18920252,13469189.86208687,0.4444488567871616,0.0
59,2003-03-28,NSE:CANBK,13.218381,14.80380886,13.08220988,14.2493959,112773078.70958276,8.038343322064625,0.4444488567871616
60,2003-03-31,NSE:CANBK,14.20076315,14.51201236,13.71443564,13.88951393,39741963.59714427,-2.5255945762584924,8.038343322064625
61,2003-04-01,NSE:CANBK,14.00623214,14.4439269,13.92841935,14.10349765,24863569.04695324,1.5406134518344508,-2.5255945762584924
62,2003-04-02,NSE:CANBK,14.29802865,15.17341816,14.29802865,14.97888715,36603127.14576982,6.206896485709704,1.5406134518344508
63,2003-04-03,NSE:CANBK,15.36794916,15.36794916,14.87189452,15.09560537,28079570.57662202,0.7792182345134979,6.206896485709704
64,2003-04-04,NSE:CANBK,15.19287087,15.5916602,14.99833987,15.47494179,33337030.77312068,2.5128930619362193,0.7792182345134979
65,2003-04-07,NSE:CANBK,15.64029295,16.11689313,15.19287087,15.95154216,37342536.2811836,3.079820114787003,2.5128930619362193
66,2003-04-08,NSE:CANBK,15.94181503,16.42814254,15.58193287,16.31142413,31591098.26617765,2.256095156131275,3.079820114787003
67,2003-04-09,NSE:CANBK,16.34060417,17.31325918,15.91263655,16.29197142,43936528.9446255,-0.11925819502309444,2.256095156131275
68,2003-04-10,NSE:CANBK,16.00017491,17.7412268,15.90290941,17.37161906,51397910.34438818,6.626869223908821,-0.11925819502309444
69,2003-04-11,NSE:CANBK,17.60505568,18.0330233,16.63240067,17.05064271,28609635.18812287,-1.8477054377682094,6.626869223908821
70,2003-04-15,NSE:CANBK,17.31325918,17.37161906,16.22388596,16.88529156,20062730.15547414,-0.9697649104043825,-1.8477054377682094
71,2003-04-16,NSE:CANBK,17.02146267,17.42997739,16.68103342,17.18681364,21887267.09997618,1.7857084606953721,-0.9697649104043825
72,2003-04-17,NSE:CANBK,17.04091539,17.8384923,16.94364989,17.11872818,20949046.46612574,-0.39614940515523583,1.7857084606953721
73,2003-04-21,NSE:CANBK,17.16736093,17.4494303,16.94364989,17.07009543,14886573.1951558,-0.2840909061037675,-0.39614940515523583
74,2003-04-22,NSE:CANBK,17.15763379,17.25489929,16.74911888,16.86583729,13270527.4401455,-1.196584640300378,-0.2840909061037675
75,2003-04-23,NSE:CANBK,16.97282992,16.97282992,15.95154216,16.00017491,20912646.09843525,-5.132638036969959,-1.196584640300378
76,2003-04-24,NSE:CANBK,16.04880766,16.86583729,15.50412028,16.4475968,33336326.51519474,2.7963562430831024,-5.132638036969959
77,2003-04-25,NSE:CANBK,16.47677529,16.81720454,16.30169855,16.5448623,20163978.79860816,0.5913660286224848,2.7963562430831024
78,2003-04-28,NSE:CANBK,16.49622955,17.23544639,16.40868963,17.11872818,27642961.5059506,3.46854431058035,0.5913660286224848
79,2003-04-29,NSE:CANBK,17.26462643,17.61478281,16.4475968,16.66158071,51922423.14158234,-2.670452297584191,3.46854431058035
80,2003-04-30,NSE:CANBK,16.63240067,17.42997739,16.47677529,17.18681364,24638890.20630244,3.152359545842883,-2.670452297584191
81,2003-05-02,NSE:CANBK,17.41052468,17.95521207,17.21599368,17.8384923,30860993.56029637,3.791736348867504,3.152359545842883
82,2003-05-05,NSE:CANBK,18.06220315,18.77224169,17.95521207,18.49017232,33455423.21321102,3.653223652763528,3.791736348867504
83,2003-05-06,NSE:CANBK,18.57771069,19.24884206,18.57771069,18.70415623,32071391.8905327,1.157284563370687,3.653223652763528
84,2003-05-07,NSE:CANBK,18.80142173,18.99595273,17.8384923,17.94548493,23537826.63392645,-4.056164259273832,1.157284563370687
85,2003-05-08,NSE:CANBK,18.06220315,18.18864869,17.81903939,17.9163049,14957369.10870381,-0.16260374190957644,-4.056164259273832
86,2003-05-09,NSE:CANBK,17.99411769,18.57771069,17.95521207,18.17892155,23934755.65401138,1.4657969456637134,-0.16260374190957644
87,2003-05-12,NSE:CANBK,18.44153957,19.608725,18.31509423,19.08349091,72226143.1625176,4.97592421812283,1.4657969456637134
88,2003-05-13,NSE:CANBK,19.04458548,19.92970115,18.86950719,19.23911649,52147816.5212967,0.8154984888978176,4.97592421812283
89,2003-05-14,NSE:CANBK,19.2585692,20.23122421,19.2585692,19.93942771,43760495.30655273,3.640038358123168,0.8154984888978176
90,2003-05-15,NSE:CANBK,20.17286491,21.37895712,20.17286491,21.16497302,55053291.71131294,6.146341448833895,3.640038358123168
91,2003-05-16,NSE:CANBK,21.22333232,22.00145633,19.93942771,20.48411451,55520631.10228569,-3.216911778515464,6.146341448833895
92,2003-05-19,NSE:CANBK,20.71755171,20.71755171,19.31692908,19.44337307,28908687.77820822,-5.080724575582356,-3.216911778515464
93,2003-05-20,NSE:CANBK,19.3558347,20.61055966,18.84032715,20.45493486,61086761.89309918,5.202604436782541,-5.080724575582356
94,2003-05-21,NSE:CANBK,20.62028621,21.59294122,20.27013041,20.55220036,58252411.6130343,0.47551116963077383,5.202604436782541
95,2003-05-22,NSE:CANBK,20.79536411,21.28169162,19.6476312,19.9005215,52683201.62150812,-3.1708471530296065,0.47551116963077383
96,2003-05-23,NSE:CANBK,19.98806046,20.40630211,19.4920064,19.608725,37763235.29141129,-1.4662756450879955,-3.1708471530296065
97,2003-05-26,NSE:CANBK,19.75462325,20.36739591,19.0640382,20.17286491,62684717.98649348,2.876984148637923,-1.4662756450879955
98,2003-05-27,NSE:CANBK,20.62028621,21.35950402,20.23122421,20.36739591,61346931.22076244,0.9643201442526181,2.876984148637923
99,2003-05-28,NSE:CANBK,20.70782516,23.61606364,20.44520831,23.23672819,154936332.46180472,14.087870107101983,0.9643201442526181
100,2003-05-29,NSE:CANBK,23.20754854,23.8592274,22.42942453,22.71149448,83172465.22998941,-2.260360002945845,14.087870107101983
101,2003-05-30,NSE:CANBK,22.73094758,23.27563439,22.05981563,22.52669003,59396260.13955349,-0.813704488547589,-2.260360002945845
102,2003-06-02,NSE:CANBK,21.20387922,21.20387922,18.1108359,19.09321824,99968919.09290634,-15.241794446620712,-0.813704488547589
103,2003-06-03,NSE:CANBK,18.77224169,20.89262961,18.77224169,20.23122421,81778954.69843926,5.96026272624851,-15.241794446620712
104,2003-06-04,NSE:CANBK,20.56192691,21.32059782,20.37712246,21.20387922,52821683.40447863,4.807692307217035,5.96026272624851
105,2003-06-05,NSE:CANBK,21.78747222,22.14735458,19.95888081,20.30903661,56626223.51577668,-4.220183489613375,4.807692307217035
106,2003-06-06,NSE:CANBK,20.03669321,20.55220036,19.9005215,20.17286491,24789997.22625188,-0.6704980773580793,-4.220183489613375
107,2003-06-09,NSE:CANBK,20.42575521,20.72727826,19.98806046,20.09505251,15747608.18843672,-0.38572805770106483,-0.6704980773580793
108,2003-06-10,NSE:CANBK,19.39474032,19.6670843,17.04091539,18.00384482,36388719.16158639,-10.406579873127177,-0.38572805770106483
109,2003-06-11,NSE:CANBK,18.57771069,19.5503657,18.25673415,19.04458548,47399812.39596966,5.780657800626374,-10.406579873127177
110,2003-06-12,NSE:CANBK,19.4531002,19.6476312,18.52907794,18.77224169,26285177.92757784,-1.4300326477885472,5.780657800626374
111,2003-06-13,NSE:CANBK,18.97649983,19.0640382,18.19837582,18.38317969,22908363.9840605,-2.072538839126797,-1.4300326477885472
112,2003-06-16,NSE:CANBK,18.61661631,18.61661631,17.85794657,17.9357578,17562701.90804857,-2.4338656181628044,-2.072538839126797
113,2003-06-17,NSE:CANBK,18.14001594,18.86950719,17.79958668,18.42208531,42421700.98933638,2.711496862429748,-2.4338656181628044
114,2003-06-18,NSE:CANBK,18.56798356,18.57771069,17.38134464,17.52724289,21657591.62644934,-4.857443687519216,2.711496862429748
115,2003-06-19,NSE:CANBK,17.66341557,18.38317969,17.62450839,18.1302888,38713130.15701218,3.4406204888280563,-4.857443687519216
116,2003-06-20,NSE:CANBK,18.27618705,18.5971634,18.18864869,18.31509423,23857405.51524019,1.0193187325289648,3.4406204888280563
117,2003-06-23,NSE:CANBK,18.48044519,18.86950719,18.23728144,18.35399965,29669754.12998695,0.21242271271677193,1.0193187325289648
118,2003-06-24,NSE:CANBK,18.26646148,18.54853065,18.15946865,18.33454694,14983837.89746788,-0.10598621755993924,0.21242271271677193
119,2003-06-25,NSE:CANBK,18.51935081,19.32665466,18.38317969,19.08349091,51034497.83289554,4.08487852168328,-0.10598621755993924
120,2003-06-26,NSE:CANBK,19.21966358,19.6865374,18.71388181,18.85978006,35890608.32576188,-1.1722742503195387,4.08487852168328
121,2003-06-27,NSE:CANBK,19.00567831,19.32665466,18.57771069,18.71388181,20697672.65168356,-0.7735946524076186,-1.1722742503195387
122,2003-06-30,NSE:CANBK,18.90841281,19.03485816,18.48044519,18.5971634,15002313.10174406,-0.6236996214095504,-0.7735946524076186
123,2003-07-01,NSE:CANBK,18.86950719,19.05431106,18.52907794,18.88895991,20506340.68085456,1.5690377275493588,-0.6236996214095504
124,2003-07-02,NSE:CANBK,19.11267095,19.3558347,18.82087444,18.97649983,16513614.62683465,0.46344489276858813,1.5690377275493588
125,2003-07-03,NSE:CANBK,19.10294381,20.58138001,18.88895991,20.38684901,64703311.40328985,7.432082800487644,0.46344489276858813
126,2003-07-04,NSE:CANBK,20.62028621,21.15524647,20.26040386,20.49384106,37555540.89008394,0.5248091548994227,7.432082800487644
127,2003-07-07,NSE:CANBK,19.99778701,20.27985696,19.85188875,19.97833391,18343574.87142332,-2.5154247487854833,0.5248091548994227
128,2003-07-08,NSE:CANBK,20.28958351,20.36739591,19.4920064,19.608725,24009633.17918858,-1.8500487160993708,-2.5154247487854833
129,2003-07-09,NSE:CANBK,19.8810684,20.33821626,19.5503657,19.803256,20311528.54494627,0.9920634819449063,-1.8500487160993708
130,2003-07-10,NSE:CANBK,19.6670843,20.23122421,19.37528741,19.63790465,13990345.86785298,-0.8349705220192157,0.9920634819449063
131,2003-07-11,NSE:CANBK,19.8421622,20.81481721,19.8421622,20.33821626,30943098.72520988,3.566121857099454,-0.8349705220192157
132,2003-07-14,NSE:CANBK,20.59110656,21.49567572,20.59110656,21.19415267,34991990.6339659,4.2085126790760246,3.566121857099454
133,2003-07-15,NSE:CANBK,21.39841022,21.78747222,20.30903661,20.84399686,31992376.20746949,-1.6521340364582755,4.2085126790760246
134,2003-07-16,NSE:CANBK,21.05798097,21.98200323,20.86344996,21.81665187,48134440.80239714,4.666355577257559,-1.6521340364582755
135,2003-07-17,NSE:CANBK,22.04036253,22.37106523,20.63973931,20.89262961,42891435.88537111,-4.23539902229737,4.666355577257559
136,2003-07-18,NSE:CANBK,20.61055966,21.08716062,20.03669321,20.68837206,22669492.03294599,-0.9776536214581426,-4.23539902229737
137,2003-07-21,NSE:CANBK,21.06770752,21.06770752,20.23122421,20.37712246,17906868.12994466,-1.504466369307939,-0.9776536214581426
138,2003-07-22,NSE:CANBK,19.94915426,20.52302071,19.5503657,19.65735775,20654481.59260497,-3.532219583078463,-1.504466369307939
139,2003-07-23,NSE:CANBK,20.32848971,20.32848971,19.4725533,19.96860736,20597889.07065826,1.5833746018078183,-3.532219583078463
140,2003-07-24,NSE:CANBK,20.23122421,20.40630211,20.05614631,20.22149766,16543733.21944849,1.2664393437199652,1.5833746018078183
141,2003-07-25,NSE:CANBK,20.04641976,21.63184742,20.04641976,21.48594917,45810471.89588835,6.253006237521186,1.2664393437199652
142,2003-07-28,NSE:CANBK,21.68048017,21.77774567,21.05798097,21.18442612,18913432.62602431,-1.403349917726721,6.253006237521186
143,2003-07-29,NSE:CANBK,21.39841022,21.39841022,20.16313836,20.73700481,23883792.05490342,-2.112029410027761,-1.403349917726721
144,2003-07-30,NSE:CANBK,20.42575521,21.72911292,20.23122421,21.36923057,74458142.1525809,3.04878050515339,-2.112029410027761
145,2003-07-31,NSE:CANBK,21.78747222,22.16680768,20.84399686,21.03852787,42277929.56106811,-1.5475648452418742,3.04878050515339
146,2003-08-01,NSE:CANBK,21.17469957,21.76801912,20.89262961,21.45676952,34658820.08873835,1.9879796370942677,-1.5475648452418742
147,2003-08-04,NSE:CANBK,21.20387922,21.39841022,20.94126237,21.16497302,20002395.29943922,-1.3599274565913322,1.9879796370942677
148,2003-08-05,NSE:CANBK,21.16497302,21.49567572,19.8421622,19.99778701,29251224.43979392,-5.514705872278035,-1.3599274565913322
149,2003-08-06,NSE:CANBK,18.48044519,20.62028621,18.48044519,19.8421622,31329366.20559843,-0.7782101585649354,-5.514705872278035
150,2003-08-07,NSE:CANBK,20.05614631,20.32848971,19.81298255,20.22149766,26637085.84609048,1.911764737010365,-0.7782101585649354
151,2003-08-08,NSE:CANBK,20.42575521,21.10661372,20.27985696,20.95098892,40408952.39926847,3.6075036194920473,1.911764737010365
152,2003-08-11,NSE:CANBK,20.81481721,21.16497302,20.54247381,20.85372341,22564084.66965075,-0.46425259624451043,3.6075036194920473
153,2003-08-12,NSE:CANBK,21.05798097,21.15524647,20.35766936,20.47438796,17868185.34970585,-1.8190298324283722,-0.46425259624451043
154,2003-08-13,NSE:CANBK,20.62028621,21.45676952,20.30903661,21.30114472,37899958.99985134,4.038004758018654,-1.8190298324283722
155,2003-08-14,NSE:CANBK,21.56376157,22.55586968,21.56376157,21.94309703,59735558.24279362,3.013698645957092,4.038004758018654
156,2003-08-18,NSE:CANBK,22.07926873,22.21544043,20.92180927,21.29141817,24008450.84836401,-2.9698581704717575,3.013698645957092
157,2003-08-19,NSE:CANBK,21.61239432,22.27379973,21.13579337,21.27196507,37615027.55226645,-0.09136591956758218,-2.9698581704717575
158,2003-08-20,NSE:CANBK,21.45676952,21.88473773,21.02880132,21.78747222,24158077.38449833,2.4234110403228546,-0.09136591956758218
159,2003-08-21,NSE:CANBK,22.21544043,22.74067413,21.98200323,22.20571388,47778255.93064082,1.9196428836571091,2.4234110403228546
160,2003-08-22,NSE:CANBK,22.47805728,23.13946269,22.33215903,22.88657239,47839618.90043624,3.066141055763257,1.9196428836571091
161,2003-08-25,NSE:CANBK,24.31637525,24.39418765,21.06770752,21.93337048,71785303.40372173,-4.164895877621632,3.066141055763257
162,2003-08-26,NSE:CANBK,22.52669003,23.42153264,22.07926873,23.28536094,36804066.83969067,6.164079803570616,-4.164895877621632
163,2003-08-27,NSE:CANBK,23.65496984,25.58082676,23.54797779,25.13340546,69777371.52662176,7.936507940597972,6.164079803570616
164,2003-08-28,NSE:CANBK,25.72672501,25.85316822,24.41364075,24.7346169,39276844.9318942,-1.586687329875272,7.936507940597972
165,2003-08-29,NSE:CANBK,24.89996826,24.89996826,23.83004775,24.2093832,34137401.91396331,-2.123476187739126,-1.586687329875272
166,2003-09-01,NSE:CANBK,24.3261018,24.88051516,24.02457875,24.27746905,26766988.01972962,0.2812374418527078,-2.123476187739126
167,2003-09-02,NSE:CANBK,24.51090625,25.52246746,24.19965665,25.14313201,54999691.00040928,3.5657051326773215,0.2812374418527078
168,2003-09-03,NSE:CANBK,25.23067096,25.53219401,23.9564929,24.2093832,34336598.95506013,-3.713733076804529,3.5657051326773215
169,2003-09-04,NSE:CANBK,24.25801595,24.4817266,22.95465824,23.30481404,30473106.80073503,-3.7364403402066073,-3.713733076804529
170,2003-09-05,NSE:CANBK,23.44098574,23.9564929,23.24645474,23.52852469,17055379.17292998,0.9599332121510505,-3.7364403402066073
171,2003-09-08,NSE:CANBK,23.81059464,24.2871956,23.56743089,23.8786805,19687221.88558922,1.4882182993344337,0.9599332121510505
172,2003-09-09,NSE:CANBK,24.0148522,24.25801595,23.19782199,23.44098574,18246685.43063383,-1.832993912708045,1.4882182993344337
173,2003-09-10,NSE:CANBK,23.49934504,24.365008,23.34372024,24.1899301,23624671.40327587,3.1950207568361546,-1.832993912708045
174,2003-09-11,NSE:CANBK,24.27746905,25.05559306,24.12184425,24.5789921,33723339.37805965,1.608363473526528,3.1950207568361546
175,2003-09-12,NSE:CANBK,24.74434345,24.89996826,23.64524329,23.77168844,23075838.5750771,-3.2845271145190784,1.608363473526528
176,2003-09-15,NSE:CANBK,23.73278224,23.8981336,22.18626078,22.38079178,16651351.0273288,-5.851063812781484,-3.2845271145190784
177,2003-09-16,NSE:CANBK,22.37106523,23.44098574,21.22333232,23.35344679,25256616.93759229,4.3459365493458,-5.851063812781484
178,2003-09-17,NSE:CANBK,23.73278224,23.96621945,22.68231483,22.85739274,21122268.21306354,-2.1241149302740587,4.3459365493458
179,2003-09-18,NSE:CANBK,23.01301754,23.01301754,21.39841022,21.57348812,19222401.37332969,-5.617021305116714,-2.1241149302740587
180,2003-09-19,NSE:CANBK,21.69020672,21.96255013,20.47438796,21.13579337,32089209.10200216,-2.0288548034762686,-5.617021305116714
181,2003-09-22,NSE:CANBK,21.47622262,21.64157397,20.79536411,20.90235616,17788074.72548771,-1.1044639106442882,-2.0288548034762686
182,2003-09-23,NSE:CANBK,20.92180927,21.58321467,20.53274726,21.40813677,23721607.10918458,2.419730130557677,-1.1044639106442882
183,2003-09-24,NSE:CANBK,21.74856602,22.07926873,21.10661372,22.01118288,21379970.0677016,2.8169014262141276,2.419730130557677
184,2003-09-25,NSE:CANBK,21.94309703,22.26407318,20.42575521,21.36923057,33948306.0905634,-2.916482560250304,2.8169014262141276
185,2003-09-26,NSE:CANBK,21.20387922,22.64340863,21.20387922,22.46833073,26517104.97024017,5.143377326570737,-2.916482560250304
186,2003-09-29,NSE:CANBK,22.62395553,23.28536094,22.62395553,23.05192374,21315692.39539516,2.597402615321026,5.143377326570737
187,2003-09-30,NSE:CANBK,23.32426714,23.90786015,23.09082994,23.78141499,42475810.6165515,3.164556929078227,2.597402615321026
188,2003-10-01,NSE:CANBK,23.90786015,24.3066487,23.37289989,23.66469639,30370197.75387781,-0.49079754105917767,3.164556929078227
189,2003-10-03,NSE:CANBK,24.12184425,24.12184425,23.71332914,23.9370398,17629858.29888441,1.15084261176106,-0.49079754105917767
190,2003-10-06,NSE:CANBK,24.12184425,24.75407,24.02457875,24.3261018,27715530.91573548,1.6253555295504798,1.15084261176106
191,2003-10-07,NSE:CANBK,24.559539,25.12367696,24.0343053,24.5984452,35442679.72258736,1.1195521676226827,1.6253555295504798
192,2003-10-08,NSE:CANBK,24.72489035,26.43676123,24.72489035,26.11578702,69413568.33190012,6.1684460447117955,1.1195521676226827
193,2003-10-09,NSE:CANBK,26.47567132,27.00090308,26.26168527,26.79664553,32154077.93972089,2.6070763614306736,6.1684460447117955
194,2003-10-10,NSE:CANBK,26.84527828,26.96199882,25.98934381,26.28114032,18681957.9534166,-1.9237676948141527,2.6070763614306736
195,2003-10-13,NSE:CANBK,26.47567132,27.23434028,25.77535777,27.11761973,27865142.0301634,3.1828124648131806,-1.9237676948141527
196,2003-10-14,NSE:CANBK,27.42887128,28.12918483,26.35895077,26.89391103,41615634.0982606,-0.824956991901883,3.1828124648131806
197,2003-10-15,NSE:CANBK,26.98144998,27.80820674,26.55348177,27.58449608,32253506.82149882,2.567811908166334,-0.824956991901883
198,2003-10-16,NSE:CANBK,27.85683949,31.12496032,27.85683949,30.90125161,70442561.12966508,12.02398448889844,2.567811908166334
199,2003-10-17,NSE:CANBK,30.77480452,31.56265507,29.66597781,30.00640706,51621509.66559047,-2.8958197593213875,12.02398448889844
200,2003-10-20,NSE:CANBK,30.09394601,30.59000006,28.34316699,28.9170315,29996092.85927598,-3.630476510638927,-2.8958197593213875
201,2003-10-21,NSE:CANBK,28.86839875,29.6076185,26.17414632,26.78691898,61782147.19728838,-7.366290416082304,-3.630476510638927
202,2003-10-22,NSE:CANBK,27.23434028,27.86656604,26.28114032,26.77719048,39173277.89223026,-0.036318099917580775,-7.366290416082304
203,2003-10-23,NSE:CANBK,27.09816858,27.89574374,26.66047382,26.96199882,34884316.27982876,0.6901707635759403,-0.036318099917580775
204,2003-10-24,NSE:CANBK,27.02035423,28.19726874,26.30059147,27.98328658,42995830.55661226,3.7878785130812482,0.6901707635759403
205,2003-10-27,NSE:CANBK,28.49879179,28.63496349,27.25379533,27.45804899,22182618.48052374,-1.8769689132061902,3.7878785130812482
206,2003-10-28,NSE:CANBK,27.52613678,27.96383154,26.86473332,27.30242808,30559237.0310209,-0.566758803790754,-1.8769689132061902
207,2003-10-29,NSE:CANBK,27.68176158,28.10972979,26.31031802,26.76746782,43203350.17860034,-1.959387122758784,-0.566758803790754
208,2003-10-30,NSE:CANBK,26.92308873,27.16625248,25.90180097,26.11578702,39469081.64283243,-2.4346001063017293,-1.959387122758784
209,2003-10-31,NSE:CANBK,26.26168527,26.97172148,25.90180097,26.14496472,35806981.55248283,0.1117243756722969,-2.4346001063017293
210,2003-11-03,NSE:CANBK,26.39785697,26.69938002,24.89996826,25.19176476,40608180.28377811,-3.6458261474372304,0.1117243756722969
211,2003-11-04,NSE:CANBK,25.61000447,26.31031802,25.36684072,26.00879497,33424482.12958878,3.243243249465778,-3.6458261474372304
212,2003-11-05,NSE:CANBK,26.11578702,26.74801278,25.80453547,26.17414632,33381563.52065672,0.6357516762722902,3.243243249465778
213,2003-11-06,NSE:CANBK,26.30059147,26.43676123,25.54192056,25.73645156,21537759.8270943,-1.6722408236311845,0.6357516762722902
214,2003-11-07,NSE:CANBK,25.95043372,26.18387481,25.56137172,25.78508432,18985909.50557074,0.18896451162516156,-1.6722408236311845
215,2003-11-10,NSE:CANBK,25.85316822,25.91152947,25.20149131,25.28903026,6531539.89306034,-1.9238023573777427,0.18896451162516156
216,2003-11-11,NSE:CANBK,25.40575081,25.73645156,25.27930371,25.57110021,10858505.73061871,1.115384603917194,-1.9238023573777427
217,2003-11-12,NSE:CANBK,25.83371707,26.39785697,25.72672501,26.03797656,17904410.93805706,1.8257968807201344,1.115384603917194
218,2003-11-13,NSE:CANBK,26.24223022,26.60211452,25.28903026,25.55164906,16535282.12433718,-1.8677622620918495,1.8257968807201344
219,2003-11-14,NSE:CANBK,25.64891456,25.75590272,24.33582835,24.47200005,19012105.84418827,-4.22535941795688,-1.8677622620918495
220,2003-11-17,NSE:CANBK,24.99723376,25.46410622,24.7151638,25.28903026,10599292.54875272,3.3386327571538326,-4.22535941795688
221,2003-11-18,NSE:CANBK,25.50301631,25.63918606,24.43309385,24.58871865,14571240.42367293,-2.769230780302763,3.3386327571538326
222,2003-11-19,NSE:CANBK,24.5984452,24.7929762,24.31637525,24.5400859,11676185.16661935,-0.1977848081156496,-2.769230780302763
223,2003-11-20,NSE:CANBK,24.56926555,24.70543725,22.95465824,23.14918924,15992530.58903177,-5.667855710317634,-0.1977848081156496
224,2003-11-21,NSE:CANBK,22.97411134,23.10055649,21.93337048,22.45860418,19898165.12639975,-2.9831932895806252,-5.667855710317634
225,2003-11-24,NSE:CANBK,22.71149448,23.23672819,22.37106523,23.04219719,13212860.53931908,2.5985275189974044,-2.9831932895806252
226,2003-11-25,NSE:CANBK,23.38262644,23.38262644,23.06165029,23.20754854,7986552.18976356,0.7176023563923059,2.5985275189974044
227,2003-11-27,NSE:CANBK,23.40207954,24.02457875,23.26590784,23.44098574,18699698.05635402,1.0058675503690118,0.7176023563923059
228,2003-11-28,NSE:CANBK,23.54797779,24.170477,23.44098574,24.04403185,15402825.09828433,2.572614124204493,1.0058675503690118
229,2003-12-01,NSE:CANBK,24.31637525,24.31637525,23.8786805,23.9564929,9585125.15141417,-0.36407766611737796,2.572614124204493
230,2003-12-02,NSE:CANBK,24.12184425,24.29692215,23.63551674,23.98567255,14225660.54535616,0.12180267838786898,-0.36407766611737796
231,2003-12-03,NSE:CANBK,24.16075045,24.5011797,24.00512565,24.0926646,10001464.95929734,0.4460664998113584,0.12180267838786898
232,2003-12-04,NSE:CANBK,24.19965665,24.2482894,23.63551674,23.68414949,8929435.31951786,-1.695599539454842,0.4460664998113584
233,2003-12-05,NSE:CANBK,23.73278224,24.170477,23.36317334,23.48961849,10901660.80571569,-0.8213552278165331,-1.695599539454842
234,2003-12-08,NSE:CANBK,23.53825124,23.86895395,23.36317334,23.61606364,7449532.38867294,0.5383022719327212,-0.8213552278165331
235,2003-12-09,NSE:CANBK,23.83004775,23.975946,23.51879814,23.76196189,8496553.16122825,0.6177924154679248,0.5383022719327212
236,2003-12-10,NSE:CANBK,23.83004775,23.83004775,22.87684584,23.12973614,13099901.68045297,-2.660663092242675,0.6177924154679248
237,2003-12-11,NSE:CANBK,23.30481404,23.71332914,22.66286173,23.10055649,16714492.63392989,-0.12615643266910034,-2.660663092242675
238,2003-12-12,NSE:CANBK,23.43125919,23.83004775,23.34372024,23.58688399,13598099.90594712,2.105263136022407,-0.12615643266910034
239,2003-12-15,NSE:CANBK,24.00512565,24.19965665,23.11028304,23.79114154,12668479.44370327,0.8659793726318371,2.105263136022407
240,2003-12-16,NSE:CANBK,23.81059464,23.83004775,23.04219719,23.38262644,10140383.69061606,-1.7170891077805863,0.8659793726318371
241,2003-12-17,NSE:CANBK,23.70360259,23.73278224,23.06165029,23.12973614,8504829.47700028,-1.0815307709290878,-1.7170891077805863
242,2003-12-18,NSE:CANBK,23.29508749,25.28903026,23.06165029,24.39418765,21323094.81447075,5.466778792228802,-1.0815307709290878
243,2003-12-19,NSE:CANBK,25.17230971,25.22094246,24.33582835,24.60817175,20474695.33930638,0.8771929734663705,5.466778792228802
244,2003-12-22,NSE:CANBK,24.70543725,25.67809226,24.62762485,25.56137172,23655360.59902678,3.8735099042861645,0.8771929734663705
245,2003-12-23,NSE:CANBK,25.87262327,26.14496472,25.30848531,25.87262327,28215543.76201692,1.21766372090456,3.8735099042861645
246,2003-12-24,NSE:CANBK,25.96988877,26.32977307,25.72672501,25.96988877,21455906.55005211,0.37593984570085864,1.21766372090456
247,2003-12-26,NSE:CANBK,26.18387481,26.73828622,26.06715427,26.56320832,18059810.33295659,2.284644171003896,0.37593984570085864
248,2003-12-29,NSE:CANBK,26.87445598,27.13707478,26.75773933,27.03008273,11843546.6651223,1.7575979692501205,2.284644171003896
249,2003-12-30,NSE:CANBK,27.25379533,27.33160578,25.87262327,26.30059147,13140800.04584565,-2.6988125315293834,1.7575979692501205
250,2003-12-31,NSE:CANBK,26.06715427,26.65074727,26.06715427,26.50484902,11017858.22292737,0.7766272109621162,-2.6988125315293834
251,2004-01-01,NSE:CANBK,26.56320832,27.79847824,26.56320832,27.70121274,24744755.0802211,4.513754140222592,0.7766272109621162
252,2004-01-02,NSE:CANBK,27.62340228,28.16808909,27.34133233,27.47750403,15231052.99174884,-0.8075773147540557,4.513754140222592
253,2004-01-05,NSE:CANBK,27.62340228,28.47933675,27.42887128,27.96383154,27274968.74765494,1.7699115227825242,-0.8075773147540557
254,2004-01-06,NSE:CANBK,27.42887128,28.01246429,27.03980928,27.35106083,25601158.42101096,-2.1912973875682256,1.7699115227825242
255,2004-01-07,NSE:CANBK,27.42887128,27.72066779,26.60211452,26.96199882,18087219.84581152,-1.4224750272693534,-2.1912973875682256
256,2004-01-08,NSE:CANBK,27.15652982,28.92676,27.15652982,28.50851834,37292657.34209296,5.735923105422036,-1.4224750272693534
257,2004-01-09,NSE:CANBK,28.9851193,30.03558476,28.70304935,29.121291,33010671.48155644,2.1494370654129233,5.735923105422036
258,2004-01-12,NSE:CANBK,29.1796503,30.53164076,28.8878538,29.95777431,40617356.19909057,2.872411494394263,2.1494370654129233
259,2004-01-13,NSE:CANBK,30.15230531,31.20277078,30.15230531,30.82343727,29801558.31408302,2.889610393089306,2.872411494394263
260,2004-01-14,NSE:CANBK,30.93042932,32.09761533,30.93042932,31.91281088,32227433.85653254,3.5342379256977625,2.889610393089306
261,2004-01-15,NSE:CANBK,32.42831803,32.62284904,30.56082236,31.02769482,27967989.39019499,-2.7735446536760784,3.5342379256977625
262,2004-01-16,NSE:CANBK,31.04714986,31.04714986,28.23617299,29.64652276,23878034.61784462,-4.451416929335393,-2.7735446536760784
263,2004-01-19,NSE:CANBK,29.95777431,31.26113202,28.81004334,30.81370877,17339148.85196551,3.9370081255357374,-4.451416929335393
264,2004-01-20,NSE:CANBK,31.30976477,31.47511612,28.6933228,29.1504726,19410443.38012509,-5.397714966461018,3.9370081255357374
265,2004-01-21,NSE:CANBK,28.59605729,29.03375205,24.89996826,25.32793646,22182289.48412038,-13.113118927615602,-5.397714966461018
266,2004-01-22,NSE:CANBK,25.52246746,26.74801278,24.82215586,25.15285856,28723750.67496954,-0.6912442325354822,-13.113118927615602
267,2004-01-23,NSE:CANBK,25.28903026,29.3352751,25.28903026,28.70304935,28477219.27633931,14.114462503461883,-0.6912442325354822
268,2004-01-27,NSE:CANBK,28.20699529,30.73589832,28.18754024,30.16203186,19228662.58613113,5.0830226858805805,14.114462503461883
269,2004-01-28,NSE:CANBK,31.06660102,31.06660102,27.66230848,28.16808909,34815674.264609,-6.610770717487069,5.0830226858805805
270,2004-01-29,NSE:CANBK,28.18754024,28.96566425,27.65257999,28.12918483,26742359.55459686,-0.13811465831315614,-6.610770717487069
271,2004-01-30,NSE:CANBK,28.20699529,28.55715109,26.38812848,26.56320832,23528974.57444855,-5.567088130936067,-0.13811465831315614
272,2004-02-03,NSE:CANBK,26.58265948,26.58265948,23.06165029,23.55770434,24068718.8770045,-11.31453679763936,-5.567088130936067
273,2004-02-04,NSE:CANBK,23.73278224,24.98750721,23.73278224,24.66653105,25515161.84551396,4.706853834298521,-11.31453679763936
274,2004-02-05,NSE:CANBK,24.70543725,26.12551357,24.23856285,24.98750721,32651433.11193144,1.3012618570052263,4.706853834298521
275,2004-02-06,NSE:CANBK,25.30848531,25.83371707,24.9194233,25.63918606,15412828.645174,2.608018657176006,1.3012618570052263
276,2004-02-09,NSE:CANBK,25.89207831,27.77902709,25.79481281,27.65257999,31143781.39069062,7.852799715592841,2.608018657176006
277,2004-02-10,NSE:CANBK,27.81793329,27.90547224,26.18387481,26.75773933,24735358.12045013,-3.236011469177925,7.852799715592841
278,2004-02-11,NSE:CANBK,27.00090308,27.74984549,26.77719048,27.60394724,24018665.15857457,3.1624790852613502,-3.236011469177925
279,2004-02-12,NSE:CANBK,28.01246429,28.48906524,27.05926432,27.55531449,32696788.35047588,-0.17618041933338896,3.1624790852613502
280,2004-02-13,NSE:CANBK,27.63312883,28.40152629,27.05926432,28.22645034,18485218.10420737,2.4355949566228263,-0.17618041933338896
281,2004-02-16,NSE:CANBK,28.45988559,28.57660225,27.58449608,27.79847824,21719386.40402418,-1.5162094235898813,2.4355949566228263
282,2004-02-17,NSE:CANBK,27.91519879,27.91519879,27.23434028,27.75957399,16512319.20349642,-0.13995100618141476,-1.5162094235898813
283,2004-02-18,NSE:CANBK,27.64285733,27.94437649,27.35106083,27.57476953,13691360.10516206,-0.6657323346048897,-0.13995100618141476
284,2004-02-19,NSE:CANBK,27.83738833,27.83738833,25.92125602,26.11578702,18314931.6220558,-5.291005273544355,-0.6657323346048897
285,2004-02-20,NSE:CANBK,26.11578702,26.11578702,24.89996826,25.28903026,21321059.14922497,-3.1657355735320225,-5.291005273544355
286,2004-02-23,NSE:CANBK,25.52246746,25.93098257,24.6957107,25.33766301,26119764.70465104,0.19230769033054826,-3.1657355735320225
287,2004-02-24,NSE:CANBK,25.23067096,25.48356126,24.559539,25.03613996,22426995.98082572,-1.190019181646698,0.19230769033054826
288,2004-02-25,NSE:CANBK,24.95832756,25.96988877,24.89996826,25.47383471,24192483.21149346,1.74825173009617,-1.190019181646698
289,2004-02-26,NSE:CANBK,25.41547347,25.94071106,24.365008,24.6373514,16305503.83943429,-3.28369607294197,1.74825173009617
290,2004-02-27,NSE:CANBK,24.31637525,25.28903026,24.31637525,25.17230971,12860510.53188941,2.171330437735285,-3.28369607294197
291,2004-03-01,NSE:CANBK,24.94860101,26.41731007,24.94860101,26.26168527,10353712.15535095,4.327674228349547,2.171330437735285
292,2004-03-03,NSE:CANBK,26.45621627,26.70910657,25.89207831,26.14496472,15120402.24827506,-0.4444518651410986,4.327674228349547
293,2004-03-04,NSE:CANBK,26.23250757,26.68965347,25.81426397,26.05742772,14219404.47312352,-0.3348139916709786,-0.4444518651410986
294,2004-03-05,NSE:CANBK,26.07688082,26.56320832,25.89207831,26.35895077,10215122.42043559,1.1571481776329384,-0.3348139916709786
295,2004-03-08,NSE:CANBK,26.44648972,28.00273774,26.44648972,27.82765984,23906230.63772632,5.57195573835809,1.1571481776329384
296,2004-03-09,NSE:CANBK,27.96383154,27.96383154,26.74801278,27.26351798,21616677.83935025,-2.027270216912352,5.57195573835809
297,2004-03-10,NSE:CANBK,27.21488523,27.21488523,25.97961532,26.23250757,14311837.04076125,-3.781648467950211,-2.027270216912352
298,2004-03-11,NSE:CANBK,25.98934381,26.98144998,25.67809226,26.66047382,22258868.5375712,1.6314347717540785,-3.781648467950211
299,2004-03-12,NSE:CANBK,26.06715427,26.60211452,26.06715427,26.43676123,9075196.14791271,-0.8391170821284438,1.6314347717540785
300,2004-03-15,NSE:CANBK,26.47567132,27.11761973,25.28903026,25.51273897,11786661.13075385,-3.4952173299936313,-0.8391170821284438
301,2004-03-16,NSE:CANBK,24.559539,26.04769922,24.559539,25.48356126,8472752.32767269,-0.11436525899595551,-3.4952173299936313
302,2004-03-17,NSE:CANBK,25.33766301,26.26168527,25.33766301,26.13524206,8478679.40350197,2.55725953429792,-0.11436525899595551
303,2004-03-18,NSE:CANBK,26.10606047,26.33949573,25.40575081,25.68781881,8184366.41785251,-1.711953725061462,2.55725953429792
304,2004-03-19,NSE:CANBK,25.95043372,26.26168527,25.59055331,26.05742772,5336481.02013066,1.4388489452289164,-1.711953725061462
305,2004-03-22,NSE:CANBK,24.97777871,26.81610057,24.97777871,26.13524206,18234677.06191119,0.2986263296444817,1.4388489452289164
306,2004-03-23,NSE:CANBK,25.73645156,26.30059147,25.15285856,25.74618006,10705018.62731371,-1.488648925105839,0.2986263296444817
307,2004-03-24,NSE:CANBK,25.28903026,25.85316822,25.0166888,25.26957521,7680883.68762939,-1.8511672368067837,-1.488648925105839
308,2004-03-25,NSE:CANBK,24.99723376,26.11578702,23.73278224,25.85316822,11590275.980792,2.309469016198794,-1.8511672368067837
309,2004-03-26,NSE:CANBK,26.71883507,27.46777748,25.78508432,27.26351798,19781510.19856465,5.455229889035236,2.309469016198794
310,2004-03-29,NSE:CANBK,27.42887128,28.01246429,27.13707478,27.74012283,14817375.99850537,1.7481414186886277,5.455229889035236
311,2004-03-30,NSE:CANBK,27.81793329,28.10000324,27.19543408,27.32187923,15606607.52675299,-1.5077207933184926,1.7481414186886277
312,2004-03-31,NSE:CANBK,27.42887128,28.55715109,27.19543408,28.17781759,21301807.71905961,3.132794610482581,-1.5077207933184926
313,2004-04-01,NSE:CANBK,28.44043249,29.10183984,28.10972979,28.90730884,17542268.14705864,2.5888848476997994,3.132794610482581
314,2004-04-02,NSE:CANBK,29.16019525,30.61917777,28.83922105,30.26902586,39174341.98997238,4.710632274823686,2.5888848476997994
315,2004-04-05,NSE:CANBK,30.59972661,31.15413802,29.85078226,30.12312761,18434691.45344761,-0.48200510539984176,4.710632274823686
316,2004-04-06,NSE:CANBK,30.28847701,30.59000006,28.83922105,29.3741813,26870585.90280638,-2.486283362393527,-0.48200510539984176
317,2004-04-07,NSE:CANBK,29.70488401,29.7340656,28.8878538,29.36445475,25087487.08342129,-0.03311258244327609,-2.486283362393527
318,2004-04-08,NSE:CANBK,29.5298061,30.51218961,29.1115625,29.96750086,29926453.57370852,2.0536601654420337,-0.03311258244327609
319,2004-04-12,NSE:CANBK,30.23011577,30.41492411,29.3741813,29.6270716,10520384.81763436,-1.1359948284990238,2.0536601654420337
320,2004-04-13,NSE:CANBK,29.74378826,32.07816028,29.121291,31.72800837,25507728.58302555,7.091273813237757,-1.1359948284990238
321,2004-04-15,NSE:CANBK,31.82527387,33.16753584,31.15413802,32.87573934,40480174.9800271,3.617406288524631,7.091273813237757
322,2004-04-16,NSE:CANBK,33.05081529,34.20827865,32.59366939,33.9553864,37239596.39091357,3.2840236650933345,3.617406288524631
323,2004-04-19,NSE:CANBK,32.94382713,34.60706331,32.94382713,33.7414023,20604746.58944079,-0.6301919155895828,3.2840236650933345
324,2004-04-20,NSE:CANBK,33.26480134,33.8289393,32.31160138,32.80765154,16255737.9928573,-2.7673738977943882,-0.6301919155895828
325,2004-04-21,NSE:CANBK,31.52374887,33.61495715,31.52374887,33.45933234,12527823.2001293,1.9863683299776997,-2.7673738977943882
326,2004-04-22,NSE:CANBK,33.65386335,34.49034665,33.36206684,34.21800131,26125619.81251708,2.2674360692278985,1.9863683299776997
327,2004-04-23,NSE:CANBK,34.17909705,36.35784233,34.17909705,35.73534507,30137854.32514248,4.434343625898946,2.2674360692278985
328,2004-04-27,NSE:CANBK,34.47089355,35.10311931,32.33105253,32.92437209,19128056.51409743,-7.8660860123044625,4.434343625898946
329,2004-04-28,NSE:CANBK,32.68120834,33.1480808,31.36812407,32.61312054,22859060.78867573,-0.94535303254739,-7.8660860123044625
330,2004-04-29,NSE:CANBK,32.68120834,33.84839435,32.02952753,32.22405854,26747289.36007845,-1.1929615858832368,-0.94535303254739
331,2004-04-30,NSE:CANBK,32.36995679,33.30370754,31.94199053,32.29214633,26053980.84568546,0.2112948929616731,-1.1929615858832368
332,2004-05-03,NSE:CANBK,34.00401915,34.00401915,29.79242101,30.94988436,22993985.29803491,-4.156620486861279,0.2112948929616731
333,2004-05-04,NSE:CANBK,31.49456728,33.8970271,31.15413802,33.22589514,35994216.48997624,7.353858752834448,-4.156620486861279
334,2004-05-05,NSE:CANBK,33.09944804,33.5371428,32.37968528,33.00218254,20246510.63073227,-0.6733079697548187,7.353858752834448
335,2004-05-06,NSE:CANBK,33.11890309,35.09339082,33.11890309,34.68487766,28748924.04039537,5.098738902981652,-0.6733079697548187
336,2004-05-07,NSE:CANBK,34.91831486,35.65753267,33.80948815,35.00585381,30687268.03761593,0.925406608454504,5.098738902981652
337,2004-05-10,NSE:CANBK,34.77241661,35.85206367,33.16753584,35.05448656,23452657.69000666,0.1389274784267946,0.925406608454504
338,2004-05-11,NSE:CANBK,33.45933234,34.11101315,30.38574251,31.30003628,23863466.24585834,-10.710327402952554,0.1389274784267946
339,2004-05-12,NSE:CANBK,31.51402232,32.75901879,31.12496032,31.61128782,32050845.03702911,0.9944127131855218,-10.710327402952554
340,2004-05-13,NSE:CANBK,30.73589832,32.74929613,28.23617299,30.71644327,27349995.3493274,-2.8307753707960197,0.9944127131855218
341,2004-05-14,NSE:CANBK,29.39363635,30.78453107,24.93887446,26.32977307,31288133.70323358,-14.281178850822066,-2.8307753707960197
342,2004-05-17,NSE:CANBK,25.90180097,26.06715427,18.48044519,24.2871956,16132215.26510206,-7.757672140088828,-14.281178850822066
343,2004-05-18,NSE:CANBK,24.5400859,27.79847824,22.97411134,24.29692215,27056196.4205582,0.04004805725696832,-7.757672140088828
344,2004-05-19,NSE:CANBK,24.78324965,28.36262009,24.78324965,27.44832633,39446236.95507413,12.970384316764171,0.04004805725696832
345,2004-05-20,NSE:CANBK,27.81793329,28.49879179,26.36867732,27.72066779,23957775.12110898,0.992196962123482,12.970384316764171
346,2004-05-21,NSE:CANBK,27.42887128,27.42887128,25.94071106,26.81610057,11597292.85720741,-3.263150898285054,0.992196962123482
347,2004-05-24,NSE:CANBK,27.03980928,28.18754024,26.49512247,26.60211452,17820141.5936777,-0.7979760123639745,-3.263150898285054
348,2004-05-25,NSE:CANBK,26.47567132,27.08844203,25.70726997,26.70910657,19868740.51057425,0.40219378019578117,-0.7979760123639745
349,2004-05-26,NSE:CANBK,27.19543408,27.35106083,26.26168527,26.35895077,10162241.38916428,-1.310997801750879,0.40219378019578117
350,2004-05-27,NSE:CANBK,26.61184107,26.61184107,25.67809226,25.94071106,8138435.43560219,-1.5867084909768514,-1.310997801750879
351,2004-05-28,NSE:CANBK,26.06715427,26.06715427,23.44098574,23.79114154,13697369.43009218,-8.286471080257272,-1.5867084909768514
352,2004-05-31,NSE:CANBK,23.66469639,23.66469639,20.89262961,21.38868367,26344366.4367698,-10.098119360774492,-8.286471080257272
353,2004-06-01,NSE:CANBK,21.62212087,22.68231483,21.62212087,22.05981563,16187301.60038964,3.137789918981023,-10.098119360774492
354,2004-06-02,NSE:CANBK,21.85555807,25.25012406,21.85555807,24.5789921,41981503.80164083,11.419753058017745,3.137789918981023
355,2004-06-03,NSE:CANBK,24.92914596,27.13707478,24.92914596,26.03797656,93406129.6820956,5.935900276399047,11.419753058017745
356,2004-06-04,NSE:CANBK,23.39235299,26.57293682,23.39235299,26.23250757,39981102.8578365,0.7471049432421741,5.935900276399047
357,2004-06-07,NSE:CANBK,26.55348177,27.12734823,25.72672501,26.04769922,19016521.59278962,-0.7045012738749811,0.7471049432421741
358,2004-06-08,NSE:CANBK,27.31215074,27.31215074,25.83371707,26.10606047,15062046.51122909,0.22405529757956416,-0.7045012738749811
359,2004-06-09,NSE:CANBK,26.41731007,26.41731007,25.30848531,25.51273897,22936631.97190544,-2.272734718751681,0.22405529757956416
360,2004-06-10,NSE:CANBK,26.15469322,26.15469322,24.64707795,24.80270276,21771450.08485588,-2.7830653966041106,-2.272734718751681
361,2004-06-11,NSE:CANBK,24.97777871,24.97777871,23.8786805,24.0537584,12750810.79364409,-3.0196078518017098,-2.7830653966041106
362,2004-06-14,NSE:CANBK,24.49145315,24.49145315,23.04219719,23.56743089,16850075.13609579,-2.0218358474906726,-3.0196078518017098
363,2004-06-15,NSE:CANBK,23.64524329,24.84160896,23.58688399,24.54981245,20334892.43015363,4.168386297960202,-2.0218358474906726
364,2004-06-16,NSE:CANBK,25.25985256,25.25985256,24.1899301,24.7929762,23598264.30133743,0.990491273590146,4.168386297960202
365,2004-06-17,NSE:CANBK,24.53035935,25.41547347,24.2482894,25.27930371,20563586.05503919,1.9615535709666128,0.990491273590146
366,2004-06-18,NSE:CANBK,25.44465506,25.48356126,24.6568045,24.92914596,23896946.77046901,-1.3851558334713365,1.9615535709666128
367,2004-06-21,NSE:CANBK,24.83188241,24.99723376,23.60633709,23.9953991,23603183.82568142,-3.7456030844307326,-1.3851558334713365
368,2004-06-22,NSE:CANBK,22.11817493,24.43309385,22.11817493,23.43125919,32291130.6445643,-2.351033661282181,-3.7456030844307326
369,2004-06-23,NSE:CANBK,23.37289989,24.31637525,22.58504933,22.78930688,23106178.21214944,-2.739726042013012,-2.351033661282181
370,2004-06-24,NSE:CANBK,22.76012723,23.38262644,22.62395553,23.21727509,20530557.90048313,1.8779342972277333,-2.739726042013012
371,2004-06-25,NSE:CANBK,23.38262644,23.46043884,22.76012723,23.04219719,18132400.30501668,-0.7540846172573026,1.8779342972277333
372,2004-06-28,NSE:CANBK,22.99356444,24.08293805,22.59477588,23.94676635,23654939.07238498,3.9257070518976893,-0.7540846172573026
373,2004-06-29,NSE:CANBK,23.82032119,24.7346169,23.68414949,24.0343053,23832381.22630962,0.36555645434774536,3.9257070518976893
374,2004-06-30,NSE:CANBK,23.70360259,24.19965665,23.35344679,23.47989194,25994473.62122774,-2.3067584150227054,0.36555645434774536
375,2004-07-01,NSE:CANBK,22.22516698,24.365008,22.22516698,24.2482894,29260194.73235428,3.2725766454272662,-2.3067584150227054
376,2004-07-02,NSE:CANBK,24.39418765,24.64707795,23.83004775,24.3261018,30118890.76683006,0.3208985125358951,3.2725766454272662
377,2004-07-05,NSE:CANBK,24.53035935,24.58871865,23.55770434,23.77168844,10499709.44991071,-2.27908838234,0.3208985125358951
378,2004-07-06,NSE:CANBK,23.57715744,24.170477,23.53825124,24.0732115,9740910.08897389,1.2684124678861093,-2.27908838234
379,2004-07-07,NSE:CANBK,24.00512565,24.5011797,23.94676635,24.12184425,13076095.7063286,0.20202019992222245,1.2684124678861093
380,2004-07-08,NSE:CANBK,24.0926646,24.31637525,22.60450243,22.84766618,18355629.50526518,-5.282258092682934,0.20202019992222245
381,2004-07-09,NSE:CANBK,22.75040068,23.29508749,22.17653423,23.14918924,10257424.16111135,1.319710545595854,-5.282258092682934
382,2004-07-12,NSE:CANBK,23.11028304,24.02457875,22.72122103,23.86895395,12204738.45089226,3.1092437084418743,1.319710545595854
383,2004-07-13,NSE:CANBK,23.92731325,24.1121177,23.56743089,23.73278224,4920773.5022102,-0.5704971834343953,3.1092437084418743
384,2004-07-14,NSE:CANBK,23.92731325,24.0148522,23.63551674,23.76196189,5243642.34755754,0.12295081842877799,-0.5704971834343953
385,2004-07-15,NSE:CANBK,23.14918924,24.19965665,23.14918924,23.77168844,7320766.28073915,0.04093327834219453,0.12295081842877799
386,2004-07-16,NSE:CANBK,23.90786015,24.0926646,23.64524329,23.96621945,9898489.08504568,0.8183306393696037,0.04093327834219453
387,2004-07-19,NSE:CANBK,24.12184425,25.07504421,24.04403185,24.6762576,15458960.10960762,2.962662306757769,0.8183306393696037
388,2004-07-20,NSE:CANBK,24.98750721,25.19176476,23.65496984,23.9370398,38136569.10069276,-2.9956641399301924,2.962662306757769
389,2004-07-21,NSE:CANBK,24.2288363,24.4622735,23.73278224,24.06348495,15117374.45325039,0.5282405471039011,-2.9956641399301924
390,2004-07-22,NSE:CANBK,24.51090625,26.21305252,24.3455549,25.78508432,49565328.40971024,7.154405829318583,0.5282405471039011
391,2004-07-23,NSE:CANBK,26.22277907,26.36867732,25.30848531,25.75590272,16276521.31252581,-0.11317240478195027,7.154405829318583
392,2004-07-26,NSE:CANBK,25.67809226,26.01852152,24.80270276,25.64891456,21938487.72752427,-0.41539277874707015,-0.11317240478195027
393,2004-07-27,NSE:CANBK,25.67809226,25.85316822,24.6373514,24.70543725,12590070.34775876,-3.67842977445671,-0.41539277874707015
394,2004-07-28,NSE:CANBK,24.41364075,24.88051516,24.2871956,24.3844611,7827364.19565659,-1.2992125852781655,-3.67842977445671
395,2004-07-29,NSE:CANBK,24.12184425,24.94860101,24.12184425,24.7346169,8556070.66682359,1.4359792433551037,-1.2992125852781655
396,2004-07-30,NSE:CANBK,24.97777871,25.07504421,24.21910975,24.3455549,14935917.51509099,-1.5729453242512081,1.4359792433551037
397,2004-08-02,NSE:CANBK,24.64707795,24.70543725,24.3844611,24.5789921,5343431.06915164,0.9588493708968651,-1.5729453242512081
398,2004-08-03,NSE:CANBK,24.87078861,24.87078861,23.73278224,23.8592274,18532454.79093353,-2.9283735357073444,0.9588493708968651
399,2004-08-04,NSE:CANBK,23.8786805,24.1121177,23.73278224,23.9564929,6406217.96622422,0.4076640805225692,-2.9283735357073444
400,2004-08-05,NSE:CANBK,23.92731325,25.37656921,23.41180609,25.26957521,22152458.76335948,5.481112429440783,0.4076640805225692
401,2004-08-06,NSE:CANBK,25.48356126,25.73645156,24.70543725,24.99723376,16700782.73693362,-1.0777444723021088,5.481112429440783
402,2004-08-09,NSE:CANBK,24.80270276,25.56137172,24.53035935,25.39602231,13906893.87391322,1.5953307227063314,-1.0777444723021088
403,2004-08-10,NSE:CANBK,25.58082676,25.87262327,25.23067096,25.71699846,14450498.74363984,1.2638835565741788,1.5953307227063314
404,2004-08-11,NSE:CANBK,25.87262327,26.30059147,25.28903026,25.37656921,18773346.98558742,-1.3237518776909383,1.2638835565741788
405,2004-08-12,NSE:CANBK,25.46410622,25.96988877,25.09449926,25.75590272,13614570.28839033,1.494817943516653,-1.3237518776909383
406,2004-08-13,NSE:CANBK,25.58082676,25.92125602,25.42520196,25.67809226,10997008.07586443,-0.3021072910777092,1.494817943516653
407,2004-08-16,NSE:CANBK,25.87262327,25.87262327,25.20149131,25.58082676,4968118.14088122,-0.3787878749525098,-0.3021072910777092
408,2004-08-17,NSE:CANBK,25.84344556,25.84344556,24.81242931,25.02641146,9483557.7930144,-2.167307981096707,-0.3787878749525098
409,2004-08-18,NSE:CANBK,25.07504421,25.36684072,24.72489035,24.82215586,7763698.25103764,-0.8161601607424374,-2.167307981096707
410,2004-08-19,NSE:CANBK,24.88051516,25.07504421,24.43309385,24.6373514,7017220.83352041,-0.7445141390712334,-0.8161601607424374
411,2004-08-20,NSE:CANBK,24.6957107,24.7151638,24.29692215,24.41364075,8844729.02679029,-0.9080142031825752,-0.7445141390712334
412,2004-08-23,NSE:CANBK,24.45254695,24.45254695,23.66469639,24.0148522,7203658.98284943,-1.6334661187311812,-0.9080142031825752
413,2004-08-24,NSE:CANBK,24.19965665,24.19965665,23.73278224,23.79114154,4278572.52285165,-0.9315512672611754,-1.6334661187311812
414,2004-08-25,NSE:CANBK,23.90786015,24.41364075,23.82032119,24.3455549,5808308.127668,2.3303352597346536,-0.9315512672611754
415,2004-08-26,NSE:CANBK,24.49145315,24.94860101,24.49145315,24.5400859,7038353.71186748,0.7990411424140565,2.3303352597346536
416,2004-08-27,NSE:CANBK,24.80270276,25.47383471,24.60817175,25.28903026,12849530.27692727,3.0519223243631735,0.7990411424140565
417,2004-08-30,NSE:CANBK,25.47383471,25.85316822,25.39602231,25.71699846,6537076.28566063,1.6923076749088388,3.0519223243631735
418,2004-08-31,NSE:CANBK,25.85316822,25.95043372,25.17230971,25.86289672,7110049.22495593,0.5673222721809005,1.6923076749088388
419,2004-09-01,NSE:CANBK,26.06715427,27.09816858,25.78508432,26.90363758,17430229.45000818,4.024069195602476,0.5673222721809005
420,2004-09-02,NSE:CANBK,26.94254378,27.23434028,26.71883507,27.00090308,14008970.14862443,0.3615328957311909,4.024069195602476
421,2004-09-03,NSE:CANBK,27.15652982,27.64285733,26.94254378,27.50668174,14280510.41447882,1.873191642892267,0.3615328957311909
422,2004-09-06,NSE:CANBK,27.77902709,27.77902709,27.33160578,27.41914473,6087255.95316679,-0.3182390766993399,1.873191642892267
423,2004-09-07,NSE:CANBK,27.28297303,27.51641023,27.13707478,27.38996508,5115380.01536639,-0.10642071547940536,-0.3182390766993399
424,2004-09-08,NSE:CANBK,27.46777748,27.61367573,26.98144998,27.12734823,4410011.72656274,-0.9588068083802047,-0.10642071547940536
425,2004-09-09,NSE:CANBK,27.31215074,27.31215074,26.31031802,26.53402673,5373523.95892147,-2.1871710237561923,-0.9588068083802047
426,2004-09-10,NSE:CANBK,26.39785697,26.90363758,26.29086297,26.74801278,5990865.14755113,0.8064590127138952,-2.1871710237561923
427,2004-09-13,NSE:CANBK,26.55348177,26.79664553,26.07688082,26.59238797,6874328.44251735,-0.5818182131136213,0.8064590127138952
428,2004-09-14,NSE:CANBK,26.63129223,26.74801278,26.44648972,26.60211452,3488014.72785299,0.036576444398197044,-0.5818182131136213
429,2004-09-15,NSE:CANBK,26.73828622,27.13707478,26.48539398,26.58265948,3586209.87311832,-0.07313343450714693,0.036576444398197044
430,2004-09-16,NSE:CANBK,26.45621627,27.49695908,26.45621627,27.34133233,4384103.25979815,2.854014101075187,-0.07313343450714693
431,2004-09-17,NSE:CANBK,27.52613678,28.15836254,27.42887128,28.00273774,8679120.46224899,2.419067959150915,2.854014101075187
432,2004-09-20,NSE:CANBK,27.23434028,28.86839875,27.23434028,28.64469004,10951159.34271495,2.292462636905015,2.419067959150915
433,2004-09-21,NSE:CANBK,28.70304935,29.42281405,28.59605729,29.2380096,9863327.59443659,2.071307314449827,2.292462636905015
434,2004-09-22,NSE:CANBK,29.2769158,30.95960702,29.19910535,30.80398611,14904673.1379094,5.355961405799657,2.071307314449827
435,2004-09-23,NSE:CANBK,30.50246111,30.61917777,29.5687123,29.90914156,15207483.48378939,-2.9049634901293038,5.355961405799657
436,2004-09-24,NSE:CANBK,29.90914156,30.09394601,29.19910535,29.5395346,12834807.68787692,-1.2357658586039295,-2.9049634901293038
437,2004-09-27,NSE:CANBK,29.52007955,29.5687123,28.93648655,29.4130875,6298656.70460074,-0.42806056937674314,-1.2357658586039295
438,2004-09-28,NSE:CANBK,29.3741813,29.4714468,28.625235,28.77113325,3948599.41141927,-2.1825462899806127,-0.42806056937674314
439,2004-09-29,NSE:CANBK,28.625235,29.07265825,28.20699529,28.57660225,5374767.97657167,-0.6761325607499239,-2.1825462899806127
440,2004-09-30,NSE:CANBK,28.76141059,30.34683631,28.6933228,30.17176036,13406115.08288021,5.582042595704322,-0.6761325607499239
441,2004-10-01,NSE:CANBK,30.15230531,30.44410181,29.58816735,30.19121151,3471914.46636357,0.06446806473309238,5.582042595704322
442,2004-10-04,NSE:CANBK,30.39546906,30.73589832,29.80214951,29.98695201,3545671.34754182,-0.6765528436390963,0.06446806473309238
443,2004-10-05,NSE:CANBK,30.21066461,31.80581883,29.7340656,31.46538957,9243159.09296555,4.930269536920501,-0.6765528436390963
444,2004-10-06,NSE:CANBK,31.61128782,32.07816028,30.34683631,30.52191227,7941767.5543562,-2.998460571737323,4.930269536920501
445,2004-10-07,NSE:CANBK,30.54136731,31.02769482,30.15230531,30.62890626,9006435.89961049,0.35054812114496464,-2.998460571737323
446,2004-10-08,NSE:CANBK,30.54136731,30.82343727,30.23984426,30.63863282,5689956.81212807,0.03175614537925298,0.35054812114496464
447,2004-10-11,NSE:CANBK,30.46355686,31.44593453,30.36629136,30.53164076,5180629.25517651,-0.34920637819766515,0.03175614537925298
448,2004-10-12,NSE:CANBK,30.58027351,30.71644327,29.86050881,29.97722935,4724871.56571578,-1.815858552634158,-0.34920637819766515
449,2004-10-14,NSE:CANBK,29.79242101,30.31765861,29.61734505,29.94804776,4254221.64843422,-0.09734585427922582,-1.815858552634158
450,2004-10-15,NSE:CANBK,30.04531326,30.50246111,29.38390785,29.52007955,4270491.54869413,-1.4290354197031074,-0.09734585427922582
451,2004-10-18,NSE:CANBK,30.54136731,30.54136731,29.48117335,29.65625125,2924212.56330135,0.46128500354939594,-1.4290354197031074
452,2004-10-19,NSE:CANBK,29.76324331,29.90914156,29.014297,29.510353,3414884.99606865,-0.49196457357368084,0.46128500354939594
453,2004-10-20,NSE:CANBK,29.7340656,29.87023536,29.25746076,29.3450036,1870329.1313947,-0.5603098004283453,-0.49196457357368084
454,2004-10-21,NSE:CANBK,29.4130875,29.52007955,28.9851193,29.2185565,2193187.69560443,-0.430898226231603,-0.5603098004283453
455,2004-10-25,NSE:CANBK,29.1796503,29.1796503,27.65257999,27.89574374,2453542.08374458,-4.527303598998801,-0.430898226231603
456,2004-10-26,NSE:CANBK,28.00273774,29.0823848,27.78875558,28.65441659,6243878.80344132,2.719672424120139,-4.527303598998801
457,2004-10-27,NSE:CANBK,28.59605729,28.78086175,28.09027474,28.19726874,2659401.30200944,-1.5953835547974138,2.719672424120139
458,2004-10-28,NSE:CANBK,28.20699529,29.6270716,28.20699529,28.92676,12508067.9942213,2.587099008511997,-1.5953835547974138
459,2004-10-29,NSE:CANBK,29.18937685,29.32554855,28.24590149,28.38207125,4515038.68776659,-1.8829925992402963,2.587099008511997
460,2004-11-01,NSE:CANBK,28.34316699,28.97539275,28.24590149,28.89758035,3858073.99480727,1.8163195189639276,-1.8829925992402963
461,2004-11-02,NSE:CANBK,29.121291,29.54925726,28.81004334,28.87812725,5796001.60595482,-0.0673174008494444,1.8163195189639276
462,2004-11-03,NSE:CANBK,28.22645034,29.84105376,28.22645034,29.68543285,5879273.67998649,2.795560782079465,-0.0673174008494444
463,2004-11-04,NSE:CANBK,30.04531326,30.54136731,29.87996385,30.21066461,7823236.31890818,1.7693249165473997,2.795560782079465
464,2004-11-05,NSE:CANBK,29.86050881,30.67753902,29.86050881,30.36629136,4498789.34978189,0.515138451964044,1.7693249165473997
465,2004-11-08,NSE:CANBK,30.73589832,30.73589832,29.86050881,29.96750086,2795153.44294582,-1.3132670541563312,0.515138451964044
466,2004-11-09,NSE:CANBK,29.95777431,30.13285026,29.05320709,29.16019525,4066267.03130846,-2.6939370545829364,-1.3132670541563312
467,2004-11-10,NSE:CANBK,29.3741813,29.82160261,29.2769158,29.4325406,2209616.95349721,0.9339627106920635,-2.6939370545829364
468,2004-11-11,NSE:CANBK,29.5687123,29.81187606,28.86839875,28.95594159,3584832.20067925,-1.6192927973061253,0.9339627106920635
469,2004-11-12,NSE:CANBK,29.3741813,29.75351676,28.99484585,29.07265825,1225892.00460706,0.4030836284056808,-1.6192927973061253
470,2004-11-16,NSE:CANBK,29.2185565,30.32738127,28.9851193,30.09394601,6252052.30783729,3.5128805602081465,0.4030836284056808
471,2004-11-17,NSE:CANBK,30.31765861,31.30003628,30.15230531,31.15413802,8402043.80379432,3.5229411578252567,3.5128805602081465
472,2004-11-18,NSE:CANBK,31.47511612,32.41858954,31.36812407,32.11707038,8571744.2611024,3.090865038159062,3.5229411578252567
473,2004-11-19,NSE:CANBK,32.38941183,32.46722229,31.22222582,31.32921787,8596280.19599673,-2.453064680801688,3.090865038159062
474,2004-11-22,NSE:CANBK,31.12496032,31.80581883,30.55109386,31.54320003,6495365.71039715,0.683011497088486,-2.453064680801688
475,2004-11-23,NSE:CANBK,31.56265507,32.36995679,31.56265507,32.12679303,4865964.75763796,1.8501388554267126,0.683011497088486
476,2004-11-24,NSE:CANBK,31.92253937,32.96327829,31.53347737,32.78820039,8175755.96510833,2.0587406884415014,1.8501388554267126
477,2004-11-25,NSE:CANBK,31.90308433,33.9942926,31.90308433,33.68304105,12150680.22936519,2.7291545414395944,2.0587406884415014
478,2004-11-29,NSE:CANBK,34.0234703,34.50979781,33.45933234,33.71222265,6431941.37251193,0.08663588289633112,2.7291545414395944
479,2004-11-30,NSE:CANBK,34.0331988,34.4514424,33.36206684,33.8581209,5643537.47584151,0.43277552926342544,0.08663588289633112
480,2004-12-01,NSE:CANBK,34.2569114,38.88674535,33.50796509,37.30131963,28191110.63849864,10.169491508904143,0.43277552926342544
481,2004-12-02,NSE:CANBK,37.34995238,39.68432441,37.34995238,39.2369031,27864926.12627369,5.189048240650669,10.169491508904143
482,2004-12-03,NSE:CANBK,39.83994921,39.87885541,38.22534189,38.6144039,23767296.48470119,-1.586514609508007,5.189048240650669
483,2004-12-06,NSE:CANBK,39.0034659,39.38280135,37.68065509,38.02108434,12414720.40533673,-1.5365239394515104,-1.586514609508007
484,2004-12-07,NSE:CANBK,38.41014634,38.41014634,36.29948692,36.54265067,20304922.91403506,-3.8884574063675985,-1.5365239394515104
485,2004-12-08,NSE:CANBK,36.97061693,37.89463919,36.57182838,36.79553708,10200697.98437578,0.692030833460068,-3.8884574063675985
486,2004-12-09,NSE:CANBK,36.96089038,37.89463919,36.21194408,37.58338959,11885791.85954124,2.14116322935325,0.692030833460068
487,2004-12-10,NSE:CANBK,37.64174889,38.8478411,36.69827158,36.98034543,18158277.92836846,-1.6045496869192928,2.14116322935325
488,2004-12-13,NSE:CANBK,36.98034543,37.61257118,36.69827158,37.07761093,6329052.88792992,0.263019446868371,-1.6045496869192928
489,2004-12-14,NSE:CANBK,37.54448339,38.40041785,37.15542138,38.32260739,10069053.15791259,3.3578119754006575,0.263019446868371
490,2004-12-15,NSE:CANBK,38.5171384,38.6533101,37.64174889,37.83627989,6365797.67373018,-1.2690355200802572,3.3578119754006575
491,2004-12-16,NSE:CANBK,37.93354539,38.22534189,37.29159308,37.86545759,6966452.57602693,0.07711566804354295,-1.2690355200802572
492,2004-12-17,NSE:CANBK,38.03081089,38.18643569,36.92198418,37.18459909,7556852.0435627,-1.798099226403669,0.07711566804354295
493,2004-12-20,NSE:CANBK,37.25268688,37.64174889,36.88307992,37.42776284,4246001.87891902,0.6539367263620558,-1.798099226403669
494,2004-12-21,NSE:CANBK,37.12624368,38.59494885,37.12624368,38.40041785,5989477.19397446,2.5987527337874865,0.6539367263620558
495,2004-12-22,NSE:CANBK,38.82838994,39.56760386,38.05026594,38.53659344,10272593.97964752,0.3546200734896446,2.5987527337874865
496,2004-12-23,NSE:CANBK,37.45694444,40.64725287,37.45694444,40.30682361,16616061.02249964,4.593634288812232,0.3546200734896446
497,2004-12-24,NSE:CANBK,40.55971392,41.04604142,39.1979969,39.42170561,10724604.19445123,-2.1959507614993767,4.593634288812232
498,2004-12-27,NSE:CANBK,38.9062004,40.05393137,38.58522619,39.49951996,4192067.03104321,0.1973896075675254,-2.1959507614993767
499,2004-12-28,NSE:CANBK,39.45088721,39.83994921,39.12990911,39.34389515,3884804.95258026,-0.39399164890508975,0.1973896075675254
500,2004-12-29,NSE:CANBK,39.31471745,40.15119687,39.24662965,39.45088721,5397802.86537567,0.2719406901428672,-0.39399164890508975
501,2004-12-30,NSE:CANBK,39.49951996,40.31655016,38.34206244,38.81866145,11543594.47549651,-1.60256411125715,0.2719406901428672
502,2004-12-31,NSE:CANBK,39.60651395,41.53236893,38.9062004,41.35729297,17851699.54555624,6.539719364795364,-1.60256411125715
503,2005-01-03,NSE:CANBK,41.72689993,42.29103789,41.04604142,41.61990788,7692336.87492136,0.6349905691131514,6.539719364795364
504,2005-01-04,NSE:CANBK,41.82416543,44.66432,41.62963443,44.00291265,23537142.93827572,5.725636819934257,0.6349905691131514
505,2005-01-05,NSE:CANBK,44.35306846,44.35306846,38.22534189,40.66670597,32880568.82573401,-7.581786020703328,5.725636819934257
506,2005-01-06,NSE:CANBK,40.85151042,41.94088598,37.93354539,39.51897111,19587685.05186644,-2.8222961083857854,-7.581786020703328
507,2005-01-07,NSE:CANBK,39.68432441,40.57916896,38.78947985,40.06365986,12558635.76953148,1.3782968905842012,-2.8222961083857854
508,2005-01-10,NSE:CANBK,40.65697942,41.97006368,39.17854186,39.63569166,13976517.73777426,-1.0682204309229633,1.3782968905842012
509,2005-01-11,NSE:CANBK,39.87885541,40.26791741,37.65147544,38.02108434,15173247.29556474,-4.07361964022302,-1.0682204309229633
510,2005-01-12,NSE:CANBK,37.54448339,37.93354539,35.30737686,35.96878032,16804267.52749672,-5.397805074803927,-4.07361964022302
511,2005-01-13,NSE:CANBK,36.57182838,39.17854186,36.37729737,38.81866145,13155358.13669433,7.9232075834813855,-5.397805074803927
512,2005-01-14,NSE:CANBK,36.96089038,39.77186336,36.96089038,37.47639559,14937341.45264928,-3.4577850184991314,7.9232075834813855
513,2005-01-17,NSE:CANBK,37.91409034,40.65697942,37.15542138,39.88858196,21519721.57116633,6.436548478113662,-3.4577850184991314
514,2005-01-18,NSE:CANBK,40.09284146,42.06732918,39.89831046,41.72689993,34564146.23310273,4.608632043734849,6.436548478113662
515,2005-01-19,NSE:CANBK,41.43510343,41.62963443,40.12201916,40.41381567,16079226.28188591,-3.146853138389866,4.608632043734849
516,2005-01-20,NSE:CANBK,39.87885541,40.55971392,39.39252791,39.80104495,11423901.47149913,-1.5162406960124593,-3.146853138389866
517,2005-01-24,NSE:CANBK,40.07338641,40.07338641,37.28186459,37.57366109,13976044.80544443,-5.596294928432517,-1.5162406960124593
518,2005-01-25,NSE:CANBK,37.93354539,40.01502711,36.76635938,39.81076761,15343621.16738596,5.953922122844158,-5.596294928432517
519,2005-01-27,NSE:CANBK,39.97612091,39.97612091,38.7116694,39.08127636,14046552.8471395,-1.83239684586429,5.953922122844158
520,2005-01-28,NSE:CANBK,39.2952624,40.84178387,39.2952624,40.43327071,15739789.38328812,3.459442669031615,-1.83239684586429
521,2005-01-31,NSE:CANBK,40.46244842,41.38647068,40.09284146,40.75424492,10039458.9033166,0.7938368684099849,3.459442669031615
522,2005-02-01,NSE:CANBK,40.36518292,41.04604142,39.88858196,40.25819086,15192632.38051897,-1.2171837828764729,0.7938368684099849
523,2005-02-02,NSE:CANBK,40.22901121,40.94877592,39.91776161,40.08311296,12019503.19466303,-0.43488764959369564,-1.2171837828764729
524,2005-02-03,NSE:CANBK,40.17065191,41.20166622,40.12201916,40.72506721,7799466.32876543,1.6015578696211068,-0.43488764959369564
525,2005-02-04,NSE:CANBK,40.80287767,41.43510343,39.41198295,39.78158991,10259002.31573372,-2.316699184644508,1.6015578696211068
526,2005-02-07,NSE:CANBK,39.87885541,41.22111738,39.1590907,39.42170561,5911068.09802995,-0.9046503692139751,-2.316699184644508
527,2005-02-08,NSE:CANBK,39.58705891,40.26791741,39.1590907,40.10256412,9167644.13725685,1.7271158095891435,-0.9046503692139751
528,2005-02-09,NSE:CANBK,40.26791741,41.39619723,40.26791741,41.11412922,7151595.30201772,2.5224449413585424,1.7271158095891435
529,2005-02-10,NSE:CANBK,41.70744488,41.81443888,40.65697942,40.94877592,9902493.58814283,-0.4021812042161977,2.5224449413585424
530,2005-02-11,NSE:CANBK,40.64725287,41.58100168,40.49162612,40.80287767,6299623.13153561,-0.35629453316269455,-0.4021812042161977
531,2005-02-14,NSE:CANBK,40.85151042,41.24057242,40.27764396,40.87096547,11824958.36833247,0.16687009320928786,-0.35629453316269455
532,2005-02-15,NSE:CANBK,41.24057242,41.33783793,40.18037846,40.48190346,5979124.08840623,-0.9519276227658037,0.16687009320928786
533,2005-02-16,NSE:CANBK,40.85151042,40.86123697,39.0423721,39.39252791,8410962.69066665,-2.6910185956952524,-0.9519276227658037
534,2005-02-17,NSE:CANBK,39.68432441,39.87885541,38.9451066,39.73295716,8494532.91768887,0.8641975218695724,-2.6910185956952524
535,2005-02-18,NSE:CANBK,40.07338641,40.25819086,39.39252791,39.63569166,4346561.6858335,-0.24479803908962033,0.8641975218695724
536,2005-02-21,NSE:CANBK,39.78158991,39.87885541,38.92565545,39.21745195,3116562.36675324,-1.0552098184326266,-0.24479803908962033
537,2005-02-22,NSE:CANBK,39.2952624,40.94877592,38.9062004,40.82233272,10342623.94844396,4.092261710541858,-1.0552098184326266
538,2005-02-23,NSE:CANBK,41.24057242,41.24057242,40.30682361,40.53053621,7897137.1360129,-0.7147962660571777,4.092261710541858
539,2005-02-24,NSE:CANBK,40.75424492,40.94877592,39.60651395,39.95666587,8286144.53957318,-1.4158962443196335,-0.7147962660571777
540,2005-02-25,NSE:CANBK,40.46244842,41.04604142,39.68432441,40.56944047,4933604.36194124,1.533597928299821,-1.4158962443196335
541,2005-02-28,NSE:CANBK,40.46244842,42.8746309,39.97612091,42.51475049,14205653.45157683,4.795013185943488,1.533597928299821
542,2005-03-01,NSE:CANBK,42.58283439,42.68009989,41.84362048,42.35912569,9451897.02975981,-0.36604895525990006,4.795013185943488
543,2005-03-02,NSE:CANBK,42.07705573,43.67220995,42.07705573,43.43877275,8429828.57817182,2.5487944862253817,-0.36604895525990006
544,2005-03-03,NSE:CANBK,43.57494445,43.73056925,42.64119564,42.86490824,6709485.82272763,-1.321088220661114,2.5487944862253817
545,2005-03-04,NSE:CANBK,42.99135144,43.4582239,42.32021949,42.90381249,5374737.13315886,0.09076013829815593,-1.321088220661114
546,2005-03-07,NSE:CANBK,42.99135144,45.71478547,42.62174448,45.32572347,17343533.75715404,5.64497847496536,0.09076013829815593
547,2005-03-08,NSE:CANBK,44.93666146,46.39564398,44.35306846,45.26736417,12420596.07547799,-0.1287553634717512,5.64497847496536
548,2005-03-09,NSE:CANBK,45.32572347,45.48134827,43.21506015,44.70322426,9692599.02336801,-1.2462398028773973,-0.1287553634717512
549,2005-03-10,NSE:CANBK,44.70322426,45.87041027,44.0709985,45.48134827,9830052.69257802,1.740644042752542,-1.2462398028773973
550,2005-03-11,NSE:CANBK,45.71478547,46.99869203,45.24791301,45.47162172,12434162.03654778,-0.021385799607906694,1.740644042752542
551,2005-03-14,NSE:CANBK,46.10384747,46.10384747,44.3725235,44.58650566,7453141.06797229,-1.946524066043364,-0.021385799607906694
552,2005-03-15,NSE:CANBK,44.70322426,45.27709072,43.60412215,43.8181082,8597195.21724357,-1.7233856940023828,-1.946524066043364
553,2005-03-16,NSE:CANBK,43.76947545,44.5670545,42.66064874,42.9718964,12047709.49568234,-1.9311919997495441,-1.7233856940023828
554,2005-03-17,NSE:CANBK,42.99135144,43.01080649,41.04604142,41.42537688,11138862.07196938,-3.5989091698545495,-1.9311919997495441
555,2005-03-18,NSE:CANBK,41.24057242,41.77553268,39.91776161,41.28920517,8276963.48369192,-0.32871568168096116,-3.5989091698545495
556,2005-03-21,NSE:CANBK,41.53236893,42.15486813,40.96823097,41.67826718,6744457.11229103,0.9422850558593022,-0.32871568168096116
557,2005-03-22,NSE:CANBK,41.43510343,41.72689993,39.1688192,39.59678546,6652266.15138702,-4.994165690743574,0.9422850558593022
558,2005-03-23,NSE:CANBK,39.48979341,40.00529862,37.01924968,37.73901439,10777726.83245625,-4.691721937571642,-4.994165690743574
559,2005-03-24,NSE:CANBK,37.54448339,38.7505756,37.03870084,37.82655334,10722702.1839943,0.23195876048949315,-4.691721937571642
560,2005-03-28,NSE:CANBK,38.12807639,39.42170561,38.12807639,38.89647385,5816790.06619212,2.8284906118279793,0.23195876048949315
561,2005-03-29,NSE:CANBK,38.9062004,39.09100485,37.18459909,37.70010819,6365067.71296022,-3.0757689363145135,2.8284906118279793
562,2005-03-30,NSE:CANBK,37.54448339,38.28370119,37.07761093,37.95300044,6644344.53486237,0.6707997991026323,-3.0757689363145135
563,2005-03-31,NSE:CANBK,38.12807639,39.66486936,38.12807639,38.9062004,10841459.60446963,2.5115272809772256,0.6707997991026323
564,2005-04-01,NSE:CANBK,39.2952624,40.25819086,38.7505756,40.07338641,5327433.61903827,2.999999994859417,2.5115272809772256
565,2005-04-04,NSE:CANBK,40.43327071,41.18221312,39.87885541,40.06365986,5536079.02559408,-0.02427184441185423,2.999999994859417
566,2005-04-05,NSE:CANBK,40.46244842,40.46244842,38.82838994,39.20772345,6057312.13989223,-2.136440886806186,-0.02427184441185423
567,2005-04-06,NSE:CANBK,39.48979341,39.6551467,38.9062004,39.2369031,4052886.13071556,0.074423219285373,-2.136440886806186
568,2005-04-07,NSE:CANBK,39.2952624,40.07338641,39.12018645,39.27580736,4019631.79113219,0.09915221876928015,0.074423219285373
569,2005-04-08,NSE:CANBK,39.52869961,39.66486936,38.32260739,38.66303665,4982624.82604187,-1.560173427839115,0.09915221876928015
570,2005-04-11,NSE:CANBK,38.32260739,39.2952624,37.37913009,37.49585064,5334692.10218739,-3.0188679191602033,-1.560173427839115
571,2005-04-12,NSE:CANBK,37.54448339,37.78764714,36.65936733,37.25268688,6704170.47458585,-0.6485084505339859,-3.0188679191602033
572,2005-04-13,NSE:CANBK,37.54448339,37.82655334,37.06788243,37.28186459,4457510.58229783,0.07832377324617565,-0.6485084505339859
573,2005-04-15,NSE:CANBK,36.94143533,37.13596634,36.22167257,36.77608593,5781859.90117915,-1.3566345609646913,0.07832377324617565
574,2005-04-18,NSE:CANBK,36.57182838,37.64174889,35.81315941,36.90253108,4239041.54876044,0.34382438153064787,-1.3566345609646913
575,2005-04-19,NSE:CANBK,37.15542138,37.83627989,35.40464236,35.80343092,4049986.84991095,-2.978386923155207,0.34382438153064787
576,2005-04-20,NSE:CANBK,35.98823537,36.32866462,34.29581565,35.01558036,10852357.61033092,-2.200489002744979,-2.978386923155207
577,2005-04-21,NSE:CANBK,35.21011136,35.78397782,34.43198735,35.51163442,6323115.53096303,1.4166666806604338,-2.200489002744979
578,2005-04-22,NSE:CANBK,35.98823537,36.18276637,35.21983791,35.48245282,4234651.5030031,-0.08217475899550877,1.4166666806604338
579,2005-04-25,NSE:CANBK,35.78397782,36.22167257,35.55054062,35.89096987,3154582.01361652,1.151321336414872,-0.08217475899550877
580,2005-04-26,NSE:CANBK,35.98823537,36.37729737,35.55054062,35.70616542,2324822.24093001,-0.5149051437433375,1.151321336414872
581,2005-04-27,NSE:CANBK,35.60889992,35.94932917,35.21011136,35.43382007,2070364.08520633,-0.7627404029429796,-0.5149051437433375
582,2005-04-28,NSE:CANBK,35.28792182,35.69643887,34.68487766,35.07393966,7130493.26708347,-1.0156410155299473,-0.7627404029429796
583,2005-04-29,NSE:CANBK,35.15175206,35.21011136,33.52742014,33.9942926,5522919.16945968,-3.0782029919247433,-1.0156410155299473
584,2005-05-02,NSE:CANBK,33.9942926,35.11284586,33.07027034,34.04292535,4082110.26435776,0.14306151497912298,-3.0782029919247433
585,2005-05-03,NSE:CANBK,33.45933234,35.01558036,33.45933234,33.71222265,6568444.03649347,-0.9714285614411696,0.14306151497912298
586,2005-05-04,NSE:CANBK,33.61495715,34.39308115,33.61495715,34.20827865,7052675.33655124,1.4714425837478735,-0.9714285614411696
587,2005-05-05,NSE:CANBK,34.89885981,37.69038164,34.62651836,36.94143533,16959728.60922189,7.989752153167756,1.4714425837478735
588,2005-05-06,NSE:CANBK,37.33049734,37.33049734,35.55054062,36.42593012,9025512.55043656,-1.39546610843613,7.989752153167756
589,2005-05-09,NSE:CANBK,35.21011136,38.12807639,35.21011136,37.89463919,17441086.33131906,4.032042737581584,-1.39546610843613
590,2005-05-10,NSE:CANBK,37.93354539,39.76213486,37.09706208,38.85756765,22706982.20122261,2.54106776204405,4.032042737581584
591,2005-05-11,NSE:CANBK,38.37124014,38.7116694,37.60284269,38.17670914,6392266.46249424,-1.7521902454952047,2.54106776204405
592,2005-05-12,NSE:CANBK,38.32260739,38.78947985,37.74874094,38.12807639,4024463.92580654,-0.12738853373049797,-1.7521902454952047
593,2005-05-13,NSE:CANBK,38.12807639,38.27397464,37.39858513,38.01135585,2576792.36135328,-0.30612753396237036,-0.12738853373049797
594,2005-05-16,NSE:CANBK,38.05026594,38.59494885,38.05026594,38.37124014,2514699.4307879,0.9467809867666074,-0.30612753396237036
595,2005-05-17,NSE:CANBK,38.24479694,38.78947985,37.60284269,37.78764714,2963008.43605381,-1.5209125320701729,0.9467809867666074
596,2005-05-18,NSE:CANBK,37.34995238,38.32260739,36.37729737,37.70983668,4311055.77711464,-0.2059150698420408,-1.5209125320701729
597,2005-05-19,NSE:CANBK,37.44721789,38.4198729,37.44721789,37.81682484,1687581.91046587,0.28371419613371873,-0.2059150698420408
598,2005-05-20,NSE:CANBK,37.93354539,37.93354539,37.15542138,37.45694444,3059512.33418311,-0.951640973356772,0.28371419613371873
599,2005-05-23,NSE:CANBK,36.23139912,38.03081089,36.23139912,37.54448339,1514164.82191358,0.23370552859757654,-0.951640973356772
600,2005-05-24,NSE:CANBK,37.06788243,38.10862135,37.06788243,37.72928784,3330764.72818456,0.49222797416149056,0.23370552859757654
601,2005-05-25,NSE:CANBK,37.73901439,38.53659344,37.39858513,38.05026594,4534649.95774812,0.8507398850494841,0.49222797416149056
602,2005-05-26,NSE:CANBK,37.80710218,38.32260739,37.36940743,37.86545759,5146367.36410786,-0.48569529130603595,0.8507398850494841
603,2005-05-27,NSE:CANBK,37.86545759,39.27580736,37.83627989,38.1572541,6049642.4112389,0.7706139805823079,-0.48569529130603595
604,2005-05-30,NSE:CANBK,38.12807639,38.30315235,37.37913009,37.63202234,2354087.49912263,-1.3764925500758296,0.7706139805823079
605,2005-05-31,NSE:CANBK,37.04842933,39.0423721,37.04842933,38.81866145,6918012.99620099,3.1532695725966704,-1.3764925500758296
606,2005-06-01,NSE:CANBK,38.9062004,39.48979341,38.40041785,38.7408471,5067809.19166807,-0.2004560360748787,3.1532695725966704
607,2005-06-02,NSE:CANBK,38.9062004,39.2563562,38.4198729,38.6144039,3057039.72058911,-0.3263821249794101,-0.2004560360748787
608,2005-06-03,NSE:CANBK,38.6533101,39.2369031,38.5463161,39.0618252,2931486.46815689,1.1586901643197502,-0.3263821249794101
609,2005-06-06,NSE:CANBK,39.27580736,39.47033836,38.63385894,38.8089349,4056695.29219821,-0.6474103519361513,1.1586901643197502
610,2005-06-07,NSE:CANBK,39.1007314,40.54025887,38.8089349,40.22901121,7651628.71057437,3.6591478577269743,-0.6474103519361513
611,2005-06-08,NSE:CANBK,40.61807322,40.90014317,39.68432441,39.89831046,5786301.3526245,-0.8220454345092153,3.6591478577269743
612,2005-06-09,NSE:CANBK,40.15119687,40.39436062,39.71350211,40.06365986,2819262.71062954,0.4144270724590571,-0.8220454345092153
613,2005-06-10,NSE:CANBK,40.24846237,40.42354222,39.1688192,39.39252791,2186618.04867483,-1.6751638575837366,0.4144270724590571
614,2005-06-13,NSE:CANBK,39.48979341,40.05393137,39.37307286,39.89831046,2963805.22421819,1.2839555540978718,-1.6751638575837366
615,2005-06-14,NSE:CANBK,39.89831046,40.83205537,39.70377945,40.72506721,4266445.92104656,2.0721597994202416,1.2839555540978718
616,2005-06-15,NSE:CANBK,40.75424492,40.90014317,40.26791741,40.73478987,4659812.52695136,0.023873895529419625,2.0721597994202416
617,2005-06-16,NSE:CANBK,40.26791741,41.22111738,39.92748816,40.66670597,4032174.77901029,-0.16713944080055165,0.023873895529419625
618,2005-06-17,NSE:CANBK,40.56944047,40.75424492,39.68432441,39.93721471,4569924.54087087,-1.7938292335212789,-0.16713944080055165
619,2005-06-20,NSE:CANBK,39.97612091,40.46244842,39.2952624,40.25819086,2100436.41270094,0.8037018914081399,-1.7938292335212789
620,2005-06-21,NSE:CANBK,40.17065191,40.85151042,39.69405096,40.44299337,3893543.91954451,0.4590432556760062,0.8037018914081399
621,2005-06-22,NSE:CANBK,40.65697942,41.62963443,39.87885541,41.11412922,6624049.5692301,1.659461365433542,0.4590432556760062
622,2005-06-23,NSE:CANBK,41.26002747,42.21322743,40.92932088,41.64908947,11999717.14534221,1.301159139568413,1.659461365433542
623,2005-06-24,NSE:CANBK,41.66854063,42.78709389,41.36701563,42.30076638,10101526.13103797,1.5646846504757432,1.301159139568413
624,2005-06-27,NSE:CANBK,42.34939914,42.98162489,41.87279818,42.47584623,9269977.44040819,0.4138928558107203,1.5646846504757432
625,2005-06-28,NSE:CANBK,42.40775844,42.60228944,40.75424492,40.99740867,3967850.84158462,-3.4806547513956456,0.4138928558107203
626,2005-06-29,NSE:CANBK,41.04604142,41.33783793,40.58889162,41.17248463,2247909.05050702,0.42704152696390635,-3.4806547513956456
627,2005-06-30,NSE:CANBK,39.88858196,41.88252473,39.88858196,41.14330692,2973119.93488832,-0.0708670129145884,0.42704152696390635
628,2005-07-01,NSE:CANBK,40.67643446,42.54393014,40.67643446,42.25213363,4563308.62882205,2.695035457786684,-0.0708670129145884
629,2005-07-04,NSE:CANBK,42.40775844,42.99135144,42.24240514,42.50502394,2872899.40551481,0.5985267210753114,2.695035457786684
630,2005-07-05,NSE:CANBK,41.62963443,42.69955494,41.35729297,42.09650689,2626342.30404057,-0.9611029759132994,0.5985267210753114
631,2005-07-06,NSE:CANBK,41.26002747,42.69955494,41.26002747,42.52447898,2238692.01064414,1.0166451366577918,-0.9611029759132994
632,2005-07-07,NSE:CANBK,42.60228944,43.38041345,42.01869643,42.39803189,5505826.77819138,-0.29735129749495454,1.0166451366577918
633,2005-07-08,NSE:CANBK,42.51475049,44.52814441,42.50502394,43.96400645,7315291.57496449,3.69350767050428,-0.29735129749495454
634,2005-07-11,NSE:CANBK,44.33361341,45.61751997,43.69166499,45.29654576,5618235.59619561,3.0309778784958787,3.69350767050428
635,2005-07-12,NSE:CANBK,45.15064751,46.39564398,44.35306846,46.19138642,5176198.08486876,1.9755163334997752,3.0309778784958787
636,2005-07-13,NSE:CANBK,46.22056802,47.05704744,45.23818452,45.50079942,3477008.77004684,-1.495055796162441,1.9755163334997752
637,2005-07-14,NSE:CANBK,45.85095717,46.68744048,44.74213046,46.52208718,4139242.54602873,2.2445490475296794,-1.495055796162441
638,2005-07-15,NSE:CANBK,46.49290948,47.27103349,45.75369167,46.11357402,5952737.548743,-0.8781058305045683,2.2445490475296794
639,2005-07-18,NSE:CANBK,46.29837848,46.49290948,45.71478547,46.44427673,1697775.65840123,0.7171482953296299,-0.8781058305045683
640,2005-07-19,NSE:CANBK,46.68744048,46.76525094,45.42298897,45.86068372,1672622.8552506,-1.2565445111626379,0.7171482953296299
641,2005-07-20,NSE:CANBK,46.27892343,46.66798543,44.81994092,45.80232442,2064323.91686339,-0.1272534451433585,-1.2565445111626379
642,2005-07-21,NSE:CANBK,45.94822267,46.25947228,44.54759946,45.06310467,2022680.16899435,-1.6139350117288145,-0.1272534451433585
643,2005-07-22,NSE:CANBK,44.94638801,47.17376799,44.94638801,46.92087768,4009134.74963749,4.122603232965385,-1.6139350117288145
644,2005-07-25,NSE:CANBK,46.53181568,47.66009549,44.81994092,47.17376799,8262801.21664104,0.5389718234273342,4.122603232965385
645,2005-07-26,NSE:CANBK,45.90931647,47.07650248,45.54943217,46.43455018,7350740.93742652,-1.5670103141998335,0.5389718234273342
646,2005-07-27,NSE:CANBK,46.48318293,47.21267419,45.90931647,46.57071993,4946080.5224249,0.2932509294741714,-1.5670103141998335
647,2005-07-29,NSE:CANBK,45.89958992,49.99446751,45.15064751,48.54521155,12998565.64764931,4.239770445824831,0.2932509294741714
648,2005-08-01,NSE:CANBK,48.6327505,50.56833592,48.26314354,49.93611016,6568187.00805335,2.8651612910727975,4.239770445824831
649,2005-08-02,NSE:CANBK,49.39141946,50.33489677,48.535485,48.8856408,4367920.74920788,-2.103626727500797,2.8651612910727975
650,2005-08-03,NSE:CANBK,48.8856408,49.50814001,47.36829899,47.58228503,3884722.70347942,-2.6661321170612458,-2.103626727500797
651,2005-08-04,NSE:CANBK,47.75736099,48.146423,46.20111298,46.58044843,5493093.58926759,-2.105482322608844,-2.6661321170612458
652,2005-08-05,NSE:CANBK,42.52447898,48.1756007,42.52447898,47.27103349,2729785.97005325,1.482564215837893,-2.105482322608844
653,2005-08-08,NSE:CANBK,47.36829899,47.82544879,45.13119246,46.07466977,4068539.16271916,-2.530860088457949,1.482564215837893
654,2005-08-09,NSE:CANBK,46.29837848,46.54154223,44.35306846,45.15064751,4054042.75869612,-2.005488622300767,-2.530860088457949
655,2005-08-10,NSE:CANBK,45.42298897,46.68744048,45.35490117,46.45400328,2204949.31702454,2.8866823442816294,-2.005488622300767
656,2005-08-11,NSE:CANBK,46.49290948,47.75736099,45.56888722,46.40537053,6413512.43335497,-0.10469011617119557,2.8866823442816294
657,2005-08-12,NSE:CANBK,46.49290948,46.78470598,46.10384747,46.51236452,3497488.796156,0.23056380927037376,-0.10469011617119557
658,2005-08-16,NSE:CANBK,47.17376799,47.27103349,45.78287327,47.13486178,4890639.48788996,1.3383479133432001,0.23056380927037376
659,2005-08-17,NSE:CANBK,47.07650248,47.07650248,46.39564398,46.49290948,1553993.94899534,-1.3619479844796942,1.3383479133432001
660,2005-08-18,NSE:CANBK,47.06677593,47.27103349,45.74396317,46.01630852,2042481.64002157,-1.0251046134357753,-1.3619479844796942
661,2005-08-19,NSE:CANBK,47.07650248,47.07650248,44.86857367,45.13119246,2470428.85226078,-1.9234834093988757,-1.0251046134357753
662,2005-08-22,NSE:CANBK,45.22845797,45.90931647,44.168264,44.47951166,1385599.19616309,-1.4439698232604623,-1.9234834093988757
663,2005-08-23,NSE:CANBK,45.71478547,45.71478547,42.80654699,43.11779465,2101680.43035115,-3.0614477524144643,-1.4439698232604623
664,2005-08-24,NSE:CANBK,43.18588244,43.34150725,41.39619723,42.18404973,2670242.7616139,-2.1655674358567927,-3.0614477524144643
665,2005-08-25,NSE:CANBK,42.56338324,43.05943924,41.82416543,42.42721348,6906816.83734914,0.5764352914345021,-2.1655674358567927
666,2005-08-26,NSE:CANBK,42.62174448,43.67220995,42.62174448,43.39014,1859451.68780861,2.2695964241298165,0.5764352914345021
667,2005-08-29,NSE:CANBK,43.32205415,43.38041345,42.01869643,42.24240514,1911777.53764924,-2.645151317787866,2.2695964241298165
668,2005-08-30,NSE:CANBK,42.60228944,44.39197466,42.42721348,43.76947545,3135448.81653362,3.61501743316692,-2.645151317787866
669,2005-08-31,NSE:CANBK,44.06127195,44.06127195,43.30260299,43.6624834,1265844.50534008,-0.24444444193128279,3.61501743316692
670,2005-09-01,NSE:CANBK,43.76947545,44.31416226,43.23451519,43.59439949,994283.67721048,-0.15593228945836504,-0.24444444193128279
671,2005-09-02,NSE:CANBK,43.38041345,47.50447069,43.18588244,43.886196,1077530.04839815,0.6693440290809187,-0.15593228945836504
672,2005-09-05,NSE:CANBK,43.96400645,45.28681727,43.779202,44.83939596,1845567.01147306,2.1719812762992703,0.6693440290809187
673,2005-09-06,NSE:CANBK,44.93666146,45.29654576,44.06127195,44.60595876,1246886.08759646,-0.5206073699303182,2.1719812762992703
674,2005-09-08,NSE:CANBK,44.64486496,45.03392696,44.38224616,44.93666146,1123589.54486853,0.7413868218354676,-0.5206073699303182
675,2005-09-09,NSE:CANBK,44.93666146,46.38591743,44.54759946,45.91904302,3197814.19724554,2.1861471860219344,0.7413868218354676
676,2005-09-12,NSE:CANBK,46.31783352,46.78470598,46.30810503,46.59017498,1943535.97171108,1.461554762166304,2.1861471860219344
677,2005-09-13,NSE:CANBK,46.86251644,47.00841469,46.10384747,46.89169803,2860572.32152642,0.6471816217248303,1.461554762166304
678,2005-09-14,NSE:CANBK,47.07650248,47.62118929,45.46189517,46.29837848,2088361.21658387,-1.2652976431359229,0.6471816217248303
679,2005-09-15,NSE:CANBK,46.44427673,46.88197148,46.00658197,46.64853428,1430229.61450638,0.7563025131674183,-1.2652976431359229
680,2005-09-16,NSE:CANBK,46.50263603,47.64064044,46.50263603,47.51419724,1986387.75324871,1.8557130965873545,0.7563025131674183
681,2005-09-19,NSE:CANBK,47.29048853,48.58411775,47.27103349,48.01025129,2219435.43990998,1.0440122717308438,1.8557130965873545
682,2005-09-20,NSE:CANBK,48.04915749,49.0218125,47.07650248,48.51602995,4340326.17587607,1.0534805513616323,1.0440122717308438
683,2005-09-21,NSE:CANBK,48.6327505,48.6327505,45.76341822,47.06677593,4417301.05312468,-2.9871653173056014,1.0534805513616323
684,2005-09-22,NSE:CANBK,46.29837848,47.75736099,44.38224616,45.54943217,3595694.22255893,-3.223810703024705,-2.9871653173056014
685,2005-09-23,NSE:CANBK,44.98529421,47.10568019,43.86674095,44.57677716,3071859.98044672,-2.1353833926400054,-3.223810703024705
686,2005-09-26,NSE:CANBK,44.89775526,45.49107676,44.74213046,45.20900292,2120700.53492039,1.418285036019424,-2.1353833926400054
687,2005-09-27,NSE:CANBK,46.08439243,46.10384747,44.74213046,45.20900292,7131932.62634816,0.0,1.418285036019424
688,2005-09-28,NSE:CANBK,45.50079942,45.70505892,44.95611651,45.11173742,3696099.81240934,-0.21514630652687264,0.0
689,2005-09-29,NSE:CANBK,45.69533042,45.69533042,43.76947545,44.68377116,4455053.39041023,-0.9486805086125146,-0.21514630652687264
690,2005-09-30,NSE:CANBK,44.93666146,45.21873141,43.76947545,45.11173742,3831728.57969446,0.9577666541786982,-0.9486805086125146
691,2005-10-03,NSE:CANBK,45.67587927,45.82177752,45.15064751,45.37435622,2083919.76513852,0.5821518190597892,0.9577666541786982
692,2005-10-04,NSE:CANBK,45.52025447,46.84306528,45.42298897,46.53181568,2272496.39108938,2.5509110352728617,0.5821518190597892
693,2005-10-05,NSE:CANBK,46.76525094,47.07650248,45.54943217,45.86068372,1546858.83949747,-1.442307698920215,2.5509110352728617
694,2005-10-06,NSE:CANBK,45.52025447,45.71478547,44.35306846,44.5670545,3292873.59554134,-2.8207804922800217,-1.442307698920215
695,2005-10-07,NSE:CANBK,45.03392696,45.13119246,42.69955494,43.71111615,3244706.46586193,-1.9205629799923063,-2.8207804922800217
696,2005-10-10,NSE:CANBK,44.72267541,44.72267541,42.42721348,42.56338324,2522086.42815709,-2.6257231823168667,-1.9205629799923063
697,2005-10-11,NSE:CANBK,43.18588244,44.25580296,42.11596193,43.79865315,3351650.85922911,2.902189196368027,-2.6257231823168667
698,2005-10-13,NSE:CANBK,43.39986849,44.23634791,42.40775844,42.78709389,3705059.82383209,-2.3095670465839393,2.902189196368027
699,2005-10-14,NSE:CANBK,42.60228944,43.27342139,41.06549647,41.33783793,4368198.33992322,-3.3871334279580867,-2.3095670465839393
700,2005-10-17,NSE:CANBK,41.61017938,41.61017938,40.12201916,41.03631487,3633364.31074364,-0.7294117813093883,-3.3871334279580867
701,2005-10-18,NSE:CANBK,41.24057242,41.61017938,39.87885541,40.38463796,1451845.70632089,-1.588049297468506,-0.7294117813093883
702,2005-10-19,NSE:CANBK,40.07338641,40.21928466,38.56577115,39.69405096,2846019.37124654,-1.7100239964612542,-1.588049297468506
703,2005-10-20,NSE:CANBK,40.44299337,40.54025887,37.83627989,38.6435816,1920994.57751212,-2.6464151040128585,-1.7100239964612542
704,2005-10-21,NSE:CANBK,38.77975719,40.06365986,37.93354539,39.6551467,1984927.8317088,2.6176794647833725,-2.6464151040128585
705,2005-10-24,NSE:CANBK,39.80104495,40.26791741,38.8089349,39.17854186,4474880.56428147,-1.2018738541194205,2.6176794647833725
706,2005-10-25,NSE:CANBK,39.17854186,39.91776161,38.46850565,39.69405096,2836833.17479648,1.315794502618571,-1.2018738541194205
707,2005-10-26,NSE:CANBK,39.74268371,40.07338641,39.2952624,39.67459786,1877710.98819508,-0.049007595671207306,1.315794502618571
708,2005-10-27,NSE:CANBK,39.66486936,39.66486936,36.76635938,37.90436769,3348242.66211306,-4.461873000569836,-0.049007595671207306
709,2005-10-28,NSE:CANBK,37.73901439,38.31288084,37.09706208,37.59311614,1683017.08536925,-0.8211495639382911,-4.461873000569836
710,2005-10-31,NSE:CANBK,37.64174889,39.45088721,37.60284269,39.31471745,1900098.16532997,4.579565321450376,-0.8211495639382911
711,2005-11-01,NSE:CANBK,39.96639436,40.21928466,38.9062004,39.2563562,350607.35460562,-0.1484463167622342,4.579565321450376
712,2005-11-02,NSE:CANBK,38.77975719,39.47033836,38.32260739,39.30498895,1131763.04926451,0.12388503342549914,-0.1484463167622342
713,2005-11-07,NSE:CANBK,39.48979341,40.16092536,38.5171384,39.93721471,1363515.31258755,1.608512753442708,0.12388503342549914
714,2005-11-08,NSE:CANBK,40.75424492,41.99924139,40.28737246,41.44482998,3473718.80601324,3.7749634794198754,1.608512753442708
715,2005-11-09,NSE:CANBK,41.82416543,42.37858073,40.56944047,40.85151042,4801615.11736829,-1.4315888381887982,3.7749634794198754
716,2005-11-10,NSE:CANBK,41.14330692,41.61017938,40.19982962,40.40408912,3663251.57776137,-1.0952380839777893,-1.4315888381887982
717,2005-11-11,NSE:CANBK,40.46244842,41.21139472,40.38463796,40.96823097,2450791.87943524,1.3962493952641757,-1.0952380839777893
718,2005-11-14,NSE:CANBK,41.06549647,41.53236893,40.34572787,40.97795363,3157943.94561336,0.02373219387266437,1.3962493952641757
719,2005-11-16,NSE:CANBK,41.35729297,41.99924139,41.07521913,41.85334313,3750091.20654198,2.136245035328274,0.02373219387266437
720,2005-11-17,NSE:CANBK,42.11596193,42.46611774,41.45455847,41.62963443,4060057.22419504,-0.5345061667000841,2.136245035328274
721,2005-11-18,NSE:CANBK,41.62963443,42.18404973,40.59862012,40.81260422,2323984.3282152,-1.9626168261790466,-0.5345061667000841
722,2005-11-21,NSE:CANBK,40.65697942,41.14330692,39.48979341,39.83022266,3772802.23951142,-2.407054337195639,-1.9626168261790466
723,2005-11-22,NSE:CANBK,38.92565545,40.25819086,38.92565545,39.3633502,3332209.22801806,-1.1721562894220527,-2.407054337195639
724,2005-11-23,NSE:CANBK,39.39252791,39.87885541,39.24662965,39.78158991,2419542.36168485,1.0625104516637451,-1.1721562894220527
725,2005-11-24,NSE:CANBK,39.78158991,42.48556889,39.78158991,41.58100168,5728953.16706383,4.523227387519965,1.0625104516637451
726,2005-11-25,NSE:CANBK,41.72689993,42.19377239,40.77369996,41.19193967,3278850.12384813,-0.9356725289933023,4.523227387519965
727,2005-11-28,NSE:CANBK,42.01869643,42.60228944,41.66854063,41.87279818,4378114.49714324,1.652892569406893,-0.9356725289933023
728,2005-11-29,NSE:CANBK,41.97979023,41.97979023,41.06549647,41.59072823,3930170.47226231,-0.6736353008639397,1.652892569406893
729,2005-11-30,NSE:CANBK,41.53236893,42.32994798,40.56944047,40.76397147,3913499.60763581,-1.987839105456322,-0.6736353008639397
730,2005-12-01,NSE:CANBK,40.85151042,41.31838288,40.26791741,40.54998737,4809629.26413138,-0.5249343777935989,-1.987839105456322
731,2005-12-02,NSE:CANBK,40.85151042,41.59072823,40.66670597,40.88068812,4158278.07230438,0.8155384784279044,-0.5249343777935989
732,2005-12-05,NSE:CANBK,41.04604142,41.22111738,40.65697942,40.79315112,2136297.02066717,-0.21412800034835774,0.8155384784279044
733,2005-12-06,NSE:CANBK,40.75424492,40.75424492,39.43143411,39.76213486,2868128.95766609,-2.527424902692818,-0.21412800034835774
734,2005-12-07,NSE:CANBK,40.02475366,40.23873971,39.37307286,39.51897111,1798736.4296823,-0.6115460119436876,-2.527424902692818
735,2005-12-08,NSE:CANBK,39.68432441,39.83994921,39.02292095,39.38280135,2280551.66240289,-0.34456808002661926,-0.6115460119436876
736,2005-12-09,NSE:CANBK,39.68432441,40.23873971,39.54815271,39.93721471,1236579.24714745,1.407755012328492,-0.34456808002661926
737,2005-12-12,NSE:CANBK,40.06365986,40.36518292,39.89831046,40.27764396,1156165.32936997,0.8524110969480266,1.407755012328492
738,2005-12-13,NSE:CANBK,40.30682361,41.61017938,40.09284146,40.91959822,4616349.01772623,1.5938227683762427,0.8524110969480266
739,2005-12-14,NSE:CANBK,40.85151042,44.74213046,40.85151042,44.04181691,19788809.8062642,7.630130367394414,1.5938227683762427
740,2005-12-15,NSE:CANBK,43.96400645,44.44060741,41.82416543,42.81627549,10733471.67563554,-2.7826767967007537,7.630130367394414
741,2005-12-16,NSE:CANBK,42.79682044,44.06127195,42.32021949,43.30260299,8230868.00323992,1.1358472787143272,-2.7826767967007537
742,2005-12-19,NSE:CANBK,43.38041345,47.40720519,43.30260299,46.63880773,11308881.24454322,7.704397679674006,1.1358472787143272
743,2005-12-20,NSE:CANBK,47.07650248,48.02970245,44.87830216,47.30021119,18107545.6548566,1.4181397256743196,7.704397679674006
744,2005-12-21,NSE:CANBK,46.85279378,47.66009549,45.71478547,46.00658197,7534613.94292309,-2.7349332856118265,1.4181397256743196
745,2005-12-22,NSE:CANBK,46.10384747,46.83333873,45.73424052,46.04548817,2821884.40071881,0.08456659533057583,-2.7349332856118265
746,2005-12-23,NSE:CANBK,45.90931647,46.45400328,44.3725235,44.52814441,2281780.25834669,-3.2953147426691634,0.08456659533057583
747,2005-12-26,NSE:CANBK,44.74213046,44.74213046,42.45639119,42.84545319,1484519.16162957,-3.7789385618820184,-3.2953147426691634
748,2005-12-27,NSE:CANBK,42.51475049,46.66798543,41.83389198,46.38591743,4254648.31564483,8.26333712541132,-3.7789385618820184
749,2005-12-28,NSE:CANBK,46.47345443,47.03759628,45.23818452,45.91904302,6542664.08394894,-1.0065003256743879,8.26333712541132
750,2005-12-29,NSE:CANBK,45.81205097,46.44427673,44.54759946,45.10201476,2702268.50525347,-1.7792798069509805,-1.0065003256743879
751,2005-12-30,NSE:CANBK,44.95611651,47.23212729,44.65459151,46.93060423,4143786.80885014,4.054340986163069,-1.7792798069509805
752,2006-01-02,NSE:CANBK,47.07650248,47.34884394,45.97740427,46.26920077,3723971.97645648,-1.4093222766929683,4.054340986163069
753,2006-01-03,NSE:CANBK,46.10384747,47.42665829,46.10384747,46.78470598,3088998.63683425,1.1141433208724099,-1.4093222766929683
754,2006-01-04,NSE:CANBK,46.88197148,48.4382195,46.88197148,48.03943094,8267206.68410478,2.6819126757714087,1.1141433208724099
755,2006-01-05,NSE:CANBK,48.61329545,49.0607187,47.85462649,48.50630729,7074846.60979642,0.9718607003965475,2.6819126757714087
756,2006-01-06,NSE:CANBK,48.90509196,48.90509196,47.07650248,47.57255654,3588230.1166577,-1.9250089362966256,0.9718607003965475
757,2006-01-09,NSE:CANBK,48.61329545,48.61329545,46.37618893,46.61935268,2801455.78029768,-2.003684328376442,-1.9250089362966256
758,2006-01-10,NSE:CANBK,46.68744048,47.75736099,45.57861377,45.74396317,3886583.58938592,-1.877738449113099,-2.003684328376442
759,2006-01-12,NSE:CANBK,45.90931647,46.37618893,44.93666146,46.11357402,3330091.31367143,0.8079991858737778,-1.877738449113099
760,2006-01-13,NSE:CANBK,46.68744048,46.91114919,45.34517851,45.70505892,2387686.25681576,-0.8858890439132405,0.8079991858737778
761,2006-01-16,NSE:CANBK,45.81205097,45.81205097,44.3725235,44.78103666,1628146.65397138,-2.021706747205745,-0.8858890439132405
762,2006-01-17,NSE:CANBK,44.78103666,45.31599692,43.39014,43.6235772,2049534.5004186,-2.5847089445204428,-2.021706747205745
763,2006-01-18,NSE:CANBK,43.584671,44.72267541,42.99135144,43.69166499,6122936.64122493,0.15608025377616183,-2.5847089445204428
764,2006-01-19,NSE:CANBK,43.76947545,44.73240391,43.76947545,43.9834615,2977268.37391194,0.6678539489552135,0.15608025377616183
765,2006-01-20,NSE:CANBK,45.22845797,45.22845797,43.39986849,43.6819365,3530861.36882182,-0.6855417689214799,0.6678539489552135
766,2006-01-23,NSE:CANBK,43.38041345,45.60779342,43.01080649,45.30626842,9277102.26876845,3.718543750916361,-0.6855417689214799
767,2006-01-24,NSE:CANBK,45.52025447,46.35673778,44.64486496,45.10201476,6251990.62101166,-0.4508286979331835,3.718543750916361
768,2006-01-25,NSE:CANBK,45.13119246,45.20900292,43.6235772,43.8764675,9809074.03129502,-2.7172783001412997,-0.4508286979331835
769,2006-01-27,NSE:CANBK,44.15853745,47.83517145,44.15853745,47.45583794,12229284.6669242,8.157836407409064,-2.7172783001412997
770,2006-01-30,NSE:CANBK,47.46556449,47.83517145,46.11357402,47.46556449,5415902.80812927,0.020496003067723593,8.157836407409064
771,2006-01-31,NSE:CANBK,47.83517145,49.10935145,47.07650248,48.7689222,6488646.98697229,2.7459016320654746,0.020496003067723593
772,2006-02-01,NSE:CANBK,48.7689222,49.0218125,46.20111298,46.58044843,3480709.97958464,-4.487435176494431,2.7459016320654746
773,2006-02-02,NSE:CANBK,47.99079819,47.99079819,45.52025447,45.70505892,3171838.90308651,-1.8793067467255338,-4.487435176494431
774,2006-02-03,NSE:CANBK,45.90931647,46.67771393,45.32572347,45.51052792,1433149.4575862,-0.4256224684897481,-1.8793067467255338
775,2006-02-06,NSE:CANBK,45.90931647,46.48318293,45.15064751,45.45216667,3672242.43259694,-0.1282368117166072,-0.4256224684897481
776,2006-02-07,NSE:CANBK,45.88986143,46.58044843,45.33545002,45.79259593,1788285.65330682,0.7489835687518404,-0.1282368117166072
777,2006-02-08,NSE:CANBK,46.27892343,47.27103349,45.36462967,46.67771393,2565220.94097886,1.9328845242864694,0.7489835687518404
778,2006-02-10,NSE:CANBK,47.27103349,53.69055655,47.27103349,51.21028628,37187877.12819162,9.71035633149739,1.9328845242864694
779,2006-02-13,NSE:CANBK,51.35618453,56.41399058,51.06438803,55.37324777,36734612.6146001,8.129150981969477,9.71035633149739
780,2006-02-14,NSE:CANBK,56.39453553,56.39453553,52.34829458,53.2625864,17997008.00389647,-3.8116987083129072,8.129150981969477
781,2006-02-15,NSE:CANBK,52.91243254,53.86563251,51.55071553,52.92215715,7787648.16108848,-0.6391526829797487,-3.8116987083129072
782,2006-02-16,NSE:CANBK,53.41821509,54.77993211,52.43582964,53.50575015,4791354.5420385,1.1027384963653177,-0.6391526829797487
783,2006-02-17,NSE:CANBK,53.50575015,54.2157922,51.18110857,51.40481728,5003428.70798558,-3.926555303140618,1.1027384963653177
784,2006-02-20,NSE:CANBK,51.55071553,51.63825643,49.99446751,50.67532602,2593273.02493409,-1.419110695455823,-3.926555303140618
785,2006-02-21,NSE:CANBK,51.16165353,51.89114478,50.82122427,51.35618453,2225552.71678496,1.3435700635281285,-1.419110695455823
786,2006-02-22,NSE:CANBK,51.61880333,52.10513083,49.89720201,50.09173302,2942091.46159644,-2.462121206183774,1.3435700635281285
787,2006-02-23,NSE:CANBK,50.38352952,50.86985702,48.45767454,49.22607006,3394451.23507872,-1.7281553418293005,-2.462121206183774
788,2006-02-24,NSE:CANBK,49.94583476,52.70817694,49.31360901,52.29966183,7916501.65869191,6.243829268218452,-1.7281553418293005
789,2006-02-27,NSE:CANBK,52.52337054,54.46868056,52.52337054,53.9239957,12603538.63802131,3.105820980793139,6.243829268218452
790,2006-02-28,NSE:CANBK,53.88508755,58.1647696,53.8267302,55.68449932,31575691.98147656,3.2647870343183816,3.105820980793139
791,2006-03-01,NSE:CANBK,55.24680457,55.63586657,52.795712,53.0583308,4813371.5982196,-4.716157192881088,3.2647870343183816
792,2006-03-02,NSE:CANBK,53.24313719,56.58906654,53.24313719,56.26809233,7439508.27950807,6.049495869176498,-4.716157192881088
793,2006-03-03,NSE:CANBK,56.60852158,56.70578708,54.07961856,54.47840516,4886758.35844407,-3.1806430534447094,6.049495869176498
794,2006-03-06,NSE:CANBK,54.99391621,55.56777878,53.7391893,53.97262845,1600181.95968579,-0.9283985250936799,-3.1806430534447094
795,2006-03-07,NSE:CANBK,54.44922551,55.05227357,53.07778584,54.43950286,4543959.52784945,0.8650207029151931,-0.9283985250936799
796,2006-03-08,NSE:CANBK,54.82856486,56.21945958,52.71790154,53.74891391,5430337.52532668,-1.2685438215259974,0.8650207029151931
797,2006-03-09,NSE:CANBK,53.88508755,55.21762686,53.62246876,53.86563251,6498264.99120176,0.21715527163104809,-1.2685438215259974
798,2006-03-10,NSE:CANBK,54.25469451,55.24680457,54.07961856,54.45895596,2561422.06063381,1.1014879476071333,0.21715527163104809
799,2006-03-13,NSE:CANBK,55.22734952,55.41215787,53.98235306,54.27414956,1837054.22953612,-0.3393498768792764,1.1014879476071333
800,2006-03-14,NSE:CANBK,54.60485421,55.62614197,53.49602555,53.75864435,2976219.69787623,-0.9498172042845375,-0.3393498768792764
801,2006-03-16,NSE:CANBK,54.3908701,54.83828752,53.00969805,53.2528618,2418365.17142908,-0.9408394800788896,-0.9498172042845375
802,2006-03-17,NSE:CANBK,53.9239957,54.35196001,52.98052034,53.30149455,1442782.88352208,0.09132419997004368,-0.9408394800788896
803,2006-03-20,NSE:CANBK,53.78782205,54.06989395,53.10696355,53.30149455,840575.52944697,0.0,0.09132419997004368
804,2006-03-21,NSE:CANBK,53.66137885,53.75864435,52.17321668,52.5817279,891246.1161332,-1.3503686080037018,0.0
805,2006-03-22,NSE:CANBK,52.34829458,53.0583308,50.96712252,51.36590913,1491967.84582439,-2.3122457525782423,-1.3503686080037018
806,2006-03-23,NSE:CANBK,52.13430854,52.66926879,50.77259152,51.51180738,2462126.83364475,0.28403712203507125,-2.3122457525782423
807,2006-03-24,NSE:CANBK,51.90086939,52.27048218,51.35618453,51.50208278,758023.13504765,-0.018878390207240324,0.28403712203507125
808,2006-03-27,NSE:CANBK,52.52337054,55.22734952,51.74524653,54.37141506,6921004.80724404,5.571293674193412,-0.018878390207240324
809,2006-03-28,NSE:CANBK,54.42977241,55.13008402,52.13430854,52.57200329,4151734.1282188,-3.3094812191558938,5.571293674193412
810,2006-03-29,NSE:CANBK,53.10696355,54.93555302,52.54282559,54.45895596,2600603.47604646,3.589272905563648,-3.3094812191558938
811,2006-03-30,NSE:CANBK,54.42977241,54.85774256,51.67715874,52.46501318,2934622.21512641,-3.6613679877824774,3.589272905563648
812,2006-03-31,NSE:CANBK,53.4765705,53.8072771,51.59934828,52.00786533,3865507.25729568,-0.8713384830984204,-3.6613679877824774
813,2006-04-03,NSE:CANBK,52.23157404,53.39876005,52.23157404,52.49419284,1253738.4658102,0.9351037711587523,-0.8713384830984204
814,2006-04-04,NSE:CANBK,52.93188759,53.57383601,52.54282559,52.86379979,2507543.75901482,0.7040911194244872,0.9351037711587523
815,2006-04-05,NSE:CANBK,53.69055655,54.71184431,53.30149455,53.5154806,4512267.92118204,1.2327543850210902,0.7040911194244872
816,2006-04-07,NSE:CANBK,52.71790154,54.2157922,51.17137813,51.56044013,1952531.96711545,-3.6532241663172003,1.2327543850210902
817,2006-04-10,NSE:CANBK,49.78048147,52.01758799,49.78048147,51.34645992,1367715.1572992,-0.4150085015963624,-3.6532241663172003
818,2006-04-12,NSE:CANBK,51.40481728,51.88142018,49.43032955,49.74157721,1921231.04367704,-3.1255956350262024,-0.4150085015963624
819,2006-04-13,NSE:CANBK,49.79993651,50.34462137,45.82177752,47.53365228,3407467.15528664,-4.438791557972804,-3.1255956350262024
820,2006-04-17,NSE:CANBK,48.61329545,50.26680897,47.85462649,49.66376481,2748394.82911829,4.481272588633505,-4.438791557972804
821,2006-04-18,NSE:CANBK,50.30571906,51.44372542,49.65403826,50.04310026,2548652.8877284,0.7638072777028344,4.481272588633505
822,2006-04-19,NSE:CANBK,50.38352952,50.92821438,48.924547,49.19688846,1361757.2380571,-1.690965978533493,0.7638072777028344
823,2006-04-20,NSE:CANBK,49.58595046,49.76103031,48.6327505,48.9926348,727318.51759032,-0.415175972289527,-1.690965978533493
824,2006-04-21,NSE:CANBK,49.60540551,49.78048147,48.26314354,49.24552121,1348931.51889487,0.5161723002495104,-0.415175972289527
825,2006-04-24,NSE:CANBK,49.83884466,52.8929775,49.41087451,50.86985702,7490852.28070742,3.2984437367882986,0.5161723002495104
826,2006-04-25,NSE:CANBK,51.51180738,51.51180738,47.92271429,48.41876445,3876523.49623943,-4.818359463908712,3.2984437367882986
827,2006-04-26,NSE:CANBK,48.6327505,49.37196831,48.146423,48.40904179,2681845.02540114,-0.020080355437475897,-4.818359463908712
828,2006-04-27,NSE:CANBK,49.37196831,49.37196831,47.29048853,48.06861254,7314186.35267195,-0.7032348450043691,-0.020080355437475897
829,2006-04-28,NSE:CANBK,47.07650248,48.23396195,43.76947545,47.77681604,1716333.11177825,-0.6070416527150229,-0.7032348450043691
830,2006-05-02,NSE:CANBK,49.79993651,51.32700682,49.45950726,51.10329617,4778919.50610525,6.962540423821848,-0.6070416527150229
831,2006-05-03,NSE:CANBK,51.45345003,52.32883954,50.48079502,52.03704304,3773218.62558442,1.8271754269896838,6.962540423821848
832,2006-05-04,NSE:CANBK,52.52337054,53.0680554,51.22974132,51.83278743,4550195.03780688,-0.3925196322992242,1.8271754269896838
833,2006-05-05,NSE:CANBK,51.93977753,52.99997344,51.37563957,52.08567579,3485182.27444282,0.4878926496892047,-0.3925196322992242
834,2006-05-08,NSE:CANBK,47.92271429,54.0018081,47.92271429,53.55438291,7943813.50073959,2.8197908498327995,0.4878926496892047
835,2006-05-09,NSE:CANBK,53.86563251,54.27414956,52.32883954,53.17505134,2272923.05829998,-0.7083109717415245,2.8197908498327995
836,2006-05-10,NSE:CANBK,54.27414956,54.43950286,53.30149455,53.96289801,5298137.51743283,1.4816096085409072,-0.7083109717415245
837,2006-05-11,NSE:CANBK,54.07961856,54.15742901,52.63036065,52.9707899,1605451.04270835,-1.8385004263784235,1.4816096085409072
838,2006-05-12,NSE:CANBK,52.52337054,52.71790154,50.59751557,51.41454188,1354498.75490797,-2.937936215295136,-1.8385004263784235
839,2006-05-15,NSE:CANBK,51.55071553,52.13430854,48.1853292,48.80782646,876400.15343159,-5.069996395346663,-2.937936215295136
840,2006-05-16,NSE:CANBK,49.41087451,49.60540551,46.10384747,48.06861254,1368146.9650786,-1.5145397236769402,-5.069996395346663
841,2006-05-17,NSE:CANBK,49.60540551,52.52337054,48.6327505,51.60907289,2180110.08857087,7.3654307102245395,-1.5145397236769402
842,2006-05-18,NSE:CANBK,51.53126048,51.53126048,45.61751997,46.46373177,2893060.71635821,-9.969838309180286,7.3654307102245395
843,2006-05-19,NSE:CANBK,48.6327505,49.60540551,42.79682044,43.21506015,2137052.68428114,-6.9918439527871845,-9.969838309180286
844,2006-05-22,NSE:CANBK,44.15853745,45.71478547,35.01558036,39.67459786,2635024.72474799,-8.192658479962803,-6.9918439527871845
845,2006-05-23,NSE:CANBK,40.46244842,42.99135144,37.93354539,42.10623538,2348509.98197192,6.12895316187082,-8.192658479962803
846,2006-05-24,NSE:CANBK,42.79682044,44.275258,41.82416543,42.16459468,1835028.84542794,0.13860013718471578,6.12895316187082
847,2006-05-25,NSE:CANBK,42.21322743,43.22478864,40.65697942,42.63146714,4939968.38611873,1.1072618236775083,0.13860013718471578
848,2006-05-26,NSE:CANBK,43.76947545,44.74213046,43.38041345,43.99318416,2451958.78855341,3.194159411704451,1.1072618236775083
849,2006-05-29,NSE:CANBK,44.93666146,45.32572347,43.9834615,44.48924016,1466208.45555507,1.1275746674664044,3.194159411704451
850,2006-05-30,NSE:CANBK,44.93666146,45.70505892,43.886196,45.33545002,1729127.98752766,1.9020550968205203,1.1275746674664044
851,2006-05-31,NSE:CANBK,44.99502076,44.99502076,36.57182838,44.48924016,1890644.65930217,-1.866552244715099,1.9020550968205203
852,2006-06-01,NSE:CANBK,45.71478547,46.47345443,44.02236575,44.63513841,1424076.35364979,0.3279405300591717,-1.866552244715099
853,2006-06-02,NSE:CANBK,44.15853745,44.74213046,42.79682044,44.51842175,782738.98985006,-0.26149053001223027,0.3279405300591717
854,2006-06-05,NSE:CANBK,44.74213046,45.32572347,43.09834349,43.38041345,559077.98182215,-2.5562638010634386,-0.26149053001223027
855,2006-06-06,NSE:CANBK,42.79682044,43.38041345,41.24057242,41.97006368,1151703.3156494,-3.25112108861193,-2.5562638010634386
856,2006-06-07,NSE:CANBK,42.21322743,42.21322743,39.87885541,40.47217497,779377.05785323,-3.5689455260793284,-3.25112108861193
857,2006-06-08,NSE:CANBK,39.1007314,40.46244842,35.98823537,36.85389833,960566.6864349,-8.940158621774208,-3.5689455260793284
858,2006-06-09,NSE:CANBK,35.21011136,43.57494445,29.58816735,42.91354099,2948964.40208538,16.44233835384329,-8.940158621774208
859,2006-06-12,NSE:CANBK,43.38041345,43.38041345,39.58705891,40.83205537,1070405.22003788,-4.850416842751438,16.44233835384329
860,2006-06-13,NSE:CANBK,39.1007314,39.87885541,36.58155493,38.22534189,1033624.45025601,-6.383987914346317,-4.850416842751438
861,2006-06-14,NSE:CANBK,38.12807639,40.61807322,36.61073458,38.32260739,5031074.68700542,0.2544529236125529,-6.383987914346317
862,2006-06-15,NSE:CANBK,39.1007314,40.44299337,39.0034659,39.77186336,3582554.92869975,3.781725902027659,0.2544529236125529
863,2006-06-16,NSE:CANBK,40.46244842,42.60228944,40.46244842,41.26975013,1510890.27958639,3.7661971138784507,3.781725902027659
864,2006-06-19,NSE:CANBK,40.11229261,41.43510343,40.11229261,40.43327071,936092.4383662,-2.026858455321586,3.7661971138784507
865,2006-06-20,NSE:CANBK,40.26791741,40.55971392,39.68432441,40.37490947,546257.40322872,-0.1443396464723037,-2.026858455321586
866,2006-06-21,NSE:CANBK,40.29709512,41.04604142,40.07338641,40.42354222,599786.14616913,0.12045290166195635,-0.1443396464723037
867,2006-06-22,NSE:CANBK,41.22111738,41.82416543,40.66670597,40.94877592,1467344.52126042,1.2993262617647,0.12045290166195635
868,2006-06-23,NSE:CANBK,40.26791741,40.87096547,39.89831046,40.70561217,697611.17048068,-0.5938242219378185,1.2993262617647
869,2006-06-26,NSE:CANBK,37.73901439,40.85151042,37.73901439,38.16698259,961456.00483773,-6.236559149136114,-0.5938242219378185
870,2006-06-27,NSE:CANBK,40.85151042,40.85151042,37.55420994,38.02108434,925888.40929324,-0.38226299303583977,-6.236559149136114
871,2006-06-28,NSE:CANBK,36.00769042,38.32260739,36.00769042,37.00952313,815073.16761778,-2.660526988010683,-0.38226299303583977
872,2006-06-29,NSE:CANBK,37.33049734,38.7116694,37.16514793,37.92381884,1871861.02089784,2.47043364160203,-2.660526988010683
873,2006-06-30,NSE:CANBK,38.34206244,40.30682361,38.34206244,39.05209865,1193979.35348115,2.9751218218824165,2.47043364160203
874,2006-07-03,NSE:CANBK,39.1979969,39.47033836,38.9062004,39.20772345,518225.88154869,0.3985055999032855,2.9751218218824165
875,2006-07-04,NSE:CANBK,39.80104495,40.19010696,39.24662965,40.04420871,919462.69829012,2.133470618529361,0.3985055999032855
876,2006-07-05,NSE:CANBK,40.07338641,41.22111738,40.07338641,40.38463796,1458698.08453462,0.8501335423191578,2.133470618529361
877,2006-07-06,NSE:CANBK,40.36518292,40.36518292,39.2660847,39.4606157,1878348.41872659,-2.2880538409561146,0.8501335423191578
878,2006-07-07,NSE:CANBK,39.87885541,40.15119687,37.81682484,37.97245159,1133207.54909801,-3.7712642937803924,-2.2880538409561146
879,2006-07-10,NSE:CANBK,38.12807639,38.32260739,37.36940743,38.05026594,829106.9204486,0.20492316598409058,-3.7712642937803924
880,2006-07-11,NSE:CANBK,35.98823537,38.6727632,35.98823537,37.79737369,484637.40499316,-0.6646267608189078,0.20492316598409058
881,2006-07-12,NSE:CANBK,37.73901439,37.93354539,36.81499213,37.80710218,616359.33998839,0.025738534321961073,-0.6646267608189078
882,2006-07-13,NSE:CANBK,37.93354539,39.48979341,37.54448339,39.08127636,2540417.6965068,3.3701979430574696,0.025738534321961073
883,2006-07-14,NSE:CANBK,38.0599886,38.8478411,37.83627989,38.05026594,801568.89337361,-2.6381185980282917,3.3701979430574696
884,2006-07-17,NSE:CANBK,38.17670914,38.5171384,36.21194408,36.70800008,1303951.541873,-3.5276122961047687,-2.6381185980282917
885,2006-07-18,NSE:CANBK,36.76635938,36.95116383,34.43198735,34.67515111,2432969.52739698,-5.537890829164443,-3.5276122961047687
886,2006-07-19,NSE:CANBK,35.01558036,35.40464236,33.46905889,33.7997616,1334306.60065176,-2.5245441821522463,-5.537890829164443
887,2006-07-20,NSE:CANBK,34.27636255,35.38518732,34.2569114,35.02530691,2245338.76610577,3.6258992726149915,-2.5245441821522463
888,2006-07-21,NSE:CANBK,35.02530691,35.21011136,33.07027034,33.26480134,2046696.90643962,-5.026381566116588,3.6258992726149915
889,2006-07-24,NSE:CANBK,33.22589514,34.91831486,32.20460738,34.65569606,3576946.56813622,4.181280705042078,-5.026381566116588
890,2006-07-25,NSE:CANBK,35.01558036,36.54265067,35.01558036,36.35784233,4650847.3749598,4.911591638653124,4.181280705042078
891,2006-07-26,NSE:CANBK,36.57182838,36.57182838,35.42409741,36.25085417,1272362.74658165,-0.29426432687871834,4.911591638653124
892,2006-07-27,NSE:CANBK,36.55237333,37.60284269,36.18276637,37.32077468,4118073.68370004,2.9514353095862598,-0.29426432687871834
893,2006-07-28,NSE:CANBK,36.96089038,39.2563562,36.96089038,38.5754977,5167366.58766606,3.3619961824436597,2.9514353095862598
894,2006-07-31,NSE:CANBK,38.9062004,39.53842616,37.83627989,38.18643569,4199525.99637563,-1.0085728848548243,3.3619961824436597
895,2006-08-01,NSE:CANBK,38.43932794,38.4587791,37.34995238,37.88491264,1735939.24119097,-0.7896077351858238,-1.0085728848548243
896,2006-08-02,NSE:CANBK,37.93354539,38.49768335,37.85573493,38.24479694,924006.96111153,0.9499409525363955,-0.7896077351858238
897,2006-08-03,NSE:CANBK,38.30315235,39.48979341,38.20588685,38.52686495,2694742.71252661,0.7375330308133574,0.9499409525363955
898,2006-08-04,NSE:CANBK,38.14753144,38.68249169,37.56393843,37.71955934,1292272.16955372,-2.0954355124604893,0.7375330308133574
899,2006-08-07,NSE:CANBK,37.91409034,39.1007314,36.98034543,38.69221435,4208532.27291761,2.5786489211938837,-2.0954355124604893
900,2006-08-08,NSE:CANBK,39.2952624,39.48006686,38.52686495,38.81866145,5776714.19180784,0.3268024384859225,2.5786489211938837
901,2006-08-09,NSE:CANBK,38.9062004,40.22901121,38.89647385,39.86912886,4269180.70364949,2.706088697450427,0.3268024384859225
902,2006-08-10,NSE:CANBK,39.86912886,40.75424492,39.59678546,40.13174571,2916964.36128983,0.6586972364562484,2.706088697450427
903,2006-08-11,NSE:CANBK,40.57916896,41.11412922,39.87885541,40.07338641,2724131.3443705,-0.14541929080712132,0.6586972364562484
904,2006-08-14,NSE:CANBK,40.46244842,40.50135462,39.97612091,40.14147421,782019.31021771,0.16990777695545572,-0.14541929080712132
905,2006-08-16,NSE:CANBK,40.46244842,41.51291388,40.46244842,40.83205537,3084500.63913206,1.7203682066762858,0.16990777695545572
906,2006-08-17,NSE:CANBK,41.23084587,41.23084587,40.10256412,40.37490947,1988125.26550395,-1.1195760190310509,1.7203682066762858
907,2006-08-18,NSE:CANBK,40.46244842,40.73478987,39.1007314,39.72323061,1900632.78448543,-1.6140689070379652,-1.1195760190310509
908,2006-08-21,NSE:CANBK,39.71350211,41.22111738,39.41198295,40.96823097,1953709.15737122,3.134187076130158,-1.6140689070379652
909,2006-08-22,NSE:CANBK,41.24057242,41.99924139,41.24057242,41.49346273,3519783.44305243,1.2820464725084442,3.134187076130158
910,2006-08-23,NSE:CANBK,41.37674413,41.49346273,40.26791741,40.50135462,1693097.74079095,-2.3909985928523074,1.2820464725084442
911,2006-08-24,NSE:CANBK,40.26791741,41.13358037,39.50924845,40.87096547,1977936.6581374,0.9125888589846894,-2.3909985928523074
912,2006-08-25,NSE:CANBK,41.26002747,42.01869643,41.15303347,41.36701563,2902442.25442277,1.213698170071625,0.9125888589846894
913,2006-08-28,NSE:CANBK,41.81443888,41.81443888,41.14330692,41.59072823,982537.47749677,0.5407994669012725,1.213698170071625
914,2006-08-29,NSE:CANBK,41.82416543,43.38041345,41.66854063,43.04971074,3400362.88920159,3.5079513441835166,0.5407994669012725
915,2006-08-30,NSE:CANBK,43.38041345,44.74213046,43.18588244,44.52814441,7903470.31677758,3.434247628117747,3.5079513441835166
916,2006-08-31,NSE:CANBK,44.54759946,44.72267541,42.62174448,43.01080649,6319275.52606756,-3.40759297317416,3.434247628117747
917,2006-09-01,NSE:CANBK,43.18588244,44.45033396,42.83572664,44.275258,3167793.27543895,2.9398460833185847,-3.40759297317416
918,2006-09-04,NSE:CANBK,44.74213046,46.18165793,44.74213046,45.80232442,5073643.73725891,3.4490288458623932,2.9398460833185847
919,2006-09-05,NSE:CANBK,46.10384747,49.34278671,46.10384747,48.4771257,11310058.434799,5.8398810843583036,3.4490288458623932
920,2006-09-06,NSE:CANBK,48.535485,49.60540551,47.57255654,48.6327505,3357840.10406732,0.3210272840082972,5.8398810843583036
921,2006-09-07,NSE:CANBK,48.31177629,49.1871658,47.70872824,48.68138325,2610648.14748654,0.0999999989718924,0.3210272840082972
922,2006-09-08,NSE:CANBK,48.4382195,49.58595046,48.2436885,48.5646627,1657643.23776012,-0.23976424293572982,0.0999999989718924
923,2006-09-11,NSE:CANBK,48.74947105,49.16771076,45.13119246,45.53970951,2844379.52979855,-6.228712446097146,-0.23976424293572982
924,2006-09-12,NSE:CANBK,45.13119246,47.83517145,44.75185701,47.47529104,3577111.0663379,4.250315934876503,-6.228712446097146
925,2006-09-13,NSE:CANBK,47.66009549,49.00235746,47.47529104,48.74947105,7617351.39779931,2.6838803556284527,4.250315934876503
926,2006-09-14,NSE:CANBK,49.79993651,50.28626402,49.0218125,50.02364522,2949437.33441521,2.61371896464916,2.6838803556284527
927,2006-09-15,NSE:CANBK,50.16954347,50.86985702,49.05099021,50.49051962,2743794.02004006,0.9333074348075305,2.61371896464916
928,2006-09-18,NSE:CANBK,49.99446751,51.16165353,49.99446751,50.58778512,1408706.05293032,0.19264111506879933,0.9333074348075305
929,2006-09-19,NSE:CANBK,51.12274538,51.16165353,50.20845356,50.67532602,3058921.16877083,0.17304750502980804,0.19264111506879933
930,2006-09-20,NSE:CANBK,50.18899852,50.56833592,49.21634351,50.04310026,1175817.72390192,-1.247600774685647,0.17304750502980804
931,2006-09-21,NSE:CANBK,50.09173302,52.601181,50.09173302,52.15376358,2249872.74778958,4.217690968453201,-1.247600774685647
932,2006-09-22,NSE:CANBK,51.74524653,53.10696355,51.60907289,51.96895524,2100575.20805861,-0.3543528353740403,4.217690968453201
933,2006-09-25,NSE:CANBK,52.03704304,52.52337054,51.35618453,52.00786533,1746539.09406173,0.07487179571016843,-0.3543528353740403
934,2006-09-26,NSE:CANBK,52.48446239,53.88508755,51.93977753,53.6127461,2701224.96978656,3.0858424198276957,0.07487179571016843
935,2006-09-27,NSE:CANBK,54.26442495,54.85774256,53.52520325,54.57567067,1871300.69889837,1.7960739563758297,3.0858424198276957
936,2006-09-28,NSE:CANBK,56.10273903,57.9702386,53.9239957,57.37692099,7284756.59627765,5.1327822189088295,1.7960739563758297
937,2006-09-29,NSE:CANBK,56.47234794,57.58117659,55.07172861,55.28571271,4052526.29089938,-3.644685430862475,5.1327822189088295
938,2006-10-03,NSE:CANBK,55.24680457,56.80305258,54.07961856,54.42977241,2785941.54365174,-1.5482124730666247,-3.644685430862475
939,2006-10-04,NSE:CANBK,54.46868056,55.44133557,54.08934316,54.98418577,2570325.52579974,1.0185847477439511,-1.5482124730666247
940,2006-10-05,NSE:CANBK,55.05227357,56.96840588,55.05227357,56.32644968,6299165.62091219,2.4411817529038577,1.0185847477439511
941,2006-10-06,NSE:CANBK,56.60852158,56.76414444,54.85774256,55.38297821,1927065.58926787,-1.6750061034558814,2.4411817529038577
942,2006-10-09,NSE:CANBK,55.96657122,55.96657122,54.66321156,55.05227357,1428394.43144389,-0.5971232510213547,-1.6750061034558814
943,2006-10-10,NSE:CANBK,55.24680457,55.83039757,54.72156892,55.01336542,1149400.34082588,-0.07067491944819507,-0.5971232510213547
944,2006-10-11,NSE:CANBK,55.44133557,55.44133557,52.72762615,53.13614125,1918984.61511035,-3.4123056382177572,-0.07067491944819507
945,2006-10-12,NSE:CANBK,53.49602555,54.73129936,52.54282559,54.13797591,2817350.41903501,1.8854110148617538,-3.4123056382177572
946,2006-10-13,NSE:CANBK,54.48813561,56.49180104,54.48813561,55.97629583,3316021.57685899,3.395619967499439,1.8854110148617538
947,2006-10-16,NSE:CANBK,56.41399058,56.60852158,54.87719761,55.23707996,1697467.22427308,-1.3205873290454835,3.395619967499439
948,2006-10-17,NSE:CANBK,55.32461502,56.01520397,54.58540111,54.85774256,1228822.12882448,-0.6867441223806579,-1.3205873290454835
949,2006-10-18,NSE:CANBK,55.05227357,55.57750922,54.27414956,54.70211971,857349.20544953,-0.2836843857178222,-0.6867441223806579
950,2006-10-19,NSE:CANBK,56.21945958,56.21945958,53.39876005,53.91426526,2374953.06789198,-1.4402631089558515,-0.2836843857178222
951,2006-10-20,NSE:CANBK,55.83039757,56.02492858,53.6127461,53.9045426,1410140.27162622,-0.018033557451101443,-1.4402631089558515
952,2006-10-23,NSE:CANBK,53.88508755,54.36169045,53.10696355,53.6127461,807495.96920289,-0.5413207977021156,-0.018033557451101443
953,2006-10-26,NSE:CANBK,54.07961856,57.38664559,53.71973426,56.82250763,4773665.8447891,5.986937367492903,-0.5413207977021156
954,2006-10-27,NSE:CANBK,57.38664559,58.82617306,56.99758359,58.40793335,6778888.64213016,2.790136842118109,5.986937367492903
955,2006-10-30,NSE:CANBK,58.3593006,58.6510971,57.40610064,57.7076198,4182957.94312518,-1.199004158910199,2.790136842118109
956,2006-10-31,NSE:CANBK,57.67844209,59.30277791,56.70578708,57.16293688,5955143.33494257,-0.9438665498382013,-1.199004158910199
957,2006-11-02,NSE:CANBK,58.1647696,58.33984555,56.64742973,57.67844209,2299833.93598106,0.9018172230761713,-0.9438665498382013
958,2006-11-03,NSE:CANBK,57.7854322,57.9702386,56.60852158,57.01703863,2101824.36627762,-1.1467082605455223,0.9018172230761713
959,2006-11-06,NSE:CANBK,56.99758359,57.54226845,56.23891462,56.59879698,1072672.21087979,-0.7335380090749528,-1.1467082605455223
960,2006-11-07,NSE:CANBK,56.60852158,57.17265954,56.03465318,56.29727003,1224699.39264488,-0.532744450569421,-0.7335380090749528
961,2006-11-08,NSE:CANBK,56.41399058,56.59879698,53.98235306,55.07172861,2438248.89155714,-2.1769109218740548,-0.532744450569421
962,2006-11-09,NSE:CANBK,55.14953907,56.51125608,54.46868056,56.29727003,2554621.08810811,2.2253549160929436,-2.1769109218740548
963,2006-11-10,NSE:CANBK,56.39453553,57.19211459,56.04438362,56.47234794,2994160.28299695,0.3109882768857217,2.2253549160929436
964,2006-11-13,NSE:CANBK,56.41399058,56.97812854,55.83039757,56.36535783,1094457.94146477,-0.18945574941150242,0.3109882768857217
965,2006-11-14,NSE:CANBK,56.43344563,56.90031809,55.46079062,56.40426598,2115292.65654016,0.06902848043180333,-0.18945574941150242
966,2006-11-15,NSE:CANBK,56.41399058,58.4468415,56.21945958,57.91188124,8834386.20235966,2.672874531395509,0.06902848043180333
967,2006-11-16,NSE:CANBK,58.738638,58.738638,58.738638,58.738638,9495057.24542559,1.4276116442733644,2.672874531395509
968,2006-11-17,NSE:CANBK,58.7483626,60.22680016,57.81461574,58.77754031,8396738.73679014,0.0662295063770417,1.4276116442733644
969,2006-11-20,NSE:CANBK,58.32039245,58.32039245,56.41399058,57.21156963,1132122.88908068,-2.6642330926760067,0.0662295063770417
970,2006-11-21,NSE:CANBK,57.38664559,59.72101761,56.41399058,57.84379539,6446057.37444359,1.1050662725891676,-2.6642330926760067
971,2006-11-22,NSE:CANBK,58.1647696,59.33195561,57.58117659,57.94106089,5282037.2559434,0.1681520020327387,1.1050662725891676
972,2006-11-23,NSE:CANBK,58.13559189,59.39031297,57.50336614,58.98180175,3365797.70457359,1.7962060825496902,0.1681520020327387
973,2006-11-24,NSE:CANBK,58.96234865,59.33195561,58.41765796,58.82617306,1931995.39474947,-0.2638588265913738,1.7962060825496902
974,2006-11-27,NSE:CANBK,58.6219194,59.54594166,58.1647696,58.85535271,1776040.81841927,0.04960317573307753,-0.2638588265913738
975,2006-11-28,NSE:CANBK,58.3593006,58.72890756,57.58117659,57.7854322,1162524.21297866,-1.817881400306701,0.04960317573307753
976,2006-11-29,NSE:CANBK,57.8826977,58.7483626,57.81461574,58.05777949,770514.71723772,0.47130787056741785,-1.817881400306701
977,2006-11-30,NSE:CANBK,58.1647696,58.92343856,57.60063164,57.98969364,2746898.92359676,-0.11727256984006774,0.47130787056741785
978,2006-12-01,NSE:CANBK,58.3593006,60.78121352,58.33984555,60.51859667,5298702.9800011,4.360952561155835,-0.11727256984006774
979,2006-12-04,NSE:CANBK,60.74230537,61.93866909,60.59640712,61.38425574,3047709.58821258,1.430401756868761,4.360952561155835
980,2006-12-05,NSE:CANBK,61.14109198,61.86085864,59.84746082,60.54777437,1535729.50804006,-1.3626969324887042,1.430401756868761
981,2006-12-06,NSE:CANBK,59.97390597,59.97390597,59.97390597,59.97390597,1197187.06841391,-0.9477943755507227,-1.3626969324887042
982,2006-12-07,NSE:CANBK,59.49730891,59.49730891,59.49730891,59.49730891,2977294.07675595,-0.7946740374695593,-0.9477943755507227
983,2006-12-08,NSE:CANBK,60.11007962,60.30461062,58.80671996,59.19578196,1802710.08936663,-0.5067909045367327,-0.7946740374695593
984,2006-12-11,NSE:CANBK,58.7483626,58.94289361,52.73735659,54.26442495,2413759.22178204,-8.330588509384393,-0.5067909045367327
985,2006-12-12,NSE:CANBK,53.88508755,54.42977241,47.46556449,48.7008383,3099552.22458578,-10.25273308456943,-8.330588509384393
986,2006-12-13,NSE:CANBK,49.0218125,50.26680897,46.49290948,49.88747741,2722799.93705065,2.436588673669713,-10.25273308456943
987,2006-12-14,NSE:CANBK,49.99446751,52.88325484,49.99446751,51.69661378,2880378.93312244,3.6264338545956503,2.436588673669713
988,2006-12-15,NSE:CANBK,52.32883954,56.40426598,52.13430854,54.57567067,3532686.27074671,5.569140180538922,3.6264338545956503
989,2006-12-18,NSE:CANBK,55.44133557,56.02492858,52.55254824,54.48813561,1911597.61774116,-0.16039209216373052,5.569140180538922
990,2006-12-19,NSE:CANBK,54.07961856,54.42977241,50.75313648,52.65954419,1049272.34169081,-3.3559441877185603,-0.16039209216373052
991,2006-12-20,NSE:CANBK,52.91243254,53.88508755,51.16165353,51.61880333,1594501.63115903,-1.9763575169677132,-3.3559441877185603
992,2006-12-21,NSE:CANBK,52.81516704,52.81516704,50.58778512,50.97684713,1252581.83782963,-1.2436479704807517,-1.9763575169677132
993,2006-12-22,NSE:CANBK,51.16165353,52.32883954,51.08384307,51.94950214,644627.32783333,1.9080328909309636,-1.2436479704807517
994,2006-12-26,NSE:CANBK,51.58962368,53.11668815,51.58962368,52.795712,632809.16015638,1.6289085075724692,1.9080328909309636
995,2006-12-27,NSE:CANBK,53.30149455,54.46868056,53.10696355,54.04071041,1238219.08859545,2.3581430438896267,1.6289085075724692
996,2006-12-28,NSE:CANBK,54.2157922,54.4103232,53.20422905,53.58356645,971567.50367224,-0.845925148895546,2.3581430438896267
997,2006-12-29,NSE:CANBK,53.49602555,54.84801796,53.379305,53.7294647,1334424.83373421,0.27228170811687713,-0.845925148895546
998,2007-01-02,NSE:CANBK,53.88508755,54.22551681,53.34040269,53.87536295,435041.19718666,0.27154234797355403,0.27228170811687713
999,2007-01-03,NSE:CANBK,54.27414956,56.37508243,53.9045426,56.01520397,1429191.21960828,3.9718359243090697,0.27154234797355403
1000,2007-01-04,NSE:CANBK,56.55016423,56.78359754,54.1185267,54.56594606,1498609.46071722,-2.5872581143794053,3.9718359243090697
1001,2007-01-05,NSE:CANBK,55.44133557,55.44133557,53.57383601,55.05227357,1443425.45462239,0.8912656063274994,-2.5872581143794053
1002,2007-01-08,NSE:CANBK,55.08145127,56.60852158,53.99207766,55.67477472,2065871.22807294,1.1307455798505455,0.8912656063274994
1003,2007-01-09,NSE:CANBK,55.44133557,56.02492858,53.5154806,53.98235306,3786347.638306,-3.0398356679690948,1.1307455798505455
1004,2007-01-10,NSE:CANBK,53.98235306,53.98235306,50.67532602,50.97684713,2274732.53851846,-5.5675711776762595,-3.0398356679690948
1005,2007-01-11,NSE:CANBK,50.77259152,51.93977753,48.6327505,49.95555937,4820537.55113028,-2.00343453449668,-5.5675711776762595
1006,2007-01-12,NSE:CANBK,51.55071553,53.24313719,50.63641788,52.92215715,2596876.56366464,5.938473750294017,-2.00343453449668
1007,2007-01-15,NSE:CANBK,53.43766819,53.78782205,52.54282559,52.80544244,1099490.55832242,-0.2205403488546131,5.938473750294017
1008,2007-01-16,NSE:CANBK,53.10696355,53.10696355,51.37563957,52.20239633,2380648.81812514,-1.1420150691573319,-0.2205403488546131
1009,2007-01-17,NSE:CANBK,52.52337054,53.10696355,52.37747229,52.63036065,591586.93892915,0.8198173840423026,-1.1420150691573319
1010,2007-01-18,NSE:CANBK,52.91243254,54.44922551,51.65770564,52.65954419,4760747.59538842,0.05545000953740991,0.8198173840423026
1011,2007-01-19,NSE:CANBK,52.71790154,53.00969805,50.86985702,51.05466342,2533097.52653204,-3.047654123646529,0.05545000953740991
1012,2007-01-22,NSE:CANBK,52.01758799,52.01758799,50.83094888,51.04493298,1538932.08240402,-0.01905886621943076,-3.047654123646529
1013,2007-01-23,NSE:CANBK,51.12274538,51.12274538,48.04915749,48.2825947,4376289.59521835,-5.411581755004591,-0.01905886621943076
1014,2007-01-24,NSE:CANBK,48.65220555,49.58595046,47.66009549,48.8856408,2680364.54158602,1.248992734849853,-5.411581755004591
1015,2007-01-25,NSE:CANBK,49.39141946,49.53731771,48.2728662,48.4771257,3135495.08165285,-0.8356545875532337,1.248992734849853
1016,2007-01-29,NSE:CANBK,48.8272815,49.21634351,47.66982204,47.86435304,1198780.64474268,-1.2640449514109797,-0.8356545875532337
1017,2007-01-31,NSE:CANBK,48.4382195,49.09962296,46.68744048,46.93060423,4014856.20271467,-1.9508230043758623,-1.2640449514109797
1018,2007-02-01,NSE:CANBK,46.97923698,48.04915749,46.71661818,47.46556449,2790912.47368376,1.1398963827063393,-1.9508230043758623
1019,2007-02-02,NSE:CANBK,47.93243695,48.01997979,46.01630852,46.38591743,4238008.29443114,-2.2745901615211133,1.1398963827063393
1020,2007-02-05,NSE:CANBK,46.49290948,47.25157844,46.00658197,46.64853428,1840035.75944157,0.5661564210653159,-2.2745901615211133
1021,2007-02-06,NSE:CANBK,46.97923698,47.58228503,46.49290948,46.63880773,2015925.46158787,-0.02085070870954777,0.5661564210653159
1022,2007-02-07,NSE:CANBK,46.78470598,47.64064044,46.78470598,46.98896353,5309796.32747689,0.7507820569237266,-0.02085070870954777
1023,2007-02-08,NSE:CANBK,47.23212729,47.25157844,46.31783352,46.50263603,2668063.16044165,-1.0349823947265975,0.7507820569237266
1024,2007-02-09,NSE:CANBK,47.26130694,47.26130694,44.31416226,45.21873141,6833286.1411982,-2.7609286905192274,-1.0349823947265975
1025,2007-02-12,NSE:CANBK,45.21873141,45.21873141,43.10807199,43.40959115,2961055.01990886,-4.000864693873109,-2.7609286905192274
1026,2007-02-13,NSE:CANBK,43.38041345,44.44060741,42.41748499,42.86490824,3609383.55727999,-1.254752453479394,-4.000864693873109
1027,2007-02-14,NSE:CANBK,42.31049294,42.36885224,39.61623661,40.84178387,5769938.92212615,-4.7197683444755185,-1.254752453479394
1028,2007-02-15,NSE:CANBK,41.22111738,42.79682044,41.22111738,42.10623538,3669836.64639737,3.095975224845145,-4.7197683444755185
1029,2007-02-19,NSE:CANBK,42.52447898,43.0691619,42.21322743,42.52447898,2835470.92406382,0.9933056143001989,3.095975224845145
1030,2007-02-20,NSE:CANBK,42.52447898,42.79682044,41.86307163,42.01869643,1237149.85028453,-1.1893915272609867,0.9933056143001989
1031,2007-02-21,NSE:CANBK,42.36885224,42.36885224,41.44482998,41.56154663,1727858.26703345,-1.0879675926205221,-1.1893915272609867
1032,2007-02-22,NSE:CANBK,41.43510343,42.11596193,39.89831046,40.89041662,5089265.9258497,-1.6147859365646489,-1.0879675926205221
1033,2007-02-23,NSE:CANBK,41.28920517,42.31049294,40.46244842,40.76397147,2159373.03402159,-0.30922930224720735,-1.6147859365646489
1034,2007-02-26,NSE:CANBK,41.37674413,42.58283439,40.87096547,41.89225323,1291531.92764617,2.767840618351802,-0.30922930224720735
1035,2007-02-27,NSE:CANBK,42.60228944,42.60228944,41.56154663,41.97006368,2989374.41344182,0.18573947209953212,2.767840618351802
1036,2007-02-28,NSE:CANBK,41.82416543,41.82416543,37.93354539,40.54998737,5092057.25470946,-3.3835457597285354,0.18573947209953212
1037,2007-03-01,NSE:CANBK,41.24057242,42.01869643,40.07338641,41.73662648,1791539.6333588,2.9263612320577685,-3.3835457597285354
1038,2007-03-02,NSE:CANBK,41.45455847,41.98951873,39.92748816,40.25819086,2906858.00302411,-3.542297844097339,2.9263612320577685
1039,2007-03-05,NSE:CANBK,39.1007314,39.67459786,35.89096987,36.29948692,2811911.69724196,-9.833288221436982,-3.542297844097339
1040,2007-03-06,NSE:CANBK,37.93354539,38.88674535,34.11101315,35.52136291,2945910.9042167,-2.1436226129446325,-9.833288221436982
1041,2007-03-07,NSE:CANBK,36.93171268,36.93171268,33.87757205,34.4514424,2632670.34423644,-3.0120480250457904,-2.1436226129446325
1042,2007-03-08,NSE:CANBK,34.43198735,36.36757082,33.87757205,36.02714157,3726161.85876635,4.573681274952947,-3.0120480250457904
1043,2007-03-09,NSE:CANBK,36.37729737,37.42776284,35.66726116,36.94143533,3847875.10630311,2.537791565349545,4.573681274952947
1044,2007-03-12,NSE:CANBK,36.96089038,37.89463919,36.57182838,37.24296033,3239421.96113296,0.8162243759790726,2.537791565349545
1045,2007-03-13,NSE:CANBK,37.54448339,38.4198729,36.66909388,38.20588685,2305899.80716801,2.5855262617895023,0.8162243759790726
1046,2007-03-14,NSE:CANBK,37.73901439,38.3517851,36.37729737,37.01924968,2369653.1414566,-3.105901388073648,2.5855262617895023
1047,2007-03-15,NSE:CANBK,37.72928784,37.91409034,35.59917337,35.81315941,2470809.25435217,-3.2580084156908398,-3.105901388073648
1048,2007-03-16,NSE:CANBK,35.60889992,36.15358867,34.4514424,35.22956641,2620996.11248597,-1.6295490529580186,-3.2580084156908398
1049,2007-03-19,NSE:CANBK,35.43382007,35.79370437,34.6459734,35.01558036,2344618.57138843,-0.607404722242778,-1.6295490529580186
1050,2007-03-20,NSE:CANBK,35.57971832,36.73718167,35.22956641,36.23139912,6170332.68558397,3.472222215082536,-0.607404722242778
1051,2007-03-21,NSE:CANBK,35.04475806,37.71955934,35.04475806,37.52502834,3279816.550783,3.5704644353242956,3.472222215082536
1052,2007-03-22,NSE:CANBK,37.93354539,40.83205537,37.93354539,40.48190346,6009468.86604738,7.8797412042141035,3.5704644353242956
1053,2007-03-23,NSE:CANBK,40.85151042,41.21139472,38.9645597,39.30498895,6309518.72648042,-2.907260799045431,7.8797412042141035
1054,2007-03-26,NSE:CANBK,39.87885541,40.25819086,38.7408471,38.8770227,3244392.89116498,-1.088834423905885,-2.907260799045431
1055,2007-03-28,NSE:CANBK,38.9062004,38.9062004,37.61257118,37.93354539,2608000.75455325,-2.4268250099306057,-1.088834423905885
1056,2007-03-29,NSE:CANBK,38.7116694,38.7116694,36.57182838,37.41804018,5553885.95592594,-1.358969230795647,-2.4268250099306057
1057,2007-03-30,NSE:CANBK,38.02108434,38.5171384,37.75846943,37.88491264,1999856.04351126,1.2477202380298602,-1.358969230795647
1058,2007-04-02,NSE:CANBK,35.81315941,36.86362488,35.11284586,35.62835107,2443918.9389463,-5.9563594390276045,1.2477202380298602
1059,2007-04-03,NSE:CANBK,35.78397782,35.78397782,35.78397782,35.78397782,0.0,0.4368059293404626,-5.9563594390276045
1060,2007-04-04,NSE:CANBK,36.16331133,36.37729737,35.40464236,35.50190787,2046429.59686189,-0.7882576705665988,0.4368059293404626
1061,2007-04-05,NSE:CANBK,35.79370437,36.90253108,35.26847066,36.47456288,2198621.27682867,2.7397260270114154,-0.7882576705665988
1062,2007-04-09,NSE:CANBK,36.59128342,37.89463919,36.57182838,37.65147544,1696541.92188863,3.226666660466907,2.7397260270114154
1063,2007-04-10,NSE:CANBK,37.73901439,37.89463919,37.16514793,37.36940743,1406038.09772182,-0.7491552633826776,3.226666660466907
1064,2007-04-11,NSE:CANBK,37.52502834,37.93354539,37.16514793,37.28186459,1102785.66292482,-0.23426338821130369,-0.7491552633826776
1065,2007-04-12,NSE:CANBK,37.15542138,37.34022583,36.59128342,37.07761093,1056176.12559257,-0.5478633170476819,-0.23426338821130369
1066,2007-04-13,NSE:CANBK,37.07761093,38.32260739,37.07761093,38.1572541,1982002.84806018,2.9118466452390823,-0.5478633170476819
1067,2007-04-16,NSE:CANBK,38.9062004,39.87885541,38.14753144,39.72323061,5134970.72307272,4.104007342603824,2.9118466452390823
1068,2007-04-17,NSE:CANBK,39.68432441,40.80287767,39.31471745,40.05393137,4185810.95881057,0.8325122476739037,4.104007342603824
1069,2007-04-18,NSE:CANBK,40.26791741,40.96823097,40.26791741,40.50135462,2771450.2801975,1.1170520213531787,0.8325122476739037
1070,2007-04-19,NSE:CANBK,39.70377945,40.83205537,39.17854186,39.98584746,1997162.38545875,-1.2728146128362718,1.1170520213531787
1071,2007-04-20,NSE:CANBK,40.24846237,40.55971392,39.01319245,39.81076761,1741830.33303864,-0.4378545438486575,-1.2728146128362718
1072,2007-04-23,NSE:CANBK,40.44299337,40.44299337,39.0423721,39.2952624,1113508.88944683,-1.29488889802394,-0.4378545438486575
1073,2007-04-24,NSE:CANBK,39.39252791,43.71111615,39.0034659,43.1664274,6472387.36784998,9.851480213044727,-1.29488889802394
1074,2007-04-25,NSE:CANBK,43.47767895,44.74213046,43.18588244,44.12935975,3427736.41807489,2.2307436774348286,9.851480213044727
1075,2007-04-26,NSE:CANBK,44.74213046,45.07283316,43.11779465,43.43877275,2584415.82488739,-1.5649150676834842,2.2307436774348286
1076,2007-04-27,NSE:CANBK,43.7597489,43.96400645,42.99135144,43.14697624,2017375.10199017,-0.671742067114448,-1.5649150676834842
1077,2007-04-30,NSE:CANBK,43.0691619,43.18588244,41.70744488,42.21322743,1368563.35115161,-2.1641118135512647,-0.671742067114448
1078,2007-05-03,NSE:CANBK,42.99135144,45.71478547,42.79682044,43.99318416,2998144.22381889,4.216585270461977,-2.1641118135512647
1079,2007-05-04,NSE:CANBK,44.74213046,44.74213046,43.03998419,43.23451519,3309858.0348648,-1.724514795839218,4.216585270461977
1080,2007-05-07,NSE:CANBK,43.7889305,44.1779925,42.36885224,42.71900998,2793914.56586442,-1.1923464568401942,-1.724514795839218
1081,2007-05-08,NSE:CANBK,42.99135144,43.07889039,41.93115748,42.11596193,2125527.52902594,-1.4116620452635433,-1.1923464568401942
1082,2007-05-09,NSE:CANBK,42.42721348,43.35123574,42.14513964,43.08861694,1849257.93987325,2.3094688223354183,-1.4116620452635433
1083,2007-05-10,NSE:CANBK,43.5652179,43.76947545,42.43693614,42.83572664,2191455.32391798,-0.5869074432167286,2.3094688223354183
1084,2007-05-11,NSE:CANBK,41.26002747,42.9718964,41.04604142,42.55365669,2056952.34120061,-0.6584922729817859,-0.5869074432167286
1085,2007-05-14,NSE:CANBK,42.99135144,45.21873141,42.99135144,44.79076321,6071587.49945677,5.257142849784092,-0.6584922729817859
1086,2007-05-15,NSE:CANBK,45.31599692,46.37618893,44.35306846,46.13302518,7008903.39319797,2.99673833130917,5.257142849784092
1087,2007-05-16,NSE:CANBK,44.93666146,47.66009549,44.93666146,47.49474219,4392878.21074401,2.9517184374684002,2.99673833130917
1088,2007-05-17,NSE:CANBK,48.03943094,49.41087451,47.75736099,49.17743731,7333237.30065401,3.5429082092255175,2.9517184374684002
1089,2007-05-18,NSE:CANBK,49.41087451,49.54704621,48.4382195,49.17743731,3547480.8277603,0.0,3.5429082092255175
1090,2007-05-21,NSE:CANBK,49.26497626,54.25469451,49.23579855,52.11485349,8516313.50770506,5.973097299648613,0.0
1091,2007-05-22,NSE:CANBK,49.99446751,52.51364594,49.99446751,50.82122427,3710236.37661621,-2.4822658673466793,5.973097299648613
1092,2007-05-23,NSE:CANBK,51.02547988,51.91059983,50.01392256,51.19083123,2549449.67589279,0.7272689025285434,-2.4822658673466793
1093,2007-05-24,NSE:CANBK,51.84251203,51.84251203,50.03337566,50.49051962,1853560.59596095,-1.3680410987145442,0.7272689025285434
1094,2007-05-25,NSE:CANBK,49.99446751,51.10329617,49.04126755,50.03337566,2528085.47194961,-0.9054055364067242,-1.3680410987145442
1095,2007-05-28,NSE:CANBK,50.19872312,51.64798103,50.19872312,51.15192892,2192108.1761559,2.2356142179993896,-0.9054055364067242
1096,2007-05-29,NSE:CANBK,51.55071553,52.11485349,50.40298456,50.67532602,1246788.41678922,-0.9317398386782149,2.2356142179993896
1097,2007-05-30,NSE:CANBK,50.57806052,51.53126048,49.66376481,50.47107041,1221846.37695949,-0.40306718484531034,-0.9317398386782149
1098,2007-05-31,NSE:CANBK,50.47107041,50.96712252,46.69716703,47.54337494,4797471.81891347,-5.800739802459052,-0.40306718484531034
1099,2007-06-01,NSE:CANBK,48.5743912,50.17927391,48.4382195,49.73184872,3033233.74646474,4.6031098607573995,-5.800739802459052
1100,2007-06-04,NSE:CANBK,49.79993651,50.35435181,48.48685225,48.6619282,2644637.58840866,-2.15137894033231,4.6031098607573995
1101,2007-06-05,NSE:CANBK,49.21634351,50.56833592,48.535485,49.83884466,2960792.85089993,2.4185569777730285,-2.15137894033231
1102,2007-06-06,NSE:CANBK,49.99446751,50.34462137,46.78470598,47.24185578,3294832.15225509,-5.210772636718657,2.4185569777730285
1103,2007-06-07,NSE:CANBK,47.62118929,47.75736099,45.90931647,46.27892343,2088263.54577663,-2.0383033945242754,-5.210772636718657
1104,2007-06-08,NSE:CANBK,46.29837848,47.46556449,45.23818452,46.00658197,1925821.57161767,-0.5884783824151283,-2.0383033945242754
1105,2007-06-11,NSE:CANBK,47.04732478,47.25157844,46.29837848,46.63880773,1120464.07903662,1.3742071958579023,-0.5884783824151283
1106,2007-06-12,NSE:CANBK,46.83333873,46.97923698,44.95611651,45.42298897,1369822.79050822,-2.606882163537684,1.3742071958579023
1107,2007-06-13,NSE:CANBK,45.71478547,47.07650248,45.52998102,45.91904302,1979016.17758593,1.092077076494506,-2.606882163537684
1108,2007-06-14,NSE:CANBK,46.29837848,47.32939279,46.04548817,46.96951043,1413800.3566136,2.287650919777385,1.092077076494506
1109,2007-06-15,NSE:CANBK,47.27103349,47.64064044,46.81388369,47.04732478,1570675.09475945,0.1656699192467973,2.287650919777385
1110,2007-06-18,NSE:CANBK,47.04732478,47.40720519,46.29837848,46.45400328,615531.70841119,-1.2611163392912363,0.1656699192467973
1111,2007-06-19,NSE:CANBK,46.29837848,48.90509196,46.29837848,48.6327505,2644087.54754679,4.690117247522608,-1.2611163392912363
1112,2007-06-20,NSE:CANBK,48.8272815,53.88508755,48.8272815,53.58356645,12048228.69313139,10.180004007793059,4.690117247522608
1113,2007-06-21,NSE:CANBK,53.69055655,53.69055655,50.22790666,51.24919442,2959862.40794668,-4.356507385857287,10.180004007793059
1114,2007-06-22,NSE:CANBK,51.74524653,52.91243254,50.80176923,51.16165353,3629889.28623315,-0.1708141776484916,-4.356507385857287
1115,2007-06-25,NSE:CANBK,51.16165353,51.85223664,50.78231613,51.48262773,0.0,0.627372607907958,-0.1708141776484916
1116,2007-06-26,NSE:CANBK,50.57806052,50.76286692,49.41087451,49.62486056,2105633.52776027,-3.608532143586439,0.627372607907958
1117,2007-06-27,NSE:CANBK,49.79993651,50.07227797,49.0801718,49.44005221,1408294.80742612,-0.37241081972725726,-3.608532143586439
1118,2007-06-28,NSE:CANBK,50.17927391,51.22974132,49.65403826,50.69478107,3430347.82702656,2.537879318311505,-0.37241081972725726
1119,2007-06-29,NSE:CANBK,51.06438803,52.72762615,50.97684713,52.50391549,3258889.29518802,3.5686798163738467,2.537879318311505
1120,2007-07-02,NSE:CANBK,52.91243254,53.30149455,52.53309514,53.04860619,2555859.96518951,1.0374287230135184,3.5686798163738467
1121,2007-07-03,NSE:CANBK,53.69055655,54.46868056,53.0680554,53.96289801,3547218.65875137,1.7234982889566517,1.0374287230135184
1122,2007-07-04,NSE:CANBK,55.05227357,55.05227357,52.91243254,53.10696355,2300980.28282402,-1.586153619550575,1.7234982889566517
1123,2007-07-05,NSE:CANBK,53.30149455,53.67110151,51.55071553,52.16348624,3660809.80758018,-1.7765604488227342,-1.586153619550575
1124,2007-07-06,NSE:CANBK,52.50391549,52.50391549,51.20056167,51.46317463,1954613.89748046,-1.3425322202927976,-1.7765604488227342
1125,2007-07-09,NSE:CANBK,51.74524653,54.23524141,51.57017058,53.66137885,2908055.7555551,4.271412006360325,-1.3425322202927976
1126,2007-07-10,NSE:CANBK,53.98235306,54.4103232,52.96106529,53.31121915,2055358.76487183,-0.6525357855205374,4.271412006360325
1127,2007-07-11,NSE:CANBK,50.80176923,54.74102202,50.80176923,53.89481216,3821627.36199755,1.094690797368496,-0.6525357855205374
1128,2007-07-12,NSE:CANBK,54.85774256,54.85774256,53.56411335,53.77809745,2380623.11528113,-0.2165601944274476,1.094690797368496
1129,2007-07-13,NSE:CANBK,54.46868056,55.34407007,53.78782205,54.77020167,3244084.45703683,1.8448109305510614,-0.2165601944274476
1130,2007-07-16,NSE:CANBK,55.44133557,57.58117659,54.51731331,57.19211459,5207899.97267376,4.4219536283478575,1.8448109305510614
1131,2007-07-17,NSE:CANBK,57.48391109,57.9702386,55.26625961,55.59695843,3100801.38280478,-2.7891190445315583,4.4219536283478575
1132,2007-07-18,NSE:CANBK,56.80305258,56.80305258,54.18660866,55.29543732,2398645.94950269,-0.5423338227749216,-2.7891190445315583
1133,2007-07-19,NSE:CANBK,55.29543732,56.88086304,55.16899411,55.54832568,1414345.25690666,0.45734037428171664,-0.5423338227749216
1134,2007-07-20,NSE:CANBK,56.80305258,56.80305258,55.07172861,55.36352511,1686949.62050316,-0.3326843207922954,0.45734037428171664
1135,2007-07-23,NSE:CANBK,55.42188052,55.91793847,54.48813561,55.31489236,735815.87782085,-0.08784258210323323,-0.3326843207922954
1136,2007-07-24,NSE:CANBK,56.02492858,56.78359754,55.24680457,55.83039757,2227213.12050816,0.9319465120622366,-0.08784258210323323
1137,2007-07-25,NSE:CANBK,55.73313207,57.25047194,52.62063604,53.21395365,5052264.11160932,-4.686414630523653,0.9319465120622366
1138,2007-07-26,NSE:CANBK,53.30149455,55.22734952,52.44556008,54.72156892,4274043.68173665,2.833120199855705,-4.686414630523653
1139,2007-07-27,NSE:CANBK,52.13430854,53.69055655,49.79993651,51.14219848,3232384.52244234,-6.54105960527713,2.833120199855705
1140,2007-07-30,NSE:CANBK,51.39509267,52.32883954,50.18899852,50.89903473,4571559.24175006,-0.47546596983916134,-6.54105960527713
1141,2007-07-31,NSE:CANBK,51.72579149,52.52337054,49.15798421,50.91848977,3973027.39436874,0.03822280737386388,-0.47546596983916134
1142,2007-08-01,NSE:CANBK,49.99446751,50.96712252,47.60173619,48.4673972,2417568.38326469,-4.813757401430487,0.03822280737386388
1143,2007-08-02,NSE:CANBK,48.8272815,49.69294446,47.46556449,48.8272815,1905279.85868288,0.742528629121428,-4.813757401430487
1144,2007-08-03,NSE:CANBK,49.77075881,51.12274538,49.60540551,50.18899852,1483681.24891476,2.7888446339163906,0.742528629121428
1145,2007-08-06,NSE:CANBK,49.0218125,50.57806052,47.90325924,50.01392256,1110943.74561439,-0.348833340299138,2.7888446339163906
1146,2007-08-07,NSE:CANBK,50.59751557,52.5817279,50.59751557,52.01758799,3397993.08698364,4.006215324535435,-0.348833340299138
1147,2007-08-08,NSE:CANBK,51.91059983,54.27414956,51.91059983,53.9337203,2909896.07918639,3.6836239126819126,4.006215324535435
1148,2007-08-09,NSE:CANBK,54.46868056,55.69422393,52.76653429,53.67110151,4868185.48336064,-0.48692874984186413,3.6836239126819126
1149,2007-08-10,NSE:CANBK,53.10696355,53.10696355,50.79204657,51.93977753,2655186.03559139,-3.225802957812257,-0.48692874984186413
1150,2007-08-13,NSE:CANBK,52.52337054,52.990243,51.39509267,51.65770564,2117014.747089,-0.5430748906020535,-3.225802957812257
1151,2007-08-14,NSE:CANBK,52.50391549,52.50391549,50.67532602,51.32700682,883828.2753512,-0.6401732634132569,-0.5430748906020535
1152,2007-08-16,NSE:CANBK,50.38352952,50.38352952,47.28076004,47.57255654,2884522.23157726,-7.3147656810898365,-0.6401732634132569
1153,2007-08-17,NSE:CANBK,47.66009549,49.00235746,46.70689553,47.62118929,4063506.54586152,0.10222858205886931,-7.3147656810898365
1154,2007-08-20,NSE:CANBK,48.61329545,49.99446751,47.66009549,47.84489994,2717001.37544143,0.4697712369963389,0.10222858205886931
1155,2007-08-21,NSE:CANBK,47.89353269,48.80782646,45.13119246,45.55916067,1998046.56329278,-4.777393772097835,0.4697712369963389
1156,2007-08-22,NSE:CANBK,45.71478547,46.39564398,43.00107799,44.81994092,4132950.48981447,-1.6225490968861536,-4.777393772097835
1157,2007-08-23,NSE:CANBK,46.87224493,46.87224493,43.584671,43.76947545,2823940.62823981,-2.343745771273986,-1.6225490968861536
1158,2007-08-24,NSE:CANBK,44.72267541,44.72267541,43.09834349,43.6819365,3637610.42057451,-0.19999999794377832,-2.343745771273986
1159,2007-08-27,NSE:CANBK,45.11173742,45.71478547,44.10017815,45.52025447,4533570.4382996,4.208416836098826,-0.19999999794377832
1160,2007-08-28,NSE:CANBK,45.71478547,46.68744048,45.32572347,46.33728468,1941474.60362128,1.794871798307866,4.208416836098826
1161,2007-08-29,NSE:CANBK,45.87041027,46.27892343,44.74213046,45.96767577,1657581.55093449,-0.7976490477430447,1.794871798307866
1162,2007-08-30,NSE:CANBK,46.68744048,47.42665829,46.29837848,46.87224493,3649819.27148044,1.96783749634423,-0.7976490477430447
1163,2007-08-31,NSE:CANBK,46.88197148,48.01025129,46.88197148,47.46556449,956814.07120907,1.2658227931819217,1.96783749634423
1164,2007-09-03,NSE:CANBK,47.85462649,49.24552121,47.67955054,49.01208595,2037063.48050374,3.2581967087441273,1.2658227931819217
1165,2007-09-04,NSE:CANBK,49.0218125,49.79993651,48.2728662,48.71056096,1595061.9531585,-0.6152053807862817,3.2581967087441273
1166,2007-09-05,NSE:CANBK,48.4382195,49.13853305,47.85462649,48.41876445,2242295.5493747,-0.5990415717848563,-0.6152053807862817
1167,2007-09-06,NSE:CANBK,47.66009549,49.60540551,47.66009549,49.45950726,1817550.91149944,2.149461725886739,-0.5990415717848563
1168,2007-09-07,NSE:CANBK,49.99446751,51.09356573,49.31360901,49.83884466,3476926.520946,0.7669655866280403,2.149461725886739
1169,2007-09-10,NSE:CANBK,49.41087451,49.97501247,49.11907801,49.67349331,2103824.04754179,-0.33177203670756533,0.7669655866280403
1170,2007-09-11,NSE:CANBK,49.21634351,50.38352952,49.21634351,49.57622781,804802.31115038,-0.19580966330068422,-0.33177203670756533
1171,2007-09-12,NSE:CANBK,49.11907801,50.55860547,49.11907801,50.11118806,1746569.93747454,1.0790660637800642,-0.19580966330068422
1172,2007-09-13,NSE:CANBK,50.57806052,51.16165353,49.99446751,50.51970316,1844919.29980395,0.8152173512846371,1.0790660637800642
1173,2007-09-14,NSE:CANBK,50.82122427,51.29782717,48.7883753,49.53731771,2016043.69467032,-1.9445590305404228,0.8152173512846371
1174,2007-09-17,NSE:CANBK,49.99446751,50.13064116,49.13853305,49.35251521,1167397.47220343,-0.373057138623995,-1.9445590305404228
1175,2007-09-18,NSE:CANBK,49.56649931,50.53915237,48.87591425,50.25708631,2005073.72084579,1.8328774048312548,-0.373057138623995
1176,2007-09-19,NSE:CANBK,50.96712252,52.52337054,50.96712252,52.13430854,3594702.09278005,3.7352388843650037,1.8328774048312548
1177,2007-09-20,NSE:CANBK,52.52337054,52.52337054,51.26864363,51.44372542,1452411.16888916,-1.324623149974551,3.7352388843650037
1178,2007-09-21,NSE:CANBK,51.35618453,52.51364594,50.96712252,52.14403314,1508083.52902022,1.3613083311570124,-1.324623149974551
1179,2007-09-24,NSE:CANBK,52.52337054,53.97262845,44.85885101,53.6419238,2224581.14928129,2.8726022323174734,1.3613083311570124
1180,2007-09-25,NSE:CANBK,53.49602555,53.98235306,51.56044013,52.39692733,1156699.94852543,-2.320939261317104,2.8726022323174734
1181,2007-09-26,NSE:CANBK,52.39692733,54.05044085,51.93977753,53.03887575,1741588.72630492,1.2251642466684425,-2.320939261317104
1182,2007-09-27,NSE:CANBK,53.69055655,54.06016351,51.95923258,52.20239633,1867465.83457171,-1.5771062417362858,1.2251642466684425
1183,2007-09-28,NSE:CANBK,52.13430854,54.45895596,51.55071553,54.07961856,2898694.77976575,3.596046085955612,-1.5771062417362858
1184,2007-10-01,NSE:CANBK,54.46868056,55.46079062,53.78782205,55.07172861,2141478.71402009,1.8345359608986134,3.596046085955612
1185,2007-10-03,NSE:CANBK,55.20789642,56.05410628,54.33250691,55.32461502,2418370.31199788,0.45919461106961273,1.8345359608986134
1186,2007-10-04,NSE:CANBK,55.24680457,55.39270282,53.6127461,53.94344491,937763.12322701,-2.4964839059444146,0.45919461106961273
1187,2007-10-05,NSE:CANBK,53.49602555,55.24680457,52.62063604,52.93188759,836216.32710245,-1.875218243268836,-2.4964839059444146
1188,2007-10-08,NSE:CANBK,48.87591425,53.30149455,48.87591425,51.00603067,926258.53024702,-3.638368113597819,-1.875218243268836
1189,2007-10-09,NSE:CANBK,50.38352952,51.93005293,49.23579855,51.48262773,942677.5070022,0.9343935486442667,-3.638368113597819
1190,2007-10-10,NSE:CANBK,52.13430854,53.379305,51.55071553,51.74524653,1255188.1062125,0.5101114911564084,0.9343935486442667
1191,2007-10-11,NSE:CANBK,51.78415468,53.10696355,51.57989323,52.41638043,685248.10251067,1.2969962363806595,0.5101114911564084
1192,2007-10-12,NSE:CANBK,51.64798103,53.10696355,51.55071553,51.83278743,1125969.62822409,-1.1133790529076282,1.2969962363806595
1193,2007-10-15,NSE:CANBK,51.84251203,53.00969805,51.84251203,52.31911493,1312623.68144282,0.9382622932574832,-1.1133790529076282
1194,2007-10-16,NSE:CANBK,52.48446239,53.09723894,51.75497114,52.23157404,999295.73179292,-0.1673210453141732,0.9382622932574832
1195,2007-10-17,NSE:CANBK,49.83884466,49.83884466,49.83884466,49.83884466,912224.7774162,-4.581001863293643,-0.1673210453141732
1196,2007-10-18,NSE:CANBK,50.53915237,51.31727638,48.4382195,49.0801718,885874.22173459,-1.5222521010983587,-4.581001863293643
1197,2007-10-19,NSE:CANBK,49.21634351,50.38352952,46.90142653,48.02970245,928309.61719922,-2.140313107053957,-1.5222521010983587
1198,2007-10-22,NSE:CANBK,47.11540868,48.41876445,47.07650248,47.65036894,2163074.24355939,-0.7897894233154928,-2.140313107053957
1199,2007-10-23,NSE:CANBK,48.6327505,53.49602555,48.6327505,53.1653209,4612817.44695892,11.573786484096837,-0.7897894233154928
1200,2007-10-24,NSE:CANBK,53.49602555,55.92766308,53.20422905,55.30516192,4388673.22546357,4.02488122666444,11.573786484096837
1201,2007-10-25,NSE:CANBK,54.95500807,58.1647696,53.5154806,57.72707484,5849602.31685847,4.379180597108352,4.02488122666444
1202,2007-10-26,NSE:CANBK,56.80305258,57.77570759,54.46868056,56.48207838,1890629.23759576,-2.156694174182069,4.379180597108352
1203,2007-10-29,NSE:CANBK,57.9702386,58.10641224,55.05227357,55.27598227,1120849.6216968,-2.1353607101453074,-2.156694174182069
1204,2007-10-30,NSE:CANBK,56.35563322,58.1647696,54.0212612,55.41215787,5232600.40576977,0.24635582111384413,-2.1353607101453074
1205,2007-10-31,NSE:CANBK,55.44133557,58.1647696,54.85774256,57.08512448,3094257.4387192,3.01913275769709,0.24635582111384413
1206,2007-11-01,NSE:CANBK,58.1647696,60.96601408,57.63953395,58.6413725,5935922.74819003,2.726188361987794,3.01913275769709
1207,2007-11-02,NSE:CANBK,57.9702386,59.72101761,56.41399058,58.0966818,3078069.78756013,-0.928850531252494,2.726188361987794
1208,2007-11-05,NSE:CANBK,58.92343856,59.50703157,55.32461502,55.91793847,5525880.13708992,-3.750202700905366,-0.928850531252494
1209,2007-11-06,NSE:CANBK,56.90031809,57.56172155,54.18660866,54.73129936,2673131.76128091,-2.122108114977511,-3.750202700905366
1210,2007-11-07,NSE:CANBK,55.24680457,56.21945958,52.54282559,52.90270794,1985791.44726762,-3.341034182236893,-2.122108114977511
1211,2007-11-08,NSE:CANBK,52.32883954,53.50575015,50.78231613,52.04676764,2170857.06472637,-1.6179517709580604,-3.341034182236893
1212,2007-11-09,NSE:CANBK,52.71790154,52.91243254,51.61880333,52.04676764,312834.45504486,0.0,-1.6179517709580604
1213,2007-11-12,NSE:CANBK,51.18110857,53.79754666,50.40298456,53.2528618,2217271.26044413,2.3173276933207054,0.0
1214,2007-11-13,NSE:CANBK,54.27414956,55.32461502,53.49602555,53.79754666,2608232.08014936,1.0228273966677295,2.3173276933207054
1215,2007-11-14,NSE:CANBK,55.44133557,56.80305258,54.46868056,55.59695843,1975911.27402922,3.3447840686346995,1.0228273966677295
1216,2007-11-15,NSE:CANBK,54.85774256,56.78359754,54.85774256,55.41215787,1424122.61876901,-0.3323932913212773,3.3447840686346995
1217,2007-11-16,NSE:CANBK,54.46868056,57.8048853,54.46868056,56.58906654,2378165.92339354,2.1239177740760233,-0.3323932913212773
1218,2007-11-19,NSE:CANBK,57.77570759,58.60246435,56.70578708,56.98785898,4301432.63231637,0.7047164132281889,2.1239177740760233
1219,2007-11-20,NSE:CANBK,56.76414444,57.95078355,55.07172861,55.75258712,1765415.2627045,-2.167605314727684,0.7047164132281889
1220,2007-11-21,NSE:CANBK,54.66321156,56.41399058,51.47290507,52.18294129,1736006.06858541,-6.402655041490385,-2.167605314727684
1221,2007-11-22,NSE:CANBK,52.91243254,53.4571174,49.62486056,50.47107041,2994129.43958413,-3.28051818790071,-6.402655041490385
1222,2007-11-23,NSE:CANBK,51.14219848,52.32883954,50.18899852,50.63641788,1859487.67179023,0.32760840746353487,-3.28051818790071
1223,2007-11-26,NSE:CANBK,51.55071553,53.10696355,51.55071553,52.21211899,1617135.55559643,3.1117941907623683,0.32760840746353487
1224,2007-11-27,NSE:CANBK,52.32883954,52.8929775,51.55071553,52.10513083,1812687.93341228,-0.20491058794317712,3.1117941907623683
1225,2007-11-28,NSE:CANBK,52.6984465,52.71790154,51.87168974,52.14403314,2673949.11172051,0.07466118860140945,-0.20491058794317712
1226,2007-11-29,NSE:CANBK,52.71790154,53.49602555,51.64798103,52.12458393,2148233.42142658,-0.03729901357606736,0.07466118860140945
1227,2007-11-30,NSE:CANBK,52.52337054,53.30149455,51.93977753,52.91243254,2249297.0040837,1.5114722278800885,-0.03729901357606736
1228,2007-12-03,NSE:CANBK,53.49602555,54.42977241,52.73735659,53.60301566,1267227.31834795,1.3051433979678446,1.5114722278800885
1229,2007-12-04,NSE:CANBK,54.46868056,54.46868056,53.12641859,53.58356645,1591802.83253772,-0.03628379814181086,1.3051433979678446
1230,2007-12-05,NSE:CANBK,53.49602555,56.74469523,53.49602555,56.48207838,7440957.91991037,5.409329990575866,-0.03628379814181086
1231,2007-12-06,NSE:CANBK,56.80305258,60.16843697,56.80305258,58.4273884,6287136.68991434,3.444119047660301,5.409329990575866
1232,2007-12-07,NSE:CANBK,59.33195561,60.30461062,57.23102273,58.86508315,2337190.44946882,0.7491259869489538,3.444119047660301
1233,2007-12-10,NSE:CANBK,60.11007962,60.30461062,58.5538316,59.34168021,1638797.91253016,0.8096430591723426,0.7491259869489538
1234,2007-12-11,NSE:CANBK,59.33195561,61.85113403,59.33195561,61.61769488,5729528.91076971,3.835440220003171,0.8096430591723426
1235,2007-12-12,NSE:CANBK,60.69367262,62.80433594,60.36296798,61.87058324,4178531.91338623,0.4104151583282987,3.835440220003171
1236,2007-12-13,NSE:CANBK,62.44445164,63.1836675,61.02437727,61.49125168,4188607.42823913,-0.6131048717102804,0.4104151583282987
1237,2007-12-14,NSE:CANBK,61.86085864,62.4249966,58.5538316,61.11191233,1769311.8138568,-0.6168997046507919,-0.6131048717102804
1238,2007-12-17,NSE:CANBK,53.69055655,61.18000013,53.69055655,58.20367774,1864237.55736374,-4.7588669362787055,-0.6168997046507919
1239,2007-12-18,NSE:CANBK,56.80305258,58.3593006,54.0990736,56.14164912,3387912.43156194,-3.542780628418768,-4.7588669362787055
1240,2007-12-19,NSE:CANBK,57.73679945,59.72101761,55.48024372,57.26020238,2863096.34080844,1.9923769207583368,-3.542780628418768
1241,2007-12-20,NSE:CANBK,57.26020238,58.5538316,56.63769929,57.81461574,1160164.69189831,0.968235068958899,1.9923769207583368
1242,2007-12-24,NSE:CANBK,58.2620351,58.9137159,58.00914674,58.6219194,748209.78920368,1.396366039394872,0.968235068958899
1243,2007-12-26,NSE:CANBK,59.04015911,60.20734512,58.76781765,59.57511936,1283466.37519504,1.626012880090035,1.396366039394872
1244,2007-12-27,NSE:CANBK,59.91554862,60.30461062,58.1744942,58.738638,1832628.19979717,-1.404078361883454,1.626012880090035
1245,2007-12-28,NSE:CANBK,58.7483626,60.90765867,58.46629071,60.50886623,1719319.7822525,3.013737278007707,-1.404078361883454
1246,2007-12-31,NSE:CANBK,61.08273463,66.14054068,61.08273463,64.47730256,3720903.05688139,6.558437758386662,3.013737278007707
1247,2008-01-01,NSE:CANBK,64.64265002,68.8542501,64.64265002,66.94784239,3722537.75776059,3.831642658594505,6.558437758386662
1248,2008-01-02,NSE:CANBK,67.7940542,78.37653876,67.32718174,76.76193533,17309112.50845251,14.659311771137714,3.831642658594505
1249,2008-01-03,NSE:CANBK,76.64521479,81.9753623,75.15705457,78.72669845,11547532.15119922,2.559553913737939,14.659311771137714
1250,2008-01-04,NSE:CANBK,80.14677282,80.52611022,76.48959193,77.6275944,6581346.86418775,-1.3961007785663009,2.559553913737939
1251,2008-01-07,NSE:CANBK,75.86709078,79.54372477,74.50537377,78.11392191,3581336.61389355,0.6264879309463636,-1.3961007785663009
1252,2008-01-08,NSE:CANBK,78.59052481,79.13520967,74.94306852,76.14916268,3199968.09557378,-2.5152484755069935,0.6264879309463636
1253,2008-01-09,NSE:CANBK,76.82029074,77.20935275,73.72724976,74.27193462,6266471.6033283,-2.4651985575844644,-2.5152484755069935
1254,2008-01-10,NSE:CANBK,74.87498072,74.89443577,70.43967777,71.11080584,3797764.84161635,-4.256155163014655,-2.4651985575844644
1255,2008-01-11,NSE:CANBK,71.74303159,73.14365675,69.59346597,72.0542812,2233021.96325499,1.3267679206488485,-4.256155163014655
1256,2008-01-14,NSE:CANBK,73.92178076,74.69018016,71.46096553,72.8129521,6706401.48144613,1.0529157842740349,1.3267679206488485
1257,2008-01-15,NSE:CANBK,73.41599821,73.53271876,70.47858008,70.88709518,1820069.79021267,-2.6449372871945416,1.0529157842740349
1258,2008-01-16,NSE:CANBK,70.61475373,70.61475373,59.40004341,68.81534196,3491011.67946485,-2.922609841381294,-2.6449372871945416
1259,2008-01-17,NSE:CANBK,69.83662972,70.42022272,67.6967887,68.35819216,2607399.30800336,-0.6643137808800279,-2.922609841381294
1260,2008-01-18,NSE:CANBK,68.0858507,68.2803817,60.79093813,61.72468499,4377425.6609237,-9.704041257371955,-0.6643137808800279
1261,2008-01-21,NSE:CANBK,61.66632763,64.97335467,50.23763127,54.98418577,4133793.54309808,-10.920265078861112,-9.704041257371955
1262,2008-01-22,NSE:CANBK,50.96712252,53.49602555,44.35306846,48.41876445,5159660.87503112,-11.94056296016331,-10.920265078861112
1263,2008-01-23,NSE:CANBK,52.52337054,57.19211459,48.58411775,53.3501273,10998606.79276201,10.18481761361839,-11.94056296016331
1264,2008-01-24,NSE:CANBK,55.98602043,56.02492858,51.74524653,53.52520325,9305724.95586076,0.3281640716909781,10.18481761361839
1265,2008-01-25,NSE:CANBK,54.46868056,57.77570759,54.46868056,56.50153148,3066822.22302027,5.560610795065034,0.3281640716909781
1266,2008-01-28,NSE:CANBK,54.95500807,59.90582401,53.10696355,59.0304345,3550734.80781228,4.475813227992172,5.560610795065034
1267,2008-01-29,NSE:CANBK,59.91554862,60.38242108,53.5349337,55.48996832,8178521.59112407,-5.997696290038312,4.475813227992172
1268,2008-01-30,NSE:CANBK,56.02492858,57.19211459,53.62246876,54.20606176,5538705.85625216,-2.3137633681748793,-5.997696290038312
1269,2008-01-31,NSE:CANBK,54.27414956,57.62980934,51.16165353,56.45289873,6158612.18871427,4.144992085844541,-2.3137633681748793
1270,2008-02-01,NSE:CANBK,57.58117659,57.9702386,53.5154806,57.46445605,4353496.31314807,1.7918607241729525,4.144992085844541
1271,2008-02-04,NSE:CANBK,58.04804905,62.3277311,57.62980934,61.97757918,7160647.84367892,7.853764640307592,1.7918607241729525
1272,2008-02-05,NSE:CANBK,62.05538964,63.02804465,60.34351877,60.81039317,5390806.55123547,-1.8832391091142355,7.853764640307592
1273,2008-02-06,NSE:CANBK,60.88820363,60.88820363,57.58117659,59.65292982,2759585.84740133,-1.9033972478425278,-1.8832391091142355
1274,2008-02-07,NSE:CANBK,59.52648661,62.6195276,59.52648661,60.00308951,3481547.89229945,0.5869949574255551,-1.9033972478425278
1275,2008-02-08,NSE:CANBK,59.91554862,61.08273463,56.21945958,57.30883513,2519788.59390237,-4.490192758409522,0.5869949574255551
1276,2008-02-11,NSE:CANBK,56.62797663,57.77570759,54.1185267,56.24863728,1936832.66999262,-1.8499727792320972,-4.490192758409522
1277,2008-02-12,NSE:CANBK,57.36719054,60.11007962,54.89665071,56.50153148,1153009.02012523,0.4496005809725104,-1.8499727792320972
1278,2008-02-13,NSE:CANBK,56.80305258,58.3593006,55.73313207,56.33618012,3857894.07489918,-0.29264934182983215,0.4496005809725104
1279,2008-02-14,NSE:CANBK,57.00730819,58.2620351,56.60852158,57.5130888,2304547.83757295,2.089081434866722,-0.29264934182983215
1280,2008-02-15,NSE:CANBK,57.77570759,59.62375211,55.48996832,59.26386781,4457962.95235245,3.044140119283599,2.089081434866722
1281,2008-02-18,NSE:CANBK,59.72101761,60.25597787,58.5246539,59.46812926,4723185.45914856,0.3446643925686042,3.044140119283599
1282,2008-02-19,NSE:CANBK,60.67421758,60.79093813,59.08879186,59.52648661,5238979.85165367,0.09813214359721634,0.3446643925686042
1283,2008-02-20,NSE:CANBK,59.63347672,59.63347672,55.44133557,55.88875493,4260590.81318051,-6.1111143747376655,0.09813214359721634
1284,2008-02-21,NSE:CANBK,56.37508243,57.52281924,51.93977753,53.5349337,11652574.53410948,-4.211618657363412,-6.1111143747376655
1285,2008-02-22,NSE:CANBK,52.83462209,54.0212612,51.78415468,53.62246876,4098082.01162712,0.16351016794103795,-4.211618657363412
1286,2008-02-25,NSE:CANBK,54.44922551,54.44922551,51.60907289,52.83462209,2886629.86478628,-1.4692472917018924,0.16351016794103795
1287,2008-02-26,NSE:CANBK,53.4765705,53.6321992,52.43582964,52.8929775,1922716.66806096,0.11044918595346997,-1.4692472917018924
1288,2008-02-27,NSE:CANBK,53.30149455,54.07961856,51.56044013,52.16348624,4268846.56667733,-1.3791835787652589,0.11044918595346997
1289,2008-02-28,NSE:CANBK,52.52337054,52.91243254,50.96712252,52.27048218,9198117.42911806,0.20511654360623974,-1.3791835787652589
1290,2008-02-29,NSE:CANBK,51.55071553,54.66321156,49.21634351,54.13797591,8701816.07351203,3.5727501490593663,0.20511654360623974
1291,2008-03-03,NSE:CANBK,52.91243254,52.91243254,49.11907801,49.64431171,4811644.36710196,-8.300391960479567,3.5727501490593663
1292,2008-03-04,NSE:CANBK,50.28626402,50.96712252,44.36279501,46.63880773,6403873.86685028,-6.054075233345587,-8.300391960479567
1293,2008-03-05,NSE:CANBK,46.68744048,48.01025129,45.51052792,45.78287327,6039746.81629409,-1.8352408684097383,-6.054075233345587
1294,2008-03-07,NSE:CANBK,46.68744048,46.68744048,43.7889305,44.33361341,5839516.52086797,-3.165506567167895,-1.8352408684097383
1295,2008-03-10,NSE:CANBK,43.886196,47.26130694,42.40775844,46.58044843,5570438.58746998,5.068016900001202,-3.165506567167895
1296,2008-03-11,NSE:CANBK,44.75185701,48.01997979,44.75185701,47.00841469,2851108.53436102,0.918768011954936,5.068016900001202
1297,2008-03-12,NSE:CANBK,48.32149895,49.09962296,45.28681727,46.02603702,2842672.86095612,-2.089791107567353,0.918768011954936
1298,2008-03-13,NSE:CANBK,44.76158551,45.48134827,43.38041345,43.886196,1759452.2028936,-4.6491967558931035,-2.089791107567353
1299,2008-03-14,NSE:CANBK,44.70322426,44.70322426,42.19377239,43.25397024,3215317.83401805,-1.4406027808835316,-4.6491967558931035
1300,2008-03-17,NSE:CANBK,41.04604142,42.58283439,40.87096547,41.86307163,3168286.77004399,-3.2156553543696167,-1.4406027808835316
1301,2008-03-18,NSE:CANBK,41.24057242,42.19377239,38.77975719,39.2563562,5475908.66776083,-6.226765806959973,-3.2156553543696167
1302,2008-03-19,NSE:CANBK,40.85151042,41.70744488,39.2952624,40.44299337,5726136.13536006,3.0227898991807205,-6.226765806959973
1303,2008-03-24,NSE:CANBK,40.51108117,41.22111738,39.74268371,40.87096547,2887056.53199689,1.0582107414370105,3.0227898991807205
1304,2008-03-25,NSE:CANBK,41.04604142,45.11173742,41.04604142,44.54759946,5839059.01024455,8.995711130677137,1.0582107414370105
1305,2008-03-26,NSE:CANBK,44.93666146,46.29837848,43.03998419,43.80838165,5002184.69033537,-1.6593886516012049,8.995711130677137
1306,2008-03-27,NSE:CANBK,43.5554894,45.13119246,42.01869643,42.77736539,6745063.69940972,-2.3534680377767416,-1.6593886516012049
1307,2008-03-28,NSE:CANBK,43.20533749,44.35306846,42.79682044,44.1488109,4183507.98398705,3.206007423544138,-2.3534680377767416
1308,2008-03-31,NSE:CANBK,44.168264,44.69349771,43.25397024,43.7889305,2899496.70849894,-0.815153098494894,3.206007423544138
1309,2008-04-01,NSE:CANBK,43.96400645,44.54759946,41.83389198,42.48556889,2370455.07018979,-2.9764636749920075,-0.815153098494894
1310,2008-04-02,NSE:CANBK,43.18588244,45.52025447,43.18588244,44.80048976,3654507.47022832,5.448722779242028,-2.9764636749920075
1311,2008-04-03,NSE:CANBK,45.52025447,46.29837848,43.584671,43.84728591,3063588.8052435,-2.12766390525281,5.448722779242028
1312,2008-04-04,NSE:CANBK,43.84728591,44.1488109,42.01869643,42.22295398,2361849.75801441,-3.7045210354275193,-2.12766390525281
1313,2008-04-07,NSE:CANBK,42.89408594,44.51842175,41.60045672,44.10017815,3232569.58291923,4.44598019098615,-3.7045210354275193
1314,2008-04-08,NSE:CANBK,44.33361341,44.89775526,42.63146714,42.81627549,5308521.46641387,-2.9113321393691365,4.44598019098615
1315,2008-04-09,NSE:CANBK,42.60228944,43.76947545,42.50502394,43.5554894,1227840.28018321,1.7264787783156068,-2.9113321393691365
1316,2008-04-10,NSE:CANBK,43.5554894,44.469789,43.28314794,43.73056925,2563046.4803754,0.4019696539100374,1.7264787783156068
1317,2008-04-11,NSE:CANBK,44.35306846,44.35306846,43.10807199,43.7500204,2189990.26180927,0.04447952618406575,0.4019696539100374
1318,2008-04-15,NSE:CANBK,43.7500204,43.9542799,42.81627549,43.7500204,1197264.17694595,0.0,0.04447952618406575
1319,2008-04-16,NSE:CANBK,44.15853745,45.32572347,43.76947545,44.53787291,2056422.86261395,1.8008048974532602,0.0
1320,2008-04-17,NSE:CANBK,45.26736417,46.50263603,44.65459151,45.79259593,3330667.05737731,2.817204635110178,1.8008048974532602
1321,2008-04-21,NSE:CANBK,45.52025447,47.35857244,43.89591866,46.90142653,2403329.00768177,2.4214189597265854,2.817204635110178
1322,2008-04-22,NSE:CANBK,46.66798543,47.62118929,45.73424052,45.88986143,2177611.77213286,-2.1567896220661043,2.4214189597265854
1323,2008-04-23,NSE:CANBK,45.73424052,46.58044843,44.26552951,44.62540991,3505199.64935975,-2.75540496440327,-2.1567896220661043
1324,2008-04-24,NSE:CANBK,45.10201476,45.84122868,44.35306846,45.19928026,6610935.97821493,1.2859721650901916,-2.75540496440327
1325,2008-04-25,NSE:CANBK,45.69533042,46.92087768,45.52025447,46.50263603,2654183.6246749,2.8835763810899144,1.2859721650901916
1326,2008-04-28,NSE:CANBK,46.50263603,47.36829899,45.07283316,45.29654576,5011540.52555592,-2.5935954882684897,2.8835763810899144
1327,2008-04-29,NSE:CANBK,45.71478547,46.88197148,45.42298897,46.31783352,4482894.71104457,2.2546702907793645,-2.5935954882684897
1328,2008-04-30,NSE:CANBK,46.77497943,47.07650248,45.55916067,46.12330252,3904570.43962587,-0.4199915782243992,2.2546702907793645
1329,2008-05-02,NSE:CANBK,46.31783352,47.27103349,46.21083953,46.83333873,2404264.59120382,1.5394305507332486,-0.4199915782243992
1330,2008-05-05,NSE:CANBK,47.07650248,48.62302395,46.88197148,47.7865387,2994931.36831732,2.0353021925157115,1.5394305507332486
1331,2008-05-06,NSE:CANBK,48.8272815,48.8272815,47.12513523,47.51419724,1218016.65320163,-0.5699125055064928,2.0353021925157115
1332,2008-05-07,NSE:CANBK,47.11540868,48.12696795,46.29837848,47.53365228,1374361.91276083,0.04094574070509303,-0.5699125055064928
1333,2008-05-08,NSE:CANBK,47.07650248,47.46556449,46.31783352,47.21267419,1551752.66099745,-0.6752649430539339,0.04094574070509303
1334,2008-05-09,NSE:CANBK,47.27103349,47.41693174,45.23818452,45.54943217,3857040.74047796,-3.522871873994135,-0.6752649430539339
1335,2008-05-12,NSE:CANBK,45.52025447,45.52025447,43.8570144,44.95611651,2377338.29181633,-1.3025753159460336,-3.522871873994135
1336,2008-05-13,NSE:CANBK,45.15064751,46.66798543,44.99502076,45.59806492,1122638.53964007,1.4279445375518662,-1.3025753159460336
1337,2008-05-14,NSE:CANBK,45.71478547,46.10384747,45.14091901,45.74396317,1435606.64947379,0.3199658806924693,1.4279445375518662
1338,2008-05-15,NSE:CANBK,45.90931647,48.4382195,45.24791301,45.73424052,7945119.20521542,-0.02125449857474712,0.3199658806924693
1339,2008-05-16,NSE:CANBK,45.91904302,46.59017498,45.63697501,45.99685542,858845.11097105,0.5742194404325109,-0.02125449857474712
1340,2008-05-20,NSE:CANBK,46.10384747,46.44427673,45.16037017,45.73424052,1054854.99941033,-0.5709409862958033,0.5742194404325109
1341,2008-05-21,NSE:CANBK,45.71478547,46.10384747,44.40170121,45.81205097,990027.28624202,0.17013609303509475,-0.5709409862958033
1342,2008-05-22,NSE:CANBK,45.13119246,45.70505892,44.35306846,44.46006051,1549609.04380681,-2.951167719789174,0.17013609303509475
1343,2008-05-23,NSE:CANBK,45.08255971,45.09228626,43.584671,43.7889305,883231.96937011,-1.5095121380886283,-2.951167719789174
1344,2008-05-26,NSE:CANBK,42.79682044,43.92510025,42.77736539,43.24424174,1081966.3592747,-1.243896011573061,-1.5095121380886283
1345,2008-05-27,NSE:CANBK,42.79682044,43.63330375,41.07521913,41.65881213,1518524.0242581,-3.6662213192040083,-1.243896011573061
1346,2008-05-28,NSE:CANBK,42.58283439,43.57494445,41.67826718,43.28314794,1561956.69007041,3.899140966696589,-3.6662213192040083
1347,2008-05-29,NSE:CANBK,43.18588244,43.89591866,41.07521913,41.45455847,4743778.57777137,-4.22471459916646,3.899140966696589
1348,2008-05-30,NSE:CANBK,42.50502394,42.50502394,41.48373618,41.81443888,1238789.69173253,0.868132295415557,-4.22471459916646
1349,2008-06-02,NSE:CANBK,42.47584623,43.08861694,40.87096547,41.20166622,1367766.56298722,-1.4654570918876753,0.868132295415557
1350,2008-06-03,NSE:CANBK,40.85151042,40.85151042,39.70377945,39.85940036,3077751.07229438,-3.257795092151974,-1.4654570918876753
1351,2008-06-04,NSE:CANBK,40.26791741,40.62780171,38.76030215,39.1007314,4342325.85714024,-1.9033627027699755,-3.257795092151974
1352,2008-06-05,NSE:CANBK,39.48979341,39.60651395,38.5171384,39.32444011,1071875.4227154,0.5721343360855823,-1.9033627027699755
1353,2008-06-06,NSE:CANBK,40.07338641,40.07338641,39.1396376,39.49951996,1083323.46943856,0.44521892622059517,0.5721343360855823
1354,2008-06-09,NSE:CANBK,36.98034543,39.2952624,36.98034543,38.98401086,1197526.34595487,-1.3051021899052029,0.44521892622059517
1355,2008-06-10,NSE:CANBK,38.5171384,38.5171384,35.80343092,36.25085417,3810585.42020978,-7.010968419374182,-1.3051021899052029
1356,2008-06-11,NSE:CANBK,36.37729737,37.54448339,35.55054062,36.67882043,2565652.74875827,1.1805687612022555,-7.010968419374182
1357,2008-06-12,NSE:CANBK,35.01558036,37.93354539,34.82104936,37.59311614,2035706.37033988,2.492707506079408,1.1805687612022555
1358,2008-06-13,NSE:CANBK,37.87518609,38.4587791,37.58338959,38.19616419,1761734.61544191,1.6041448858727096,2.492707506079408
1359,2008-06-16,NSE:CANBK,38.7116694,39.48979341,37.89463919,38.38096669,4895898.28977491,0.48382476072920966,1.6041448858727096
1360,2008-06-17,NSE:CANBK,38.5171384,41.04604142,38.5171384,40.45272187,3925040.18459741,5.397871285351923,0.48382476072920966
1361,2008-06-18,NSE:CANBK,41.24057242,41.24057242,39.58705891,39.87885541,2984485.73251065,-1.418610252838341,5.397871285351923
1362,2008-06-19,NSE:CANBK,39.2952624,40.11229261,38.9451066,39.69405096,1808796.52282879,-0.4634146293819155,-1.418610252838341
1363,2008-06-20,NSE:CANBK,39.70377945,39.70377945,37.34995238,38.02108434,2077144.49545682,-4.214653278109251,-0.4634146293819155
1364,2008-06-23,NSE:CANBK,37.34995238,38.7116694,35.96878032,36.21194408,2407102.1851828,-4.758255298091794,-4.214653278109251
1365,2008-06-24,NSE:CANBK,36.37729737,36.72745318,35.40464236,35.58944682,946090.84468706,-1.7190384990785696,-4.758255298091794
1366,2008-06-25,NSE:CANBK,34.43198735,35.09339082,33.44960579,34.49034665,5342634.28098725,-3.088275509194891,-1.7190384990785696
1367,2008-06-26,NSE:CANBK,33.55659785,36.02714157,33.55659785,35.44354856,2383856.5330579,2.7636773839152013,-3.088275509194891
1368,2008-06-27,NSE:CANBK,34.99612531,35.50190787,32.38941183,34.71405731,3876837.07093638,-2.0581778056593167,2.7636773839152013
1369,2008-06-30,NSE:CANBK,34.23745635,35.66726116,34.23745635,34.63624491,4847983.04796682,-0.2241524213235192,-2.0581778056593167
1370,2008-07-01,NSE:CANBK,35.13230091,35.13230091,33.6344083,34.04292535,2810379.80773882,-1.7130019768069733,-0.2241524213235192
1371,2008-07-02,NSE:CANBK,33.84839435,35.38518732,33.10917654,34.92804141,3409538.80451405,2.6000000026437253,-1.7130019768069733
1372,2008-07-03,NSE:CANBK,34.43198735,35.54081407,33.08972539,33.81921664,8410911.28497863,-3.1745976162366163,2.6000000026437253
1373,2008-07-04,NSE:CANBK,33.55659785,34.04292535,31.82527387,32.60339788,5237740.97457227,-3.5950529929246686,-3.1745976162366163
1374,2008-07-07,NSE:CANBK,33.05081529,33.65386335,32.23378703,32.65203063,3403010.28213488,0.14916466737299436,-3.5950529929246686
1375,2008-07-08,NSE:CANBK,33.05081529,33.05081529,31.22222582,32.60339788,2954439.10786004,-0.1489424977915865,0.14916466737299436
1376,2008-07-09,NSE:CANBK,32.48667733,33.55659785,32.29214633,32.68120834,6558080.64978764,0.2386575174967466,-0.1489424977915865
1377,2008-07-10,NSE:CANBK,33.3426118,33.6344083,32.64230214,32.85628429,4897512.4283789,0.5357083134093202,0.2386575174967466
1378,2008-07-11,NSE:CANBK,32.50613238,33.36206684,32.20460738,32.48667733,2645727.38899479,-1.1249201423317692,0.5357083134093202
1379,2008-07-14,NSE:CANBK,32.48667733,33.26480134,31.93226203,32.80765154,3179061.40225402,0.9880179703807304,-1.1249201423317692
1380,2008-07-15,NSE:CANBK,32.14624808,32.68120834,31.24168087,31.46538957,2437729.69410809,-4.09130768888922,0.9880179703807304
1381,2008-07-16,NSE:CANBK,31.53347737,31.90308433,30.79425762,31.32921787,1534161.6345553,-0.43276661074563155,-4.09130768888922
1382,2008-07-17,NSE:CANBK,35.98823537,35.98823537,31.51402232,31.99062328,1884470.83617037,2.111145617309981,-0.43276661074563155
1383,2008-07-18,NSE:CANBK,28.51824684,33.12862964,28.51824684,31.92253937,4616081.7081485,-0.21282458114083402,2.111145617309981
1384,2008-07-21,NSE:CANBK,34.0234703,34.0234703,30.23984426,32.24351358,3996720.27597946,1.005478311984299,-0.21282458114083402
1385,2008-07-22,NSE:CANBK,32.24351358,33.6344083,32.09761533,33.3426118,3191671.21752655,3.4087420940432196,1.005478311984299
1386,2008-07-23,NSE:CANBK,34.04292535,37.00952313,34.04292535,36.56210183,7570202.10074279,9.655782364355762,3.4087420940432196
1387,2008-07-24,NSE:CANBK,37.15542138,37.83627989,35.98823537,37.12624368,3724856.15429051,1.5429688714917038,9.655782364355762
1388,2008-07-25,NSE:CANBK,35.33655457,37.53475684,35.33655457,36.24112567,7089651.44794761,-2.384076389814827,1.5429688714917038
1389,2008-07-28,NSE:CANBK,35.79370437,37.17487643,35.22956641,36.75663283,2790120.82608817,1.4224369427540424,-2.384076389814827
1390,2008-07-29,NSE:CANBK,36.11467858,36.96089038,34.04292535,34.3833546,5584256.4364111,-6.456734600735745,1.4224369427540424
1391,2008-07-30,NSE:CANBK,35.01558036,36.08550087,34.62651836,35.83261057,1899126.59782629,4.214992943126041,-6.456734600735745
1392,2008-07-31,NSE:CANBK,35.23928907,38.88674535,35.00585381,35.54081407,4522549.05878704,-0.8143322391483705,4.214992943126041
1393,2008-08-01,NSE:CANBK,37.93354539,38.8672942,34.82104936,38.18643569,2599405.72351547,7.44389707784766,-0.8143322391483705
1394,2008-08-04,NSE:CANBK,37.75846943,39.27580736,37.20405413,38.95483315,3919832.78840048,2.0122261900479446,7.44389707784766
1395,2008-08-05,NSE:CANBK,38.7116694,41.80471038,38.49768335,41.62963443,4490667.25107394,6.8664169852823616,2.0122261900479446
1396,2008-08-06,NSE:CANBK,42.40775844,43.76947545,41.82416543,42.23268248,5963203.74682489,1.4486028000414466,6.8664169852823616
1397,2008-08-07,NSE:CANBK,37.94327194,43.2636929,37.94327194,41.86307163,2033968.85808464,-0.8751772994174271,1.4486028000414466
1398,2008-08-08,NSE:CANBK,41.43510343,42.58283439,41.43510343,42.00896988,3116510.96106522,0.3485130075726407,-0.8751772994174271
1399,2008-08-11,NSE:CANBK,40.47217497,45.69533042,40.47217497,45.13119246,4566840.19958937,7.432275985149673,0.3485130075726407
1400,2008-08-12,NSE:CANBK,44.92693491,45.13119246,43.67220995,44.23634791,3301165.33301977,-1.9827629212170874,7.432275985149673
1401,2008-08-13,NSE:CANBK,43.76947545,44.15853745,43.01080649,43.39014,2527293.82435402,-1.9129244387932496,-1.9827629212170874
1402,2008-08-14,NSE:CANBK,43.39014,46.45400328,39.59678546,39.83022266,2859945.17213251,-8.204438473809962,-1.9129244387932496
1403,2008-08-18,NSE:CANBK,39.2952624,40.94877592,39.2952624,40.52080772,2447013.5613654,1.7338217410808814,-8.204438473809962
1404,2008-08-19,NSE:CANBK,39.87885541,41.08494762,39.42170561,40.74451837,1472654.7288334,0.5520883284110434,1.7338217410808814
1405,2008-08-20,NSE:CANBK,40.85151042,41.41564838,39.88858196,40.22901121,1248546.49131967,-1.2652184407205167,0.5520883284110434
1406,2008-08-21,NSE:CANBK,40.65697942,40.85151042,38.6435816,39.30498895,1669564.21681311,-2.2969052238855685,-1.2652184407205167
1407,2008-08-22,NSE:CANBK,36.96089038,39.87885541,36.96089038,39.05209865,1486734.74678345,-0.6434050912002718,-2.2969052238855685
1408,2008-08-25,NSE:CANBK,37.45694444,40.64725287,37.45694444,39.51897111,1547820.12586354,1.1955118319870492,-0.6434050912002718
1409,2008-08-26,NSE:CANBK,39.48979341,40.07338641,38.8089349,39.12990911,1364862.14161381,-0.9844942544608739,1.1955118319870492
1410,2008-08-27,NSE:CANBK,39.48979341,39.83994921,38.56577115,38.9353781,978173.13458345,-0.49714148186018775,-0.9844942544608739
1411,2008-08-28,NSE:CANBK,39.0034659,39.61623661,38.32260739,38.91592695,2611069.67412834,-0.04995752179430322,-0.49714148186018775
1412,2008-08-29,NSE:CANBK,40.01502711,42.15486813,39.68432441,41.90197589,4285044.498974,7.673076742683123,-0.04995752179430322
1413,2008-09-01,NSE:CANBK,40.07338641,43.2636929,40.07338641,42.99135144,3499473.05571376,2.5998190463853077,7.673076742683123
1414,2008-09-02,NSE:CANBK,43.38041345,46.10384747,42.60228944,44.90748376,7075818.17730009,4.457018111361784,2.5998190463853077
1415,2008-09-04,NSE:CANBK,44.74213046,45.98712693,43.4874055,45.56888722,6214222.8620197,1.4728134480541257,4.457018111361784
1416,2008-09-05,NSE:CANBK,43.9834615,45.52025447,43.9834615,44.38224616,3505523.5051943,-2.604059770586602,1.4728134480541257
1417,2008-09-08,NSE:CANBK,44.93666146,47.27103349,44.61568725,44.94638801,1610139.24145623,1.2710980151077567,-2.604059770586602
1418,2008-09-09,NSE:CANBK,44.74213046,45.09228626,43.01080649,43.4874055,2983457.61875015,-3.246050627417254,1.2710980151077567
1419,2008-09-10,NSE:CANBK,42.99135144,44.0515454,42.40775844,42.74818769,5393073.54207737,-1.699843440878531,-3.246050627417254
1420,2008-09-11,NSE:CANBK,42.74818769,43.73056925,41.93115748,42.38830339,4538896.06757899,-0.84187030947324,-1.699843440878531
1421,2008-09-15,NSE:CANBK,39.87885541,40.83205537,37.80710218,39.58705891,2438680.69933655,-6.608531731564532,-0.84187030947324
1422,2008-09-16,NSE:CANBK,38.88674535,42.99135144,37.93354539,42.37858073,5643326.71252061,7.051601954937954,-6.608531731564532
1423,2008-09-17,NSE:CANBK,42.99135144,43.24424174,39.83022266,40.32627671,3230009.57965559,-4.842786107150505,7.051601954937954
1424,2008-09-18,NSE:CANBK,39.1007314,41.72689993,37.55420994,41.41564838,3391341.1909532,2.701394125309513,-4.842786107150505
1425,2008-09-19,NSE:CANBK,42.21322743,44.45033396,41.24057242,44.06127195,6967794.26448438,6.387980566489439,2.701394125309513
1426,2008-09-22,NSE:CANBK,45.04365351,45.90931647,42.40775844,42.96217374,2133120.14914723,-2.4944768077672372,6.387980566489439
1427,2008-09-23,NSE:CANBK,42.05760263,42.96217374,40.28737246,40.49162612,2283677.12823481,-5.750518199920109,-2.4944768077672372
1428,2008-09-24,NSE:CANBK,40.85151042,41.41564838,39.41198295,40.36518292,5901126.23796592,-0.3122699978145434,-5.750518199920109
1429,2008-09-25,NSE:CANBK,40.44299337,40.46244842,38.12807639,38.78947985,4313960.19848805,-3.9036192976578317,-0.3122699978145434
1430,2008-09-26,NSE:CANBK,38.89647385,39.38280135,36.96089038,37.05815588,4124391.44275831,-4.463385373289553,-3.9036192976578317
1431,2008-09-29,NSE:CANBK,36.96089038,37.76819209,34.62651836,35.38518732,3751607.67433872,-4.514440938230521,-4.463385373289553
1432,2008-09-30,NSE:CANBK,33.98456605,37.14569483,33.07027034,36.83444717,3475924.11002952,4.09566815880854,-4.514440938230521
1433,2008-10-01,NSE:CANBK,37.32077468,37.80710218,35.74507162,36.62046113,7791282.54323185,-0.5809400070873785,4.09566815880854
1434,2008-10-03,NSE:CANBK,36.35784233,37.13596634,35.40464236,35.67698382,4435981.88015296,-2.5763665472445285,-0.5809400070873785
1435,2008-10-06,NSE:CANBK,34.99612531,35.54081407,33.37179339,34.63624491,4434475.69349383,-2.91711573840099,-2.5763665472445285
1436,2008-10-07,NSE:CANBK,35.98823537,36.04659467,33.28425639,34.47089355,3884918.04509391,-0.4773940143617101,-2.91711573840099
1437,2008-10-08,NSE:CANBK,34.04292535,34.04292535,29.59789001,32.38941183,4746204.92624615,-6.03837471454232,-0.4773940143617101
1438,2008-10-10,NSE:CANBK,30.15230531,34.58761216,27.81793329,33.61495715,11340156.46513762,3.7837838069812273,-6.03837471454232
1439,2008-10-13,NSE:CANBK,34.23745635,35.97850882,33.84839435,34.55843056,13205406.71455545,2.8067071624989284,3.7837838069812273
1440,2008-10-14,NSE:CANBK,35.01558036,36.37729737,33.69276955,34.2860891,4133999.16585018,-0.7880608453186648,2.8067071624989284
1441,2008-10-15,NSE:CANBK,33.68304105,34.55843056,33.13835814,33.55659785,2434151.85822155,-2.1276595527484505,-0.7880608453186648
1442,2008-10-16,NSE:CANBK,33.65386335,36.57182838,32.20460738,35.43382007,4118963.00210287,5.594197088725429,-2.1276595527484505
1443,2008-10-17,NSE:CANBK,35.98823537,36.55237333,33.08972539,33.52742014,3002230.97601687,-5.38017048750004,5.594197088725429
1444,2008-10-20,NSE:CANBK,33.84839435,37.15542138,32.13652153,35.26847066,12968570.42868673,5.192915269740173,-5.38017048750004
1445,2008-10-21,NSE:CANBK,35.80343092,36.56210183,35.35600961,35.54081407,4655376.2160748,0.7722007926725475,5.192915269740173
1446,2008-10-22,NSE:CANBK,35.01558036,35.89096987,33.7608554,34.1888236,4461422.55515653,-3.8040503724455172,0.7722007926725475
1447,2008-10-23,NSE:CANBK,33.65386335,34.60706331,32.31160138,33.98456605,7604453.71067384,-0.5974395386918234,-3.8040503724455172
1448,2008-10-24,NSE:CANBK,34.04292535,34.78214316,30.15230531,30.56082236,8466866.37639383,-10.074407555955826,-0.5974395386918234
1449,2008-10-27,NSE:CANBK,30.73589832,31.08605412,26.54375522,28.54742454,5580873.94213905,-6.588166366345118,-10.074407555955826
1450,2008-10-28,NSE:CANBK,29.3741813,31.12496032,29.1796503,29.6270716,483254.59198529,3.7819420749750026,-6.588166366345118
1451,2008-10-29,NSE:CANBK,30.75535336,31.36812407,28.89758035,30.64835937,8389865.7963012,3.447143827741655,3.7819420749750026
1452,2008-10-31,NSE:CANBK,31.41675682,33.45933234,31.31949132,32.32132404,6298260.88080295,5.458578222094238,3.447143827741655
1453,2008-11-03,NSE:CANBK,33.07027034,34.23745635,31.43621187,32.48667733,5427222.34063237,0.5115919440532881,5.458578222094238
1454,2008-11-04,NSE:CANBK,31.70855333,35.52136291,31.70855333,34.5195263,5308701.38632196,6.257485027940232,0.5115919440532881
1455,2008-11-05,NSE:CANBK,35.40464236,36.14386017,34.67515111,35.02530691,5506078.6660627,1.4652014793146075,6.257485027940232
1456,2008-11-06,NSE:CANBK,34.97667416,35.98823537,33.6052306,35.49218131,12230271.65613428,1.3329630521144857,1.4652014793146075
1457,2008-11-07,NSE:CANBK,35.01558036,38.12807639,35.01558036,37.47639559,3969588.35383987,5.590567293312419,1.3329630521144857
1458,2008-11-10,NSE:CANBK,38.32260739,39.2952624,37.93354539,38.70194285,4415820.56930956,3.2701844473192008,5.590567293312419
1459,2008-11-11,NSE:CANBK,38.5171384,38.5171384,36.21194408,36.98034543,3306259.63670305,-4.448348824947949,3.2701844473192008
1460,2008-11-12,NSE:CANBK,36.19249292,37.72928784,34.8405044,36.08550087,4834936.28434608,-2.4197842113017893,-4.448348824947949
1461,2008-11-14,NSE:CANBK,37.44721789,38.03081089,35.86179216,36.47456288,5545799.84119961,1.0781671325600297,-2.4197842113017893
1462,2008-11-17,NSE:CANBK,35.98823537,36.84416983,33.37179339,34.77241661,2596429.33417883,-4.6666666728810435,1.0781671325600297
1463,2008-11-18,NSE:CANBK,34.04292535,34.21800131,32.19488083,33.55659785,2287470.86801105,-3.496503489062498,-4.6666666728810435
1464,2008-11-19,NSE:CANBK,33.84839435,35.18093366,32.93409864,33.20644204,2020737.033987,-1.0434782797863518,-3.496503489062498
1465,2008-11-20,NSE:CANBK,32.68120834,32.68120834,31.12496032,31.62101438,3812646.78829958,-4.774458094878751,-1.0434782797863518
1466,2008-11-21,NSE:CANBK,31.90308433,32.75901879,30.93042932,31.58211012,3548436.97355756,-0.1230329284585048,-4.774458094878751
1467,2008-11-24,NSE:CANBK,31.72800837,32.27269129,30.15230531,30.65808786,3602998.97082728,-2.9257774622692025,-0.1230329284585048
1468,2008-11-25,NSE:CANBK,30.75535336,31.88362928,30.73589832,31.31949132,3460265.93745711,2.157353919201674,-2.9257774622692025
1469,2008-11-26,NSE:CANBK,31.70855333,32.27269129,30.69699212,31.99062328,1597287.81944998,2.142857152891972,2.157353919201674
1470,2008-11-28,NSE:CANBK,31.81554538,33.42042614,31.31949132,32.91464554,2212320.89268733,2.888415933357835,2.142857152891972
1471,2008-12-01,NSE:CANBK,33.26480134,34.12073581,31.12496032,31.47511612,1914877.30063715,-4.373522474214689,2.888415933357835
1472,2008-12-02,NSE:CANBK,30.21066461,31.90308433,30.05503981,31.72800837,1878435.80839624,0.8034672502425135,-4.373522474214689
1473,2008-12-03,NSE:CANBK,32.50613238,33.8289393,31.61128782,33.6052306,3667543.95271146,5.916609098524382,0.8034672502425135
1474,2008-12-04,NSE:CANBK,34.00401915,34.00401915,32.96327829,33.42042614,3571266.23960946,-0.5499276651296131,5.916609098524382
1475,2008-12-05,NSE:CANBK,33.8289393,34.2277298,32.21433588,32.46722229,2260734.76966926,-2.8521594727935877,-0.5499276651296131
1476,2008-12-08,NSE:CANBK,33.45933234,33.79003505,31.70855333,31.88362928,3086803.61395558,-1.7974836430024677,-2.8521594727935877
1477,2008-12-10,NSE:CANBK,32.38941183,32.75901879,31.73773103,32.01980487,4508602.69562586,0.42710191115357415,-1.7974836430024677
1478,2008-12-11,NSE:CANBK,32.44777113,33.4398773,31.63074287,31.89335778,4329741.74471173,-0.394902750074138,0.42710191115357415
1479,2008-12-12,NSE:CANBK,31.31949132,32.13652153,30.83316382,31.67937562,4522117.25100763,-0.6709301713417787,-0.394902750074138
1480,2008-12-15,NSE:CANBK,32.66175329,32.66175329,31.80581883,32.04898258,2557520.36891271,1.1667116310419323,-0.6709301713417787
1481,2008-12-16,NSE:CANBK,32.09761533,33.20644204,32.09761533,32.55476513,4734330.21231238,1.578154778353651,1.1667116310419323
1482,2008-12-17,NSE:CANBK,33.07027034,33.45933234,32.36023413,32.64230214,6918876.61175981,0.26889154214579447,1.578154778353651
1483,2008-12-18,NSE:CANBK,32.70066338,35.79370437,32.64230214,35.16147861,11188442.85806948,7.717520839049513,0.26889154214579447
1484,2008-12-19,NSE:CANBK,35.21011136,38.32260739,34.23745635,37.35967893,13155322.15271271,6.2517289002028065,7.717520839049513
1485,2008-12-22,NSE:CANBK,36.76635938,39.44116066,36.76635938,38.18643569,10069484.965692,2.2129653778585134,6.2517289002028065
1486,2008-12-23,NSE:CANBK,38.12807639,38.43932794,36.63018768,37.35967893,6862962.64489503,-2.1650534936323145,2.2129653778585134
1487,2008-12-24,NSE:CANBK,37.34995238,37.93354539,36.28003187,36.68854892,3923117.61186528,-1.7964019745926625,-2.1650534936323145
1488,2008-12-26,NSE:CANBK,37.14569483,38.01135585,36.48428943,36.72745318,1726274.97184228,0.10603924424709942,-1.7964019745926625
1489,2008-12-29,NSE:CANBK,36.76635938,37.93354539,35.53108557,37.34022583,2900108.43618643,1.6684321861274338,0.10603924424709942
1490,2008-12-30,NSE:CANBK,38.03081089,38.08917019,36.57182838,37.60284269,4350828.35793957,0.7033081727883095,1.6684321861274338
1491,2008-12-31,NSE:CANBK,38.30315235,38.30315235,36.39675242,36.59128342,2604536.01118037,-2.6901138255406702,0.7033081727883095
1492,2009-01-01,NSE:CANBK,37.11651518,37.54448339,36.76635938,37.34995238,940549.31151797,2.0733597979930987,-2.6901138255406702
1493,2009-01-02,NSE:CANBK,37.73901439,38.8672942,36.97061693,38.16698259,3521983.6064999,2.187500004518094,2.0733597979930987
1494,2009-01-05,NSE:CANBK,38.8770227,41.33783793,38.5754977,40.94877592,6870637.51411716,7.288481145818551,2.187500004518094
1495,2009-01-06,NSE:CANBK,41.14330692,42.73846114,41.04604142,42.14513964,9626331.950935,2.9216104587284417,7.288481145818551
1496,2009-01-07,NSE:CANBK,42.40775844,42.40775844,37.34995238,38.95483315,5343605.84849093,-7.569808801800894,2.9216104587284417
1497,2009-01-09,NSE:CANBK,38.32260739,41.04604142,37.70010819,40.11229261,4234204.27351729,2.971285887794897,-7.569808801800894
1498,2009-01-12,NSE:CANBK,40.07338641,40.65697942,38.03081089,38.31288084,3815268.47838886,-4.485935988488989,2.971285887794897
1499,2009-01-13,NSE:CANBK,38.32260739,40.63752437,38.32260739,40.19010696,4423418.32999966,4.899725833302812,-4.485935988488989
1500,2009-01-14,NSE:CANBK,40.36518292,43.38041345,40.36518292,42.8746309,4726526.82887019,6.679564059562777,4.899725833302812
1501,2009-01-15,NSE:CANBK,42.40775844,42.40775844,39.03264361,39.2563562,4335478.61949531,-8.43919731563217,6.679564059562777
1502,2009-01-16,NSE:CANBK,39.87885541,40.93904937,38.72139595,39.12018645,3860916.72935505,-0.34687312624293065,-8.43919731563217
1503,2009-01-19,NSE:CANBK,39.49951996,40.61807322,39.45088721,40.04420871,2315476.68684707,2.3620088344440933,-0.34687312624293065
1504,2009-01-20,NSE:CANBK,39.28553585,39.62596511,38.33233394,38.98401086,1702109.15790173,-2.647568485315692,2.3620088344440933
1505,2009-01-21,NSE:CANBK,38.8672942,39.62596511,38.5171384,38.81866145,3685304.61792409,-0.42414673696301525,-2.647568485315692
1506,2009-01-22,NSE:CANBK,39.48979341,40.23873971,38.72139595,39.72323061,2276233.58460879,2.330243048604658,-0.42414673696301525
1507,2009-01-23,NSE:CANBK,40.80287767,41.24057242,32.61312054,33.90675365,48014480.48882203,-14.642507345653181,2.330243048604658
1508,2009-01-27,NSE:CANBK,34.00401915,34.88913715,32.78820039,33.84839435,10589432.93778953,-0.1721170378102515,-14.642507345653181
1509,2009-01-28,NSE:CANBK,33.6344083,34.58761216,32.95354979,33.8386678,11558496.98445495,-0.028735631886764333,-0.1721170378102515
1510,2009-01-29,NSE:CANBK,34.0623804,35.15175206,33.65386335,34.39308115,9046635.14764603,1.6384018226627624,-0.028735631886764333
1511,2009-01-30,NSE:CANBK,34.41253231,35.31710341,33.67331839,35.14202357,3452251.79069401,2.1775961762006855,1.6384018226627624
1512,2009-02-02,NSE:CANBK,35.19065632,35.94932917,33.75112885,34.0331988,4516508.89044411,-3.155267276488251,2.1775961762006855
1513,2009-02-03,NSE:CANBK,34.4222608,35.11284586,34.00401915,34.71405731,2977103.87571026,2.0005716006924397,-3.155267276488251
1514,2009-02-04,NSE:CANBK,35.01558036,35.46300166,34.49034665,35.06421311,2230174.0881384,1.0086858959558365,2.0005716006924397
1515,2009-02-05,NSE:CANBK,34.23745635,35.40464236,34.23745635,35.22956641,2949879.42333223,0.4715728240678594,1.0086858959558365
1516,2009-02-06,NSE:CANBK,35.31710341,36.57182838,34.82104936,36.18276637,2713264.18192202,2.7056817813387513,0.4715728240678594
1517,2009-02-09,NSE:CANBK,36.19249292,37.14569483,36.12440707,36.57182838,2433159.72844267,1.0752688338462066,2.7056817813387513
1518,2009-02-10,NSE:CANBK,36.37729737,37.15542138,36.20222142,36.84416983,2440089.21518844,0.7446755113532526,1.0752688338462066
1519,2009-02-11,NSE:CANBK,35.98823537,37.12624368,35.31710341,36.60100608,2065218.37583503,-0.6599789087987732,0.7446755113532526
1520,2009-02-12,NSE:CANBK,36.53292218,36.94143533,36.39675242,36.79553708,2609974.73297341,0.5314908545814621,-0.6599789087987732
1521,2009-02-13,NSE:CANBK,37.14569483,37.89463919,36.23139912,36.61073458,2135032.44074176,-0.5022416158737139,0.5314908545814621
1522,2009-02-16,NSE:CANBK,36.96089038,37.56393843,35.40464236,36.39675242,2738170.23777012,-0.5844792858018651,-0.5022416158737139
1523,2009-02-17,NSE:CANBK,35.59917337,35.98823537,35.03503541,35.25874411,3161984.43269212,-3.126675415619393,-0.5844792858018651
1524,2009-02-18,NSE:CANBK,35.40464236,35.67698382,34.6459734,34.83077591,2194375.1669978,-1.2137930910551715,-3.126675415619393
1525,2009-02-19,NSE:CANBK,34.78214316,35.15175206,33.36206684,33.44960579,2641321.92153105,-3.965372817329237,-1.2137930910551715
1526,2009-02-20,NSE:CANBK,33.46905889,33.46905889,32.14624808,32.47695078,1926104.30290181,-2.907822041630096,-3.965372817329237
1527,2009-02-24,NSE:CANBK,32.36995679,32.36995679,31.21249927,31.46538957,2298348.31159714,-3.114705000639852,-2.907822041630096
1528,2009-02-25,NSE:CANBK,32.56448779,32.83683314,31.16386652,31.53347737,1598845.41179714,0.21638950265823995,-3.114705000639852
1529,2009-02-26,NSE:CANBK,32.06843763,32.06843763,29.014297,31.21249927,6462352.97754751,-1.0178963018692326,0.21638950265823995
1530,2009-02-27,NSE:CANBK,31.41675682,32.48667733,30.87207002,32.20460738,2984033.36245603,3.1785602986095007,-1.0178963018692326
1531,2009-03-02,NSE:CANBK,30.15230531,32.01980487,29.76324331,30.49273456,2244069.04561156,-5.315614625574113,3.1785602986095007
1532,2009-03-03,NSE:CANBK,30.34683631,30.83316382,29.4130875,30.56082236,2805989.76198149,0.22329187913935883,-5.315614625574113
1533,2009-03-04,NSE:CANBK,30.93042932,32.07816028,30.57054502,30.96933552,4340305.61360086,1.336721751750668,0.22329187913935883
1534,2009-03-05,NSE:CANBK,31.51402232,31.90308433,29.4325406,29.79242101,4469261.92258034,-3.8002575458551506,1.336721751750668
1535,2009-03-06,NSE:CANBK,29.38390785,30.12312761,28.5279695,29.26718925,6329582.36651657,-1.7629710583899956,-3.8002575458551506
1536,2009-03-09,NSE:CANBK,29.1796503,29.3741813,28.36262009,28.83922105,2955729.39062947,-1.4622798121961857,-1.7629710583899956
1537,2009-03-12,NSE:CANBK,29.26718925,29.89941501,28.53769799,28.76141059,3087924.25795452,-0.2698077727726924,-1.4622798121961857
1538,2009-03-13,NSE:CANBK,28.9851193,29.65625125,28.71277784,29.05320709,4924634.06938088,1.014541686287996,-0.2698077727726924
1539,2009-03-16,NSE:CANBK,29.1796503,29.93831926,28.20699529,28.8489476,7465442.44911667,-0.7030531581840656,1.014541686287996
1540,2009-03-17,NSE:CANBK,29.5687123,29.66597781,28.06109704,28.41125284,6145431.77030466,-1.5171948941388747,-0.7030531581840656
1541,2009-03-18,NSE:CANBK,28.7905883,29.2477381,28.34316699,28.625235,5785699.90607461,0.7531598877566446,-1.5171948941388747
1542,2009-03-19,NSE:CANBK,29.1407441,29.1796503,28.42098134,28.59605729,5184865.08386977,-0.10193002782334895,0.7531598877566446
1543,2009-03-20,NSE:CANBK,28.7516821,28.8489476,28.41125284,28.60578384,3447943.99403752,0.03401360509723573,-0.10193002782334895
1544,2009-03-23,NSE:CANBK,28.9851193,29.93831926,28.70304935,29.76324331,7225470.41627843,4.046242803462361,0.03401360509723573
1545,2009-03-24,NSE:CANBK,30.15230531,30.63863282,29.09211135,29.32554855,7104338.05301635,-1.4705882535756463,4.046242803462361
1546,2009-03-25,NSE:CANBK,29.0823848,30.0258621,28.819766,29.8313311,4469344.17168118,1.7247164162594981,-1.4705882535756463
1547,2009-03-26,NSE:CANBK,30.15230531,31.47511612,29.68543285,31.18331962,7562167.39170449,4.532109262801213,1.7247164162594981
1548,2009-03-27,NSE:CANBK,31.31949132,33.01191104,30.97906207,32.60339788,6428003.69680921,4.553967561199643,4.532109262801213
1549,2009-03-30,NSE:CANBK,32.09761533,32.60339788,31.73773103,32.10734188,5308994.3987437,-1.5214855881763785,4.553967561199643
1550,2009-03-31,NSE:CANBK,32.35050563,32.78820039,30.25929736,32.23378703,8726737.55106654,0.3938200504812456,-1.5214855881763785
1551,2009-04-01,NSE:CANBK,33.07027034,33.07027034,30.91097427,31.78636378,2938014.99053606,-1.3880567293678103,0.3938200504812456
1552,2009-04-02,NSE:CANBK,32.09761533,33.2453463,31.90308433,32.12679303,5461124.39188485,1.0709914866519006,-1.3880567293678103
1553,2009-04-06,NSE:CANBK,32.94382713,33.2453463,32.29214633,32.68120834,3102302.42889511,1.7257100933861742,1.0709914866519006
1554,2009-04-08,NSE:CANBK,32.23378703,32.29214633,30.83316382,31.96144363,6101623.84296977,-2.202380960067024,1.7257100933861742
1555,2009-04-09,NSE:CANBK,32.64230214,34.19855015,32.01980487,33.29397905,10760115.24373889,4.169196596455476,-2.202380960067024
1556,2009-04-13,NSE:CANBK,33.55659785,36.28975842,33.45933234,35.80343092,7105001.18639187,7.537254307246882,4.169196596455476
1557,2009-04-15,NSE:CANBK,35.40464236,37.34022583,34.6459734,37.06788243,12689715.13342639,3.5316489998551255,7.537254307246882
1558,2009-04-16,NSE:CANBK,37.34995238,38.12807639,35.62835107,37.01924968,6140527.66766708,-0.1311991589803796,3.5316489998551255
1559,2009-04-17,NSE:CANBK,37.34995238,39.97612091,37.20405413,39.30498895,10922649.74813629,6.174461367419051,-0.1311991589803796
1560,2009-04-20,NSE:CANBK,39.68432441,41.22111738,38.12807639,38.8089349,4114053.75889649,-1.2620638327389861,6.174461367419051
1561,2009-04-21,NSE:CANBK,37.39858513,39.43143411,37.34995238,37.50557719,3771625.04925565,-3.358395981127532,-1.2620638327389861
1562,2009-04-22,NSE:CANBK,37.73901439,38.7505756,36.29948692,36.89280258,2699754.76710905,-1.6338226362861512,-3.358395981127532
1563,2009-04-23,NSE:CANBK,36.96089038,37.31104618,36.18276637,36.84416983,2855873.84164093,-0.13182178256733293,-1.6338226362861512
1564,2009-04-24,NSE:CANBK,36.96089038,38.30315235,36.57182838,37.73901439,3216417.91574178,2.4287277040813784,-0.13182178256733293
1565,2009-04-27,NSE:CANBK,37.91409034,39.27580736,37.20405413,38.01135585,4276043.36300082,0.7216443365096579,2.4287277040813784
1566,2009-04-28,NSE:CANBK,37.93354539,38.49768335,35.69643887,35.98823537,3283147.63936701,-5.32241072374166,0.7216443365096579
1567,2009-04-29,NSE:CANBK,36.22167257,39.2660847,35.41436891,38.50741185,13094802.23620089,7.000000011392609,-5.32241072374166
1568,2009-05-04,NSE:CANBK,39.76213486,41.50319122,39.71350211,40.41381567,10045123.81013696,4.950745138172669,7.000000011392609
1569,2009-05-05,NSE:CANBK,41.77553268,41.77553268,39.0423721,41.01686372,7900535.05199135,1.4921829082514972,4.950745138172669
1570,2009-05-06,NSE:CANBK,40.82233272,44.74213046,40.82233272,43.07889039,14002009.81846585,5.027265575633325,1.4921829082514972
1571,2009-05-07,NSE:CANBK,43.57494445,45.87041027,43.38041345,45.07283316,8171473.87129585,4.628584329699594,5.027265575633325
1572,2009-05-08,NSE:CANBK,44.68377116,45.71478547,43.18588244,43.71111615,2647973.81756148,-3.0211480276071456,4.628584329699594
1573,2009-05-11,NSE:CANBK,43.76947545,44.1099047,41.67826718,42.05760263,3173920.83345152,-3.782821546642213,-3.0211480276071456
1574,2009-05-12,NSE:CANBK,42.05760263,43.39014,41.52264238,42.11596193,8802252.50677524,0.13876040561182917,-3.782821546642213
1575,2009-05-13,NSE:CANBK,42.75791424,44.81994092,41.99924139,42.35912569,7109956.69471748,0.5773672233918311,0.13876040561182917
1576,2009-05-14,NSE:CANBK,42.40775844,43.86674095,39.53842616,43.39014,3537765.15272357,2.4339839248462147,0.5773672233918311
1577,2009-05-15,NSE:CANBK,43.76947545,45.10201476,43.76947545,44.61568725,5191599.22900104,2.8244832812247163,2.4339839248462147
1578,2009-05-18,NSE:CANBK,46.68744048,52.99997344,46.68744048,51.38536223,36832.1754699,15.173306514515245,2.8244832812247163
1579,2009-05-19,NSE:CANBK,53.49602555,55.24680457,49.85829387,53.75864435,8021353.84055648,4.618595679791512,15.173306514515245
1580,2009-05-20,NSE:CANBK,52.91243254,57.9702386,52.91243254,54.27414956,3737830.94994802,0.9589252412016982,4.618595679791512
1581,2009-05-21,NSE:CANBK,54.23524141,56.10273903,52.57200329,52.95134069,4063912.65079692,-2.437272404494579,0.9589252412016982
1582,2009-05-22,NSE:CANBK,52.52337054,53.49602555,51.42427232,53.10696355,5096673.4854941,0.2938978654215471,-2.437272404494579
1583,2009-05-25,NSE:CANBK,52.91243254,54.85774256,52.53309514,52.88325484,3047277.78043317,-0.4212417638778821,0.2938978654215471
1584,2009-05-26,NSE:CANBK,53.0875085,54.22551681,51.95923258,52.91243254,3593663.69788195,0.05517379761944735,-0.4212417638778821
1585,2009-05-27,NSE:CANBK,53.49602555,55.47051327,53.49602555,55.21762686,4925677.60484779,4.356621325729746,0.05517379761944735
1586,2009-05-28,NSE:CANBK,54.10879626,56.80305258,54.10879626,56.29727003,7231479.74120855,1.955250943213022,4.356621325729746
1587,2009-05-29,NSE:CANBK,56.56961344,57.17265954,54.3908701,55.20789642,6522903.73747214,-1.9350380745273992,1.955250943213022
1588,2009-06-01,NSE:CANBK,56.16110222,56.21945958,53.13614125,54.96473267,7385141.62385284,-0.4404510328560728,-1.9350380745273992
1589,2009-06-02,NSE:CANBK,55.63586657,55.96657122,53.78782205,54.15742901,3177606.62128292,-1.4687666450538843,-0.4404510328560728
1590,2009-06-03,NSE:CANBK,54.44922551,54.74102202,53.20422905,53.56411335,1815736.29071216,-1.0955388223662683,-1.4687666450538843
1591,2009-06-04,NSE:CANBK,53.49602555,55.05227357,52.24129864,54.69238927,2695719.42059909,2.1064026816379666,-1.0955388223662683
1592,2009-06-05,NSE:CANBK,55.83039757,56.93922623,54.53676836,54.91609992,2883859.09820174,0.40903433363572456,2.1064026816379666
1593,2009-06-08,NSE:CANBK,55.05227357,55.42188052,50.81149967,51.62852599,1652420.41985678,-5.9865393478219175,0.40903433363572456
1594,2009-06-09,NSE:CANBK,50.98657757,52.42610504,50.07227797,50.68505063,5386668.39334946,-1.8274303631731492,-5.9865393478219175
1595,2009-06-10,NSE:CANBK,51.55071553,52.13430854,50.09173302,50.41270722,4436747.82490454,-0.5373249244399496,-1.8274303631731492
1596,2009-06-11,NSE:CANBK,50.86985702,51.24919442,47.22240074,47.52392379,7035629.21040216,-5.730268397198772,-0.5373249244399496
1597,2009-06-12,NSE:CANBK,48.33122745,48.5938443,46.68744048,46.82361218,3547444.84377868,-1.4735980410509786,-5.730268397198772
1598,2009-06-15,NSE:CANBK,45.20900292,47.07650248,45.20900292,45.97740427,5948383.48696729,-1.8072247539275534,-1.4735980410509786
1599,2009-06-16,NSE:CANBK,46.10384747,48.7883753,45.69533042,48.58411775,4803275.52109149,5.669553384728294,-1.8072247539275534
1600,2009-06-17,NSE:CANBK,49.07044525,49.93611016,46.69716703,47.16404143,5566377.53811601,-2.922922934007585,5.669553384728294
1601,2009-06-18,NSE:CANBK,47.45583794,48.41876445,46.69716703,47.83517145,7763718.81331285,1.422969702450284,-2.922922934007585
1602,2009-06-19,NSE:CANBK,48.2436885,50.18899852,48.2436885,49.76103031,5885334.41060464,4.0260310596211015,1.422969702450284
1603,2009-06-22,NSE:CANBK,50.18899852,52.13430854,49.44978071,49.90692662,7115888.91111557,0.29319390915159227,4.0260310596211015
1604,2009-06-23,NSE:CANBK,49.89720201,51.54099093,48.8272815,51.23946398,4659365.29746554,2.6700449221130507,0.29319390915159227
1605,2009-06-24,NSE:CANBK,51.74524653,52.13430854,49.2844313,49.64431171,7887498.56950822,-3.1131322346046133,2.6700449221130507
1606,2009-06-25,NSE:CANBK,50.00419212,50.86985702,49.93611016,50.19872312,4716060.6307883,1.1167672406027607,-3.1131322346046133
1607,2009-06-26,NSE:CANBK,50.11118806,52.05649808,50.11118806,51.79387928,4640386.31744672,3.1776827394329987,1.1167672406027607
1608,2009-06-29,NSE:CANBK,52.13430854,53.29176994,51.88142018,52.66926879,2863183.73047809,1.690140847082729,3.1776827394329987
1609,2009-06-30,NSE:CANBK,52.91243254,54.43950286,50.70450373,51.06438803,2741444.78009731,-3.047091400487987,1.690140847082729
1610,2009-07-01,NSE:CANBK,51.53126048,51.92032249,50.18899852,51.28809673,1338002.66962075,0.4380914148399635,-3.047091400487987
1611,2009-07-02,NSE:CANBK,51.55071553,53.76836701,51.17137813,52.95134069,4222946.42783982,3.2429434236094776,0.4380914148399635
1612,2009-07-03,NSE:CANBK,52.32883954,53.69055655,52.13430854,53.4473928,1758573.16562838,0.9368074604647009,3.2429434236094776
1613,2009-07-06,NSE:CANBK,53.10696355,54.60485421,50.38352952,51.21028628,4830649.0499648,-4.185623288251405,0.9368074604647009
1614,2009-07-07,NSE:CANBK,51.55071553,52.46501318,49.99446751,51.53126048,0.0,0.6267768124650327,-4.185623288251405
1615,2009-07-08,NSE:CANBK,50.90876517,50.90876517,45.81205097,46.32755618,4077817.88940767,-10.09815062066962,0.6267768124650327
1616,2009-07-09,NSE:CANBK,46.29837848,48.61329545,45.90931647,48.19505575,2095907.57158594,4.031077233480783,-10.09815062066962
1617,2009-07-10,NSE:CANBK,50.18899852,50.18899852,46.26920077,47.42665829,1343955.44829405,-1.5943491464889585,4.031077233480783
1618,2009-07-13,NSE:CANBK,47.27103349,47.27103349,45.71478547,46.25947228,1073283.93856728,-2.46103362978476,-1.5943491464889585
1619,2009-07-14,NSE:CANBK,46.49290948,49.01208595,46.49290948,48.7008383,1504238.38355595,5.2775483585780405,-2.46103362978476
1620,2009-07-15,NSE:CANBK,49.04126755,50.50997272,48.05888404,50.06255531,1512560.9644472,2.7960853601979982,5.2775483585780405
1621,2009-07-16,NSE:CANBK,50.96712252,51.31727638,48.55494004,49.43032955,1938431.3868902,-1.2628715335945107,2.7960853601979982
1622,2009-07-17,NSE:CANBK,49.60540551,53.67110151,49.25524971,53.21395365,6479887.45773283,7.654458577244094,-1.2628715335945107
1623,2009-07-20,NSE:CANBK,53.69055655,54.85774256,53.12641859,54.1185267,4506906.30792104,1.6998794262677308,7.654458577244094
1624,2009-07-21,NSE:CANBK,54.66321156,55.61641153,52.04676764,52.34829458,5996170.21455531,-3.2710279232342736,1.6998794262677308
1625,2009-07-22,NSE:CANBK,56.20000453,56.20000453,50.87958163,51.21028628,7382519.93376357,-2.1739166655388735,-3.2710279232342736
1626,2009-07-23,NSE:CANBK,52.52337054,53.4765705,52.13430854,52.98052034,4323881.49627688,3.4567939150368683,-2.1739166655388735
1627,2009-07-24,NSE:CANBK,53.69055655,54.06016351,52.73735659,53.4473928,2446273.31945784,0.8812153165047694,3.4567939150368683
1628,2009-07-27,NSE:CANBK,53.49602555,54.07961856,52.70817694,53.33067225,2267617.9912958,-0.2183839919690221,0.8812153165047694
1629,2009-07-28,NSE:CANBK,53.30149455,53.76836701,52.52337054,52.9707899,950660.81035248,-0.674813076259318,-0.2183839919690221
1630,2009-07-29,NSE:CANBK,52.71790154,53.59329105,51.52153783,52.83462209,2133017.33777118,-0.25706207186462277,-0.674813076259318
1631,2009-07-30,NSE:CANBK,52.91243254,54.76047706,52.13430854,54.30332726,2743922.53426012,2.7798157948365096,-0.25706207186462277
1632,2009-07-31,NSE:CANBK,54.71184431,56.14164912,54.40059276,55.61641153,3821195.55421814,2.4180549079673415,2.7798157948365096
1633,2009-08-03,NSE:CANBK,56.37508243,57.15320644,55.11063092,55.91793847,3302285.97701872,0.5421546117504468,2.4180549079673415
1634,2009-08-04,NSE:CANBK,56.20000453,58.349576,55.01336542,55.51914603,2218828.85279129,-0.7131744318756554,0.5421546117504468
1635,2009-08-05,NSE:CANBK,56.02492858,56.02492858,54.66321156,55.28571271,2176244.38083139,-0.4204555305549305,-0.7131744318756554
1636,2009-08-06,NSE:CANBK,54.85774256,56.20000453,54.68266661,55.28571271,2730500.50911679,0.0,-0.4204555305549305
1637,2009-08-07,NSE:CANBK,54.66321156,55.42188052,51.56044013,51.99813489,3160046.43825358,-5.9465233581140815,0.0
1638,2009-08-10,NSE:CANBK,52.74707925,53.2820395,50.59751557,52.73735659,2378510.3415033,1.421631182664126,-5.9465233581140815
1639,2009-08-11,NSE:CANBK,52.73735659,53.69055655,52.34829458,52.99997344,2200261.11827666,0.4979712048172655,1.421631182664126
1640,2009-08-12,NSE:CANBK,52.52337054,52.91243254,51.35618453,52.03704304,1860418.11474348,-1.8168507218029233,0.4979712048172655
1641,2009-08-13,NSE:CANBK,52.91243254,53.4765705,51.74524653,52.91243254,3307395.7024084,1.6822429731971895,-1.8168507218029233
1642,2009-08-14,NSE:CANBK,53.4765705,53.49602555,52.56227869,52.88325484,1403025.72440356,-0.05514337292646836,1.6822429731971895
1643,2009-08-17,NSE:CANBK,52.13430854,52.13430854,49.60540551,50.12091072,2093897.60918417,-5.2234759913276205,-0.05514337292646836
1644,2009-08-18,NSE:CANBK,49.99446751,51.25891903,48.68138325,50.93794482,2557669.44540799,1.6301262053364396,-5.2234759913276205
1645,2009-08-19,NSE:CANBK,50.96712252,51.29782717,49.0218125,49.11907801,2055261.09406459,-3.570750285327267,1.6301262053364396
1646,2009-08-20,NSE:CANBK,49.72212606,51.33672948,49.31360901,51.14219848,4314592.48845076,4.118807909195922,-3.570750285327267
1647,2009-08-21,NSE:CANBK,51.33672948,51.33672948,49.60540551,50.90876517,2517141.20096909,-0.4564397248023727,4.118807909195922
1648,2009-08-24,NSE:CANBK,51.55071553,53.0875085,51.47290507,52.03704304,2526013.8227222,2.2162742824979778,-0.4564397248023727
1649,2009-08-25,NSE:CANBK,51.45345003,52.31911493,51.35618453,51.58962368,1281672.31668297,-0.8598093470762243,2.2162742824979778
1650,2009-08-26,NSE:CANBK,51.41454188,52.13430854,50.79204657,50.98657757,999686.41502191,-1.1689290732969366,-0.8598093470762243
1651,2009-08-27,NSE:CANBK,50.98657757,50.98657757,50.01392256,50.66560142,2863363.65038617,-0.6295306829710788,-1.1689290732969366
1652,2009-08-28,NSE:CANBK,50.86985702,51.48262773,50.24735587,51.20056167,1371015.4024704,1.055864797824791,-0.6295306829710788
1653,2009-08-31,NSE:CANBK,50.77259152,52.09540039,50.71423417,51.79387928,1731220.19903028,1.1588107447415814,1.055864797824791
1654,2009-09-01,NSE:CANBK,52.52337054,53.67110151,52.13430854,53.13614125,3487541.79552316,2.591545542946639,1.1588107447415814
1655,2009-09-02,NSE:CANBK,52.71790154,53.87536295,52.71790154,53.7100116,3264605.6076964,1.0800000461079773,2.591545542946639
1656,2009-09-03,NSE:CANBK,53.94344491,54.82856486,53.55438291,54.3130577,3782399.68146568,1.1227815486079697,1.0800000461079773
1657,2009-09-04,NSE:CANBK,55.14953907,55.53860107,54.27414956,54.81883442,1363494.75031234,0.931224905056303,1.1227815486079697
1658,2009-09-07,NSE:CANBK,55.44133557,57.09484909,55.15926367,56.51125608,5139016.35072028,3.087299607710267,0.931224905056303
1659,2009-09-08,NSE:CANBK,56.99758359,57.77570759,55.46079062,56.25836772,5369874.15507169,-0.44750086538865697,3.087299607710267
1660,2009-09-09,NSE:CANBK,55.64559118,56.19028187,55.14953907,55.94711812,1834447.96115326,-0.5532503209995434,-0.44750086538865697
1661,2009-09-10,NSE:CANBK,56.95867544,57.65898705,56.14164912,57.10457369,3294390.06333808,2.068838590608719,-0.5532503209995434
1662,2009-09-11,NSE:CANBK,56.82250763,57.77570759,56.47234794,57.11430413,1999131.2233101,0.017039685915214917,2.068838590608719
1663,2009-09-14,NSE:CANBK,56.62797663,58.60246435,56.62797663,58.15504499,2811068.64395836,1.822207021258861,0.017039685915214917
1664,2009-09-15,NSE:CANBK,58.94289361,61.84140359,58.7483626,61.33562299,7802139.42454273,5.469135137883412,1.822207021258861
1665,2009-09-16,NSE:CANBK,62.24992064,63.80616866,61.19945517,62.6000745,8824099.92418586,2.0615287631563692,5.469135137883412
1666,2009-09-17,NSE:CANBK,63.1836675,63.61163765,61.19945517,62.07484468,6982917.81790133,-0.8390242730461924,2.0615287631563692
1667,2009-09-18,NSE:CANBK,62.24992064,62.8140586,59.26386781,60.44078427,6458913.93701864,-2.632403541923766,-0.8390242730461924
1668,2009-09-22,NSE:CANBK,60.69367262,61.45234159,59.91554862,61.26754103,2250114.3545233,1.3678789413233319,-2.632403541923766
1669,2009-09-23,NSE:CANBK,61.47179663,62.23046559,60.49914162,61.24808793,4209334.2016508,-0.03175107026161611,1.3678789413233319
1670,2009-09-24,NSE:CANBK,60.30461062,61.24808793,59.91554862,60.20734512,4612334.23349148,-1.699224980197676,-0.03175107026161611
1671,2009-09-25,NSE:CANBK,60.11007962,61.17027552,59.09851646,59.38058836,2906261.69704302,-1.373182554972625,-1.699224980197676
1672,2009-09-29,NSE:CANBK,60.11007962,61.86085864,59.26386781,60.76176042,5656656.20742549,2.3259656028103466,-1.373182554972625
1673,2009-09-30,NSE:CANBK,60.98546913,63.0085896,60.70339723,62.69734,5437575.4462006,3.185522550072283,2.3259656028103466
1674,2009-10-01,NSE:CANBK,62.63898264,63.02804465,61.34535343,61.63714993,3633364.31074364,-1.6909649914972427,3.185522550072283
1675,2009-10-05,NSE:CANBK,61.47179663,62.23046559,60.73258077,61.80250128,2472855.20073556,0.26826572965782436,-1.6909649914972427
1676,2009-10-06,NSE:CANBK,62.23046559,63.04749969,61.00492417,62.57089485,3834782.07756314,1.2433049700023413,0.26826572965782436
1677,2009-10-07,NSE:CANBK,63.22257565,67.88159509,62.74597275,66.91866469,12145441.98975544,6.9485498815748485,1.2433049700023413
1678,2009-10-08,NSE:CANBK,67.6967887,68.2706571,66.91866469,67.49253309,4608406.83892637,0.8575610446777954,6.9485498815748485
1679,2009-10-09,NSE:CANBK,67.6967887,68.03721795,66.12108563,66.65604589,3518436.61402618,-1.2393773973256477,0.8575610446777954
1680,2009-10-12,NSE:CANBK,66.52960268,69.91444017,66.23780618,69.18494892,3843459.35770176,3.7939589668630354,-1.2393773973256477
1681,2009-10-14,NSE:CANBK,69.73936422,72.07373624,68.86397471,71.53877599,5202471.53201833,3.4022241928974863,3.7939589668630354
1682,2009-10-15,NSE:CANBK,72.36553274,72.94912575,71.48041863,71.96674614,3111169.91007942,0.5982352145077469,3.4022241928974863
1683,2009-10-16,NSE:CANBK,72.07373624,74.43728597,71.65549653,73.85369296,7638402.02704554,2.621970453310821,0.5982352145077469
1684,2009-10-20,NSE:CANBK,76.97591944,76.97591944,73.46463096,73.82451526,2784029.25205721,-0.03950743535033282,2.621970453310821
1685,2009-10-21,NSE:CANBK,73.41599821,76.83002119,73.41599821,75.97408089,4860747.08030343,2.911723324466835,-0.03950743535033282
1686,2009-10-22,NSE:CANBK,75.01115632,75.47802878,71.79166434,72.41416549,4761230.80885586,-4.685697225023704,2.911723324466835
1687,2009-10-23,NSE:CANBK,73.04639125,74.50537377,73.01721355,73.63970886,3666844.83535432,1.6924083315842917,-4.685697225023704
1688,2009-10-26,NSE:CANBK,74.06767901,74.35947551,70.04088532,70.51748823,10748183.98354829,-4.2398600949601875,1.6924083315842917
1689,2009-10-27,NSE:CANBK,69.83662972,73.6494393,65.75147868,66.04327518,9223223.96714946,-6.344827591429376,-4.2398600949601875
1690,2009-10-28,NSE:CANBK,65.76120328,65.76120328,62.63898264,64.51620487,7935115.65832576,-2.3122268025593686,-6.344827591429376
1691,2009-10-29,NSE:CANBK,64.19523066,66.70467864,62.59034989,65.69312132,6284535.56210028,1.8242183531587006,-2.3122268025593686
1692,2009-10-30,NSE:CANBK,67.11319569,68.57217821,65.40132482,66.40315948,3898185.85317316,1.0808409552368585,1.8242183531587006
1693,2009-11-03,NSE:CANBK,66.52960268,68.86397471,63.31984115,64.52593531,2937655.15071988,-2.8270103180337487,1.0808409552368585
1694,2009-11-04,NSE:CANBK,65.17761027,67.87186465,65.17761027,66.90894008,4013607.04449566,3.6930960528528596,-2.8270103180337487
1695,2009-11-05,NSE:CANBK,66.55878039,68.82506656,65.42077403,68.0858507,3988156.08835449,1.7589736417776491,3.6930960528528596
1696,2009-11-06,NSE:CANBK,69.25303671,71.86948063,68.66944371,69.60319057,4037762.5772986,2.2285685710026693,1.7589736417776491
1697,2009-11-09,NSE:CANBK,70.43967777,74.79717027,70.22569172,74.19412222,4256791.93283547,6.595863799351119,2.2285685710026693
1698,2009-11-10,NSE:CANBK,75.47802878,75.67255978,72.50170639,73.25064686,3115960.92020335,-1.2716308674727708,6.595863799351119
1699,2009-11-11,NSE:CANBK,73.5716269,75.76982528,73.3770959,75.40994098,2295963.08767278,2.9478157703193264,-1.2716308674727708
1700,2009-11-12,NSE:CANBK,75.65310473,76.82029074,74.04822397,75.01115632,3232137.77513982,-0.5288224003593485,2.9478157703193264
1701,2009-11-13,NSE:CANBK,75.01115632,75.78928032,72.95885035,73.43545326,2153034.71268811,-2.100624943412411,-0.5288224003593485
1702,2009-11-16,NSE:CANBK,74.18439956,75.67255978,72.26826724,72.77404979,3498280.44375158,-0.9006596141761136,-2.100624943412411
1703,2009-11-17,NSE:CANBK,72.8324052,72.8324052,70.47858008,71.54850059,2832813.24999292,-1.684046996884881,-0.9006596141761136
1704,2009-11-18,NSE:CANBK,71.54850059,71.97647074,70.47858008,70.82873977,1733106.7877808,-1.0059761058089907,-1.684046996884881
1705,2009-11-19,NSE:CANBK,71.19834673,71.19834673,68.96124021,69.34057761,3587479.59361254,-2.1010710692191688,-1.0059761058089907
1706,2009-11-20,NSE:CANBK,69.25303671,72.9296707,67.8913197,72.14182404,8928186.16129886,4.039837172622604,-2.1010710692191688
1707,2009-11-23,NSE:CANBK,72.94912575,73.29927961,71.21780178,72.21963449,3430065.09574243,0.10785761385359227,4.039837172622604
1708,2009-11-24,NSE:CANBK,72.36553274,75.73091713,71.58740874,74.93334392,8401051.67401544,3.7575784607103655,0.10785761385359227
1709,2009-11-25,NSE:CANBK,75.12787492,75.67255978,73.05611586,74.39838366,2557746.55394002,-0.713914836859726,3.7575784607103655
1710,2009-11-26,NSE:CANBK,74.31084276,76.58685743,73.27009996,74.94306852,6985405.85320174,0.7321192117414932,-0.713914836859726
1711,2009-11-27,NSE:CANBK,73.92178076,75.86709078,69.37947992,74.73881291,4624162.68230603,-0.27254770058620514,0.7321192117414932
1712,2009-11-30,NSE:CANBK,75.86709078,77.6470475,75.49748382,77.01482175,3560661.2461699,3.04528363695147,-0.27254770058620514
1713,2009-12-01,NSE:CANBK,77.40388375,80.92489683,77.40388375,80.51637978,5513619.88049596,4.546602784288075,3.04528363695147
1714,2009-12-02,NSE:CANBK,80.92489683,85.18512383,80.73036583,83.0161051,7298780.06797086,3.1046171311106736,4.546602784288075
1715,2009-12-03,NSE:CANBK,83.64833086,84.11520332,80.54555943,81.18751563,8432707.29670122,-2.20269243877115,3.1046171311106736
1716,2009-12-04,NSE:CANBK,81.63493304,82.38387935,78.70724535,79.41728157,5444366.1375887,-2.1804264439714736,-2.20269243877115
1717,2009-12-07,NSE:CANBK,79.75771082,80.67200847,76.85920084,77.41361419,3498840.76575106,-2.5229614265176314,-2.1804264439714736
1718,2009-12-08,NSE:CANBK,77.03427679,79.84525172,77.03427679,79.52427167,3533920.00725931,2.7264680793997176,-2.5229614265176314
1719,2009-12-09,NSE:CANBK,78.80451086,79.49509202,77.4233388,77.60814519,4416771.57453803,-2.409486361536648,2.7264680793997176
1720,2009-12-10,NSE:CANBK,78.02638685,80.42884472,77.65677794,80.01059918,3192216.11781962,3.095620935300435,-2.409486361536648
1721,2009-12-11,NSE:CANBK,80.73036583,80.85680904,77.63732484,78.14310545,6174840.96442376,-2.3340579237492056,3.095620935300435
1722,2009-12-14,NSE:CANBK,78.29872831,78.64888216,75.73091713,76.14916268,4580452.42577839,-2.5516554000734173,-2.3340579237492056
1723,2009-12-15,NSE:CANBK,76.83974579,77.01482175,72.75459475,73.0852994,3585973.40695341,-4.023502258160361,-2.5516554000734173
1724,2009-12-16,NSE:CANBK,72.39471045,74.40810827,70.45913087,73.49381061,6617109.80134673,0.5589512711225212,-4.023502258160361
1725,2009-12-17,NSE:CANBK,73.72724976,76.06162178,73.33818775,75.12787492,3208794.45220767,2.223403979787189,0.5589512711225212
1726,2009-12-18,NSE:CANBK,74.50537377,75.67255978,73.92178076,74.73881291,3180927.42872933,-0.5178663850325816,2.223403979787189
1727,2009-12-21,NSE:CANBK,74.33029781,76.21724464,74.33029781,75.58501888,2227917.37843411,1.1322175681583408,-0.5178663850325816
1728,2009-12-22,NSE:CANBK,76.06162178,77.0634545,75.10842182,76.80083764,2518236.14212402,1.608544626985202,1.1322175681583408
1729,2009-12-23,NSE:CANBK,77.22880779,77.79294575,76.83974579,77.58869209,1507821.3600113,1.0258409598252365,1.608544626985202
1730,2009-12-24,NSE:CANBK,77.86103355,78.96013177,77.65677794,78.41544885,2009391.79863989,1.0655634703069903,1.0258409598252365
1731,2009-12-29,NSE:CANBK,78.78505581,79.07685231,77.8124008,78.08474226,1191311.39827265,-0.421736526220248,1.0655634703069903
1732,2009-12-30,NSE:CANBK,77.09263415,78.5613471,76.11997914,77.26771594,1685057.89118384,-1.046332863953794,-0.421736526220248
1733,2009-12-31,NSE:CANBK,77.8124008,78.59052481,74.90416037,75.62392703,2905644.82878672,-2.127394203390759,-1.046332863953794
1734,2010-01-04,NSE:CANBK,75.86709078,77.76376805,75.19595688,77.58869209,2056253.22384347,2.5980733045251254,-2.127394203390759
1735,2010-01-05,NSE:CANBK,77.79294575,79.17411781,77.6275944,78.95040911,2572864.96678817,1.7550457203486036,2.5980733045251254
1736,2010-01-06,NSE:CANBK,78.97958681,80.08841547,77.50114925,79.33947111,1972374.5626931,0.49279288655482156,1.7550457203486036
1737,2010-01-07,NSE:CANBK,79.13520967,80.14677282,78.81423351,79.99114997,2035500.74758778,0.8213803934947731,0.49279288655482156
1738,2010-01-08,NSE:CANBK,80.14677282,80.34130383,78.15283005,78.89204592,817006.02148752,-1.3740320653124798,0.8213803934947731
1739,2010-01-11,NSE:CANBK,78.05556455,79.75771082,78.05556455,79.09630736,582601.22466238,0.2589125907662812,-1.3740320653124798
1740,2010-01-12,NSE:CANBK,79.07685231,79.93278678,77.4525165,77.57896165,1286848.86946709,-1.9183521464458928,0.2589125907662812
1741,2010-01-13,NSE:CANBK,76.62575974,78.16255466,76.18806499,76.82029074,2337843.30170674,-0.977933828790801,-1.9183521464458928
1742,2010-01-14,NSE:CANBK,77.22880779,77.93884401,76.00326443,76.47013883,2848615.35849181,-0.45580654098941786,-0.977933828790801
1743,2010-01-15,NSE:CANBK,76.83974579,77.02455219,74.69990477,74.92361347,3827204.87914826,-2.022391202189465,-0.45580654098941786
1744,2010-01-18,NSE:CANBK,74.31084276,76.64521479,73.94123581,76.24642818,2766438.22561506,1.765551137665903,-2.022391202189465
1745,2010-01-19,NSE:CANBK,76.37287333,77.8124008,76.37287333,77.01482175,1329104.34502363,1.0077764799499893,1.765551137665903
1746,2010-01-20,NSE:CANBK,77.20935275,78.68779031,77.20935275,78.29872831,2393896.06392918,1.667090218254002,1.0077764799499893
1747,2010-01-21,NSE:CANBK,77.8124008,78.37653876,76.50904114,77.07318494,1498948.73825818,-1.5652149101934718,1.667090218254002
1748,2010-01-22,NSE:CANBK,75.98381133,77.7151353,74.69990477,75.90599893,2641291.07811823,-1.514386632534572,-1.5652149101934718
1749,2010-01-25,NSE:CANBK,75.01115632,76.64521479,74.97224623,75.87681538,1763317.91063308,-0.03844696125652985,-1.514386632534572
1750,2010-01-27,NSE:CANBK,75.47802878,76.75220489,71.02327078,72.4238901,2795503.00162439,-4.5506987380892925,-0.03844696125652985
1751,2010-01-28,NSE:CANBK,72.94912575,74.48591872,71.21780178,72.5406087,7175205.9345276,0.16116035722308278,-4.5506987380892925
1752,2010-01-29,NSE:CANBK,72.75459475,77.60814519,69.99225257,75.94490124,7067140.89716147,4.692947303597669,0.16116035722308278
1753,2010-02-01,NSE:CANBK,75.67255978,78.99904186,75.05978907,78.66833526,2873346.63500063,3.5860656548797873,4.692947303597669
1754,2010-02-02,NSE:CANBK,78.59052481,80.14677282,77.9096663,78.5613471,3786779.44608541,-0.13599901363922698,3.5860656548797873
1755,2010-02-03,NSE:CANBK,79.66044532,79.66044532,77.85130895,78.13337501,1718558.97806973,-0.5447616490782036,-0.13599901363922698
1756,2010-02-04,NSE:CANBK,77.6178698,78.0069318,76.15888728,76.57712699,1466748.21527933,-1.991783946106027,-0.5447616490782036
1757,2010-02-05,NSE:CANBK,74.90416037,75.56556967,73.5521738,74.15521991,1186340.46824064,-3.162702983511339,-1.991783946106027
1758,2010-02-08,NSE:CANBK,74.11631176,76.14916268,73.70779471,75.60447198,1644000.16815829,1.954349365774809,-3.162702983511339
1759,2010-02-09,NSE:CANBK,74.96252357,75.86709078,74.87498072,75.37103867,1086459.21640809,-0.30875595568175707,1.954349365774809
1760,2010-02-10,NSE:CANBK,76.45068379,76.45068379,73.98013812,74.34975091,1516786.51200285,-1.3550135145032982,-0.30875595568175707
1761,2010-02-11,NSE:CANBK,75.08896677,75.28349777,74.35947551,74.87498072,947720.40499745,0.7064311629446979,-1.3550135145032982
1762,2010-02-15,NSE:CANBK,75.86709078,76.33396324,73.94123581,74.32056737,724470.64247374,-0.7404520771407688,0.7064311629446979
1763,2010-02-16,NSE:CANBK,74.31084276,75.63365163,72.65732925,75.03060942,1460985.63765173,0.9553775961707898,-0.7404520771407688
1764,2010-02-17,NSE:CANBK,75.45857373,76.04216674,73.8439703,74.36920012,1489654.58986327,-0.8815192960750479,0.9553775961707898
1765,2010-02-18,NSE:CANBK,75.05005863,75.08896677,73.3770959,73.72724976,1297947.35751168,-0.8631938476737183,-0.8815192960750479
1766,2010-02-19,NSE:CANBK,73.33818775,75.04033402,72.58924145,73.94123581,1454590.77006142,0.29024010891029384,-0.8631938476737183
1767,2010-02-22,NSE:CANBK,75.45857373,75.47802878,73.39654511,74.47619606,1057368.73755475,0.7234937908999113,0.29024010891029384
1768,2010-02-23,NSE:CANBK,73.92178076,74.60263927,73.3576428,73.77588251,747423.28217689,-0.9403186347431237,0.7234937908999113
1769,2010-02-24,NSE:CANBK,73.54244336,74.78744566,73.01721355,74.23303231,2239288.31662523,0.61964667103512,-0.9403186347431237
1770,2010-02-25,NSE:CANBK,74.31084276,76.41177564,73.82451526,74.23303231,1581233.82307978,0.0,0.61964667103512
1771,2010-02-26,NSE:CANBK,74.60263927,77.21908319,74.50537377,76.45068379,1914892.72234356,2.9874186881373817,0.0
1772,2010-03-02,NSE:CANBK,76.25615278,79.66044532,76.25615278,78.78505581,2826618.86458591,3.053435109111931,2.9874186881373817
1773,2010-03-03,NSE:CANBK,79.72853312,81.50848984,78.97958681,80.87626408,3315862.21922612,2.654320985750401,3.053435109111931
1774,2010-03-04,NSE:CANBK,80.73036583,84.13465837,80.56501253,83.81368416,4955960.69566331,3.6319927897440976,2.654320985750401
1775,2010-03-05,NSE:CANBK,84.05684791,85.97297828,83.25926886,83.60942271,4213662.5605825,-0.2437089504502101,3.6319927897440976
1776,2010-03-08,NSE:CANBK,85.36020173,85.36020173,82.58813495,83.77477407,3113097.62338036,0.1977664175167494,-0.2437089504502101
1777,2010-03-09,NSE:CANBK,83.45379986,83.64833086,82.10180745,82.30606889,1910029.74425639,-1.7531592252015973,0.1977664175167494
1778,2010-03-10,NSE:CANBK,82.28661385,83.23981381,80.94435188,81.20696873,2940682.94574456,-1.3353816733355663,-1.7531592252015973
1779,2010-03-11,NSE:CANBK,82.1698933,82.1698933,79.43673661,79.77716587,2892772.84450527,-1.7606898550219967,-1.3353816733355663
1780,2010-03-12,NSE:CANBK,80.32184878,81.19723829,79.36864882,79.53400211,1186155.40776375,-0.30480370836467974,-1.7606898550219967
1781,2010-03-15,NSE:CANBK,79.56317982,79.66044532,77.4330634,77.77349265,1551886.31578631,-2.213530582259805,-0.30480370836467974
1782,2010-03-16,NSE:CANBK,78.27927326,78.57106976,77.44279384,77.86103355,1689972.27495903,0.1125587870843905,-2.213530582259805
1783,2010-03-17,NSE:CANBK,78.18200776,78.73642306,76.83974579,77.41361419,1324806.82950474,-0.5746383519461999,0.1125587870843905
1784,2010-03-18,NSE:CANBK,77.4233388,79.15466277,76.90783359,78.71696801,2966149.32359213,1.6836235249282037,-0.5746383519461999
1785,2010-03-19,NSE:CANBK,79.66044532,80.08841547,78.29872831,79.32001607,4334388.81890918,0.7660966564710447,1.6836235249282037
1786,2010-03-22,NSE:CANBK,78.39599381,79.32974067,77.07318494,77.60814519,2584354.13806176,-2.158182719591565,0.7660966564710447
1787,2010-03-23,NSE:CANBK,78.0069318,78.3668161,76.54794929,77.8999417,2194997.17582291,0.37598696539599324,-2.158182719591565
1788,2010-03-25,NSE:CANBK,77.76376805,80.69145768,76.95646634,79.36864882,3593386.10716661,1.8853764045885093,0.37598696539599324
1789,2010-03-26,NSE:CANBK,79.85497632,81.31395884,79.85497632,80.40939162,1907294.96165346,1.3112769531459305,1.8853764045885093
1790,2010-03-29,NSE:CANBK,81.06107048,81.8780968,79.40755696,79.96196643,1989482.37566781,-0.5564339948179674,1.3112769531459305
1791,2010-03-30,NSE:CANBK,80.73036583,81.66411269,80.04950732,80.34130383,1392353.90356957,0.4743972877806541,-0.5564339948179674
1792,2010-03-31,NSE:CANBK,82.0726278,82.0726278,79.42700617,79.79661897,1348648.78761073,-0.6779636799927247,0.4743972877806541
1793,2010-04-01,NSE:CANBK,79.36864882,80.92489683,79.36864882,80.35102843,1202800.56954624,0.6947781336555572,-0.6779636799927247
1794,2010-04-05,NSE:CANBK,81.11942783,81.88782724,80.34130383,81.62521038,1598346.7766233,1.585769311104758,0.6947781336555572
1795,2010-04-06,NSE:CANBK,80.92489683,82.6562208,80.92489683,82.00454195,1590204.11564014,0.46472354341759803,1.585769311104758
1796,2010-04-07,NSE:CANBK,82.09208284,84.40699982,82.09208284,83.62887581,5144064.38928434,1.9807852362499452,0.46472354341759803
1797,2010-04-08,NSE:CANBK,83.26899346,83.62887581,81.71274544,82.56868574,1344726.53361442,-1.2677320599271011,1.9807852362499452
1798,2010-04-09,NSE:CANBK,78.44462656,82.96747235,78.44462656,81.91700689,1864962.37756489,-0.7892566584529124,-1.2677320599271011
1799,2010-04-12,NSE:CANBK,82.28661385,82.28661385,80.24403833,81.00270729,1530583.79866876,-1.1161291589031503,-0.7892566584529124
1800,2010-04-13,NSE:CANBK,80.92489683,81.60575534,80.23431372,80.59419218,1233412.65676512,-0.5043227858267432,-1.1161291589031503
1801,2010-04-15,NSE:CANBK,80.82763133,81.15833598,78.4640816,78.79478041,2699765.04824665,-2.2326816875106394,-0.5043227858267432
1802,2010-04-16,NSE:CANBK,78.76560076,78.97958681,77.4233388,77.48169615,3363052.64083305,-1.6664609675507775,-2.2326816875106394
1803,2010-04-19,NSE:CANBK,76.64521479,76.74248029,75.00142588,75.49748382,3401041.44428352,-2.560878799244001,-1.6664609675507775
1804,2010-04-20,NSE:CANBK,76.04216674,79.14494011,75.86709078,78.2014628,7741465.29096684,3.5815484744455715,-2.560878799244001
1805,2010-04-21,NSE:CANBK,78.57106976,79.07685231,76.64521479,77.0634545,3821159.57023652,-1.4552263592695809,3.5815484744455715
1806,2010-04-22,NSE:CANBK,75.47802878,78.23064051,75.47802878,77.69568025,10539502.59301086,0.8203963267698948,-1.4552263592695809
1807,2010-04-23,NSE:CANBK,78.59052481,80.59419218,78.05556455,79.44645927,5943397.13522886,2.2533801291996673,0.8203963267698948
1808,2010-04-26,NSE:CANBK,80.14677282,80.34130383,78.68779031,79.74798622,6100708.82172293,0.37953478703846577,2.2533801291996673
1809,2010-04-27,NSE:CANBK,80.82763133,81.89755184,79.76743542,81.48903479,9298281.41223475,2.1831881311673373,0.37953478703846577
1810,2010-04-28,NSE:CANBK,79.75771082,81.47931213,77.70541069,79.38810386,10291804.28526246,-2.578176236120816,2.1831881311673373
1811,2010-04-29,NSE:CANBK,79.56317982,80.67200847,78.0069318,78.59052481,7485459.8240336,-1.0046581429964838,-2.578176236120816
1812,2010-04-30,NSE:CANBK,79.36864882,84.19301572,79.01849496,83.58024306,9618657.08171287,6.349007417959237,-1.0046581429964838
1813,2010-05-03,NSE:CANBK,84.03739286,84.03739286,79.68962302,83.32735665,3219250.36915196,-0.3025672105529315,6.349007417959237
1814,2010-05-04,NSE:CANBK,83.45379986,85.48665077,82.6951309,83.25926886,4958793.14907348,-0.08171120834419601,-0.3025672105529315
1815,2010-05-05,NSE:CANBK,82.2477057,85.20457888,80.84708638,84.69879633,3344104.50422704,1.7289696266977133,-0.08171120834419601
1816,2010-05-06,NSE:CANBK,84.03739286,86.16750928,82.6951309,85.40883448,2452287.78495677,0.8383096109578476,1.7289696266977133
1817,2010-05-07,NSE:CANBK,84.91278237,84.91278237,81.44040204,82.54923264,2491823.89961678,-3.348133547788459,0.8383096109578476
1818,2010-05-10,NSE:CANBK,84.03739286,84.91278237,83.05501325,83.95958241,2586096.7908858,1.708495312307238,-3.348133547788459
1819,2010-05-11,NSE:CANBK,84.03739286,84.52372037,81.23614838,81.7808313,2308799.08797262,-2.5949999362318095,1.708495312307238
1820,2010-05-12,NSE:CANBK,82.18934835,83.2009115,79.99114997,82.77294135,3599338.8858399,1.2131327527848128,-2.5949999362318095
1821,2010-05-13,NSE:CANBK,83.103646,85.98270288,82.99665006,85.02950292,7454354.24220968,2.7262068173441834,1.2131327527848128
1822,2010-05-14,NSE:CANBK,84.71825137,85.59364088,82.1698933,82.56868574,3488631.59610929,-2.894074521775403,2.7262068173441834
1823,2010-05-17,NSE:CANBK,81.9559092,83.16200336,80.77899858,82.77294135,2828556.85902446,0.24737660309038836,-2.894074521775403
1824,2010-05-18,NSE:CANBK,82.57841035,84.49454266,82.57841035,84.17356651,2060936.28202254,1.692129260065257,0.24737660309038836
1825,2010-05-19,NSE:CANBK,82.87020685,84.28055662,81.94618459,82.2671588,3932956.66055326,-2.2648531944687305,1.692129260065257
1826,2010-05-20,NSE:CANBK,82.52005299,83.64833086,81.82946405,82.7923964,1633631.64088365,0.6384535550533647,-2.2648531944687305
1827,2010-05-21,NSE:CANBK,81.10970323,81.89755184,79.75771082,80.40939162,2860186.77886623,-2.8782894125770313,0.6384535550533647
1828,2010-05-24,NSE:CANBK,80.92489683,81.62521038,79.03794417,79.34919377,2058576.7609422,-1.3185000267261002,-2.8782894125770313
1829,2010-05-25,NSE:CANBK,78.59052481,79.11576046,76.27560783,77.4525165,3545583.95787218,-2.3902917974159497,-1.3185000267261002
1830,2010-05-26,NSE:CANBK,79.69935346,79.69935346,75.48775338,76.08107683,3735995.76688553,-1.7706844554237315,-2.3902917974159497
1831,2010-05-27,NSE:CANBK,76.04216674,78.14310545,75.13759952,76.93701129,4621319.94775825,1.125029370854661,-1.7706844554237315
1832,2010-05-28,NSE:CANBK,78.2014628,79.40755696,76.29506093,77.55951244,6010275.93534937,0.8091049282556619,1.125029370854661
1833,2010-05-31,NSE:CANBK,77.79294575,80.08841547,77.24826284,79.61181257,2732412.80071132,2.6460972554303384,0.8091049282556619
1834,2010-06-01,NSE:CANBK,79.75771082,81.28478113,78.03610951,78.73642306,2817550.90121831,-1.0995723897509433,2.6460972554303384
1835,2010-06-02,NSE:CANBK,79.17411781,79.66044532,77.26771594,78.85314361,2813001.49782809,0.14824212919991464,-1.0995723897509433
1836,2010-06-03,NSE:CANBK,80.32184878,81.27505069,79.36864882,81.01243773,2335771.65247933,2.738374173995722,0.14824212919991464
1837,2010-06-04,NSE:CANBK,81.11942783,82.4616898,80.05923193,81.71274544,3233037.37468026,0.8644446823511284,2.738374173995722
1838,2010-06-07,NSE:CANBK,80.90544179,83.16200336,78.84341317,82.5297776,3389099.90295531,0.9998833787807637,0.8644446823511284
1839,2010-06-08,NSE:CANBK,82.48114485,84.58207772,81.80028634,82.77294135,3745582.92770219,0.29463759272264617,0.9998833787807637
1840,2010-06-09,NSE:CANBK,83.06473785,84.10548066,82.67567585,83.298177,2448555.73200615,0.6345499403954661,0.29463759272264617
1841,2010-06-10,NSE:CANBK,83.63860626,84.17356651,82.73403321,83.65805546,1458194.30879197,0.4320364177957994,0.6345499403954661
1842,2010-06-11,NSE:CANBK,84.03739286,84.79606183,83.25926886,84.08602561,2142738.1533767,0.5115707598590089,0.4320364177957994
1843,2010-06-14,NSE:CANBK,82.87020685,83.83313726,81.75165359,83.52188765,1946640.87526779,-0.670905725306282,0.5115707598590089
1844,2010-06-15,NSE:CANBK,83.64833086,84.07630101,82.5395022,83.68723901,1298255.79163983,0.19797368648193206,-0.670905725306282
1845,2010-06-16,NSE:CANBK,83.64833086,84.03739286,82.50059989,82.87020685,1007073.4123911,-0.9762924069013286,0.19797368648193206
1846,2010-06-17,NSE:CANBK,82.77294135,82.87020685,81.31395884,81.74192899,1289367.74818031,-1.3614999924426967,-0.9762924069013286
1847,2010-06-18,NSE:CANBK,81.74192899,82.4616898,80.73036583,81.06107048,1309287.45229,-0.8329366806150377,-1.3614999924426967
1848,2010-06-21,NSE:CANBK,81.50848984,82.57841035,81.44040204,82.37415474,1176357.48362618,1.619870367149877,-0.8329366806150377
1849,2010-06-22,NSE:CANBK,82.28661385,82.57841035,81.53766754,81.66411269,1094612.15852885,-0.8619718797007694,1.619870367149877
1850,2010-06-23,NSE:CANBK,81.50848984,82.45196714,80.75954353,82.21852605,1665580.27599118,0.6788947332405015,-0.8619718797007694
1851,2010-06-24,NSE:CANBK,82.21852605,84.01793782,82.10180745,83.5899735,6159547.77223633,1.668051613046407,0.6788947332405015
1852,2010-06-25,NSE:CANBK,83.16200336,84.85442502,82.75348631,84.21246882,1688368.41749265,0.7447009419138035,1.668051613046407
1853,2010-06-28,NSE:CANBK,84.62098587,86.76082689,84.32918937,86.43985268,2795461.87707397,2.6449573218912827,0.7447009419138035
1854,2010-06-29,NSE:CANBK,86.17723389,88.96875571,85.59364088,87.1596135,5334008.40653666,0.8326724279188171,2.6449573218912827
1855,2010-06-30,NSE:CANBK,85.22403392,88.27816676,84.67934323,87.29578715,4165140.73165572,0.15623480248680685,0.8326724279188171
1856,2010-07-01,NSE:CANBK,87.12071119,88.51160591,86.7900046,87.93773751,2743819.72288407,0.7353738146572286,0.15623480248680685
1857,2010-07-02,NSE:CANBK,88.79367781,89.25082177,87.1498889,87.78211465,2720178.24696138,-0.17696936992757098,0.7353738146572286
1858,2010-07-05,NSE:CANBK,87.1498889,89.25082177,86.58575094,88.79367781,2315116.84703089,1.1523567916235071,-0.17696936992757098
1859,2010-07-06,NSE:CANBK,88.70613691,90.15539482,88.08363576,89.20218902,2823097.5749562,0.46006790131402076,1.1523567916235071
1860,2010-07-07,NSE:CANBK,88.76449427,90.41800778,88.70613691,89.60098147,2306552.65940593,0.44706576641361856,0.46006790131402076
1861,2010-07-08,NSE:CANBK,90.26238493,90.92378839,89.87332292,90.18457447,2061064.79624261,0.6513243386685501,0.44706576641361856
1862,2010-07-09,NSE:CANBK,90.40828318,91.18640719,90.30129307,90.86543298,4717828.98645636,0.7549611604881292,0.6513243386685501
1863,2010-07-12,NSE:CANBK,91.23503994,93.18034996,90.76816748,92.08125174,3784846.59221567,1.3380432141534102,0.7549611604881292
1864,2010-07-13,NSE:CANBK,92.08125174,92.6453897,91.46847909,92.24660309,2439148.49109758,0.17957113622529755,1.3380432141534102
1865,2010-07-14,NSE:CANBK,97.07097,97.07097,91.13777444,91.83808799,1144295.756005,-0.4428511037977434,0.17957113622529755
1866,2010-07-15,NSE:CANBK,91.42957094,92.40222595,90.94324344,92.1882399,827811.49711037,0.38127090585566303,-0.4428511037977434
1867,2010-07-16,NSE:CANBK,92.39250135,93.97792901,92.04234165,93.17062535,2758408.65714556,1.065629901455571,0.38127090585566303
1868,2010-07-19,NSE:CANBK,95.07702723,100.15428249,94.93112898,96.58464249,16799589.60988645,3.6642634169032102,1.065629901455571
1869,2010-07-20,NSE:CANBK,97.3530419,97.654563,94.37671367,94.63933247,4451105.43356991,-2.0140986908984044,3.6642634169032102
1870,2010-07-21,NSE:CANBK,94.83386348,95.86487584,93.85148386,94.19191311,2357881.23889888,-0.4727625906932793,-2.0140986908984044
1871,2010-07-22,NSE:CANBK,94.34753597,95.41745648,93.39433601,94.48370962,3490009.26854836,0.30978934429246513,-0.4727625906932793
1872,2010-07-23,NSE:CANBK,95.12565998,95.32019098,93.37488096,93.63749976,1681043.10694909,-0.8956145598043697,0.30978934429246513
1873,2010-07-26,NSE:CANBK,94.34753597,94.34753597,90.86543298,91.26421764,2048131.12513552,-2.5345423853508486,-0.8956145598043697
1874,2010-07-27,NSE:CANBK,91.42957094,92.1590622,90.34019538,91.14749904,2914116.48617324,-0.1278908678759575,-2.5345423853508486
1875,2010-07-28,NSE:CANBK,91.62410194,93.95847397,91.42957094,93.1219926,3481450.2214922,2.1662619169983968,-0.1278908678759575
1876,2010-07-29,NSE:CANBK,92.98581896,94.83386348,92.616212,94.51288927,3968344.33618966,1.4936285523598252,2.1662619169983968
1877,2010-07-30,NSE:CANBK,94.31835827,95.48554428,92.80101256,93.19007456,4075381.25979529,-1.3996130265587878,1.4936285523598252
1878,2010-08-02,NSE:CANBK,94.34753597,95.04784952,93.61804471,94.46425652,2607286.2154897,1.3672936372420552,-1.3996130265587878
1879,2010-08-03,NSE:CANBK,95.30073593,96.58464249,94.93112898,95.75788573,2361309.99829014,1.3694377721864608,1.3672936372420552
1880,2010-08-04,NSE:CANBK,96.11777003,96.17612544,93.44296876,93.77366757,2843479.93025811,-2.072119851930233,1.3694377721864608
1881,2010-08-05,NSE:CANBK,94.23081542,95.10620493,93.08308446,93.36515636,1900021.05679793,-0.43563531275457007,-2.072119851930233
1882,2010-08-06,NSE:CANBK,92.80101256,94.03628442,92.22714999,92.6356651,788090.32197346,-0.7813313750444655,-0.43563531275457007
1883,2010-08-09,NSE:CANBK,92.69402245,94.91167393,92.40222595,94.63933247,1335864.19299891,2.1629545897220557,-0.7813313750444655
1884,2010-08-10,NSE:CANBK,94.91167393,95.98159444,93.79312067,94.16272957,2435179.97198205,-0.5035991775946675,2.1629545897220557
1885,2010-08-11,NSE:CANBK,94.15300497,94.73659797,93.63749976,94.03628442,731045.42997213,-0.13428364978098523,-0.5035991775946675
1886,2010-08-12,NSE:CANBK,94.15300497,96.27339094,92.98581896,95.84542663,1888912.28761573,1.9238767473199199,-0.13428364978098523
1887,2010-08-13,NSE:CANBK,96.19558049,98.72448352,96.19558049,97.88800215,4747294.72683228,2.131114224036085,1.9238767473199199
1888,2010-08-16,NSE:CANBK,98.33542151,99.40534202,95.95241674,98.15061511,2165068.78425476,0.2682790068568157,2.131114224036085
1889,2010-08-17,NSE:CANBK,98.15061511,101.43819294,98.15061511,100.7378755,5642334.58274173,2.636010367434158,0.2682790068568157
1890,2010-08-18,NSE:CANBK,101.93424505,102.80963456,100.49471174,102.51783805,4558533.04040453,1.7669248444692416,2.636010367434158
1891,2010-08-19,NSE:CANBK,102.7415526,104.93002637,101.81753034,104.39506611,4794464.58616401,1.8311233398078934,1.7669248444692416
1892,2010-08-20,NSE:CANBK,104.40479072,104.92029204,102.23576616,102.79018535,3269669.06796686,-1.5373147599800876,1.8311233398078934
1893,2010-08-23,NSE:CANBK,103.0333491,103.68502407,102.3719398,103.06252291,1510957.10698082,0.2649451006170375,-1.5373147599800876
1894,2010-08-24,NSE:CANBK,103.10143106,103.49049306,98.83147362,99.32753157,2876816.51894231,-3.624005346018551,0.2649451006170375
1895,2010-08-25,NSE:CANBK,99.01628002,100.65034433,97.50866475,99.35670927,4672160.17321496,0.029375239209914746,-3.624005346018551
1896,2010-08-26,NSE:CANBK,99.98893503,100.96159004,98.73420812,99.46369938,3576345.12158633,0.10768282362216175,0.029375239209914746
1897,2010-08-27,NSE:CANBK,100.55307882,100.74760983,97.07097,97.67401805,1859395.14155178,-1.799331154135475,0.10768282362216175
1898,2010-08-30,NSE:CANBK,98.23815601,99.58041798,97.50866475,97.88800215,3208763.60879486,0.21907985795205512,-1.799331154135475
1899,2010-08-31,NSE:CANBK,97.654563,101.14639644,96.31230104,99.97921042,5369437.20672348,2.136327460024676,0.21907985795205512
1900,2010-09-01,NSE:CANBK,100.19319063,101.73971405,99.21081102,101.23393733,4372012.64197467,1.2549878166961446,2.136327460024676
1901,2010-09-02,NSE:CANBK,109.52095413,109.52095413,101.45764215,101.95369426,3468346.91161463,0.7109838350490666,1.2549878166961446
1902,2010-09-03,NSE:CANBK,102.4692053,104.42423993,102.39138901,104.15190236,3535606.11382653,2.1560847951170534,0.7109838350490666
1903,2010-09-06,NSE:CANBK,104.46314807,105.41635387,103.87955507,104.98838372,1959394.62646679,0.8031359399550075,2.1560847951170534
1904,2010-09-07,NSE:CANBK,105.04674108,105.61088488,103.59748317,104.79385272,4313682.60777272,-0.1852881177014826,0.8031359399550075
1905,2010-09-08,NSE:CANBK,103.87955507,106.49599899,103.74338142,106.04857963,2320797.17555765,1.197328733921562,-0.1852881177014826
1906,2010-09-09,NSE:CANBK,106.9920511,110.72704828,106.40845809,109.90029153,4527956.93716727,3.632025920043902,1.197328733921562
1907,2010-09-13,NSE:CANBK,110.49360914,114.77329118,110.13373067,112.48755191,7925749.54196761,2.354188823324215,3.632025920043902
1908,2010-09-14,NSE:CANBK,113.21704316,113.98544257,112.43891916,113.42129877,4528506.97802914,0.8300890579849172,2.354188823324215
1909,2010-09-15,NSE:CANBK,113.60610517,114.75384197,112.51673545,113.34349221,2614046.06346499,-0.0685996024060634,0.8300890579849172
1910,2010-09-16,NSE:CANBK,112.82798116,115.90156905,110.9507531,111.3300905,4925035.03374748,-1.7763716916976726,-0.0685996024060634
1911,2010-09-17,NSE:CANBK,111.46626415,113.80063617,110.72704828,111.66079515,2785129.33378095,0.29704875700249367,-1.7763716916976726
1912,2010-09-20,NSE:CANBK,112.80853195,113.41157417,111.28145775,111.91368351,1207427.08146848,0.22647909649960973,0.29704875700249367
1913,2010-09-21,NSE:CANBK,112.04985715,113.10032845,107.96470611,109.21943302,4045987.4873826,-2.4074361646395617,0.22647909649960973
1914,2010-09-22,NSE:CANBK,109.52095413,112.04013255,109.52095413,111.65107054,2834483.93485374,2.2263780837927754,-2.4074361646395617
1915,2010-09-23,NSE:CANBK,112.24438815,112.59454201,107.96470611,109.29723958,2712513.65887685,-2.10820276833506,2.2263780837927754
1916,2010-09-24,NSE:CANBK,109.33614773,112.41946995,108.45103362,111.56352965,3241118.34883779,2.0735108029340505,-2.10820276833506
1917,2010-09-27,NSE:CANBK,112.14712265,113.21704316,111.85532615,112.92524666,1688378.69863026,1.2205754105055713,2.0735108029340505
1918,2010-09-28,NSE:CANBK,113.21704316,113.41157417,111.8942343,112.43891916,1866237.23862791,-0.43066321693700305,1.2205754105055713
1919,2010-09-29,NSE:CANBK,112.92524666,113.69364606,110.99938585,111.47598875,2519146.02280206,-0.8564031184164563,-0.43066321693700305
1920,2010-09-30,NSE:CANBK,110.70758935,113.89790167,109.61821963,113.42129877,2445733.55973358,1.7450484555581105,-0.8564031184164563
1921,2010-10-01,NSE:CANBK,113.80063617,114.75384197,113.37266602,114.09243267,2147220.72937248,0.5917176996543986,1.7450484555581105
1922,2010-10-04,NSE:CANBK,114.77329118,116.69915199,113.21704316,113.91735088,3343883.45976854,-0.15345609336457758,0.5917176996543986
1923,2010-10-05,NSE:CANBK,113.91735088,122.3016429,113.91735088,121.28035514,6779855.06906503,6.463461626452453,-0.15345609336457758
1924,2010-10-06,NSE:CANBK,121.58187625,127.08710166,121.22199779,123.51746167,6504433.67376476,1.8445745210900821,6.463461626452453
1925,2010-10-07,NSE:CANBK,124.88890328,124.88890328,120.65785399,121.60132546,3098534.39196288,-1.5513079560518503,1.8445745210900821
1926,2010-10-08,NSE:CANBK,121.97093825,123.13812427,118.48882943,120.3855067,2526029.24442861,-0.9998400555263197,-1.5513079560518503
1927,2010-10-11,NSE:CANBK,121.52351889,122.36000026,120.63840478,121.32898789,1040888.07397394,0.7837165916916808,-0.9998400555263197
1928,2010-10-12,NSE:CANBK,120.82320145,122.16546926,118.69309476,120.26879199,1808842.78794801,-0.8738191247100797,0.7837165916916808
1929,2010-10-13,NSE:CANBK,120.75511949,125.54057825,120.75511949,124.27612674,2740797.0684282,3.331982207265536,-0.8738191247100797
1930,2010-10-14,NSE:CANBK,124.49984128,127.61233731,124.27612674,126.64940691,4819668.79500266,1.909683084157569,3.331982207265536
1931,2010-10-15,NSE:CANBK,126.64940691,127.02874431,124.99589339,125.589211,3147138.46999051,-0.8371108368106216,1.909683084157569
1932,2010-10-18,NSE:CANBK,125.27796529,126.81476409,122.36000026,125.86155829,7110301.11282725,0.2168556421618088,-0.8371108368106216
1933,2010-10-19,NSE:CANBK,126.0560893,127.51507181,122.60316401,123.38128802,8334707.49305039,-1.9706336896649315,0.2168556421618088
1934,2010-10-20,NSE:CANBK,122.55453126,129.94670934,121.38734525,127.47616367,12596367.54454182,3.318878993495537,-1.9706336896649315
1935,2010-10-21,NSE:CANBK,128.60444153,138.50607342,128.60444153,136.89146805,26127850.81937737,7.385933267001634,3.318878993495537
1936,2010-10-22,NSE:CANBK,137.24162191,143.75841048,135.05314814,142.39669346,14358066.17600212,4.021598634612648,7.385933267001634
1937,2010-10-25,NSE:CANBK,142.98028647,144.90614728,140.25685244,141.0836092,6720167.92469922,-0.9221311451089521,4.021598634612648
1938,2010-10-26,NSE:CANBK,141.61856946,143.56387948,141.04470105,142.77603086,4008764.62868371,1.1995877264529033,-0.9221311451089521
1939,2010-10-27,NSE:CANBK,142.76630626,145.30493389,140.45138344,144.52680988,7228009.85726686,1.2262415543101548,1.1995877264529033
1940,2010-10-28,NSE:CANBK,144.92559649,145.25630114,138.15591957,139.29392204,7559196.14293664,-3.6207038987055995,1.2262415543101548
1941,2010-10-29,NSE:CANBK,138.70060443,141.61856946,138.17536878,140.35411794,4272830.50749926,0.7611214362214224,-3.6207038987055995
1942,2010-11-01,NSE:CANBK,141.22950745,145.12012749,141.22950745,144.35172809,5514822.77359575,2.848231465291901,0.7611214362214224
1943,2010-11-02,NSE:CANBK,143.94321688,148.58277738,143.30126651,144.14747248,6253687.00871648,-0.14149855543997453,2.848231465291901
1944,2010-11-03,NSE:CANBK,144.59489184,147.12379487,144.46845253,145.08121935,6602700.78699333,0.6477719337947792,-0.14149855543997453
1945,2010-11-04,NSE:CANBK,145.68427129,149.40953414,145.48000596,148.01864331,5554317.76370535,2.0246755390948468,0.6477719337947792
1946,2010-11-05,NSE:CANBK,148.42715453,148.81621653,147.41559137,148.23262352,371118.22412759,0.14456301261447954,2.0246755390948468
1947,2010-11-08,NSE:CANBK,149.20527853,159.12635964,147.33778481,157.62846898,10537358.97582021,6.338581370876356,0.14456301261447954
1948,2010-11-09,NSE:CANBK,158.15370463,164.22307383,154.84667759,162.69599963,10811942.45840568,3.214857495471171,6.338581370876356
1949,2010-11-10,NSE:CANBK,163.01697968,163.40604168,158.52331742,159.8753001,14075956.90068979,-1.7337239615078204,3.214857495471171
1950,2010-11-11,NSE:CANBK,161.22729251,162.86135682,155.4302706,156.42237482,6739470.7605526,-2.1597615628181805,-1.7337239615078204
1951,2010-11-12,NSE:CANBK,156.3834764,159.70995264,152.39559086,153.11534778,6497365.39166133,-2.114164961250254,-2.1597615628181805
1952,2010-11-15,NSE:CANBK,151.73418156,157.76464262,150.3335564,157.16160041,7951113.10843914,2.642617274274657,-2.114164961250254
1953,2010-11-16,NSE:CANBK,157.37558062,158.49413388,149.4678915,150.91714941,7453423.79925643,-3.9732676326212,2.642617274274657
1954,2010-11-18,NSE:CANBK,152.09406002,155.2357396,143.60278762,151.78281431,9371251.78638621,0.5736027372530164,-3.9732676326212
1955,2010-11-19,NSE:CANBK,151.90926335,152.47339742,146.2873135,147.37668322,3711747.70384414,-2.9029182981157247,0.5736027372530164
1956,2010-11-22,NSE:CANBK,145.5091895,154.39925823,145.5091895,151.52020135,6121697.76414353,2.8115153899987586,-2.9029182981157247
1957,2010-11-23,NSE:CANBK,150.79071009,152.07461081,145.52863871,150.73234301,4464239.5868603,-0.519969174394193,2.8115153899987586
1958,2010-11-24,NSE:CANBK,150.93660834,151.73418156,131.7363965,139.41064647,11221399.0446623,-7.5111262214300565,-0.519969174394193
1959,2010-11-25,NSE:CANBK,141.03497645,143.95294148,131.12361995,132.86467437,18392507.94585431,-4.695460688082125,-7.5111262214300565
1960,2010-11-26,NSE:CANBK,135.57838379,136.69693705,121.79585646,134.91697449,12491001.30579701,1.544654461188676,-4.695460688082125
1961,2010-11-29,NSE:CANBK,135.19904639,140.84044545,133.29264452,137.98083777,10804987.2688159,2.2709249829991442,1.544654461188676
1962,2010-11-30,NSE:CANBK,139.47872843,147.64903052,138.36989978,144.24473798,32071083.45640455,4.539688489528732,2.2709249829991442
1963,2010-12-01,NSE:CANBK,144.67270813,147.82411231,142.41614267,144.7505147,8612072.023358,0.35063789992126276,4.539688489528732
1964,2010-12-02,NSE:CANBK,146.2873135,146.93898847,143.34016493,144.23501338,5068698.5100709,-0.3561309063863374,0.35063789992126276
1965,2010-12-03,NSE:CANBK,144.61435078,144.61435078,140.45138344,141.842284,4288046.59115466,-1.6589102215397122,-0.3561309063863374
1966,2010-12-06,NSE:CANBK,142.33833611,142.98028647,133.83732938,134.81970899,5349825.93674195,-4.950974287751878,-1.6589102215397122
1967,2010-12-07,NSE:CANBK,134.22639138,137.33888741,131.11389535,135.91881304,8986983.98726184,0.8152398920261117,-4.950974287751878
1968,2010-12-08,NSE:CANBK,134.80998439,135.00451539,128.19593032,129.84944383,9876770.18185513,-4.4654371784528575,0.8152398920261117
1969,2010-12-09,NSE:CANBK,130.33577134,131.79475386,124.76245424,127.03846891,6639157.70094065,-2.164795502459109,-4.4654371784528575
1970,2010-12-10,NSE:CANBK,127.43725552,129.92726013,117.1076632,128.40991053,9474906.2157198,1.079548290976002,-2.164795502459109
1971,2010-12-13,NSE:CANBK,129.36311633,132.45616315,125.82265015,129.07131983,6403066.79754829,0.5150765211735582,1.079548290976002
1972,2010-12-14,NSE:CANBK,130.43303684,131.833662,128.58499232,130.83182345,2903963.86278831,1.3639773904216446,0.5150765211735582
1973,2010-12-15,NSE:CANBK,131.30842635,131.30842635,123.91624827,125.39468,3408999.04478979,-4.155826393475224,1.3639773904216446
1974,2010-12-16,NSE:CANBK,125.47249629,129.16858533,124.25667753,128.83788068,4603646.67221526,2.745890559312419,-4.155826393475224
1975,2010-12-20,NSE:CANBK,128.39046132,129.52846379,125.66702729,126.42570209,3035212.8654537,-1.8722588242438096,2.745890559312419
1976,2010-12-21,NSE:CANBK,129.55764733,129.55764733,124.88890328,127.3983571,3291562.75049671,0.7693491069621133,-1.8722588242438096
1977,2010-12-22,NSE:CANBK,127.41780631,129.06159522,126.68831505,127.88468461,2203360.88126457,0.3817376621413239,0.7693491069621133
1978,2010-12-23,NSE:CANBK,128.00139932,128.74061518,127.02874431,127.72905202,1568536.61813761,-0.1216975984846167,0.3817376621413239
1979,2010-12-24,NSE:CANBK,126.8342133,127.84577646,126.09499744,127.02874431,1938950.58433925,-0.548275978663295,-0.1216975984846167
1980,2010-12-27,NSE:CANBK,127.80686831,128.76007411,125.72538465,126.59104955,1908806.2888814,-0.3445635571519564,-0.548275978663295
1981,2010-12-28,NSE:CANBK,126.8244887,127.86522567,125.36550618,125.74484358,740026.0036701,-0.6684563979902636,-0.3445635571519564
1982,2010-12-29,NSE:CANBK,126.2506203,127.56370456,125.91991565,127.1162852,1410731.4370385,1.0906543608108075,-0.6684563979902636
1983,2010-12-30,NSE:CANBK,126.0560893,127.41780631,124.49984128,125.9588238,2980044.28106529,-0.9105531979469681,1.0906543608108075
1984,2010-12-31,NSE:CANBK,126.50350866,129.51873919,126.2506203,128.43909407,2166698.34456515,1.969111964667302,-0.9105531979469681
1985,2011-01-03,NSE:CANBK,129.01296247,130.66647599,128.42936947,128.84760528,1372999.66202816,0.31805830845969646,1.969111964667302
1986,2011-01-04,NSE:CANBK,126.8342133,129.59655548,126.0658139,126.29925305,2441713.63493003,-1.9778033316662398,0.31805830845969646
1987,2011-01-05,NSE:CANBK,126.2506203,126.2506203,120.07426098,120.61894584,5617274.30982955,-4.497498657217918,-1.9778033316662398
1988,2011-01-06,NSE:CANBK,121.1441815,122.16546926,118.79036026,121.23172239,5844734.19820251,0.508026782801476,-4.497498657217918
1989,2011-01-07,NSE:CANBK,123.52718627,123.52718627,117.39945971,118.03168546,5740092.77965884,-2.6396036176946676,0.508026782801476
1990,2011-01-10,NSE:CANBK,117.88578721,118.99461587,112.82798116,114.51067822,3181467.18845359,-2.9831034152208598,-2.6396036176946676
1991,2011-01-11,NSE:CANBK,113.02251216,116.46571284,111.5148969,113.90762628,5043437.75497543,-0.5266338033920347,-2.9831034152208598
1992,2011-01-12,NSE:CANBK,114.91918943,115.93075259,110.68814014,114.65657647,4044609.81494353,0.6575066257275729,-0.5266338033920347
1993,2011-01-13,NSE:CANBK,114.68575028,116.31981459,110.33798628,111.29118235,3409343.46289955,-2.9351950176888137,0.6575066257275729
1994,2011-01-14,NSE:CANBK,111.27173314,111.27173314,105.45525229,106.39873349,4912882.72909837,-4.396079506652848,-2.9351950176888137
1995,2011-01-17,NSE:CANBK,106.7975201,106.7975201,101.84670415,102.7512772,5264507.91632688,-3.428101228613594,-4.396079506652848
1996,2011-01-18,NSE:CANBK,103.12088027,105.82486509,102.51783805,104.31724982,6472598.13117089,1.5240419999372976,-3.428101228613594
1997,2011-01-19,NSE:CANBK,105.43580308,113.77145263,104.56041358,112.92524666,11869681.31691421,8.251748253383928,1.5240419999372976
1998,2011-01-20,NSE:CANBK,112.53618466,116.5240702,109.68630159,116.0571919,8081657.85317859,2.7734676988838447,8.251748253383928
1999,2011-01-21,NSE:CANBK,114.77329118,120.11316913,114.77329118,118.09004282,7690650.76835414,1.7515940948765856,2.7734676988838447
2000,2011-01-24,NSE:CANBK,117.61343992,120.9593751,116.8158667,118.35266551,5411723.52569284,0.22239190005232368,1.7515940948765856
2001,2011-01-25,NSE:CANBK,117.69125621,120.22015924,115.84321169,116.86449945,5010856.82990519,-1.2573996991003615,0.22239190005232368
2002,2011-01-27,NSE:CANBK,117.31191881,118.35266551,113.63528871,114.51067822,2990505.33857837,-2.0141456482317515,-1.2573996991003615
2003,2011-01-28,NSE:CANBK,114.96782218,115.41524154,106.85587745,109.46259677,4842379.8279721,-4.408393634959992,-2.0141456482317515
2004,2011-01-31,NSE:CANBK,108.74283012,118.75145212,105.19263933,117.282745,11510083.10747302,7.144128186938133,-4.408393634959992
2005,2011-02-01,NSE:CANBK,117.69125621,119.20859608,114.12161621,115.50278244,6578930.79685057,-1.5176678888271256,7.144128186938133
2006,2011-02-02,NSE:CANBK,113.84926892,116.7186012,109.55986227,110.76595643,7538577.32146982,-4.101049264731463,-1.5176678888271256
2007,2011-02-03,NSE:CANBK,110.88267114,112.32220445,108.62611541,111.63161161,8341606.13638334,0.7815173613808432,-4.101049264731463
2008,2011-02-04,NSE:CANBK,112.05958176,113.85899353,108.54829912,109.21943302,5334548.16626092,-2.1608382744013994,0.7815173613808432
2009,2011-02-07,NSE:CANBK,110.58115003,111.9914998,108.01333886,110.53251728,3572263.50995714,1.2022441645156206,-2.1608382744013994
2010,2011-02-08,NSE:CANBK,110.91185468,111.17446764,106.64189724,107.04068385,3105191.42856212,-3.1591006121343628,1.2022441645156206
2011,2011-02-09,NSE:CANBK,107.24493946,107.53673596,101.19502919,103.37377835,4660763.53217982,-3.4257119518580117,-3.1591006121343628
2012,2011-02-10,NSE:CANBK,103.10143106,105.53306859,101.82725494,103.78228957,5166194.53797909,0.39517876440278943,-3.4257119518580117
2013,2011-02-11,NSE:CANBK,103.68502407,106.6029891,100.98103925,105.39689494,8108373.38924518,1.5557619481028688,0.39517876440278943
2014,2011-02-14,NSE:CANBK,105.63033409,110.00728163,105.63033409,109.40423942,4289280.32766726,3.802146621379395,1.5557619481028688
2015,2011-02-15,NSE:CANBK,109.81275063,113.97571796,108.31485997,113.10032845,6549079.51381446,3.378378250783155,3.802146621379395
2016,2011-02-16,NSE:CANBK,114.13134082,115.82376248,113.15868581,114.76356658,6529308.88620005,1.470586472023633,3.378378250783155
2017,2011-02-17,NSE:CANBK,114.75384197,118.26512461,113.0516957,116.21282449,6039973.0013214,1.262820556373824,1.470586472023633
2018,2011-02-18,NSE:CANBK,117.37027617,117.59399071,112.49727651,113.46020692,5353228.9932892,-2.3686005241502914,1.262820556373824
2019,2011-02-21,NSE:CANBK,113.80063617,117.64262346,112.44864376,116.77695856,4327371.94249377,2.9232730399818596,-2.3686005241502914
2020,2011-02-22,NSE:CANBK,116.3295392,116.7186012,113.89790167,114.37450457,3644365.12798099,-2.057301388583106,2.9232730399818596
2021,2011-02-23,NSE:CANBK,114.40367839,115.88211984,111.48571336,112.43891916,3773696.69848305,-1.6923224430802897,-2.057301388583106
2022,2011-02-24,NSE:CANBK,111.10638568,114.93863864,109.06381016,111.07720214,8358796.1984589,-1.2110726696530087,-1.6923224430802897
2023,2011-02-25,NSE:CANBK,111.66079515,115.62923148,111.427356,114.51067822,4321470.5695085,3.091071807581636,-1.2110726696530087
2024,2011-02-28,NSE:CANBK,115.74594619,121.19281425,115.19153672,119.47121877,6870082.33268649,4.3319458299510805,3.091071807581636
2025,2011-03-01,NSE:CANBK,120.55086388,122.55453126,119.63656623,120.70648674,4242161.87402356,1.033946068950787,4.3319458299510805
2026,2011-03-03,NSE:CANBK,120.70648674,122.86577697,119.46148444,120.34660828,5439539.14348316,-0.2981434301664146,1.033946068950787
2027,2011-03-04,NSE:CANBK,120.97883403,121.95148904,118.56664572,118.95570772,4222725.38338131,-1.1557455418800868,-0.2981434301664146
2028,2011-03-07,NSE:CANBK,117.68153161,118.44993101,114.96782218,116.55325374,2293603.56659243,-2.019620601690624,-1.1557455418800868
2029,2011-03-08,NSE:CANBK,117.88578721,121.77640725,117.26328606,121.5332435,4708164.71710766,4.2727162049967795,-2.019620601690624
2030,2011-03-09,NSE:CANBK,122.34055105,123.78007463,120.41469024,120.84266039,4141057.16681601,-0.5682256888009342,4.2727162049967795
2031,2011-03-10,NSE:CANBK,121.03719139,121.38734525,117.49672521,118.44993101,2584611.16650188,-1.980036993788337,-0.5682256888009342
2032,2011-03-11,NSE:CANBK,117.69125621,120.14234294,116.95204035,118.63472768,3239020.99676637,0.15601247584044262,-1.980036993788337
2033,2011-03-14,NSE:CANBK,117.73988896,121.51379429,117.02984691,120.8621096,2147462.3361062,1.8775125661417111,0.15601247584044262
2034,2011-03-15,NSE:CANBK,118.87789143,120.10344453,117.1076632,119.07242243,3005356.44184879,-1.4807677740551317,1.8775125661417111
2035,2011-03-16,NSE:CANBK,119.45175983,124.98616879,119.45175983,124.27612674,8035875.94742354,4.370201095941533,-1.4807677740551317
2036,2011-03-17,NSE:CANBK,123.65363531,124.49984128,121.38734525,122.5837148,5595812.43507912,-1.3618158083899097,4.370201095941533
2037,2011-03-18,NSE:CANBK,122.36000026,123.29374712,117.32164342,118.31375736,9210932.86714269,-3.4832991045887276,-1.3618158083899097
2038,2011-03-21,NSE:CANBK,118.67363582,118.67363582,117.35082696,118.19703292,2828921.83940943,-0.09865669268268999,-3.4832991045887276
2039,2011-03-22,NSE:CANBK,118.08031821,118.66391122,117.04930585,118.51801297,6411425.36242115,0.27156354273059774,-0.09865669268268999
2040,2011-03-23,NSE:CANBK,117.74961357,119.33504512,117.41890892,117.93441996,5086526.00267797,-0.4924087025891363,0.27156354273059774
2041,2011-03-24,NSE:CANBK,118.27484922,118.76117672,118.00250192,118.63472768,3715428.35110673,0.5938111369331551,-0.4924087025891363
2042,2011-03-25,NSE:CANBK,119.05297322,119.63656623,118.17758372,119.32532052,5707804.86701035,0.5821169344804179,0.5938111369331551
2043,2011-03-28,NSE:CANBK,119.48094337,121.17336504,118.66391122,120.31742474,10223522.10985887,0.8314280788658901,0.5821169344804179
2044,2011-03-29,NSE:CANBK,120.65785399,120.65785399,119.29613698,120.02562823,6039099.10462498,-0.24252223701643344,0.8314280788658901
2045,2011-03-30,NSE:CANBK,120.80375224,121.87367275,119.75328094,120.8718342,8608607.27998512,0.7050210713152456,-0.24252223701643344
2046,2011-03-31,NSE:CANBK,121.77640725,123.02140956,120.78430303,121.82504,11082773.32576532,0.7886086997098009,0.7050210713152456
2047,2011-04-01,NSE:CANBK,122.18491847,122.94359326,120.85238499,122.42808222,5125861.63515469,0.495006790065484,0.7886086997098009
2048,2011-04-04,NSE:CANBK,123.07976691,125.25851608,122.46699036,124.78191318,6225984.48343982,1.9226234025051858,0.495006790065484
2049,2011-04-05,NSE:CANBK,126.1533548,126.1533548,123.27429791,124.42202499,5285959.50993971,-0.2884137458934949,1.9226234025051858
2050,2011-04-06,NSE:CANBK,125.46277169,125.46277169,123.25483898,124.52902482,5880039.62473807,0.08599749924388896,-0.2884137458934949
2051,2011-04-07,NSE:CANBK,123.33265527,125.20988333,123.33265527,124.50956588,3200811.14885739,-0.01562602776993859,0.08599749924388896
2052,2011-04-08,NSE:CANBK,124.69437228,125.16125058,121.58187625,123.06030797,3312202.13423874,-1.1639731451612063,-0.01562602776993859
2053,2011-04-11,NSE:CANBK,123.17703241,125.07370968,121.84448921,124.84999514,5769013.6197417,1.4543171551596497,-1.1639731451612063
2054,2011-04-13,NSE:CANBK,124.11077928,125.08343429,123.91624827,124.78191318,4627318.99155077,-0.054531007328960844,1.4543171551596497
2055,2011-04-15,NSE:CANBK,125.03480154,127.3010916,124.32475949,126.80502976,7287424.55148614,1.621321975630886,-0.054531007328960844
2056,2011-04-18,NSE:CANBK,127.41780631,129.84944383,126.9120296,128.19593032,10723257.36542497,1.0968812220087174,1.621321975630886
2057,2011-04-19,NSE:CANBK,128.00139932,128.43909407,126.04636469,127.93331736,3455531.47359,-0.20485280565808095,1.0968812220087174
2058,2011-04-20,NSE:CANBK,128.72116597,129.41174908,128.01112392,128.58499232,2901187.95563496,0.5093864315002502,-0.20485280565808095
2059,2011-04-21,NSE:CANBK,128.95460512,129.19776887,127.61233731,128.07921561,2784399.37301099,-0.39334038978771557,0.5093864315002502
2060,2011-04-25,NSE:CANBK,128.20565492,129.14913612,127.92358302,128.65307428,2281281.62317285,0.4480498004823726,-0.39334038978771557
2061,2011-04-26,NSE:CANBK,128.76979872,128.92542158,126.4451513,126.9217542,1624579.09922245,-1.345727717498585,0.4480498004823726
2062,2011-04-27,NSE:CANBK,127.41780631,128.21537953,126.90229526,127.70960281,1581567.96005194,0.6207356768474381,-1.345727717498585
2063,2011-04-28,NSE:CANBK,128.00139932,128.00139932,123.72171727,124.53874943,4042353.10523924,-2.4828621421033223,0.6207356768474381
2064,2011-04-29,NSE:CANBK,125.27796529,126.01718115,121.49433535,122.91440972,4078280.5405999,-1.30428458406273,-2.4828621421033223
2065,2011-05-02,NSE:CANBK,124.26640213,124.26640213,114.89000589,116.56297834,6536361.74659708,-5.167361088474984,-1.30428458406273
2066,2011-05-03,NSE:CANBK,117.39945971,118.27484922,108.55802372,110.87294654,13401586.24176521,-4.881508589633726,-5.167361088474984
2067,2011-05-04,NSE:CANBK,110.88267114,113.58665596,108.06197161,111.58297886,8766633.50554273,0.6404017771313001,-4.881508589633726
2068,2011-05-05,NSE:CANBK,111.86505075,113.41157417,107.80908325,108.67474816,10873444.22355877,-2.606339004131516,0.6404017771313001
2069,2011-05-06,NSE:CANBK,108.35376811,113.93680982,106.75861195,112.78907301,8497915.41196092,3.7859069559954737,-2.606339004131516
2070,2011-05-09,NSE:CANBK,114.13134082,114.18969817,111.46626415,113.16841041,4128935.70557972,0.3363246012017307,3.7859069559954737
2071,2011-05-10,NSE:CANBK,113.58665596,113.58665596,111.36899865,111.9039589,2979478.81849701,-1.1173184331378296,0.3363246012017307
2072,2011-05-11,NSE:CANBK,113.60610517,114.13134082,111.56352965,113.52828888,3116495.53935881,1.4515393342352956,-1.1173184331378296
2073,2011-05-12,NSE:CANBK,112.0984899,115.16235318,112.0887653,112.88633852,5519459.5666556,-0.5654540963605597,1.4515393342352956
2074,2011-05-13,NSE:CANBK,113.04196137,115.01645493,110.12399634,110.67841553,4706118.77072427,-1.9558814812731515,-0.5654540963605597
2075,2011-05-16,NSE:CANBK,110.86322193,110.86322193,107.50756215,107.89662415,2851201.06459946,-2.513400075957883,-1.9558814812731515
2076,2011-05-17,NSE:CANBK,103.29596206,108.74283012,90.45691593,105.57197673,4100169.08256094,-2.1545135803027726,-2.513400075957883
2077,2011-05-18,NSE:CANBK,105.04674108,106.01939609,100.76705904,101.81753034,7923652.18989619,-3.556290699758311,-2.1545135803027726
2078,2011-05-19,NSE:CANBK,102.14822526,102.69291985,100.18346603,100.97131464,6232924.25132319,-0.8311100231701042,-3.556290699758311
2079,2011-05-20,NSE:CANBK,101.20475379,103.35431942,100.68924274,101.74943865,14476988.09467912,0.770638683644259,-0.8311100231701042
2080,2011-05-23,NSE:CANBK,102.13850065,102.13850065,97.265501,97.81018586,7534778.44112477,-3.871522872524465,0.770638683644259
2081,2011-05-24,NSE:CANBK,98.04362501,101.13667183,96.14694774,100.82541639,7462892.72699063,3.0827367349202546,-3.871522872524465
2082,2011-05-25,NSE:CANBK,100.37799703,103.97682057,100.19319063,103.11115566,6313142.82748618,2.267026858742233,3.0827367349202546
2083,2011-05-26,NSE:CANBK,103.36404402,105.38717033,103.15006381,104.05463686,11227562.5866565,0.9150136994982915,2.267026858742233
2084,2011-05-27,NSE:CANBK,105.01755754,105.24127208,103.72393221,104.28806628,2220900.5020187,0.22433351078247482,0.9150136994982915
2085,2011-05-30,NSE:CANBK,105.02729187,106.77807089,102.61510356,104.32697443,2074183.52782658,0.03730834350264807,0.22433351078247482
2086,2011-05-31,NSE:CANBK,105.02729187,106.6029891,104.76466918,105.85404863,3199227.85366622,1.4637386048462508,0.03730834350264807
2087,2011-06-01,NSE:CANBK,106.6029891,107.77017511,106.0388453,106.43764163,1548205.66852372,0.551318544309898,1.4637386048462508
2088,2011-06-02,NSE:CANBK,105.61088488,105.61088488,102.7512772,103.65584053,3037778.00928615,-2.613550110091814,0.551318544309898
2089,2011-06-03,NSE:CANBK,103.29596206,104.78412812,102.32330705,102.70264445,1988577.63555857,-0.9195777827146544,-2.613550110091814
2090,2011-06-06,NSE:CANBK,101.75916326,103.65584053,100.45581332,102.91662466,2251229.85795344,0.20834927001726544,-0.9195777827146544
2091,2011-06-07,NSE:CANBK,102.70264445,104.26861707,102.3622152,103.97682057,1315050.0299176,1.0301502925329271,0.20834927001726544
2092,2011-06-08,NSE:CANBK,102.5567462,105.43580308,102.5567462,103.56830936,1987184.5414131,-0.392886806656085,1.0301502925329271
2093,2011-06-09,NSE:CANBK,103.49049306,104.03517792,102.2649497,102.79018535,2170240.19647007,-0.7513147745757497,-0.392886806656085
2094,2011-06-10,NSE:CANBK,106.01939609,106.01939609,101.6035404,101.9926024,1614760.61280967,-0.7759329816209988,-0.7513147745757497
2095,2011-06-13,NSE:CANBK,101.54518304,101.91479584,100.13483328,100.835141,2332193.81659279,-1.1348483838667132,-0.7759329816209988
2096,2011-06-14,NSE:CANBK,101.37010125,103.27651285,100.68924274,101.06858014,3345343.38130845,0.23150574064254203,-1.1348483838667132
2097,2011-06-15,NSE:CANBK,101.3117439,101.53545844,99.48315248,99.88194492,2541363.56116646,-1.174089136659756,0.23150574064254203
2098,2011-06-16,NSE:CANBK,99.20108642,101.23393733,98.66612616,99.28862148,4364188.69625727,-0.5940247163541035,-1.174089136659756
2099,2011-06-17,NSE:CANBK,98.82174902,100.27100693,98.33542151,99.29835192,2969639.76980903,0.009800156206175633,-0.5940247163541035
2100,2011-06-20,NSE:CANBK,100.17374143,100.17374143,97.84909401,98.60776297,2532100.25618436,-0.6954686927295437,0.009800156206175633
2101,2011-06-21,NSE:CANBK,99.01628002,100.7378755,98.49104437,98.75366122,1775094.95375961,0.14795817855069823,-0.6954686927295437
2102,2011-06-22,NSE:CANBK,99.29835192,100.74760983,99.29835192,100.14455788,1934966.64351731,1.4084507276154594,0.14795817855069823
2103,2011-06-23,NSE:CANBK,100.37799703,100.57252803,99.03573506,99.19135597,2229017.46015784,-0.9518259705556654,1.4084507276154594
2104,2011-06-24,NSE:CANBK,99.21081102,101.10748829,98.96764727,99.99865963,5445132.08234027,0.8138850932173645,-0.9518259705556654
2105,2011-06-27,NSE:CANBK,99.79440403,102.30385784,99.22053562,101.81753034,3138466.33042069,1.8188950899241156,0.8138850932173645
2106,2011-06-28,NSE:CANBK,103.07224752,103.27651285,102.15795959,102.44975609,3252026.63583669,0.6209399775154566,1.8188950899241156
2107,2011-06-29,NSE:CANBK,102.91662466,103.53912581,101.2144784,101.62299934,1685633.63488972,-0.8069875239856094,0.6209399775154566
2108,2011-06-30,NSE:CANBK,102.0898679,102.88745085,101.73971405,102.12877605,3946846.47745761,0.49769905758027794,-0.8069875239856094
2109,2011-07-01,NSE:CANBK,102.7415526,103.19869656,102.12877605,102.67346091,2396142.49249588,0.5333314282874967,0.49769905758027794
2110,2011-07-04,NSE:CANBK,103.39322756,105.63033409,102.41084795,105.03701648,4601060.9661076,2.302012174374655,0.5333314282874967
2111,2011-07-05,NSE:CANBK,105.96103873,106.01939609,104.07408607,105.03701648,2976163.1516194,0.0,2.302012174374655
2112,2011-07-06,NSE:CANBK,103.17924735,103.44186031,102.12877605,102.5567462,3008158.05184615,-2.361329713199027,0.0
2113,2011-07-07,NSE:CANBK,102.5567462,103.37377835,101.7980714,103.06252291,5248171.18867254,0.49316766447880156,-2.361329713199027
2114,2011-07-08,NSE:CANBK,103.33487021,104.58959712,102.3622152,102.87771652,2316463.67605715,-0.17931483218334834,0.49316766447880156
2115,2011-07-11,NSE:CANBK,104.03517792,104.03517792,99.61932223,99.87222032,2557047.43658289,-2.9214258458154294,-0.17931483218334834
2116,2011-07-12,NSE:CANBK,99.79440403,100.94214083,97.95608411,99.20108642,5167705.86520703,-0.6719925699555139,-2.9214258458154294
2117,2011-07-13,NSE:CANBK,100.96159004,100.96159004,98.42296241,99.27889882,3782960.00346515,0.07843906030479854,-0.6719925699555139
2118,2011-07-14,NSE:CANBK,100.08620053,102.98471635,98.82174902,101.44791754,4184818.82903168,2.184773144928413,0.07843906030479854
2119,2011-07-15,NSE:CANBK,101.64244855,102.38166441,100.44607899,101.1269375,1539132.56458731,-0.3163988456179493,2.184773144928413
2120,2011-07-18,NSE:CANBK,101.35065204,102.19685801,100.49471174,101.66189775,1005541.52288796,0.528998764547772,-0.3163988456179493
2121,2011-07-19,NSE:CANBK,101.81753034,103.65584053,101.17557025,103.44186031,2518045.94107833,1.7508649743851565,0.528998764547772
2122,2011-07-20,NSE:CANBK,103.64611592,104.03517792,101.95369426,102.31358245,1527000.82221342,-1.0907362421931652,1.7508649743851565
2123,2011-07-21,NSE:CANBK,102.02178594,102.49838884,99.51233213,100.10564974,1745480.13688841,-2.158005474081603,-1.0907362421931652
2124,2011-07-22,NSE:CANBK,101.82725494,101.8953369,100.57252803,101.52573383,1908837.13229421,1.418585358257312,-2.158005474081603
2125,2011-07-25,NSE:CANBK,101.35065204,102.51783805,101.16584564,102.07041869,1686564.07784298,0.5364993085517143,1.418585358257312
2126,2011-07-26,NSE:CANBK,102.07041869,102.69291985,99.21081102,99.89166953,2637379.10525953,-2.134554935663697,0.5364993085517143
2127,2011-07-27,NSE:CANBK,99.61932223,100.96159004,94.21136232,96.50683204,11498141.56614481,-3.388508276942396,-2.134554935663697
2128,2011-07-28,NSE:CANBK,95.70925298,96.11777003,92.40222595,92.8399207,7756352.37821887,-3.7996391162028376,-3.388508276942396
2129,2011-07-29,NSE:CANBK,92.99554356,93.34570326,88.70613691,89.28000531,6327937.38449977,-3.8344662114731713,-3.7996391162028376
2130,2011-08-01,NSE:CANBK,90.65144693,91.52683644,87.36387494,88.10308886,3410577.19941215,-1.3182307123677828,-3.8344662114731713
2131,2011-08-02,NSE:CANBK,88.10308886,88.31707491,83.74559636,84.27083201,4359711.26083029,-4.349741762277634,-1.3182307123677828
2132,2011-08-03,NSE:CANBK,84.27083201,84.27083201,81.13888288,82.9869274,4916414.29986568,-1.5235456674352674,-4.349741762277634
2133,2011-08-04,NSE:CANBK,83.65805546,85.63254903,82.99665006,84.19301572,7094884.54698856,1.453347361791836,-1.5235456674352674
2134,2011-08-05,NSE:CANBK,82.48114485,84.81551687,78.04583995,84.30001166,7369797.02597738,0.12708410440579268,1.453347361791836
2135,2011-08-08,NSE:CANBK,82.29633845,86.37176489,79.41728157,83.99848472,8810050.74964863,-0.3576831533738394,0.12708410440579268
2136,2011-08-09,NSE:CANBK,80.94435188,86.66356139,80.54555943,84.31946476,5882152.39851589,0.38212598842700785,-0.3576831533738394
2137,2011-08-10,NSE:CANBK,84.62098587,89.36754037,84.62098587,88.2878972,4570603.0959528,4.706425083811219,0.38212598842700785
2138,2011-08-11,NSE:CANBK,87.1498889,90.53472639,86.63438369,89.35781771,4788676.3056924,1.2118541090363661,4.706425083811219
2139,2011-08-12,NSE:CANBK,90.08730897,91.23503994,87.0526234,87.5097732,5660999.9880636,-2.0681397077059485,1.2118541090363661
2140,2011-08-16,NSE:CANBK,89.26055221,89.26055221,86.673286,87.0526234,5987606.02693035,-0.5223985656495751,-2.0681397077059485
2141,2011-08-17,NSE:CANBK,83.64833086,88.31707491,83.45379986,84.13465837,4959692.74861392,-3.351955307070051,-0.5223985656495751
2142,2011-08-18,NSE:CANBK,84.32918937,87.29578715,81.41122434,82.5589553,3968616.7863362,-1.8728346920605714,-3.351955307070051
2143,2011-08-19,NSE:CANBK,81.32368344,84.91278237,80.37048153,83.0161051,4190828.1539618,0.5537252722479769,-1.8728346920605714
2144,2011-08-22,NSE:CANBK,82.87020685,83.64833086,80.20513018,81.38204663,2599534.23773554,-1.9683632085986642,0.5537252722479769
2145,2011-08-23,NSE:CANBK,81.56684719,84.03739286,79.99114997,83.23981381,4035068.9192461,2.2827727452545585,-1.9683632085986642
2146,2011-08-24,NSE:CANBK,83.21063611,84.79606183,81.68356579,82.4422367,2961743.85612839,-0.958167820774473,2.2827727452545585
2147,2011-08-25,NSE:CANBK,82.6951309,83.04528281,79.97169687,80.91517223,7876240.72383075,-1.8522841338679974,-0.958167820774473
2148,2011-08-26,NSE:CANBK,80.72064123,81.10970323,78.18200776,78.66833526,3682071.20014732,-2.7767808039923514,-1.8522841338679974
2149,2011-08-29,NSE:CANBK,79.46591432,82.66595125,79.35892421,82.18934835,1872200.29843881,4.475769162221364,-2.7767808039923514
2150,2011-08-30,NSE:CANBK,82.77294135,84.13465837,81.33341388,83.03556015,3565061.57306484,1.0295881607388262,4.475769162221364
2151,2011-09-02,NSE:CANBK,84.60153082,84.75715952,81.31395884,81.9753623,4143956.44762062,-1.2767997808225715,1.0295881607388262
2152,2011-09-05,NSE:CANBK,79.95224182,83.25926886,79.36864882,82.9188396,4573764.54576634,1.1509278806810443,-1.2767997808225715
2153,2011-09-06,NSE:CANBK,82.67567585,83.35653436,81.70302084,82.68540045,3291537.04765269,-0.28152727549746764,1.1509278806810443
2154,2011-09-07,NSE:CANBK,84.38754672,86.21614203,82.909115,85.36020173,3954778.37511987,3.2349136189011425,-0.28152727549746764
2155,2011-09-08,NSE:CANBK,85.59364088,86.02161103,84.05684791,85.55473273,2827446.49616312,0.22789425992140025,3.2349136189011425
2156,2011-09-09,NSE:CANBK,85.39910988,87.8210228,84.37782212,85.10731338,3282433.10030347,-0.5229627113815005,0.22789425992140025
2157,2011-09-12,NSE:CANBK,82.48114485,84.36809751,82.48114485,83.34680975,2051986.55173739,-2.068569151207283,-0.5229627113815005
2158,2011-09-13,NSE:CANBK,84.40699982,85.18512383,82.96747235,83.90121922,1923122.77299636,0.6651837924726278,-2.068569151207283
2159,2011-09-14,NSE:CANBK,84.23192387,84.56262851,82.40333439,82.66595125,2570690.50618472,-1.4722884619363643,0.6651837924726278
2160,2011-09-15,NSE:CANBK,82.87993146,85.59364088,82.87993146,85.06840523,2542165.48989965,2.9062194817482245,-1.4722884619363643
2161,2011-09-16,NSE:CANBK,85.28238933,86.27449939,83.84286186,84.34864441,3339272.36955269,-0.8460965243840749,2.9062194817482245
2162,2011-09-19,NSE:CANBK,82.48114485,84.17356651,82.48114485,83.28844656,3249106.79275687,-1.256923400981553,-0.8460965243840749
2163,2011-09-20,NSE:CANBK,83.62887581,84.97113973,83.06473785,84.56262851,1847412.47567316,1.5298423762557436,-1.256923400981553
2164,2011-09-21,NSE:CANBK,84.76688412,85.53528352,84.06657057,85.22403392,4009504.87059127,0.7821485940704711,1.5298423762557436
2165,2011-09-22,NSE:CANBK,84.13465837,84.41673026,82.09208284,82.66595125,1848373.76203923,-3.001597732866375,0.7821485940704711
2166,2011-09-23,NSE:CANBK,79.48536936,85.53528352,79.48536936,84.42645487,2696269.46146096,2.1296599063813404,-3.001597732866375
2167,2011-09-26,NSE:CANBK,85.21430348,85.21430348,82.35470164,82.70485355,2569266.56862642,-2.039172819290979,2.1296599063813404
2168,2011-09-27,NSE:CANBK,84.60153082,86.37176489,83.60942271,86.03133563,3912060.24837111,4.022112291135308,-2.039172819290979
2169,2011-09-28,NSE:CANBK,86.56629589,88.68668187,86.46903039,87.90855786,6359371.96272705,2.1820214881627322,4.022112291135308
2170,2011-09-29,NSE:CANBK,87.5292263,88.42406501,85.80762693,87.4708631,2084906.75434859,-0.4978977822580781,2.1820214881627322
2171,2011-09-30,NSE:CANBK,86.44957534,88.68668187,85.59364088,86.38148949,2016742.81202746,-1.2454131254593686,-0.4978977822580781
2172,2011-10-03,NSE:CANBK,85.57418583,85.57418583,83.92067232,84.40699982,2411379.13842648,-2.285778679735071,-1.2454131254593686
2173,2011-10-04,NSE:CANBK,83.07446246,85.78817188,81.13888288,82.5297776,3572649.05261733,-2.2240124918587503,-2.285778679735071
2174,2011-10-05,NSE:CANBK,83.64833086,87.22769935,80.99298463,82.11153789,2445677.01347675,-0.5067743088162748,-2.2240124918587503
2175,2011-10-07,NSE:CANBK,84.58207772,85.20457888,81.91700689,82.3352466,2436552.50385232,0.2724449154754603,-0.5067743088162748
2176,2011-10-10,NSE:CANBK,82.50059989,84.42645487,82.01427239,84.14438297,1794377.22733778,2.197280562951505,0.2724449154754603
2177,2011-10-11,NSE:CANBK,84.43617947,85.39910988,83.0841929,84.33891397,2532768.53012868,0.23118714896198592,2.197280562951505
2178,2011-10-12,NSE:CANBK,84.52372037,88.23926445,84.13465837,87.5486755,3334178.06586942,3.8057894972915416,0.23118714896198592
2179,2011-10-13,NSE:CANBK,88.70613691,90.21375218,86.867817,87.76265961,4034626.83032908,0.2444173013217069,3.8057894972915416
2180,2011-10-14,NSE:CANBK,87.76265961,89.41617312,86.59547359,89.20218902,1416889.8384639,1.6402527184077962,0.2444173013217069
2181,2011-10-17,NSE:CANBK,89.87332292,90.19429713,87.96692105,88.90066791,1910230.22643969,-0.3380198550199325,1.6402527184077962
2182,2011-10-18,NSE:CANBK,88.12254391,88.63804912,86.51766314,88.18090126,1279132.87569454,-0.8096301939245992,-0.3380198550199325
2183,2011-10-19,NSE:CANBK,88.18090126,89.54261828,87.8307474,88.42406501,2019153.73879583,0.2757555735147721,-0.8096301939245992
2184,2011-10-20,NSE:CANBK,89.48426092,89.48426092,87.67512455,89.04656617,2218140.01657175,0.7039951849415645,0.2757555735147721
2185,2011-10-21,NSE:CANBK,88.70613691,90.63199189,87.12071119,87.75293695,3228092.14749225,-1.4527558732925363,0.7039951849415645
2186,2011-10-24,NSE:CANBK,88.10308886,90.21375218,85.32129942,85.68118178,2534218.17053099,-2.3608955346764637,-1.4527558732925363
2187,2011-10-25,NSE:CANBK,85.78817188,88.0933662,84.62098587,85.83680463,4891780.69416411,0.18163013950903084,-2.3608955346764637
2188,2011-10-26,NSE:CANBK,86.76082689,87.30551175,86.07996839,86.50793853,209853.4402244,0.7818719521223175,0.18163013950903084
2189,2011-10-28,NSE:CANBK,87.55840595,91.9937089,87.55840595,90.06785393,3991528.30148893,4.115131467114379,0.7818719521223175
2190,2011-10-31,NSE:CANBK,89.83441478,92.1687868,87.5389509,90.82652289,11505477.15782598,0.8423304507617555,4.115131467114379
2191,2011-11-01,NSE:CANBK,90.06785393,94.29890322,88.91039252,92.69402245,7139895.36742324,2.056116980567149,0.8423304507617555
2192,2011-11-02,NSE:CANBK,92.40222595,94.78523072,91.44902599,93.71531021,4109314.15446058,1.1017838399999142,2.056116980567149
2193,2011-11-03,NSE:CANBK,93.37488096,95.32019098,92.46058331,94.86304118,5668253.33064393,1.2246995367439202,1.1017838399999142
2194,2011-11-04,NSE:CANBK,95.70925298,96.65273029,95.08675183,95.63144253,3181169.03546305,0.8100112967514762,1.2246995367439202
2195,2011-11-08,NSE:CANBK,95.80651849,96.22475819,93.39433601,93.78339801,3650688.02760806,-1.9324653807457337,0.8100112967514762
2196,2011-11-09,NSE:CANBK,94.25999507,96.07885994,92.59675695,92.8301961,4657699.75317353,-1.0163866209010315,-1.9324653807457337
2197,2011-11-11,NSE:CANBK,92.58703235,94.65878752,90.26238493,91.30312773,4823375.14510926,-1.6450125434992968,-1.0163866209010315
2198,2011-11-14,NSE:CANBK,92.8301961,92.8301961,88.74504506,89.29945452,2660753.27160449,-2.194528555391037,-1.6450125434992968
2199,2011-11-15,NSE:CANBK,89.09519892,89.87332292,85.42828758,86.71219414,2148768.04058204,-2.8972857604864166,-2.194528555391037
2200,2011-11-16,NSE:CANBK,87.0526234,89.44535277,85.88543738,88.66722877,3484709.34211299,2.2546247957277212,-2.8972857604864166
2201,2011-11-17,NSE:CANBK,88.39488536,88.87149021,83.71641866,85.00032327,2966031.09050968,-4.135581489201423,2.2546247957277212
2202,2011-11-18,NSE:CANBK,85.01977248,85.97297828,81.64466348,85.02950292,2880348.08970963,0.03432886944125527,-4.135581489201423
2203,2011-11-21,NSE:CANBK,84.27083201,84.27083201,81.73219854,82.10180745,1558692.42888082,-3.443152517020504,0.03432886944125527
2204,2011-11-22,NSE:CANBK,83.62887581,85.93407013,82.28661385,84.96141512,2132179.42505637,3.48300209071707,-3.443152517020504
2205,2011-11-23,NSE:CANBK,88.97847837,88.97847837,81.02216233,81.52794488,2464198.48287215,-4.041211219411232,3.48300209071707
2206,2011-11-24,NSE:CANBK,84.81551687,86.76082689,80.26349337,85.37965483,4370527.01759075,4.724404565415313,-4.041211219411232
2207,2011-11-25,NSE:CANBK,84.81551687,86.46903039,83.50243261,85.14622152,3710842.9637349,-0.2734062470325045,4.724404565415313
2208,2011-11-28,NSE:CANBK,86.27449939,88.90066791,84.92250698,88.50188131,4305462.83825752,3.941055433929964,-0.2734062470325045
2209,2011-11-29,NSE:CANBK,88.33652995,89.38699542,84.45563257,84.83497192,2686425.27220417,-4.143312363220542,3.941055433929964
2210,2011-11-30,NSE:CANBK,85.39910988,85.39910988,82.67567585,83.86231691,2757719.82092602,-1.1465259998167003,-4.143312363220542
2211,2011-12-01,NSE:CANBK,86.17723389,87.87938015,84.34864441,85.41856492,2389881.27969443,1.8557178806187007,-1.1465259998167003
2212,2011-12-02,NSE:CANBK,85.21430348,86.56629589,84.15411341,86.29395443,7378839.28650098,1.024823480492635,1.8557178806187007
2213,2011-12-05,NSE:CANBK,86.32313214,88.12254391,85.04895602,87.3735976,3419547.49197251,1.2511226042790553,1.024823480492635
2214,2011-12-07,NSE:CANBK,87.5389509,89.05629077,86.70246954,87.96692105,4255655.86713011,0.6790649192634364,1.2511226042790553
2215,2011-12-08,NSE:CANBK,88.12254391,88.51160591,85.06840523,85.57418583,4481717.52078879,-2.720039750669427,0.6790649192634364
2216,2011-12-09,NSE:CANBK,84.61126127,85.15594613,83.25926886,84.23192387,2814230.09377189,-1.5685360567338764,-2.720039750669427
2217,2011-12-12,NSE:CANBK,85.40883448,85.59364088,81.59603073,81.74192899,2788090.30141119,-2.956117782425284,-1.5685360567338764
2218,2011-12-13,NSE:CANBK,81.90727645,81.90727645,79.63126761,80.36075887,3314340.61086058,-1.6896715517552496,-2.956117782425284
2219,2011-12-14,NSE:CANBK,80.14677282,82.48114485,78.2014628,79.96196643,5615259.20685897,-0.4962527054344056,-1.6896715517552496
2220,2011-12-15,NSE:CANBK,77.8221254,80.63310033,77.8221254,79.50482246,4742894.39993734,-0.5717017607367065,-0.4962527054344056
2221,2011-12-16,NSE:CANBK,79.66044532,81.09025013,78.2014628,79.27138332,6103392.19863783,-0.29361632763528034,-0.5717017607367065
2222,2011-12-19,NSE:CANBK,77.9096663,80.08841547,74.21357726,75.62392703,4295783.14720242,-4.601226996728526,-0.29361632763528034
2223,2011-12-20,NSE:CANBK,74.52482881,75.65310473,70.05061577,70.36186537,4551269.4166866,-6.9581967859359395,-4.601226996728526
2224,2011-12-21,NSE:CANBK,71.39287773,74.48591872,71.04272388,72.6184211,8041561.4165191,3.2070720668558677,-6.9581967859359395
2225,2011-12-22,NSE:CANBK,72.56006375,72.75459475,69.11686307,71.07190353,15690182.89434401,-2.1296491256266186,3.2070720668558677
2226,2011-12-23,NSE:CANBK,71.61658644,73.33818775,70.22569172,70.44940043,4930268.13278842,-0.875877905447178,-2.1296491256266186
2227,2011-12-26,NSE:CANBK,70.12842622,71.71385194,70.12842622,71.35396959,1130693.81095359,1.2839983796580456,-0.875877905447178
2228,2011-12-27,NSE:CANBK,71.03299343,71.47068819,67.91077474,69.25303671,2620600.28868818,-2.9443812195340566,1.2839983796580456
2229,2011-12-28,NSE:CANBK,69.05850571,69.91444017,67.9983098,68.82506656,2419552.64282245,-0.6179803375152345,-2.9443812195340566
2230,2011-12-29,NSE:CANBK,68.0858507,70.69256418,66.39342904,69.58374136,5531637.57414872,1.1023233800124472,-0.6179803375152345
2231,2011-12-30,NSE:CANBK,69.84635432,72.3460777,69.84635432,70.90655023,5068235.85887868,1.9010315400493847,1.1023233800124472
2232,2012-01-02,NSE:CANBK,71.19834673,71.55823103,70.24514677,71.23725488,985411.05545737,0.46639506354108706,1.9010315400493847
2233,2012-01-03,NSE:CANBK,71.69439884,76.06162178,71.69439884,74.75826212,3694501.09551176,4.942648682815167,0.46639506354108706
2234,2012-01-04,NSE:CANBK,75.09869138,76.23669774,73.82451526,75.34185513,2476319.94410845,0.7806401506006563,4.942648682815167
2235,2012-01-05,NSE:CANBK,75.11814448,78.0069318,73.77588251,74.23303231,2743860.84743449,-1.4717222161397028,0.7806401506006563
2236,2012-01-06,NSE:CANBK,74.88471117,74.88471117,71.59713334,73.6494393,2572417.73730236,-0.7861635067834686,-1.4717222161397028
2237,2012-01-09,NSE:CANBK,73.61052921,77.5206043,72.56978835,76.93701129,4357259.2095115,4.463811294758905,-0.7861635067834686
2238,2012-01-10,NSE:CANBK,77.4233388,80.73036583,77.2579855,80.26349337,3847525.54762454,4.323643489947171,4.463811294758905
2239,2012-01-11,NSE:CANBK,80.85680904,81.50848984,78.77533121,79.39782652,3101212.62830898,-1.0785312396128153,4.323643489947171
2240,2012-01-12,NSE:CANBK,80.07868503,81.11942783,78.14310545,80.32184878,3716024.65708782,1.1637878522622322,-1.0785312396128153
2241,2012-01-13,NSE:CANBK,80.34130383,81.41122434,79.17411781,79.38810386,3867141.95817487,-1.1625042677460085,1.1637878522622322
2242,2012-01-16,NSE:CANBK,78.76560076,80.72064123,78.14310545,80.13704822,2652924.18531829,0.9433962062134026,-1.1625042677460085
2243,2012-01-17,NSE:CANBK,80.16622787,82.54923264,80.16622787,81.94618459,2737142.12400962,2.2575530421751844,0.9433962062134026
2244,2012-01-18,NSE:CANBK,81.94618459,82.48114485,78.78505581,79.16439321,3540669.57409699,-3.394656375910718,2.2575530421751844
2245,2012-01-19,NSE:CANBK,80.92489683,82.2671588,79.78688852,81.94618459,3008733.79555203,3.513942654269732,-3.394656375910718
2246,2012-01-20,NSE:CANBK,82.2379811,85.18512383,81.93645999,83.68723901,4787966.90719765,2.124631462356651,3.513942654269732
2247,2012-01-23,NSE:CANBK,84.23192387,85.22403392,83.0841929,84.00821516,1667122.44663193,0.3835425254759005,2.124631462356651
2248,2012-01-24,NSE:CANBK,85.98270288,93.07335985,84.23192387,92.23687265,11140075.24620677,9.79506286894429,0.3835425254759005
2249,2012-01-25,NSE:CANBK,92.98581896,94.32808092,91.5851938,93.20952766,8455217.84748736,1.0545186345278925,9.79506286894429
2250,2012-01-27,NSE:CANBK,91.81863294,94.17246001,89.16328671,90.46664053,12889636.99472437,-2.9427111142599256,1.0545186345278925
2251,2012-01-30,NSE:CANBK,89.11465396,90.40828318,88.17117666,88.95902527,1966576.00108388,-1.6664875043083556,-2.9427111142599256
2252,2012-01-31,NSE:CANBK,88.18090126,92.20769495,88.18090126,91.44902599,2516416.38076794,2.7990422696770603,-1.6664875043083556
2253,2012-02-01,NSE:CANBK,92.59675695,92.59675695,88.99793342,91.43929554,2969161.6969104,-0.01064029922096295,2.7990422696770603
2254,2012-02-02,NSE:CANBK,96.95424945,96.95424945,90.17484403,93.98765167,7811592.93057052,2.786937623426054,-0.01064029922096295
2255,2012-02-03,NSE:CANBK,93.01499666,96.29284599,91.62410194,94.14328036,3447507.0456893,0.16558418817232307,2.786937623426054
2256,2012-02-06,NSE:CANBK,95.70925298,100.51417068,94.99921677,99.42479707,4158350.04026762,5.6100835766543184,0.16558418817232307
2257,2012-02-07,NSE:CANBK,100.18346603,101.93424505,97.84909401,99.24971917,2618163.65907579,-0.17609077932211153,5.6100835766543184
2258,2012-02-08,NSE:CANBK,100.18346603,102.32330705,98.76339166,101.82725494,4284345.38161686,2.5970207186028023,-0.17609077932211153
2259,2012-02-09,NSE:CANBK,101.73971405,103.08198185,98.85092672,102.31358245,2585258.878171,0.4776005307091462,2.5970207186028023
2260,2012-02-10,NSE:CANBK,101.93424505,104.30752522,100.08620053,102.3719398,4429309.42184732,0.05703773497377769,0.4776005307091462
2261,2012-02-13,NSE:CANBK,104.35615797,104.35615797,100.11538407,102.8485427,1810405.52086397,0.4655600948180811,0.05703773497377769
2262,2012-02-14,NSE:CANBK,103.10143106,104.94947558,102.35249059,104.39506611,1883447.86297867,1.5036901538907328,0.4655600948180811
2263,2012-02-15,NSE:CANBK,104.85221008,107.57564411,104.85221008,107.04068385,2092052.14498407,2.534236375895707,1.5036901538907328
2264,2012-02-16,NSE:CANBK,106.1263862,107.23521485,103.91846321,106.86560206,2603086.37077806,-0.1635656497162719,2.534236375895707
2265,2012-02-17,NSE:CANBK,107.3811131,110.10454713,107.3811131,109.06381016,2375564.79557947,2.0569837792761527,-0.1635656497162719
2266,2012-02-21,NSE:CANBK,109.52095413,109.52095413,106.21392709,107.77989971,4480077.6793408,-1.1772103396318825,2.0569837792761527
2267,2012-02-22,NSE:CANBK,107.3811131,109.71548513,100.08620053,101.9926024,4181929.82936468,-5.369551582040528,-1.1772103396318825
2268,2012-02-23,NSE:CANBK,101.93424505,102.35249059,97.265501,99.00655541,11560861.6461041,-2.9277093825777225,-5.369551582040528
2269,2012-02-24,NSE:CANBK,99.98893503,99.98893503,94.81440843,97.87827171,5638232.40883733,-1.1396050446635746,-2.9277093825777225
2270,2012-02-27,NSE:CANBK,98.04362501,98.22843141,91.6046469,92.30496045,3344484.90631843,-5.694125123615764,-1.1396050446635746
2271,2012-02-28,NSE:CANBK,94.83386348,101.03940633,92.40222595,99.79440403,5411841.75877529,8.113804007377157,-5.694125123615764
2272,2012-02-29,NSE:CANBK,100.835141,102.3719398,97.265501,99.38588698,3083554.7744724,-0.4093586749385194,8.113804007377157
2273,2012-03-01,NSE:CANBK,98.04362501,98.89955947,96.20530509,97.40167465,2293865.73560136,-1.996472930205157,-0.4093586749385194
2274,2012-03-02,NSE:CANBK,98.06308005,100.94214083,96.56518745,98.12143546,2509142.4759124,0.7389614322200946,-1.996472930205157
2275,2012-03-05,NSE:CANBK,97.47948705,98.28678876,94.17246001,95.84542663,2992921.40591555,-2.3195837069952248,0.7389614322200946
2276,2012-03-06,NSE:CANBK,94.65878752,98.72448352,92.0909744,92.87882885,3340727.1505238,-3.0951897073317878,-2.3195837069952248
2277,2012-03-07,NSE:CANBK,92.87882885,95.51472198,92.421681,94.87277162,3153867.47455298,2.1468216112201652,-3.0951897073317878
2278,2012-03-09,NSE:CANBK,96.53600974,100.23209878,95.56335473,99.99865963,2925872.96702456,5.402907412182559,2.1468216112201652
2279,2012-03-12,NSE:CANBK,100.37799703,104.00600411,99.59987302,100.79624258,3946424.95081581,0.7975936407058737,5.402907412182559
2280,2012-03-13,NSE:CANBK,101.23393733,102.30385784,100.18346603,100.55307882,2782893.18635186,-0.24124288145662506,0.7975936407058737
2281,2012-03-14,NSE:CANBK,102.11905145,103.05279831,99.98893503,102.47892991,4217368.9106891,1.9152582025334837,-0.24124288145662506
2282,2012-03-15,NSE:CANBK,102.44975609,102.9458082,97.5572975,98.41323197,3397828.58878196,-3.9673501114527854,1.9152582025334837
2283,2012-03-16,NSE:CANBK,97.67401805,100.65034433,94.36699102,95.18401733,5391952.89807843,-3.281280957203376,-3.9673501114527854
2284,2012-03-19,NSE:CANBK,92.66484475,96.07885994,89.09519892,89.62043457,6913643.51271886,-5.845080840317167,-3.281280957203376
2285,2012-03-20,NSE:CANBK,89.87332292,91.62410194,87.71402686,91.03078433,7110578.70354259,1.5736921682726477,-5.845080840317167
2286,2012-03-21,NSE:CANBK,92.3827709,93.19007456,89.87332292,92.49949145,6118099.36598178,1.6134180659981032,1.5736921682726477
2287,2012-03-22,NSE:CANBK,92.59675695,94.03628442,89.09519892,89.60098147,2951164.56553285,-3.133541530405895,1.6134180659981032
2288,2012-03-23,NSE:CANBK,90.69035508,91.54629149,87.6264918,90.21375218,2841670.45003963,0.6838883904471216,-3.133541530405895
2289,2012-03-26,NSE:CANBK,90.26238493,90.26238493,86.07024378,86.64410635,2936169.52633596,-3.9568754693603956,0.6838883904471216
2290,2012-03-27,NSE:CANBK,87.5389509,89.28972992,86.39121993,88.14199895,3980877.04293015,1.7287876384219871,-3.9568754693603956
2291,2012-03-28,NSE:CANBK,87.6362164,89.93168028,87.062348,88.74504506,3612524.44481831,0.68417566788119,1.7287876384219871
2292,2012-03-29,NSE:CANBK,87.1498889,89.07574387,86.9650825,88.42406501,3227115.43941978,-0.36168785511684165,0.68417566788119
2293,2012-03-30,NSE:CANBK,88.65750416,92.98581896,87.5389509,92.55784881,3158324.34770474,4.674953361997657,-0.36168785511684165
2294,2012-04-02,NSE:CANBK,92.79128795,94.34753597,90.96269848,91.37121358,2476237.69500761,-1.2820471145952006,4.674953361997657
2295,2012-04-03,NSE:CANBK,92.40222595,92.6453897,91.25449498,91.73109205,1276634.55925652,0.393864167826672,-1.2820471145952006
2296,2012-04-04,NSE:CANBK,91.04050894,92.3827709,90.72925739,91.9742558,1093707.41841961,0.265083239025926,0.393864167826672
2297,2012-04-09,NSE:CANBK,90.84597793,91.81863294,88.56023866,88.90066791,2212500.81259541,-3.341791529885909,0.265083239025926
2298,2012-04-10,NSE:CANBK,89.28972992,89.97058843,87.7334819,89.42590356,2207267.71355447,0.5908118154204756,-3.341791529885909
2299,2012-04-11,NSE:CANBK,88.70613691,90.42773823,87.75293695,88.47269776,2862875.29634994,-1.065916878726802,0.5908118154204756
2300,2012-04-12,NSE:CANBK,89.80523513,92.1882399,89.27027487,91.7797248,3358333.59867236,3.7379068613584843,-1.065916878726802
2301,2012-04-13,NSE:CANBK,92.40222595,93.18034996,89.48426092,90.42773823,2405097.36334983,-1.4730776028650656,3.7379068613584843
2302,2012-04-16,NSE:CANBK,90.19429713,92.85937575,89.93168028,92.00343934,1988001.89185269,1.7424975354268541,-1.4730776028650656
2303,2012-04-17,NSE:CANBK,93.14144181,94.65878752,90.67090198,93.97792901,6060638.08790745,2.1461041936739376,1.7424975354268541
2304,2012-04-18,NSE:CANBK,94.34753597,95.06730262,92.55784881,92.9080085,2190195.88456137,-1.138480621217089,2.1461041936739376
2305,2012-04-19,NSE:CANBK,92.59675695,93.68613251,91.72136744,92.37304825,1178814.67551378,-0.5757956269184238,-1.138480621217089
2306,2012-04-20,NSE:CANBK,92.19797034,93.37488096,90.35965043,92.01316395,2364851.85019507,-0.38959881352620657,-0.5757956269184238
2307,2012-04-23,NSE:CANBK,91.82835755,92.7134775,90.67090198,91.67273469,2527473.74426211,-0.3699788653990825,-0.38959881352620657
2308,2012-04-24,NSE:CANBK,91.81863294,92.5481242,90.14566438,91.74082249,1230297.4720708,0.07427268339953642,-0.3699788653990825
2309,2012-04-25,NSE:CANBK,91.7019124,92.17851724,88.42406501,89.45508322,1197834.78008302,-2.4915181791063024,0.07427268339953642
2310,2012-04-26,NSE:CANBK,89.45508322,90.15539482,85.20457888,85.60336548,3232965.40671702,-4.30575614191465,-2.4915181791063024
2311,2012-04-27,NSE:CANBK,86.76082689,86.76082689,81.58630029,82.8215741,4891035.31168775,-3.249628521497689,-4.30575614191465
2312,2012-04-30,NSE:CANBK,85.18512383,85.92434553,83.41489171,84.93223742,4816563.89144595,2.548446274942268,-3.249628521497689
2313,2012-05-02,NSE:CANBK,84.81551687,86.07996839,83.87203957,84.62098587,2409117.28815338,-0.36647044685851465,2.548446274942268
2314,2012-05-03,NSE:CANBK,85.29211977,85.29211977,83.04528281,83.492708,1606689.91978975,-1.3333310388670436,-0.36647044685851465
2315,2012-05-04,NSE:CANBK,83.28844656,84.33891397,82.01427239,83.2009115,3419069.41907388,-0.3494874067325611,-1.3333310388670436
2316,2012-05-07,NSE:CANBK,82.48114485,85.01004787,81.34313654,84.39727716,3442494.99110687,1.4379237419772712,-0.3494874067325611
2317,2012-05-08,NSE:CANBK,84.62098587,85.14622152,81.91700689,82.64649815,1973140.50744467,-2.07444963737501,1.4379237419772712
2318,2012-05-09,NSE:CANBK,81.89755184,82.4616898,78.2014628,78.90177636,2960602.64985424,-4.531010839931153,-2.07444963737501
2319,2012-05-10,NSE:CANBK,79.17411781,82.6562208,75.98381133,81.47931213,18196873.31893762,3.266765197071917,-4.531010839931153
2320,2012-05-11,NSE:CANBK,81.21669334,83.06473785,80.15649743,81.48903479,4882877.22899818,0.011932673148364282,3.266765197071917
2321,2012-05-14,NSE:CANBK,81.70302084,82.5297776,78.35708566,79.51454707,3324606.32675917,-2.42301031677246,0.011932673148364282
2322,2012-05-15,NSE:CANBK,78.74614766,80.06896237,77.91939091,78.61970251,2961322.32948659,-1.1253847163491235,-2.42301031677246
2323,2012-05-16,NSE:CANBK,77.41361419,78.32790601,76.18806499,76.83002119,2448900.15011592,-2.2763776290966784,-1.1253847163491235
2324,2012-05-17,NSE:CANBK,77.24826284,78.55161666,76.83974579,77.44279384,2618081.40997495,0.7975692841273789,-2.2763776290966784
2325,2012-05-18,NSE:CANBK,75.29322238,77.8124008,75.29322238,77.34552834,2459685.06346356,-0.12559657932918372,0.7975692841273789
2326,2012-05-21,NSE:CANBK,78.78505581,78.78505581,75.99353399,76.17834233,3614529.26665129,-1.5090542854257973,-0.12559657932918372
2327,2012-05-22,NSE:CANBK,76.966189,78.2014628,75.96435628,76.28533049,2707979.67719305,0.14044432673073132,-1.5090542854257973
2328,2012-05-23,NSE:CANBK,76.28533049,76.50904114,74.55400652,75.05978907,3129603.98980518,-1.6065230525030831,0.14044432673073132
2329,2012-05-24,NSE:CANBK,74.99170127,76.45068379,71.16916903,75.76982528,2997969.4444796,0.9459608384162125,-1.6065230525030831
2330,2012-05-25,NSE:CANBK,75.47802878,77.60814519,75.28349777,77.19963009,2500968.97151643,1.887037227176239,0.9459608384162125
2331,2012-05-28,NSE:CANBK,77.75404344,78.97958681,77.11208725,78.78505581,1850723.00198197,2.0536700993925754,1.887037227176239
2332,2012-05-29,NSE:CANBK,79.64099027,79.68962302,78.02638685,78.31818335,1170157.95765037,-0.5925901241041523,2.0536700993925754
2333,2012-05-30,NSE:CANBK,77.49142659,78.2014628,75.03060942,75.50720648,1563761.02972009,-3.589175271645272,-0.5925901241041523
2334,2012-05-31,NSE:CANBK,75.47802878,79.34919377,74.42756331,78.22091785,6234630.92016562,3.593976650054996,-3.589175271645272
2335,2012-06-01,NSE:CANBK,77.93884401,79.25192827,76.11025453,76.92728669,2759668.09650217,-1.6538174129850152,3.593976650054996
2336,2012-06-04,NSE:CANBK,75.86709078,78.25982016,74.89443577,77.21908319,2820573.55567418,0.379314691256276,-1.6538174129850152
2337,2012-06-05,NSE:CANBK,77.24826284,80.06896237,77.24826284,79.63126761,3299597.45953501,3.1238190358524873,0.379314691256276
2338,2012-06-06,NSE:CANBK,79.97169687,81.40149973,79.62153717,80.73036583,3902617.02348092,1.3802344895260446,3.1238190358524873
2339,2012-06-07,NSE:CANBK,81.42094894,81.46958169,79.75771082,80.92489683,2319177.89638487,0.24096385294430145,1.3802344895260446
2340,2012-06-08,NSE:CANBK,80.92489683,82.7923964,79.75771082,82.14071559,3745577.78713338,1.5024038431016988,0.24096385294430145
2341,2012-06-11,NSE:CANBK,82.28661385,84.03739286,80.58446758,81.44040204,3369982.12757882,-0.8525778537109091,1.5024038431016988
2342,2012-06-12,NSE:CANBK,80.94435188,84.56262851,80.37048153,84.27083201,3213688.27370765,3.475461686215433,-0.8525778537109091
2343,2012-06-13,NSE:CANBK,84.56262851,84.85442502,83.23981381,84.14438297,3074116.69015101,-0.15005077911774534,3.475461686215433
2344,2012-06-14,NSE:CANBK,81.89755184,82.4616898,79.79661897,80.27321603,1896540.89171864,-4.600624311880904,-0.15005077911774534
2345,2012-06-15,NSE:CANBK,79.97169687,82.714584,79.97169687,82.35470164,2178202.93754514,2.5930013931696734,-4.600624311880904
2346,2012-06-18,NSE:CANBK,85.10731338,85.10731338,78.4640816,78.97958681,3352941.14199854,-4.098266113273969,2.5930013931696734
2347,2012-06-19,NSE:CANBK,79.37837342,79.54372477,77.22880779,79.09630736,2195279.90710704,0.14778571870829035,-4.098266113273969
2348,2012-06-20,NSE:CANBK,78.79478041,79.85497632,78.25009555,79.53400211,926638.9323384,0.5533693855111034,0.14778571870829035
2349,2012-06-21,NSE:CANBK,79.14494011,80.71091078,78.11392191,80.40939162,2023075.99279214,1.1006481338500707,0.5533693855111034
2350,2012-06-22,NSE:CANBK,79.75771082,81.47931213,78.39599381,80.82763133,1708246.99705191,0.5201378863510532,1.1006481338500707
2351,2012-06-25,NSE:CANBK,81.69329624,82.09208284,79.75771082,80.08841547,1399838.57174601,-0.9145583605957212,0.5201378863510532
2352,2012-06-26,NSE:CANBK,80.78872319,81.02216233,79.42700617,80.76927398,1007937.02794992,0.8501335755044788,-0.9145583605957212
2353,2012-06-27,NSE:CANBK,81.49876523,81.90727645,79.23247517,79.78688852,3525633.41034968,-1.2162861092985018,0.8501335755044788
2354,2012-06-28,NSE:CANBK,80.16622787,80.54555943,78.53216745,78.86286627,2871336.67259885,-1.158112901931731,-1.2162861092985018
2355,2012-06-29,NSE:CANBK,80.37048153,80.63310033,79.56317982,80.27321603,4651536.21117934,1.7883572164007304,-1.158112901931731
2356,2012-07-02,NSE:CANBK,80.14677282,81.41122434,79.88415403,80.57474297,3441158.44321822,0.3756258374989168,1.7883572164007304
2357,2012-07-03,NSE:CANBK,81.41122434,81.89755184,80.82763133,81.68356579,4081046.16661564,1.3761419262768768,0.3756258374989168
2358,2012-07-04,NSE:CANBK,82.0531747,82.87020685,81.65438809,82.48114485,5425561.93690916,0.9764253706192223,1.3761419262768768
2359,2012-07-05,NSE:CANBK,82.56868574,83.94012736,82.00454195,83.77477407,5856958.47081485,1.5683938703234424,0.9764253706192223
2360,2012-07-06,NSE:CANBK,83.45379986,84.07630101,81.7808313,82.83129871,2927924.05397675,-1.1262046009359148,1.5683938703234424
2361,2012-07-09,NSE:CANBK,82.64649815,83.45379986,81.72247589,83.0841929,3580766.01075648,0.30531235648666116,-1.1262046009359148
2362,2012-07-10,NSE:CANBK,83.3954425,84.08602561,82.7243086,83.78450451,3414453.18828924,0.8428939194762279,0.30531235648666116
2363,2012-07-11,NSE:CANBK,83.85258647,85.47692033,82.6562208,83.61915316,10888526.6524253,-0.19735313942242563,0.8428939194762279
2364,2012-07-12,NSE:CANBK,83.06473785,83.42462215,82.28661385,83.03556015,2572314.92592631,-0.6979178668352845,-0.19735313942242563
2365,2012-07-13,NSE:CANBK,83.16200336,84.00821516,82.57841035,82.86048225,2655962.26148056,-0.21084689461204403,-0.6979178668352845
2366,2012-07-16,NSE:CANBK,83.06473785,83.298177,80.16622787,81.58630029,3527813.01152194,-1.537743838076693,-0.21084689461204403
2367,2012-07-17,NSE:CANBK,81.70302084,82.40333439,79.85497632,80.62337572,2391063.61051901,-1.1802527710868926,-1.537743838076693
2368,2012-07-18,NSE:CANBK,80.74009043,80.74009043,78.41544885,78.96013177,4479517.35734133,-2.0629797935729437,-1.1802527710868926
2369,2012-07-19,NSE:CANBK,79.36864882,79.82579862,78.14310545,78.5808002,2750461.3377769,-0.480408988051015,-2.0629797935729437
2370,2012-07-20,NSE:CANBK,78.62943295,79.15466277,77.6275944,78.27927326,2480689.42759057,-0.3837157921942391,-0.480408988051015
2371,2012-07-23,NSE:CANBK,77.8124008,77.92912135,75.06951173,75.58501888,2809773.22062013,-3.441848995009423,-0.3837157921942391
2372,2012-07-24,NSE:CANBK,75.36130823,76.64521479,73.71752515,74.75826212,11305730.07586729,-1.0938103505836012,-3.441848995009423
2373,2012-07-25,NSE:CANBK,75.38076328,75.43912063,72.37525735,72.88103795,4779186.81568298,-2.5110591348240816,-1.0938103505836012
2374,2012-07-26,NSE:CANBK,73.1631118,73.289555,69.73936422,70.23541633,5784985.36701106,-3.6300548049480676,-2.5110591348240816
2375,2012-07-27,NSE:CANBK,71.00381573,72.35580814,67.2396389,67.75514605,6968107.83918134,-3.531366950751032,-3.6300548049480676
2376,2012-07-30,NSE:CANBK,68.0955753,69.92417061,66.86030733,69.62264367,6279086.55916963,2.756244697077159,-3.531366950751032
2377,2012-07-31,NSE:CANBK,69.96307292,71.56795369,68.57217821,71.23725488,6020824.3825321,2.319089199848525,2.756244697077159
2378,2012-08-01,NSE:CANBK,71.58740874,72.11264439,70.32295722,71.76248469,4348926.34748265,0.737296532389906,2.319089199848525
2379,2012-08-02,NSE:CANBK,71.56795369,71.56795369,70.12842622,70.87737252,2911191.50252462,-1.233391198512025,0.737296532389906
2380,2012-08-03,NSE:CANBK,69.25303671,70.42022272,68.79588691,70.20623668,2636078.5413525,-0.9468971776720583,-1.233391198512025
2381,2012-08-06,NSE:CANBK,71.00381573,71.38315313,70.16733437,70.43967777,1363741.49761486,0.3325076247342866,-0.9468971776720583
2382,2012-08-07,NSE:CANBK,70.61475373,71.39287773,69.78799697,70.69256418,2464491.4952939,0.35901131011094073,0.3325076247342866
2383,2012-08-08,NSE:CANBK,71.24697948,71.24697948,69.86580742,70.20623668,2149934.9497002,-0.6879471775301524,0.35901131011094073
2384,2012-08-09,NSE:CANBK,70.42994733,70.76065198,68.0858507,68.4749127,2558851.77623256,-2.4660543875772363,-0.6879471775301524
2385,2012-08-10,NSE:CANBK,67.12292029,68.22202435,67.12292029,67.9885852,2716651.81676286,-0.710227265466819,-2.4660543875772363
2386,2012-08-13,NSE:CANBK,66.62686818,69.21412857,66.62686818,68.86397471,1741305.99502078,1.2875536495205535,-0.710227265466819
2387,2012-08-14,NSE:CANBK,68.57217821,70.12842622,68.29010631,69.53510861,3027671.65102044,0.9745790928076404,1.2875536495205535
2388,2012-08-16,NSE:CANBK,69.76854192,70.49803318,69.25303671,69.52537817,2169479.3922873,-0.01399356410669228,0.9745790928076404
2389,2012-08-17,NSE:CANBK,70.03116072,70.36186537,68.58190281,69.66155376,2275776.07398537,0.1958645800775623,-0.01399356410669228
2390,2012-08-21,NSE:CANBK,69.65182332,69.82690511,66.05299978,66.75331139,9682986.15970734,-4.174816972959821,0.1958645800775623
2391,2012-08-22,NSE:CANBK,66.81167458,66.81167458,65.60558042,66.23780618,3079755.89412735,-0.7722541388069804,-4.174816972959821
2392,2012-08-23,NSE:CANBK,66.68522554,67.56061505,65.26515117,65.79038682,4047894.63840833,-0.6754743035784703,-0.7722541388069804
2393,2012-08-24,NSE:CANBK,65.45968217,65.45968217,64.42866981,64.71073587,3236101.15368655,-1.6410466668236583,-0.6754743035784703
2394,2012-08-27,NSE:CANBK,64.75936862,64.88581377,62.63898264,62.95023419,2673316.8217578,-2.7205712565790208,-1.6410466668236583
2395,2012-08-28,NSE:CANBK,62.93077915,62.93077915,61.49125168,62.3277311,3003439.00968546,-0.9888812933104072,-2.7205712565790208
2396,2012-08-29,NSE:CANBK,62.44445164,63.22257565,60.50886623,60.77148308,4349085.70511553,-2.4968789855403513,-0.9888812933104072
2397,2012-08-30,NSE:CANBK,60.49914162,62.23046559,59.57511936,61.44261893,6359695.81856161,1.1043598345567953,-2.4968789855403513
2398,2012-08-31,NSE:CANBK,60.54777437,62.24992064,60.54777437,61.88031368,3893065.84664587,0.7123634337570359,1.1043598345567953
2399,2012-09-03,NSE:CANBK,62.85296869,63.30038611,61.86085864,62.18183284,2434676.1962394,0.4872618480236476,0.7123634337570359
2400,2012-09-04,NSE:CANBK,62.24019604,62.7946055,61.21890827,62.4249966,3356899.37997646,0.3910527382261086,0.4872618480236476
2401,2012-09-05,NSE:CANBK,62.4249966,62.4249966,61.34535343,61.71496038,3187728.40125504,-1.1374229213814635,0.3910527382261086
2402,2012-09-06,NSE:CANBK,61.11191233,61.54960709,60.23652282,60.51859667,3730639.29419332,-1.9385311156866691,-1.1374229213814635
2403,2012-09-07,NSE:CANBK,61.25781058,63.02804465,61.18972473,62.74597275,3760706.48111914,3.6804820378529097,-1.9385311156866691
2404,2012-09-10,NSE:CANBK,63.22257565,63.9228892,62.60980494,63.48519445,2367951.61318297,1.1781181605794797,3.6804820378529097
2405,2012-09-11,NSE:CANBK,63.3587493,63.77699095,62.65843769,63.6310927,2276994.38879156,0.22981460679766713,1.1781181605794797
2406,2012-09-12,NSE:CANBK,63.76726051,64.38003706,63.22257565,64.09796516,2349815.68644776,0.7337174959436106,0.22981460679766713
2407,2012-09-13,NSE:CANBK,62.69734,64.43839441,62.69734,62.95023419,1556944.63548797,-1.7905887763130321,0.7337174959436106
2408,2012-09-14,NSE:CANBK,63.61163765,66.52960268,63.61163765,66.32534708,4642226.64107801,5.361557321316768,-1.7905887763130321
2409,2012-09-17,NSE:CANBK,66.91866469,72.93940115,66.91866469,70.06033842,10631909.45780457,5.631318197995917,5.361557321316768
2410,2012-09-18,NSE:CANBK,69.25303671,78.53216745,69.13631617,76.57712699,14054351.09001289,9.301680118832637,5.631318197995917
2411,2012-09-20,NSE:CANBK,76.35341829,80.29267108,74.54428191,78.76560076,17716204.43305998,2.85786873446661,9.301680118832637
2412,2012-09-21,NSE:CANBK,78.77533121,84.30001166,78.77533121,83.59969811,11388354.43822985,6.137320484267716,2.85786873446661
2413,2012-09-24,NSE:CANBK,80.77899858,88.67695921,80.77899858,83.19118106,14828726.37442129,-0.48865852297992274,6.137320484267716
2414,2012-09-25,NSE:CANBK,83.64833086,85.95352518,81.52794488,84.49454266,8379774.85974189,1.5667064506031767,-0.48865852297992274
2415,2012-09-26,NSE:CANBK,84.21246882,85.59364088,83.06473785,85.36020173,6920346.81443732,1.0245147707152602,1.5667064506031767
2416,2012-09-27,NSE:CANBK,85.76871684,85.76871684,81.75165359,83.82340682,5989148.1975711,-1.800364665094141,1.0245147707152602
2417,2012-09-28,NSE:CANBK,84.23192387,86.20641159,83.70668822,83.93040276,6392163.65111819,0.12764446597805848,-1.800364665094141
2418,2012-10-01,NSE:CANBK,84.23192387,85.29211977,83.3954425,84.97113973,2679331.28725672,1.2399999711379883,0.12764446597805848
2419,2012-10-03,NSE:CANBK,85.39910988,86.11887653,83.84286186,84.84469458,2281369.01284249,-0.1488095256834202,1.2399999711379883
2420,2012-10-04,NSE:CANBK,85.01977248,85.78817188,84.17356651,84.85442502,3513707.29072788,0.011468530882415551,-0.1488095256834202
2421,2012-10-05,NSE:CANBK,85.40883448,85.78817188,81.89755184,82.7243086,4171566.44265884,-2.510318606835094,0.011468530882415551
2422,2012-10-08,NSE:CANBK,82.87020685,85.35047713,81.92672955,84.91278237,5257177.46521452,2.645502642496551,-2.510318606835094
2423,2012-10-09,NSE:CANBK,85.59364088,85.93407013,83.90121922,84.91278237,3537708.60646675,0.0,2.645502642496551
2424,2012-10-10,NSE:CANBK,84.13465837,84.77660873,79.55345521,83.24954425,2364517.7132229,-1.9587605936083785,0.0
2425,2012-10-11,NSE:CANBK,81.31395884,84.03739286,80.30239568,83.0063805,7783098.75769827,-0.2920901876288574,-1.9587605936083785
2426,2012-10-12,NSE:CANBK,82.77294135,84.42645487,82.77294135,83.24954425,2592501.93961372,0.29294585372264687,-0.2920901876288574
2427,2012-10-15,NSE:CANBK,83.04528281,84.23192387,82.58813495,83.81368416,1456174.06525259,0.6776492473110378,0.29294585372264687
2428,2012-10-16,NSE:CANBK,84.19301572,85.20457888,81.92672955,82.31579155,1878492.35465306,-1.7871695117715178,0.6776492473110378
2429,2012-10-17,NSE:CANBK,82.7243086,83.16200336,81.9559092,82.75348631,1337987.24791435,0.5317263574318377,-1.7871695117715178
2430,2012-10-18,NSE:CANBK,83.16200336,85.39910988,82.49086945,85.15594613,3020366.90275209,2.903152395296353,0.5317263574318377
2431,2012-10-19,NSE:CANBK,83.24954425,87.1498889,83.24954425,86.9650825,8066251.5684775,2.124497997166449,2.903152395296353
2432,2012-10-22,NSE:CANBK,87.1498889,88.29761986,86.56629589,87.50004275,4819740.7629659,0.6151437273689836,2.124497997166449
2433,2012-10-23,NSE:CANBK,87.50004275,87.93773751,85.59364088,86.19668893,1764793.2538794,-1.4895464951072979,0.6151437273689836
2434,2012-10-25,NSE:CANBK,86.19668893,86.76082689,84.05684791,85.88543738,2705013.56899401,-0.36109455463278944,-1.4895464951072979
2435,2012-10-26,NSE:CANBK,84.92250698,85.94379474,81.89755184,82.42278749,2284792.63166495,-4.031707814072722,-0.36109455463278944
2436,2012-10-29,NSE:CANBK,83.04528281,83.25926886,81.39176929,81.86837414,3315435.55201551,-0.6726457171413536,-4.031707814072722
2437,2012-10-30,NSE:CANBK,82.14071559,82.2671588,76.83974579,77.31634869,5972348.81872453,-5.560175706208305,-0.6726457171413536
2438,2012-10-31,NSE:CANBK,78.47380426,78.47380426,75.89626848,77.98747676,4123712.88767638,0.8680286658270655,-5.560175706208305
2439,2012-11-01,NSE:CANBK,78.57106976,79.89388447,77.7248599,79.54372477,2320473.3197231,1.9955101442622827,0.8680286658270655
2440,2012-11-02,NSE:CANBK,80.73036583,83.74559636,80.15649743,83.23981381,5224005.37473199,4.646612980077578,1.9955101442622827
2441,2012-11-05,NSE:CANBK,82.67567585,83.23981381,80.55528987,81.36259159,4061805.01758789,-2.2551975239695787,4.646612980077578
2442,2012-11-06,NSE:CANBK,81.11942783,82.20880339,78.4640816,81.65438809,20205427.2048627,0.3586371750182396,-2.2551975239695787
2443,2012-11-07,NSE:CANBK,81.72247589,85.01004787,80.74009043,84.65016357,8610241.98086431,3.66884811713737,0.3586371750182396
2444,2012-11-08,NSE:CANBK,83.84286186,86.56629589,83.24954425,86.23559124,6359454.21182789,1.8729174323319047,3.66884811713737
2445,2012-11-09,NSE:CANBK,86.49820809,87.22769935,83.98876011,84.73770642,4408197.10577546,-1.736968226762992,1.8729174323319047
2446,2012-11-12,NSE:CANBK,85.59364088,86.17723389,84.07630101,85.66172868,2178896.91433348,1.0904499295981784,-1.736968226762992
2447,2012-11-13,NSE:CANBK,87.3444199,89.97058843,84.62098587,84.91278237,364111.62884978,-0.8743067896724049,1.0904499295981784
2448,2012-11-15,NSE:CANBK,85.00032327,85.01004787,83.2787239,84.35836707,2229438.98679965,-0.6529232519836486,-0.8743067896724049
2449,2012-11-16,NSE:CANBK,83.72614132,85.76871684,82.51032255,83.1814584,2146634.704529,-1.3951297433524432,-0.6529232519836486
2450,2012-11-19,NSE:CANBK,83.32735665,83.86231691,81.71274544,82.5589553,2142943.7761288,-0.7483676193876435,-1.3951297433524432
2451,2012-11-20,NSE:CANBK,82.6951309,83.26899346,80.06896237,80.62337572,2926818.83168422,-2.3444816773256765,-0.7483676193876435
2452,2012-11-21,NSE:CANBK,80.92489683,83.45379986,79.85497632,83.15227875,3715351.24257469,3.136687105217126,-2.3444816773256765
2453,2012-11-22,NSE:CANBK,84.57235312,84.57235312,82.12126055,83.73587176,2495751.29418189,0.7018364604950785,3.136687105217126
2454,2012-11-23,NSE:CANBK,84.03739286,85.16567073,82.75348631,84.68907367,2092165.23749772,1.1383435676552442,0.7018364604950785
2455,2012-11-26,NSE:CANBK,84.21246882,84.98087017,83.06473785,83.5705204,1791544.7739276,-1.3207763664514203,1.1383435676552442
2456,2012-11-27,NSE:CANBK,84.03739286,85.37965483,83.3954425,85.12676842,1963162.66339902,1.8621973544632828,-1.3207763664514203
2457,2012-11-29,NSE:CANBK,85.35047713,87.9280129,84.11520332,86.33285674,7830715.84651582,1.4168144079537608,1.8621973544632828
2458,2012-11-30,NSE:CANBK,86.39121993,91.03078433,86.39121993,90.36937503,6808883.86109274,4.6755296215395505,1.4168144079537608
2459,2012-12-03,NSE:CANBK,90.65144693,91.41011589,89.23137256,89.94141072,3340290.20217559,-0.47357228027518783,4.6755296215395505
2460,2012-12-04,NSE:CANBK,89.98031303,92.32441549,88.76449427,91.9937089,3537132.86276087,2.281816755564459,-0.47357228027518783
2461,2012-12-05,NSE:CANBK,92.4411341,92.72320016,91.04050894,91.72136744,3199433.47641832,-0.2960435699967815,2.281816755564459
2462,2012-12-06,NSE:CANBK,92.20769495,94.34753597,90.88488608,93.52077921,4119687.82230403,1.9618239677653089,-0.2960435699967815
2463,2012-12-07,NSE:CANBK,92.01316395,94.46425652,92.01316395,93.45269142,2643974.45503314,-0.0728049857744625,1.9618239677653089
2464,2012-12-10,NSE:CANBK,93.56941196,95.68007528,92.60648156,94.47397918,5710950.89511748,1.0928393227436135,-0.0728049857744625
2465,2012-12-11,NSE:CANBK,94.93112898,95.16456812,92.11042945,93.76394296,3838663.20700903,-0.7515680255694362,1.0928393227436135
2466,2012-12-12,NSE:CANBK,93.95847397,94.29890322,91.04050894,92.85937575,3598526.67596911,-0.9647282115534407,-0.7515680255694362
2467,2012-12-13,NSE:CANBK,93.18034996,93.50132417,89.65933688,90.23320722,3831199.1011078,-2.8281134875064042,-0.9647282115534407
2468,2012-12-14,NSE:CANBK,89.10492352,90.79734518,88.00582336,90.07757853,9194241.44024098,-0.1724738539111858,-2.8281134875064042
2469,2012-12-17,NSE:CANBK,90.11648668,92.20769495,89.17300937,91.55601415,7831029.42121277,1.6412914779981698,-0.1724738539111858
2470,2012-12-18,NSE:CANBK,91.81863294,92.5189465,89.20218902,91.84781065,10088479.36741723,0.31870817303376875,1.6412914779981698
2471,2012-12-19,NSE:CANBK,92.40222595,93.25816041,91.13777444,92.62593466,9824099.91390473,0.8471884136304114,0.31870817303376875
2472,2012-12-20,NSE:CANBK,93.05390675,95.32019098,91.74082249,94.71714293,4103371.65692489,2.2576919495345966,0.8471884136304114
2473,2012-12-21,NSE:CANBK,94.12382726,94.39616872,92.0715213,92.50921606,3547778.98075084,-2.3310741875224705,2.2576919495345966
2474,2012-12-24,NSE:CANBK,92.98581896,93.76394296,91.63382655,92.00343934,1661591.19460044,-0.5467311707321801,-2.3310741875224705
2475,2012-12-26,NSE:CANBK,92.21741955,94.41562377,91.18640719,93.95847397,3842241.04289557,2.1249582015897714,-0.5467311707321801
2476,2012-12-27,NSE:CANBK,94.34753597,95.70925298,93.005274,94.83386348,5760048.46775014,0.9316770196581824,2.1249582015897714
2477,2012-12-28,NSE:CANBK,95.33964603,96.40956654,95.10620493,95.96214134,2557376.43298624,1.189741531766177,0.9316770196581824
2478,2012-12-31,NSE:CANBK,96.27339094,97.22659285,95.90378399,96.66245295,3269489.14805878,0.7297790568457108,1.189741531766177
2479,2013-01-01,NSE:CANBK,97.24604595,101.15612104,96.96397989,100.37799703,4506669.84175612,3.843833843035121,0.7297790568457108
2480,2013-01-02,NSE:CANBK,101.13667183,103.68502407,101.10748829,101.63272394,7251964.90788651,1.2500019397926436,3.843833843035121
2481,2013-01-03,NSE:CANBK,102.69291985,102.69291985,100.30018074,101.71053051,4314798.11120286,0.076556611870333,1.2500019397926436
2482,2013-01-04,NSE:CANBK,102.67346091,102.90690006,100.77678364,102.3622152,2968308.36248918,0.6407248951827301,0.076556611870333
2483,2013-01-07,NSE:CANBK,102.3622152,103.36404402,100.59197724,101.16584564,2795636.65641325,-1.168760912083108,0.6407248951827301
2484,2013-01-08,NSE:CANBK,101.15612104,101.47710108,99.07463737,99.78467942,4948573.69829412,-1.3652495180190511,-1.168760912083108
2485,2013-01-09,NSE:CANBK,99.80412863,101.15612104,99.12327012,99.42479707,1767646.26956479,-0.3606589228845834,-1.3652495180190511
2486,2013-01-10,NSE:CANBK,99.59987302,101.09776368,98.04362501,98.35487656,4467786.57933402,-1.0761103281374824,-0.3606589228845834
2487,2013-01-11,NSE:CANBK,98.35487656,99.25944377,97.44057696,97.9171818,3080722.32106222,-0.4450158195592772,-1.0761103281374824
2488,2013-01-14,NSE:CANBK,97.9171818,101.11721289,96.18585588,100.65034433,3344849.88670341,2.791300239402929,-0.4450158195592772
2489,2013-01-15,NSE:CANBK,99.25944377,102.22604155,99.25944377,101.75916326,3793518.73178549,1.1016543831827728,2.791300239402929
2490,2013-01-16,NSE:CANBK,100.79624258,101.30201929,98.36459922,98.88010637,3729909.33342337,-2.829285145204919,1.1016543831827728
2491,2013-01-17,NSE:CANBK,99.90139413,100.92268189,98.49104437,100.33908889,3512869.37801307,1.4755066247002526,-2.829285145204919
2492,2013-01-18,NSE:CANBK,100.33908889,102.60537895,99.46369938,101.37983558,4000436.90722366,1.037229559798932,1.4755066247002526
2493,2013-01-21,NSE:CANBK,101.37010125,102.51783805,100.23209878,101.26311115,2143411.56788983,-0.1151357460112434,1.037229559798932
2494,2013-01-22,NSE:CANBK,101.56463225,101.82725494,97.60593025,98.02416996,4096812.29113291,-3.198540073691984,-0.1151357460112434
2495,2013-01-23,NSE:CANBK,99.01628002,100.57252803,95.25210318,96.31230104,3676647.90006068,-1.7463743081921022,-3.198540073691984
2496,2013-01-24,NSE:CANBK,97.2752256,97.2752256,94.75605302,95.88432894,5073438.11450681,-0.4443587115858103,-1.7463743081921022
2497,2013-01-25,NSE:CANBK,95.32019098,96.66245295,93.49160151,95.14511502,11942888.15723059,-0.7709434150209921,-0.4443587115858103
2498,2013-01-28,NSE:CANBK,95.53417703,96.37065645,93.48187107,93.85148386,4520981.18530228,-1.3596401241704061,-0.7709434150209921
2499,2013-01-29,NSE:CANBK,94.25027047,95.68979794,91.66301009,92.6356651,9356390.40197819,-1.2954710037548944,-1.3596401241704061
2500,2013-01-30,NSE:CANBK,94.15300497,94.15300497,90.45691593,90.76816748,3178069.27247514,-2.0159596392858354,-1.2954710037548944
2501,2013-01-31,NSE:CANBK,89.96086382,93.92929626,89.96086382,93.58886701,6173334.77776463,3.1075867325640525,-2.0159596392858354
2502,2013-02-01,NSE:CANBK,94.13354992,94.50315883,91.44902599,91.85754109,2708195.58108275,-1.8499272139014256,3.1075867325640525
2503,2013-02-04,NSE:CANBK,92.5383996,92.7426552,87.98637026,88.62832646,2689334.83414638,-3.515459473094417,-1.8499272139014256
2504,2013-02-05,NSE:CANBK,88.45324855,88.70613691,86.22586664,88.02527841,2894356.13969644,-0.6804236005428441,-3.515459473094417
2505,2013-02-06,NSE:CANBK,88.85203516,91.33230544,88.52133051,90.76816748,4432095.61013827,3.11602430522776,-0.6804236005428441
2506,2013-02-07,NSE:CANBK,90.26238493,91.33230544,87.94746795,89.50371597,3398481.44101987,-1.3930561176952392,3.11602430522776
2507,2013-02-08,NSE:CANBK,90.00949657,90.12621128,85.72008409,86.7705515,19799733.5149695,-3.0536882635309937,-1.3930561176952392
2508,2013-02-11,NSE:CANBK,86.00215793,87.20824625,79.75771082,86.76082689,4099870.92957039,-0.011207270014864594,-3.0536882635309937
2509,2013-02-12,NSE:CANBK,86.82891469,88.20035436,85.92434553,87.23742979,2805660.76557813,0.5493295961831386,-0.011207270014864594
2510,2013-02-13,NSE:CANBK,87.5389509,88.20035436,84.88360467,85.53528352,3579043.92020764,-1.9511650837231758,0.5493295961831386
2511,2013-02-14,NSE:CANBK,85.54500813,86.32313214,83.84286186,84.34864441,3034894.15018795,-1.3873094951775375,-1.9511650837231758
2512,2013-02-15,NSE:CANBK,84.62098587,85.48665077,83.34680975,85.08785833,2429890.32668428,0.876379134686318,-1.3873094951775375
2513,2013-02-18,NSE:CANBK,85.05868062,88.98820881,85.04895602,88.59914681,3661493.50323091,4.126662192368276,0.876379134686318
2514,2013-02-19,NSE:CANBK,88.92012296,89.27027487,87.96692105,88.99793342,4157054.61692939,0.4501020882912066,4.126662192368276
2515,2013-02-20,NSE:CANBK,89.08547431,89.37727081,87.4416854,87.8210228,2519361.92669177,-1.322402189324905,0.4501020882912066
2516,2013-02-21,NSE:CANBK,87.5389509,87.5389509,85.05868062,85.45746723,2254375.88606057,-2.691332319577572,-1.322402189324905
2517,2013-02-22,NSE:CANBK,85.01004787,86.94563329,84.64044092,85.99242749,2175606.95029988,0.6259959221119912,-2.691332319577572
2518,2013-02-25,NSE:CANBK,86.52738774,86.87754744,83.76505141,84.46536301,1829816.30866221,-1.7758127367407721,0.6259959221119912
2519,2013-02-26,NSE:CANBK,83.64833086,84.93223742,82.86048225,83.13282565,1977782.44107333,-1.5776139621186995,-1.7758127367407721
2520,2013-02-27,NSE:CANBK,83.64833086,85.18512383,83.45379986,84.30973432,4380134.74068262,1.4156967007893386,-1.5776139621186995
2521,2013-02-28,NSE:CANBK,85.38938527,85.38938527,79.36864882,80.84708638,5448565.98230034,-4.107055926492938,1.4156967007893386
2522,2013-03-01,NSE:CANBK,81.51821444,82.67567585,80.78872319,81.65438809,2514031.15684358,0.9985538702106094,-4.107055926492938
2523,2013-03-04,NSE:CANBK,81.31395884,82.41305705,79.77716587,81.14860554,3198230.58331854,-0.6194187009796893,0.9985538702106094
2524,2013-03-05,NSE:CANBK,81.22641794,82.2477057,79.70907807,81.75165359,4460636.04812975,0.7431403731303085,-0.6194187009796893
2525,2013-03-06,NSE:CANBK,82.87020685,83.95958241,82.18934835,82.8118495,2783520.33574576,1.296849498992489,0.7431403731303085
2526,2013-03-07,NSE:CANBK,83.06473785,84.69879633,82.42278749,84.27083201,3661015.43033228,1.761804039891674,1.296849498992489
2527,2013-03-08,NSE:CANBK,84.42645487,85.18512383,82.68540045,84.16383607,4881478.9942839,-0.12696675403336208,1.761804039891674
2528,2013-03-11,NSE:CANBK,84.43617947,86.05079068,83.64833086,84.87387423,3454426.25129747,0.8436380673160496,-0.12696675403336208
2529,2013-03-12,NSE:CANBK,85.33102208,85.59364088,82.89938456,84.10548066,2188838.77439751,-0.9053358020605119,0.8436380673160496
2530,2013-03-13,NSE:CANBK,83.14254831,83.79422911,81.29450379,81.91700689,2578164.89322355,-2.60205845424866,-0.9053358020605119
2531,2013-03-14,NSE:CANBK,81.81974139,84.89332733,80.58446758,84.58207772,3229485.24163773,3.253379159200387,-2.60205845424866
2532,2013-03-15,NSE:CANBK,84.58207772,85.51583042,83.68723901,84.08602561,3719623.05524957,-0.5864742547967855,3.253379159200387
2533,2013-03-18,NSE:CANBK,84.03739286,84.91278237,82.6367677,83.103646,1814363.75884189,-1.168303059721692,-0.5864742547967855
2534,2013-03-19,NSE:CANBK,83.84286186,84.42645487,78.24037095,78.63915756,5376880.7503495,-5.372193224831552,-1.168303059721692
2535,2013-03-20,NSE:CANBK,78.78505581,78.78505581,75.14732413,75.71146792,4591849.06681353,-3.72294125578117,-5.372193224831552
2536,2013-03-21,NSE:CANBK,75.47802878,76.83974579,71.70412928,72.20017945,7633107.24117897,-4.637723407648349,-3.72294125578117
2537,2013-03-22,NSE:CANBK,73.71752515,75.40994098,71.83057249,74.32056737,3654409.79942107,2.936818074626009,-4.637723407648349
2538,2013-03-25,NSE:CANBK,74.89443577,75.94490124,71.35396959,72.09319129,3395998.54628827,-2.9969847631963966,2.936818074626009
2539,2013-03-26,NSE:CANBK,72.2488122,72.35580814,69.25303671,70.62447833,3934133.85080903,-2.0372422606345557,-2.9969847631963966
2540,2013-03-28,NSE:CANBK,70.97463803,75.28349777,70.03116072,74.70962937,7930180.71227536,5.78432738421333,-2.0372422606345557
2541,2013-04-01,NSE:CANBK,74.87498072,76.21724464,73.59107611,75.64338207,2346181.30430439,1.249842500724481,5.78432738421333
2542,2013-04-02,NSE:CANBK,75.47802878,79.26165871,75.24458963,78.74614766,4043694.79369669,4.101833504917483,1.249842500724481
2543,2013-04-03,NSE:CANBK,78.78505581,79.13520967,75.28349777,75.49748382,3256529.77410768,-4.12548922904352,4.101833504917483
2544,2013-04-04,NSE:CANBK,74.91389082,77.6178698,74.38865322,76.71330258,5308778.494854,1.610409643450823,-4.12548922904352
2545,2013-04-05,NSE:CANBK,76.82029074,78.76560076,76.25615278,77.39416109,4664526.42854325,0.887536433840746,1.610409643450823
2546,2013-04-08,NSE:CANBK,77.9972072,78.59052481,75.28349777,75.87681538,4532167.06301652,-1.9605428738164268,0.887536433840746
2547,2013-04-09,NSE:CANBK,76.52849424,77.00509909,72.68650695,73.4743614,6167222.64145846,-3.1662556842537715,-1.9605428738164268
2548,2013-04-10,NSE:CANBK,73.80506021,74.24275497,71.64576609,73.95095846,5239740.65583644,0.648657641820605,-3.1662556842537715
2549,2013-04-11,NSE:CANBK,73.96068891,74.68044972,72.04455854,72.56006375,4177133.67867195,-1.8808339188089516,0.648657641820605
2550,2013-04-12,NSE:CANBK,73.0852994,76.05189718,71.90838294,75.48775338,5994905.6346299,4.0348498591279185,-1.8808339188089516
2551,2013-04-15,NSE:CANBK,75.86709078,80.81790673,74.74853752,79.56317982,10490770.00076317,5.398791535740364,4.0348498591279185
2552,2013-04-16,NSE:CANBK,79.15466277,82.09208284,79.15466277,81.50848984,5126915.4517592,2.4449877749996567,5.398791535740364
2553,2013-04-17,NSE:CANBK,81.12915244,82.48114485,79.76743542,80.50665712,4218104.01202786,-1.2291145645890131,2.4449877749996567
2554,2013-04-18,NSE:CANBK,79.75771082,83.19118106,79.36864882,82.13099099,5869038.80750072,2.017639196692559,-1.2291145645890131
2555,2013-04-22,NSE:CANBK,82.30606889,87.4416854,82.25743614,87.3444199,10450868.90571817,6.347699993824225,2.017639196692559
2556,2013-04-23,NSE:CANBK,87.22769935,87.32496485,83.68723901,84.89332733,5816589.58400883,-2.806238306701491,6.347699993824225
2557,2013-04-25,NSE:CANBK,84.73770642,86.33285674,84.65016357,85.14622152,4161706.83169565,0.2978964283222566,-2.806238306701491
2558,2013-04-26,NSE:CANBK,85.20457888,85.36993217,81.41122434,82.14071559,5865682.01607269,-3.5298171502466906,0.2978964283222566
2559,2013-04-29,NSE:CANBK,82.75348631,83.45379986,80.44829393,81.7613782,5363875.11127918,-0.4618140799910256,-3.5298171502466906
2560,2013-04-30,NSE:CANBK,82.38387935,82.86048225,79.01849496,80.83735594,5164056.06135725,-1.130145161863234,-0.4618140799910256
2561,2013-05-02,NSE:CANBK,80.34130383,83.55106536,79.60208796,80.35102843,18363962.36729403,-0.6016123416517517,-1.130145161863234
2562,2013-05-03,NSE:CANBK,79.74798622,80.14677282,76.06162178,76.93701129,12687679.4681806,-4.248877962992363,-0.6016123416517517
2563,2013-05-06,NSE:CANBK,76.93701129,77.6178698,74.52482881,76.35341829,7428579.43023395,-0.7585334941076155,-4.248877962992363
2564,2013-05-07,NSE:CANBK,76.06162178,78.2014628,76.06162178,77.6470475,4435981.88015296,1.694264957577456,-0.7585334941076155
2565,2013-05-08,NSE:CANBK,78.0069318,78.78505581,76.48959193,78.39599381,5051863.14724272,0.9645522065729464,1.694264957577456
2566,2013-05-09,NSE:CANBK,77.8124008,79.56317982,77.4233388,79.19357286,6588291.77263992,1.017372203907533,0.9645522065729464
2567,2013-05-10,NSE:CANBK,78.63915756,83.25926886,78.25982016,82.96747235,7253414.54828881,4.765411325325057,1.017372203907533
2568,2013-05-13,NSE:CANBK,83.22036071,83.25926886,78.69751491,78.90177636,5312258.65993329,-4.900349347571748,4.765411325325057
2569,2013-05-14,NSE:CANBK,79.08657692,80.65255537,78.62943295,80.08841547,4032832.77181701,1.5039447332412397,-4.900349347571748
2570,2013-05-15,NSE:CANBK,80.14677282,84.01793782,80.14677282,83.63860626,5725308.50378286,4.432839342825872,1.5039447332412397
2571,2013-05-16,NSE:CANBK,82.67567585,85.76871684,82.67567585,84.66961862,4574340.28947222,1.2326991159979084,4.432839342825872
2572,2013-05-17,NSE:CANBK,84.03739286,86.13832574,82.9188396,86.11887653,3431386.22192467,1.7116622628292646,1.2326991159979084
2573,2013-05-20,NSE:CANBK,86.37176489,88.95902527,86.00215793,86.37176489,6311415.59636854,0.293650324051667,1.7116622628292646
2574,2013-05-21,NSE:CANBK,86.45930578,87.46114044,85.59364088,86.17723389,5359896.31102604,-0.22522522290443592,0.293650324051667
2575,2013-05-22,NSE:CANBK,86.22586664,88.64777956,85.59364088,85.74926374,6404860.85606036,-0.496616253135104,-0.22522522290443592
2576,2013-05-23,NSE:CANBK,85.04895602,85.19485427,82.08235824,82.94801731,3053862.84906917,-3.266787734170703,-0.496616253135104
2577,2013-05-24,NSE:CANBK,82.3352466,83.64833086,80.73036583,83.53161031,4144876.60943627,0.7035647372003563,-3.266787734170703
2578,2013-05-27,NSE:CANBK,83.64833086,84.48481222,81.38204663,83.50243261,3681125.33548766,-0.034930129913360815,0.7035647372003563
2579,2013-05-28,NSE:CANBK,83.65805546,85.86598234,83.103646,84.81551687,3336285.69907844,1.5725101879759433,-0.034930129913360815
2580,2013-05-29,NSE:CANBK,85.77844728,85.77844728,81.70302084,81.71274544,4201129.85384201,-3.658259177687648,1.5725101879759433
2581,2013-05-30,NSE:CANBK,81.99481734,84.62098587,80.84708638,82.40333439,8907742.11917132,0.8451422679306215,-3.658259177687648
2582,2013-05-31,NSE:CANBK,82.48114485,83.03556015,78.89204592,80.53583483,4834679.25590596,-2.2662912536542064,0.8451422679306215
2583,2013-06-03,NSE:CANBK,79.60208796,80.53583483,78.97958681,79.17411781,2931332.25109281,-1.690821263446758,-2.2662912536542064
2584,2013-06-04,NSE:CANBK,79.44645927,80.80817629,77.03427679,77.30661825,5288838.22846911,-2.3587248101476495,-1.690821263446758
2585,2013-06-05,NSE:CANBK,77.22880779,78.11392191,76.21724464,77.63732484,5062113.4414349,0.42778561200354337,-2.3587248101476495
2586,2013-06-06,NSE:CANBK,76.83974579,81.06107048,76.67439249,80.88598869,6152155.63429833,4.184409826967964,0.42778561200354337
2587,2013-06-07,NSE:CANBK,79.58263486,80.90544179,76.83974579,76.90783359,5837501.41789739,-4.918225225936852,4.184409826967964
2588,2013-06-10,NSE:CANBK,77.8124008,78.68779031,75.77954988,76.47986149,3525396.94418476,-0.55647400274143,-4.918225225936852
2589,2013-06-11,NSE:CANBK,76.06162178,78.39599381,75.59474932,76.35341829,3864150.14713182,-0.16532875130343191,-0.55647400274143
2590,2013-06-12,NSE:CANBK,76.40205104,77.6178698,75.48775338,76.57712699,3494286.22179204,0.2929910736285951,-0.16532875130343191
2591,2013-06-13,NSE:CANBK,75.86709078,76.37287333,73.92178076,73.99959122,4507970.40566316,-3.3659342826175638,0.2929910736285951
2592,2013-06-14,NSE:CANBK,74.89443577,77.41361419,74.89443577,75.78928032,5898540.53185826,2.4185121437756014,-3.3659342826175638
2593,2013-06-17,NSE:CANBK,76.25615278,76.52849424,73.5716269,75.69201482,4126442.52971051,-0.12833675104094985,2.4185121437756014
2594,2013-06-18,NSE:CANBK,75.08896677,76.52849424,74.31084276,74.44701641,3105571.8306535,-1.644821336782582,-0.12833675104094985
2595,2013-06-19,NSE:CANBK,74.16494451,74.89443577,73.34791236,73.77588251,4035850.28570408,-0.9014920037948648,-1.644821336782582
2596,2013-06-20,NSE:CANBK,73.33818775,73.52299415,68.0858507,69.45729232,5790789.06918909,-5.853661173642542,-0.9014920037948648
2597,2013-06-21,NSE:CANBK,70.05061577,70.89682562,66.91866469,68.90288285,6047555.34030509,-0.7982019619275535,-5.853661173642542
2598,2013-06-24,NSE:CANBK,68.86397471,70.21596712,66.25726123,66.91866469,4425644.19629114,-2.8797317005147596,-0.7982019619275535
2599,2013-06-25,NSE:CANBK,66.91866469,67.85241155,65.16788567,65.88765232,4426662.02891403,-1.5406947744342374,-2.8797317005147596
2600,2013-06-26,NSE:CANBK,66.23780618,68.72780106,66.15999573,66.76304183,5672746.18777731,1.3286093511853407,-1.5406947744342374
2601,2013-06-27,NSE:CANBK,67.6967887,69.52537817,67.30772669,67.9885852,3796181.54642518,1.8356613725309598,1.3286093511853407
2602,2013-06-28,NSE:CANBK,68.3776472,70.80928473,68.3776472,70.78982968,5434223.79534137,4.120168807395618,1.8356613725309598
2603,2013-07-01,NSE:CANBK,70.03116072,75.28349777,70.03116072,74.89443577,5437945.56715438,5.798299146296243,4.120168807395618
2604,2013-07-02,NSE:CANBK,74.89443577,75.03060942,72.09319129,72.65732925,5130112.88555436,-2.9870129830073457,5.798299146296243
2605,2013-07-03,NSE:CANBK,71.97647074,71.97647074,68.57217821,69.44756771,4936940.59109406,-4.417670692182788,-2.9870129830073457
2606,2013-07-04,NSE:CANBK,67.6967887,69.16549582,66.34479629,67.48280265,7637193.99337695,-2.829134446010398,-4.417670692182788
2607,2013-07-05,NSE:CANBK,68.66944371,69.15577121,66.98675248,68.39710225,3484092.47385669,1.354863111927979,-2.829134446010398
2608,2013-07-08,NSE:CANBK,67.52171274,67.73569684,65.84874418,67.09374064,3366229.512353,-1.9055801592822745,1.354863111927979
2609,2013-07-09,NSE:CANBK,67.88159509,69.62264367,67.7259664,69.44756771,3562516.99150761,3.50826626678898,-1.9055801592822745
2610,2013-07-10,NSE:CANBK,69.83662972,70.36186537,67.01593019,67.11319569,4086567.13750953,-3.361344532248995,3.50826626678898
2611,2013-07-11,NSE:CANBK,68.66944371,69.38921036,68.1150284,68.63053556,2605003.80294139,2.2608666662345915,-3.361344532248995
2612,2013-07-12,NSE:CANBK,68.12475885,69.44756771,67.64815595,69.17522626,2783011.41943432,0.7936564905920194,2.2608666662345915
2613,2013-07-15,NSE:CANBK,68.84451966,70.61475373,68.10530575,70.61475373,4384941.17251296,2.080987006228842,0.7936564905920194
2614,2013-07-16,NSE:CANBK,68.0858507,68.99041791,63.95206691,64.00069966,8964766.44889744,-9.366391186874722,2.080987006228842
2615,2013-07-17,NSE:CANBK,64.48702716,65.06089556,61.29672068,62.24992064,6117821.77526644,-2.7355623130698694,-9.366391186874722
2616,2013-07-18,NSE:CANBK,62.44445164,64.37030662,61.37453113,64.00069966,5885416.65970548,2.812500003212849,-2.7355623130698694
2617,2013-07-19,NSE:CANBK,64.38976166,64.72046631,61.48152124,61.72468499,4603518.1579952,-3.556234044457625,2.812500003212849
2618,2013-07-22,NSE:CANBK,61.86085864,63.7478113,61.48152124,62.24992064,4318489.03960306,0.8509328967577435,-3.556234044457625
2619,2013-07-23,NSE:CANBK,62.84323825,64.07851011,62.47362935,63.086402,4315738.83529372,1.3437468697148858,0.8509328967577435
2620,2013-07-24,NSE:CANBK,61.66632763,62.05538964,57.38664559,57.39637019,8184124.8111188,-9.019426737952182,1.3437468697148858
2621,2013-07-25,NSE:CANBK,57.19211459,58.69000525,56.78359754,57.07539404,5018531.69912732,-0.5592272628695302,-9.019426737952182
2622,2013-07-26,NSE:CANBK,57.58117659,58.14531455,50.69478107,52.42610504,15806863.52502312,-8.145872802457827,-0.5592272628695302
2623,2013-07-29,NSE:CANBK,52.24129864,53.4765705,50.46133997,52.31911493,7142779.22652144,-0.20407793010442807,-8.145872802457827
2624,2013-07-30,NSE:CANBK,52.34829458,53.42793775,50.20845356,50.30571906,7597370.006864,-3.848298796135611,-0.20407793010442807
2625,2013-07-31,NSE:CANBK,50.18899852,54.07961856,47.86435304,52.81516704,12671635.75294801,4.988395011324577,-3.848298796135611
2626,2013-08-01,NSE:CANBK,53.8267302,54.3908701,49.44978071,50.18899852,8925153.22570538,-4.972375677636407,4.988395011324577
2627,2013-08-02,NSE:CANBK,50.51970316,51.00603067,46.09412092,46.10384747,8177817.33319813,-8.139534899011968,-4.972375677636407
2628,2013-08-05,NSE:CANBK,46.80416103,48.8272815,44.81994092,48.64247705,11987544.27841789,5.506329122860945,-8.139534899011968
2629,2013-08-06,NSE:CANBK,47.64064044,47.64064044,45.42298897,46.18165793,6791154.03929293,-5.058992200315993,5.506329122860945
2630,2013-08-07,NSE:CANBK,46.29837848,48.8272815,46.10384747,47.72818329,8920984.22440656,3.348787006183597,-5.058992200315993
2631,2013-08-08,NSE:CANBK,48.6327505,48.6327505,46.01630852,46.99869203,7542458.45091571,-1.528428718033437,3.348787006183597
2632,2013-08-12,NSE:CANBK,48.23396195,49.30388246,45.71478547,47.58228503,10431473.53962635,1.2417217901031883,-1.528428718033437
2633,2013-08-13,NSE:CANBK,47.66009549,49.0607187,46.95978194,48.62302395,6318905.40511378,2.187240312952233,1.2417217901031883
2634,2013-08-14,NSE:CANBK,48.06861254,49.74157721,47.73790595,48.2436885,7387357.20900672,-0.7801560231837437,2.187240312952233
2635,2013-08-16,NSE:CANBK,48.2436885,48.55494004,43.12752314,43.57494445,9264867.7150185,-9.677419358181954,-0.7801560231837437
2636,2013-08-19,NSE:CANBK,43.18588244,43.18588244,40.30682361,40.85151042,10504114.91737446,-6.250000004302931,-9.677419358181954
2637,2013-08-20,NSE:CANBK,39.49951996,42.58283439,39.12018645,42.31049294,9141787.07618028,3.571428583668037,-6.250000004302931
2638,2013-08-21,NSE:CANBK,45.61751997,46.95978194,39.87885541,40.07338641,16918388.15491219,-5.287356337758625,3.571428583668037
2639,2013-08-22,NSE:CANBK,39.68432441,41.31838288,39.1396376,41.07521913,13927851.972921,2.4999951582579594,-5.287356337758625
2640,2013-08-23,NSE:CANBK,41.22111738,42.01869643,40.85151042,41.29893172,8826474.86697262,0.5446412575230931,2.4999951582579594
2641,2013-08-26,NSE:CANBK,42.01869643,42.15486813,40.52080772,40.64725287,9237483.90500759,-1.5779557069860113,0.5446412575230931
2642,2013-08-27,NSE:CANBK,40.55971392,40.64725287,39.0034659,39.0618252,8430661.35031783,-3.9004546631246946,-1.5779557069860113
2643,2013-08-28,NSE:CANBK,38.5171384,38.59494885,36.84416983,37.72928784,8847021.72047621,-3.4113545723408834,-3.9004546631246946
2644,2013-08-29,NSE:CANBK,38.32260739,38.88674535,37.17487643,37.74874094,10782096.31593837,0.051559679797019406,-3.4113545723408834
2645,2013-08-30,NSE:CANBK,37.93354539,39.98584746,37.45694444,39.76213486,13381748.78675636,5.33367171954214,0.051559679797019406
2646,2013-09-02,NSE:CANBK,39.78158991,40.78342262,39.63569166,40.09284146,6789015.56267109,0.8317123845698842,5.33367171954214
2647,2013-09-03,NSE:CANBK,40.36518292,40.62780171,37.54448339,37.56393843,8356385.27169053,-6.307617364868112,0.8317123845698842
2648,2013-09-04,NSE:CANBK,37.75846943,38.92565545,37.05815588,38.32260739,7019318.18559183,2.0196736330344405,-6.307617364868112
2649,2013-09-05,NSE:CANBK,39.68432441,41.20166622,39.30498895,40.86123697,16896972.54528098,6.62436549310169,2.0196736330344405
2650,2013-09-06,NSE:CANBK,41.53236893,41.88252473,39.45088721,39.64541821,22589885.18447049,-2.9754820219775584,6.62436549310169
2651,2013-09-10,NSE:CANBK,41.02658638,41.04604142,40.03448021,40.36518292,13862890.60496383,1.8155054038967084,-2.9754820219775584
2652,2013-09-11,NSE:CANBK,40.58889162,43.47767895,39.68432441,43.07889039,39916419.08059466,6.722891545860968,1.8155054038967084
2653,2013-09-12,NSE:CANBK,43.92510025,44.41142776,42.25213363,43.96400645,23928072.91456814,2.0546398757881317,6.722891545860968
2654,2013-09-13,NSE:CANBK,43.27342139,45.48134827,42.99135144,44.15853745,18658794.55039254,0.4424778715771428,2.0546398757881317
2655,2013-09-16,NSE:CANBK,45.50079942,45.73424052,43.10807199,43.76947545,14326240.91454585,-0.8810572597439945,0.4424778715771428
2656,2013-09-17,NSE:CANBK,43.76947545,43.76947545,42.11596193,42.81627549,11895065.44566095,-2.1777733230750864,-0.8810572597439945
2657,2013-09-18,NSE:CANBK,43.38041345,44.41142776,42.8746309,44.12935975,10055759.64698933,3.066787675884315,-2.1777733230750864
2658,2013-09-19,NSE:CANBK,45.90931647,48.4382195,45.36462967,47.62118929,22217291.61709659,7.912712896316148,3.066787675884315
2659,2013-09-20,NSE:CANBK,47.89353269,49.41087451,43.76947545,45.57861377,27211020.07175186,-4.2892156841385765,7.912712896316148
2660,2013-09-23,NSE:CANBK,44.64486496,45.61751997,43.09834349,43.74029775,15461463.56661444,-4.033286376976167,-4.2892156841385765
2661,2013-09-24,NSE:CANBK,43.25397024,44.70322426,42.81627549,43.4290462,9365910.73540042,-0.7115899205327231,-4.033286376976167
2662,2013-09-25,NSE:CANBK,43.63330375,44.19744365,42.01869643,43.17615589,11004415.63550883,-0.5823068478994251,-0.7115899205327231
2663,2013-09-26,NSE:CANBK,43.22478864,44.33361341,43.03998419,43.86674095,7104543.67576845,1.5994593445498226,-0.5823068478994251
2664,2013-09-27,NSE:CANBK,44.00291265,44.97556766,43.47767895,43.57494445,6439950.37870622,-0.6651884632427971,1.5994593445498226
2665,2013-09-30,NSE:CANBK,43.18588244,43.80838165,42.05760263,42.95244524,9624327.12910202,-1.4285714367674742,-0.6651884632427971
2666,2013-10-01,NSE:CANBK,43.39014,44.54759946,42.64119564,44.52814441,6327993.9307566,3.668473729948698,-1.4285714367674742
2667,2013-10-03,NSE:CANBK,44.57677716,46.04548817,44.33361341,45.99685542,6897296.50392692,3.298388085693867,3.668473729948698
2668,2013-10-04,NSE:CANBK,45.75369167,46.68744048,45.16037017,45.81205097,7793755.15682585,-0.4017762699483282,3.298388085693867
2669,2013-10-07,NSE:CANBK,45.78287327,46.11357402,44.65459151,45.14091901,4314438.27138669,-1.4649681596650068,-0.4017762699483282
2670,2013-10-08,NSE:CANBK,46.68744048,47.05704744,45.36462967,45.46189517,5950681.321222,0.7110536671371165,-1.4649681596650068
2671,2013-10-09,NSE:CANBK,45.13119246,46.39564398,44.5670545,46.27892343,6453968.70983063,1.797171580605712,0.7110536671371165
2672,2013-10-10,NSE:CANBK,45.78287327,46.66798543,45.78287327,45.99685542,4744256.65067001,-0.6094956172146984,1.797171580605712
2673,2013-10-11,NSE:CANBK,46.70689553,48.01997979,46.29837848,47.34884394,9055507.76939914,2.9393064105250497,-0.6094956172146984
2674,2013-10-14,NSE:CANBK,47.28076004,48.6716567,47.28076004,47.36829899,6141936.18351896,0.041088753982359,2.9393064105250497
2675,2013-10-15,NSE:CANBK,48.12696795,48.2436885,44.33361341,44.45033396,8217903.48872001,-6.160164270657079,0.041088753982359
2676,2013-10-17,NSE:CANBK,45.06310467,45.06310467,42.98162489,43.02052915,9354647.74915414,-3.2166345730645216,-6.160164270657079
2677,2013-10-18,NSE:CANBK,43.57494445,45.07283316,43.4582239,44.82966941,6608144.64935517,4.205295229382364,-3.2166345730645216
2678,2013-10-21,NSE:CANBK,45.02420041,45.88986143,44.64486496,45.53970951,6222699.65997502,1.5838620033223227,4.205295229382364
2679,2013-10-22,NSE:CANBK,45.46189517,45.79259593,44.64486496,44.72267541,8701990.85285131,-1.794113552306673,1.5838620033223227
2680,2013-10-23,NSE:CANBK,45.13119246,46.64853428,45.00474926,45.95794922,12816409.59213278,2.7620749400063733,-1.794113552306673
2681,2013-10-24,NSE:CANBK,46.31783352,47.15431294,45.32572347,45.67587927,10518930.03666326,-0.613756607479885,2.7620749400063733
2682,2013-10-25,NSE:CANBK,45.45216667,45.87041027,44.89775526,45.13119246,4692537.38794807,-1.1925042685664358,-0.613756607479885
2683,2013-10-28,NSE:CANBK,45.44244401,45.74396317,43.74029775,43.76947545,5554559.37043906,-3.017241370714714,-1.1925042685664358
2684,2013-10-29,NSE:CANBK,43.9153737,46.00658197,43.18588244,45.93849418,9328513.09736224,4.95555111798809,-3.017241370714714
2685,2013-10-30,NSE:CANBK,46.00658197,46.38591743,44.95611651,45.17009866,5161650.27515768,-1.6726615308486337,4.95555111798809
2686,2013-10-31,NSE:CANBK,44.93666146,50.96712252,44.83939596,50.50025006,24050505.84173725,11.800176572826636,-1.6726615308486337
2687,2013-11-01,NSE:CANBK,50.57806052,53.99207766,50.53915237,51.06438803,25983447.10114638,1.1170993595670216,11.800176572826636
2688,2013-11-05,NSE:CANBK,52.23157404,57.09484909,51.44372542,54.33250691,23295474.51773265,6.399996173615157,1.1170993595670216
2689,2013-11-06,NSE:CANBK,54.68266661,55.42188052,52.11485349,52.56227869,13251173.1986041,-3.258138305549428,6.399996173615157
2690,2013-11-07,NSE:CANBK,52.38719689,53.2625864,49.73184872,49.89720201,14733327.69858452,-5.0703218095204665,-3.258138305549428
2691,2013-11-08,NSE:CANBK,49.04126755,50.88931207,48.74947105,49.41087451,11694048.64320804,-0.9746588594337127,-5.0703218095204665
2692,2013-11-11,NSE:CANBK,49.0218125,50.23763127,47.58228503,47.85462649,13169499.84147,-3.149606307180492,-0.9746588594337127
2693,2013-11-12,NSE:CANBK,47.46556449,52.6984465,47.46556449,48.81755495,45454035.1362607,2.012195122244283,-3.149606307180492
2694,2013-11-13,NSE:CANBK,48.65220555,50.53915237,47.7865387,48.84673655,24408993.68831709,0.05977685697263938,2.012195122244283
2695,2013-11-14,NSE:CANBK,49.94583476,50.56833592,48.95372471,49.59567896,10980404.03863236,1.5332496352819251,0.05977685697263938
2696,2013-11-18,NSE:CANBK,50.22790666,51.61880333,50.11118806,51.53126048,13146249.0487763,3.902722093110346,1.5332496352819251
2697,2013-11-19,NSE:CANBK,51.57017058,51.84251203,50.23763127,50.77259152,17627159.5002631,-1.472249956498641,3.902722093110346
2698,2013-11-20,NSE:CANBK,50.61696867,50.89903473,48.38958675,48.4673972,14515825.091982,-4.54023371860377,-1.472249956498641
2699,2013-11-21,NSE:CANBK,48.2436885,48.41876445,46.49290948,46.62908118,14148459.48308023,-3.79289197728984,-4.54023371860377
2700,2013-11-22,NSE:CANBK,46.97923698,47.81572029,45.76341822,46.24974573,10666921.87191839,-0.8135168877458014,-3.79289197728984
2701,2013-11-25,NSE:CANBK,46.51236452,48.1756007,46.51236452,47.89353269,11329284.16212034,3.5541535073429684,-0.8135168877458014
2702,2013-11-26,NSE:CANBK,47.48501953,48.80782646,44.66432,45.56888722,48102456.183308,-4.853777408834529,3.5541535073429684
2703,2013-11-27,NSE:CANBK,45.47162172,46.65826278,45.40353392,46.47345443,15359963.0356091,1.9850544202075344,-4.853777408834529
2704,2013-11-28,NSE:CANBK,47.27103349,47.32939279,46.40537053,47.02786973,10022443.62058033,1.1929720026194368,1.9850544202075344
2705,2013-11-29,NSE:CANBK,46.83333873,48.535485,46.82361218,48.45767454,12767877.48206839,3.040335057081907,1.1929720026194368
2706,2013-12-02,NSE:CANBK,48.64247705,49.25524971,47.89353269,47.99079819,9548056.50977935,-0.963472462168218,3.040335057081907
2707,2013-12-03,NSE:CANBK,48.03943094,48.03943094,47.07650248,47.36829899,9372721.98906373,-1.2971219972951236,-0.963472462168218
2708,2013-12-04,NSE:CANBK,46.54154223,48.12696795,46.54154223,47.85462649,10747556.83415438,1.0266940345539344,-1.2971219972951236
2709,2013-12-05,NSE:CANBK,48.7689222,50.57806052,48.03943094,50.32517216,25210295.27211298,5.16260568978897,1.0266940345539344
2710,2013-12-06,NSE:CANBK,50.59751557,52.05649808,49.99446751,52.03704304,16384720.0046808,3.401619520659379,5.16260568978897
2711,2013-12-09,NSE:CANBK,53.49602555,54.83828752,53.00969805,53.84617941,16546406.31522579,3.476631769044495,3.401619520659379
2712,2013-12-10,NSE:CANBK,54.66321156,54.85774256,52.13430854,52.70817694,11889261.74348292,-2.11343215520441,3.476631769044495
2713,2013-12-11,NSE:CANBK,52.52337054,52.52337054,51.11302078,51.92032249,8612812.26526556,-1.4947480556894492,-2.11343215520441
2714,2013-12-12,NSE:CANBK,51.35618453,52.40664999,50.77259152,50.92821438,8753165.21528019,-1.910828096630331,-1.4947480556894492
2715,2013-12-13,NSE:CANBK,50.16954347,50.38352952,48.7883753,48.8661877,7520693.28260593,-4.048888627066768,-1.910828096630331
2716,2013-12-16,NSE:CANBK,48.54521155,49.56649931,48.06861254,48.7883753,8028740.83792567,-0.15923566716050394,-4.048888627066768
2717,2013-12-17,NSE:CANBK,49.37196831,49.96528981,47.38775403,47.54337494,11019667.70314585,-2.551838121979846,-0.15923566716050394
2718,2013-12-18,NSE:CANBK,47.65036894,51.23946398,47.29048853,50.63641788,24162503.41423728,6.505728598155771,-2.551838121979846
2719,2013-12-19,NSE:CANBK,50.96712252,51.22974132,48.45767454,49.94583476,16972425.81416406,-1.3638072140817212,6.505728598155771
2720,2013-12-20,NSE:CANBK,49.85829387,52.03704304,49.40114796,51.60907289,11865985.24794521,3.3300837557169776,-1.3638072140817212
2721,2013-12-23,NSE:CANBK,51.22974132,54.85774256,51.22974132,53.69055655,18091034.14786297,4.03317390420186,3.3300837557169776
2722,2013-12-24,NSE:CANBK,54.07961856,56.20973497,53.13614125,55.83039757,21765358.51082492,3.9855072428002347,4.03317390420186
2723,2013-12-26,NSE:CANBK,56.11246947,57.28938009,54.87719761,55.04254896,18325829.6279171,-1.4111463365672834,3.9855072428002347
2724,2013-12-27,NSE:CANBK,55.63586657,56.18055143,54.46868056,55.05227357,8406089.43144188,0.017667441249979578,-1.4111463365672834
2725,2013-12-30,NSE:CANBK,55.26625961,55.88875493,53.6321992,53.76836701,9432398.85229193,-2.3321590131377357,0.017667441249979578
2726,2013-12-31,NSE:CANBK,54.25469451,55.05227357,53.41821509,55.00364082,11037860.17613789,2.297398784252203,-2.3321590131377357
2727,2014-01-01,NSE:CANBK,55.18844721,55.81094253,54.67293617,55.57750922,6251892.95020441,1.043328026008301,2.297398784252203
2728,2014-01-02,NSE:CANBK,55.44133557,56.88086304,51.55071553,52.71790154,18446365.68519808,-5.145260592158656,1.043328026008301
2729,2014-01-03,NSE:CANBK,52.05649808,54.42004781,51.60907289,54.22551681,17362003.82086142,2.8597786064304755,-5.145260592158656
2730,2014-01-06,NSE:CANBK,53.6419238,54.84801796,52.41638043,52.68872384,8942204.49242327,-2.8340771290105855,2.8597786064304755
2731,2014-01-07,NSE:CANBK,52.84434475,53.7294647,51.57017058,52.10513083,12968524.16356751,-1.1076241128409179,-2.8340771290105855
2732,2014-01-08,NSE:CANBK,52.52337054,54.17688406,52.05649808,53.24313719,16658306.21691858,2.1840581567924615,-1.1076241128409179
2733,2014-01-09,NSE:CANBK,53.43766819,53.97262845,51.80360389,51.93005293,11737671.51006604,-2.466203776299299,2.1840581567924615
2734,2014-01-10,NSE:CANBK,52.13430854,53.0583308,50.85040198,51.22001088,14745156.14739907,-1.3673046914801317,-2.466203776299299
2735,2014-01-13,NSE:CANBK,51.86196708,51.93977753,50.28626402,51.45345003,12542859.36387661,0.4557577126387412,-1.3673046914801317
2736,2014-01-14,NSE:CANBK,51.10329617,51.71606883,49.74157721,49.82911422,10812533.62381797,-3.156903587714579,0.4557577126387412
2737,2014-01-15,NSE:CANBK,50.33489677,51.79387928,50.00419212,51.51180738,14427088.59331327,3.3769276984751495,-3.156903587714579
2738,2014-01-16,NSE:CANBK,51.93005293,52.23157404,51.39509267,51.65770564,10589001.13001011,0.2832326556195527,3.3769276984751495
2739,2014-01-17,NSE:CANBK,51.55071553,51.84251203,50.09173302,50.18899852,8709300.74168846,-2.8431520560269403,0.2832326556195527
2740,2014-01-20,NSE:CANBK,50.38352952,50.76286692,49.67349331,50.68505063,7230076.36592547,0.9883682173939519,-2.8431520560269403
2741,2014-01-21,NSE:CANBK,50.86013242,52.40664999,50.86013242,51.52153783,12525304.32141608,1.6503627590437715,0.9883682173939519
2742,2014-01-22,NSE:CANBK,51.57017058,52.17321668,51.04493298,51.71606883,11652754.45401757,0.37757219251077195,1.6503627590437715
2743,2014-01-23,NSE:CANBK,51.55071553,52.27048218,51.35618453,51.69661378,11116582.84677935,-0.037618965323814424,0.37757219251077195
2744,2014-01-24,NSE:CANBK,50.32517216,50.51970316,48.04915749,48.2436885,15810631.56195535,-6.6792097731860425,-0.037618965323814424
2745,2014-01-27,NSE:CANBK,47.06677593,47.34884394,45.18955176,45.34517851,11112562.9219758,-6.0080604947940515,-6.6792097731860425
2746,2014-01-28,NSE:CANBK,45.32572347,46.99869203,43.86674095,44.64486496,21280587.4510429,-1.5444057626668215,-6.0080604947940515
2747,2014-01-29,NSE:CANBK,45.52025447,45.69533042,43.973733,44.26552951,8366918.29716685,-0.8496731938597384,-1.5444057626668215
2748,2014-01-30,NSE:CANBK,43.41931965,43.71111615,41.73662648,41.97979023,16274573.03694966,-5.163700299764021,-0.8496731938597384
2749,2014-01-31,NSE:CANBK,42.40775844,43.76947545,41.82416543,43.14697624,24077308.76747348,2.7803521732843155,-5.163700299764021
2750,2014-02-03,NSE:CANBK,42.60228944,43.4582239,41.87279818,41.94088598,13306881.54271678,-2.79530656630784,2.7803521732843155
2751,2014-02-04,NSE:CANBK,41.53236893,43.13724969,41.04604142,43.02052915,12492851.91056591,2.5742021055893876,-2.79530656630784
2752,2014-02-05,NSE:CANBK,43.01080649,43.5652179,42.48556889,43.10807199,10384961.67310134,0.2034908489729666,2.5742021055893876
2753,2014-02-06,NSE:CANBK,43.30260299,44.0515454,42.25213363,42.79682044,11304450.07423547,-0.7220261441342218,0.2034908489729666
2754,2014-02-07,NSE:CANBK,43.23451519,43.53603825,42.41748499,42.88435939,10710102.64985938,0.20454545244250055,-0.7220261441342218
2755,2014-02-10,NSE:CANBK,43.09834349,43.67220995,42.52447898,42.60228944,7662655.23065573,-0.6577455137776289,0.20454545244250055
2756,2014-02-11,NSE:CANBK,43.04971074,43.1664274,42.44666464,42.62174448,5896278.68158516,0.0456666537308913,-0.6577455137776289
2757,2014-02-12,NSE:CANBK,42.99135144,43.38041345,42.32994798,42.59256289,7248320.24460554,-0.0684664373925063,0.0456666537308913
2758,2014-02-13,NSE:CANBK,42.79682044,42.91354099,41.33783793,41.47400963,8208352.31188497,-2.6261703548781345,-0.0684664373925063
2759,2014-02-14,NSE:CANBK,41.55182397,41.69772222,40.65697942,41.42537688,11319270.33409307,-0.11726078677673271,-2.6261703548781345
2760,2014-02-17,NSE:CANBK,41.61990788,41.94088598,41.09467417,41.76580613,7441240.65119451,0.8217891438529252,-0.11726078677673271
2761,2014-02-18,NSE:CANBK,42.00896988,42.89408594,41.80471038,42.52447898,8310654.7716235,1.816492773151692,0.8217891438529252
2762,2014-02-19,NSE:CANBK,42.33967064,43.15670474,41.71717338,42.07705573,9529108.37317334,-1.0521545724532706,1.816492773151692
2763,2014-02-20,NSE:CANBK,41.82416543,41.92143093,41.09467417,41.21139472,7759668.04509648,-2.0573231538698176,-1.0521545724532706
2764,2014-02-21,NSE:CANBK,41.25029897,41.80471038,41.25029897,41.67826718,5683047.88765752,1.1328722630525851,-2.0573231538698176
2765,2014-02-24,NSE:CANBK,41.27947862,42.29103789,41.27947862,42.15486813,6048552.61065277,1.1435239088555558,1.1328722630525851
2766,2014-02-25,NSE:CANBK,42.42721348,42.57311173,41.43510343,41.71717338,5949164.85342527,-1.0383017891319366,1.1435239088555558
2767,2014-02-26,NSE:CANBK,41.72689993,41.97979023,41.21139472,41.28920517,5280880.62796284,-1.0258801719417836,-1.0383017891319366
2768,2014-02-28,NSE:CANBK,41.51291388,42.38830339,41.33783793,42.03815148,8190607.06837875,1.813903432910285,-1.0258801719417836
2769,2014-03-03,NSE:CANBK,41.62963443,42.47584623,41.24057242,41.43510343,8411908.55532631,-1.4345256124949033,1.813903432910285
2770,2014-03-04,NSE:CANBK,41.62963443,42.91354099,41.33783793,42.68982839,14270758.75546048,3.0281690067932923,-1.4345256124949033
2771,2014-03-05,NSE:CANBK,43.18588244,44.73240391,42.60228944,44.34334191,26003582.70914576,3.8733196697209706,3.0281690067932923
2772,2014-03-06,NSE:CANBK,44.93666146,45.30626842,44.38224616,45.04365351,15296261.10700854,1.5792936883768558,3.8733196697209706
2773,2014-03-07,NSE:CANBK,45.17009866,46.57071993,44.99502076,45.96767577,20065007.42745364,2.0513927889860484,1.5792936883768558
2774,2014-03-10,NSE:CANBK,45.90931647,46.88197148,45.76341822,46.24001918,14143920.36082763,0.5924672184051077,2.0513927889860484
2775,2014-03-11,NSE:CANBK,46.34701123,48.3993133,45.94822267,46.84306528,35091316.70436777,1.3041649002187985,0.5924672184051077
2776,2014-03-12,NSE:CANBK,46.68744048,47.04732478,45.71478547,45.89958992,8854038.59689162,-2.014119602038137,1.3041649002187985
2777,2014-03-13,NSE:CANBK,45.52025447,47.53365228,45.52025447,46.24974573,15656594.41778848,0.7628735041212846,-2.014119602038137
2778,2014-03-14,NSE:CANBK,45.88986143,46.68744048,44.99502076,46.43455018,9609100.76430902,0.399579385968662,0.7628735041212846
2779,2014-03-18,NSE:CANBK,46.92087768,48.41876445,46.92087768,48.2047823,17000328.82162402,3.812316719205474,0.399579385968662
2780,2014-03-19,NSE:CANBK,48.6327505,49.17743731,47.59200769,47.91298579,13035557.18075209,-0.6053268909794403,3.812316719205474
2781,2014-03-20,NSE:CANBK,47.66009549,47.75736099,46.33728468,46.53181568,8594337.06098938,-2.882663409985745,-0.6053268909794403
2782,2014-03-21,NSE:CANBK,47.15431294,47.54337494,46.51236452,46.66798543,7267669.34557814,0.29263794676838306,-2.882663409985745
2783,2014-03-24,NSE:CANBK,47.21267419,47.95189199,47.12513523,47.66009549,7761703.71034227,2.125890052588888,0.29263794676838306
2784,2014-03-25,NSE:CANBK,47.66009549,48.2436885,47.28076004,47.71845479,7491757.02081666,0.12244897833292051,2.125890052588888
2785,2014-03-26,NSE:CANBK,48.04915749,48.58411775,47.46556449,48.01025129,9863075.70656527,0.6114961209120005,0.12244897833292051
2786,2014-03-27,NSE:CANBK,47.87408154,49.60540551,47.67955054,48.8856408,27268203.75911085,1.823338738038082,0.6114961209120005
2787,2014-03-28,NSE:CANBK,49.59567896,52.52337054,49.50814001,52.08567579,22215677.47849261,6.545961017657369,1.823338738038082
2788,2014-03-31,NSE:CANBK,52.91243254,53.58356645,50.71423417,51.42427232,17180233.30800506,-1.2698375512428064,6.545961017657369
2789,2014-04-01,NSE:CANBK,51.82305699,52.12458393,50.25708631,50.79204657,14527232.01415474,-1.229430619972268,-1.2698375512428064
2790,2014-04-02,NSE:CANBK,51.36590913,54.46868056,50.86985702,54.0212612,20214366.65401024,6.357717099565184,-1.229430619972268
2791,2014-04-03,NSE:CANBK,54.37141506,54.66321156,52.5817279,53.42793775,18903603.85847393,-1.0983146946595164,6.357717099565184
2792,2014-04-04,NSE:CANBK,53.14587169,54.17688406,52.82489165,53.56411335,12014820.13648395,0.2548771405649124,-1.0983146946595164
2793,2014-04-07,NSE:CANBK,53.86563251,54.33250691,51.98841028,53.48630095,10942384.39176908,-0.14526965002025766,0.2548771405649124
2794,2014-04-09,NSE:CANBK,54.07961856,55.86930572,53.49602555,55.45106017,19105581.9472929,3.673387736864981,-0.14526965002025766
2795,2014-04-10,NSE:CANBK,55.45106017,56.78359754,54.12825131,55.27598227,19669368.69013814,-0.31573408959765614,3.673387736864981
2796,2014-04-11,NSE:CANBK,54.27414956,55.57750922,54.07961856,54.60485421,11042394.15782169,-1.2141404502263238,-0.31573408959765614
2797,2014-04-15,NSE:CANBK,54.79938521,55.28571271,51.93977753,52.46501318,14616590.52164857,-3.918774367147971,-1.2141404502263238
2798,2014-04-16,NSE:CANBK,52.34829458,53.14587169,50.38352952,50.70450373,14806981.76838672,-3.3555875492872618,-3.918774367147971
2799,2014-04-17,NSE:CANBK,51.16165353,53.8072771,50.61696867,53.49602555,16809423.51800563,5.505471140916341,-3.3555875492872618
2800,2014-04-21,NSE:CANBK,53.58356645,55.17871677,53.22368409,54.72156892,13159748.18245166,2.290905459611296,5.505471140916341
2801,2014-04-22,NSE:CANBK,54.98418577,55.44133557,53.9337203,54.34223735,11273005.21487058,-0.6932030230247372,2.290905459611296
2802,2014-04-23,NSE:CANBK,54.20606176,55.43161097,53.8072771,54.45895596,20566490.4764126,0.2147843292653822,-0.6932030230247372
2803,2014-04-25,NSE:CANBK,54.66321156,56.74469523,54.60485421,55.86930572,17452189.95993245,2.589748068317545,0.2147843292653822
2804,2014-04-28,NSE:CANBK,56.06383672,57.57145199,54.77993211,57.31855779,21210428.96802639,2.594004080278376,2.589748068317545
2805,2014-04-29,NSE:CANBK,57.77570759,58.1647696,55.47051327,55.83039757,16346947.10512004,-2.5962973901964213,2.594004080278376
2806,2014-04-30,NSE:CANBK,56.38481288,58.02859595,54.46868056,55.56777878,24733024.30221379,-0.4703867452685323,-2.5962973901964213
2807,2014-05-02,NSE:CANBK,55.92766308,56.78359754,55.13981446,55.51914603,9860371.76737516,-0.08751969408843788,-0.4703867452685323
2808,2014-05-05,NSE:CANBK,55.43161097,60.40187612,55.17871677,59.16660231,55125712.04460254,6.569726915520426,-0.08751969408843788
2809,2014-05-06,NSE:CANBK,59.81828312,59.91554862,55.67477472,55.92766308,35688537.70670446,-5.474269441787048,6.569726915520426
2810,2014-05-07,NSE:CANBK,56.02492858,56.48207838,54.76047706,55.08145127,19297463.95898377,-1.513046967096698,-5.474269441787048
2811,2014-05-08,NSE:CANBK,55.53860107,55.74285668,53.22368409,53.7294647,19133125.1149367,-2.4545224187590673,-1.513046967096698
2812,2014-05-09,NSE:CANBK,53.96289801,55.96657122,53.12641859,55.71367703,18857410.70721468,3.6929687296884577,-2.4545224187590673
2813,2014-05-12,NSE:CANBK,56.39453553,57.58117659,55.97629583,56.45289873,16430260.30370213,1.326822675160993,3.6929687296884577
2814,2014-05-13,NSE:CANBK,57.19211459,59.72101761,56.69606248,58.72890756,29937356.72013862,4.0316952383359075,1.326822675160993
2815,2014-05-14,NSE:CANBK,59.11796956,65.71257053,58.49547425,64.90526687,54223593.62545205,10.516727735297929,4.0316952383359075
2816,2014-05-15,NSE:CANBK,65.16788567,69.51565551,64.0201547,64.92472192,50024463.45287422,0.029974532019038585,10.516727735297929
2817,2014-05-16,NSE:CANBK,68.0858507,80.67200847,68.0858507,70.40076768,79070944.17783341,8.434453930734689,0.029974532019038585
2818,2014-05-19,NSE:CANBK,72.94912575,77.95829905,72.20990989,76.90783359,33959543.37396566,9.242890559911569,8.434453930734689
2819,2014-05-20,NSE:CANBK,78.54189206,81.25560148,75.38076328,79.86470093,37796535.89611387,3.8446894184579805,9.242890559911569
2820,2014-05-21,NSE:CANBK,80.69145768,80.71091078,77.27744054,78.96986221,21327063.33358628,-1.12044333676815,3.8446894184579805
2821,2014-05-22,NSE:CANBK,79.36864882,81.66411269,78.90177636,80.68173308,19816450.64471523,2.167752129853942,-1.12044333676815
2822,2014-05-23,NSE:CANBK,81.11942783,93.45269142,80.82763133,91.24476454,49669553.4421809,13.092221816214863,2.167752129853942
2823,2014-05-26,NSE:CANBK,92.98581896,95.68007528,81.30423423,87.2471544,52724398.13989135,-4.381193989763137,13.092221816214863
2824,2014-05-27,NSE:CANBK,87.2471544,87.94746795,81.14860554,83.5705204,30641203.40057674,-4.214044601550916,-4.381193989763137
2825,2014-05-28,NSE:CANBK,82.87020685,86.71219414,82.83129871,84.14438297,25616610.97083127,0.6866806228479446,-4.214044601550916
2826,2014-05-29,NSE:CANBK,84.69879633,87.14016429,82.67567585,84.18329112,34454014.687078,0.04623974723765413,0.6866806228479446
2827,2014-05-30,NSE:CANBK,84.61126127,85.57418583,80.18568097,80.68173308,22902971.52738667,-4.159445411808231,0.04623974723765413
2828,2014-06-02,NSE:CANBK,81.27505069,86.25504434,80.95407454,85.73953913,25637044.7318212,6.268836646065755,-4.159445411808231
2829,2014-06-03,NSE:CANBK,86.37176489,87.1498889,83.86231691,85.39910988,29885195.36849967,-0.3970504780575436,6.268836646065755
2830,2014-06-04,NSE:CANBK,84.74742908,88.20035436,84.03739286,87.7043042,26889935.00377899,2.6993189077019433,-0.3970504780575436
2831,2014-06-05,NSE:CANBK,88.1128193,89.87332292,87.28606254,88.83258012,22484971.3157803,1.2864544451856073,2.6993189077019433
2832,2014-06-06,NSE:CANBK,89.99004347,91.5073814,89.11465396,91.24476454,20260508.39958147,2.71542762434851,1.2864544451856073
2833,2014-06-09,NSE:CANBK,92.40222595,96.876439,91.7991779,95.94269213,31195238.48440363,5.1487092039571305,2.71542762434851
2834,2014-06-10,NSE:CANBK,96.23448863,96.27339094,90.89461068,93.51105461,17787149.42310327,-2.5344687187901567,5.1487092039571305
2835,2014-06-11,NSE:CANBK,93.17062535,95.45636463,90.56390604,91.37121358,19261901.50400808,-2.2883294803213206,-2.5344687187901567
2836,2014-06-12,NSE:CANBK,90.67090198,93.06362941,89.89277797,91.53656105,13497303.63286773,0.1809623222911782,-2.2883294803213206
2837,2014-06-13,NSE:CANBK,91.81863294,92.2660523,86.80945964,87.61676136,21541676.9405218,-4.282223021093062,0.1809623222911782
2838,2014-06-16,NSE:CANBK,86.56629589,87.13043385,82.9188396,85.39910988,19548611.58839865,-2.531081320032029,-4.282223021093062
2839,2014-06-17,NSE:CANBK,84.81551687,88.48242821,83.94012736,87.88910476,19514370.2596052,2.915715261551152,-2.531081320032029
2840,2014-06-18,NSE:CANBK,88.20035436,90.05812932,84.80579227,85.88543738,20435488.22104972,-2.279767652055893,2.915715261551152
2841,2014-06-19,NSE:CANBK,86.64410635,87.12071119,83.46352446,83.79422911,13167253.41290331,-2.4348810855412513,-2.279767652055893
2842,2014-06-20,NSE:CANBK,82.94801731,84.42645487,81.71274544,82.18934835,13540880.23460651,-1.9152640665662186,-2.4348810855412513
2843,2014-06-23,NSE:CANBK,82.48114485,85.66172868,81.31395884,84.60153082,16956654.54907799,2.9349088640146035,-1.9152640665662186
2844,2014-06-24,NSE:CANBK,85.20457888,87.6362164,85.20457888,86.93590285,12969896.69543778,2.759255071833949,2.9349088640146035
2845,2014-06-25,NSE:CANBK,87.1498889,87.22769935,86.02161103,86.52738774,8913432.72883569,-0.4699037987847967,2.759255071833949
2846,2014-06-26,NSE:CANBK,86.78028194,87.9961007,83.16200336,84.06657057,19809526.29853827,-2.843974878097942,-0.4699037987847967
2847,2014-06-27,NSE:CANBK,84.41673026,86.03133563,82.9869274,84.24164847,11314417.63714351,0.20826102315452777,-2.843974878097942
2848,2014-06-30,NSE:CANBK,84.23192387,90.45691593,84.23192387,89.95113338,19999624.53285466,6.77750852897098,0.20826102315452777
2849,2014-07-01,NSE:CANBK,90.45691593,91.39066279,88.99793342,89.75660238,12131356.8312366,-0.21626297823085613,6.77750852897098
2850,2014-07-02,NSE:CANBK,90.64172233,91.20586223,88.92012296,89.32863806,11064945.83315825,-0.47680539219626483,-0.21626297823085613
2851,2014-07-03,NSE:CANBK,89.20218902,89.63988378,86.62465325,86.9650825,20824927.43238942,-2.645910215727752,-0.47680539219626483
2852,2014-07-04,NSE:CANBK,87.1498889,87.8307474,85.33102208,87.23742979,13640036.66623791,0.31316855244747116,-2.645910215727752
2853,2014-07-07,NSE:CANBK,87.7334819,87.9280129,86.29395443,86.56629589,9515383.05447067,-0.7693187449648117,0.31316855244747116
2854,2014-07-08,NSE:CANBK,86.22586664,87.85020245,81.37231619,82.84102915,15309246.18380365,-4.303368535871876,-0.7693187449648117
2855,2014-07-09,NSE:CANBK,82.6367677,83.55106536,78.59052481,80.18568097,22044090.432434,-3.205353925760578,-4.303368535871876
2856,2014-07-10,NSE:CANBK,80.36075887,85.10731338,76.06162178,80.53583483,33562095.15643168,0.4366787882377596,-3.205353925760578
2857,2014-07-11,NSE:CANBK,79.75771082,80.22458328,74.91389082,75.68228438,20612549.97288299,-6.0265724695660925,0.4366787882377596
2858,2014-07-14,NSE:CANBK,74.96252357,77.38443065,74.24275497,76.57712699,17085518.32781903,1.1823673364654295,-6.0265724695660925
2859,2014-07-15,NSE:CANBK,77.7151353,79.94251722,75.86709078,79.56317982,26421696.01326579,3.899405667687097,1.1823673364654295
2860,2014-07-16,NSE:CANBK,80.47747747,81.02216233,79.19357286,80.70118813,12906760.22940549,1.4303202971205777,3.899405667687097
2861,2014-07-17,NSE:CANBK,80.00087457,81.60575534,79.56317982,81.14860554,12156314.29277273,0.5544124199005147,1.4303202971205777
2862,2014-07-18,NSE:CANBK,80.04950732,80.67200847,78.97958681,80.14677282,14481820.22935347,-1.234565539769114,0.5544124199005147
2863,2014-07-21,NSE:CANBK,80.57474297,82.01427239,77.46224694,78.03610951,21733954.77601046,-2.6334975642004803,-1.234565539769114
2864,2014-07-22,NSE:CANBK,78.21118741,78.64888216,76.89810315,78.18200776,15088427.91032352,0.186962485593039,-2.6334975642004803
2865,2014-07-23,NSE:CANBK,78.41544885,80.24403833,77.03427679,78.05556455,15606864.55519311,-0.1617292950420963,0.186962485593039
2866,2014-07-24,NSE:CANBK,78.18200776,79.31029146,77.44279384,78.49325931,11541178.40815933,0.5607476706156235,-0.1617292950420963
2867,2014-07-25,NSE:CANBK,78.06528916,78.86286627,75.91572353,76.85920084,11556332.8049891,-2.0817819063245615,0.5607476706156235
2868,2014-07-28,NSE:CANBK,76.85920084,78.25009555,76.85920084,77.65677794,9296764.94443801,1.0377119346587238,-2.0817819063245615
2869,2014-07-30,NSE:CANBK,77.85130895,78.35708566,76.29506093,78.08474226,8202995.83919277,0.5510971886197227,1.0377119346587238
2870,2014-07-31,NSE:CANBK,77.4233388,78.96013177,77.4233388,77.75404344,12143658.21238098,-0.42351272531432826,0.5510971886197227
2871,2014-08-01,NSE:CANBK,76.97591944,79.93278678,76.15888728,76.57712699,15516662.99441567,-1.5136401888966602,-0.42351272531432826
2872,2014-08-04,NSE:CANBK,76.77165799,79.36864882,76.74248029,78.84341317,12618955.20386,2.9594818571555406,-1.5136401888966602
2873,2014-08-05,NSE:CANBK,79.36864882,80.53583483,78.0069318,79.02821956,18029881.94138845,0.234396739777763,2.9594818571555406
2874,2014-08-06,NSE:CANBK,78.97958681,79.34919377,76.83974579,77.10236459,7755658.40143053,-2.4369206097802203,0.234396739777763
2875,2014-08-07,NSE:CANBK,77.03427679,77.79294575,76.31451014,76.72302524,8137844.2701899,-0.4919944440318689,-2.4369206097802203
2876,2014-08-08,NSE:CANBK,75.96435628,75.96435628,73.23119765,73.58135151,11459006.41585139,-4.094825145609696,-0.4919944440318689
2877,2014-08-11,NSE:CANBK,73.92178076,74.85552762,73.20201411,74.34975091,8036754.98468876,1.044285521033905,-4.094825145609696
2878,2014-08-12,NSE:CANBK,74.79717027,75.16677723,74.01904626,74.34002047,10797240.43163053,-0.013087387490749097,1.044285521033905
2879,2014-08-13,NSE:CANBK,73.75642746,74.22330187,69.35030221,71.05244848,15554600.39217811,-4.422344746766255,-0.013087387490749097
2880,2014-08-14,NSE:CANBK,71.78193974,73.62998426,70.26459987,72.95885035,14420539.50865888,2.683091027519803,-4.422344746766255
2881,2014-08-18,NSE:CANBK,72.29744495,74.89443577,71.97647074,74.49564916,6767492.00109502,2.1063912090550003,2.683091027519803
2882,2014-08-19,NSE:CANBK,75.16677723,75.55583923,73.94123581,74.41783287,10248664.63187189,-0.10445749634702725,2.1063912090550003
2883,2014-08-20,NSE:CANBK,73.72724976,74.54428191,72.85186025,73.52299415,9899152.21842121,-1.2024520004004728,-0.10445749634702725
2884,2014-08-21,NSE:CANBK,73.62998426,76.45068379,73.54244336,75.46830417,18040348.13947034,2.645852556046908,-1.2024520004004728
2885,2014-08-22,NSE:CANBK,75.87681538,77.59841475,75.87681538,76.77165799,11875623.8144499,1.727021475219665,2.645852556046908
2886,2014-08-25,NSE:CANBK,77.22880779,78.02638685,75.25432007,75.67255978,10628619.49377097,-1.4316457906160613,1.727021475219665
2887,2014-08-26,NSE:CANBK,75.30295282,77.03427679,73.61052921,76.60630664,11508936.76063006,1.2339305855578913,-1.4316457906160613
2888,2014-08-27,NSE:CANBK,77.22880779,77.50114925,75.28349777,75.74064757,9530953.83737344,-1.1300101884144387,1.2339305855578913
2889,2014-08-28,NSE:CANBK,76.02271364,76.21724464,73.33818775,73.56189646,10847175.91697801,-2.8765942461561047,-1.1300101884144387
2890,2014-09-01,NSE:CANBK,74.16494451,76.62575974,74.16494451,76.38259599,8615922.30939108,3.8344573287799637,-2.8765942461561047
2891,2014-09-02,NSE:CANBK,76.52849424,76.88837854,75.32240592,75.78928032,8757426.74681746,-0.7767681397967573,3.8344573287799637
2892,2014-09-03,NSE:CANBK,76.25615278,76.76193533,75.07924217,75.93517858,10341616.39695867,0.19250513975588524,-0.7767681397967573
2893,2014-09-04,NSE:CANBK,75.47802878,75.79900298,73.98013812,75.05978907,8433719.98875531,-1.1528115510754424,0.19250513975588524
2894,2014-09-05,NSE:CANBK,74.77771522,76.25615278,74.40810827,75.13759952,6915787.1299095,0.10366462651185439,-1.1528115510754424
2895,2014-09-08,NSE:CANBK,75.85736618,76.92728669,74.89443577,76.61603708,7447265.39783104,1.9676401288365293,0.10366462651185439
2896,2014-09-09,NSE:CANBK,76.83002119,77.3260733,76.10052993,76.84947039,6693210.78189892,0.3046794364425971,1.9676401288365293
2897,2014-09-10,NSE:CANBK,76.15888728,79.27138332,75.60447198,78.52243701,16683890.82784861,2.176939686779813,0.3046794364425971
2898,2014-09-11,NSE:CANBK,79.25192827,80.39966118,78.78505581,79.51454707,15320822.74474688,1.263473343133319,2.176939686779813
2899,2014-09-12,NSE:CANBK,79.95224182,80.63310033,78.40571841,80.31212612,11019693.40598986,1.0030605460128617,1.263473343133319
2900,2014-09-15,NSE:CANBK,79.85497632,81.54739798,78.6586126,80.55528987,12648616.28585042,0.3027733939413652,1.0030605460128617
2901,2014-09-16,NSE:CANBK,80.52611022,81.13888288,75.51693692,76.17834233,12516164.39008524,-5.433470039104198,0.3027733939413652
2902,2014-09-17,NSE:CANBK,77.20935275,77.38443065,74.94306852,76.12970958,10294657.30094785,-0.06384065144045266,-5.433470039104198
2903,2014-09-18,NSE:CANBK,75.67255978,78.47380426,75.38076328,78.23064051,11009890.34128349,2.7596728551712992,-0.06384065144045266
2904,2014-09-19,NSE:CANBK,78.83368856,78.97958681,76.68412293,76.87865394,8521947.5711126,-1.7282059320825494,2.7596728551712992
2905,2014-09-22,NSE:CANBK,76.13943224,77.4233388,75.86709078,76.60630664,7221743.50389662,-0.3542560724496563,-1.7282059320825494
2906,2014-09-23,NSE:CANBK,76.64521479,77.03427679,72.77404979,73.31873271,10016968.91480567,-4.291518641473554,-0.3542560724496563
2907,2014-09-24,NSE:CANBK,73.5521738,73.88287261,68.12475885,69.79772157,20378659.2329381,-4.8023349693273945,-4.291518641473554
2908,2014-09-25,NSE:CANBK,69.56428826,69.64209872,65.94600968,66.45179223,19457788.0187961,-4.7937515218808,-4.8023349693273945
2909,2014-09-26,NSE:CANBK,65.92655463,70.42022272,65.19706337,69.91444017,19354215.83856336,5.21076681877179,-4.7937515218808
2910,2014-09-29,NSE:CANBK,70.22569172,70.57584558,67.8913197,69.31139407,11736365.80559021,-0.8625487074396467,5.21076681877179
2911,2014-09-30,NSE:CANBK,68.70835185,70.03116072,67.50225769,68.26092666,10846050.13241026,-1.5155768024794112,-0.8625487074396467
2912,2014-10-01,NSE:CANBK,67.9010443,69.60319057,67.37581449,68.89315241,7518030.46796623,0.9261898144879411,-1.5155768024794112
2913,2014-10-07,NSE:CANBK,68.22202435,69.81717467,67.11319569,67.7259664,8110049.21467479,-1.6941974190029587,0.9261898144879411
2914,2014-10-08,NSE:CANBK,67.07428754,69.64209872,66.92838929,69.31139407,8374695.97776503,2.340945067710398,-1.6941974190029587
2915,2014-10-09,NSE:CANBK,70.03116072,72.3460777,70.03116072,71.81111744,9792290.07415486,3.6065114596821406,2.340945067710398
2916,2014-10-10,NSE:CANBK,71.10108123,72.50170639,70.42022272,71.46096553,8860150.73319779,-0.4876012551852697,3.6065114596821406
2917,2014-10-13,NSE:CANBK,70.75092737,73.7661579,70.48831052,73.07556896,9592609.81959061,2.259420115618472,-0.4876012551852697
2918,2014-10-14,NSE:CANBK,74.23303231,74.60263927,71.97647074,73.81479065,11575759.01449374,1.0115852678542154,2.259420115618472
2919,2014-10-16,NSE:CANBK,73.24092225,74.34975091,71.29561223,72.29744495,9193753.08620474,-2.055612007618702,1.0115852678542154
2920,2014-10-17,NSE:CANBK,72.56006375,75.41967142,71.59713334,74.64154741,11992006.29213846,3.242303322919854,-2.055612007618702
2921,2014-10-20,NSE:CANBK,75.98381133,77.10236459,74.91389082,75.25432007,8161778.75853433,0.8209538538022177,3.242303322919854
2922,2014-10-21,NSE:CANBK,75.86709078,77.1412669,75.14732413,76.00326443,9811022.30687117,0.9952177619880739,0.8209538538022177
2923,2014-10-22,NSE:CANBK,76.78138843,77.00509909,74.49564916,74.87498072,7417496.36389577,-1.4845200643179863,0.9952177619880739
2924,2014-10-23,NSE:CANBK,75.57529428,75.61420242,74.99170127,75.16677723,815011.48079215,0.3897116329033728,-1.4845200643179863
2925,2014-10-27,NSE:CANBK,75.78928032,76.74248029,74.83607841,75.55583923,6592270.57289306,0.5175983517419319,0.3897116329033728
2926,2014-10-28,NSE:CANBK,76.05189718,76.35341829,74.32056737,75.03060942,8085107.17484507,-0.6951544915028257,0.5175983517419319
2927,2014-10-29,NSE:CANBK,75.47802878,75.86709078,74.40810827,75.55583923,6506731.50801948,0.700020716958211,-0.6951544915028257
2928,2014-10-30,NSE:CANBK,75.15705457,75.80873342,74.31084276,75.31267548,8313980.71963871,-0.32183316667265327,0.700020716958211
2929,2014-10-31,NSE:CANBK,75.85736618,78.51271435,75.78928032,78.25009555,15632161.29427021,3.9002997188435593,-0.32183316667265327
2930,2014-11-03,NSE:CANBK,78.94067867,80.34130383,78.59052481,79.56317982,10887580.78776564,1.6780609157991049,3.9002997188435593
2931,2014-11-05,NSE:CANBK,79.82579862,81.02216233,79.29083836,79.81606818,9295711.12783349,0.3178459691683047,1.6780609157991049
2932,2014-11-07,NSE:CANBK,78.0069318,79.17411781,77.44279384,78.60024941,13234749.08128011,-1.5232756983945916,0.3178459691683047
2933,2014-11-10,NSE:CANBK,78.68779031,78.97958681,76.04216674,76.87865394,8087482.11763182,-2.190318075226063,-1.5232756983945916
2934,2014-11-11,NSE:CANBK,77.40388375,79.31029146,75.96435628,79.01849496,9243729.69610263,2.7834007365295856,-2.190318075226063
2935,2014-11-12,NSE:CANBK,79.03794417,80.53583483,78.87259671,79.67990036,11846944.58110075,0.8370260662833646,2.7834007365295856
2936,2014-11-13,NSE:CANBK,80.43856933,80.92489683,77.85130895,78.45435116,8983457.55706332,-1.5380907788072982,0.8370260662833646
2937,2014-11-14,NSE:CANBK,78.39599381,79.30056102,77.12181769,78.34736106,11042779.70048188,-0.13637242347694462,-1.5380907788072982
2938,2014-11-17,NSE:CANBK,77.8124008,80.51637978,77.4233388,79.96196643,11113354.56957138,2.060829296807469,-0.13637242347694462
2939,2014-11-18,NSE:CANBK,80.22458328,82.04345009,80.01059918,80.81790673,13647336.27393746,1.0704342804642057,2.060829296807469
2940,2014-11-19,NSE:CANBK,80.99298463,81.27505069,78.21118741,78.63915756,8836637.77149516,-2.695874290927707,1.0704342804642057
2941,2014-11-20,NSE:CANBK,78.43490195,78.69751491,75.89626848,76.43122874,12593488.82601242,-2.8076709981479695,-2.695874290927707
2942,2014-11-21,NSE:CANBK,76.58685743,78.2014628,75.38076328,77.0634545,12236121.62343152,0.8271825148208541,-2.8076709981479695
2943,2014-11-24,NSE:CANBK,77.73459034,78.68779031,77.05373184,78.25982016,7988125.20381713,1.5524422928639903,0.8271825148208541
2944,2014-11-25,NSE:CANBK,78.25982016,78.3862692,74.81662531,75.05005863,9634490.03362456,-4.101416951173337,1.5524422928639903
2945,2014-11-26,NSE:CANBK,74.89443577,75.75037023,74.11631176,74.37893056,10463473.5804219,-0.8942405672308463,-4.101416951173337
2946,2014-11-27,NSE:CANBK,74.21357726,75.14732413,73.97041351,74.47619606,8386359.9283779,0.13077023192951648,-0.8942405672308463
2947,2014-11-28,NSE:CANBK,75.20568732,80.72064123,75.19595688,80.20513018,23141026.12806158,7.692302269821366,0.13077023192951648
2948,2014-12-01,NSE:CANBK,80.61364528,80.83735594,78.43490195,78.91149902,10403940.65312016,-1.6129032607973806,7.692302269821366
2949,2014-12-02,NSE:CANBK,78.39599381,81.41122434,77.03427679,80.69145768,21181204.83438419,2.255639142717182,-1.6129032607973806
2950,2014-12-03,NSE:CANBK,81.00270729,83.2009115,80.42884472,81.00270729,18728788.53520736,0.3857280794632986,2.255639142717182
2951,2014-12-04,NSE:CANBK,81.31395884,82.3644243,79.67990036,81.93645999,13580632.25315624,1.152742582611524,0.3857280794632986
2952,2014-12-05,NSE:CANBK,82.09208284,83.82340682,81.11942783,81.67384314,17251656.37094698,-0.3205128095991111,1.152742582611524
2953,2014-12-08,NSE:CANBK,81.99481734,82.5395022,80.20513018,80.77899858,10712770.60506788,-1.0956317538114513,-0.3205128095991111
2954,2014-12-09,NSE:CANBK,80.52611022,81.00270729,77.21908319,77.68595759,10650559.44142004,-3.829016259636832,-1.0956317538114513
2955,2014-12-10,NSE:CANBK,77.69568025,81.07079508,76.39232643,80.60392262,11260601.02235015,3.7561035745997104,-3.829016259636832
2956,2014-12-11,NSE:CANBK,81.11942783,83.45379986,79.09630736,82.30606889,24892644.10410018,2.111741233766769,3.7561035745997104
2957,2014-12-12,NSE:CANBK,83.06473785,83.82340682,80.20513018,81.11942783,23074023.95428982,-1.4417418739630432,2.111741233766769
2958,2014-12-15,NSE:CANBK,80.53583483,82.66595125,79.75771082,81.98509274,12749165.81162729,1.0671486882453673,-1.4417418739630432
2959,2014-12-16,NSE:CANBK,81.37231619,82.47142024,78.78505581,79.24220561,14433987.23664622,-3.3455925197261656,1.0671486882453673
2960,2014-12-17,NSE:CANBK,78.76560076,80.34130383,75.86709078,79.27138332,16309523.76423785,0.03682092109298499,-3.3455925197261656
2961,2014-12-18,NSE:CANBK,80.92489683,85.05868062,80.92489683,84.72797598,23883514.46418808,6.8834331274036336,0.03682092109298499
2962,2014-12-19,NSE:CANBK,86.37176489,86.49820809,82.94801731,83.31762621,17759051.07402881,-1.6645620926114282,6.8834331274036336
2963,2014-12-22,NSE:CANBK,83.62887581,85.49637538,83.19118106,85.26293623,10343657.20277326,2.334812102179782,-1.6645620926114282
2964,2014-12-23,NSE:CANBK,86.09942343,86.24532168,84.03739286,84.27083201,13343014.60082954,-1.163582048504345,2.334812102179782
2965,2014-12-24,NSE:CANBK,84.38754672,86.56629589,83.68723901,85.79789649,16586168.61491311,1.812091376787147,-1.163582048504345
2966,2014-12-26,NSE:CANBK,86.15777884,87.39305265,85.25321163,87.19852165,11960715.64983765,1.6324702787593997,1.812091376787147
2967,2014-12-29,NSE:CANBK,87.85992511,88.27816676,85.98270288,86.14805618,8958088.85002299,-1.2046826598923261,1.6324702787593997
2968,2014-12-30,NSE:CANBK,86.35230984,87.51949585,85.22403392,87.29578715,8413532.9750679,1.3322772688009334,-1.2046826598923261
2969,2014-12-31,NSE:CANBK,87.51949585,87.79183926,87.01371525,87.28606254,5763934.73776483,-0.01113983883699036,1.3322772688009334
2970,2015-01-01,NSE:CANBK,87.3444199,88.02527841,87.0526234,87.39305265,4227840.24933979,0.12257410505940568,-0.01113983883699036
2971,2015-01-02,NSE:CANBK,88.06418655,88.60887141,87.01371525,87.2763321,7982259.81481348,-0.13355815646748276,0.12257410505940568
2972,2015-01-05,NSE:CANBK,87.38332804,88.15172161,86.66356139,87.61676136,7424055.72968775,0.39005908223770713,-0.13355815646748276
2973,2015-01-06,NSE:CANBK,86.58575094,86.91644975,84.85442502,85.19485427,9577912.93338426,-2.7642052187353356,0.39005908223770713
2974,2015-01-07,NSE:CANBK,84.62098587,85.55473273,83.74559636,85.04895602,7526157.70724298,-0.17125242040746516,-2.7642052187353356
2975,2015-01-08,NSE:CANBK,85.98270288,88.2100848,85.33102208,87.9182883,8119698.06231708,3.3737419179198933,-0.17125242040746516
2976,2015-01-09,NSE:CANBK,88.79367781,88.79367781,85.01004787,85.73953913,9716620.90138208,-2.4781523982422704,3.3737419179198933
2977,2015-01-12,NSE:CANBK,85.36020173,87.07207844,84.54317541,86.55657129,6675964.17356654,0.9529234333312616,-2.4781523982422704
2978,2015-01-13,NSE:CANBK,86.71219414,87.16934394,85.65199824,86.50793853,7931553.24414563,-0.05618609803413994,0.9529234333312616
2979,2015-01-14,NSE:CANBK,86.76082689,86.867817,84.73770642,85.32129942,4865651.18294101,-1.3717112327078376,-0.05618609803413994
2980,2015-01-15,NSE:CANBK,90.53472639,91.06968664,87.9182883,89.04656617,11638587.04639788,4.366162699494437,-1.3717112327078376
2981,2015-01-16,NSE:CANBK,89.06602121,89.46480587,87.77239005,88.49215086,6183230.37270944,-0.6226127899660594,4.366162699494437
2982,2015-01-19,NSE:CANBK,89.00765802,90.74871243,88.2878972,90.34992582,11235021.55198892,2.0993669403957806,-0.6226127899660594
2983,2015-01-20,NSE:CANBK,90.45691593,91.91589845,90.08730897,91.46847909,8350833.45738383,1.2380234514286697,2.0993669403957806
2984,2015-01-21,NSE:CANBK,91.64355699,92.47031375,90.58335914,91.41011589,11087949.87854944,-0.06380689892370034,1.2380234514286697
2985,2015-01-22,NSE:CANBK,91.8769903,91.9742558,89.63015917,90.55418143,8317121.60717704,-0.9363673283490904,-0.06380689892370034
2986,2015-01-23,NSE:CANBK,91.76027559,92.01316395,89.68851653,91.23503994,6803815.26025348,0.7518797025693494,-0.9363673283490904
2987,2015-01-27,NSE:CANBK,92.11042945,92.11042945,89.48426092,91.34203004,8957862.66499568,0.11726865036762807,0.7518797025693494
2988,2015-01-28,NSE:CANBK,90.45691593,93.11226216,90.26238493,92.616212,10299432.88936537,1.3949569102438653,0.11726865036762807
2989,2015-01-29,NSE:CANBK,92.5189465,92.7329306,90.47637098,91.57546919,8491546.24721462,-1.1237155866404873,1.3949569102438653
2990,2015-01-30,NSE:CANBK,91.72136744,92.40222595,85.92434553,86.20641159,11823061.49844435,-5.862986722852962,-1.1237155866404873
2991,2015-02-02,NSE:CANBK,86.15777884,88.78394737,85.29211977,88.46297316,7409980.85230651,2.6176261468024786,-5.862986722852962
2992,2015-02-03,NSE:CANBK,88.75476966,89.77605742,84.86414962,85.47692033,10121307.03978999,-3.3754832370366215,2.6176261468024786
2993,2015-02-04,NSE:CANBK,85.59364088,89.36754037,81.75165359,88.14199895,44482359.6806436,3.1178926541936196,-3.3754832370366215
2994,2015-02-05,NSE:CANBK,88.70613691,88.70613691,82.9188396,83.56078996,15576859.05509293,-5.197532441485442,3.1178926541936196
2995,2015-02-06,NSE:CANBK,83.54134075,83.76505141,80.34130383,80.68173308,18638808.01888842,-3.4454639327586287,-5.197532441485442
2996,2015-02-09,NSE:CANBK,79.93278678,81.31395884,77.66650255,78.0944727,10208131.24686419,-3.2067486421425833,-3.4454639327586287
2997,2015-02-10,NSE:CANBK,77.20935275,80.41911428,76.30478553,77.4525165,16514683.86514557,-0.8220251418638436,-3.2067486421425833
2998,2015-02-11,NSE:CANBK,77.57896165,79.36864882,77.54005934,78.55161666,9062956.45359396,1.4190632011291613,-0.8220251418638436
2999,2015-02-12,NSE:CANBK,78.78505581,79.34919377,77.05373184,77.79294575,9547074.66113807,-0.9658246924233224,1.4190632011291613
3000,2015-02-13,NSE:CANBK,78.31818335,81.37231619,77.8415785,81.03188694,17745973.46699525,4.163540998188779,-0.9658246924233224
3001,2015-02-16,NSE:CANBK,81.48903479,82.06290514,79.47563892,79.84525172,9553176.51630664,-1.4644052666312173,4.163540998188779
3002,2015-02-18,NSE:CANBK,80.03005228,80.52611022,79.09630736,79.69935346,6436722.10149825,-0.18272628222355566,-1.4644052666312173
3003,2015-02-19,NSE:CANBK,79.86470093,80.43856933,77.4233388,78.96013177,9744971.13832786,-0.9275127813564997,-0.18272628222355566
3004,2015-02-20,NSE:CANBK,79.32974067,81.25560148,78.24037095,80.10786468,11723776.55259289,1.4535600236119033,-0.9275127813564997
3005,2015-02-23,NSE:CANBK,80.57474297,80.73036583,78.0069318,78.34736106,8186731.07950166,-2.1976663927225384,1.4535600236119033
3006,2015-02-24,NSE:CANBK,78.59052481,79.66044532,77.03427679,78.84341317,10480663.64249746,0.6331446308958909,-2.1976663927225384
3007,2015-02-25,NSE:CANBK,79.03794417,79.73825577,77.8124008,78.1041973,8312361.44046593,-0.9375746689278057,0.6331446308958909
3008,2015-02-26,NSE:CANBK,78.2695506,78.31818335,76.29506093,76.55767389,12464270.34802401,-1.9800772089875789,-0.9375746689278057
3009,2015-02-27,NSE:CANBK,77.3357979,79.95224182,77.17045044,79.37837342,9827585.21955282,3.6844112244748333,-1.9800772089875789
3010,2015-02-28,NSE:CANBK,80.14677282,81.70302084,78.43490195,80.82763133,14017714.25615748,1.825759142646841,3.6844112244748333
3011,2015-03-02,NSE:CANBK,81.58630029,82.80211906,80.39966118,81.69329624,10554415.3831069,1.0710012105460427,1.825759142646841
3012,2015-03-03,NSE:CANBK,81.72247589,84.21246882,81.11942783,83.44407525,10184643.98800557,2.143112214319928,1.0710012105460427
3013,2015-03-04,NSE:CANBK,87.3444199,87.94746795,80.74982088,81.43067938,17957929.39985988,-2.4128685757111277,2.143112214319928
3014,2015-03-05,NSE:CANBK,81.44040204,82.93829465,80.77899858,82.60758805,9197752.44873308,1.4452890224676929,-2.4128685757111277
3015,2015-03-09,NSE:CANBK,82.09208284,82.09208284,79.01849496,79.61181257,6793688.33971256,-3.6265136783642062,1.4452890224676929
3016,2015-03-10,NSE:CANBK,79.69935346,80.92489683,78.66833526,78.98931142,7929718.06108314,-0.7819205842759157,-3.6265136783642062
3017,2015-03-11,NSE:CANBK,78.59052481,80.05923193,78.4640816,79.21302596,6560039.20650139,0.28322128143447095,-0.7819205842759157
3018,2015-03-12,NSE:CANBK,79.91333368,80.48720208,79.17411781,79.40755696,6681310.36512113,0.2455795592232894,0.28322128143447095
3019,2015-03-13,NSE:CANBK,80.34130383,80.53583483,77.10236459,77.44279384,7523191.59904394,-2.4742772542287272,0.2455795592232894
3020,2015-03-16,NSE:CANBK,77.8124008,78.33763645,76.63549018,77.4525165,6843073.78419816,0.012554634870348103,-2.4742772542287272
3021,2015-03-17,NSE:CANBK,78.2014628,78.3862692,76.50904114,77.5303289,7543193.55225446,0.1004646504933111,0.012554634870348103
3022,2015-03-18,NSE:CANBK,77.9096663,79.16439321,77.355251,77.9777541,8967994.72610541,0.5770969971984704,0.1004646504933111
3023,2015-03-19,NSE:CANBK,78.78505581,78.97958681,75.67255978,76.08107683,7619762.32456768,-2.4323312358646114,0.5770969971984704
3024,2015-03-20,NSE:CANBK,75.67255978,75.76010067,73.83423986,74.15521991,9457489.96861693,-2.5313218480112316,-2.4323312358646114
3025,2015-03-23,NSE:CANBK,74.83607841,75.06951173,73.3576428,74.29138772,6861816.29805207,0.1836253876197337,-2.5313218480112316
3026,2015-03-24,NSE:CANBK,74.09685672,74.65127202,72.87131529,73.03666665,7205956.81710415,-1.688918606190228,0.1836253876197337
3027,2015-03-25,NSE:CANBK,73.1825649,73.5716269,72.01537889,72.35580814,5298625.87146906,-0.9322146549523661,-1.688918606190228
3028,2015-03-26,NSE:CANBK,72.0542812,72.74487014,70.42994733,70.69256418,8413116.5889949,-2.298701379689944,-0.9322146549523661
3029,2015-03-27,NSE:CANBK,71.05244848,71.75276203,67.40499219,70.64393143,12757694.01527064,-0.06879471775302931,-2.298701379689944
3030,2015-03-30,NSE:CANBK,71.37342269,72.89076839,70.05061577,72.56978835,9186823.59945897,2.726146295960756,-0.06879471775302931
3031,2015-03-31,NSE:CANBK,73.04639125,73.32846315,71.19834673,71.54850059,7546324.15865518,-1.4073180909311456,2.726146295960756
3032,2015-04-01,NSE:CANBK,71.29561223,74.66099662,71.03299343,74.11631176,7775650.07350345,3.5889098287531263,-1.4073180909311456
3033,2015-04-06,NSE:CANBK,74.69990477,75.45857373,73.0658463,74.90416037,9591329.81795879,1.0629894975766905,3.5889098287531263
3034,2015-04-07,NSE:CANBK,75.45857373,75.47802878,73.29927961,74.60263927,9805254.58867477,-0.40254252702466037,1.0629894975766905
3035,2015-04-08,NSE:CANBK,74.85552762,75.31267548,73.5716269,73.8634234,7001444.42786554,-0.9908709359794146,-0.40254252702466037
3036,2015-04-09,NSE:CANBK,74.74853752,76.04216674,73.54244336,75.82818263,9983987.02536884,2.6599893960506553,-0.9908709359794146
3037,2015-04-10,NSE:CANBK,75.96435628,77.29689559,75.47802878,76.40205104,9503744.80670181,0.7568009546004372,2.6599893960506553
3038,2015-04-13,NSE:CANBK,76.97591944,78.03610951,76.35341829,77.75404344,7834792.3175762,1.7695760540409704,0.7568009546004372
3039,2015-04-15,NSE:CANBK,78.1041973,80.03978272,77.56923705,78.74614766,15257141.37842152,1.2759519326677495,1.7695760540409704
3040,2015-04-16,NSE:CANBK,78.77533121,78.88232131,76.68412293,77.7151353,9723807.41656798,-1.3092860928912713,1.2759519326677495
3041,2015-04-17,NSE:CANBK,77.8124008,79.12548506,77.0440014,78.35708566,8011103.5463643,0.8260300358764164,-1.3092860928912713
3042,2015-04-20,NSE:CANBK,78.1041973,79.55345521,75.08896677,75.78928032,10339298.00042874,-3.2770556974795895,0.8260300358764164
3043,2015-04-21,NSE:CANBK,76.02271364,76.80083764,75.28349777,76.16861189,7466722.45074849,0.5005082096021556,-3.2770556974795895
3044,2015-04-22,NSE:CANBK,76.51877158,76.95646634,74.05795441,75.68228438,7488374.52654462,-0.6384880831258054,0.5005082096021556
3045,2015-04-23,NSE:CANBK,76.02271364,76.76193533,75.02087898,75.47802878,6187887.7280445,-0.2698856167903586,-0.6384880831258054
3046,2015-04-24,NSE:CANBK,75.45857373,75.65310473,72.28772229,73.17283446,10160945.96582605,-3.05412628980955,-0.2698856167903586
3047,2015-04-27,NSE:CANBK,73.63970886,75.38076328,72.57951879,74.34975091,9354462.68867725,1.6084062598987547,-3.05412628980955
3048,2015-04-28,NSE:CANBK,74.11631176,76.04216674,73.62025965,74.81662531,8467735.13252145,0.6279434621982232,1.6084062598987547
3049,2015-04-29,NSE:CANBK,74.69990477,75.76982528,74.31084276,74.69990477,5243431.58423664,-0.15600882760532903,0.6279434621982232
3050,2015-04-30,NSE:CANBK,74.58318422,75.54611657,73.33818775,73.60080655,9705933.65884169,-1.4713515678287816,-0.15600882760532903
3051,2015-05-04,NSE:CANBK,74.11631176,75.66283517,73.44517786,75.46830417,5176013.02439187,2.5373330912227545,-1.4713515678287816
3052,2015-05-05,NSE:CANBK,75.46830417,76.11025453,74.69990477,74.94306852,5561565.96571687,-0.6959685337792308,2.5373330912227545
3053,2015-05-06,NSE:CANBK,74.48591872,75.27377317,71.19834673,71.48041863,7447712.62731685,-4.62037378290151,-0.6959685337792308
3054,2015-05-07,NSE:CANBK,70.87737252,71.72358238,68.3776472,69.13631617,6546164.81130344,-3.2793630828236267,-4.62037378290151
3055,2015-05-08,NSE:CANBK,70.03116072,70.61475373,65.78065638,66.70467864,12522199.41785937,-3.5171638651108115,-3.2793630828236267
3056,2015-05-11,NSE:CANBK,67.46334955,70.77037658,66.43233718,70.52721283,13380103.80473956,5.7305338515007636,-3.5171638651108115
3057,2015-05-12,NSE:CANBK,70.54666593,70.54666593,67.24936934,67.76487649,11004235.71560075,-3.916695739357194,5.7305338515007636
3058,2015-05-13,NSE:CANBK,68.4749127,70.03116072,67.9204974,69.65182332,8456580.09822003,2.784549943477657,-3.916695739357194
3059,2015-05-14,NSE:CANBK,69.44756771,72.36553274,68.4749127,71.99592579,8786203.65097384,3.365457439973296,2.784549943477657
3060,2015-05-15,NSE:CANBK,72.17100174,72.50170639,69.83662972,70.29377952,12156370.83902955,-2.3642258243402194,3.365457439973296
3061,2015-05-18,NSE:CANBK,70.49803318,70.86764208,68.3679226,68.80561735,12689483.80783028,-2.1170609692093496,-2.3642258243402194
3062,2015-05-19,NSE:CANBK,68.66944371,69.54483322,68.16366116,68.48463731,11608710.06051776,-0.4665026670238997,-2.1170609692093496
3063,2015-05-20,NSE:CANBK,68.86397471,69.17522626,68.0858507,68.41655535,6409081.26304721,-0.09941201804402264,-0.4665026670238997
3064,2015-05-21,NSE:CANBK,68.4749127,69.25303671,67.6967887,68.8542501,8095218.67367958,0.6397497619704493,-0.09941201804402264
3065,2015-05-22,NSE:CANBK,69.00014835,70.45913087,68.49436775,68.70835185,13108023.77916092,-0.21189432720290696,0.6397497619704493
3066,2015-05-25,NSE:CANBK,69.27249176,69.99225257,65.02198742,66.19889804,32558414.51945022,-3.6523271806584554,-0.21189432720290696
3067,2015-05-26,NSE:CANBK,64.84691146,65.75147868,64.52593531,65.42077403,15986038.05063421,-1.1754334785600595,-3.6523271806584554
3068,2015-05-27,NSE:CANBK,65.00253237,66.84085423,64.77882367,66.41288214,12517171.94157053,1.5165031669375213,-1.1754334785600595
3069,2015-05-28,NSE:CANBK,66.62686818,67.46334955,65.66393778,66.43233718,14558815.66887729,0.029294075747231356,1.5165031669375213
3070,2015-05-29,NSE:CANBK,66.60741314,67.49253309,65.87792188,66.79222148,6802653.49170411,0.5417306018074829,0.029294075747231356
3071,2015-06-01,NSE:CANBK,66.61714358,67.45362494,66.44206179,66.67550094,5118387.24811586,-0.17475169625094594,0.5417306018074829
3072,2015-06-02,NSE:CANBK,66.92838929,67.03538523,63.09613244,63.38792895,15451228.69412866,-4.930704597117952,-0.17475169625094594
3073,2015-06-03,NSE:CANBK,62.7946055,63.90343416,61.56906213,62.95023419,14139787.34351042,-0.6905017520689944,-4.930704597117952
3074,2015-06-04,NSE:CANBK,63.22257565,63.5532803,60.97574452,61.79277084,13533719.42226463,-1.8386958601400563,-0.6905017520689944
3075,2015-06-05,NSE:CANBK,61.27726563,61.95812414,59.74047266,60.16843697,12079041.26253357,-2.628679452173925,-1.8386958601400563
3076,2015-06-08,NSE:CANBK,60.28515557,60.28515557,57.34773744,57.50336614,14313296.96230116,-4.429350277669353,-2.628679452173925
3077,2015-06-09,NSE:CANBK,57.38664559,58.2620351,56.43344563,56.96840588,13562547.73210905,-0.9303112076909769,-4.429350277669353
3078,2015-06-10,NSE:CANBK,57.19211459,57.77570759,56.55016423,56.91977313,7703121.788269,-0.08536793201206545,-0.9303112076909769
3079,2015-06-11,NSE:CANBK,57.38664559,57.93133045,55.29543732,57.03649173,31176285.20722882,0.20505809068040934,-0.08536793201206545
3080,2015-06-12,NSE:CANBK,56.25836772,57.9702386,56.23891462,57.32828823,11695143.58436297,0.5115961573886878,0.20505809068040934
3081,2015-06-15,NSE:CANBK,57.15320644,57.5130888,56.55016423,57.01703863,5699600.51920156,-0.5429249845229445,0.5115961573886878
3082,2015-06-16,NSE:CANBK,56.97812854,59.02070406,56.41399058,58.57328665,11952465.03690964,2.729443789774738,-0.5429249845229445
3083,2015-06-17,NSE:CANBK,58.88453625,59.26386781,58.13559189,58.69000525,7107735.9689948,0.19926933705708091,2.729443789774738
3084,2015-06-18,NSE:CANBK,58.69000525,59.48757847,58.3884783,58.51492346,7294354.03823191,-0.29831619413596855,0.19926933705708091
3085,2015-06-19,NSE:CANBK,58.70945446,59.23469011,58.37875565,58.8359035,7172491.71419988,0.5485438944809005,-0.29831619413596855
3086,2015-06-22,NSE:CANBK,59.13742461,60.98546913,58.94289361,60.20734512,9993964.86941449,2.330960414332719,0.5485438944809005
3087,2015-06-23,NSE:CANBK,60.66449492,61.71496038,60.43105383,60.82011583,10711953.25462828,1.0177673650593273,2.330960414332719
3088,2015-06-24,NSE:CANBK,61.27726563,61.39398618,59.33195561,59.75992576,14882640.66002189,-1.7431569399890066,1.0177673650593273
3089,2015-06-25,NSE:CANBK,57.40610064,58.05777949,56.99758359,57.14348184,14034092.10836224,-4.378258317300831,-1.7431569399890066
3090,2015-06-26,NSE:CANBK,56.99758359,57.23102273,55.92766308,56.42371518,11046825.32812945,-1.259577885042641,-4.378258317300831
3091,2015-06-29,NSE:CANBK,55.01336542,55.52887647,54.01153076,55.32461502,11554384.52941295,-1.9479400753631817,-1.259577885042641
3092,2015-06-30,NSE:CANBK,54.48813561,55.24680457,53.39876005,54.05044085,16818126.50098826,-2.303087277768466,-1.9479400753631817
3093,2015-07-01,NSE:CANBK,54.27414956,56.04438362,53.89481216,55.89848537,12364342.83107224,3.419110909989927,-2.303087277768466
3094,2015-07-02,NSE:CANBK,56.20000453,56.61824619,55.20789642,55.45106017,9233304.62257116,-0.8004245500364349,3.419110909989927
3095,2015-07-03,NSE:CANBK,55.45106017,56.11246947,54.73129936,55.87903032,9457448.84406651,0.7717979578531837,-0.8004245500364349
3096,2015-07-06,NSE:CANBK,54.66321156,57.38664559,54.48813561,57.10457369,10803799.79742252,2.193208011989003,0.7717979578531837
3097,2015-07-07,NSE:CANBK,57.38664559,57.7076198,56.08328593,56.71551169,8434789.22706623,-0.681314954056183,2.193208011989003
3098,2015-07-08,NSE:CANBK,55.74285668,56.21945958,54.88692027,55.24680457,10160678.65624832,-2.5896039306279555,-0.681314954056183
3099,2015-07-09,NSE:CANBK,55.62614197,56.60852158,55.26625961,55.92766308,7864982.87815327,1.2323943715827477,-2.5896039306279555
3100,2015-07-10,NSE:CANBK,56.41399058,57.13375723,56.08328593,56.98785898,8567081.76519854,1.8956556409007685,1.2323943715827477
3101,2015-07-13,NSE:CANBK,57.48391109,58.08695914,56.75441983,57.93133045,6926705.69804601,1.6555657413469629,1.8956556409007685
3102,2015-07-14,NSE:CANBK,57.9702386,58.92343856,57.21156963,58.21340235,10106898.02543658,0.4869073397916505,1.6555657413469629
3103,2015-07-15,NSE:CANBK,58.3884783,58.86508315,57.43527834,57.58117659,8206409.17687763,-1.0860484604538911,0.4869073397916505
3104,2015-07-16,NSE:CANBK,57.7076198,58.28149014,57.60063164,57.9994163,4734911.09658706,0.7263479747522849,-1.0860484604538911
3105,2015-07-17,NSE:CANBK,58.0675041,58.70945446,57.62980934,57.85351805,5730330.8395029,-0.2515512384561737,0.7263479747522849
3106,2015-07-20,NSE:CANBK,57.85351805,58.1939473,55.86930572,56.12219408,7008430.46086813,-2.9925992893011255,-0.2515512384561737
3107,2015-07-21,NSE:CANBK,56.37508243,56.93922623,54.74102202,54.93555302,8560265.37096642,-2.114388219228366,-2.9925992893011255
3108,2015-07-22,NSE:CANBK,54.46868056,55.49969293,54.46868056,55.35379467,5769388.88126428,0.7613314638841125,-2.114388219228366
3109,2015-07-23,NSE:CANBK,55.63586657,56.00547353,54.97446311,55.37324777,5085410.49924783,0.03514320945108167,0.7613314638841125
3110,2015-07-24,NSE:CANBK,55.34407007,55.61641153,54.15742901,54.32278231,5828330.64315373,-1.8970631167657772,0.03514320945108167
3111,2015-07-27,NSE:CANBK,54.27414956,54.2936046,51.93977753,52.09540039,7087389.59767451,-4.1002721607467665,-1.8970631167657772
3112,2015-07-28,NSE:CANBK,51.76470158,52.44556008,50.57806052,50.67532602,13110193.09919557,-2.725911230874411,-4.1002721607467665
3113,2015-07-29,NSE:CANBK,50.96712252,51.19083123,49.41087451,49.83884466,10506618.37438127,-1.6506679397975,-2.725911230874411
3114,2015-07-30,NSE:CANBK,50.38352952,51.39509267,49.83884466,51.18110857,16874790.9908982,2.6932083180437028,-1.6506679397975
3115,2015-07-31,NSE:CANBK,51.72579149,55.38297821,51.39509267,53.8072771,23362733.71994455,5.1311286593337675,2.6932083180437028
3116,2015-08-03,NSE:CANBK,53.69055655,57.14348184,53.49602555,56.70578708,22720280.85271468,5.3868363838838444,5.1311286593337675
3117,2015-08-04,NSE:CANBK,57.18238998,60.49914162,56.53071113,60.12953466,43878229.75383636,6.037739279008341,5.3868363838838444
3118,2015-08-05,NSE:CANBK,60.57695208,61.08273463,58.49547425,59.05961415,41793127.65787326,-1.7793593714799518,6.037739279008341
3119,2015-08-06,NSE:CANBK,58.1647696,61.18972473,57.46445605,60.59640712,29877443.3907455,2.6021046566556354,-1.7793593714799518
3120,2015-08-07,NSE:CANBK,60.69367262,61.27726563,59.73074222,60.04199182,13003546.85881894,-0.9149309775117279,2.6021046566556354
3121,2015-08-10,NSE:CANBK,59.73074222,61.17027552,59.64320716,60.17816741,11445877.40312981,0.2268005871761244,-0.9149309775117279
3122,2015-08-11,NSE:CANBK,60.20734512,62.05538964,58.98180175,60.46996392,16524579.46009038,0.4848876636803479,0.2268005871761244
3123,2015-08-12,NSE:CANBK,59.72101761,59.90582401,56.60852158,56.98785898,17118433.38986143,-5.75840419651436,0.4848876636803479
3124,2015-08-13,NSE:CANBK,57.75625255,59.08879186,55.44133557,56.11246947,13654790.09870108,-1.5360982596437212,-5.75840419651436
3125,2015-08-14,NSE:CANBK,56.66687894,59.64320716,56.02492858,59.45839882,18569785.60157728,5.9628980538610366,-1.5360982596437212
3126,2015-08-17,NSE:CANBK,60.20734512,67.9885852,60.20734512,67.44390034,61164543.83964979,13.430401219135957,5.9628980538610366
3127,2015-08-18,NSE:CANBK,67.05483833,70.11870162,65.84874418,68.26092666,48540550.87836334,1.2114161783069803,13.430401219135957
3128,2015-08-19,NSE:CANBK,67.83296234,68.06639565,65.45968217,66.53932729,18611902.28177614,-2.5220861395203227,1.2114161783069803
3129,2015-08-20,NSE:CANBK,65.82928913,68.2803817,63.02804465,63.48519445,24231212.25685148,-4.589966512118612,-2.5220861395203227
3130,2015-08-21,NSE:CANBK,61.10218967,64.54538452,60.40187612,63.7478113,21155918.3764447,0.4136662922357964,-4.589966512118612
3131,2015-08-24,NSE:CANBK,60.28515557,61.44261893,52.71790154,55.22734952,25683998.68726323,-13.365889128180946,0.4136662922357964
3132,2015-08-25,NSE:CANBK,56.60852158,57.05594094,51.76470158,55.96657122,27159388.19869956,1.3385065668094398,-13.365889128180946
3133,2015-08-26,NSE:CANBK,55.80121987,56.49180104,53.5446583,54.1963391,18742580.68130446,-3.1630169249449973,1.3385065668094398
3134,2015-08-27,NSE:CANBK,55.83039757,56.46262333,53.9045426,56.12219408,26615490.31655119,3.5534779875934404,-3.1630169249449973
3135,2015-08-28,NSE:CANBK,57.04621634,58.32039245,54.26442495,54.56594606,26894407.29863716,-2.77296361183176,3.5534779875934404
3136,2015-08-31,NSE:CANBK,54.46868056,56.41399058,53.94344491,55.66504428,17855411.03623164,2.0142566918778257,-2.77296361183176
3137,2015-09-01,NSE:CANBK,55.09118171,55.22734952,51.85223664,52.16348624,23859780.45802694,-6.290407355802788,2.0142566918778257
3138,2015-09-02,NSE:CANBK,52.71790154,53.00969805,50.28626402,50.70450373,22070425.5664092,-2.796942104841953,-6.290407355802788
3139,2015-09-03,NSE:CANBK,51.32700682,52.6789934,50.65587098,51.77442424,15300913.3217748,2.110109420846121,-2.796942104841953
3140,2015-09-04,NSE:CANBK,51.43399498,51.43399498,48.74947105,49.92637972,17354796.74340031,-3.569415878838949,2.110109420846121
3141,2015-09-07,NSE:CANBK,50.11118806,50.86985702,48.93427355,49.13853305,11013272.83555554,-1.5780168208038465,-3.569415878838949
3142,2015-09-08,NSE:CANBK,49.58595046,51.53126048,49.0801718,50.71423417,17343251.0258699,3.206650712174644,-1.5780168208038465
3143,2015-09-09,NSE:CANBK,51.84251203,52.28993139,50.68505063,51.57017058,15740159.5042419,1.6877636505972016,3.206650712174644
3144,2015-09-10,NSE:CANBK,50.57806052,50.57806052,49.37196831,50.08200841,18593010.69142696,-2.8857034081193116,1.6877636505972016
3145,2015-09-11,NSE:CANBK,50.70450373,51.50208278,49.95555937,50.46133997,13741017.99979419,0.757420822452989,-2.8857034081193116
3146,2015-09-14,NSE:CANBK,50.86985702,52.17321668,50.26680897,51.96895524,13579424.21948765,2.9876639639302116,0.757420822452989
3147,2015-09-15,NSE:CANBK,52.11485349,52.30938449,50.73368338,50.96712252,13217219.74166359,-1.9277522809019298,2.9876639639302116
3148,2015-09-16,NSE:CANBK,51.70633839,52.76653429,51.19083123,52.10513083,17289958.7490944,2.232828250316541,-1.9277522809019298
3149,2015-09-18,NSE:CANBK,52.8929775,54.85774256,52.71790154,53.89481216,20106049.7287728,3.434750669447653,2.232828250316541
3150,2015-09-21,NSE:CANBK,53.30149455,55.52887647,52.95134069,55.28571271,15536063.5010763,2.580768898258273,3.434750669447653
3151,2015-09-22,NSE:CANBK,55.83039757,56.41399058,52.91243254,53.3598519,17724018.09763978,-3.4834692646580447,2.580768898258273
3152,2015-09-23,NSE:CANBK,52.23157404,54.97446311,52.03704304,54.1963391,16891883.38216651,1.5676340361057122,-3.4834692646580447
3153,2015-09-24,NSE:CANBK,54.12825131,54.91609992,53.5446583,54.14770635,15023476.82350395,-0.08973438207748426,1.5676340361057122
3154,2015-09-28,NSE:CANBK,54.46868056,55.53860107,53.9239957,54.12825131,11295047.9738957,-0.035929573589402596,-0.08973438207748426
3155,2015-09-29,NSE:CANBK,53.43766819,55.62614197,52.57200329,54.77993211,27431807.50181917,1.2039568695240639,-0.035929573589402596
3156,2015-09-30,NSE:CANBK,55.30516192,55.67477472,53.89481216,54.42977241,10400676.39193058,-0.6392116355618445,1.2039568695240639
3157,2015-10-01,NSE:CANBK,55.11063092,55.11063092,53.9045426,54.3130577,7859230.58166328,-0.21443174357009326,-0.6392116355618445
3158,2015-10-05,NSE:CANBK,55.12036136,56.59879698,54.73129936,56.39453553,13418174.85729087,3.832370921735082,-0.21443174357009326
3159,2015-10-06,NSE:CANBK,56.86140994,58.33984555,56.12219408,57.7076198,20279091.5558025,2.328389191717853,3.832370921735082
3160,2015-10-07,NSE:CANBK,57.67844209,59.1082469,57.58117659,58.31066785,14220011.06024221,1.0450059317816434,2.328389191717853
3161,2015-10-08,NSE:CANBK,58.1647696,59.40004341,57.60063164,57.98969364,13049590.93358291,-0.5504553829252751,1.0450059317816434
3162,2015-10-09,NSE:CANBK,58.6510971,59.09851646,57.6881667,58.0772287,9358050.8057014,0.15094934031453602,-0.5504553829252751
3163,2015-10-12,NSE:CANBK,57.29910469,58.82617306,56.88086304,57.58117659,10094488.69234735,-0.8541249661935072,0.15094934031453602
3164,2015-10-13,NSE:CANBK,57.67844209,58.24258005,57.12402679,57.8729731,7429494.4514808,0.5067567689311169,-0.8541249661935072
3165,2015-10-14,NSE:CANBK,58.0675041,58.24258005,56.90031809,57.12402679,8447044.34309139,-1.294121020369698,0.5067567689311169
3166,2015-10-15,NSE:CANBK,57.43527834,59.00125096,57.38664559,58.69972985,10088515.35139885,2.758389330277105,-1.294121020369698
3167,2015-10-16,NSE:CANBK,58.7483626,59.08879186,57.6881667,58.51492346,9874647.1269397,-0.31483345915262084,2.758389330277105
3168,2015-10-19,NSE:CANBK,58.70945446,58.88453625,57.77570759,58.05777949,5796253.49382614,-0.781243387103624,-0.31483345915262084
3169,2015-10-20,NSE:CANBK,57.9799632,59.28332286,57.9799632,58.48574381,7525664.21263794,0.7371351845685288,-0.781243387103624
3170,2015-10-21,NSE:CANBK,58.4565661,58.738638,56.91977313,57.21156963,7251234.94711655,-2.1786064380737895,0.7371351845685288
3171,2015-10-23,NSE:CANBK,57.77570759,58.24258005,57.38664559,57.56172155,6015154.33514294,0.61202991329291,-2.1786064380737895
3172,2015-10-26,NSE:CANBK,57.93133045,57.93133045,56.52098069,56.71551169,6030781.66430254,-1.4700912988937558,0.61202991329291
3173,2015-10-27,NSE:CANBK,56.77387488,57.23102273,56.12219408,56.47234794,8109344.95674885,-0.428742936022695,-1.4700912988937558
3174,2015-10-28,NSE:CANBK,56.31672508,56.31672508,54.95500807,55.38297821,7864689.86573153,-1.9290321187945305,-0.428742936022695
3175,2015-10-29,NSE:CANBK,55.57750922,55.65532162,54.46868056,54.60485421,6780086.39466115,-1.4049876426824217,-1.9290321187945305
3176,2015-10-30,NSE:CANBK,55.01336542,55.63586657,53.5154806,53.86563251,9970652.38989516,-1.353765540984862,-1.4049876426824217
3177,2015-11-02,NSE:CANBK,53.84617941,54.23524141,53.17505134,54.06016351,8258652.77761742,0.3611412155308689,-1.353765540984862
3178,2015-11-03,NSE:CANBK,54.42977241,55.00364082,54.15742901,54.46868056,7230955.4031907,0.7556711328193324,0.3611412155308689
3179,2015-11-04,NSE:CANBK,54.93555302,55.24680457,52.91243254,53.19450444,26935053.77615852,-2.339282146914557,0.7556711328193324
3180,2015-11-05,NSE:CANBK,52.91243254,53.379305,52.25102908,52.51364594,10753890.01491906,-1.279941428475876,-2.339282146914557
3181,2015-11-06,NSE:CANBK,52.51364594,54.01153076,52.24129864,53.48630095,12748040.02705954,1.8521947821168494,-1.279941428475876
3182,2015-11-09,NSE:CANBK,52.30938449,54.37141506,51.99813489,53.91426526,7693457.5189203,0.800138170706681,1.8521947821168494
3183,2015-11-10,NSE:CANBK,53.58356645,54.80910981,52.8735244,53.14587169,9328148.11697726,-1.4252138395922576,0.800138170706681
3184,2015-11-11,NSE:CANBK,53.69055655,53.86563251,52.82489165,53.34040269,817191.08196441,0.3660321936851419,-1.4252138395922576
3185,2015-11-13,NSE:CANBK,53.12641859,54.1963391,52.63036065,53.95317535,7036071.29931917,1.1487964640261035,0.3660321936851419
3186,2015-11-16,NSE:CANBK,53.84617941,54.95500807,53.62246876,54.79938521,5768597.2336687,1.5684153055136072,1.1487964640261035
3187,2015-11-17,NSE:CANBK,55.14953907,55.27598227,53.41821509,53.67110151,9844009.3368768,-2.0589349600843767,1.5684153055136072
3188,2015-11-18,NSE:CANBK,53.81699976,54.32278231,52.17321668,52.45528274,6822485.80614415,-2.2653136153232616,-2.0589349600843767
3189,2015-11-19,NSE:CANBK,53.02915309,53.0875085,52.08567579,52.38719689,9253543.0419466,-0.1297978896376887,-2.2653136153232616
3190,2015-11-20,NSE:CANBK,52.26075174,53.00969805,51.64798103,52.27048218,10984161.79442699,-0.22279243198499096,-0.1297978896376887
3191,2015-11-23,NSE:CANBK,52.52337054,52.795712,51.97868568,52.18294129,5543399.19556884,-0.16747672175386014,-0.22279243198499096
3192,2015-11-24,NSE:CANBK,52.13430854,52.42610504,50.98657757,51.30755178,7893256.00656702,-1.6775396103779205,-0.16747672175386014
3193,2015-11-26,NSE:CANBK,51.60907289,51.73552193,50.87958163,51.03521032,6534192.42656243,-0.5308019006008394,-1.6775396103779205
3194,2015-11-27,NSE:CANBK,51.51180738,52.85407519,51.22974132,52.6984465,10691534.91534475,3.2589974050684103,-0.5308019006008394
3195,2015-11-30,NSE:CANBK,52.6984465,53.4765705,52.66926879,52.96106529,7296816.37068831,0.49834256499382323,3.2589974050684103
3196,2015-12-01,NSE:CANBK,53.20422905,53.32094959,52.26075174,52.5817279,5232399.92358647,-0.7162570992914471,0.49834256499382323
3197,2015-12-02,NSE:CANBK,52.43582964,52.57200329,51.21028628,51.38536223,6712924.8632565,-2.275249821145567,-0.7162570992914471
3198,2015-12-03,NSE:CANBK,50.96712252,51.48262773,50.40298456,50.50997272,8139617.76642676,-1.7035775793148438,-2.275249821145567
3199,2015-12-04,NSE:CANBK,50.18899852,50.30571906,49.13853305,49.22607006,10916110.94461951,-2.5418795355864976,-1.7035775793148438
3200,2015-12-07,NSE:CANBK,49.76103031,49.81939156,48.75919371,49.19688846,6664038.05394474,-0.05928078346378793,-2.5418795355864976
3201,2015-12-08,NSE:CANBK,49.0218125,49.69294446,48.51602995,48.64247705,8201654.15073532,-1.1269237290296716,-0.05928078346378793
3202,2015-12-09,NSE:CANBK,48.61329545,49.21634351,47.87408154,48.1756007,6617762.65358465,-0.9598120373682733,-1.1269237290296716
3203,2015-12-10,NSE:CANBK,48.5938443,48.7981038,47.37802554,47.80599374,6870092.61382409,-0.7672077869908092,-0.9598120373682733
3204,2015-12-11,NSE:CANBK,47.95189199,48.61329545,46.82361218,47.06677593,10639753.96579718,-1.5462868819762339,-0.7672077869908092
3205,2015-12-14,NSE:CANBK,46.66798543,47.44610944,46.42482168,47.09595753,6997866.591979,0.06200042264080598,-1.5462868819762339
3206,2015-12-15,NSE:CANBK,47.25157844,47.33912128,46.20111298,46.52208718,9328286.91233493,-1.2185129681978462,0.06200042264080598
3207,2015-12-16,NSE:CANBK,46.72634668,47.29048853,46.59017498,46.75552828,7136096.48707819,0.5017855262958998,-1.2185129681978462
3208,2015-12-17,NSE:CANBK,47.21267419,47.45583794,46.70689553,47.22240074,6835373.21213202,0.9985395891670537,0.5017855262958998
3209,2015-12-18,NSE:CANBK,47.26130694,48.1756007,46.94033078,47.19322303,10441919.17543302,-0.06178785818333857,0.9985395891670537
3210,2015-12-21,NSE:CANBK,47.66009549,47.66009549,47.07650248,47.30993969,5456374.50631134,0.24731656900357624,-0.06178785818333857
3211,2015-12-22,NSE:CANBK,47.35857244,47.97134704,46.45400328,46.61935268,6967393.30011779,-1.4597080751425526,0.24731656900357624
3212,2015-12-23,NSE:CANBK,46.88197148,47.17376799,46.74579978,46.85279378,4612647.80818844,0.5007386130012655,-1.4597080751425526
3213,2015-12-24,NSE:CANBK,47.26130694,47.26130694,46.53181568,46.77497943,4105659.21004201,-0.16608262543612407,0.5007386130012655
3214,2015-12-28,NSE:CANBK,46.85279378,47.25157844,46.69716703,46.86251644,3874503.25270005,0.18714494600900855,-0.16608262543612407
3215,2015-12-29,NSE:CANBK,47.07650248,47.27103349,46.49290948,46.80416103,4775824.88368615,-0.12452470424782255,0.18714494600900855
3216,2015-12-30,NSE:CANBK,46.90142653,47.30993969,45.94822267,46.08439243,7689622.65459364,-1.537830364139318,-0.12452470424782255
3217,2015-12-31,NSE:CANBK,46.06494127,46.06494127,45.17009866,45.31599692,22710467.5068707,-1.6673660419135479,-1.537830364139318
3218,2016-01-01,NSE:CANBK,45.30626842,46.60963002,45.20900292,46.35673778,7964231.84002311,2.296630176397319,-1.6673660419135479
3219,2016-01-04,NSE:CANBK,45.94822267,46.41509902,44.95611651,45.39381126,8275904.52651861,-2.077209411434135,2.296630176397319
3220,2016-01-05,NSE:CANBK,45.69533042,45.82177752,44.5670545,44.85885101,8227989.28471052,-1.1784871883436507,-2.077209411434135
3221,2016-01-06,NSE:CANBK,44.93666146,45.22845797,44.15853745,44.25580296,10050948.07459019,-1.3443234421353611,-1.1784871883436507
3222,2016-01-07,NSE:CANBK,43.76947545,43.76947545,42.43693614,42.54393014,9333103.62530287,-3.868131873117858,-1.3443234421353611
3223,2016-01-08,NSE:CANBK,42.79682044,43.18588244,42.54393014,42.73846114,6200898.50768362,0.4572473660986455,-3.868131873117858
3224,2016-01-11,NSE:CANBK,42.40775844,42.82599814,41.47400963,41.88252473,8186761.92291448,-2.002730999593492,0.4572473660986455
3225,2016-01-12,NSE:CANBK,42.01869643,42.38830339,40.23873971,40.46244842,9640848.91723325,-3.390617731750096,-2.002730999593492
3226,2016-01-13,NSE:CANBK,40.71533872,41.02658638,38.34206244,38.7700287,18678565.17800695,-4.182692313704539,-3.390617731750096
3227,2016-01-14,NSE:CANBK,37.97245159,38.20588685,36.88307992,37.27214193,14296235.41444566,-3.8635173102154576,-4.182692313704539
3228,2016-01-15,NSE:CANBK,37.59311614,37.71955934,34.62651836,34.95722106,15953513.6718208,-6.210860847084124,-3.8635173102154576
3229,2016-01-18,NSE:CANBK,35.11284586,35.75479817,33.42042614,34.4806201,21930504.42417399,-1.363383431371644,-6.210860847084124
3230,2016-01-19,NSE:CANBK,35.01558036,35.58944682,34.36389956,34.7432389,11363510.06920738,0.761641754812868,-1.363383431371644
3231,2016-01-20,NSE:CANBK,34.04292535,34.07210305,32.55476513,33.33288914,15974954.98429603,-4.059350263973237,0.761641754812868
3232,2016-01-21,NSE:CANBK,34.04292535,34.57788561,33.1480808,34.0234703,14153702.86325878,2.071771088007167,-4.059350263973237
3233,2016-01-22,NSE:CANBK,34.43198735,36.61073458,34.43198735,36.23139912,20006924.14055421,6.489428622453011,2.071771088007167
3234,2016-01-25,NSE:CANBK,36.76635938,36.91225763,35.63807957,35.84233712,11115462.20278041,-1.0738254923896398,6.489428622453011
3235,2016-01-27,NSE:CANBK,35.96878032,37.93354539,35.59917337,36.99006808,22684641.28920695,3.2021655177155393,-1.0738254923896398
3236,2016-01-28,NSE:CANBK,36.76635938,37.72928784,36.38702392,37.32077468,13340608.81462997,0.8940416094524777,3.2021655177155393
3237,2016-01-29,NSE:CANBK,37.12624368,38.34206244,35.64780612,37.73901439,23762649.41050373,1.120661919764849,0.8940416094524777
3238,2016-02-01,NSE:CANBK,37.93354539,37.93354539,36.19249292,36.47456288,11923523.63455158,-3.350515455790632,1.120661919764849
3239,2016-02-02,NSE:CANBK,36.50374058,37.58338959,35.98823537,36.11467858,17714513.18592396,-0.9866720025789035,-3.350515455790632
3240,2016-02-03,NSE:CANBK,35.59917337,35.72561657,34.68487766,35.10311931,12494018.81968407,-2.800964344066457,-0.9866720025789035
3241,2016-02-04,NSE:CANBK,35.44354856,35.91042491,34.6459734,35.34628306,11741454.96870468,0.6927126556833642,-2.800964344066457
3242,2016-02-05,NSE:CANBK,35.40464236,37.79737369,35.33655457,37.53475684,19656918.23249849,6.191524512733313,0.6927126556833642
3243,2016-02-08,NSE:CANBK,37.67092659,40.39436062,37.62229384,38.26424809,26893302.07634462,1.9435086608116745,6.191524512733313
3244,2016-02-09,NSE:CANBK,37.64174889,38.8089349,36.72745318,37.01924968,23382504.34755896,-3.253685808934971,1.9435086608116745
3245,2016-02-10,NSE:CANBK,36.93171268,37.23323184,34.72378386,35.68671232,28714055.56220802,-3.5995796012038546,-3.253685808934971
3246,2016-02-11,NSE:CANBK,35.56026717,36.18276637,33.07027034,33.55659785,25708236.46916701,-5.968928857607905,-3.5995796012038546
3247,2016-02-12,NSE:CANBK,33.8970271,34.68487766,31.35839752,33.8970271,45627236.32092328,1.0144927430418864,-5.968928857607905
3248,2016-02-15,NSE:CANBK,34.43198735,36.01741307,34.23745635,34.89885981,26528578.71980734,2.955517919151072,1.0144927430418864
3249,2016-02-16,NSE:CANBK,35.39491581,35.50190787,32.90491704,33.16753584,21166579.91614108,-4.960975743694356,2.955517919151072
3250,2016-02-17,NSE:CANBK,32.68120834,33.7024961,31.61128782,33.46905889,24445481.44567723,0.9090908997718299,-4.960975743694356
3251,2016-02-18,NSE:CANBK,34.01374765,34.41253231,32.71038604,33.54687129,15224822.62236021,0.23249055270941058,0.9090908997718299
3252,2016-02-19,NSE:CANBK,33.44960579,34.1888236,33.08972539,33.29397905,22986104.80606068,-0.753847468557779,0.23249055270941058
3253,2016-02-22,NSE:CANBK,33.46905889,33.6635899,32.49640388,32.64230214,14902781.40859008,-1.9573416233047072,-0.753847468557779
3254,2016-02-23,NSE:CANBK,32.48667733,32.72011454,31.51402232,31.64046553,15046465.44718872,-3.0691358890779448,-1.9573416233047072
3255,2016-02-24,NSE:CANBK,31.30003628,32.62284904,31.02769482,31.77664112,16728423.57538466,0.4303842807587179,-3.0691358890779448
3256,2016-02-25,NSE:CANBK,31.91281088,32.29214633,31.12496032,31.23195237,16903403.39685291,-1.714116819153611,0.4303842807587179
3257,2016-02-26,NSE:CANBK,31.74745953,31.90308433,30.93042932,31.36812407,18472279.29253148,0.4360012412506186,-1.714116819153611
3258,2016-02-29,NSE:CANBK,31.62101438,32.29214633,30.34683631,30.82343727,35472520.72448586,-1.7364340908130085,0.4360012412506186
3259,2016-03-01,NSE:CANBK,30.98878862,32.27269129,30.98878862,32.09761533,16351321.72917096,4.133796139732073,-1.7364340908130085
3260,2016-03-02,NSE:CANBK,34.04292535,34.83077591,33.68304105,34.47089355,30275323.4160589,7.393939380231221,4.133796139732073
3261,2016-03-03,NSE:CANBK,34.85995556,35.11284586,33.80948815,34.71405731,18311878.12418712,0.7054176290710097,7.393939380231221
3262,2016-03-04,NSE:CANBK,34.95722106,36.12440707,34.1596459,35.85206367,24419804.30450875,3.2782291906632754,0.7054176290710097
3263,2016-03-08,NSE:CANBK,35.67698382,36.31893807,34.75296156,34.91831486,20848980.1538163,-2.6044492685126297,3.2782291906632754
3264,2016-03-09,NSE:CANBK,34.52925286,35.16147861,34.1304643,35.04475806,23669127.04227987,0.3621114034481705,-2.6044492685126297
3265,2016-03-10,NSE:CANBK,35.21011136,35.50190787,34.49034665,35.01558036,12572941.97250883,-0.08325838617588162,0.3621114034481705
3266,2016-03-11,NSE:CANBK,34.50979781,35.72561657,34.3833546,35.45327511,18636104.07969831,1.2499999871485739,-0.08325838617588162
3267,2016-03-14,NSE:CANBK,35.88124332,36.24112567,35.62835107,36.01741307,11199274.03653635,1.591215362331595,1.2499999871485739
3268,2016-03-15,NSE:CANBK,36.18276637,36.64963883,35.89096987,36.29948692,13536659.82761966,0.7831596607223967,1.591215362331595
3269,2016-03-16,NSE:CANBK,36.37729737,36.70800008,35.55054062,36.49401792,15036420.77574864,0.535905646349003,0.7831596607223967
3270,2016-03-17,NSE:CANBK,37.25268688,37.28186459,36.18276637,36.41620357,15427381.59545387,-0.21322494599135944,0.535905646349003
3271,2016-03-18,NSE:CANBK,36.55237333,37.17487643,36.31893807,37.01924968,11254062.21883338,1.655982916617909,-0.21322494599135944
3272,2016-03-21,NSE:CANBK,37.40831168,37.70010819,37.19432758,37.56393843,10189841.1030649,1.4713662613596192,1.655982916617909
3273,2016-03-22,NSE:CANBK,37.89463919,37.89463919,36.90253108,37.57366109,10050459.72055395,0.025882962240818812,1.4713662613596192
3274,2016-03-23,NSE:CANBK,37.31104618,37.57366109,36.98034543,37.21378068,11305395.93889513,-0.9577996914859657,0.025882962240818812
3275,2016-03-28,NSE:CANBK,37.15542138,37.32077468,35.20038481,35.44354856,12813222.43947523,-4.7569262989486605,-0.9577996914859657
3276,2016-03-29,NSE:CANBK,35.46300166,35.69643887,34.86968211,35.09339082,15698875.59618903,-0.987930820209048,-4.7569262989486605
3277,2016-03-30,NSE:CANBK,35.42409741,36.71772663,35.26847066,36.41620357,13369514.23300642,3.769407056687482,-0.987930820209048
3278,2016-03-31,NSE:CANBK,36.51346908,37.28186459,35.94932917,36.97061693,19960494.52313004,1.5224359094277713,3.769407056687482
3279,2016-04-01,NSE:CANBK,36.76635938,38.8672942,36.51346908,38.6435816,21322467.66507685,4.525119700240824,1.5224359094277713
3280,2016-04-04,NSE:CANBK,38.98401086,39.27580736,38.14753144,38.58522619,14087358.68229374,-0.151009320523223,4.525119700240824
3281,2016-04-05,NSE:CANBK,38.40041785,38.6144039,35.98823537,36.25085417,22064976.56347856,-6.049911457056574,-0.151009320523223
3282,2016-04-06,NSE:CANBK,36.08550087,36.43565667,35.60889992,35.94932917,14647870.88281178,-0.8317735041110565,-6.049911457056574
3283,2016-04-07,NSE:CANBK,35.98823537,36.31893807,35.20038481,35.41436891,14597611.54162975,-1.4880952505962945,-0.8317735041110565
3284,2016-04-08,NSE:CANBK,35.46300166,35.73534507,35.21011136,35.50190787,10729837.29349217,0.2471848650542458,-1.4880952505962945
3285,2016-04-11,NSE:CANBK,35.66726116,36.54265067,35.11284586,36.46483632,18524245.30255594,2.712328738855484,0.2471848650542458
3286,2016-04-12,NSE:CANBK,36.47456288,37.21378068,36.39675242,37.01924968,14083770.56526959,1.5204054534475366,2.712328738855484
3287,2016-04-13,NSE:CANBK,37.45694444,38.7700287,37.45694444,38.2545196,20032575.57887868,3.3368313260745706,1.5204054534475366
3288,2016-04-18,NSE:CANBK,38.22534189,38.22534189,37.25268688,37.67092659,8205555.84245641,-1.5255531009203975,3.3368313260745706
3289,2016-04-20,NSE:CANBK,37.54448339,38.5754977,36.96089038,38.3517851,14680045.70294662,1.8073845578853869,-1.5255531009203975
3290,2016-04-21,NSE:CANBK,38.72139595,40.75424492,38.72139595,40.05393137,28337930.4240668,4.438245222645451,1.8073845578853869
3291,2016-04-22,NSE:CANBK,39.94694321,41.72689993,39.87885541,41.13358037,33150186.51885626,2.695488215692712,4.438245222645451
3292,2016-04-25,NSE:CANBK,41.32811137,41.46428113,39.68432441,40.21928466,16336578.5778454,-2.2227476961057877,2.695488215692712
3293,2016-04-26,NSE:CANBK,40.33600521,41.76580613,39.74268371,41.62963443,20776909.37920528,3.506650558115629,-2.2227476961057877
3294,2016-04-27,NSE:CANBK,41.61017938,42.29103789,40.98768212,41.22111738,18289259.62145612,-0.9813130852420036,3.506650558115629
3295,2016-04-28,NSE:CANBK,41.41564838,41.78525923,40.54998737,40.79315112,14467472.90182569,-1.0382209100611361,-0.9813130852420036
3296,2016-04-29,NSE:CANBK,40.84178387,41.18221312,39.0423721,40.06365986,17585520.89296286,-1.7882689617530978,-1.0382209100611361
3297,2016-05-02,NSE:CANBK,39.87885541,39.88858196,38.8089349,39.11045795,18009006.0914815,-2.37921825747051,-1.7882689617530978
3298,2016-05-03,NSE:CANBK,39.39252791,39.87885541,38.05026594,38.18643569,20703090.81120139,-2.3625963704676947,-2.37921825747051
3299,2016-05-04,NSE:CANBK,38.01135585,38.49768335,36.62046113,36.82471868,15641306.36616985,-3.5659704431555617,-2.3625963704676947
3300,2016-05-05,NSE:CANBK,36.96089038,37.40831168,36.39675242,36.89280258,13180706.28145945,0.18488640902226947,-3.5659704431555617
3301,2016-05-06,NSE:CANBK,36.77608593,37.28186459,36.39675242,36.77608593,17333401.69604431,-0.3163669925777722,0.18488640902226947
3302,2016-05-09,NSE:CANBK,36.98034543,37.93354539,36.98034543,37.74874094,12903454.84366548,2.644802962042668,-0.3163669925777722
3303,2016-05-10,NSE:CANBK,38.0599886,38.0599886,37.31104618,37.63202234,12006821.41142727,-0.3091986569446591,2.644802962042668
3304,2016-05-11,NSE:CANBK,36.76635938,37.49585064,36.16331133,36.41620357,15119888.19139481,-3.2308090142359287,-0.3091986569446591
3305,2016-05-12,NSE:CANBK,36.46483632,36.90253108,36.08550087,36.63991617,12651469.3015358,0.6143215878337615,-3.2308090142359287
3306,2016-05-13,NSE:CANBK,36.37729737,36.65936733,35.99796192,36.27030532,9960124.50498764,-1.0087655448912585,0.6143215878337615
3307,2016-05-16,NSE:CANBK,36.37729737,36.42593012,34.21800131,34.69460615,18142265.05654867,-4.344322872658961,-1.0087655448912585
3308,2016-05-17,NSE:CANBK,34.83077591,35.63807957,34.2569114,35.22956641,16061157.18254513,1.5419118974492187,-4.344322872658961
3309,2016-05-18,NSE:CANBK,35.09339082,36.18276637,34.87940866,35.96878032,14653139.96583434,2.0982770590959534,1.5419118974492187
3310,2016-05-19,NSE:CANBK,35.80343092,36.24112567,34.59734065,34.77241661,14083508.39626066,-3.3261169807717295,2.0982770590959534
3311,2016-05-20,NSE:CANBK,34.99612531,35.89096987,34.78214316,35.70616542,15812245.70055934,2.6853146862719512,-3.3261169807717295
3312,2016-05-23,NSE:CANBK,36.06604583,36.06604583,34.80159431,35.17120516,10129578.21499321,-1.4982293777767366,2.6853146862719512
3313,2016-05-24,NSE:CANBK,35.21011136,35.54081407,34.6459734,35.36573616,10042131.9990939,0.5530973394714286,-1.4982293777767366
3314,2016-05-25,NSE:CANBK,35.77424932,37.73901439,35.61862841,37.61257118,18909695.43250489,6.353140819223954,0.5530973394714286
3315,2016-05-26,NSE:CANBK,37.54448339,39.0715537,37.24296033,38.78947985,18372130.7311212,3.129030090412436,6.353140819223954
3316,2016-05-27,NSE:CANBK,38.5171384,39.52869961,36.04659467,37.47639559,46515192.4730229,-3.385155627447777,3.129030090412436
3317,2016-05-30,NSE:CANBK,37.74874094,38.06971709,36.70800008,37.52502834,20028334.60961662,0.129769016561915,-3.385155627447777
3318,2016-05-31,NSE:CANBK,37.44721789,40.63752437,37.07761093,40.15119687,40811140.22123836,6.998445160934424,0.129769016561915
3319,2016-06-01,NSE:CANBK,40.26791741,40.45272187,38.20588685,38.4198729,39117446.17446632,-4.3120108613589085,6.998445160934424
3320,2016-06-02,NSE:CANBK,38.12807639,39.1396376,37.85573493,38.8672942,24279718.66407186,1.1645569499007948,-4.3120108613589085
3321,2016-06-03,NSE:CANBK,39.28553585,39.28553585,37.20405413,37.39858513,31012064.5962642,-3.778778791346897,1.1645569499007948
3322,2016-06-06,NSE:CANBK,37.24296033,38.02108434,37.15542138,37.63202234,17136826.34503677,0.6241872765735781,-3.778778791346897
3323,2016-06-07,NSE:CANBK,37.73901439,38.4587791,37.19432758,38.02108434,33198903.68939754,1.033858867548713,0.6241872765735781
3324,2016-06-08,NSE:CANBK,37.93354539,38.41014634,37.39858513,37.74874094,28732962.57426361,-0.7162957204602545,1.033858867548713
3325,2016-06-09,NSE:CANBK,37.73901439,38.85756765,37.68065509,38.41014634,27908353.6515172,1.7521257226864202,-0.7162957204602545
3326,2016-06-10,NSE:CANBK,38.32260739,38.88674535,37.86545759,37.98217814,21083328.40438461,-1.1142061168205253,1.7521257226864202
3327,2016-06-13,NSE:CANBK,37.63202234,37.71955934,37.04842933,37.47639559,10890798.78383601,-1.3316312406721793,-1.1142061168205253
3328,2016-06-14,NSE:CANBK,37.92381884,38.49768335,37.57366109,38.36151359,16722193.20599603,2.3618013047022552,-1.3316312406721793
3329,2016-06-15,NSE:CANBK,38.68249169,39.24662965,38.16698259,38.76030215,15744302.80269671,1.0395537680347295,2.3618013047022552
3330,2016-06-16,NSE:CANBK,38.5171384,39.83994921,38.29342969,39.38280135,38617237.98657039,1.606022568118706,1.0395537680347295
3331,2016-06-17,NSE:CANBK,39.83994921,40.30682361,39.0034659,39.47033836,29305652.78227478,0.22227217719238845,1.606022568118706
3332,2016-06-20,NSE:CANBK,38.66303665,40.83205537,38.52686495,40.66670597,29278304.95624548,3.031054862231495,0.22227217719238845
3333,2016-06-21,NSE:CANBK,40.85151042,42.16459468,40.55971392,41.26002747,37624090.37506526,1.4589858850079729,3.031054862231495
3334,2016-06-22,NSE:CANBK,41.14330692,41.76580613,40.79315112,41.11412922,19256884.30885685,-0.35360676893896115,1.4589858850079729
3335,2016-06-23,NSE:CANBK,41.04604142,41.62963443,41.04604142,41.32811137,12762001.81192713,0.5204589129323158,-0.35360676893896115
3336,2016-06-24,NSE:CANBK,40.05393137,41.20166622,38.5754977,40.87096547,29263423.00956225,-1.1061378922140677,0.5204589129323158
3337,2016-06-27,NSE:CANBK,41.03631487,42.34939914,40.85151042,41.85334313,22000909.65449302,2.403607667944814,-1.1061378922140677
3338,2016-06-28,NSE:CANBK,42.15486813,42.34939914,41.57127513,41.84362048,20131819.40017972,-0.023230282870835745,2.403607667944814
3339,2016-06-29,NSE:CANBK,42.01869643,42.9718964,41.83389198,42.32994798,22327155.85354359,1.162250050118038,-0.023230282870835745
3340,2016-06-30,NSE:CANBK,42.69955494,43.03998419,42.40775844,42.49529739,12504855.13871974,0.39062039499344897,1.162250050118038
3341,2016-07-01,NSE:CANBK,42.77736539,42.89408594,42.21322743,42.47584623,12494538.01713313,-0.045772500005077814,0.39062039499344897
3342,2016-07-04,NSE:CANBK,42.78709389,44.48924016,42.72873264,43.93482875,20501709.02836351,3.4348521559755145,-0.045772500005077814
3343,2016-07-05,NSE:CANBK,43.94455141,45.26736417,43.93482875,44.64486496,19159742.98019603,1.6161123878285253,3.4348521559755145
3344,2016-07-07,NSE:CANBK,44.35306846,45.50079942,44.168264,44.84912251,15485079.33969311,0.4575163351552475,1.6161123878285253
3345,2016-07-08,NSE:CANBK,44.93666146,45.17009866,43.50685665,43.96400645,15705758.81781558,-1.9735415331763675,0.4575163351552475
3346,2016-07-11,NSE:CANBK,44.86857367,46.28865193,44.69349771,46.10384747,16362574.43427963,4.867256632840382,-1.9735415331763675
3347,2016-07-12,NSE:CANBK,46.48318293,46.86251644,46.11357402,46.47345443,21335941.0959082,0.8016835476486075,4.867256632840382
3348,2016-07-13,NSE:CANBK,46.65826278,47.05704744,45.52025447,46.74579978,16288138.99801945,0.5860234693984678,0.8016835476486075
3349,2016-07-14,NSE:CANBK,46.68744048,50.53915237,46.23029068,49.70267101,59295844.26856548,6.325426549371158,0.5860234693984678
3350,2016-07-15,NSE:CANBK,49.94583476,50.65587098,49.25524971,49.97501247,29393093.85760528,0.5479412966462218,6.325426549371158
3351,2016-07-18,NSE:CANBK,50.18899852,50.69478107,47.70872824,48.04915749,22282278.68789778,-3.853635816811641,0.5479412966462218
3352,2016-07-19,NSE:CANBK,48.4382195,50.96712252,47.54337494,50.39325412,46201309.34194232,4.878538464462892,-3.853635816811641
3353,2016-07-20,NSE:CANBK,50.59751557,51.33672948,50.18899852,50.55860547,26215410.12779032,0.3281219934839994,4.878538464462892
3354,2016-07-21,NSE:CANBK,50.38352952,50.47107041,48.6327505,48.7883753,17868797.07739335,-3.501342953476847,0.3281219934839994
3355,2016-07-22,NSE:CANBK,48.730016,48.8272815,46.72634668,46.94033078,28176064.19361373,-3.787878790052683,-3.501342953476847
3356,2016-07-25,NSE:CANBK,46.83333873,50.53915237,46.18165793,49.55677276,53799034.04805369,5.573974312756228,-3.787878790052683
3357,2016-07-26,NSE:CANBK,48.5938443,51.86196708,47.85462649,50.15009037,79246803.0365669,1.1972482810238585,5.573974312756228
3358,2016-07-27,NSE:CANBK,50.03337566,51.22001088,49.89720201,50.86013242,27682744.36791314,1.4158340389048403,1.1972482810238585
3359,2016-07-28,NSE:CANBK,51.11302078,52.08567579,49.92637972,50.19872312,29617654.46517363,-1.300447459590005,1.4158340389048403
3360,2016-07-29,NSE:CANBK,50.19872312,50.34462137,48.6035728,48.73974255,18834895.01585974,-2.906409723833618,-1.300447459590005
3361,2016-08-01,NSE:CANBK,49.09962296,49.49841346,47.14459028,47.37802554,21934755.67457366,-2.7938535141072456,-2.906409723833618
3362,2016-08-02,NSE:CANBK,47.79626719,49.48868496,47.46556449,49.21634351,26989266.21474967,3.880106756344153,-2.7938535141072456
3363,2016-08-03,NSE:CANBK,49.41087451,50.11118806,48.45767454,48.95372471,22298985.5365059,-0.5336007945137948,3.880106756344153
3364,2016-08-04,NSE:CANBK,49.58595046,50.55860547,48.7981038,50.03337566,27254833.13965555,2.2054521007253385,-0.5336007945137948
3365,2016-08-05,NSE:CANBK,50.47107041,50.99630023,49.91665706,50.43216227,15942985.78691329,0.7970411844884142,2.2054521007253385
3366,2016-08-08,NSE:CANBK,50.75313648,50.76286692,49.19688846,50.16954347,16574684.58420833,-0.5207367445282423,0.7970411844884142
3367,2016-08-09,NSE:CANBK,50.15982081,51.55071553,49.81939156,50.85040198,27063778.75954188,1.3571152195298224,-0.5207367445282423
3368,2016-08-10,NSE:CANBK,50.86985702,51.40481728,48.4382195,48.64247705,25554605.42993553,-4.342000936134988,1.3571152195298224
3369,2016-08-11,NSE:CANBK,48.6911098,48.6911098,47.19322303,48.08806369,22074877.29899217,-1.1397720544332315,-4.342000936134988
3370,2016-08-12,NSE:CANBK,48.41876445,50.66560142,47.94216544,49.76103031,26396964.73675697,3.4789644074354786,-1.1397720544332315
3371,2016-08-16,NSE:CANBK,49.99446751,50.32517216,48.8661877,49.44005221,15479152.26386383,-0.6450390958554991,3.4789644074354786
3372,2016-08-17,NSE:CANBK,49.73184872,50.96712252,49.31360901,50.58778512,20294292.21775149,2.3214637903797675,-0.6450390958554991
3373,2016-08-18,NSE:CANBK,51.02547988,52.21211899,50.67532602,51.48262773,19325845.03934237,1.768890667732001,2.3214637903797675
3374,2016-08-19,NSE:CANBK,51.55071553,52.15376358,50.91848977,51.80360389,19571723.58573468,0.6234649903329648,1.768890667732001
3375,2016-08-22,NSE:CANBK,51.93977753,52.71790154,51.47290507,52.01758799,19048999.7064838,0.41306797969959663,0.6234649903329648
3376,2016-08-23,NSE:CANBK,52.04676764,52.20239633,50.88931207,51.63825643,15181467.06507994,-0.7292371189393247,0.41306797969959663
3377,2016-08-24,NSE:CANBK,51.73552193,52.91243254,51.55071553,52.72762615,21076686.78949178,2.109617549687668,-0.7292371189393247
3378,2016-08-25,NSE:CANBK,52.73735659,53.4765705,52.35801724,52.63036065,21958597.63267965,-0.18446781526499442,2.109617549687668
3379,2016-08-26,NSE:CANBK,52.54282559,52.96106529,51.95923258,52.20239633,12691211.03894792,-0.8131510305354538,-0.18446781526499442
3380,2016-08-29,NSE:CANBK,52.11485349,53.4765705,51.93977753,53.22368409,13809161.37984012,1.9564001498013222,-0.8131510305354538
3381,2016-08-30,NSE:CANBK,53.38903544,54.80910981,53.24313719,54.58540111,19470490.36430707,2.558479450045902,1.9564001498013222
3382,2016-08-31,NSE:CANBK,54.66321156,55.25652917,54.37141506,54.57567067,17821920.23048336,-0.017826085000987278,2.558479450045902
3383,2016-09-01,NSE:CANBK,54.46868056,55.13981446,53.6127461,53.97262845,14295711.07642781,-1.1049652942359325,-0.017826085000987278
3384,2016-09-02,NSE:CANBK,54.23524141,54.93555302,53.9239957,54.77020167,9829934.45949556,1.4777364803325541,-1.1049652942359325
3385,2016-09-06,NSE:CANBK,55.24680457,55.98602043,55.10090632,55.87903032,12508700.28418401,2.0245108036681794,1.4777364803325541
3386,2016-09-07,NSE:CANBK,56.02492858,61.18000013,55.73313207,59.66266026,61683741.28870214,6.771108801159318,2.0245108036681794
3387,2016-09-08,NSE:CANBK,59.91554862,61.42316388,59.34168021,60.27543292,26447969.46041536,1.0270622485313856,6.771108801159318
3388,2016-09-09,NSE:CANBK,60.38242108,61.64687259,59.62375211,60.53804977,28007936.7503592,0.43569467240252974,1.0270622485313856
3389,2016-09-12,NSE:CANBK,58.6510971,59.85719126,57.48391109,57.77570759,25787432.0721383,-4.562985082101031,0.43569467240252974
3390,2016-09-14,NSE:CANBK,57.9702386,60.77148308,57.85351805,60.57695208,29047709.320903,4.848481493084895,-4.562985082101031
3391,2016-09-15,NSE:CANBK,60.62558483,61.03410188,58.88453625,59.23469011,25681680.2907333,-2.215796476896623,4.848481493084895
3392,2016-09-16,NSE:CANBK,60.04199182,60.78121352,57.98969364,58.37875565,38268985.01247632,-1.4449884998309486,-2.215796476896623
3393,2016-09-19,NSE:CANBK,59.0304345,59.43894572,58.53437656,58.97207131,13932612.13963212,1.0163211829267462,-1.4449884998309486
3394,2016-09-20,NSE:CANBK,59.72101761,59.89609357,58.94289361,59.14714921,18078172.44471912,0.2968827380670905,1.0163211829267462
3395,2016-09-21,NSE:CANBK,59.31250056,59.52648661,58.49547425,58.7483626,11666921.86163725,-0.6742279472914632,0.2968827380670905
3396,2016-09-22,NSE:CANBK,59.95445676,60.57695208,59.02070406,59.93500366,17611881.72978207,2.0198708653030604,-0.6742279472914632
3397,2016-09-23,NSE:CANBK,60.11007962,60.11007962,58.67055215,58.85535271,13323593.5318937,-1.8013696238756538,2.0198708653030604
3398,2016-09-26,NSE:CANBK,58.4565661,59.56539476,57.9799632,59.2055124,24263073.50228937,0.594949607600449,-1.8013696238756538
3399,2016-09-27,NSE:CANBK,59.37086376,59.68210947,58.5246539,58.89426086,14515275.05112013,-0.525713784718466,0.594949607600449
3400,2016-09-28,NSE:CANBK,58.88453625,61.06327958,58.8456281,60.77148308,26444376.20282242,3.187445079686836,-0.525713784718466
3401,2016-09-29,NSE:CANBK,61.27726563,62.02621193,56.80305258,57.85351805,37304660.57024679,-4.801536645335404,3.187445079686836
3402,2016-09-30,NSE:CANBK,57.58117659,60.23652282,57.48391109,59.98363641,28656779.34461058,3.6819167300405935,-4.801536645335404
3403,2016-10-03,NSE:CANBK,60.69367262,62.62925804,60.35324337,62.11374699,18824408.25550264,3.5511527934723293,3.6819167300405935
3404,2016-10-04,NSE:CANBK,62.54171714,64.73991552,61.60797028,64.34112891,40586445.95888114,3.585972555090887,3.5511527934723293
3405,2016-10-05,NSE:CANBK,65.01226281,65.92655463,64.38976166,65.17761027,28155378.54475247,1.3000725572752585,3.585972555090887
3406,2016-10-06,NSE:CANBK,65.26515117,65.58612538,63.70890316,64.18550606,18620790.32523566,-1.5221549330977149,1.3000725572752585
3407,2016-10-07,NSE:CANBK,63.8450768,64.47730256,63.0766774,63.9228892,16885745.54301633,-0.40915290089713174,-1.5221549330977149
3408,2016-10-10,NSE:CANBK,64.29249616,64.52593531,62.95023419,63.1836675,12076131.70059135,-1.1564272348315596,-0.40915290089713174
3409,2016-10-13,NSE:CANBK,62.23046559,62.5222621,59.49730891,60.36296798,21076080.20237309,-4.46428583779186,-1.1564272348315596
3410,2016-10-14,NSE:CANBK,60.88820363,61.34535343,60.13925732,60.89792823,13643619.64269325,0.8862391428089575,-4.46428583779186
3411,2016-10-17,NSE:CANBK,61.27726563,61.65660303,58.77754031,59.29304746,20103777.59736209,-2.6353618532615246,0.8862391428089575
3412,2016-10-18,NSE:CANBK,59.93500366,61.35507609,59.37086376,61.16054508,17895620.56540479,3.149606404123256,-2.6353618532615246
3413,2016-10-19,NSE:CANBK,61.53988443,61.53988443,60.51859667,61.10218967,12047560.41918707,-0.09541348907807547,3.149606404123256
3414,2016-10-20,NSE:CANBK,61.31617378,63.2614838,61.29672068,62.64870725,19823719.40900196,2.5310346296137896,-0.09541348907807547
3415,2016-10-21,NSE:CANBK,62.75570319,62.75570319,61.39398618,62.13320009,11959379.101949,-0.8228536271991447,2.5310346296137896
3416,2016-10-24,NSE:CANBK,62.23046559,63.98124461,62.05538964,63.31984115,15705177.9335409,1.909834127778947,-0.8228536271991447
3417,2016-10-25,NSE:CANBK,63.31984115,63.60191305,62.58062529,62.93077915,10266399.59424051,-0.6144393178093162,1.909834127778947
3418,2016-10-26,NSE:CANBK,62.15265514,64.00069966,60.61586217,61.13136738,39407137.78876233,-2.8593508523245403,-0.6144393178093162
3419,2016-10-27,NSE:CANBK,60.11007962,61.89976678,59.99335907,61.27726563,22905546.95235672,0.23866348202728835,-2.8593508523245403
3420,2016-10-28,NSE:CANBK,61.76359314,62.13320009,60.73258077,61.03410188,14511599.54442634,-0.3968253927455816,0.23866348202728835
3421,2016-11-01,NSE:CANBK,61.18972473,61.45234159,60.50886623,60.62558483,9206373.18261487,-0.6693258971897242,-0.3968253927455816
3422,2016-11-02,NSE:CANBK,59.26386781,59.51676201,56.95867544,57.19211459,19180084.21094752,-5.663401432955708,-0.6693258971897242
3423,2016-11-03,NSE:CANBK,57.23102273,58.24258005,56.81277719,57.52281924,17007947.14458932,0.5782346961128407,-5.663401432955708
3424,2016-11-04,NSE:CANBK,57.23102273,57.92160585,55.73313207,56.37508243,17097722.03815616,-1.9952721809606457,0.5782346961128407
3425,2016-11-07,NSE:CANBK,57.77570759,58.85535271,57.24074734,58.1744942,15109257.49511124,3.191856565769635,-1.9952721809606457
3426,2016-11-08,NSE:CANBK,58.51492346,58.70945446,57.40610064,57.7076198,11276022.72875765,-0.8025413996637633,3.191856565769635
3427,2016-11-09,NSE:CANBK,51.93977753,59.68210947,49.0607187,58.43711106,36019410.41767728,1.2641160084720666,-0.8025413996637633
3428,2016-11-10,NSE:CANBK,60.30461062,63.59218261,59.72101761,62.43472704,41054926.55612806,6.840885710273165,1.2641160084720666
3429,2016-11-11,NSE:CANBK,61.47179663,64.41893937,60.31433522,60.67421758,35132184.22634763,-2.8197600013084028,6.840885710273165
3430,2016-11-15,NSE:CANBK,61.27726563,62.68761539,60.01281412,61.48152124,30750373.6602354,1.330554710385113,-2.8197600013084028
3431,2016-11-16,NSE:CANBK,62.63898264,62.9891365,60.94656098,62.22074294,18415182.99484213,1.2023477706648915,1.330554710385113
3432,2016-11-17,NSE:CANBK,62.44445164,63.78671361,62.26937569,63.06695279,19847006.18567728,1.360012449250258,1.2023477706648915
3433,2016-11-18,NSE:CANBK,63.41710665,64.15632251,62.96968729,63.47546401,16863024.22890928,0.6477421247230061,1.360012449250258
3434,2016-11-21,NSE:CANBK,64.1368733,64.1368733,59.39031297,59.74047266,25856464.77058706,-5.884149739199364,0.6477421247230061
3435,2016-11-22,NSE:CANBK,60.64503987,60.86874858,57.48391109,58.87480581,25372624.15375828,-1.4490458669899713,-5.884149739199364
3436,2016-11-23,NSE:CANBK,59.42922111,59.96418137,58.57328665,59.28332286,14142825.4196727,0.6938741357693157,-1.4490458669899713
3437,2016-11-24,NSE:CANBK,59.11796956,60.00308951,58.5538316,59.51676201,17667076.0170145,0.39376866669784777,0.6938741357693157
3438,2016-11-25,NSE:CANBK,60.07117147,61.23835748,59.73074222,60.40187612,16309071.39418323,1.4871677828361691,0.39376866669784777
3439,2016-11-28,NSE:CANBK,59.04015911,60.67421758,58.6413725,60.17816741,14154129.53046939,-0.3703671547479026,1.4871677828361691
3440,2016-11-29,NSE:CANBK,60.46023348,61.76359314,60.17816741,60.42133117,14979447.85171055,0.4040730558365164,-0.3703671547479026
3441,2016-11-30,NSE:CANBK,60.77148308,62.16237974,60.40187612,61.93866909,14183163.4630659,2.511261984167231,0.4040730558365164
3442,2016-12-01,NSE:CANBK,62.46390669,62.63898264,60.81039317,61.20917783,15014516.81208119,-1.1777638601501246,2.511261984167231
3443,2016-12-02,NSE:CANBK,60.86874858,61.38425574,59.59457441,60.01281412,21183574.63660214,-1.9545495502696248,-1.1777638601501246
3444,2016-12-05,NSE:CANBK,59.91554862,60.87847902,59.75019532,60.61586217,11334198.54589553,1.004865475553537,-1.9545495502696248
3445,2016-12-06,NSE:CANBK,61.53015399,61.62741949,60.73258077,60.94656098,14118181.53283352,0.5455648045927997,1.004865475553537
3446,2016-12-07,NSE:CANBK,61.45234159,61.64687259,59.18605736,59.98363641,16034513.61444177,-1.5799489823814474,0.5455648045927997
3447,2016-12-08,NSE:CANBK,60.51859667,60.97574452,60.20734512,60.54777437,10019971.00698633,0.9404864289053803,-1.5799489823814474
3448,2016-12-09,NSE:CANBK,60.88820363,61.63714993,60.29488602,61.39398618,14068030.14359634,1.397593584247876,0.9404864289053803
3449,2016-12-12,NSE:CANBK,61.16054508,61.27726563,59.44867616,59.63347672,12084865.5269868,-2.867560113849577,1.397593584247876
3450,2016-12-13,NSE:CANBK,59.70156257,60.11007962,58.76781765,59.30277791,11106399.3799816,-0.5545522887299369,-2.867560113849577
3451,2016-12-14,NSE:CANBK,59.51676201,59.64320716,58.37875565,58.6413725,10296081.23850614,-1.115302576556823,-0.5545522887299369
3452,2016-12-15,NSE:CANBK,58.0966818,59.72101761,57.5909012,59.30277791,14607208.98358401,1.1278818721372874,-1.115302576556823
3453,2016-12-16,NSE:CANBK,59.30277791,59.42922111,58.18422464,58.39820875,8667060.68783833,-1.5253402823267528,1.1278818721372874
3454,2016-12-19,NSE:CANBK,58.3593006,58.49547425,57.65898705,57.89242814,7098853.06610409,-0.8660892531228574,-1.5253402823267528
3455,2016-12-20,NSE:CANBK,57.91188124,58.4565661,56.41399058,56.72524213,12330713.2299663,-2.016128961074877,-0.8660892531228574
3456,2016-12-21,NSE:CANBK,56.48207838,56.99758359,55.70395437,56.18055143,13826665.01661262,-0.9602263111573901,-2.016128961074877
3457,2016-12-22,NSE:CANBK,56.02492858,56.02492858,54.59512377,55.04254896,16212701.15084278,-2.0256164117896476,-0.9602263111573901
3458,2016-12-23,NSE:CANBK,55.03281852,55.34407007,54.13797591,54.4103232,13654142.38703196,-1.148612794911519,-2.0256164117896476
3459,2016-12-26,NSE:CANBK,54.06016351,54.06016351,51.00603067,51.29782717,13337128.64955068,-5.720414522367701,-1.148612794911519
3460,2016-12-27,NSE:CANBK,51.53126048,52.50391549,50.81149967,52.04676764,12440068.55010185,1.4599847816517193,-5.720414522367701
3461,2016-12-28,NSE:CANBK,52.04676764,52.71790154,51.16165353,51.32700682,14418966.49460532,-1.3829116631766254,1.4599847816517193
3462,2016-12-29,NSE:CANBK,51.14219848,51.35618453,50.32517216,50.69478107,15905202.60621492,-1.2317604106882214,-1.3829116631766254
3463,2016-12-30,NSE:CANBK,50.94766748,52.01758799,50.52942777,51.14219848,12741511.50468037,0.8825709482445545,-1.2317604106882214
3464,2017-01-02,NSE:CANBK,51.70633839,51.71606883,50.03337566,51.05466342,17898098.31956759,-0.17116014289888706,0.8825709482445545
3465,2017-01-03,NSE:CANBK,50.90876517,51.91059983,50.26680897,51.51180738,17256324.00741965,0.8954009866627055,-0.17116014289888706
3466,2017-01-04,NSE:CANBK,51.68688918,52.09540039,50.86013242,51.33672948,12121692.5618879,-0.3398791634478231,0.8954009866627055
3467,2017-01-05,NSE:CANBK,51.67715874,52.28993139,51.64798103,51.81333433,10456569.79652015,0.9283895854442362,-0.3398791634478231
3468,2017-01-06,NSE:CANBK,51.87168974,53.30149455,51.87168974,52.59145834,21144439.48630872,1.501783315167702,0.9283895854442362
3469,2017-01-09,NSE:CANBK,52.7762589,53.01942265,52.21211899,52.52337054,9177735.07381615,-0.1294655104633493,1.501783315167702
3470,2017-01-10,NSE:CANBK,52.61091144,52.9707899,51.95923258,52.27048218,9055312.42778465,-0.4814777829374239,-0.1294655104633493
3471,2017-01-11,NSE:CANBK,52.71790154,54.44922551,52.601181,53.74891391,20701589.76511107,2.828425658881107,-0.4814777829374239
3472,2017-01-12,NSE:CANBK,53.88508755,54.27414956,53.10696355,53.52520325,12795024.82591438,-0.4162142892312107,2.828425658881107
3473,2017-01-13,NSE:CANBK,53.69055655,54.14770635,53.02915309,53.7100116,11752126.78953867,0.3452735137442087,-0.4162142892312107
3474,2017-01-16,NSE:CANBK,53.88508755,54.46868056,53.5446583,54.1185267,12261541.73615987,0.7605939522828093,0.3452735137442087
3475,2017-01-17,NSE:CANBK,54.36169045,55.52887647,54.35196001,55.29543732,18278675.19029178,2.1746907977079153,0.7605939522828093
3476,2017-01-18,NSE:CANBK,55.53860107,56.37508243,55.30516192,56.06383672,14872544.58289379,1.3896253239723901,2.1746907977079153
3477,2017-01-19,NSE:CANBK,56.04438362,56.79332798,55.33434546,55.79148943,14354272.43622587,-0.4857806849006516,1.3896253239723901
3478,2017-01-20,NSE:CANBK,55.60668887,56.28754737,52.76653429,53.03887575,34347692.30253592,-4.9337519182986185,-0.4857806849006516
3479,2017-01-23,NSE:CANBK,53.03887575,53.77809745,52.34829458,53.42793775,16387079.52576114,0.7335411893605146,-4.9337519182986185
3480,2017-01-24,NSE:CANBK,53.84617941,54.62430342,53.50575015,54.04071041,16279790.71428419,1.1469143032757323,0.7335411893605146
3481,2017-01-25,NSE:CANBK,54.27414956,54.91609992,53.70028116,54.80910981,13866730.6098593,1.4218898940636628,1.1469143032757323
3482,2017-01-27,NSE:CANBK,54.93555302,55.88875493,54.77020167,55.24680457,13447265.33614421,0.7985803117717145,1.4218898940636628
3483,2017-01-30,NSE:CANBK,55.48996832,57.12402679,54.91609992,55.99575087,21554903.62405063,1.3556373184462713,0.7985803117717145
3484,2017-01-31,NSE:CANBK,56.02492858,56.39453553,54.93555302,55.19817182,10425016.98521041,-1.4243563799183019,1.3556373184462713
3485,2017-02-01,NSE:CANBK,55.44133557,57.09484909,54.42977241,56.87114038,18231500.19039125,3.030840523949804,-1.4243563799183019
3486,2017-02-02,NSE:CANBK,57.19211459,58.8359035,56.43344563,58.0966818,24792629.19747876,2.1549443387475797,3.030840523949804
3487,2017-02-03,NSE:CANBK,58.3301229,61.18000013,57.98969364,60.49914162,25401066.9209425,4.135278892984908,2.1549443387475797
3488,2017-02-06,NSE:CANBK,61.07301002,61.89976678,60.34351877,60.51859667,18015431.80248462,0.03215756369271558,4.135278892984908
3489,2017-02-07,NSE:CANBK,60.57695208,61.53015399,59.93500366,60.59640712,18175190.39972868,0.12857279296195748,0.03215756369271558
3490,2017-02-08,NSE:CANBK,60.88820363,60.88820363,59.26386781,60.29488602,11628018.03693994,-0.4975890722413547,0.12857279296195748
3491,2017-02-09,NSE:CANBK,60.69367262,60.84929548,58.82617306,60.19762051,21388852.97059232,-0.16131635105460926,-0.4975890722413547
3492,2017-02-10,NSE:CANBK,60.40187612,60.77148308,59.09851646,60.50886623,17294569.83931024,0.5170399051708336,-0.16131635105460926
3493,2017-02-13,NSE:CANBK,60.40187612,60.88820363,58.1647696,58.53437656,15643645.32497499,-3.2631410783583013,0.5170399051708336
3494,2017-02-14,NSE:CANBK,58.7483626,59.42922111,57.67844209,58.98180175,13762520.99909505,0.7643802091944655,-3.2631410783583013
3495,2017-02-15,NSE:CANBK,58.92343856,59.18605736,56.75441983,57.06567138,14201376.49833316,-3.248680632242647,0.7643802091944655
3496,2017-02-16,NSE:CANBK,57.58117659,58.05777949,56.69606248,57.5909012,13471616.21056165,0.9203954098822343,-3.248680632242647
3497,2017-02-17,NSE:CANBK,58.8,59.7,58.040002,58.379998,10983245.0,1.3701761624803381,0.9203954098822343
3498,2017-02-20,NSE:CANBK,58.279998,58.5,57.6,58.059998,9107740.0,-0.548132941011749,1.3701761624803381
3499,2017-02-21,NSE:CANBK,58.359998,59.029998,58.129998,58.759998,11109255.0,1.2056493698122464,-0.548132941011749
3500,2017-02-22,NSE:CANBK,58.779998,59.259998,58.109998,58.340002,8944235.0,-0.714765170686365,1.2056493698122464
3501,2017-02-23,NSE:CANBK,58.679998,58.909998,58.009998,58.3,6444415.0,-0.06856701856129728,-0.714765170686365
3502,2017-02-27,NSE:CANBK,58.6,59.1,57.609998,57.790002,9920815.0,-0.8747821612349845,-0.06856701856129728
3503,2017-02-28,NSE:CANBK,57.509998,59.370002,57.179998,59.109998,13655710.0,2.2841252021413605,-0.8747821612349845
3504,2017-03-01,NSE:CANBK,59.220002,60.459998,58.670002,59.2,11537740.0,0.15226188977371555,2.2841252021413605
3505,2017-03-02,NSE:CANBK,59.790002,60.079998,58.059998,58.2,9775155.0,-1.689189189189189,0.15226188977371555
3506,2017-03-03,NSE:CANBK,58.0,58.379998,57.420002,57.740002,5330705.0,-0.7903745704467455,-1.689189189189189
3507,2017-03-06,NSE:CANBK,58.290002,58.759998,57.7,58.179998,7044630.0,0.762029762312791,-0.7903745704467455
3508,2017-03-07,NSE:CANBK,58.2,58.5,57.6,57.779998,5272585.0,-0.6875215086806957,0.762029762312791
3509,2017-03-08,NSE:CANBK,57.8,58.640002,57.2,57.55,10542130.0,-0.3980581653879634,-0.6875215086806957
3510,2017-03-09,NSE:CANBK,57.3,57.779998,57.020002,57.190002,6310975.0,-0.6255395308427409,-0.3980581653879634
3511,2017-03-10,NSE:CANBK,57.65,57.779998,56.6,56.8,7008225.0,-0.681940874910273,-0.6255395308427409
3512,2017-03-14,NSE:CANBK,58.2,58.2,56.85,56.95,11663215.0,0.26408450704226355,-0.681940874910273
3513,2017-03-15,NSE:CANBK,57.2,58.559998,56.95,57.909998,13195850.0,1.6856856892010514,0.26408450704226355
3514,2017-03-16,NSE:CANBK,58.490002,59.359998,57.920002,59.129998,12785350.0,2.1067173927376044,1.6856856892010514
3515,2017-03-17,NSE:CANBK,59.6,59.629998,58.090002,58.570002,9199030.0,-0.9470590545259246,2.1067173927376044
3516,2017-03-20,NSE:CANBK,58.420002,59.179998,58.3,58.85,7581610.0,0.47805700945681895,-0.9470590545259246
3517,2017-03-21,NSE:CANBK,59.009998,59.220002,57.3,57.690002,10639715.0,-1.971109600679697,0.47805700945681895
3518,2017-03-22,NSE:CANBK,57.0,57.15,56.309998,56.45,10738260.0,-2.1494227023947703,-1.971109600679697
3519,2017-03-23,NSE:CANBK,56.6,56.840002,56.220002,56.609998,6716000.0,0.28343312666075204,-2.1494227023947703
3520,2017-03-24,NSE:CANBK,56.690002,59.679998,56.690002,58.65,24512760.0,3.6036072638617673,0.28343312666075204
3521,2017-03-27,NSE:CANBK,58.8,59.740002,58.6,59.35,14993255.0,1.1935208866155205,3.6036072638617673
3522,2017-03-28,NSE:CANBK,59.779998,59.779998,58.9,59.440002,9875500.0,0.15164616680707388,1.1935208866155205
3523,2017-03-29,NSE:CANBK,59.879998,61.070002,59.129998,60.420002,20886335.0,1.6487213442556696,0.15164616680707388
3524,2017-03-30,NSE:CANBK,60.8,61.55,60.4,60.629998,17438740.0,0.347560398955306,1.6487213442556696
3525,2017-03-31,NSE:CANBK,60.9,61.509998,59.970002,60.55,15572670.0,-0.13194458624261104,0.347560398955306
3526,2017-04-03,NSE:CANBK,60.6,61.0,60.35,60.890002,6488955.0,0.5615227085053764,-0.13194458624261104
3527,2017-04-05,NSE:CANBK,60.959998,62.65,60.75,62.1,20591820.0,1.9871866648977918,0.5615227085053764
3528,2017-04-06,NSE:CANBK,61.990002,62.9,61.429998,61.990002,14287760.0,-0.17713043478261592,1.9871866648977918
3529,2017-04-07,NSE:CANBK,61.559998,62.270002,60.640002,60.959998,9297585.0,-1.6615647149035393,-0.17713043478261592
3530,2017-04-10,NSE:CANBK,61.009998,62.059998,60.629998,61.890002,9402570.0,1.5255971629132992,-1.6615647149035393
3531,2017-04-11,NSE:CANBK,61.929998,63.320002,61.840002,63.2,18228580.0,2.116655287876708,1.5255971629132992
3532,2017-04-12,NSE:CANBK,63.4,63.979998,62.25,62.45,13746840.0,-1.1867088607594936,2.116655287876708
3533,2017-04-13,NSE:CANBK,62.779998,63.859998,62.609998,62.890002,14481180.0,0.7045668534827859,-1.1867088607594936
3534,2017-04-17,NSE:CANBK,62.940002,63.159998,61.470002,62.040002,7101340.0,-1.351566183763202,0.7045668534827859
3535,2017-04-18,NSE:CANBK,62.2,64.370002,62.2,62.55,22429110.0,0.8220470399082127,-1.351566183763202
3536,2017-04-19,NSE:CANBK,62.509998,63.8,61.859998,63.529998,18950215.0,1.5667434052757827,0.8220470399082127
3537,2017-04-20,NSE:CANBK,63.6,65.470002,63.340002,65.029998,24219005.0,2.3610893235035313,1.5667434052757827
3538,2017-04-21,NSE:CANBK,65.3,65.420002,64.040002,64.620002,16320130.0,-0.6304721091949083,2.3610893235035313
3539,2017-04-24,NSE:CANBK,64.740002,65.940002,63.929998,65.759998,13336995.0,1.7641534582434653,-0.6304721091949083
3540,2017-04-25,NSE:CANBK,66.0,67.070002,65.440002,66.329998,13794795.0,0.8667883475300705,1.7641534582434653
3541,2017-04-26,NSE:CANBK,66.870002,67.190002,64.890002,66.0,10412435.0,-0.49750943758509286,0.8667883475300705
3542,2017-04-27,NSE:CANBK,66.259998,66.559998,65.309998,65.85,9279630.0,-0.2272727272727359,-0.49750943758509286
3543,2017-04-28,NSE:CANBK,66.040002,72.340002,66.040002,71.509998,43627910.0,8.595289293849662,-0.2272727272727359
3544,2017-05-02,NSE:CANBK,71.35,74.170002,70.7,73.529998,32883460.0,2.8247798300875497,8.595289293849662
3545,2017-05-03,NSE:CANBK,73.4,74.990002,72.429998,73.429998,26744675.0,-0.13599891570785644,2.8247798300875497
3546,2017-05-04,NSE:CANBK,74.109998,78.7,74.109998,77.629998,27670990.0,5.719733234910347,-0.13599891570785644
3547,2017-05-05,NSE:CANBK,78.540002,83.2,76.85,78.909998,119775000.0,1.6488471376747957,5.719733234910347
3548,2017-05-08,NSE:CANBK,79.390002,80.8,78.179998,79.0,50516150.0,0.11405652297697226,1.6488471376747957
3549,2017-05-09,NSE:CANBK,77.6,78.0,74.479998,74.720002,44038065.0,-5.41771898734178,0.11405652297697226
3550,2017-05-10,NSE:CANBK,74.8,75.379998,72.8,73.709998,26143485.0,-1.3517183792366536,-5.41771898734178
3551,2017-05-11,NSE:CANBK,74.35,75.729998,73.75,74.220002,30552635.0,0.6919061373465171,-1.3517183792366536
3552,2017-05-12,NSE:CANBK,74.4,74.970002,72.7,73.2,17928680.0,-1.3742953011507477,0.6919061373465171
3553,2017-05-15,NSE:CANBK,73.320002,74.2,72.290002,72.859998,12611150.0,-0.4644836065573748,-1.3742953011507477
3554,2017-05-16,NSE:CANBK,72.970002,75.770002,71.85,74.629998,28040480.0,2.4293165640767596,-0.4644836065573748
3555,2017-05-17,NSE:CANBK,74.440002,75.3,73.259998,74.790002,15228810.0,0.21439636109865726,2.4293165640767596
3556,2017-05-18,NSE:CANBK,73.979998,75.159998,73.0,73.659998,15357615.0,-1.5109024866719478,0.21439636109865726
3557,2017-05-19,NSE:CANBK,74.079998,75.279998,73.020002,73.520002,17733130.0,-0.1900570238951085,-1.5109024866719478
3558,2017-05-22,NSE:CANBK,74.0,74.529998,71.529998,72.340002,17913175.0,-1.605005397034683,-0.1900570238951085
3559,2017-05-23,NSE:CANBK,72.559998,73.140002,69.35,71.470002,26451710.0,-1.2026541000095694,-1.605005397034683
3560,2017-05-24,NSE:CANBK,71.6,72.05,70.020002,70.620002,14068065.0,-1.189310166802562,-1.2026541000095694
3561,2017-05-25,NSE:CANBK,70.420002,72.129998,70.109998,71.729998,16929600.0,1.5717869846562669,-1.189310166802562
3562,2017-05-26,NSE:CANBK,71.8,72.779998,71.15,72.0,11039075.0,0.3764143420163001,1.5717869846562669
3563,2017-05-29,NSE:CANBK,72.279998,72.659998,69.840002,70.120002,10343645.0,-2.611108333333334,0.3764143420163001
3564,2017-05-30,NSE:CANBK,70.0,71.4,68.8,71.140002,11871855.0,1.4546491313562655,-2.611108333333334
3565,2017-05-31,NSE:CANBK,71.279998,71.829998,69.370002,70.179998,12793605.0,-1.3494573699899501,1.4546491313562655
3566,2017-06-01,NSE:CANBK,70.179998,71.2,69.279998,70.540002,12823285.0,0.5129723714155756,-1.3494573699899501
3567,2017-06-02,NSE:CANBK,70.759998,72.35,70.759998,72.009998,15584160.0,2.0839182851171376,0.5129723714155756
3568,2017-06-05,NSE:CANBK,72.2,73.140002,72.120002,72.529998,9541130.0,0.7221219475662397,2.0839182851171376
3569,2017-06-06,NSE:CANBK,72.45,72.990002,71.129998,71.7,9385990.0,-1.1443513344644007,0.7221219475662397
3570,2017-06-07,NSE:CANBK,71.779998,72.929998,71.5,72.540002,7736490.0,1.1715509065550882,-1.1443513344644007
3571,2017-06-08,NSE:CANBK,72.970002,72.970002,71.720002,71.870002,6057885.0,-0.9236283175178319,1.1715509065550882
3572,2017-06-09,NSE:CANBK,71.840002,72.35,71.3,72.090002,5861525.0,0.30610824249037705,-0.9236283175178319
3573,2017-06-12,NSE:CANBK,71.620002,71.890002,69.020002,69.2,14081610.0,-4.008880454740445,0.30610824249037705
3574,2017-06-13,NSE:CANBK,69.6,70.320002,69.440002,69.740002,6519945.0,0.7803497109826607,-4.008880454740445
3575,2017-06-14,NSE:CANBK,70.3,71.2,69.220002,71.070002,12983565.0,1.9070833981335393,0.7803497109826607
3576,2017-06-15,NSE:CANBK,70.6,71.079998,70.05,70.390002,8362815.0,-0.9568031248965025,1.9070833981335393
3577,2017-06-16,NSE:CANBK,70.529998,70.940002,70.129998,70.409998,5806885.0,0.028407443432102934,-0.9568031248965025
3578,2017-06-19,NSE:CANBK,70.75,71.779998,70.170002,71.090002,10436025.0,0.9657776158436998,0.028407443432102934
3579,2017-06-20,NSE:CANBK,71.159998,71.559998,70.35,70.490002,7203210.0,-0.8440005389224694,0.9657776158436998
3580,2017-06-21,NSE:CANBK,70.879998,71.759998,70.509998,70.679998,11355305.0,0.2695360967644654,-0.8440005389224694
3581,2017-06-22,NSE:CANBK,71.3,71.359998,69.890002,70.090002,8837390.0,-0.8347425250351582,0.2695360967644654
3582,2017-06-23,NSE:CANBK,70.220002,70.409998,67.520002,67.85,11562845.0,-3.195893759569309,-0.8347425250351582
3583,2017-06-27,NSE:CANBK,67.590002,67.6,64.459998,64.759998,15336135.0,-4.554166543846719,-3.195893759569309
3584,2017-06-28,NSE:CANBK,63.679998,65.6,63.420002,65.2,18730405.0,0.6794348573018902,-4.554166543846719
3585,2017-06-29,NSE:CANBK,65.679998,67.7,65.459998,66.529998,23593210.0,2.0398742331288395,0.6794348573018902
3586,2017-06-30,NSE:CANBK,66.1,66.1,64.870002,65.729998,11743970.0,-1.20246508950746,2.0398742331288395
3587,2017-07-03,NSE:CANBK,65.759998,66.690002,65.729998,66.329998,7162075.0,0.9128252217503621,-1.20246508950746
3588,2017-07-04,NSE:CANBK,66.2,66.990002,65.9,66.309998,7119180.0,-0.030152269867413883,0.9128252217503621
3589,2017-07-05,NSE:CANBK,66.209998,66.979998,66.009998,66.479998,7512080.0,0.2563715957282968,-0.030152269867413883
3590,2017-07-06,NSE:CANBK,66.679998,68.929998,66.679998,68.5,14523565.0,3.0385109217361967,0.2563715957282968
3591,2017-07-07,NSE:CANBK,68.279998,69.640002,67.990002,69.2,12376815.0,1.0218978102189822,3.0385109217361967
3592,2017-07-10,NSE:CANBK,70.709998,72.520002,70.7,72.309998,4462645.0,4.494216763005767,1.0218978102189822
3593,2017-07-11,NSE:CANBK,73.190002,73.540002,70.829998,71.140002,11324445.0,-1.6180279800311954,4.494216763005767
3594,2017-07-12,NSE:CANBK,71.570002,72.1,70.340002,71.9,9535045.0,1.068313155234393,-1.6180279800311954
3595,2017-07-13,NSE:CANBK,72.779998,72.940002,71.870002,72.479998,8345230.0,0.8066731571627109,1.068313155234393
3596,2017-07-14,NSE:CANBK,72.6,73.809998,71.4,73.529998,14303665.0,1.448675536663248,0.8066731571627109
3597,2017-07-17,NSE:CANBK,73.820002,74.359998,73.05,73.7,9139455.0,0.23120087668164585,1.448675536663248
3598,2017-07-18,NSE:CANBK,73.190002,74.940002,72.85,73.709998,11756620.0,0.013565807326995869,0.23120087668164585
3599,2017-07-19,NSE:CANBK,74.340002,74.7,73.890002,74.25,13932805.0,0.7326034658147749,0.013565807326995869
3600,2017-07-20,NSE:CANBK,69.8,72.0,69.790002,70.379998,37721330.0,-5.212123905723906,0.7326034658147749
3601,2017-07-21,NSE:CANBK,70.520002,70.970002,69.209998,70.159998,14583570.0,-0.3125888125202829,-5.212123905723906
3602,2017-07-24,NSE:CANBK,70.259998,71.070002,70.0,70.6,15643710.0,0.6271408388580522,-0.3125888125202829
3603,2017-07-25,NSE:CANBK,70.970002,71.6,70.7,71.440002,8646870.0,1.1898045325779216,0.6271408388580522
3604,2017-07-26,NSE:CANBK,71.609998,72.090002,71.059998,71.429998,9370610.0,-0.01400335907046759,1.1898045325779216
3605,2017-07-27,NSE:CANBK,71.6,71.979998,69.990002,70.790002,15477860.0,-0.895976505557226,-0.01400335907046759
3606,2017-07-28,NSE:CANBK,71.0,72.959998,70.109998,72.8,12355955.0,2.83938118832091,-0.895976505557226
3607,2017-07-31,NSE:CANBK,72.4,73.990002,72.170002,73.620002,11612250.0,1.1263763736263768,2.83938118832091
3608,2017-08-01,NSE:CANBK,73.959998,74.090002,72.209998,72.540002,10087290.0,-1.466992625183572,1.1263763736263768
3609,2017-08-02,NSE:CANBK,72.740002,73.0,71.520002,72.05,7987655.0,-0.6754921236423512,-1.466992625183572
3610,2017-08-03,NSE:CANBK,71.779998,71.779998,68.890002,69.520002,11541550.0,-3.5114476058292743,-0.6754921236423512
3611,2017-08-04,NSE:CANBK,69.0,70.7,69.0,70.320002,9110895.0,1.1507479530854978,-3.5114476058292743
3612,2017-08-07,NSE:CANBK,70.320002,70.940002,70.079998,70.509998,4251985.0,0.27018770562605166,1.1507479530854978
3613,2017-08-08,NSE:CANBK,70.6,70.729998,68.820002,69.329998,6410935.0,-1.6735215337830425,0.27018770562605166
3614,2017-08-09,NSE:CANBK,69.15,69.890002,68.370002,68.790002,10619440.0,-0.7788778531336494,-1.6735215337830425
3615,2017-08-10,NSE:CANBK,68.2,68.629998,64.55,66.140002,10480130.0,-3.8523040019682013,-0.7788778531336494
3616,2017-08-11,NSE:CANBK,65.6,66.590002,64.159998,65.179998,11129860.0,-1.451472589916157,-3.8523040019682013
3617,2017-08-14,NSE:CANBK,66.079998,66.290002,65.259998,66.059998,6043655.0,1.3501074363334522,-1.451472589916157
3618,2017-08-16,NSE:CANBK,66.279998,67.679998,64.440002,67.370002,11180870.0,1.983051831155076,1.3501074363334522
3619,2017-08-17,NSE:CANBK,67.4,68.4,66.7,67.020002,7768735.0,-0.5195190583488395,1.983051831155076
3620,2017-08-18,NSE:CANBK,66.559998,66.920002,65.879998,66.540002,8110340.0,-0.7162040968008386,-0.5195190583488395
3621,2017-08-21,NSE:CANBK,67.0,67.4,65.020002,65.35,7126140.0,-1.7884009080733225,-0.7162040968008386
3622,2017-08-22,NSE:CANBK,65.779998,65.959998,64.570002,65.340002,7737515.0,-0.015299158377958616,-1.7884009080733225
3623,2017-08-23,NSE:CANBK,65.590002,67.479998,65.45,67.229998,11015820.0,2.892555773108174,-0.015299158377958616
3624,2017-08-24,NSE:CANBK,67.379998,68.959998,66.520002,68.240002,10767730.0,1.502311512786315,2.892555773108174
3625,2017-08-28,NSE:CANBK,68.7,68.759998,67.520002,67.809998,6460485.0,-0.6301347998202153,1.502311512786315
3626,2017-08-29,NSE:CANBK,67.5,68.520002,67.2,67.490002,6403755.0,-0.4719009134906465,-0.6301347998202153
3627,2017-08-30,NSE:CANBK,68.0,68.390002,67.420002,67.859998,4609640.0,0.5482234242636419,-0.4719009134906465
3628,2017-08-31,NSE:CANBK,67.940002,68.159998,67.2,67.95,6623750.0,0.13262894584818344,0.5482234242636419
3629,2017-09-01,NSE:CANBK,68.6,69.259998,67.809998,68.090002,6776035.0,0.20603679175863945,0.13262894584818344
3630,2017-09-04,NSE:CANBK,68.159998,68.55,66.570002,67.079998,4781415.0,-1.483336716600471,0.20603679175863945
3631,2017-09-05,NSE:CANBK,67.2,67.859998,67.079998,67.629998,5293655.0,0.8199165420368634,-1.483336716600471
3632,2017-09-06,NSE:CANBK,67.479998,67.479998,66.790002,67.079998,4091005.0,-0.8132485823820328,0.8199165420368634
3633,2017-09-07,NSE:CANBK,67.1,68.079998,66.579998,67.059998,5950495.0,-0.029815146983174078,-0.8132485823820328
3634,2017-09-08,NSE:CANBK,67.259998,67.4,65.629998,66.340002,5536440.0,-1.0736594415048966,-0.029815146983174078
3635,2017-09-11,NSE:CANBK,66.8,67.190002,66.370002,66.770002,4048720.0,0.6481760431662436,-1.0736594415048966
3636,2017-09-12,NSE:CANBK,67.2,68.45,66.909998,67.770002,8932425.0,1.4976785533120096,0.6481760431662436
3637,2017-09-13,NSE:CANBK,68.0,69.159998,67.740002,67.979998,8991420.0,0.3098657131513581,1.4976785533120096
3638,2017-09-14,NSE:CANBK,68.1,69.870002,67.890002,69.25,8369230.0,1.8681995253956984,0.3098657131513581
3639,2017-09-15,NSE:CANBK,69.120002,70.0,69.0,69.559998,12673985.0,0.44765054151623557,1.8681995253956984
3640,2017-09-18,NSE:CANBK,69.809998,70.379998,69.240002,69.429998,5055125.0,-0.1868890220497066,0.44765054151623557
3641,2017-09-19,NSE:CANBK,69.429998,69.559998,68.2,68.529998,5964155.0,-1.2962696614221298,-0.1868890220497066
3642,2017-09-20,NSE:CANBK,68.6,69.459998,67.929998,68.920002,10292070.0,0.5690996809893245,-1.2962696614221298
3643,2017-09-21,NSE:CANBK,69.0,69.190002,67.279998,68.009998,6661125.0,-1.3203772106681029,0.5690996809893245
3644,2017-09-22,NSE:CANBK,67.390002,67.5,64.840002,65.2,8572455.0,-4.131742512328839,-1.3203772106681029
3645,2017-09-25,NSE:CANBK,64.709998,65.5,62.85,65.170002,12816270.0,-0.046009202453997214,-4.131742512328839
3646,2017-09-26,NSE:CANBK,65.0,66.05,64.7,65.540002,11672495.0,0.5677458779270937,-0.046009202453997214
3647,2017-09-27,NSE:CANBK,65.8,66.190002,63.029998,63.579998,10068665.0,-2.9905461400504656,0.5677458779270937
3648,2017-09-28,NSE:CANBK,63.4,64.079998,62.470002,63.159998,10389215.0,-0.6605851104304874,-2.9905461400504656
3649,2017-09-29,NSE:CANBK,63.6,63.979998,61.320002,61.6,16377295.0,-2.46991458106126,-0.6605851104304874
3650,2017-10-03,NSE:CANBK,62.120002,62.35,61.120002,61.720002,10038410.0,0.19480844155844074,-2.46991458106126
3651,2017-10-04,NSE:CANBK,61.979998,62.35,61.120002,61.45,10255780.0,-0.43746272075622755,0.19480844155844074
3652,2017-10-05,NSE:CANBK,61.640002,62.270002,61.320002,62.0,6027830.0,0.8950366151342507,-0.43746272075622755
3653,2017-10-06,NSE:CANBK,62.4,63.2,62.3,63.029998,11345880.0,1.661287096774192,0.8950366151342507
3654,2017-10-09,NSE:CANBK,63.0,63.45,62.420002,62.859998,6518270.0,-0.26971284371610116,1.661287096774192
3655,2017-10-10,NSE:CANBK,63.009998,63.320002,62.6,62.809998,4155260.0,-0.07954184153807507,-0.26971284371610116
3656,2017-10-11,NSE:CANBK,62.929998,63.409998,60.440002,61.05,8721910.0,-2.802098481200402,-0.07954184153807507
3657,2017-10-12,NSE:CANBK,60.6,60.940002,59.620002,60.729998,12486490.0,-0.5241638001637924,-2.802098481200402
3658,2017-10-13,NSE:CANBK,61.040002,62.5,60.479998,61.7,11875395.0,1.5972370030376108,-0.5241638001637924
3659,2017-10-16,NSE:CANBK,61.720002,62.2,60.959998,61.579998,6501500.0,-0.19449270664505589,1.5972370030376108
3660,2017-10-17,NSE:CANBK,61.7,62.5,61.520002,61.759998,7956180.0,0.2923027051738451,-0.19449270664505589
3661,2017-10-18,NSE:CANBK,61.370002,61.479998,60.620002,61.009998,7186415.0,-1.2143782776676901,0.2923027051738451
3662,2017-10-19,NSE:CANBK,61.0,61.170002,60.009998,60.520002,1089450.0,-0.8031404951037778,-1.2143782776676901
3663,2017-10-23,NSE:CANBK,60.609998,61.290002,59.640002,61.070002,8384015.0,0.9087904524524045,-0.8031404951037778
3664,2017-10-24,NSE:CANBK,61.070002,63.929998,61.070002,63.420002,16729995.0,3.848043103060639,0.9087904524524045
3665,2017-10-25,NSE:CANBK,69.759998,88.820002,69.759998,87.979998,177050700.0,38.72594642932998,3.848043103060639
3666,2017-10-26,NSE:CANBK,88.479998,92.740002,83.609998,84.820002,78651150.0,-3.591720927295307,38.72594642932998
3667,2017-10-27,NSE:CANBK,84.970002,86.659998,80.279998,80.829998,29133650.0,-4.704083831547186,-3.591720927295307
3668,2017-10-30,NSE:CANBK,79.7,85.8,79.640002,82.679998,48220225.0,2.2887542320612133,-4.704083831547186
3669,2017-10-31,NSE:CANBK,82.740002,83.75,80.729998,81.120002,24634755.0,-1.8867876605415472,2.2887542320612133
3670,2017-11-01,NSE:CANBK,82.0,84.059998,81.2,82.5,21544130.0,1.701180924527098,-1.8867876605415472
3671,2017-11-02,NSE:CANBK,82.609998,82.890002,80.240002,80.540002,21578015.0,-2.37575515151515,1.701180924527098
3672,2017-11-03,NSE:CANBK,81.390002,81.8,79.920002,80.820002,20981775.0,0.34765333132224296,-2.37575515151515
3673,2017-11-06,NSE:CANBK,80.6,82.3,80.459998,81.259998,13065105.0,0.5444147353522629,0.34765333132224296
3674,2017-11-07,NSE:CANBK,81.8,82.15,77.559998,78.15,16580070.0,-3.8272188980363873,0.5444147353522629
3675,2017-11-08,NSE:CANBK,78.6,80.340002,76.770002,77.870002,19312900.0,-0.35828278950736553,-3.8272188980363873
3676,2017-11-09,NSE:CANBK,78.75,79.340002,77.3,77.790002,15920940.0,-0.10273532547231512,-0.35828278950736553
3677,2017-11-10,NSE:CANBK,77.4,79.759998,77.079998,77.790002,20381100.0,0.0,-0.10273532547231512
3678,2017-11-13,NSE:CANBK,78.359998,78.790002,76.179998,76.590002,11565310.0,-1.5426146923096915,0.0
3679,2017-11-14,NSE:CANBK,76.679998,77.259998,75.240002,75.490002,8162425.0,-1.4362187900190868,-1.5426146923096915
3680,2017-11-15,NSE:CANBK,75.959998,76.359998,73.470002,74.020002,10418215.0,-1.9472777335467533,-1.4362187900190868
3681,2017-11-16,NSE:CANBK,74.579998,77.2,74.029998,76.909998,17235940.0,3.9043446661890067,-1.9472777335467533
3682,2017-11-17,NSE:CANBK,79.290002,79.790002,77.420002,77.770002,17693720.0,1.1181953222778702,3.9043446661890067
3683,2017-11-20,NSE:CANBK,77.420002,79.179998,77.120002,78.629998,12825555.0,1.1058196963914124,1.1181953222778702
3684,2017-11-21,NSE:CANBK,79.220002,80.340002,77.870002,78.629998,17958985.0,0.0,1.1058196963914124
3685,2017-11-22,NSE:CANBK,78.840002,80.179998,77.65,79.790002,24723890.0,1.475269018829176,0.0
3686,2017-11-23,NSE:CANBK,79.940002,80.059998,77.909998,78.870002,13388085.0,-1.1530266661730397,1.475269018829176
3687,2017-11-24,NSE:CANBK,78.940002,79.440002,77.879998,78.120002,11288015.0,-0.9509318891611034,-1.1530266661730397
3688,2017-11-27,NSE:CANBK,77.320002,77.85,76.909998,77.420002,10658345.0,-0.8960573247297189,-0.9509318891611034
3689,2017-11-28,NSE:CANBK,77.190002,77.909998,76.320002,77.020002,12222365.0,-0.51666234779998,-0.8960573247297189
3690,2017-11-29,NSE:CANBK,76.959998,77.320002,75.259998,75.629998,9635690.0,-1.8047311917753581,-0.51666234779998
3691,2017-11-30,NSE:CANBK,75.059998,75.529998,74.140002,74.570002,17566705.0,-1.4015549755799255,-1.8047311917753581
3692,2017-12-01,NSE:CANBK,74.9,75.509998,72.029998,72.540002,9060530.0,-2.722274300059696,-1.4015549755799255
3693,2017-12-04,NSE:CANBK,73.0,73.909998,72.129998,73.45,10237500.0,1.254477495051629,-2.722274300059696
3694,2017-12-05,NSE:CANBK,73.45,75.170002,72.6,74.770002,12805695.0,1.797143635125939,1.254477495051629
3695,2017-12-06,NSE:CANBK,74.5,74.690002,72.370002,72.809998,8063690.0,-2.6213774877256415,1.797143635125939
3696,2017-12-07,NSE:CANBK,72.6,73.590002,72.290002,73.340002,8158725.0,0.7279275024839381,-2.6213774877256415
3697,2017-12-08,NSE:CANBK,73.579998,73.95,72.85,73.259998,4998440.0,-0.10908644371185373,0.7279275024839381
3698,2017-12-11,NSE:CANBK,73.8,74.090002,72.879998,73.359998,4633660.0,0.1365001402266057,-0.10908644371185373
3699,2017-12-12,NSE:CANBK,73.259998,74.390002,72.420002,73.459998,10596935.0,0.13631407132807488,0.1365001402266057
3700,2017-12-13,NSE:CANBK,72.829998,73.440002,70.259998,70.970002,10473260.0,-3.3895944293382705,0.13631407132807488
3701,2017-12-14,NSE:CANBK,71.0,72.120002,70.55,71.440002,12824765.0,0.6622516369662962,-3.3895944293382705
3702,2017-12-15,NSE:CANBK,72.3,72.75,70.809998,71.079998,9432075.0,-0.5039249578968427,0.6622516369662962
3703,2017-12-18,NSE:CANBK,70.959998,73.720002,68.2,73.05,17119170.0,2.7715279339203045,-0.5039249578968427
3704,2017-12-19,NSE:CANBK,73.379998,74.509998,72.940002,74.25,15237230.0,1.6427104722792647,2.7715279339203045
3705,2017-12-20,NSE:CANBK,74.390002,74.390002,72.720002,73.1,6520455.0,-1.5488215488215564,1.6427104722792647
3706,2017-12-21,NSE:CANBK,73.0,74.25,72.9,73.659998,5489610.0,0.7660711354309266,-1.5488215488215564
3707,2017-12-22,NSE:CANBK,73.929998,75.490002,73.559998,74.05,17911180.0,0.5294624091626985,0.7660711354309266
3708,2017-12-26,NSE:CANBK,74.040002,75.240002,73.329998,75.040002,11002985.0,1.3369372045914978,0.5294624091626985
3709,2017-12-27,NSE:CANBK,75.2,75.940002,73.359998,73.640002,14778345.0,-1.8656715920663296,1.3369372045914978
3710,2017-12-28,NSE:CANBK,73.5,74.070002,71.720002,72.140002,10912095.0,-2.036936392261369,-1.8656715920663296
3711,2017-12-29,NSE:CANBK,72.379998,73.140002,71.9,72.079998,6066090.0,-0.08317715322490868,-2.036936392261369
3712,2018-01-01,NSE:CANBK,72.340002,73.2,71.809998,72.140002,4383275.0,0.08324639520660389,-0.08317715322490868
3713,2018-01-02,NSE:CANBK,72.440002,72.729998,69.9,70.409998,7222740.0,-2.398120255111712,0.08324639520660389
3714,2018-01-03,NSE:CANBK,70.420002,71.270002,70.229998,70.559998,6931120.0,0.21303792680123562,-2.398120255111712
3715,2018-01-04,NSE:CANBK,70.979998,73.120002,70.4,72.509998,13793080.0,2.7636055205103647,0.21303792680123562
3716,2018-01-05,NSE:CANBK,73.159998,73.479998,71.85,72.970002,9965415.0,0.6344007898055629,2.7636055205103647
3717,2018-01-08,NSE:CANBK,73.0,73.890002,72.620002,72.95,6076250.0,-0.02741126415207029,0.6344007898055629
3718,2018-01-09,NSE:CANBK,73.020002,73.729998,72.209998,72.940002,9509470.0,-0.013705277587383076,-0.02741126415207029
3719,2018-01-10,NSE:CANBK,72.8,73.070002,70.590002,70.929998,9585550.0,-2.7556950162957348,-0.013705277587383076
3720,2018-01-11,NSE:CANBK,70.920002,71.659998,70.609998,71.1,5764925.0,0.23967574339984707,-2.7556950162957348
3721,2018-01-12,NSE:CANBK,71.270002,71.75,70.070002,70.790002,6967765.0,-0.43600281293951215,0.23967574339984707
3722,2018-01-15,NSE:CANBK,70.8,71.740002,70.5,70.870002,7813505.0,0.11301030899815243,-0.43600281293951215
3723,2018-01-16,NSE:CANBK,71.0,71.259998,67.629998,67.9,9500645.0,-4.190774539557645,0.11301030899815243
3724,2018-01-17,NSE:CANBK,67.709998,71.6,67.0,70.95,18141360.0,4.49189985272459,-4.190774539557645
3725,2018-01-18,NSE:CANBK,72.390002,72.440002,67.740002,69.859998,17869415.0,-1.5362959830866785,4.49189985272459
3726,2018-01-19,NSE:CANBK,69.9,73.229998,69.359998,72.540002,16069165.0,3.83624975196821,-1.5362959830866785
3727,2018-01-22,NSE:CANBK,72.0,73.2,71.159998,72.590002,8990595.0,0.06892748638192367,3.83624975196821
3728,2018-01-23,NSE:CANBK,73.0,75.740002,71.920002,74.9,20994160.0,3.1822536662831435,0.06892748638192367
3729,2018-01-24,NSE:CANBK,74.759998,76.409998,73.609998,75.85,25651420.0,1.2683578104138697,3.1822536662831435
3730,2018-01-25,NSE:CANBK,76.940002,76.979998,71.659998,72.270002,29873390.0,-4.719839156229386,1.2683578104138697
3731,2018-01-29,NSE:CANBK,71.879998,72.709998,68.379998,69.109998,19740000.0,-4.372497457520481,-4.719839156229386
3732,2018-01-30,NSE:CANBK,69.0,70.790002,68.0,69.879998,17457855.0,1.1141658548449038,-4.372497457520481
3733,2018-01-31,NSE:CANBK,69.020002,70.4,67.770002,68.270002,12633530.0,-2.30394396977515,1.1141658548449038
3734,2018-02-01,NSE:CANBK,68.4,68.8,65.740002,65.979998,16057240.0,-3.3543341627557157,-2.30394396977515
3735,2018-02-02,NSE:CANBK,65.0,65.0,61.640002,62.259998,43755880.0,-5.638072313976111,-3.3543341627557157
3736,2018-02-05,NSE:CANBK,60.8,63.959998,59.570002,63.529998,22629165.0,2.039833024087145,-5.638072313976111
3737,2018-02-06,NSE:CANBK,60.009998,64.6,59.159998,63.790002,25995605.0,0.40926177897880955,2.039833024087145
3738,2018-02-07,NSE:CANBK,64.640002,65.690002,62.409998,62.870002,18262310.0,-1.4422322795976736,0.40926177897880955
3739,2018-02-08,NSE:CANBK,62.8,65.6,62.520002,64.629998,18304790.0,2.799420938462832,-1.4422322795976736
3740,2018-02-09,NSE:CANBK,63.079998,64.779998,62.290002,64.229998,12850775.0,-0.6189076471888575,2.799420938462832
3741,2018-02-12,NSE:CANBK,64.0,66.729998,63.829998,65.559998,16125245.0,2.07068354571644,-0.6189076471888575
3742,2018-02-14,NSE:CANBK,65.6,65.6,61.45,61.759998,24081195.0,-5.796217382434927,2.07068354571644
3743,2018-02-15,NSE:CANBK,61.6,63.4,60.540002,62.070002,25902660.0,0.501949498120125,-5.796217382434927
3744,2018-02-16,NSE:CANBK,62.540002,62.8,60.620002,61.490002,15997415.0,-0.9344288405210707,0.501949498120125
3745,2018-02-19,NSE:CANBK,61.6,61.779998,57.229998,60.840002,37966880.0,-1.0570824180490328,-0.9344288405210707
3746,2018-02-20,NSE:CANBK,61.070002,63.2,59.829998,62.25,31124705.0,2.3175508771350826,-1.0570824180490328
3747,2018-02-21,NSE:CANBK,62.940002,63.0,60.8,62.340002,16906105.0,0.14458152610441502,2.3175508771350826
3748,2018-02-22,NSE:CANBK,61.740002,62.4,61.4,61.840002,15410465.0,-0.8020532306046445,0.14458152610441502
3749,2018-02-23,NSE:CANBK,62.370002,63.320002,62.0,62.770002,12830865.0,1.5038809345446007,-0.8020532306046445
3750,2018-02-26,NSE:CANBK,63.140002,63.270002,61.629998,61.979998,12756305.0,-1.2585693401762137,1.5038809345446007
3751,2018-02-27,NSE:CANBK,61.6,61.7,58.659998,59.120002,32849580.0,-4.614385434475171,-1.2585693401762137
3752,2018-02-28,NSE:CANBK,57.4,60.6,57.090002,59.85,41381570.0,1.234773300582774,-4.614385434475171
3753,2018-03-01,NSE:CANBK,58.009998,59.940002,57.770002,58.059998,41696000.0,-2.990813700918966,1.234773300582774
3754,2018-03-05,NSE:CANBK,57.4,57.8,55.7,56.05,28141805.0,-3.461932602891242,-2.990813700918966
3755,2018-03-06,NSE:CANBK,56.679998,56.979998,52.8,53.590002,25949565.0,-4.388934879571809,-3.461932602891242
3756,2018-03-07,NSE:CANBK,53.1,53.4,48.45,49.89,70458570.0,-6.904276659664983,-4.388934879571809
3757,2018-03-08,NSE:CANBK,50.29,51.0,48.0,50.229998,61587785.0,0.6814952896372045,-6.904276659664983
3758,2018-03-09,NSE:CANBK,50.2,50.24,46.829998,47.09,54237575.0,-6.251240543549291,0.6814952896372045
3759,2018-03-12,NSE:CANBK,47.020002,48.420002,45.04,47.720002,76917905.0,1.3378679125079582,-6.251240543549291
3760,2018-03-13,NSE:CANBK,46.8,52.35,46.570002,50.4,118938425.0,5.616089454480739,1.3378679125079582
3761,2018-03-14,NSE:CANBK,49.579998,52.2,48.270002,51.920002,98163865.0,3.0158769841269804,5.616089454480739
3762,2018-03-15,NSE:CANBK,52.2,53.359998,51.5,52.890002,63622240.0,1.8682587878174697,3.0158769841269804
3763,2018-03-16,NSE:CANBK,52.520002,54.529998,52.090002,53.670002,66689090.0,1.4747588778688152,1.8682587878174697
3764,2018-03-19,NSE:CANBK,54.2,54.279998,51.529998,52.840002,54840200.0,-1.5464877381595745,1.4747588778688152
3765,2018-03-20,NSE:CANBK,50.0,51.779998,50.0,50.84,71266420.0,-3.7850149967821634,-1.5464877381595745
3766,2018-03-21,NSE:CANBK,51.6,52.6,51.14,51.540002,45771055.0,1.3768725413060539,-3.7850149967821634
3767,2018-03-22,NSE:CANBK,51.8,51.8,50.7,50.929998,27525255.0,-1.1835544748329725,1.3768725413060539
3768,2018-03-23,NSE:CANBK,49.4,49.979998,48.470002,48.95,31412120.0,-3.8876852105904165,-1.1835544748329725
3769,2018-03-26,NSE:CANBK,49.079998,54.970002,48.44,54.1,83633610.0,10.520939734422877,-3.8876852105904165
3770,2018-03-27,NSE:CANBK,55.2,55.429998,53.0,53.759998,87887355.0,-0.6284695009242114,10.520939734422877
3771,2018-03-28,NSE:CANBK,52.959998,54.629998,52.490002,52.779998,61645695.0,-1.8229167344835169,-0.6284695009242114
3772,2018-04-02,NSE:CANBK,52.6,53.109998,51.220002,52.859998,30959650.0,0.15157257110922645,-1.8229167344835169
3773,2018-04-03,NSE:CANBK,53.209998,54.579998,52.829998,53.770002,40271890.0,1.7215361983176782,0.15157257110922645
3774,2018-04-04,NSE:CANBK,54.0,54.7,52.220002,52.5,36101235.0,-2.36191547844837,1.7215361983176782
3775,2018-04-05,NSE:CANBK,53.4,58.090002,53.2,56.620002,49517280.0,7.847622857142857,-2.36191547844837
3776,2018-04-06,NSE:CANBK,56.920002,57.890002,55.459998,57.179998,85737205.0,0.9890427061447262,7.847622857142857
3777,2018-04-09,NSE:CANBK,57.170002,58.4,56.129998,57.170002,57597845.0,-0.017481637547453226,0.9890427061447262
3778,2018-04-10,NSE:CANBK,57.379998,58.0,56.8,57.470002,43662660.0,0.5247507250393384,-0.017481637547453226
3779,2018-04-11,NSE:CANBK,57.0,57.2,55.679998,56.120002,35073790.0,-2.3490515973881494,0.5247507250393384
3780,2018-04-12,NSE:CANBK,55.959998,56.970002,55.309998,55.6,33880745.0,-0.9265894181543295,-2.3490515973881494
3781,2018-04-13,NSE:CANBK,56.0,57.4,55.659998,56.790002,40189280.0,2.1402913669064745,-0.9265894181543295
3782,2018-04-16,NSE:CANBK,56.709998,57.079998,56.059998,56.420002,30552265.0,-0.6515231325401336,2.1402913669064745
3783,2018-04-17,NSE:CANBK,57.0,57.140002,54.479998,54.940002,35304315.0,-2.6231831753568478,-0.6515231325401336
3784,2018-04-18,NSE:CANBK,55.479998,56.490002,54.859998,55.459998,44064745.0,0.94647976168621,-2.6231831753568478
3785,2018-04-19,NSE:CANBK,55.609998,55.979998,55.240002,55.659998,18772930.0,0.36062027986370077,0.94647976168621
3786,2018-04-20,NSE:CANBK,55.4,55.45,51.079998,51.740002,59173045.0,-7.042752678503518,0.36062027986370077
3787,2018-04-23,NSE:CANBK,51.06,53.0,50.21,52.629998,70913850.0,1.720131359871234,-7.042752678503518
3788,2018-04-24,NSE:CANBK,52.6,52.970002,51.55,51.740002,31903995.0,-1.691043195555515,1.720131359871234
3789,2018-04-25,NSE:CANBK,51.0,52.05,50.420002,50.870002,34071070.0,-1.681484279803463,-1.691043195555515
3790,2018-04-26,NSE:CANBK,50.84,51.14,50.079998,50.729998,26014930.0,-0.2752191753403068,-1.681484279803463
3791,2018-04-27,NSE:CANBK,50.9,53.9,50.9,52.209998,48107730.0,2.917405989253137,-0.2752191753403068
3792,2018-04-30,NSE:CANBK,52.4,53.55,51.670002,53.190002,26518845.0,1.8770427840276895,2.917405989253137
3793,2018-05-02,NSE:CANBK,53.2,53.579998,50.729998,51.270002,25628810.0,-3.6097009359014534,1.8770427840276895
3794,2018-05-03,NSE:CANBK,51.179998,52.3,50.579998,51.479998,30373140.0,0.409588437308826,-3.6097009359014534
3795,2018-05-04,NSE:CANBK,51.4,52.259998,50.64,51.120002,26048520.0,-0.6992929564604925,0.409588437308826
3796,2018-05-07,NSE:CANBK,51.579998,52.720002,51.35,52.55,20560805.0,2.7973355713092456,-0.6992929564604925
3797,2018-05-08,NSE:CANBK,52.720002,54.4,51.19,52.420002,45057015.0,-0.24737963843958233,2.7973355713092456
3798,2018-05-09,NSE:CANBK,52.290002,52.629998,51.4,51.590002,27862875.0,-1.5833650674030846,-0.24737963843958233
3799,2018-05-10,NSE:CANBK,51.920002,52.3,49.370002,49.720002,31143200.0,-3.6247333349589663,-1.5833650674030846
3800,2018-05-11,NSE:CANBK,48.25,50.04,48.25,49.34,47006970.0,-0.7642839596024101,-3.6247333349589663
3801,2018-05-14,NSE:CANBK,47.61,51.7,47.59,49.870002,113164480.0,1.0741832184839806,-0.7642839596024101
3802,2018-05-15,NSE:CANBK,49.61,50.620002,48.06,48.4,54374660.0,-2.947667818421184,1.0741832184839806
3803,2018-05-16,NSE:CANBK,48.15,49.279998,47.020002,48.2,53292865.0,-0.41322314049585895,-2.947667818421184
3804,2018-05-17,NSE:CANBK,48.76,48.870002,47.670002,47.979998,31552515.0,-0.45643568464730483,-0.41322314049585895
3805,2018-05-18,NSE:CANBK,48.0,48.16,46.9,47.14,27489580.0,-1.7507253751865546,-0.45643568464730483
3806,2018-05-21,NSE:CANBK,48.14,49.96,47.029998,49.129998,45726525.0,4.221463725074247,-1.7507253751865546
3807,2018-05-22,NSE:CANBK,49.0,50.59,48.070002,49.14,47186360.0,0.020358234087451146,4.221463725074247
3808,2018-05-23,NSE:CANBK,48.729998,51.279998,47.79,48.54,58802890.0,-1.221001221001224,0.020358234087451146
3809,2018-05-24,NSE:CANBK,48.8,49.679998,48.09,49.020002,38361395.0,0.9888792748248845,-1.221001221001224
3810,2018-05-25,NSE:CANBK,49.06,51.2,48.84,50.64,30024225.0,3.3047693470106396,0.9888792748248845
3811,2018-05-28,NSE:CANBK,51.05,53.690002,50.8,52.890002,50940175.0,4.443131911532389,3.3047693470106396
3812,2018-05-29,NSE:CANBK,52.720002,52.779998,51.04,51.370002,36910165.0,-2.8738890953341296,4.443131911532389
3813,2018-05-30,NSE:CANBK,50.21,51.7,50.09,51.229998,43758990.0,-0.2725403826147361,-2.8738890953341296
3814,2018-05-31,NSE:CANBK,51.4,51.9,50.46,51.429998,32069220.0,0.39039626743689454,-0.2725403826147361
3815,2018-06-01,NSE:CANBK,51.979998,52.5,50.520002,51.19,37980850.0,-0.46664983342989813,0.39039626743689454
3816,2018-06-04,NSE:CANBK,51.4,51.940002,50.44,50.629998,28581255.0,-1.0939675717913602,-0.46664983342989813
3817,2018-06-05,NSE:CANBK,50.95,51.1,49.620002,50.720002,29908700.0,0.17776812868924152,-1.0939675717913602
3818,2018-06-06,NSE:CANBK,50.929998,52.45,50.320002,52.120002,38127585.0,2.760252257087842,0.17776812868924152
3819,2018-06-07,NSE:CANBK,51.659998,54.9,51.509998,54.459998,68098230.0,4.489631447059422,2.760252257087842
3820,2018-06-08,NSE:CANBK,53.979998,55.559998,53.620002,55.25,52204255.0,1.4506096750132111,4.489631447059422
3821,2018-06-11,NSE:CANBK,55.25,56.520002,54.509998,54.990002,36210510.0,-0.4705846153846209,1.4506096750132111
3822,2018-06-12,NSE:CANBK,54.640002,56.2,54.640002,55.9,33323710.0,1.65484263848545,-0.4705846153846209
3823,2018-06-13,NSE:CANBK,56.1,56.820002,55.640002,56.070002,29915360.0,0.3041180679785398,1.65484263848545
3824,2018-06-14,NSE:CANBK,55.95,55.95,54.529998,55.5,29700810.0,-1.0165899405532433,0.3041180679785398
3825,2018-06-15,NSE:CANBK,55.540002,55.75,53.570002,53.929998,32881975.0,-2.8288324324324368,-1.0165899405532433
3826,2018-06-18,NSE:CANBK,53.7,54.329998,53.270002,53.540002,17696505.0,-0.7231522611960721,-2.8288324324324368
3827,2018-06-19,NSE:CANBK,53.320002,53.959998,51.75,52.429998,27546035.0,-2.073223680492211,-0.7231522611960721
3828,2018-06-20,NSE:CANBK,52.529998,52.990002,51.990002,52.320002,20588180.0,-0.20979592637023434,-2.073223680492211
3829,2018-06-21,NSE:CANBK,52.420002,52.720002,50.9,51.020002,21422810.0,-2.4847093851410866,-0.20979592637023434
3830,2018-06-22,NSE:CANBK,51.14,52.379998,50.6,51.879998,25124165.0,1.6856055787688964,-2.4847093851410866
3831,2018-06-25,NSE:CANBK,51.790002,52.079998,49.64,49.99,21113215.0,-3.643018644680747,1.6856055787688964
3832,2018-06-26,NSE:CANBK,49.79,51.079998,49.5,50.61,26638330.0,1.2402480496099166,-3.643018644680747
3833,2018-06-27,NSE:CANBK,50.44,50.6,48.24,49.5,29928370.0,-2.1932424422050967,1.2402480496099166
3834,2018-06-28,NSE:CANBK,49.8,50.46,48.879998,49.76,31211815.0,0.5252525252525213,-2.1932424422050967
3835,2018-06-29,NSE:CANBK,50.279998,51.16,49.81,50.31,26348445.0,1.1053054662379507,0.5252525252525213
3836,2018-07-02,NSE:CANBK,50.179998,50.7,48.15,49.779998,36346275.0,-1.0534724706817793,1.1053054662379507
3837,2018-07-03,NSE:CANBK,49.429998,50.379998,48.770002,48.95,33217280.0,-1.6673323289406246,-1.0534724706817793
3838,2018-07-04,NSE:CANBK,48.96,49.329998,48.4,48.929998,29267850.0,-0.04086210418795747,-1.6673323289406246
3839,2018-07-05,NSE:CANBK,49.2,49.66,48.56,48.76,23444550.0,-0.34743103811285597,-0.04086210418795747
3840,2018-07-06,NSE:CANBK,49.120002,50.2,48.76,49.529998,30021495.0,1.5791591468416757,-0.34743103811285597
3841,2018-07-09,NSE:CANBK,50.31,50.579998,49.020002,49.920002,31070870.0,0.7874096825119952,1.5791591468416757
3842,2018-07-10,NSE:CANBK,49.979998,50.94,49.9,50.129998,21957555.0,0.4206650472490042,0.7874096825119952
3843,2018-07-11,NSE:CANBK,50.15,50.24,48.76,49.05,20908415.0,-2.154394660059638,0.4206650472490042
3844,2018-07-12,NSE:CANBK,49.379998,50.020002,47.529998,47.86,25316680.0,-2.426095820591229,-2.154394660059638
3845,2018-07-13,NSE:CANBK,48.39,48.39,46.05,46.26,37051930.0,-3.343083994985377,-2.426095820591229
3846,2018-07-16,NSE:CANBK,46.2,46.2,43.31,44.470002,27145930.0,-3.8694293125810573,-3.343083994985377
3847,2018-07-17,NSE:CANBK,44.36,47.2,44.170002,46.86,39871955.0,5.374404975290981,-3.8694293125810573
3848,2018-07-18,NSE:CANBK,47.2,47.620002,44.779998,45.679998,32308990.0,-2.5181434058898886,5.374404975290981
3849,2018-07-19,NSE:CANBK,45.7,47.679998,45.020002,46.529998,40326590.0,1.860770659403272,-2.5181434058898886
3850,2018-07-20,NSE:CANBK,46.370002,47.679998,45.96,47.36,27864860.0,1.7837997757919535,1.860770659403272
3851,2018-07-23,NSE:CANBK,47.36,49.64,46.620002,49.39,31041220.0,4.28631756756757,1.7837997757919535
3852,2018-07-24,NSE:CANBK,49.36,50.85,49.04,50.56,31238395.0,2.368900587163397,4.28631756756757
3853,2018-07-25,NSE:CANBK,50.779998,52.75,49.5,51.790002,41729895.0,2.432757120253162,2.368900587163397
3854,2018-07-26,NSE:CANBK,53.6,56.259998,52.540002,55.779998,121093530.0,7.704181977054176,2.432757120253162
3855,2018-07-27,NSE:CANBK,55.65,56.5,54.740002,55.85,42522130.0,0.12549659826090767,7.704181977054176
3856,2018-07-30,NSE:CANBK,56.0,58.520002,56.0,57.870002,41842570.0,3.616834377797669,0.12549659826090767
3857,2018-07-31,NSE:CANBK,57.4,57.979998,56.220002,56.9,33056200.0,-1.6761741255858276,3.616834377797669
3858,2018-08-01,NSE:CANBK,57.0,57.779998,56.070002,56.990002,31315995.0,0.15817574692442593,-1.6761741255858276
3859,2018-08-02,NSE:CANBK,56.5,56.870002,55.5,55.95,28680590.0,-1.8248850035134128,0.15817574692442593
3860,2018-08-03,NSE:CANBK,56.009998,58.45,55.85,58.070002,38627350.0,3.7891009830205533,-1.8248850035134128
3861,2018-08-06,NSE:CANBK,58.4,59.570002,57.859998,58.890002,36560925.0,1.4120888096404753,3.7891009830205533
3862,2018-08-07,NSE:CANBK,58.890002,59.320002,57.409998,57.779998,28539070.0,-1.8848768251018289,1.4120888096404753
3863,2018-08-08,NSE:CANBK,57.779998,58.779998,57.3,57.690002,24545635.0,-0.15575632245608473,-1.8848768251018289
3864,2018-08-09,NSE:CANBK,58.179998,60.459998,57.9,59.190002,46520645.0,2.600103914019625,-0.15575632245608473
3865,2018-08-10,NSE:CANBK,58.829998,59.040002,56.190002,56.470002,34650640.0,-4.595370684393623,2.600103914019625
3866,2018-08-13,NSE:CANBK,55.7,56.0,53.470002,53.979998,32175770.0,-4.40942785870629,-4.595370684393623
3867,2018-08-14,NSE:CANBK,54.0,54.740002,53.520002,54.129998,27927640.0,0.27788070684996796,-4.40942785870629
3868,2018-08-16,NSE:CANBK,53.420002,55.140002,52.909998,53.520002,34824615.0,-1.1269093340812657,0.27788070684996796
3869,2018-08-17,NSE:CANBK,54.0,55.65,54.0,55.470002,33498535.0,3.64349762169292,-1.1269093340812657
3870,2018-08-20,NSE:CANBK,55.8,57.840002,55.729998,57.5,27357425.0,3.6596321016898448,3.64349762169292
3871,2018-08-21,NSE:CANBK,57.840002,57.959998,56.35,56.870002,27584780.0,-1.095648695652175,3.6596321016898448
3872,2018-08-23,NSE:CANBK,56.8,57.0,55.240002,56.259998,31095755.0,-1.0726287648099546,-1.095648695652175
3873,2018-08-24,NSE:CANBK,55.879998,56.9,54.940002,55.270002,29317600.0,-1.7596801194340692,-1.0726287648099546
3874,2018-08-27,NSE:CANBK,55.870002,57.590002,55.629998,56.959998,34458810.0,3.0577093158057074,-1.7596801194340692
3875,2018-08-28,NSE:CANBK,57.0,57.159998,54.520002,54.920002,30351230.0,-3.5814537774386896,3.0577093158057074
3876,2018-08-29,NSE:CANBK,55.320002,57.079998,55.15,56.409998,34500315.0,2.7130297628175706,-3.5814537774386896
3877,2018-08-30,NSE:CANBK,56.2,57.859998,55.65,57.229998,33801920.0,1.4536430226429014,2.7130297628175706
3878,2018-08-31,NSE:CANBK,56.790002,57.35,55.440002,56.740002,35748920.0,-0.8561873442665593,1.4536430226429014
3879,2018-09-03,NSE:CANBK,57.1,58.55,56.420002,56.970002,41724510.0,0.4053577580064308,-0.8561873442665593
3880,2018-09-04,NSE:CANBK,57.140002,57.209998,53.929998,54.279998,41905000.0,-4.721790250244333,0.4053577580064308
3881,2018-09-05,NSE:CANBK,54.05,54.659998,52.279998,53.579998,39886665.0,-1.2896094800887719,-4.721790250244333
3882,2018-09-06,NSE:CANBK,54.0,54.690002,53.240002,53.790002,39063930.0,0.3919447701360456,-1.2896094800887719
3883,2018-09-07,NSE:CANBK,54.2,54.520002,52.890002,54.090002,30655205.0,0.5577244633677411,0.3919447701360456
3884,2018-09-10,NSE:CANBK,53.6,54.2,52.559998,52.970002,32835415.0,-2.070622959119132,0.5577244633677411
3885,2018-09-11,NSE:CANBK,53.0,53.909998,52.2,52.55,40966775.0,-0.7929053882233263,-2.070622959119132
3886,2018-09-12,NSE:CANBK,52.779998,53.359998,51.459998,52.979998,35535110.0,0.8182645099904944,-0.7929053882233263
3887,2018-09-14,NSE:CANBK,53.729998,54.240002,53.470002,53.859998,22706515.0,1.6610042152134383,0.8182645099904944
3888,2018-09-17,NSE:CANBK,53.35,54.3,52.759998,53.5,25374650.0,-0.6683958658891844,1.6610042152134383
3889,2018-09-18,NSE:CANBK,52.559998,52.8,48.86,49.36,66702575.0,-7.738317757009347,-0.6683958658891844
3890,2018-09-19,NSE:CANBK,49.89,50.520002,49.0,49.24,40847325.0,-0.24311183144245835,-7.738317757009347
3891,2018-09-21,NSE:CANBK,49.66,50.3,41.86,47.870002,43146030.0,-2.7822867587327424,-0.24311183144245835
3892,2018-09-24,NSE:CANBK,48.5,48.5,46.070002,46.6,32994095.0,-2.653022659159275,-2.7822867587327424
3893,2018-09-25,NSE:CANBK,46.379998,47.420002,44.279998,46.7,42555800.0,0.21459227467811462,-2.653022659159275
3894,2018-09-26,NSE:CANBK,47.2,47.6,46.26,47.029998,30046825.0,0.7066338329764373,0.21459227467811462
3895,2018-09-27,NSE:CANBK,47.34,47.370002,45.36,45.529998,25525725.0,-3.1894536759282874,0.7066338329764373
3896,2018-09-28,NSE:CANBK,46.4,46.6,43.729998,44.170002,41898190.0,-2.9870328568870184,-3.1894536759282874
3897,2018-10-01,NSE:CANBK,43.8,47.0,42.71,46.56,48940135.0,5.41090761100714,-2.9870328568870184
3898,2018-10-03,NSE:CANBK,46.0,47.979998,45.76,46.36,42378265.0,-0.42955326460481713,5.41090761100714
3899,2018-10-04,NSE:CANBK,45.61,46.8,45.1,45.820002,31561015.0,-1.1647929249352829,-0.42955326460481713
3900,2018-10-05,NSE:CANBK,45.7,46.270002,43.0,43.870002,33996520.0,-4.255783314893794,-1.1647929249352829
3901,2018-10-08,NSE:CANBK,43.779998,44.09,42.2,43.34,39237065.0,-1.2081193887340058,-4.255783314893794
3902,2018-10-09,NSE:CANBK,43.979998,43.979998,42.24,43.24,32271225.0,-0.23073373327180763,-1.2081193887340058
3903,2018-10-10,NSE:CANBK,43.2,47.16,43.170002,46.55,40507190.0,7.654949121184078,-0.23073373327180763
3904,2018-10-11,NSE:CANBK,43.6,46.2,43.6,45.029998,32752595.0,-3.2653104189044,7.654949121184078
3905,2018-10-12,NSE:CANBK,46.0,46.829998,45.71,46.16,24690540.0,2.509442705282815,-3.2653104189044
3906,2018-10-15,NSE:CANBK,46.2,46.570002,45.24,45.970002,24736160.0,-0.41160745233967866,2.509442705282815
3907,2018-10-16,NSE:CANBK,46.329998,47.76,46.0,47.320002,24047555.0,2.9366977186557475,-0.41160745233967866
3908,2018-10-17,NSE:CANBK,48.19,48.19,43.65,44.129998,35639570.0,-6.741343755649042,2.9366977186557475
3909,2018-10-19,NSE:CANBK,44.0,45.14,43.320002,44.2,32304510.0,0.1586267916894135,-6.741343755649042
3910,2018-10-22,NSE:CANBK,45.0,45.279998,41.86,42.26,42792360.0,-4.389140271493224,0.1586267916894135
3911,2018-10-23,NSE:CANBK,41.61,42.44,40.95,41.620002,31257525.0,-1.5144297207761444,-4.389140271493224
3912,2018-10-24,NSE:CANBK,42.5,43.0,41.14,42.54,29768370.0,2.2104708212171627,-1.5144297207761444
3913,2018-10-25,NSE:CANBK,42.0,42.95,41.6,42.329998,23574315.0,-0.49365773389749834,2.2104708212171627
3914,2018-10-26,NSE:CANBK,42.8,43.16,41.85,42.51,28380855.0,0.42523507796998866,-0.49365773389749834
3915,2018-10-29,NSE:CANBK,42.7,48.0,42.420002,47.64,55402585.0,12.067748764996477,0.42523507796998866
3916,2018-10-30,NSE:CANBK,47.4,52.740002,47.170002,51.25,108004580.0,7.577665827036102,12.067748764996477
3917,2018-10-31,NSE:CANBK,51.8,52.65,49.96,52.390002,60903790.0,2.2243941463414685,7.577665827036102
3918,2018-11-01,NSE:CANBK,52.4,52.970002,49.91,50.36,78716475.0,-3.8747889339649255,2.2243941463414685
3919,2018-11-02,NSE:CANBK,50.979998,51.440002,48.420002,48.6,52208895.0,-3.494837172359011,-3.8747889339649255
3920,2018-11-05,NSE:CANBK,48.579998,49.74,48.2,49.2,28066295.0,1.2345679012345707,-3.494837172359011
3921,2018-11-06,NSE:CANBK,49.370002,49.7,48.05,48.34,21493505.0,-1.7479674796747957,1.2345679012345707
3922,2018-11-07,NSE:CANBK,48.8,48.929998,48.420002,48.56,3000990.0,0.4551096400496459,-1.7479674796747957
3923,2018-11-09,NSE:CANBK,48.6,50.44,48.14,49.279998,35163265.0,1.482697693574952,0.4551096400496459
3924,2018-11-12,NSE:CANBK,49.36,49.529998,47.4,47.620002,25233405.0,-3.36849851333192,1.482697693574952
3925,2018-11-13,NSE:CANBK,47.4,49.2,46.94,48.65,30642030.0,2.1629524501069928,-3.36849851333192
3926,2018-11-14,NSE:CANBK,49.2,51.479998,48.820002,50.529998,52099655.0,3.8643329907502584,2.1629524501069928
3927,2018-11-15,NSE:CANBK,50.59,51.890002,49.6,51.129998,37142695.0,1.1874134647699797,3.8643329907502584
3928,2018-11-16,NSE:CANBK,51.09,53.279998,50.179998,52.740002,50716670.0,3.1488442459942916,1.1874134647699797
3929,2018-11-19,NSE:CANBK,53.359998,53.55,51.85,52.220002,33185710.0,-0.9859688666678399,3.1488442459942916
3930,2018-11-20,NSE:CANBK,51.079998,52.85,51.070002,51.370002,38218345.0,-1.6277287771838873,-0.9859688666678399
3931,2018-11-21,NSE:CANBK,51.379998,52.979998,51.3,52.620002,39039015.0,2.433326749724479,-1.6277287771838873
3932,2018-11-22,NSE:CANBK,52.859998,52.9,51.520002,52.179998,36977215.0,-0.8361915303614048,2.433326749724479
3933,2018-11-26,NSE:CANBK,52.65,52.990002,51.359998,52.729998,31889005.0,1.054043735302566,-0.8361915303614048
3934,2018-11-27,NSE:CANBK,52.65,53.890002,52.329998,53.509998,45819380.0,1.4792338888387613,1.054043735302566
3935,2018-11-28,NSE:CANBK,53.75,54.4,52.070002,52.409998,36700565.0,-2.055690601969377,1.4792338888387613
3936,2018-11-29,NSE:CANBK,52.959998,53.45,52.040002,52.209998,26636995.0,-0.3816065781952574,-2.055690601969377
3937,2018-11-30,NSE:CANBK,52.579998,52.8,50.8,51.16,27880215.0,-2.0111052293087663,-0.3816065781952574
3938,2018-12-03,NSE:CANBK,51.590002,52.379998,50.95,51.590002,34628175.0,0.8405043002345618,-2.0111052293087663
3939,2018-12-04,NSE:CANBK,51.579998,51.679998,50.49,50.770002,24394505.0,-1.5894552591798703,0.8405043002345618
3940,2018-12-05,NSE:CANBK,50.34,51.19,50.05,50.5,27936700.0,-0.531814042473345,-1.5894552591798703
3941,2018-12-06,NSE:CANBK,50.2,50.279998,48.74,49.179998,26342895.0,-2.6138653465346584,-0.531814042473345
3942,2018-12-07,NSE:CANBK,49.56,50.54,48.3,49.44,28399790.0,0.5286742793279497,-2.6138653465346584
3943,2018-12-10,NSE:CANBK,48.0,49.24,47.870002,48.220002,19080645.0,-2.4676334951456247,0.5286742793279497
3944,2018-12-11,NSE:CANBK,47.0,50.079998,47.0,49.66,35394165.0,2.98630846178728,-2.4676334951456247
3945,2018-12-12,NSE:CANBK,50.4,51.85,50.0,51.620002,36146760.0,3.9468425291985563,2.98630846178728
3946,2018-12-13,NSE:CANBK,52.0,52.779998,51.16,51.909998,32071435.0,0.5617899821081025,3.9468425291985563
3947,2018-12-14,NSE:CANBK,51.720002,53.479998,51.440002,53.290002,33201865.0,2.6584551207264533,0.5617899821081025
3948,2018-12-17,NSE:CANBK,53.35,53.690002,52.65,53.109998,16318285.0,-0.3377819351554985,2.6584551207264533
3949,2018-12-18,NSE:CANBK,52.909998,54.270002,52.690002,53.829998,27759915.0,1.3556769480578892,-0.3377819351554985
3950,2018-12-19,NSE:CANBK,54.479998,55.479998,54.220002,54.85,31668715.0,1.8948579563387649,1.3556769480578892
3951,2018-12-20,NSE:CANBK,54.429998,55.459998,53.259998,53.690002,36016400.0,-2.1148550592525095,1.8948579563387649
3952,2018-12-21,NSE:CANBK,54.0,54.45,52.770002,53.1,22548060.0,-1.0989047830543912,-2.1148550592525095
3953,2018-12-24,NSE:CANBK,53.020002,54.0,52.5,53.270002,21820585.0,0.32015442561204643,-1.0989047830543912
3954,2018-12-26,NSE:CANBK,53.2,54.709998,51.929998,54.179998,23579545.0,1.7082710077615533,0.32015442561204643
3955,2018-12-27,NSE:CANBK,54.520002,54.940002,54.020002,54.45,25010455.0,0.4983425802267567,1.7082710077615533
3956,2018-12-28,NSE:CANBK,54.879998,55.8,54.5,55.490002,26018830.0,1.9100128558310268,0.4983425802267567
3957,2018-12-31,NSE:CANBK,55.95,56.320002,54.85,55.009998,21292440.0,-0.8650279017830886,1.9100128558310268
3958,2019-01-01,NSE:CANBK,55.3,56.679998,54.859998,56.3,27095355.0,2.3450318976561206,-0.8650279017830886
3959,2019-01-02,NSE:CANBK,56.040002,56.740002,54.720002,55.079998,28222815.0,-2.166966252220238,2.3450318976561206
3960,2019-01-03,NSE:CANBK,55.179998,55.679998,54.670002,55.259998,19967195.0,0.32679739748719616,-2.166966252220238
3961,2019-01-04,NSE:CANBK,55.6,57.1,54.840002,56.590002,30690280.0,2.4068115239526344,0.32679739748719616
3962,2019-01-07,NSE:CANBK,56.940002,57.290002,55.370002,55.65,17759875.0,-1.6610743360638152,2.4068115239526344
3963,2019-01-08,NSE:CANBK,55.579998,58.0,55.409998,57.579998,27864940.0,3.4681006289308267,-1.6610743360638152
3964,2019-01-09,NSE:CANBK,57.8,57.970002,55.290002,56.1,32093545.0,-2.570333538392971,3.4681006289308267
3965,2019-01-10,NSE:CANBK,56.15,56.629998,55.659998,56.209998,16797210.0,0.19607486631015575,-2.570333538392971
3966,2019-01-11,NSE:CANBK,56.379998,56.459998,55.3,55.65,15197735.0,-0.9962604873246931,0.19607486631015575
3967,2019-01-14,NSE:CANBK,55.65,56.290002,55.029998,55.6,18157035.0,-0.08984725965857532,-0.9962604873246931
3968,2019-01-15,NSE:CANBK,56.15,56.15,54.729998,55.070002,16436760.0,-0.9532338129496385,-0.08984725965857532
3969,2019-01-16,NSE:CANBK,55.25,56.170002,54.909998,55.070002,19400930.0,0.0,-0.9532338129496385
3970,2019-01-17,NSE:CANBK,55.179998,55.459998,53.979998,55.090002,17894640.0,0.0363174128811472,0.0
3971,2019-01-18,NSE:CANBK,55.490002,55.559998,54.370002,54.520002,13102490.0,-1.0346705015548925,0.0363174128811472
3972,2019-01-21,NSE:CANBK,54.8,55.3,53.079998,53.6,16934060.0,-1.6874577517440235,-1.0346705015548925
3973,2019-01-22,NSE:CANBK,53.4,53.820002,52.3,52.690002,15186460.0,-1.6977574626865701,-1.6874577517440235
3974,2019-01-23,NSE:CANBK,52.7,53.0,51.75,52.090002,18252770.0,-1.1387359598126443,-1.6977574626865701
3975,2019-01-24,NSE:CANBK,52.1,52.759998,51.490002,52.459998,18502120.0,0.710301374148537,-1.1387359598126443
3976,2019-01-25,NSE:CANBK,52.8,53.0,49.85,50.870002,20197460.0,-3.0308731616802564,0.710301374148537
3977,2019-01-28,NSE:CANBK,51.2,52.390002,47.54,48.079998,53008935.0,-5.484576155511054,-3.0308731616802564
3978,2019-01-29,NSE:CANBK,48.379998,50.76,48.04,49.26,49078250.0,2.454247190276494,-5.484576155511054
3979,2019-01-30,NSE:CANBK,49.6,50.370002,49.04,49.95,22086550.0,1.4007308160779637,2.454247190276494
3980,2019-01-31,NSE:CANBK,50.329998,50.45,49.16,50.029998,22610500.0,0.16015615615614862,1.4007308160779637
3981,2019-02-01,NSE:CANBK,50.4,50.479998,47.020002,47.61,29423225.0,-4.837093937121484,0.16015615615614862
3982,2019-02-04,NSE:CANBK,47.8,47.86,46.070002,47.0,24977955.0,-1.2812434362528868,-4.837093937121484
3983,2019-02-05,NSE:CANBK,47.2,47.529998,45.920002,46.229998,21810865.0,-1.6383021276595702,-1.2812434362528868
3984,2019-02-06,NSE:CANBK,46.5,47.39,45.31,47.120002,21624295.0,1.9251655602494242,-1.6383021276595702
3985,2019-02-07,NSE:CANBK,47.21,48.3,46.779998,47.41,24444605.0,0.6154456445056965,1.9251655602494242
3986,2019-02-08,NSE:CANBK,47.2,47.229998,45.379998,45.65,20860145.0,-3.712296983758697,0.6154456445056965
3987,2019-02-11,NSE:CANBK,45.75,45.9,44.76,45.0,15752240.0,-1.4238773274917822,-3.712296983758697
3988,2019-02-12,NSE:CANBK,45.0,45.520002,43.96,44.120002,20842975.0,-1.9555511111111121,-1.4238773274917822
3989,2019-02-13,NSE:CANBK,44.270002,44.670002,43.81,44.0,17974550.0,-0.2719900148689918,-1.9555511111111121
3990,2019-02-14,NSE:CANBK,43.920002,45.2,43.620002,44.74,29247355.0,1.6818181818181863,-0.2719900148689918
3991,2019-02-15,NSE:CANBK,44.74,44.770002,42.66,43.05,26143535.0,-3.7773804202056436,1.6818181818181863
3992,2019-02-18,NSE:CANBK,43.3,43.46,42.56,42.729998,16009900.0,-0.7433263646922073,-3.7773804202056436
3993,2019-02-19,NSE:CANBK,42.979998,44.279998,42.729998,42.970002,31105065.0,0.5616756640147724,-0.7433263646922073
3994,2019-02-20,NSE:CANBK,43.3,43.96,43.15,43.71,18224190.0,1.7221269852396095,0.5616756640147724
3995,2019-02-21,NSE:CANBK,45.0,45.0,44.070002,44.3,22249905.0,1.349805536490497,1.7221269852396095
3996,2019-02-22,NSE:CANBK,44.3,44.75,43.720002,44.4,17023350.0,0.22573363431151566,1.349805536490497
3997,2019-02-25,NSE:CANBK,44.76,44.76,44.279998,44.56,11592130.0,0.36036036036036867,0.22573363431151566
3998,2019-02-26,NSE:CANBK,43.8,44.11,42.670002,43.59,23055975.0,-2.176840215439854,0.36036036036036867
3999,2019-02-27,NSE:CANBK,43.8,46.51,43.8,46.24,65408440.0,6.079376003670562,-2.176840215439854
4000,2019-02-28,NSE:CANBK,46.020002,46.779998,45.820002,46.29,27671285.0,0.10813148788926721,6.079376003670562
4001,2019-03-01,NSE:CANBK,46.54,48.870002,46.5,48.479998,34222670.0,4.731039101317785,0.10813148788926721
4002,2019-03-05,NSE:CANBK,48.779998,51.0,48.44,50.670002,32042530.0,4.51733516985705,4.731039101317785
4003,2019-03-06,NSE:CANBK,50.99,51.5,50.2,50.56,24709125.0,-0.2170949193962818,4.51733516985705
4004,2019-03-07,NSE:CANBK,50.579998,51.790002,49.8,51.470002,27244315.0,1.7998457278480984,-0.2170949193962818
4005,2019-03-08,NSE:CANBK,51.05,51.659998,50.570002,50.8,18233090.0,-1.3017329977955,1.7998457278480984
4006,2019-03-11,NSE:CANBK,51.179998,52.590002,51.129998,51.870002,23570270.0,2.1063031496063043,-1.3017329977955
4007,2019-03-12,NSE:CANBK,52.579998,52.720002,51.020002,51.279998,21102355.0,-1.137466699924169,2.1063031496063043
4008,2019-03-13,NSE:CANBK,51.240002,52.779998,50.75,52.6,35280355.0,2.574106964668763,-1.137466699924169
4009,2019-03-14,NSE:CANBK,52.95,53.2,51.720002,52.4,29336995.0,-0.38022813688213464,2.574106964668763
4010,2019-03-15,NSE:CANBK,52.740002,53.970002,52.429998,52.920002,28229285.0,0.99237022900763,-0.38022813688213464
4011,2019-03-18,NSE:CANBK,53.3,54.7,52.390002,54.440002,28420070.0,2.872259906566147,0.99237022900763
4012,2019-03-19,NSE:CANBK,54.620002,56.340002,54.35,55.270002,40945845.0,1.5246141982140233,2.872259906566147
4013,2019-03-20,NSE:CANBK,55.2,55.65,54.570002,55.240002,26229050.0,-0.05427899206517332,1.5246141982140233
4014,2019-03-22,NSE:CANBK,55.379998,55.679998,54.170002,54.35,20546165.0,-1.6111549018408717,-0.05427899206517332
4015,2019-03-25,NSE:CANBK,53.6,54.459998,53.240002,54.040002,15620630.0,-0.570373505059798,-1.6111549018408717
4016,2019-03-26,NSE:CANBK,54.179998,56.659998,54.059998,56.240002,31467320.0,4.071058324535213,-0.570373505059798
4017,2019-03-27,NSE:CANBK,56.4,57.5,55.859998,57.2,34242130.0,1.7069665111320693,4.071058324535213
4018,2019-03-28,NSE:CANBK,56.8,60.0,56.8,59.290002,51851150.0,3.653849650349647,1.7069665111320693
4019,2019-03-29,NSE:CANBK,59.240002,59.520002,57.7,58.259998,37176710.0,-1.7372305030450126,3.653849650349647
4020,2019-04-01,NSE:CANBK,58.6,60.420002,58.4,58.740002,29710805.0,0.8238997879814447,-1.7372305030450126
4021,2019-04-02,NSE:CANBK,58.95,59.679998,58.2,59.170002,32072465.0,0.7320394711597044,0.8238997879814447
4022,2019-04-03,NSE:CANBK,59.4,60.1,56.640002,57.029998,31224010.0,-3.6167042887711878,0.7320394711597044
4023,2019-04-04,NSE:CANBK,57.190002,57.990002,56.15,56.359998,37448010.0,-1.1748203112334,-3.6167042887711878
4024,2019-04-05,NSE:CANBK,56.7,56.959998,55.629998,55.990002,22405215.0,-0.656486893416853,-1.1748203112334
4025,2019-04-08,NSE:CANBK,56.159998,56.879998,54.429998,54.740002,27781145.0,-2.2325414455245065,-0.656486893416853
4026,2019-04-09,NSE:CANBK,54.95,57.7,54.440002,57.379998,42796640.0,4.822791201213335,-2.2325414455245065
4027,2019-04-10,NSE:CANBK,56.840002,57.370002,56.070002,56.309998,28124160.0,-1.8647613058473795,4.822791201213335
4028,2019-04-11,NSE:CANBK,56.3,56.7,55.540002,56.120002,23099855.0,-0.3374107738380682,-1.8647613058473795
4029,2019-04-12,NSE:CANBK,56.0,57.159998,55.640002,56.970002,21937825.0,1.5146114927080747,-0.3374107738380682
4030,2019-04-15,NSE:CANBK,57.129998,57.5,55.940002,56.15,20396745.0,-1.4393575060783785,1.5146114927080747
4031,2019-04-16,NSE:CANBK,56.440002,56.779998,55.679998,56.009998,15075645.0,-0.24933570792519238,-1.4393575060783785
4032,2019-04-18,NSE:CANBK,56.159998,56.25,54.629998,55.45,19828390.0,-0.9998179253639683,-0.24933570792519238
4033,2019-04-22,NSE:CANBK,55.0,55.040002,53.1,53.5,20750575.0,-3.5166816952209246,-0.9998179253639683
4034,2019-04-23,NSE:CANBK,53.579998,54.840002,53.259998,54.090002,23380380.0,1.102807476635511,-3.5166816952209246
4035,2019-04-24,NSE:CANBK,54.090002,54.879998,53.55,54.7,15942460.0,1.1277463069792537,1.102807476635511
4036,2019-04-25,NSE:CANBK,54.6,55.020002,54.090002,54.309998,14287700.0,-0.7129835466179206,1.1277463069792537
4037,2019-04-26,NSE:CANBK,54.479998,54.820002,53.8,54.679998,17290020.0,0.6812741919084538,-0.7129835466179206
4038,2019-04-30,NSE:CANBK,54.8,54.929998,50.85,52.090002,32859735.0,-4.736642455619694,0.6812741919084538
4039,2019-05-02,NSE:CANBK,51.9,53.309998,51.570002,52.440002,22395270.0,0.6719139692104474,-4.736642455619694
4040,2019-05-03,NSE:CANBK,52.690002,53.940002,52.529998,53.409998,21268160.0,1.849725329911318,0.6719139692104474
4041,2019-05-06,NSE:CANBK,52.390002,53.590002,52.159998,53.109998,17474950.0,-0.5616925879682756,1.849725329911318
4042,2019-05-07,NSE:CANBK,53.459998,53.75,51.1,51.5,18567300.0,-3.0314405208601167,-0.5616925879682756
4043,2019-05-08,NSE:CANBK,51.379998,52.479998,50.91,51.35,25965390.0,-0.2912621359223273,-3.0314405208601167
4044,2019-05-09,NSE:CANBK,51.2,51.929998,51.04,51.390002,15355320.0,0.07790068159688647,-0.2912621359223273
4045,2019-05-10,NSE:CANBK,51.620002,53.740002,51.25,53.1,48699285.0,3.327491600408964,0.07790068159688647
4046,2019-05-13,NSE:CANBK,52.5,53.329998,48.1,48.679998,66889905.0,-8.323920903954809,3.327491600408964
4047,2019-05-14,NSE:CANBK,48.79,50.2,47.69,49.71,33201490.0,2.1158628642507407,-8.323920903954809
4048,2019-05-15,NSE:CANBK,49.8,50.11,48.46,48.71,20463595.0,-2.011667672500503,2.1158628642507407
4049,2019-05-16,NSE:CANBK,48.879998,48.970002,47.820002,48.55,20977435.0,-0.32847464586328,-2.011667672500503
4050,2019-05-17,NSE:CANBK,48.5,49.479998,48.2,49.11,19042380.0,1.1534500514933106,-0.32847464586328
4051,2019-05-20,NSE:CANBK,51.559998,53.790002,50.870002,53.15,35988140.0,8.22643046222765,1.1534500514933106
4052,2019-05-21,NSE:CANBK,53.179998,53.979998,51.420002,52.0,29389275.0,-2.1636876763875796,8.22643046222765
4053,2019-05-22,NSE:CANBK,51.890002,52.590002,51.020002,51.470002,29759445.0,-1.0192269230769213,-2.1636876763875796
4054,2019-05-23,NSE:CANBK,53.0,55.879998,51.459998,51.820002,51990710.0,0.6800077450939315,-1.0192269230769213
4055,2019-05-24,NSE:CANBK,52.3,55.559998,52.159998,55.209998,42787370.0,6.541867752147128,0.6800077450939315
4056,2019-05-27,NSE:CANBK,54.929998,57.109998,54.759998,56.190002,35552750.0,1.7750480628526757,6.541867752147128
4057,2019-05-28,NSE:CANBK,56.45,56.879998,55.35,56.15,29122400.0,-0.07119060077627547,1.7750480628526757
4058,2019-05-29,NSE:CANBK,55.9,55.979998,54.240002,54.490002,17397825.0,-2.9563633125556574,-0.07119060077627547
4059,2019-05-30,NSE:CANBK,54.6,55.0,53.640002,54.420002,25304670.0,-0.12846393362217218,-2.9563633125556574
4060,2019-05-31,NSE:CANBK,54.820002,55.270002,52.609998,53.559998,28097125.0,-1.580308651954839,-0.12846393362217218
4061,2019-06-03,NSE:CANBK,53.4,54.659998,52.970002,54.429998,19175205.0,1.6243465879143562,-1.580308651954839
4062,2019-06-04,NSE:CANBK,54.4,56.070002,54.120002,54.940002,36009670.0,0.9369906645963907,1.6243465879143562
4063,2019-06-06,NSE:CANBK,54.5,54.85,52.020002,52.35,27261880.0,-4.71423717822216,0.9369906645963907
4064,2019-06-07,NSE:CANBK,52.340002,53.179998,51.509998,52.590002,24473765.0,0.4584565425023819,-4.71423717822216
4065,2019-06-10,NSE:CANBK,53.179998,53.670002,51.14,51.659998,21311550.0,-1.7684045724128263,0.4584565425023819
4066,2019-06-11,NSE:CANBK,51.979998,53.879998,51.6,53.629998,27825600.0,3.813395424444265,-1.7684045724128263
4067,2019-06-12,NSE:CANBK,53.5,53.990002,53.0,53.7,19244880.0,0.13052769459361593,3.813395424444265
4068,2019-06-13,NSE:CANBK,53.620002,53.8,50.66,52.45,37515055.0,-2.3277467411545625,0.13052769459361593
4069,2019-06-14,NSE:CANBK,52.020002,53.390002,51.65,52.659998,26440230.0,0.4003775023832198,-2.3277467411545625
4070,2019-06-17,NSE:CANBK,52.779998,53.1,51.459998,51.6,20895495.0,-2.0129093054656026,0.4003775023832198
4071,2019-06-18,NSE:CANBK,51.959998,53.279998,51.279998,52.020002,27648970.0,0.8139573643410787,-2.0129093054656026
4072,2019-06-19,NSE:CANBK,52.4,53.070002,50.96,51.509998,26980550.0,-0.9803998085197978,0.8139573643410787
4073,2019-06-20,NSE:CANBK,51.95,53.9,51.45,53.670002,23587520.0,4.193368440821903,-0.9803998085197978
4074,2019-06-21,NSE:CANBK,53.3,54.5,53.109998,54.140002,23432730.0,0.8757219722108562,4.193368440821903
4075,2019-06-24,NSE:CANBK,54.2,54.790002,53.9,54.620002,18050735.0,0.8865902886372203,0.8757219722108562
4076,2019-06-25,NSE:CANBK,54.479998,55.279998,54.2,54.909998,15744470.0,0.5309337044696595,0.8865902886372203
4077,2019-06-26,NSE:CANBK,54.879998,56.0,54.4,55.7,19160775.0,1.4387215967481937,0.5309337044696595
4078,2019-06-27,NSE:CANBK,56.029998,56.3,55.25,55.7,21273335.0,0.0,1.4387215967481937
4079,2019-06-28,NSE:CANBK,55.8,58.359998,55.559998,56.879998,61752225.0,2.118488330341109,0.0
4080,2019-07-01,NSE:CANBK,57.259998,57.529998,56.320002,57.070002,35247480.0,0.3340436123081471,2.118488330341109
4081,2019-07-02,NSE:CANBK,57.0,57.470002,56.240002,56.629998,18419620.0,-0.770989985246543,0.3340436123081471
4082,2019-07-03,NSE:CANBK,56.779998,57.920002,56.359998,57.55,23380215.0,1.6245842000559432,-0.770989985246543
4083,2019-07-04,NSE:CANBK,57.6,58.690002,56.890002,57.429998,36967645.0,-0.20851781059947785,1.6245842000559432
4084,2019-07-05,NSE:CANBK,57.659998,59.309998,56.970002,58.229998,54520355.0,1.393000222636268,-0.20851781059947785
4085,2019-07-08,NSE:CANBK,57.929998,58.2,53.35,53.990002,60057840.0,-7.281463413411082,1.393000222636268
4086,2019-07-09,NSE:CANBK,53.659998,55.379998,53.290002,55.05,35730395.0,1.9633227648333857,-7.281463413411082
4087,2019-07-10,NSE:CANBK,55.4,55.870002,54.470002,55.059998,29369320.0,0.018161671207998293,1.9633227648333857
4088,2019-07-11,NSE:CANBK,55.590002,56.35,55.090002,56.079998,18785275.0,1.8525245859979926,0.018161671207998293
4089,2019-07-12,NSE:CANBK,56.1,57.409998,55.759998,56.879998,25330070.0,1.4265335744127472,1.8525245859979926
4090,2019-07-15,NSE:CANBK,56.720002,56.779998,54.4,54.779998,32476555.0,-3.691983252179442,1.4265335744127472
4091,2019-07-16,NSE:CANBK,54.6,55.429998,54.320002,55.329998,19434945.0,1.0040161009133375,-3.691983252179442
4092,2019-07-17,NSE:CANBK,55.329998,56.159998,55.020002,56.040002,19592625.0,1.2832171076528827,1.0040161009133375
4093,2019-07-18,NSE:CANBK,56.029998,56.129998,53.45,53.7,26734935.0,-4.1755922849538765,1.2832171076528827
4094,2019-07-19,NSE:CANBK,54.0,54.340002,52.8,53.070002,24580660.0,-1.1731806331471144,-4.1755922849538765
4095,2019-07-22,NSE:CANBK,52.859998,53.8,52.109998,52.870002,23334655.0,-0.37686073575049583,-1.1731806331471144
4096,2019-07-23,NSE:CANBK,53.2,53.3,51.0,51.240002,23462195.0,-3.083033740002511,-0.37686073575049583
4097,2019-07-24,NSE:CANBK,51.2,51.520002,48.479998,49.620002,56765290.0,-3.161592382451502,-3.083033740002511
4098,2019-07-25,NSE:CANBK,50.0,50.0,47.129998,47.85,60138340.0,-3.5671139231312368,-3.161592382451502
4099,2019-07-26,NSE:CANBK,48.0,49.279998,47.84,48.070002,34827315.0,0.45977429467084824,-3.5671139231312368
4100,2019-07-29,NSE:CANBK,48.120002,48.779998,47.270002,47.96,27142640.0,-0.22883710302321492,0.45977429467084824
4101,2019-07-30,NSE:CANBK,48.1,48.45,46.270002,46.45,32822290.0,-3.1484570475396123,-0.22883710302321492
4102,2019-07-31,NSE:CANBK,46.279998,47.520002,45.86,47.279998,23896015.0,1.786863293864362,-3.1484570475396123
4103,2019-08-01,NSE:CANBK,46.8,47.44,45.7,46.34,22121680.0,-1.988151522341426,1.786863293864362
4104,2019-08-02,NSE:CANBK,46.0,46.99,45.2,46.54,29120850.0,0.43159257660767314,-1.988151522341426
4105,2019-08-05,NSE:CANBK,45.8,46.120002,44.0,45.79,28274570.0,-1.6115169746454665,0.43159257660767314
4106,2019-08-06,NSE:CANBK,45.35,46.96,45.19,46.44,21189775.0,1.4195239135182325,-1.6115169746454665
4107,2019-08-07,NSE:CANBK,46.779998,47.24,44.56,45.05,38029115.0,-2.993109388458227,1.4195239135182325
4108,2019-08-08,NSE:CANBK,45.3,45.879998,44.029998,45.570002,38724100.0,1.1542774694783688,-2.993109388458227
4109,2019-08-09,NSE:CANBK,45.71,46.54,45.11,45.71,23781245.0,0.3072152597228293,1.1542774694783688
4110,2019-08-13,NSE:CANBK,45.71,46.379998,44.0,44.24,21134115.0,-3.2159264931087264,0.3072152597228293
4111,2019-08-14,NSE:CANBK,44.4,45.6,44.220002,45.06,22610785.0,1.8535262206148286,-3.2159264931087264
4112,2019-08-16,NSE:CANBK,44.879998,47.8,44.4,47.2,37535890.0,4.749223257878386,1.8535262206148286
4113,2019-08-19,NSE:CANBK,47.429998,47.479998,45.84,46.220002,27282900.0,-2.0762669491525463,4.749223257878386
4114,2019-08-20,NSE:CANBK,46.270002,46.4,44.670002,45.05,25867765.0,-2.5313759181576923,-2.0762669491525463
4115,2019-08-21,NSE:CANBK,45.0,45.370002,43.7,43.96,29723445.0,-2.4195338512763516,-2.5313759181576923
4116,2019-08-22,NSE:CANBK,43.94,44.329998,41.66,41.96,33191555.0,-4.549590536851683,-2.4195338512763516
4117,2019-08-23,NSE:CANBK,41.84,43.85,41.479998,43.34,35614590.0,3.2888465204957162,-4.549590536851683
4118,2019-08-26,NSE:CANBK,45.39,45.39,43.14,44.76,41520240.0,3.276419012459609,3.2888465204957162
4119,2019-08-27,NSE:CANBK,45.2,46.61,45.179998,45.91,39452385.0,2.569258266309202,3.276419012459609
4120,2019-08-28,NSE:CANBK,45.879998,46.329998,45.04,45.379998,23863120.0,-1.1544369418427274,2.569258266309202
4121,2019-08-29,NSE:CANBK,45.0,45.34,43.55,44.120002,23954030.0,-2.7765448557313754,-1.1544369418427274
4122,2019-08-30,NSE:CANBK,44.429998,44.929998,43.35,44.120002,39476915.0,0.0,-2.7765448557313754
4123,2019-09-03,NSE:CANBK,42.8,42.8,38.81,39.4,108780970.0,-10.698100149678146,0.0
4124,2019-09-04,NSE:CANBK,38.8,39.779998,38.120002,38.529998,84293630.0,-2.2081269035532984,-10.698100149678146
4125,2019-09-05,NSE:CANBK,38.920002,39.0,38.070002,38.31,55287430.0,-0.5709784879822647,-2.2081269035532984
4126,2019-09-06,NSE:CANBK,38.6,39.179998,38.179998,38.34,40316210.0,0.07830853563038667,-0.5709784879822647
4127,2019-09-09,NSE:CANBK,38.270002,39.729998,38.14,39.59,49376955.0,3.260302556077203,0.07830853563038667
4128,2019-09-11,NSE:CANBK,39.620002,41.2,39.620002,40.9,41369045.0,3.3089163930285297,3.260302556077203
4129,2019-09-12,NSE:CANBK,41.0,41.46,40.36,40.7,36661395.0,-0.48899755501221454,3.3089163930285297
4130,2019-09-13,NSE:CANBK,40.79,40.85,39.25,40.679998,44606905.0,-0.04914496314497587,-0.48899755501221454
4131,2019-09-16,NSE:CANBK,40.6,41.279998,40.04,40.64,30826140.0,-0.09832350532563226,-0.04914496314497587
4132,2019-09-17,NSE:CANBK,40.56,40.84,38.620002,38.81,36421795.0,-4.502952755905508,-0.09832350532563226
4133,2019-09-18,NSE:CANBK,39.129998,39.979998,38.86,39.19,36499540.0,0.9791290904405963,-4.502952755905508
4134,2019-09-19,NSE:CANBK,39.0,39.11,37.470002,37.970002,40283765.0,-3.113033937228877,0.9791290904405963
4135,2019-09-20,NSE:CANBK,38.179998,41.06,37.34,40.320002,70729025.0,6.1890963292548715,-3.113033937228877
4136,2019-09-23,NSE:CANBK,41.4,42.44,39.11,41.95,78229920.0,4.04265356931282,6.1890963292548715
4137,2019-09-24,NSE:CANBK,42.14,42.14,40.24,40.65,43546165.0,-3.098927294398103,4.04265356931282
4138,2019-09-25,NSE:CANBK,40.4,40.4,38.079998,38.35,41724630.0,-5.658056580565799,-3.098927294398103
4139,2019-09-26,NSE:CANBK,38.61,39.64,38.3,38.54,47259165.0,0.49543676662320135,-5.658056580565799
4140,2019-09-27,NSE:CANBK,38.6,38.929998,37.7,37.920002,43106720.0,-1.608713025428133,0.49543676662320135
4141,2019-09-30,NSE:CANBK,38.0,38.14,36.0,36.479998,44107570.0,-3.7974787026646117,-1.608713025428133
4142,2019-10-01,NSE:CANBK,36.7,37.15,34.120002,35.620002,53945740.0,-2.357445304684508,-3.7974787026646117
4143,2019-10-03,NSE:CANBK,35.26,36.75,35.020002,36.279998,40323350.0,1.8528803002313128,-2.357445304684508
4144,2019-10-04,NSE:CANBK,36.6,37.14,35.65,36.0,46065365.0,-0.7717696125562055,1.8528803002313128
4145,2019-10-07,NSE:CANBK,36.229998,36.529998,35.6,35.879998,28150540.0,-0.33333888888888746,-0.7717696125562055
4146,2019-10-09,NSE:CANBK,35.720002,37.14,34.86,36.85,45886295.0,2.7034616891561725,-0.33333888888888746
4147,2019-10-10,NSE:CANBK,36.6,36.74,35.329998,35.620002,32153760.0,-3.337850746268662,2.7034616891561725
4148,2019-10-11,NSE:CANBK,35.8,36.35,35.120002,35.81,42254520.0,0.5334025528690391,-3.337850746268662
4149,2019-10-14,NSE:CANBK,36.0,36.74,35.620002,35.84,32903625.0,0.08377548170902299,0.5334025528690391
4150,2019-10-15,NSE:CANBK,35.9,36.370002,35.36,36.120002,33581495.0,0.7812555803571319,0.08377548170902299
4151,2019-10-16,NSE:CANBK,36.35,36.56,35.71,36.020002,29652315.0,-0.2768549126879933,0.7812555803571319
4152,2019-10-17,NSE:CANBK,35.979998,37.45,35.76,37.3,38201815.0,3.553575593915845,-0.2768549126879933
4153,2019-10-18,NSE:CANBK,37.2,38.0,37.0,37.770002,33756725.0,1.2600589812332466,3.553575593915845
4154,2019-10-22,NSE:CANBK,37.7,39.04,37.54,37.94,31813925.0,0.45008734709624765,1.2600589812332466
4155,2019-10-23,NSE:CANBK,38.0,38.75,37.46,38.31,29285970.0,0.9752240379546773,0.45008734709624765
4156,2019-10-24,NSE:CANBK,38.570002,38.570002,36.84,37.520002,38205155.0,-2.0621195510310733,0.9752240379546773
4157,2019-10-25,NSE:CANBK,37.7,38.8,37.129998,38.5,40435075.0,2.6119348287881277,-2.0621195510310733
4158,2019-10-29,NSE:CANBK,38.4,39.679998,38.3,39.05,28862160.0,1.4285714285714213,2.6119348287881277
4159,2019-10-30,NSE:CANBK,39.2,40.420002,38.829998,40.01,38130460.0,2.458386683738799,1.4285714285714213
4160,2019-10-31,NSE:CANBK,40.220002,41.820002,40.1,40.71,55766535.0,1.7495626093476702,2.458386683738799
4161,2019-11-01,NSE:CANBK,40.74,41.979998,40.520002,41.420002,41838845.0,1.7440481454188057,1.7495626093476702
4162,2019-11-04,NSE:CANBK,41.6,42.320002,41.329998,41.570002,31740945.0,0.3621438743532791,1.7440481454188057
4163,2019-11-05,NSE:CANBK,41.6,42.729998,41.05,41.36,51590730.0,-0.5051767858947971,0.3621438743532791
4164,2019-11-06,NSE:CANBK,41.36,42.9,40.45,42.179998,94143315.0,1.9825870406189512,-0.5051767858947971
4165,2019-11-07,NSE:CANBK,42.79,43.0,41.670002,41.920002,41073495.0,-0.6163964256233512,1.9825870406189512
4166,2019-11-08,NSE:CANBK,41.7,41.85,40.079998,40.270002,38456070.0,-3.936068514500545,-0.6163964256233512
4167,2019-11-11,NSE:CANBK,40.170002,40.820002,39.8,40.679998,32264340.0,1.0181176549233835,-3.936068514500545
4168,2019-11-13,NSE:CANBK,40.679998,40.929998,39.21,39.39,27334675.0,-3.1710866849108426,1.0181176549233835
4169,2019-11-14,NSE:CANBK,39.579998,40.29,38.74,40.020002,33153840.0,1.5993957857324133,-3.1710866849108426
4170,2019-11-15,NSE:CANBK,40.7,42.879998,40.51,41.04,107192395.0,2.5487205123078236,1.5993957857324133
4171,2019-11-18,NSE:CANBK,41.36,42.29,41.06,42.16,45317975.0,2.7290448343079863,2.5487205123078236
4172,2019-11-19,NSE:CANBK,42.179998,44.6,41.879998,44.229998,84515715.0,4.909862428842518,2.7290448343079863
4173,2019-11-20,NSE:CANBK,44.8,45.629998,44.04,44.5,81868540.0,0.6104499484716189,4.909862428842518
4174,2019-11-21,NSE:CANBK,45.0,45.31,44.170002,44.370002,43606460.0,-0.2921303370786528,0.6104499484716189
4175,2019-11-22,NSE:CANBK,44.36,45.2,44.06,44.24,42082075.0,-0.29299525386543257,-0.2921303370786528
4176,2019-11-25,NSE:CANBK,44.16,45.49,44.16,45.3,39772880.0,2.396021699819157,-0.29299525386543257
4177,2019-11-26,NSE:CANBK,45.4,45.91,43.6,44.54,44724835.0,-1.6777041942604813,2.396021699819157
4178,2019-11-27,NSE:CANBK,44.6,45.6,44.54,45.429998,29814780.0,1.9981993713515906,-1.6777041942604813
4179,2019-11-28,NSE:CANBK,45.71,46.579998,45.479998,46.429998,56284990.0,2.201188738771241,1.9981993713515906
4180,2019-11-29,NSE:CANBK,46.35,46.85,45.229998,45.429998,38878520.0,-2.153779976471246,2.201188738771241
4181,2019-12-02,NSE:CANBK,45.26,45.570002,44.55,45.29,24065485.0,-0.3081620210504929,-2.153779976471246
4182,2019-12-03,NSE:CANBK,45.36,45.470002,43.24,43.420002,32918635.0,-4.128942371384417,-0.3081620210504929
4183,2019-12-04,NSE:CANBK,43.5,44.979998,43.25,44.81,36059165.0,3.201284974606877,-4.128942371384417
4184,2019-12-05,NSE:CANBK,44.8,45.070002,43.34,43.520002,33841395.0,-2.8788172282972644,3.201284974606877
4185,2019-12-06,NSE:CANBK,43.729998,43.95,41.220002,41.64,41218420.0,-4.319857338241845,-2.8788172282972644
4186,2019-12-09,NSE:CANBK,41.6,43.3,41.270002,42.6,60791305.0,2.3054755043227684,-4.319857338241845
4187,2019-12-10,NSE:CANBK,42.620002,43.16,41.920002,42.129998,38236540.0,-1.1032910798122086,2.3054755043227684
4188,2019-12-11,NSE:CANBK,42.220002,42.8,41.679998,42.570002,26196360.0,1.044395966978213,-1.1032910798122086
4189,2019-12-12,NSE:CANBK,42.8,43.779998,42.64,43.570002,29598985.0,2.349072006151186,1.044395966978213
4190,2019-12-13,NSE:CANBK,43.8,45.729998,43.8,45.570002,50920485.0,4.590314225829046,2.349072006151186
4191,2019-12-16,NSE:CANBK,46.1,46.1,45.129998,45.51,33230330.0,-0.13166995252711272,4.590314225829046
4192,2019-12-17,NSE:CANBK,45.6,46.39,45.4,45.820002,29704715.0,0.6811733684904512,-0.13166995252711272
4193,2019-12-18,NSE:CANBK,45.8,45.879998,44.21,44.65,36455045.0,-2.553474353842245,0.6811733684904512
4194,2019-12-19,NSE:CANBK,44.579998,45.05,44.34,44.6,23778445.0,-0.11198208286673497,-2.553474353842245
4195,2019-12-20,NSE:CANBK,44.8,46.329998,44.79,46.0,44774170.0,3.139013452914795,-0.11198208286673497
4196,2019-12-23,NSE:CANBK,45.84,46.570002,44.86,45.19,39208980.0,-1.760869565217396,3.139013452914795
4197,2019-12-24,NSE:CANBK,45.36,45.59,44.96,45.15,24140345.0,-0.08851515822084344,-1.760869565217396
4198,2019-12-26,NSE:CANBK,45.14,45.170002,43.91,44.05,33353670.0,-2.436323366555928,-0.08851515822084344
4199,2019-12-27,NSE:CANBK,44.4,45.65,44.4,44.84,85920900.0,1.7934165720771993,-2.436323366555928
4200,2019-12-30,NSE:CANBK,44.94,45.0,44.0,44.35,30282100.0,-1.0927743086529929,1.7934165720771993
4201,2019-12-31,NSE:CANBK,44.329998,44.7,44.14,44.270002,25782135.0,-0.18037880496054867,-1.0927743086529929
4202,2020-01-01,NSE:CANBK,44.420002,44.670002,43.96,44.329998,21079405.0,0.13552292136784921,-0.18037880496054867
4203,2020-01-02,NSE:CANBK,44.479998,45.96,44.19,45.770002,35167265.0,3.2483737084761306,0.13552292136784921
4204,2020-01-03,NSE:CANBK,45.56,45.7,44.129998,44.329998,33234705.0,-3.146174212533342,3.2483737084761306
4205,2020-01-06,NSE:CANBK,44.11,44.15,41.120002,41.49,68253435.0,-6.406492506496393,-3.146174212533342
4206,2020-01-07,NSE:CANBK,42.679998,42.86,40.94,41.61,71112745.0,0.289226319595077,-6.406492506496393
4207,2020-01-08,NSE:CANBK,40.5,41.879998,40.09,41.56,75706970.0,-0.12016342225425897,0.289226319595077
4208,2020-01-09,NSE:CANBK,42.720002,43.15,42.15,42.69,43343815.0,2.7189605389797773,-0.12016342225425897
4209,2020-01-10,NSE:CANBK,42.820002,43.720002,42.44,42.829998,46604810.0,0.3279409697821636,2.7189605389797773
4210,2020-01-13,NSE:CANBK,43.0,43.36,42.720002,43.229998,29443200.0,0.9339248626628432,0.3279409697821636
4211,2020-01-14,NSE:CANBK,43.24,43.61,42.820002,43.11,29424470.0,-0.2775803968346297,0.9339248626628432
4212,2020-01-15,NSE:CANBK,42.61,43.879998,41.81,43.629998,58347755.0,1.206212015773605,-0.2775803968346297
4213,2020-01-16,NSE:CANBK,43.74,44.56,43.1,43.820002,41565620.0,0.4354893621585814,1.206212015773605
4214,2020-01-17,NSE:CANBK,43.220002,44.74,43.16,44.320002,41848320.0,1.14103144039108,0.4354893621585814
4215,2020-01-20,NSE:CANBK,44.45,44.729998,43.329998,43.770002,28176560.0,-1.2409746732412246,1.14103144039108
4216,2020-01-21,NSE:CANBK,43.46,44.26,43.2,43.829998,30337915.0,0.1370710469695781,-1.2409746732412246
4217,2020-01-22,NSE:CANBK,44.070002,44.3,43.320002,43.779998,22607940.0,-0.11407712133594955,0.1370710469695781
4218,2020-01-23,NSE:CANBK,43.81,45.35,43.420002,44.14,69551335.0,0.8222978904658732,-0.11407712133594955
4219,2020-01-24,NSE:CANBK,44.379998,44.84,43.5,43.76,36472495.0,-0.860897145446313,0.8222978904658732
4220,2020-01-27,NSE:CANBK,43.179998,43.429998,41.79,42.070002,32472815.0,-3.86196983546617,-0.860897145446313
4221,2020-01-28,NSE:CANBK,42.2,42.39,40.529998,40.720002,53997130.0,-3.208937332591525,-3.86196983546617
4222,2020-01-29,NSE:CANBK,41.170002,41.579998,40.71,40.820002,29002775.0,0.24557955571809995,-3.208937332591525
4223,2020-01-30,NSE:CANBK,40.7,40.94,40.029998,40.45,35498265.0,-0.906423277490284,0.24557955571809995
4224,2020-01-31,NSE:CANBK,40.8,41.070002,40.079998,40.529998,35071730.0,0.1977700865265667,-0.906423277490284
4225,2020-02-01,NSE:CANBK,40.2,41.11,37.8,38.41,37538595.0,-5.230688637092957,0.1977700865265667
4226,2020-02-03,NSE:CANBK,38.4,38.79,37.2,37.39,50795375.0,-2.6555584483207397,-5.230688637092957
4227,2020-02-04,NSE:CANBK,38.0,38.529998,36.96,37.14,53521590.0,-0.6686279753944905,-2.6555584483207397
4228,2020-02-05,NSE:CANBK,37.2,37.6,36.579998,36.8,50771180.0,-0.9154550350027016,-0.6686279753944905
4229,2020-02-06,NSE:CANBK,37.029998,38.879998,36.820002,37.91,83861555.0,3.0163043478260856,-0.9154550350027016
4230,2020-02-07,NSE:CANBK,37.99,38.629998,37.379998,38.0,56097535.0,0.2374043787918845,3.0163043478260856
4231,2020-02-10,NSE:CANBK,37.99,38.36,37.19,37.429998,33119950.0,-1.5000052631579008,0.2374043787918845
4232,2020-02-11,NSE:CANBK,37.779998,38.29,37.329998,37.520002,32454405.0,0.2404595372941255,-1.5000052631579008
4233,2020-02-12,NSE:CANBK,37.79,37.95,36.570002,36.94,39663985.0,-1.545847465573164,0.2404595372941255
4234,2020-02-13,NSE:CANBK,37.1,37.51,36.520002,36.6,41693935.0,-0.9204114780725402,-1.545847465573164
4235,2020-02-14,NSE:CANBK,36.66,37.1,35.91,36.06,43026875.0,-1.4754098360655714,-0.9204114780725402
4236,2020-02-17,NSE:CANBK,36.16,36.26,34.84,34.96,34295790.0,-3.050471436494735,-1.4754098360655714
4237,2020-02-18,NSE:CANBK,35.0,35.0,33.51,34.56,45685570.0,-1.1441647597253963,-3.050471436494735
4238,2020-02-19,NSE:CANBK,34.879998,35.270002,34.3,34.729998,33534570.0,0.49189236111111007,-1.1441647597253963
4239,2020-02-20,NSE:CANBK,34.679998,35.479998,34.229998,34.529998,36447470.0,-0.575871038057655,0.49189236111111007
4240,2020-02-24,NSE:CANBK,34.2,34.34,32.89,33.11,29552570.0,-4.112360504625571,-0.575871038057655
4241,2020-02-25,NSE:CANBK,33.31,33.329998,32.470002,32.579998,36720300.0,-1.600730897009955,-4.112360504625571
4242,2020-02-26,NSE:CANBK,32.3,32.620002,31.820002,31.979998,34750630.0,-1.8416207392032524,-1.600730897009955
4243,2020-02-27,NSE:CANBK,31.879998,32.09,30.85,31.11,42492595.0,-2.720444197651291,-1.8416207392032524
4244,2020-02-28,NSE:CANBK,30.0,30.14,28.029998,28.74,47397655.0,-7.618129218900678,-2.720444197651291
4245,2020-03-02,NSE:CANBK,29.26,29.579998,27.24,27.629998,50563580.0,-3.8622199025748016,-7.618129218900678
4246,2020-03-03,NSE:CANBK,27.95,28.7,27.56,28.35,64330055.0,2.605870619317457,-3.8622199025748016
4247,2020-03-04,NSE:CANBK,28.4,28.44,27.04,27.779998,53014175.0,-2.0105890652557403,2.605870619317457
4248,2020-03-05,NSE:CANBK,27.95,28.670002,26.79,27.820002,70901150.0,0.14400289013699608,-2.0105890652557403
4249,2020-03-06,NSE:CANBK,26.0,26.54,25.48,26.1,41370245.0,-6.182609188885023,0.14400289013699608
4250,2020-03-09,NSE:CANBK,25.0,25.57,24.0,24.33,47126460.0,-6.781609195402311,-6.182609188885023
4251,2020-03-11,NSE:CANBK,24.33,24.76,23.06,23.33,50207555.0,-4.110152075626798,-6.781609195402311
4252,2020-03-12,NSE:CANBK,21.6,21.94,19.4100006,19.7,75913830.0,-15.55936562366052,-4.110152075626798
4253,2020-03-13,NSE:CANBK,17.8399994,21.88,16.4,21.48,92231965.0,9.035532994923864,-15.55936562366052
4254,2020-03-16,NSE:CANBK,19.9399994,20.56,19.5,19.9300004,59898865.0,-7.2160130353817475,9.035532994923864
4255,2020-03-17,NSE:CANBK,20.12,20.98,19.6,19.8399994,60661065.0,-0.45158554035955206,-7.2160130353817475
4256,2020-03-18,NSE:CANBK,20.3,20.36,18.5,19.1699996,61231670.0,-3.3770152230952153,-0.45158554035955206
4257,2020-03-19,NSE:CANBK,18.1300004,20.99,17.9399994,19.8100006,84947280.0,3.3385551035692145,-3.3770152230952153
4258,2020-03-20,NSE:CANBK,19.9600006,20.59,19.0899994,19.25,102007625.0,-2.826858066829128,3.3385551035692145
4259,2020-03-23,NSE:CANBK,18.3,18.3,15.0,15.2199996,32745650.0,-20.935067012987016,-2.826858066829128
4260,2020-03-24,NSE:CANBK,15.85,16.6,14.7300004,16.0800004,57425340.0,5.65046532589922,-20.935067012987016
4261,2020-03-25,NSE:CANBK,15.5,17.3399994,15.4,16.7300004,39127415.0,4.042288456659505,5.65046532589922
4262,2020-03-26,NSE:CANBK,16.8,18.2899994,16.5800004,17.4800004,49627050.0,4.482964626826906,4.042288456659505
4263,2020-03-27,NSE:CANBK,18.0899994,19.1,17.5399994,18.0100006,61774240.0,3.0320376880540567,4.482964626826906
4264,2020-03-30,NSE:CANBK,17.8,17.9100006,16.9399994,17.3699996,28881330.0,-3.553586777781682,3.0320376880540567
4265,2020-03-31,NSE:CANBK,18.0,18.4300004,17.3600006,18.1,32821275.0,4.2026506436995055,-3.553586777781682
4266,2020-04-01,NSE:CANBK,18.3,18.3899994,17.65,18.0399994,31373590.0,-0.3314950276243214,4.2026506436995055
4267,2020-04-03,NSE:CANBK,17.6,17.7800004,16.7,16.8300004,27553925.0,-6.707311753014802,-0.3314950276243214
4268,2020-04-07,NSE:CANBK,17.4300004,17.6,16.6399994,17.3600006,36938435.0,3.14913955676436,-6.707311753014802
4269,2020-04-08,NSE:CANBK,17.0399994,18.55,16.8600006,17.4800004,42173335.0,0.6912430636667272,3.14913955676436
4270,2020-04-09,NSE:CANBK,17.6800004,18.6,17.3199996,18.3600006,56099175.0,5.034325971754542,0.6912430636667272
4271,2020-04-13,NSE:CANBK,18.1899994,18.2600006,17.3300004,17.6600006,34279490.0,-3.812636040981389,5.034325971754542
4272,2020-04-15,NSE:CANBK,17.7899994,18.4,17.1699996,17.2899994,55040455.0,-2.0951369616601307,-3.812636040981389
4273,2020-04-16,NSE:CANBK,17.4,17.5199996,16.9600006,17.1699996,56464965.0,-0.6940416666526816,-2.0951369616601307
4274,2020-04-17,NSE:CANBK,17.8,18.0300004,16.7,17.3699996,83190580.0,1.1648223917256193,-0.6940416666526816
4275,2020-04-20,NSE:CANBK,17.6,18.8300004,17.2199996,18.4,116925220.0,5.929766400224895,1.1648223917256193
4276,2020-04-21,NSE:CANBK,17.9600006,17.9600006,16.7800004,16.8399994,66082320.0,-8.478264130434777,5.929766400224895
4277,2020-04-22,NSE:CANBK,16.8300004,16.9,15.9100006,16.5800004,102446100.0,-1.5439371096414678,-8.478264130434777
4278,2020-04-23,NSE:CANBK,16.7800004,17.1399994,16.55,16.7300004,44754850.0,0.9047044413822942,-1.5439371096414678
4279,2020-04-24,NSE:CANBK,16.5100006,16.9399994,16.2100006,16.2699996,38313130.0,-2.749556419616123,0.9047044413822942
4280,2020-04-27,NSE:CANBK,16.5,16.6899994,16.1,16.2899994,34768795.0,0.12292440375967059,-2.749556419616123
4281,2020-04-28,NSE:CANBK,16.5399994,17.2,16.2300004,16.7899994,58543460.0,3.06936782330391,0.12292440375967059
4282,2020-04-29,NSE:CANBK,17.0,17.6399994,16.8600006,17.4800004,80530970.0,4.109595143880722,3.06936782330391
4283,2020-04-30,NSE:CANBK,17.6899994,18.2399994,17.4800004,17.5800004,71391015.0,0.5720823667715583,4.109595143880722
4284,2020-05-04,NSE:CANBK,17.1,17.1199996,16.0300004,16.2800004,60115295.0,-7.3947666121782385,0.5720823667715583
4285,2020-05-05,NSE:CANBK,16.6,16.6899994,15.9,15.9600006,51514750.0,-1.9656006888058675,-7.3947666121782385
4286,2020-05-06,NSE:CANBK,16.1,16.3399994,15.4100006,16.2300004,50205615.0,1.6917280065766462,-1.9656006888058675
4287,2020-05-07,NSE:CANBK,16.0300004,16.5399994,15.9699996,16.2699996,29105130.0,0.2464522428477383,1.6917280065766462
4288,2020-05-08,NSE:CANBK,16.4,16.6199996,15.9,15.9699996,37989145.0,-1.8438844952399323,0.2464522428477383
4289,2020-05-11,NSE:CANBK,16.0199996,16.1800004,15.7,15.7699996,35882275.0,-1.252348184153989,-1.8438844952399323
4290,2020-05-12,NSE:CANBK,15.7899994,16.1199996,15.2,15.9600006,45927470.0,1.2048256488224673,-1.252348184153989
4291,2020-05-13,NSE:CANBK,16.6,18.05,16.3100006,17.8100006,111087235.0,11.59147826097198,1.2048256488224673
4292,2020-05-14,NSE:CANBK,17.4,18.0,17.1300004,17.2600006,67809370.0,-3.0881526191526194,11.59147826097198
4293,2020-05-15,NSE:CANBK,17.3899994,17.5100006,16.6300004,16.7899994,50330305.0,-2.72306595400699,-3.0881526191526194
4294,2020-05-18,NSE:CANBK,16.9199996,16.9399994,15.3,15.5199996,67060550.0,-7.564025285194466,-2.72306595400699
4295,2020-05-19,NSE:CANBK,15.8199996,15.8800004,15.1800004,15.2800004,50588640.0,-1.5463866377934683,-7.564025285194466
4296,2020-05-20,NSE:CANBK,15.2800004,15.6600006,15.15,15.4699996,42202100.0,1.2434502292290452,-1.5463866377934683
4297,2020-05-21,NSE:CANBK,15.6,16.1300004,15.4199996,15.5399994,54868960.0,0.45248740665772047,1.2434502292290452
4298,2020-05-22,NSE:CANBK,15.45,16.0,15.3100006,15.45,62121840.0,-0.5791467405075958,0.45248740665772047
4299,2020-05-26,NSE:CANBK,15.6600006,15.85,15.45,15.7600006,35218675.0,2.0064763754045334,-0.5791467405075958
4300,2020-05-27,NSE:CANBK,15.8199996,16.8300004,15.7399994,16.7300004,67380380.0,6.154820831669269,2.0064763754045334
4301,2020-05-28,NSE:CANBK,16.8300004,17.1199996,16.5600006,16.6600006,62299320.0,-0.418408836379953,6.154820831669269
4302,2020-05-29,NSE:CANBK,16.4,16.8600006,16.0800004,16.7600006,57054645.0,0.6002400744211344,-0.418408836379953
4303,2020-06-01,NSE:CANBK,17.0300004,18.5,17.0,18.3899994,112545450.0,9.725529484766241,0.6002400744211344
4304,2020-06-02,NSE:CANBK,18.65,18.9300004,18.1399994,18.4300004,85991370.0,0.21751496087596486,9.725529484766241
4305,2020-06-03,NSE:CANBK,18.5699996,20.26,18.4100006,19.4300004,168759885.0,5.4259358561923845,0.21751496087596486
4306,2020-06-04,NSE:CANBK,19.3399994,20.17,19.0300004,19.4699996,134271175.0,0.20586309406355163,5.4259358561923845
4307,2020-06-05,NSE:CANBK,19.7199996,21.23,19.6,20.86,150082580.0,7.139190696234006,0.20586309406355163
4308,2020-06-08,NSE:CANBK,21.58,21.58,19.9199996,20.12,126716755.0,-3.547459252157231,7.139190696234006
4309,2020-06-09,NSE:CANBK,20.22,21.09,19.8399994,20.11,108555200.0,-0.04970178926442129,-3.547459252157231
4310,2020-06-10,NSE:CANBK,20.15,21.16,19.95,20.97,95925390.0,4.276479363500743,-0.04970178926442129
4311,2020-06-11,NSE:CANBK,21.04,21.86,20.1,20.2,162743150.0,-3.6719122556032406,4.276479363500743
4312,2020-06-12,NSE:CANBK,18.9,20.92,18.9,20.75,114891450.0,2.722772277227726,-3.6719122556032406
4313,2020-06-15,NSE:CANBK,20.7,20.8,19.8399994,20.54,92745945.0,-1.0120481927710885,2.722772277227726
4314,2020-06-16,NSE:CANBK,21.2,21.3,19.7399994,20.29,101513785.0,-1.2171372930866602,-1.0120481927710885
4315,2020-06-17,NSE:CANBK,20.2,20.62,19.8800004,20.15,107996810.0,-0.689995071463778,-1.2171372930866602
4316,2020-06-18,NSE:CANBK,19.9,20.8,19.9,20.68,68716875.0,2.6302729528536037,-0.689995071463778
4317,2020-06-19,NSE:CANBK,20.86,21.7,20.72,21.47,146053215.0,3.820116054158603,2.6302729528536037
4318,2020-06-22,NSE:CANBK,21.59,22.85,21.49,22.37,157463055.0,4.191895668374486,3.820116054158603
4319,2020-06-23,NSE:CANBK,22.74,23.15,22.41,22.75,98144625.0,1.6987036209208717,4.191895668374486
4320,2020-06-24,NSE:CANBK,23.18,23.66,21.6,21.9,148102150.0,-3.7362637362637425,1.6987036209208717
4321,2020-06-25,NSE:CANBK,20.46,21.27,20.4,20.96,182314265.0,-4.292237442922364,-3.7362637362637425
4322,2020-06-26,NSE:CANBK,21.2,21.49,20.62,20.9,91915690.0,-0.2862595419847437,-4.292237442922364
4323,2020-06-29,NSE:CANBK,20.79,20.83,20.04,20.4,63735005.0,-2.3923444976076556,-0.2862595419847437
4324,2020-06-30,NSE:CANBK,20.7,20.9,20.01,20.11,56480745.0,-1.4215686274509765,-2.3923444976076556
4325,2020-07-01,NSE:CANBK,20.12,21.2,19.9,21.1,92022225.0,4.922923918448543,-1.4215686274509765
4326,2020-07-02,NSE:CANBK,21.15,21.35,20.7,20.91,58977465.0,-0.9004739336492951,4.922923918448543
4327,2020-07-03,NSE:CANBK,21.07,21.08,20.46,20.6,45128130.0,-1.4825442372070718,-0.9004739336492951
4328,2020-07-06,NSE:CANBK,20.82,21.13,20.68,20.98,72771115.0,1.8446601941747525,-1.4825442372070718
4329,2020-07-07,NSE:CANBK,21.0,21.04,20.36,20.9,79299785.0,-0.38131553860820705,1.8446601941747525
4330,2020-07-08,NSE:CANBK,20.96,22.7,20.9,21.8,242848575.0,4.30622009569379,-0.38131553860820705
4331,2020-07-09,NSE:CANBK,21.95,22.26,21.27,21.73,115240630.0,-0.32110091743119396,4.30622009569379
4332,2020-07-10,NSE:CANBK,21.5,21.68,20.7,20.92,111471430.0,-3.7275655775425616,-0.32110091743119396
4333,2020-07-13,NSE:CANBK,21.0,21.23,20.55,20.68,78038455.0,-1.1472275334608124,-3.7275655775425616
4334,2020-07-14,NSE:CANBK,20.62,20.66,19.9600006,20.18,74533510.0,-2.4177949709864603,-1.1472275334608124
4335,2020-07-15,NSE:CANBK,20.37,20.67,20.19,20.28,48865960.0,0.49554013875124586,-2.4177949709864603
4336,2020-07-16,NSE:CANBK,20.44,20.44,19.7699996,20.28,31390920.0,0.0,0.49554013875124586
4337,2020-07-17,NSE:CANBK,20.3,20.57,20.22,20.45,20757325.0,0.8382642998027523,0.0
4338,2020-07-20,NSE:CANBK,20.6,20.8,20.47,20.6,25898085.0,0.7334963325183479,0.8382642998027523
4339,2020-07-21,NSE:CANBK,20.8,20.9,20.55,20.8,34125200.0,0.9708737864077635,0.7334963325183479
4340,2020-07-22,NSE:CANBK,20.94,21.06,20.28,20.42,63932615.0,-1.8269230769230722,0.9708737864077635
4341,2020-07-23,NSE:CANBK,20.42,20.68,20.26,20.45,42971855.0,0.14691478942212333,-1.8269230769230722
4342,2020-07-24,NSE:CANBK,20.24,20.46,19.8800004,20.25,50917325.0,-0.9779951100244464,0.14691478942212333
4343,2020-07-27,NSE:CANBK,20.28,20.35,19.7,19.9399994,49956080.0,-1.5308671604938202,-0.9779951100244464
4344,2020-07-28,NSE:CANBK,20.02,20.24,19.9,20.08,30999035.0,0.7021093491105969,-1.5308671604938202
4345,2020-07-29,NSE:CANBK,20.19,20.53,19.9800004,20.05,38442155.0,-0.149402390438235,0.7021093491105969
4346,2020-07-30,NSE:CANBK,20.15,20.28,19.7800004,19.8699996,46962595.0,-0.8977576059850415,-0.149402390438235
4347,2020-07-31,NSE:CANBK,19.8399994,20.49,19.6699996,20.37,71274720.0,2.516358379795846,-0.8977576059850415
4348,2020-08-03,NSE:CANBK,20.36,20.65,20.16,20.36,53011035.0,-0.04909180166912893,2.516358379795846
4349,2020-08-04,NSE:CANBK,20.42,21.0,20.27,20.89,73926585.0,2.6031434184675892,-0.04909180166912893
4350,2020-08-05,NSE:CANBK,20.99,21.17,20.48,20.63,42662940.0,-1.2446146481570204,2.6031434184675892
4351,2020-08-06,NSE:CANBK,21.03,21.08,20.3,20.49,103642275.0,-0.6786233640329645,-1.2446146481570204
4352,2020-08-07,NSE:CANBK,20.4,20.55,20.3,20.38,23016990.0,-0.5368472425573423,-0.6786233640329645
4353,2020-08-10,NSE:CANBK,20.38,20.53,20.31,20.37,17674710.0,-0.04906771344454372,-0.5368472425573423
4354,2020-08-11,NSE:CANBK,20.42,20.52,20.11,20.27,21088520.0,-0.4909180166912195,-0.04906771344454372
4355,2020-08-12,NSE:CANBK,20.4,20.88,20.3,20.45,53070440.0,0.8880118401578674,-0.4909180166912195
4356,2020-08-13,NSE:CANBK,20.54,20.65,20.32,20.43,16903555.0,-0.0977995110024429,0.8880118401578674
4357,2020-08-14,NSE:CANBK,20.57,20.64,20.12,20.26,20835070.0,-0.8321096426823209,-0.0977995110024429
4358,2020-08-17,NSE:CANBK,20.38,20.38,19.7800004,20.01,51052990.0,-1.2339585389930896,-0.8321096426823209
4359,2020-08-18,NSE:CANBK,20.09,20.53,19.9699996,20.41,40473745.0,1.9990004997501178,-1.2339585389930896
4360,2020-08-19,NSE:CANBK,20.49,21.84,20.49,21.13,166275030.0,3.527682508574223,1.9990004997501178
4361,2020-08-20,NSE:CANBK,21.0,21.36,20.61,20.8,42244550.0,-1.5617605300520507,3.527682508574223
4362,2020-08-21,NSE:CANBK,21.09,21.27,20.78,20.86,24051585.0,0.28846153846153233,-1.5617605300520507
4363,2020-08-24,NSE:CANBK,21.1,21.1,20.62,20.7,23644210.0,-0.7670182166826469,0.28846153846153233
4364,2020-08-25,NSE:CANBK,20.9,21.65,20.88,21.34,108348610.0,3.091787439613529,-0.7670182166826469
4365,2020-08-26,NSE:CANBK,21.4,21.56,21.2,21.26,27044390.0,-0.37488284910964526,3.091787439613529
4366,2020-08-27,NSE:CANBK,21.46,21.53,21.0,21.11,38660605.0,-0.7055503292568304,-0.37488284910964526
4367,2020-08-28,NSE:CANBK,21.26,23.18,21.26,22.96,236836670.0,8.763619137849368,-0.7055503292568304
4368,2020-08-31,NSE:CANBK,23.52,23.89,21.26,21.5,151889675.0,-6.358885017421606,8.763619137849368
4369,2020-09-01,NSE:CANBK,21.6,22.19,20.72,21.35,87124235.0,-0.6976744186046445,-6.358885017421606
4370,2020-09-02,NSE:CANBK,21.61,21.69,20.86,21.55,65417880.0,0.9367681498829005,-0.6976744186046445
4371,2020-09-03,NSE:CANBK,21.65,21.81,21.1,21.26,51900200.0,-1.345707656612525,0.9367681498829005
4372,2020-09-04,NSE:CANBK,20.78,20.99,20.44,20.65,44598565.0,-2.8692380056444167,-1.345707656612525
4373,2020-09-07,NSE:CANBK,20.55,20.72,20.3,20.38,25545090.0,-1.3075060532687632,-2.8692380056444167
4374,2020-09-08,NSE:CANBK,20.38,20.48,19.9,19.9699996,26237345.0,-2.0117782139352194,-1.3075060532687632
4375,2020-09-09,NSE:CANBK,19.8899994,19.8899994,19.1399994,19.5300004,33006955.0,-2.203300995559372,-2.0117782139352194
4376,2020-09-10,NSE:CANBK,19.7300004,20.18,19.6300004,20.07,29059115.0,2.7649748537639645,-2.203300995559372
4377,2020-09-11,NSE:CANBK,20.12,20.55,19.6600006,20.17,61509820.0,0.4982561036372767,2.7649748537639645
4378,2020-09-14,NSE:CANBK,20.4,20.58,19.9699996,20.08,27022045.0,-0.4462072384729966,0.4982561036372767
4379,2020-09-15,NSE:CANBK,20.19,20.3,19.95,20.11,22499970.0,0.14940239043825268,-0.4462072384729966
4380,2020-09-16,NSE:CANBK,20.19,20.24,19.9600006,20.05,16040560.0,-0.29835902536051084,0.14940239043825268
4381,2020-09-17,NSE:CANBK,19.8899994,20.06,19.8300004,19.9199996,9910810.0,-0.6483810473815468,-0.29835902536051084
4382,2020-09-18,NSE:CANBK,20.0,20.1,19.65,19.7399994,18407245.0,-0.903615479992289,-0.6483810473815468
4383,2020-09-21,NSE:CANBK,19.7100006,19.7899994,19.0,19.1300004,25007130.0,-3.0901672671783285,-0.903615479992289
4384,2020-09-22,NSE:CANBK,19.0699996,19.0699996,17.6,17.9,81079805.0,-6.429693540414153,-3.0901672671783285
4385,2020-09-23,NSE:CANBK,18.1800004,18.3399994,17.2600006,17.6300004,57641025.0,-1.5083776536312763,-6.429693540414153
4386,2020-09-24,NSE:CANBK,17.2,17.3399994,16.5,16.6600006,48699735.0,-5.501983993148406,-1.5083776536312763
4387,2020-09-25,NSE:CANBK,16.85,17.5,16.45,17.4199996,43712470.0,4.5618185631998145,-5.501983993148406
4388,2020-09-28,NSE:CANBK,17.7,18.3199996,17.5600006,18.2,36141105.0,4.4776143393252354,4.5618185631998145
4389,2020-09-29,NSE:CANBK,18.3399994,18.35,17.5100006,17.8800004,35907870.0,-1.7582395604395558,4.4776143393252354
4390,2020-09-30,NSE:CANBK,17.8600006,17.9300004,17.5399994,17.7699996,25688810.0,-0.6152169884739023,-1.7582395604395558
4391,2020-10-01,NSE:CANBK,17.8,18.4100006,17.8,17.9399994,34357340.0,0.9566674385293905,-0.6152169884739023
4392,2020-10-05,NSE:CANBK,17.8,18.6600006,17.8,18.05,58244285.0,0.613158325969617,0.9566674385293905
4393,2020-10-06,NSE:CANBK,18.2600006,18.3899994,17.95,18.2699996,24080685.0,1.2188343490304585,0.613158325969617
4394,2020-10-07,NSE:CANBK,18.0899994,18.3699996,17.8,17.8899994,36288500.0,-2.079913564967992,1.2188343490304585
4395,2020-10-08,NSE:CANBK,18.0699996,18.4399994,17.7600006,17.9300004,46627250.0,0.22359419419544627,-2.079913564967992
4396,2020-10-09,NSE:CANBK,17.9800004,18.75,17.75,18.4699996,74477630.0,3.011707685182207,0.22359419419544627
4397,2020-10-12,NSE:CANBK,18.55,19.0199996,17.8600006,18.0100006,66204390.0,-2.4905198157123936,3.011707685182207
4398,2020-10-13,NSE:CANBK,17.9600006,18.15,17.8,17.8800004,22470070.0,-0.7218222968854389,-2.4905198157123936
4399,2020-10-14,NSE:CANBK,17.8100006,17.9199996,17.5399994,17.7100006,27865785.0,-0.9507818579243398,-0.7218222968854389
4400,2020-10-15,NSE:CANBK,17.7800004,18.0300004,17.4800004,17.5399994,23929210.0,-0.9599163988735353,-0.9507818579243398
4401,2020-10-16,NSE:CANBK,17.6199996,17.7399994,17.4100006,17.5699996,16693375.0,0.1710387743798892,-0.9599163988735353
4402,2020-10-19,NSE:CANBK,17.6699996,18.1199996,17.6600006,17.8800004,27616505.0,1.76437568046388,0.1710387743798892
4403,2020-10-20,NSE:CANBK,17.6100006,17.8600006,17.6100006,17.75,14297385.0,-0.7270715721013078,1.76437568046388
4404,2020-10-21,NSE:CANBK,17.9399994,18.1199996,17.5399994,17.7600006,21420035.0,0.056341408450712505,-0.7270715721013078
4405,2020-10-22,NSE:CANBK,17.7199996,17.7699996,17.6,17.6600006,12008075.0,-0.5630630440406709,0.056341408450712505
4406,2020-10-23,NSE:CANBK,17.7199996,17.9800004,17.65,17.9100006,15813620.0,1.4156284909752495,-0.5630630440406709
4407,2020-10-26,NSE:CANBK,17.9100006,18.1,17.8,17.9399994,31919935.0,0.1674974818258874,1.4156284909752495
4408,2020-10-27,NSE:CANBK,17.9399994,17.9600006,17.4399994,17.6300004,29603200.0,-1.7279766464206303,0.1674974818258874
4409,2020-10-28,NSE:CANBK,17.6300004,17.6800004,17.2899994,17.4,25076290.0,-1.304596680553686,-1.7279766464206303
4410,2020-10-29,NSE:CANBK,17.4,17.45,16.8699996,17.1399994,39350670.0,-1.4942563218390688,-1.304596680553686
4411,2020-10-30,NSE:CANBK,17.4800004,17.6,16.9699996,17.2399994,63277285.0,0.5834305921854226,-1.4942563218390688
4412,2020-11-02,NSE:CANBK,17.4,17.7399994,17.25,17.4699996,46257295.0,1.334107935061777,0.5834305921854226
4413,2020-11-03,NSE:CANBK,17.6,17.8600006,17.4399994,17.7199996,30562450.0,1.431024646388658,1.334107935061777
4414,2020-11-04,NSE:CANBK,17.75,18.0,17.3600006,17.8800004,31797390.0,0.902939072301101,1.431024646388658
4415,2020-11-05,NSE:CANBK,18.0399994,18.5699996,17.9300004,18.3,60190580.0,2.348990998904008,0.902939072301101
4416,2020-11-06,NSE:CANBK,18.3600006,18.7,18.2199996,18.4100006,49426100.0,0.6010961748633844,2.348990998904008
4417,2020-11-09,NSE:CANBK,18.5600006,18.7399994,18.3,18.5399994,37466380.0,0.7061314272852288,0.6010961748633844
4418,2020-11-10,NSE:CANBK,18.65,19.5300004,18.5800004,19.2600006,95358695.0,3.883501743802657,0.7061314272852288
4419,2020-11-11,NSE:CANBK,19.3899994,19.5399994,18.65,18.8699996,52049865.0,-2.0249272474062203,3.883501743802657
4420,2020-11-12,NSE:CANBK,18.8699996,18.9199996,18.3199996,18.3800004,52433705.0,-2.596710176930792,-2.0249272474062203
4421,2020-11-13,NSE:CANBK,18.1100006,18.3399994,18.0600006,18.3,27605790.0,-0.4352578795373661,-2.596710176930792
4422,2020-11-14,NSE:CANBK,18.4100006,18.6,18.3600006,18.4100006,3697910.0,0.6010961748633844,-0.4352578795373661
4423,2020-11-17,NSE:CANBK,18.5199996,18.75,18.4100006,18.4899994,30848225.0,0.43453990979228146,0.6010961748633844
4424,2020-11-18,NSE:CANBK,18.4800004,18.9399994,18.4300004,18.8699996,38849240.0,2.055166102385062,0.43453990979228146
4425,2020-11-19,NSE:CANBK,18.7899994,19.0600006,18.6,18.6600006,34435280.0,-1.1128723076390516,2.055166102385062
4426,2020-11-20,NSE:CANBK,18.75,18.8,18.4800004,18.6600006,25085705.0,0.0,-1.1128723076390516
4427,2020-11-23,NSE:CANBK,18.8800004,18.8899994,18.5300004,18.7699996,30449485.0,0.5894908706487308,0.0
4428,2020-11-24,NSE:CANBK,18.9300004,18.9600006,18.5,18.65,50433750.0,-0.6393159432992204,0.5894908706487308
4429,2020-11-25,NSE:CANBK,18.8,20.16,18.8,19.3,182263240.0,3.48525469168902,-0.6393159432992204
4430,2020-11-26,NSE:CANBK,19.3199996,20.08,19.25,20.0,76958640.0,3.626943005181343,3.48525469168902
4431,2020-11-27,NSE:CANBK,20.04,21.14,20.04,20.76,149403040.0,3.8000000000000074,3.626943005181343
4432,2020-12-01,NSE:CANBK,20.99,22.11,20.77,21.98,130787035.0,5.876685934489396,3.8000000000000074
4433,2020-12-02,NSE:CANBK,21.99,22.1,20.81,21.15,147471520.0,-3.7761601455869056,5.876685934489396
4434,2020-12-03,NSE:CANBK,21.32,22.88,21.3,21.99,188282490.0,3.9716312056737584,-3.7761601455869056
4435,2020-12-04,NSE:CANBK,22.2,22.8,21.13,22.24,233679705.0,1.136880400181901,3.9716312056737584
4436,2020-12-07,NSE:CANBK,22.39,23.86,22.27,23.48,145330060.0,5.575539568345333,1.136880400181901
4437,2020-12-08,NSE:CANBK,23.7,28.170002,23.54,27.4,362962275.0,16.695059625212938,5.575539568345333
4438,2020-12-09,NSE:CANBK,28.25,29.329998,25.4,25.629998,402468200.0,-6.459861313868606,16.695059625212938
4439,2020-12-10,NSE:CANBK,24.63,25.09,24.05,24.5,253452900.0,-4.408888365890627,-6.459861313868606
4440,2020-12-11,NSE:CANBK,24.6,25.58,24.6,25.05,119377350.0,2.2448979591836764,-4.408888365890627
4441,2020-12-14,NSE:CANBK,25.39,25.6,25.1,25.48,55638385.0,1.716566866267464,2.2448979591836764
4442,2020-12-15,NSE:CANBK,24.7,24.8,23.28,24.4,436930035.0,-4.238618524332817,1.716566866267464
4443,2020-12-16,NSE:CANBK,24.78,25.17,23.72,23.99,195322435.0,-1.6803278688524597,-4.238618524332817
4444,2020-12-17,NSE:CANBK,24.2,25.14,24.0,24.82,170924845.0,3.4597749062109293,-1.6803278688524597
4445,2020-12-18,NSE:CANBK,25.06,25.24,23.7,24.32,113136495.0,-2.0145044319097503,3.4597749062109293
4446,2020-12-21,NSE:CANBK,23.4,24.28,21.04,21.83,231056170.0,-10.23848684210527,-2.0145044319097503
4447,2020-12-22,NSE:CANBK,22.12,23.5,21.09,23.04,290327130.0,5.542830966559785,-10.23848684210527
4448,2020-12-23,NSE:CANBK,23.08,24.36,22.89,24.14,105124350.0,4.7743055555555625,5.542830966559785
4449,2020-12-24,NSE:CANBK,24.38,24.55,23.7,24.15,80200235.0,0.04142502071250211,4.7743055555555625
4450,2020-12-28,NSE:CANBK,24.16,25.15,24.03,25.05,104975770.0,3.7267080745341707,0.04142502071250211
4451,2020-12-29,NSE:CANBK,25.2,25.65,24.59,25.27,106589165.0,0.8782435129740473,3.7267080745341707
4452,2020-12-30,NSE:CANBK,25.4,26.14,24.72,25.870002,228498505.0,2.3743648595172138,0.8782435129740473
4453,2020-12-31,NSE:CANBK,25.94,26.0,25.53,25.79,70687655.0,-0.3092462072480719,2.3743648595172138
4454,2021-01-01,NSE:CANBK,25.779998,26.89,25.6,26.66,165284170.0,3.3734005428460683,-0.3092462072480719
4455,2021-01-04,NSE:CANBK,27.0,27.2,26.079998,26.8,144495945.0,0.5251312828207073,3.3734005428460683
4456,2021-01-05,NSE:CANBK,26.6,27.35,26.06,27.079998,166935235.0,1.0447686567164145,0.5251312828207073
4457,2021-01-06,NSE:CANBK,27.2,27.46,25.620002,26.420002,198688600.0,-2.4372084517879196,1.0447686567164145
4458,2021-01-07,NSE:CANBK,26.8,27.0,26.36,26.6,94819285.0,0.6812944223092837,-2.4372084517879196
4459,2021-01-08,NSE:CANBK,26.8,26.979998,26.129998,26.2,100987895.0,-1.5037593984962485,0.6812944223092837
4460,2021-01-11,NSE:CANBK,26.2,26.46,25.629998,25.779998,100857225.0,-1.6030610687022908,-1.5037593984962485
4461,2021-01-12,NSE:CANBK,25.76,28.170002,25.46,27.829998,224433340.0,7.951901315120353,-1.6030610687022908
4462,2021-01-13,NSE:CANBK,27.979998,29.179998,27.2,28.96,324462290.0,4.060373989247147,7.951901315120353
4463,2021-01-14,NSE:CANBK,28.61,29.44,28.429998,28.61,168398490.0,-1.2085635359116071,4.060373989247147
4464,2021-01-15,NSE:CANBK,28.720002,29.0,27.1,27.46,161771090.0,-4.019573575672837,-1.2085635359116071
4465,2021-01-18,NSE:CANBK,27.74,28.35,26.2,26.579998,167950745.0,-3.204668608885656,-4.019573575672837
4466,2021-01-19,NSE:CANBK,26.9,27.99,26.770002,27.71,107299815.0,4.25132462387695,-3.204668608885656
4467,2021-01-20,NSE:CANBK,27.7,28.720002,27.5,28.39,140015620.0,2.453987730061349,4.25132462387695
4468,2021-01-21,NSE:CANBK,28.6,29.0,26.8,27.220002,148362995.0,-4.1211623811201115,2.453987730061349
4469,2021-01-22,NSE:CANBK,27.4,27.7,26.2,26.64,146861220.0,-2.13079337760519,-4.1211623811201115
4470,2021-01-25,NSE:CANBK,26.979998,27.679998,26.370002,26.729998,132229940.0,0.33783033033032206,-2.13079337760519
4471,2021-01-27,NSE:CANBK,26.79,27.75,26.020002,26.24,248009810.0,-1.833138932520683,0.33783033033032206
4472,2021-01-28,NSE:CANBK,25.94,25.94,24.74,25.59,238782890.0,-2.477134146341458,-1.833138932520683
4473,2021-01-29,NSE:CANBK,26.01,27.19,25.55,26.4,181546180.0,3.1652989449003464,-2.477134146341458
4474,2021-02-01,NSE:CANBK,26.829998,28.66,26.4,28.45,278047210.0,7.765151515151518,3.1652989449003464
4475,2021-02-02,NSE:CANBK,28.8,30.129998,28.21,29.31,249047850.0,3.022847100175745,7.765151515151518
4476,2021-02-03,NSE:CANBK,29.6,31.24,29.04,30.61,286683105.0,4.435346298191746,3.022847100175745
4477,2021-02-04,NSE:CANBK,30.64,32.75,30.270002,32.429998,310688515.0,5.945762822606985,4.435346298191746
4478,2021-02-05,NSE:CANBK,33.34,34.44,31.6,32.170002,345454315.0,-0.80171451136075,5.945762822606985
4479,2021-02-08,NSE:CANBK,32.479998,32.75,31.51,31.69,107651075.0,-1.4920794844836982,-0.80171451136075
4480,2021-02-09,NSE:CANBK,31.69,32.470002,30.9,31.129998,150625300.0,-1.7671252761123406,-1.4920794844836982
4481,2021-02-10,NSE:CANBK,31.3,32.29,30.76,32.129998,163381960.0,3.212335574194383,-1.7671252761123406
4482,2021-02-11,NSE:CANBK,32.0,32.270002,31.41,31.56,88013255.0,-1.774036836230123,3.212335574194383
4483,2021-02-12,NSE:CANBK,31.720002,32.34,31.229998,31.420002,106126145.0,-0.44359315589353143,-1.774036836230123
4484,2021-02-15,NSE:CANBK,31.770002,32.86,31.5,32.51,114925545.0,3.469121357789849,-0.44359315589353143
4485,2021-02-16,NSE:CANBK,32.920002,33.19,32.020002,32.520002,143555370.0,0.030765918179022047,3.469121357789849
4486,2021-02-17,NSE:CANBK,32.49,33.69,32.4,33.25,237259260.0,2.244766159608483,0.030765918179022047
4487,2021-02-18,NSE:CANBK,33.6,34.920002,33.070002,33.679998,282764875.0,1.293227067669166,2.244766159608483
4488,2021-02-19,NSE:CANBK,33.4,33.84,31.65,32.0,161413225.0,-4.9881178734036675,1.293227067669166
4489,2021-02-22,NSE:CANBK,32.0,32.2,30.7,30.94,82717840.0,-3.312499999999996,-4.9881178734036675
4490,2021-02-23,NSE:CANBK,31.0,32.14,31.0,31.86,101122890.0,2.973497091144144,-3.312499999999996
4491,2021-02-24,NSE:CANBK,31.879998,32.74,31.070002,32.170002,82665535.0,0.9730131826741909,2.973497091144144
4492,2021-02-25,NSE:CANBK,32.6,33.179998,32.479998,32.7,84248020.0,1.6474913492389782,0.9730131826741909
4493,2021-02-26,NSE:CANBK,32.0,32.14,31.0,31.44,102290685.0,-3.8532110091743164,1.6474913492389782
4494,2021-03-01,NSE:CANBK,31.85,32.0,31.020002,31.35,67907515.0,-0.28625954198473236,-3.8532110091743164
4495,2021-03-02,NSE:CANBK,31.579998,32.44,31.379998,31.75,89081495.0,1.275917065390745,-0.28625954198473236
4496,2021-03-03,NSE:CANBK,32.0,33.4,31.94,33.16,134824005.0,4.440944881889753,1.275917065390745
4497,2021-03-04,NSE:CANBK,32.7,34.49,32.36,33.71,158072265.0,1.658624849215936,4.440944881889753
4498,2021-03-05,NSE:CANBK,33.4,33.44,31.45,31.920002,155722910.0,-5.309991100563632,1.658624849215936
4499,2021-03-08,NSE:CANBK,32.4,32.96,32.0,32.270002,81364795.0,1.0964911593677151,-5.309991100563632
4500,2021-03-09,NSE:CANBK,32.56,32.85,31.51,31.99,75612295.0,-0.8676851027155178,1.0964911593677151
4501,2021-03-10,NSE:CANBK,32.279998,32.55,31.95,32.24,49132145.0,0.7814942169428059,-0.8676851027155178
4502,2021-03-12,NSE:CANBK,32.55,32.84,31.11,31.4,79507070.0,-2.6054590570719705,0.7814942169428059
4503,2021-03-15,NSE:CANBK,31.5,31.8,30.35,31.66,78059195.0,0.8280254777070114,-2.6054590570719705
4504,2021-03-16,NSE:CANBK,31.8,31.979998,30.85,31.51,77430805.0,-0.4737839545167359,0.8280254777070114
4505,2021-03-17,NSE:CANBK,31.420002,31.629998,29.84,30.05,87762375.0,-4.633449698508413,-0.4737839545167359
4506,2021-03-18,NSE:CANBK,30.56,30.96,28.620002,29.320002,101310520.0,-2.4292778702163123,-4.633449698508413
4507,2021-03-19,NSE:CANBK,28.9,30.479998,28.279998,30.2,119483480.0,3.0013572304667666,-2.4292778702163123
4508,2021-03-22,NSE:CANBK,30.2,30.85,29.5,30.0,95556770.0,-0.6622516556291367,3.0013572304667666
4509,2021-03-23,NSE:CANBK,30.19,31.29,29.720002,30.770002,107108145.0,2.566673333333339,-0.6622516556291367
4510,2021-03-24,NSE:CANBK,30.529998,30.929998,29.51,29.670002,69870025.0,-3.574910394870957,2.566673333333339
4511,2021-03-25,NSE:CANBK,29.720002,30.1,27.41,28.679998,167465350.0,-3.3367169978620126,-3.574910394870957
4512,2021-03-26,NSE:CANBK,29.4,29.7,28.86,29.229998,82874275.0,1.9177128255029763,-3.3367169978620126
4513,2021-03-30,NSE:CANBK,29.6,29.9,28.96,29.41,65455775.0,0.6158125635178003,1.9177128255029763
4514,2021-03-31,NSE:CANBK,29.39,31.079998,29.09,30.44,125375210.0,3.50221013260796,0.6158125635178003
4515,2021-04-01,NSE:CANBK,30.879998,31.479998,30.120002,31.270002,93341790.0,2.7266819973718803,3.50221013260796
4516,2021-04-05,NSE:CANBK,30.85,31.2,28.970002,29.35,112670590.0,-6.140076358165887,2.7266819973718803
4517,2021-04-06,NSE:CANBK,29.6,29.979998,29.129998,29.6,74317510.0,0.8517887563884157,-6.140076358165887
4518,2021-04-07,NSE:CANBK,29.5,30.6,29.429998,29.929998,97050120.0,1.1148581081081073,0.8517887563884157
4519,2021-04-08,NSE:CANBK,30.16,30.279998,29.31,29.44,65429150.0,-1.6371467849747263,1.1148581081081073
4520,2021-04-09,NSE:CANBK,29.4,30.76,29.2,29.75,124922715.0,1.0529891304347783,-1.6371467849747263
4521,2021-04-12,NSE:CANBK,28.79,28.79,26.070002,26.44,139699735.0,-11.126050420168063,1.0529891304347783
4522,2021-04-13,NSE:CANBK,27.0,27.59,26.31,27.470002,100509615.0,3.895620272314673,-11.126050420168063
4523,2021-04-15,NSE:CANBK,27.26,27.86,26.720002,27.15,77774760.0,-1.1649143673160356,3.895620272314673
4524,2021-04-16,NSE:CANBK,27.15,27.570002,26.6,26.84,69438630.0,-1.1418047882136233,-1.1649143673160356
4525,2021-04-19,NSE:CANBK,25.6,25.96,24.86,25.86,100388660.0,-3.6512667660208655,-1.1418047882136233
4526,2021-04-20,NSE:CANBK,26.2,26.6,25.37,25.61,65192495.0,-0.9667440061871616,-3.6512667660208655
4527,2021-04-22,NSE:CANBK,25.16,26.25,25.02,26.05,69547485.0,1.7180788754392866,-0.9667440061871616
4528,2021-04-23,NSE:CANBK,25.7,26.96,25.670002,26.1,103449745.0,0.19193857965451327,1.7180788754392866
4529,2021-04-26,NSE:CANBK,26.420002,27.16,26.35,27.05,94189475.0,3.6398467432950166,0.19193857965451327
4530,2021-04-27,NSE:CANBK,27.16,28.04,26.920002,27.929998,100327380.0,3.253227356746767,3.6398467432950166
4531,2021-04-28,NSE:CANBK,28.0,28.74,28.0,28.620002,83622715.0,2.470476367381044,3.253227356746767
4532,2021-04-29,NSE:CANBK,28.8,28.979998,27.620002,27.9,95224395.0,-2.5157300827582088,2.470476367381044
4533,2021-04-30,NSE:CANBK,27.479998,28.779998,27.3,27.75,94299250.0,-0.5376344086021455,-2.5157300827582088
4534,2021-05-03,NSE:CANBK,27.39,27.96,27.179998,27.75,68410960.0,0.0,-0.5376344086021455
4535,2021-05-04,NSE:CANBK,28.0,29.66,27.920002,28.270002,186206435.0,1.8738810810810869,0.0
4536,2021-05-05,NSE:CANBK,28.74,29.579998,28.479998,29.120002,112023825.0,3.0067206928389956,1.8738810810810869
4537,2021-05-06,NSE:CANBK,29.4,29.4,28.479998,28.69,55567690.0,-1.4766551183615928,3.0067206928389956
4538,2021-05-07,NSE:CANBK,28.89,29.179998,28.420002,28.86,54871900.0,0.5925409550365917,-1.4766551183615928
4539,2021-05-10,NSE:CANBK,29.0,30.170002,28.9,29.429998,93566470.0,1.9750450450450514,0.5925409550365917
4540,2021-05-11,NSE:CANBK,28.8,30.46,28.670002,30.020002,163775745.0,2.00477077844178,1.9750450450450514
4541,2021-05-12,NSE:CANBK,30.179998,31.14,29.670002,30.44,171938420.0,1.399060533040603,2.00477077844178
4542,2021-05-14,NSE:CANBK,30.920002,31.3,29.179998,29.51,128223600.0,-3.055190538764782,1.399060533040603
4543,2021-05-17,NSE:CANBK,29.8,30.8,29.8,30.7,83654685.0,4.032531345306667,-3.055190538764782
4544,2021-05-18,NSE:CANBK,31.179998,31.529998,29.029998,29.329998,233917065.0,-4.462547231270357,4.032531345306667
4545,2021-05-19,NSE:CANBK,29.6,30.45,29.2,29.279998,193909280.0,-0.17047392911516976,-4.462547231270357
4546,2021-05-20,NSE:CANBK,29.579998,29.920002,29.279998,29.479998,77175110.0,0.6830601559467295,-0.17047392911516976
4547,2021-05-21,NSE:CANBK,29.79,30.7,29.7,30.570002,167529175.0,3.6974358003687806,0.6830601559467295
4548,2021-05-24,NSE:CANBK,30.89,31.96,30.56,30.870002,252063070.0,0.9813542046873295,3.6974358003687806
4549,2021-05-25,NSE:CANBK,31.16,31.24,30.0,30.09,115872570.0,-2.526731290785144,0.9813542046873295
4550,2021-05-26,NSE:CANBK,30.2,30.45,29.84,29.91,77472255.0,-0.5982053838484537,-2.526731290785144
4551,2021-05-27,NSE:CANBK,30.129998,31.079998,29.729998,30.729998,169949860.0,2.7415513206285462,-0.5982053838484537
4552,2021-05-28,NSE:CANBK,31.220002,32.579998,30.96,32.379998,302720720.0,5.369346265496022,2.7415513206285462
4553,2021-05-31,NSE:CANBK,32.4,32.729998,31.620002,32.16,129044965.0,-0.6794256133061031,5.369346265496022
4554,2021-06-01,NSE:CANBK,32.320002,32.6,31.570002,31.81,87632170.0,-1.0883084577114364,-0.6794256133061031
4555,2021-06-02,NSE:CANBK,31.8,32.879998,31.66,32.76,119397200.0,2.986482238289844,-1.0883084577114364
4556,2021-06-03,NSE:CANBK,33.0,33.15,32.529998,32.65,82398320.0,-0.3357753357753341,2.986482238289844
4557,2021-06-04,NSE:CANBK,32.6,32.79,31.970002,32.220002,69208590.0,-1.3169923430321522,-0.3357753357753341
4558,2021-06-07,NSE:CANBK,32.4,32.56,32.01,32.179998,47878890.0,-0.12415889980392694,-1.3169923430321522
4559,2021-06-08,NSE:CANBK,32.2,32.3,31.15,31.59,80489370.0,-1.8334308162480242,-0.12415889980392694
4560,2021-06-09,NSE:CANBK,31.76,32.45,30.670002,31.15,108230265.0,-1.3928458372902857,-1.8334308162480242
4561,2021-06-10,NSE:CANBK,31.420002,31.879998,31.129998,31.39,56634540.0,0.7704654895666195,-1.3928458372902857
4562,2021-06-11,NSE:CANBK,31.720002,31.9,30.96,31.179998,42645950.0,-0.6690092386110206,0.7704654895666195
4563,2021-06-14,NSE:CANBK,31.179998,31.179998,30.0,30.95,68858495.0,-0.7376459741915374,-0.6690092386110206
4564,2021-06-15,NSE:CANBK,31.020002,31.39,30.779998,30.870002,31980110.0,-0.25847495961227723,-0.7376459741915374
4565,2021-06-16,NSE:CANBK,30.9,31.2,30.370002,30.429998,40989310.0,-1.4253449027959193,-0.25847495961227723
4566,2021-06-17,NSE:CANBK,30.120002,30.879998,29.9,30.270002,63495250.0,-0.5257838005773106,-1.4253449027959193
4567,2021-06-18,NSE:CANBK,30.4,30.579998,28.29,29.479998,95152200.0,-2.6098577727216643,-0.5257838005773106
4568,2021-06-21,NSE:CANBK,29.0,30.59,28.76,30.46,88617150.0,3.324294662435196,-2.6098577727216643
4569,2021-06-22,NSE:CANBK,30.85,31.179998,30.2,30.35,60366600.0,-0.36112934996716817,3.324294662435196
4570,2021-06-23,NSE:CANBK,30.55,30.84,30.179998,30.39,58516070.0,0.1317957166392064,-0.36112934996716817
4571,2021-06-24,NSE:CANBK,30.529998,30.64,29.7,29.81,46766895.0,-1.9085225403093184,0.1317957166392064
4572,2021-06-25,NSE:CANBK,30.0,31.06,29.870002,30.679998,76494885.0,2.918477021133856,-1.9085225403093184
4573,2021-06-28,NSE:CANBK,30.96,31.64,30.86,31.39,96950150.0,2.3142178822827804,2.918477021133856
4574,2021-06-29,NSE:CANBK,31.36,31.55,30.66,30.75,49633635.0,-2.038865880853777,2.3142178822827804
4575,2021-06-30,NSE:CANBK,30.979998,31.020002,30.3,30.370002,38862100.0,-1.2357658536585383,-2.038865880853777
4576,2021-07-01,NSE:CANBK,30.520002,30.99,30.229998,30.720002,53296120.0,1.1524530028019142,-1.2357658536585383
4577,2021-07-02,NSE:CANBK,30.720002,31.14,30.629998,30.75,39426895.0,0.09764973322592584,1.1524530028019142
4578,2021-07-05,NSE:CANBK,31.0,31.3,30.69,31.16,46783410.0,1.3333333333333337,0.09764973322592584
4579,2021-07-06,NSE:CANBK,31.14,31.4,30.6,30.7,43728840.0,-1.476251604621312,1.3333333333333337
4580,2021-07-07,NSE:CANBK,30.6,31.029998,30.49,30.91,28098935.0,0.6840390879478855,-1.476251604621312
4581,2021-07-08,NSE:CANBK,31.0,31.270002,30.129998,30.36,41787425.0,-1.7793594306049845,0.6840390879478855
4582,2021-07-09,NSE:CANBK,30.179998,30.46,30.0,30.24,33389935.0,-0.3952569169960507,-1.7793594306049845
4583,2021-07-12,NSE:CANBK,30.54,30.770002,30.2,30.35,37441635.0,0.3637566137566236,-0.3952569169960507
4584,2021-07-13,NSE:CANBK,30.55,30.74,30.370002,30.670002,29357725.0,1.0543723228995017,0.3637566137566236
4585,2021-07-14,NSE:CANBK,30.59,30.76,30.25,30.320002,40916345.0,-1.1411802320717208,1.0543723228995017
4586,2021-07-15,NSE:CANBK,30.470002,30.49,29.86,30.11,40509370.0,-0.6926186878219842,-1.1411802320717208
4587,2021-07-16,NSE:CANBK,30.379998,30.45,30.029998,30.26,27585325.0,0.4981733643307942,-0.6926186878219842
4588,2021-07-19,NSE:CANBK,30.14,30.14,29.44,29.629998,37632230.0,-2.081962987442171,0.4981733643307942
4589,2021-07-20,NSE:CANBK,29.64,29.7,28.71,28.89,44843980.0,-2.4974622003011944,-2.081962987442171
4590,2021-07-22,NSE:CANBK,29.16,29.3,28.89,28.979998,22077260.0,0.3115195569401101,-2.4974622003011944
4591,2021-07-23,NSE:CANBK,29.0,29.26,28.770002,29.21,27940715.0,0.793657749734843,0.3115195569401101
4592,2021-07-26,NSE:CANBK,29.24,29.470002,29.06,29.329998,25636135.0,0.41081136597055434,0.793657749734843
4593,2021-07-27,NSE:CANBK,29.4,30.120002,29.3,29.76,88155180.0,1.4660826093476098,0.41081136597055434
4594,2021-07-28,NSE:CANBK,30.01,30.1,28.420002,28.65,98948435.0,-3.7298387096774293,1.4660826093476098
4595,2021-07-29,NSE:CANBK,28.779998,30.2,28.579998,29.929998,124721770.0,4.467706806282732,-3.7298387096774293
4596,2021-07-30,NSE:CANBK,29.929998,31.01,29.770002,30.64,95929250.0,2.37220864498554,4.467706806282732
4597,2021-08-02,NSE:CANBK,30.94,31.55,30.829998,31.120002,75713775.0,1.5665861618798922,2.37220864498554
4598,2021-08-03,NSE:CANBK,31.2,31.54,30.96,31.429998,70009910.0,0.9961310413797586,1.5665861618798922
4599,2021-08-04,NSE:CANBK,31.56,31.91,31.1,31.36,97791080.0,-0.22271080004523633,0.9961310413797586
4600,2021-08-05,NSE:CANBK,31.16,31.39,30.4,31.270002,65215995.0,-0.2869834183673399,-0.22271080004523633
4601,2021-08-06,NSE:CANBK,31.3,31.76,31.11,31.470002,48439680.0,0.6395906210687139,-0.2869834183673399
4602,2021-08-09,NSE:CANBK,31.4,31.6,30.529998,30.94,34579170.0,-1.6841498770797652,0.6395906210687139
4603,2021-08-10,NSE:CANBK,30.8,31.26,30.070002,30.56,39908735.0,-1.2281835811247659,-1.6841498770797652
4604,2021-08-11,NSE:CANBK,30.56,30.96,30.15,30.820002,27092590.0,0.8507918848167542,-1.2281835811247659
4605,2021-08-12,NSE:CANBK,30.829998,31.279998,30.71,31.14,28940720.0,1.038280270066179,0.8507918848167542
4606,2021-08-13,NSE:CANBK,31.21,31.46,30.8,31.2,55109985.0,0.19267822736030418,1.038280270066179
4607,2021-08-16,NSE:CANBK,31.0,32.04,30.94,31.49,89187445.0,0.9294871794871767,0.19267822736030418
4608,2021-08-17,NSE:CANBK,31.3,31.3,30.35,30.529998,138480310.0,-3.048593204191805,0.9294871794871767
4609,2021-08-18,NSE:CANBK,30.520002,31.720002,30.2,31.429998,172405390.0,2.947920271727506,-3.048593204191805
4610,2021-08-20,NSE:CANBK,31.0,31.029998,30.24,30.56,57855210.0,-2.7680498102481663,2.947920271727506
4611,2021-08-23,NSE:CANBK,30.8,30.929998,29.64,30.579998,44342855.0,0.06543848167539618,-2.7680498102481663
4612,2021-08-24,NSE:CANBK,30.4,31.2,30.35,31.14,39847235.0,1.831268922908369,0.06543848167539618
4613,2021-08-25,NSE:CANBK,31.179998,31.36,30.1,30.21,157596220.0,-2.9865125240847776,1.831268922908369
4614,2021-08-26,NSE:CANBK,30.29,31.029998,30.270002,30.570002,150781535.0,1.191665011585561,-2.9865125240847776
4615,2021-08-27,NSE:CANBK,30.629998,30.69,30.24,30.320002,46886690.0,-0.8177951705727727,1.191665011585561
4616,2021-08-30,NSE:CANBK,30.6,31.16,30.420002,31.05,64853600.0,2.407644959917885,-0.8177951705727727
4617,2021-08-31,NSE:CANBK,31.05,32.5,30.74,31.820002,163342355.0,2.4798776167471757,2.407644959917885
4618,2021-09-01,NSE:CANBK,31.8,32.44,31.44,32.21,83001905.0,1.225637886509253,2.4798776167471757
4619,2021-09-02,NSE:CANBK,32.329998,32.59,31.679998,31.820002,91891260.0,-1.2107978888543993,1.225637886509253
4620,2021-09-03,NSE:CANBK,31.870002,32.69,31.820002,32.14,95795720.0,1.0056504710464877,-1.2107978888543993
4621,2021-09-06,NSE:CANBK,32.34,32.8,31.95,32.01,82329740.0,-0.4044803982576308,1.0056504710464877
4622,2021-09-07,NSE:CANBK,32.14,32.14,31.04,31.220002,78581620.0,-2.4679725085910564,-0.4044803982576308
4623,2021-09-08,NSE:CANBK,31.220002,32.229998,31.14,31.55,89951525.0,1.0570082602813407,-2.4679725085910564
4624,2021-09-09,NSE:CANBK,31.4,31.94,31.329998,31.5,33803115.0,-0.15847860538827482,1.0570082602813407
4625,2021-09-13,NSE:CANBK,31.4,31.620002,31.09,31.36,33226195.0,-0.44444444444444625,-0.15847860538827482
4626,2021-09-14,NSE:CANBK,31.4,31.579998,30.929998,31.05,48386370.0,-0.9885204081632613,-0.44444444444444625
4627,2021-09-15,NSE:CANBK,31.279998,32.41,31.1,32.320002,95019770.0,4.090183574879233,-0.9885204081632613
4628,2021-09-16,NSE:CANBK,32.320002,33.56,32.09,33.35,189827730.0,3.186874802792398,4.090183574879233
4629,2021-09-17,NSE:CANBK,33.86,34.25,31.84,32.55,224284535.0,-2.398800599700163,3.186874802792398
4630,2021-09-20,NSE:CANBK,31.8,32.64,30.879998,30.99,68590310.0,-4.792626728110595,-2.398800599700163
4631,2021-09-21,NSE:CANBK,31.26,31.479998,30.41,30.99,71617125.0,0.0,-4.792626728110595
4632,2021-09-22,NSE:CANBK,31.16,31.820002,31.0,31.370002,56658945.0,1.2262084543401133,0.0
4633,2021-09-23,NSE:CANBK,31.64,32.6,31.6,32.16,92340615.0,2.5183230782069987,1.2262084543401133
4634,2021-09-24,NSE:CANBK,32.2,32.34,31.44,31.54,37840935.0,-1.9278606965174052,2.5183230782069987
4635,2021-09-27,NSE:CANBK,31.820002,32.35,31.620002,31.979998,51218570.0,1.395047558655673,-1.9278606965174052
4636,2021-09-28,NSE:CANBK,32.0,32.979998,31.99,32.74,77002825.0,2.376491705846897,1.395047558655673
4637,2021-09-29,NSE:CANBK,32.36,34.4,32.34,33.629998,176541445.0,2.718381185094681,2.376491705846897
4638,2021-09-30,NSE:CANBK,33.79,35.5,33.71,34.6,220955680.0,2.8843355863416966,2.718381185094681
4639,2021-10-01,NSE:CANBK,34.479998,35.79,33.6,35.370002,162352925.0,2.2254393063583757,2.8843355863416966
4640,2021-10-04,NSE:CANBK,35.479998,36.59,35.420002,36.420002,125232450.0,2.968617304573512,2.2254393063583757
4641,2021-10-05,NSE:CANBK,36.4,36.679998,35.64,35.95,82813145.0,-1.290505146045829,2.968617304573512
4642,2021-10-06,NSE:CANBK,36.020002,36.679998,34.69,34.89,94984375.0,-2.9485396383866544,-1.290505146045829
4643,2021-10-07,NSE:CANBK,35.31,35.5,34.720002,34.970002,58772760.0,0.22929779306391615,-2.9485396383866544
4644,2021-10-08,NSE:CANBK,35.4,35.79,34.34,35.45,91244705.0,1.372599292387807,0.22929779306391615
4645,2021-10-11,NSE:CANBK,35.8,36.19,35.11,35.329998,82634865.0,-0.3385105782792651,1.372599292387807
4646,2021-10-12,NSE:CANBK,35.4,37.6,35.2,37.41,210594485.0,5.887353857195217,-0.3385105782792651
4647,2021-10-13,NSE:CANBK,37.8,37.929998,36.929998,37.320002,157132885.0,-0.2405720395615992,5.887353857195217
4648,2021-10-14,NSE:CANBK,37.579998,39.0,37.379998,38.71,138845300.0,3.7245389215145233,-0.2405720395615992
4649,2021-10-18,NSE:CANBK,39.16,40.85,38.720002,39.79,184701600.0,2.789976750193744,3.7245389215145233
4650,2021-10-19,NSE:CANBK,40.179998,40.3,37.820002,38.14,115574880.0,-4.146770545363153,2.789976750193744
4651,2021-10-20,NSE:CANBK,38.04,39.470002,37.329998,39.06,109093940.0,2.4121657052962813,-4.146770545363153
4652,2021-10-21,NSE:CANBK,39.420002,40.2,38.45,39.920002,142001490.0,2.2017460317460174,2.4121657052962813
4653,2021-10-22,NSE:CANBK,40.2,40.670002,39.220002,39.720002,116247380.0,-0.5010019789077058,2.2017460317460174
4654,2021-10-25,NSE:CANBK,39.920002,41.35,39.770002,40.39,150329375.0,1.686802533393628,-0.5010019789077058
4655,2021-10-26,NSE:CANBK,40.6,41.5,38.25,38.670002,300775775.0,-4.2584748700173405,1.686802533393628
4656,2021-10-27,NSE:CANBK,39.770002,40.76,39.45,40.16,209824795.0,3.8531107394305284,-4.2584748700173405
4657,2021-10-28,NSE:CANBK,40.19,40.56,38.9,39.079998,141097665.0,-2.6892480079681107,3.8531107394305284
4658,2021-10-29,NSE:CANBK,38.929998,43.729998,38.220002,42.9,361340545.0,9.774826498199909,-2.6892480079681107
4659,2021-11-01,NSE:CANBK,43.0,43.19,41.770002,42.929998,88593570.0,0.06992540792540577,9.774826498199909
4660,2021-11-02,NSE:CANBK,43.2,45.29,42.8,44.85,194794090.0,4.472401792331795,0.06992540792540577
4661,2021-11-03,NSE:CANBK,44.95,45.929998,44.4,45.19,155316095.0,0.7580824972129238,4.472401792331795
4662,2021-11-04,NSE:CANBK,45.529998,46.2,45.4,45.76,21922315.0,1.2613410046470466,0.7580824972129238
4663,2021-11-08,NSE:CANBK,45.99,49.2,45.75,48.85,242141500.0,6.7526223776223855,1.2613410046470466
4664,2021-11-09,NSE:CANBK,49.0,49.520002,48.2,48.56,115533170.0,-0.5936540429887393,6.7526223776223855
4665,2021-11-10,NSE:CANBK,48.4,48.829998,46.8,47.19,89484360.0,-2.821252059308082,-0.5936540429887393
4666,2021-11-11,NSE:CANBK,47.24,47.670002,45.870002,46.320002,69272370.0,-1.8436066963339592,-2.821252059308082
4667,2021-11-12,NSE:CANBK,46.6,46.79,45.31,46.16,75428590.0,-0.3454274462250795,-1.8436066963339592
4668,2021-11-15,NSE:CANBK,46.49,46.570002,45.34,45.520002,38603600.0,-1.3864774696707074,-0.3454274462250795
4669,2021-11-16,NSE:CANBK,45.61,45.870002,44.2,44.41,54766815.0,-2.438492862983621,-1.3864774696707074
4670,2021-11-17,NSE:CANBK,44.2,45.3,43.9,44.01,76916535.0,-0.9006980409817577,-2.438492862983621
4671,2021-11-18,NSE:CANBK,44.179998,44.59,43.170002,43.91,63729300.0,-0.22722108611679487,-0.9006980409817577
4672,2021-11-22,NSE:CANBK,44.0,44.129998,41.279998,42.36,68737045.0,-3.5299476201320825,-0.22722108611679487
4673,2021-11-23,NSE:CANBK,42.0,43.55,41.8,43.220002,55769555.0,2.0302219074598713,-3.5299476201320825
4674,2021-11-24,NSE:CANBK,43.429998,43.8,42.59,42.7,45277920.0,-1.203151263158197,2.0302219074598713
4675,2021-11-25,NSE:CANBK,42.829998,43.2,42.41,43.01,32728325.0,0.7259953161592392,-1.203151263158197
4676,2021-11-26,NSE:CANBK,42.579998,42.779998,40.320002,40.529998,67114675.0,-5.766105556847243,0.7259953161592392
4677,2021-11-29,NSE:CANBK,40.0,40.970002,38.95,39.85,67554300.0,-1.6777647015921333,-5.766105556847243
4678,2021-11-30,NSE:CANBK,39.85,41.3,39.5,39.829998,68010695.0,-0.050193224592216,-1.6777647015921333
4679,2021-12-01,NSE:CANBK,40.2,41.5,39.74,41.34,61086710.0,3.7911174386702204,-0.050193224592216
4680,2021-12-02,NSE:CANBK,41.429998,41.670002,40.71,41.429998,39022375.0,0.2177019835510262,3.7911174386702204
4681,2021-12-03,NSE:CANBK,41.479998,42.1,41.070002,41.3,49609070.0,-0.31377747109715165,0.2177019835510262
4682,2021-12-06,NSE:CANBK,41.370002,41.91,40.39,40.51,54522660.0,-1.9128329297820803,-0.31377747109715165
4683,2021-12-07,NSE:CANBK,40.96,42.14,40.86,41.829998,44753385.0,3.258449765490016,-1.9128329297820803
4684,2021-12-08,NSE:CANBK,42.16,43.04,41.69,42.94,65377340.0,2.6536028043797524,3.258449765490016
4685,2021-12-09,NSE:CANBK,43.020002,43.4,42.36,43.0,43752670.0,0.13972985561248782,2.6536028043797524
4686,2021-12-10,NSE:CANBK,42.94,44.6,42.520002,44.429998,60846350.0,3.3255767441860407,0.13972985561248782
4687,2021-12-13,NSE:CANBK,44.779998,44.8,43.329998,43.44,39306635.0,-2.2282197716956906,3.3255767441860407
4688,2021-12-14,NSE:CANBK,43.370002,43.46,42.429998,43.120002,41455375.0,-0.7366436464088357,-2.2282197716956906
4689,2021-12-15,NSE:CANBK,43.14,43.479998,42.14,42.25,28998785.0,-2.017629776547783,-0.7366436464088357
4690,2021-12-16,NSE:CANBK,42.6,42.979998,41.95,42.44,26826095.0,0.44970414201182896,-2.017629776547783
4691,2021-12-17,NSE:CANBK,42.279998,42.279998,40.220002,40.420002,47568545.0,-4.759655984919889,0.44970414201182896
4692,2021-12-20,NSE:CANBK,39.8,40.0,37.620002,38.170002,55742740.0,-5.566550936835679,-4.759655984919889
4693,2021-12-21,NSE:CANBK,38.770002,39.170002,38.079998,38.44,36552970.0,0.707356525682134,-5.566550936835679
4694,2021-12-22,NSE:CANBK,38.879998,40.470002,38.85,39.54,61715265.0,2.8616024973985468,0.707356525682134
4695,2021-12-23,NSE:CANBK,39.879998,40.76,39.579998,40.1,46320985.0,1.4162873039959591,2.8616024973985468
4696,2021-12-24,NSE:CANBK,40.34,40.379998,38.6,38.79,50931385.0,-3.266832917705741,1.4162873039959591
4697,2021-12-27,NSE:CANBK,38.0,39.3,37.279998,39.120002,50266245.0,0.8507398814127363,-3.266832917705741
4698,2021-12-28,NSE:CANBK,39.420002,39.69,39.129998,39.570002,26939730.0,1.1503066896571297,0.8507398814127363
4699,2021-12-29,NSE:CANBK,39.41,39.89,39.14,39.34,28685475.0,-0.5812534454761941,1.1503066896571297
4700,2021-12-30,NSE:CANBK,39.2,39.279998,38.7,39.0,30108385.0,-0.8642602948652857,-0.5812534454761941
4701,2021-12-31,NSE:CANBK,39.21,40.270002,39.170002,39.99,36008765.0,2.5384615384615437,-0.8642602948652857
4702,2022-01-03,NSE:CANBK,39.94,41.279998,39.720002,41.09,38953755.0,2.750687671917983,2.5384615384615437
4703,2022-01-04,NSE:CANBK,41.29,41.8,40.870002,41.31,46704665.0,0.5354100754441442,2.750687671917983
4704,2022-01-05,NSE:CANBK,41.3,42.41,41.029998,42.2,57771810.0,2.154442023723071,0.5354100754441442
4705,2022-01-06,NSE:CANBK,41.79,42.75,41.49,42.5,53654395.0,0.7109004739336425,2.154442023723071
4706,2022-01-07,NSE:CANBK,42.65,43.120002,41.94,42.46,43376495.0,-0.09411764705882153,0.7109004739336425
4707,2022-01-10,NSE:CANBK,42.66,44.16,42.66,43.94,51528210.0,3.485633537447001,-0.09411764705882153
4708,2022-01-11,NSE:CANBK,43.45,44.65,43.45,44.279998,57530155.0,0.773777878925811,3.485633537447001
4709,2022-01-12,NSE:CANBK,44.56,45.229998,44.3,44.55,40422790.0,0.6097606418139361,0.773777878925811
4710,2022-01-13,NSE:CANBK,44.520002,45.429998,44.14,45.070002,41998450.0,1.167232323232335,0.6097606418139361
4711,2022-01-14,NSE:CANBK,44.979998,45.670002,44.7,45.529998,40366635.0,1.0206256480751803,1.167232323232335
4712,2022-01-17,NSE:CANBK,45.520002,46.070002,45.420002,45.54,24529380.0,0.02196793419582418,1.0206256480751803
4713,2022-01-18,NSE:CANBK,45.679998,46.0,44.34,44.620002,36236730.0,-2.0201976284584973,0.02196793419582418
4714,2022-01-19,NSE:CANBK,44.46,45.979998,44.170002,45.679998,37112995.0,2.375607244481966,-2.0201976284584973
4715,2022-01-20,NSE:CANBK,45.84,46.479998,45.36,45.69,49452470.0,0.02189579780629602,2.375607244481966
4716,2022-01-21,NSE:CANBK,44.979998,45.34,42.66,43.120002,53192755.0,-5.6248588312541,0.02189579780629602
4717,2022-01-24,NSE:CANBK,43.120002,43.520002,40.929998,41.74,52274935.0,-3.2003755472924085,-5.6248588312541
4718,2022-01-25,NSE:CANBK,41.3,44.65,41.09,44.279998,60447725.0,6.085285098227113,-3.2003755472924085
4719,2022-01-27,NSE:CANBK,43.6,48.45,43.2,48.16,234705435.0,8.762425870028263,6.085285098227113
4720,2022-01-28,NSE:CANBK,48.45,48.779998,47.31,47.779998,108984570.0,-0.7890406976744134,8.762425870028263
4721,2022-01-31,NSE:CANBK,48.279998,50.879998,48.2,50.59,147102420.0,5.881126240315047,-0.7890406976744134
4722,2022-02-01,NSE:CANBK,50.970002,52.320002,49.0,51.75,173366905.0,2.292943269420827,5.881126240315047
4723,2022-02-02,NSE:CANBK,51.940002,54.4,51.55,53.929998,136021565.0,4.212556521739126,2.292943269420827
4724,2022-02-03,NSE:CANBK,53.740002,54.559998,52.820002,52.979998,83876480.0,-1.7615428059166545,4.212556521739126
4725,2022-02-04,NSE:CANBK,53.090002,53.759998,51.840002,52.2,58721430.0,-1.4722499612023372,-1.7615428059166545
4726,2022-02-07,NSE:CANBK,52.3,53.329998,51.370002,51.620002,79617185.0,-1.1111072796934929,-1.4722499612023372
4727,2022-02-08,NSE:CANBK,51.7,52.690002,50.36,52.140002,77005360.0,1.0073614487655447,-1.1111072796934929
4728,2022-02-09,NSE:CANBK,52.359998,52.620002,51.05,52.05,46172495.0,-0.1726160271340332,1.0073614487655447
4729,2022-02-10,NSE:CANBK,52.109998,52.579998,51.359998,51.759998,44205795.0,-0.5571604226704978,-0.1726160271340332
4730,2022-02-11,NSE:CANBK,51.420002,52.209998,50.04,50.3,44037180.0,-2.820707218729038,-0.5571604226704978
4731,2022-02-14,NSE:CANBK,48.6,49.7,46.620002,46.95,67861420.0,-6.660039761431401,-2.820707218729038
4732,2022-02-15,NSE:CANBK,47.04,49.76,46.44,49.59,81562540.0,5.62300319488818,-6.660039761431401
4733,2022-02-16,NSE:CANBK,49.770002,50.170002,48.6,48.86,62946135.0,-1.472070982052841,5.62300319488818
4734,2022-02-17,NSE:CANBK,49.06,49.3,47.75,47.879998,36425255.0,-2.0057347523536615,-1.472070982052841
4735,2022-02-18,NSE:CANBK,47.71,48.84,47.429998,47.65,47159215.0,-0.4803634285866134,-2.0057347523536615
4736,2022-02-21,NSE:CANBK,47.51,48.079998,46.429998,46.59,69086415.0,-2.224554039874072,-0.4803634285866134
4737,2022-02-22,NSE:CANBK,44.2,46.379998,44.2,46.09,76284760.0,-1.0731916720326249,-2.224554039874072
4738,2022-02-23,NSE:CANBK,46.4,47.05,45.64,45.829998,43202360.0,-0.564118029941419,-1.0731916720326249
4739,2022-02-24,NSE:CANBK,41.25,44.8,41.25,41.66,103991045.0,-9.098839585373769,-0.564118029941419
4740,2022-02-25,NSE:CANBK,43.2,44.56,42.8,43.69,81491485.0,4.872779644743162,-9.098839585373769
4741,2022-02-28,NSE:CANBK,43.3,44.14,42.870002,43.920002,61273635.0,0.5264408331425932,4.872779644743162
4742,2022-03-02,NSE:CANBK,43.570002,43.779998,42.44,43.229998,54860675.0,-1.5710472872929166,0.5264408331425932
4743,2022-03-03,NSE:CANBK,43.920002,44.120002,42.75,42.99,46552140.0,-0.555165420086302,-1.5710472872929166
4744,2022-03-04,NSE:CANBK,42.75,43.5,41.86,42.029998,74147550.0,-2.2330821121191042,-0.555165420086302
4745,2022-03-07,NSE:CANBK,41.1,41.129998,39.279998,40.170002,77882170.0,-4.425401114699083,-2.2330821121191042
4746,2022-03-08,NSE:CANBK,40.2,42.14,39.9,41.870002,101169385.0,4.2320137300466225,-4.425401114699083
4747,2022-03-09,NSE:CANBK,42.3,42.670002,41.7,42.4,70015255.0,1.2658179476561742,4.2320137300466225
4748,2022-03-10,NSE:CANBK,43.9,44.39,42.61,42.879998,86392850.0,1.1320707547169857,1.2658179476561742
4749,2022-03-11,NSE:CANBK,42.8,43.879998,42.5,43.59,54800695.0,1.6557883234975965,1.1320707547169857
4750,2022-03-14,NSE:CANBK,43.6,44.5,43.04,44.229998,62331165.0,1.4682220692819419,1.6557883234975965
4751,2022-03-15,NSE:CANBK,44.229998,45.34,43.529998,43.779998,74140845.0,-1.0174090444227533,1.4682220692819419
4752,2022-03-16,NSE:CANBK,44.279998,45.170002,44.26,44.879998,43321620.0,2.5125629288516675,-1.0174090444227533
4753,2022-03-17,NSE:CANBK,46.0,46.15,45.01,45.21,52476475.0,0.7352986067423629,2.5125629288516675
4754,2022-03-21,NSE:CANBK,45.46,45.629998,44.8,44.99,46008815.0,-0.48661800486617757,0.7352986067423629
4755,2022-03-22,NSE:CANBK,45.0,45.420002,44.029998,45.2,48430980.0,0.46677039342076204,-0.48661800486617757
4756,2022-03-23,NSE:CANBK,45.479998,46.079998,44.86,45.06,44813690.0,-0.30973451327433754,0.46677039342076204
4757,2022-03-24,NSE:CANBK,44.679998,45.579998,44.520002,45.129998,30335565.0,0.15534398579671155,-0.30973451327433754
4758,2022-03-25,NSE:CANBK,45.2,45.579998,44.75,45.06,29539365.0,-0.15510304254832502,0.15534398579671155
4759,2022-03-28,NSE:CANBK,45.179998,46.029998,44.45,45.74,46274510.0,1.509098979138925,-0.15510304254832502
4760,2022-03-29,NSE:CANBK,45.99,46.45,45.26,45.69,46875635.0,-0.10931351114998746,1.509098979138925
4761,2022-03-30,NSE:CANBK,46.120002,46.35,45.420002,45.69,31243675.0,0.0,-0.10931351114998746
4762,2022-03-31,NSE:CANBK,45.879998,45.920002,45.34,45.55,25135920.0,-0.3064127817903274,0.0
4763,2022-04-01,NSE:CANBK,45.579998,48.15,45.420002,47.99,69889490.0,5.356750823271141,-0.3064127817903274
4764,2022-04-04,NSE:CANBK,48.370002,48.579998,47.7,48.26,43563700.0,0.5626172119191415,5.356750823271141
4765,2022-04-05,NSE:CANBK,48.36,49.3,47.85,48.59,59173710.0,0.6837961044343253,0.5626172119191415
4766,2022-04-06,NSE:CANBK,48.2,49.979998,48.2,49.570002,49486965.0,2.016880016464291,0.6837961044343253
4767,2022-04-07,NSE:CANBK,49.570002,50.51,48.76,49.329998,54851655.0,-0.48417185861723183,2.016880016464291
4768,2022-04-08,NSE:CANBK,49.7,49.96,49.2,49.670002,36037350.0,0.689243895773102,-0.48417185861723183
4769,2022-04-11,NSE:CANBK,49.779998,50.35,49.11,49.220002,25153735.0,-0.9059794279855189,0.689243895773102
4770,2022-04-12,NSE:CANBK,49.1,49.16,47.49,48.29,31993590.0,-1.889479809448203,-0.9059794279855189
4771,2022-04-13,NSE:CANBK,48.679998,49.26,48.179998,48.529998,36650785.0,0.49699316628701584,-1.889479809448203
4772,2022-04-18,NSE:CANBK,48.0,48.0,46.19,46.86,45659720.0,-3.4411664307095164,0.49699316628701584
4773,2022-04-19,NSE:CANBK,47.179998,48.69,46.19,46.929998,44443925.0,0.14937686726418742,-3.4411664307095164
4774,2022-04-20,NSE:CANBK,47.36,47.59,46.379998,46.620002,47718935.0,-0.6605497831046108,0.14937686726418742
4775,2022-04-21,NSE:CANBK,47.1,47.7,47.05,47.6,20244985.0,2.102097721917734,-0.6605497831046108
4776,2022-04-22,NSE:CANBK,47.0,47.54,46.56,46.65,21071435.0,-1.9957983193277369,2.102097721917734
4777,2022-04-25,NSE:CANBK,46.220002,46.29,45.25,45.61,33154090.0,-2.2293676312968898,-1.9957983193277369
4778,2022-04-26,NSE:CANBK,46.29,47.29,46.0,47.11,29983830.0,3.28875246656435,-2.2293676312968898
4779,2022-04-27,NSE:CANBK,46.679998,47.029998,45.629998,46.34,27325960.0,-1.6344725111441223,3.28875246656435
4780,2022-04-28,NSE:CANBK,46.76,46.94,45.85,46.64,28804625.0,0.6473888649115174,-1.6344725111441223
4781,2022-04-29,NSE:CANBK,46.879998,47.429998,45.71,45.929998,28451545.0,-1.5223027444253923,0.6473888649115174
4782,2022-05-02,NSE:CANBK,45.479998,46.070002,45.220002,45.95,23444510.0,0.043548880624826466,-1.5223027444253923
4783,2022-05-04,NSE:CANBK,46.3,47.170002,44.25,44.579998,47546350.0,-2.981505984766049,0.043548880624826466
4784,2022-05-05,NSE:CANBK,45.179998,46.29,44.720002,44.95,42695600.0,0.8299731193348181,-2.981505984766049
4785,2022-05-06,NSE:CANBK,44.0,44.95,42.520002,43.870002,96162405.0,-2.402665183537271,0.8299731193348181
4786,2022-05-09,NSE:CANBK,43.770002,43.770002,39.95,40.270002,154321205.0,-8.206062994936726,-2.402665183537271
4787,2022-05-10,NSE:CANBK,40.220002,41.16,39.75,39.94,56114470.0,-0.8194735128148253,-8.206062994936726
4788,2022-05-11,NSE:CANBK,40.3,40.729998,38.74,40.44,76693890.0,1.2518778167250877,-0.8194735128148253
4789,2022-05-12,NSE:CANBK,39.970002,40.0,38.21,38.55,68522060.0,-4.67359050445104,1.2518778167250877
4790,2022-05-13,NSE:CANBK,39.4,40.49,38.420002,38.66,66355955.0,0.28534370946822163,-4.67359050445104
4791,2022-05-16,NSE:CANBK,39.0,39.879998,38.5,39.55,47003330.0,2.302121055354373,0.28534370946822163
4792,2022-05-17,NSE:CANBK,39.89,40.64,39.11,40.55,52977180.0,2.5284450063211126,2.302121055354373
4793,2022-05-18,NSE:CANBK,40.61,41.120002,39.26,39.41,56701920.0,-2.8113440197287316,2.5284450063211126
4794,2022-05-19,NSE:CANBK,38.6,38.8,37.120002,37.39,71319410.0,-5.125602638924121,-2.8113440197287316
4795,2022-05-20,NSE:CANBK,38.179998,38.970002,38.05,38.879998,40163230.0,3.9850173843273597,-5.125602638924121
4796,2022-05-23,NSE:CANBK,39.2,39.5,38.020002,38.129998,57471725.0,-1.9290124449080477,3.9850173843273597
4797,2022-05-24,NSE:CANBK,38.329998,38.94,37.84,37.95,48054620.0,-0.4720640163684185,-1.9290124449080477
4798,2022-05-25,NSE:CANBK,38.329998,39.079998,37.11,37.25,53491025.0,-1.8445322793148953,-0.4720640163684185
4799,2022-05-26,NSE:CANBK,37.6,39.5,36.74,39.16,63617345.0,5.127516778523481,-1.8445322793148953
4800,2022-05-27,NSE:CANBK,39.720002,40.41,39.220002,39.61,49651390.0,1.1491317671093026,5.127516778523481
4801,2022-05-30,NSE:CANBK,40.179998,41.94,40.1,41.8,65157615.0,5.528906841706634,1.1491317671093026
4802,2022-05-31,NSE:CANBK,41.4,42.079998,40.770002,41.0,46481305.0,-1.9138755980861177,5.528906841706634
4803,2022-06-01,NSE:CANBK,41.0,42.05,40.970002,41.75,43283350.0,1.8292682926829267,-1.9138755980861177
4804,2022-06-02,NSE:CANBK,41.870002,42.89,41.71,42.71,59593000.0,2.2994011976047926,1.8292682926829267
4805,2022-06-03,NSE:CANBK,43.09,43.2,42.1,42.220002,41174630.0,-1.1472676188246311,2.2994011976047926
4806,2022-06-06,NSE:CANBK,42.1,42.36,41.2,42.09,39746325.0,-0.3079156651863671,-1.1472676188246311
4807,2022-06-07,NSE:CANBK,41.89,42.65,41.470002,41.81,41089375.0,-0.6652411499168476,-0.3079156651863671
4808,2022-06-08,NSE:CANBK,42.0,42.74,41.55,42.179998,41291500.0,0.8849509686677717,-0.6652411499168476
4809,2022-06-09,NSE:CANBK,41.99,42.220002,40.85,41.5,47601955.0,-1.612133789100696,0.8849509686677717
4810,2022-06-10,NSE:CANBK,41.1,41.779998,40.829998,41.59,26209960.0,0.21686746987952626,-1.612133789100696
4811,2022-06-13,NSE:CANBK,40.5,40.7,39.05,39.46,38725540.0,-5.121423419091133,0.21686746987952626
4812,2022-06-14,NSE:CANBK,39.6,40.25,39.129998,39.429998,34361100.0,-0.07603142422707347,-5.121423419091133
4813,2022-06-15,NSE:CANBK,38.529998,38.64,37.6,37.66,43880130.0,-4.488962946434847,-0.07603142422707347
4814,2022-06-16,NSE:CANBK,38.11,38.479998,36.01,36.21,47802120.0,-3.8502389803504933,-4.488962946434847
4815,2022-06-17,NSE:CANBK,36.15,36.8,35.7,36.170002,40185605.0,-0.1104611985639442,-3.8502389803504933
4816,2022-06-20,NSE:CANBK,36.479998,36.670002,34.35,34.91,47943355.0,-3.48355524005777,-0.1104611985639442
4817,2022-06-21,NSE:CANBK,35.2,36.670002,35.14,36.49,37246840.0,4.525923804067618,-3.48355524005777
4818,2022-06-22,NSE:CANBK,36.279998,36.65,35.86,36.170002,31695735.0,-0.8769471087969452,4.525923804067618
4819,2022-06-23,NSE:CANBK,36.179998,36.94,35.770002,36.370002,35953395.0,0.5529443985101323,-0.8769471087969452
4820,2022-06-24,NSE:CANBK,36.8,37.329998,36.679998,37.179998,33271320.0,2.2270991351608895,0.5529443985101323
4821,2022-06-27,NSE:CANBK,37.79,38.04,37.420002,37.54,24537415.0,0.9682679380456166,2.2270991351608895
4822,2022-06-28,NSE:CANBK,37.39,37.8,37.279998,37.56,20202530.0,0.05327650506127631,0.9682679380456166
4823,2022-06-29,NSE:CANBK,37.35,37.420002,36.81,37.25,23957985.0,-0.8253461128860549,0.05327650506127631
4824,2022-06-30,NSE:CANBK,37.279998,37.59,36.04,36.25,26590390.0,-2.684563758389262,-0.8253461128860549
4825,2022-07-01,NSE:CANBK,36.329998,37.14,35.69,36.970002,28842895.0,1.986212413793106,-2.684563758389262
4826,2022-07-04,NSE:CANBK,37.19,37.920002,37.04,37.670002,27463575.0,1.8934270006260638,1.986212413793106
4827,2022-07-05,NSE:CANBK,37.95,38.429998,37.7,37.820002,35090105.0,0.39819482887207097,1.8934270006260638
4828,2022-07-06,NSE:CANBK,37.970002,38.74,37.76,38.55,25836415.0,1.9301902733902414,0.39819482887207097
4829,2022-07-07,NSE:CANBK,39.020002,41.9,38.870002,41.71,112584385.0,8.197146562905328,1.9301902733902414
4830,2022-07-08,NSE:CANBK,41.8,42.429998,41.29,42.220002,50635800.0,1.2227331575161833,8.197146562905328
4831,2022-07-11,NSE:CANBK,41.81,43.51,41.81,43.39,72005145.0,2.7711936157653416,1.2227331575161833
4832,2022-07-12,NSE:CANBK,43.1,44.270002,42.91,43.379998,55604310.0,-0.023051394330491047,2.7711936157653416
4833,2022-07-13,NSE:CANBK,43.879998,44.19,43.31,43.64,43189160.0,0.599359179315776,-0.023051394330491047
4834,2022-07-14,NSE:CANBK,43.520002,43.54,41.270002,41.91,66069090.0,-3.9642529789184326,0.599359179315776
4835,2022-07-15,NSE:CANBK,42.0,42.4,40.720002,41.220002,48892765.0,-1.6463803388212734,-3.9642529789184326
4836,2022-07-18,NSE:CANBK,41.879998,42.99,41.320002,42.9,49556565.0,4.075686362169506,-1.6463803388212734
4837,2022-07-19,NSE:CANBK,42.84,44.75,42.470002,44.629998,77759550.0,4.032629370629375,4.075686362169506
4838,2022-07-20,NSE:CANBK,45.05,45.120002,43.75,43.95,49931445.0,-1.5236343949645654,4.032629370629375
4839,2022-07-21,NSE:CANBK,43.94,45.74,43.820002,45.25,64524545.0,2.9579067121729175,-1.5236343949645654
4840,2022-07-22,NSE:CANBK,45.720002,46.379998,45.329998,45.81,69973065.0,1.2375690607734857,2.9579067121729175
4841,2022-07-25,NSE:CANBK,45.85,46.9,44.129998,44.96,138779555.0,-1.855490067670817,1.2375690607734857
4842,2022-07-26,NSE:CANBK,45.179998,45.279998,44.05,44.320002,50739525.0,-1.423483096085406,-1.855490067670817
4843,2022-07-27,NSE:CANBK,44.220002,45.59,44.15,45.41,42682535.0,2.4593816579701286,-1.423483096085406
4844,2022-07-28,NSE:CANBK,45.8,46.0,44.870002,45.24,40711750.0,-0.37436687954193926,2.4593816579701286
4845,2022-07-29,NSE:CANBK,45.64,45.779998,44.320002,44.46,40322070.0,-1.724137931034485,-0.37436687954193926
4846,2022-08-01,NSE:CANBK,44.71,45.3,44.21,45.020002,30405695.0,1.2595636527215412,-1.724137931034485
4847,2022-08-02,NSE:CANBK,44.95,47.229998,44.65,46.64,95803855.0,3.5983961084675262,1.2595636527215412
4848,2022-08-03,NSE:CANBK,46.64,46.9,46.0,46.39,38881895.0,-0.5360205831903945,3.5983961084675262
4849,2022-08-04,NSE:CANBK,46.520002,46.84,44.04,44.920002,62866305.0,-3.1687820651002454,-0.5360205831903945
4850,2022-08-05,NSE:CANBK,45.0,45.720002,44.09,44.25,57954925.0,-1.4915449024245295,-3.1687820651002454
4851,2022-08-08,NSE:CANBK,44.25,45.45,43.84,45.01,42501730.0,1.7175141242937806,-1.4915449024245295
4852,2022-08-10,NSE:CANBK,45.0,45.46,44.620002,45.1,27668320.0,0.19995556542991205,1.7175141242937806
4853,2022-08-11,NSE:CANBK,45.59,46.96,45.45,46.179998,61765740.0,2.394674057649659,0.19995556542991205
4854,2022-08-12,NSE:CANBK,46.4,46.870002,46.0,46.21,37512705.0,0.06496752121990823,2.394674057649659
4855,2022-08-16,NSE:CANBK,46.520002,46.820002,46.11,46.429998,39317305.0,0.4760830988963359,0.06496752121990823
4856,2022-08-17,NSE:CANBK,46.69,48.029998,46.429998,47.84,75880015.0,3.0368340743844224,0.4760830988963359
4857,2022-08-18,NSE:CANBK,47.9,48.4,47.520002,47.99,57338785.0,0.31354515050166926,3.0368340743844224
4858,2022-08-19,NSE:CANBK,48.0,48.16,45.970002,46.129998,60525460.0,-3.8758116274223826,0.31354515050166926
4859,2022-08-22,NSE:CANBK,45.84,45.879998,44.229998,44.41,41631205.0,-3.728588932520664,-3.8758116274223826
4860,2022-08-23,NSE:CANBK,44.020002,46.0,43.79,45.820002,47758120.0,3.174965097950925,-3.728588932520664
4861,2022-08-24,NSE:CANBK,45.729998,46.5,45.46,46.420002,39480270.0,1.3094717891980763,3.174965097950925
4862,2022-08-25,NSE:CANBK,46.66,48.4,46.6,47.75,89120005.0,2.865139902406733,1.3094717891980763
4863,2022-08-26,NSE:CANBK,48.21,48.91,47.75,47.9,61874855.0,0.31413612565444726,2.865139902406733
4864,2022-08-29,NSE:CANBK,46.4,47.129998,45.9,47.0,36877250.0,-1.8789144050104356,0.31413612565444726
4865,2022-08-30,NSE:CANBK,47.44,48.5,47.379998,48.220002,52440695.0,2.5957489361702146,-1.8789144050104356
4866,2022-09-01,NSE:CANBK,47.6,49.3,47.49,48.9,51092010.0,1.4101990290253361,2.5957489361702146
4867,2022-09-02,NSE:CANBK,49.15,49.26,48.21,48.76,40954795.0,-0.2862985685071586,1.4101990290253361
4868,2022-09-05,NSE:CANBK,48.76,49.5,48.75,49.06,28638355.0,0.615258408531592,-0.2862985685071586
4869,2022-09-06,NSE:CANBK,49.39,49.5,48.4,48.86,27442605.0,-0.40766408479413535,0.615258408531592
4870,2022-09-07,NSE:CANBK,48.5,48.870002,48.05,48.24,26177455.0,-1.268931641424473,-0.40766408479413535
4871,2022-09-08,NSE:CANBK,48.879998,49.4,48.520002,49.0,44647800.0,1.5754560530679893,-1.268931641424473
4872,2022-09-09,NSE:CANBK,49.35,49.94,48.61,48.71,56989085.0,-0.5918367346938758,1.5754560530679893
4873,2022-09-12,NSE:CANBK,48.96,49.84,48.69,49.420002,30898475.0,1.457610346951336,-0.5918367346938758
4874,2022-09-13,NSE:CANBK,49.6,49.820002,49.220002,49.379998,26128175.0,-0.08094698175041788,1.457610346951336
4875,2022-09-14,NSE:CANBK,48.6,51.509998,48.44,51.06,77069055.0,3.4021913083107083,-0.08094698175041788
4876,2022-09-15,NSE:CANBK,51.340002,51.529998,50.15,50.49,41610740.0,-1.1163337250293777,3.4021913083107083
4877,2022-09-16,NSE:CANBK,50.11,50.9,48.2,48.870002,49418235.0,-3.208552188552193,-1.1163337250293777
4878,2022-09-19,NSE:CANBK,48.84,50.65,48.620002,49.39,58216875.0,1.0640433368511035,-3.208552188552193
4879,2022-09-20,NSE:CANBK,49.8,50.279998,49.420002,49.74,32745710.0,0.708645474792471,1.0640433368511035
4880,2022-09-21,NSE:CANBK,49.620002,50.2,48.91,49.49,38195950.0,-0.5026135906714918,0.708645474792471
4881,2022-09-22,NSE:CANBK,49.2,49.86,48.079998,48.59,38935875.0,-1.8185492018589586,-0.5026135906714918
4882,2022-09-23,NSE:CANBK,48.3,48.720002,45.64,45.820002,58631625.0,-5.700757357480965,-1.8185492018589586
4883,2022-09-26,NSE:CANBK,45.5,45.5,43.24,43.429998,50837145.0,-5.216071356784324,-5.700757357480965
4884,2022-09-27,NSE:CANBK,43.94,44.4,42.629998,42.85,43454140.0,-1.3354778418364104,-5.216071356784324
4885,2022-09-28,NSE:CANBK,42.3,42.79,41.5,42.0,49641340.0,-1.9836639439906683,-1.3354778418364104
4886,2022-09-29,NSE:CANBK,42.8,43.870002,42.520002,43.079998,79592200.0,2.5714238095238175,-1.9836639439906683
4887,2022-09-30,NSE:CANBK,43.2,46.029998,42.879998,45.75,103522925.0,6.197776518002616,2.5714238095238175
4888,2022-10-03,NSE:CANBK,45.579998,46.26,44.079998,44.470002,48671660.0,-2.797809836065572,6.197776518002616
4889,2022-10-04,NSE:CANBK,45.5,46.2,44.970002,45.44,54791090.0,2.181241188160947,-2.797809836065572
4890,2022-10-06,NSE:CANBK,45.8,46.31,45.26,45.41,29973490.0,-0.06602112676056589,2.181241188160947
4891,2022-10-07,NSE:CANBK,45.570002,45.94,44.54,45.81,46539300.0,0.880863245981074,-0.06602112676056589
4892,2022-10-10,NSE:CANBK,45.19,45.970002,44.64,45.529998,26800945.0,-0.6112246234446697,0.880863245981074
4893,2022-10-11,NSE:CANBK,45.729998,45.74,44.379998,44.54,29612710.0,-2.174386214556829,-0.6112246234446697
4894,2022-10-12,NSE:CANBK,44.770002,45.36,44.45,45.2,30062920.0,1.4818140996856841,-2.174386214556829
4895,2022-10-13,NSE:CANBK,44.979998,45.3,44.2,44.7,25711445.0,-1.1061946902654867,1.4818140996856841
4896,2022-10-14,NSE:CANBK,45.779998,46.2,45.16,45.35,34716035.0,1.454138702460847,-1.1061946902654867
4897,2022-10-17,NSE:CANBK,45.1,47.670002,44.6,47.479998,86520200.0,4.696798235942669,1.454138702460847
4898,2022-10-18,NSE:CANBK,48.0,50.220002,47.9,50.05,102556705.0,5.412809832047582,4.696798235942669
4899,2022-10-19,NSE:CANBK,50.2,50.54,49.270002,49.8,59255885.0,-0.4995004995004995,5.412809832047582
4900,2022-10-20,NSE:CANBK,49.59,52.059998,47.720002,51.779998,235480435.0,3.9758995983935783,-0.4995004995004995
4901,2022-10-21,NSE:CANBK,52.0,54.179998,51.890002,53.709998,180001415.0,3.727307984832289,3.9758995983935783
4902,2022-10-24,NSE:CANBK,54.279998,54.590002,53.8,54.1,21534540.0,0.726125515774554,3.727307984832289
4903,2022-10-25,NSE:CANBK,54.3,57.6,53.359998,56.840002,179379565.0,5.06469870609981,0.726125515774554
4904,2022-10-27,NSE:CANBK,57.090002,58.4,56.829998,57.920002,119912870.0,1.9000703061199724,5.06469870609981
4905,2022-10-28,NSE:CANBK,57.920002,58.759998,57.179998,57.570002,100288330.0,-0.6042817470897089,1.9000703061199724
4906,2022-10-31,NSE:CANBK,57.990002,58.359998,57.040002,58.079998,58033925.0,0.8858710826516925,-0.6042817470897089
4907,2022-11-01,NSE:CANBK,58.379998,59.459998,57.740002,58.4,68535540.0,0.5509676498267014,0.8858710826516925
4908,2022-11-02,NSE:CANBK,58.2,58.890002,57.940002,58.279998,42057470.0,-0.20548287671232793,0.5509676498267014
4909,2022-11-03,NSE:CANBK,57.7,59.659998,57.629998,59.009998,62626855.0,1.2525738247280036,-0.20548287671232793
4910,2022-11-04,NSE:CANBK,59.190002,60.1,59.040002,59.420002,56124935.0,0.6948042940113192,1.2525738247280036
4911,2022-11-07,NSE:CANBK,60.209998,62.379998,60.209998,61.890002,117634740.0,4.1568494056934,0.6948042940113192
4912,2022-11-09,NSE:CANBK,62.3,63.1,61.6,62.820002,81620855.0,1.502665971799451,4.1568494056934
4913,2022-11-10,NSE:CANBK,62.370002,62.979998,60.629998,61.390002,58722660.0,-2.2763450405493457,1.502665971799451
4914,2022-11-11,NSE:CANBK,62.8,62.8,60.729998,60.890002,55353710.0,-0.8144648700288363,-2.2763450405493457
4915,2022-11-14,NSE:CANBK,60.4,61.25,60.15,60.840002,45614395.0,-0.08211528716981198,-0.8144648700288363
4916,2022-11-15,NSE:CANBK,60.840002,62.009998,60.65,61.859998,35388595.0,1.6765219698710712,-0.08211528716981198
4917,2022-11-16,NSE:CANBK,61.770002,62.190002,60.820002,61.409998,41127470.0,-0.7274491020837015,1.6765219698710712
4918,2022-11-17,NSE:CANBK,61.2,61.929998,60.8,61.45,25824405.0,0.0651392302601951,-0.7274491020837015
4919,2022-11-18,NSE:CANBK,61.679998,62.520002,61.129998,61.890002,42259940.0,0.7160325467860046,0.0651392302601951
4920,2022-11-21,NSE:CANBK,61.809998,62.990002,61.240002,62.790002,55263285.0,1.4541928759349507,0.7160325467860046
4921,2022-11-22,NSE:CANBK,62.970002,64.0,62.490002,63.740002,58920515.0,1.5129797256575908,1.4541928759349507
4922,2022-11-23,NSE:CANBK,64.1,65.290002,63.8,64.990002,64215050.0,1.961091874455867,1.5129797256575908
4923,2022-11-24,NSE:CANBK,65.079998,65.95,65.020002,65.709998,38394985.0,1.1078565592289022,1.961091874455867
4924,2022-11-25,NSE:CANBK,65.459998,66.790002,64.920002,65.370002,55461500.0,-0.5174189778547844,1.1078565592289022
4925,2022-11-28,NSE:CANBK,65.720002,65.720002,64.45,64.829998,34233385.0,-0.8260730969535479,-0.5174189778547844
4926,2022-11-29,NSE:CANBK,64.95,65.309998,64.2,64.35,35102955.0,-0.7403949017552168,-0.8260730969535479
4927,2022-11-30,NSE:CANBK,64.740002,64.740002,62.540002,62.940002,112465320.0,-2.191139083139075,-0.7403949017552168
4928,2022-12-01,NSE:CANBK,63.4,64.579998,63.040002,64.179998,46415965.0,1.9701238649468071,-2.191139083139075
4929,2022-12-02,NSE:CANBK,64.109998,64.8,63.579998,63.829998,26750455.0,-0.5453412447909306,1.9701238649468071
4930,2022-12-05,NSE:CANBK,64.0,64.659998,63.109998,64.5,44409360.0,1.0496663340017598,-0.5453412447909306
4931,2022-12-06,NSE:CANBK,64.129998,65.340002,63.420002,63.729998,68401680.0,-1.1938015503875938,1.0496663340017598
4932,2022-12-07,NSE:CANBK,63.809998,64.309998,62.529998,62.779998,53558045.0,-1.4906637844237856,-1.1938015503875938
4933,2022-12-08,NSE:CANBK,63.1,65.190002,62.829998,64.879998,76294260.0,3.345014442338787,-1.4906637844237856
4934,2022-12-09,NSE:CANBK,65.2,66.1,62.629998,63.509998,95079860.0,-2.1115906939454554,3.345014442338787
4935,2022-12-12,NSE:CANBK,63.7,64.290002,63.0,64.1,33882015.0,0.9289907393793198,-2.1115906939454554
4936,2022-12-13,NSE:CANBK,64.2,65.6,64.2,65.3,40287220.0,1.8720748829953244,0.9289907393793198
4937,2022-12-14,NSE:CANBK,65.579998,66.2,64.940002,65.559998,53238855.0,0.39815926493108106,1.8720748829953244
4938,2022-12-15,NSE:CANBK,65.4,66.0,63.779998,64.1,43057550.0,-2.226964680505327,0.39815926493108106
4939,2022-12-16,NSE:CANBK,64.0,64.420002,61.929998,62.2,51761875.0,-2.9641185647425767,-2.226964680505327
4940,2022-12-19,NSE:CANBK,62.290002,63.890002,62.029998,63.590002,35935395.0,2.2347299035369703,-2.9641185647425767
4941,2022-12-20,NSE:CANBK,63.4,64.8,62.509998,64.429998,39456395.0,1.3209560836308816,2.2347299035369703
4942,2022-12-21,NSE:CANBK,64.75,65.879998,62.290002,62.920002,64792305.0,-2.3436226088350973,1.3209560836308816
4943,2022-12-22,NSE:CANBK,63.520002,63.679998,61.65,62.370002,50547250.0,-0.8741258463405599,-2.3436226088350973
4944,2022-12-23,NSE:CANBK,61.259998,62.009998,58.009998,58.309998,76551365.0,-6.509546047473269,-0.8741258463405599
4945,2022-12-26,NSE:CANBK,58.309998,61.55,57.579998,60.920002,59785635.0,4.476083158157537,-6.509546047473269
4946,2022-12-27,NSE:CANBK,61.729998,61.729998,60.2,61.409998,37573365.0,0.8043269598054265,4.476083158157537
4947,2022-12-28,NSE:CANBK,61.659998,63.9,61.079998,63.220002,76209100.0,2.9474093127311276,0.8043269598054265
4948,2022-12-29,NSE:CANBK,62.879998,65.2,62.109998,64.229998,58037585.0,1.5975893199117488,2.9474093127311276
4949,2022-12-30,NSE:CANBK,64.690002,67.340002,64.270002,66.659998,91821295.0,3.7832789594668945,1.5975893199117488
4950,2023-01-02,NSE:CANBK,67.170002,68.079998,66.5,67.229998,68163660.0,0.8550855342059763,3.7832789594668945
4951,2023-01-03,NSE:CANBK,67.4,68.340002,66.929998,67.359998,56669795.0,0.1933660625722608,0.8550855342059763
4952,2023-01-04,NSE:CANBK,67.379998,67.7,65.009998,65.379998,63676240.0,-2.9394300160163365,0.1933660625722608
4953,2023-01-05,NSE:CANBK,65.729998,66.059998,64.229998,65.5,45723890.0,0.1835454323507313,-2.9394300160163365
4954,2023-01-06,NSE:CANBK,65.7,65.729998,63.5,64.090002,44465020.0,-2.152668702290079,0.1835454323507313
4955,2023-01-09,NSE:CANBK,64.8,65.7,64.129998,65.329998,34632685.0,1.9347729151264579,-2.152668702290079
4956,2023-01-10,NSE:CANBK,65.370002,65.370002,62.8,63.459998,47865145.0,-2.8623910259418723,1.9347729151264579
4957,2023-01-11,NSE:CANBK,63.740002,63.959998,62.45,63.6,39150920.0,0.22061456730585247,-2.8623910259418723
4958,2023-01-12,NSE:CANBK,63.8,63.959998,62.820002,63.429998,26748045.0,-0.2672987421383707,0.22061456730585247
4959,2023-01-13,NSE:CANBK,63.6,65.040002,63.320002,64.920002,53541255.0,2.34905257288515,-0.2672987421383707
4960,2023-01-16,NSE:CANBK,64.979998,65.6,64.459998,64.609998,47321030.0,-0.47751692922004557,2.34905257288515
4961,2023-01-17,NSE:CANBK,64.779998,65.170002,62.409998,63.920002,43562670.0,-1.067939980434619,-0.47751692922004557
4962,2023-01-18,NSE:CANBK,63.979998,64.4,63.159998,63.479998,27292015.0,-0.6883666868470917,-1.067939980434619
4963,2023-01-19,NSE:CANBK,63.340002,64.270002,62.879998,64.029998,22833170.0,0.8664146460748222,-0.6883666868470917
4964,2023-01-20,NSE:CANBK,64.159998,65.270002,63.609998,63.790002,33990715.0,-0.37481806574475446,0.8664146460748222
4965,2023-01-23,NSE:CANBK,64.320002,65.309998,63.9,64.609998,65416825.0,1.2854616308054094,-0.37481806574475446
4966,2023-01-24,NSE:CANBK,64.870002,65.6,63.609998,64.029998,42215215.0,-0.8976938832284103,1.2854616308054094
4967,2023-01-25,NSE:CANBK,64.179998,64.179998,60.440002,61.209998,69401075.0,-4.404185675595378,-0.8976938832284103
4968,2023-01-27,NSE:CANBK,61.559998,61.559998,57.220002,58.2,77590380.0,-4.917494034226232,-4.404185675595378
4969,2023-01-30,NSE:CANBK,58.2,60.209998,56.740002,58.429998,72139590.0,0.39518556701030033,-4.917494034226232
4970,2023-01-31,NSE:CANBK,58.8,61.070002,58.529998,60.790002,63613740.0,4.0390280348803085,0.39518556701030033
4971,2023-02-01,NSE:CANBK,61.4,61.8,54.729998,56.890002,92868925.0,-6.415528658808069,4.0390280348803085
4972,2023-02-02,NSE:CANBK,56.4,58.1,55.529998,57.020002,67545240.0,0.22851115385792298,-6.415528658808069
4973,2023-02-03,NSE:CANBK,57.6,59.459998,55.75,59.3,82031535.0,3.998593335721032,0.22851115385792298
4974,2023-02-06,NSE:CANBK,59.370002,59.870002,58.7,58.929998,39368680.0,-0.6239494097807748,3.998593335721032
4975,2023-02-07,NSE:CANBK,59.090002,60.1,58.679998,58.95,32861175.0,0.03394196619522231,-0.6239494097807748
4976,2023-02-08,NSE:CANBK,59.090002,59.559998,58.4,59.129998,29581065.0,0.3053401187446949,0.03394196619522231
4977,2023-02-09,NSE:CANBK,59.1,59.359998,57.629998,58.6,31199465.0,-0.8963267680137568,0.3053401187446949
4978,2023-02-10,NSE:CANBK,58.170002,59.9,58.170002,58.779998,37760200.0,0.30716382252559327,-0.8963267680137568
4979,2023-02-13,NSE:CANBK,58.779998,59.159998,56.770002,56.940002,35326170.0,-3.1303097356348992,0.30716382252559327
4980,2023-02-14,NSE:CANBK,57.259998,58.479998,56.9,58.129998,53405300.0,2.0899121148608333,-3.1303097356348992
4981,2023-02-15,NSE:CANBK,57.970002,59.4,57.709998,59.179998,26914405.0,1.8062962947289232,2.0899121148608333
4982,2023-02-16,NSE:CANBK,59.559998,59.729998,58.809998,58.990002,24065285.0,-0.32104766208339636,1.8062962947289232
4983,2023-02-17,NSE:CANBK,58.8,59.059998,58.009998,58.729998,32866660.0,-0.4407594358108261,-0.32104766208339636
4984,2023-02-20,NSE:CANBK,58.8,59.25,57.620002,57.8,24695615.0,-1.5835144418019642,-0.4407594358108261
4985,2023-02-21,NSE:CANBK,57.979998,57.979998,55.690002,55.790002,66986370.0,-3.477505190311412,-1.5835144418019642
4986,2023-02-22,NSE:CANBK,55.6,55.6,54.1,54.829998,46162270.0,-1.7207455916563648,-3.477505190311412
4987,2023-02-23,NSE:CANBK,55.070002,55.320002,54.1,54.759998,35371055.0,-0.12766734005717142,-1.7207455916563648
4988,2023-02-24,NSE:CANBK,55.05,55.379998,53.759998,54.220002,41317050.0,-0.9861139878054818,-0.12766734005717142
4989,2023-02-27,NSE:CANBK,54.179998,55.440002,53.890002,55.220002,36986335.0,1.8443378146684686,-0.9861139878054818
4990,2023-02-28,NSE:CANBK,55.459998,56.079998,54.8,55.909998,30807060.0,1.249539976474468,1.8443378146684686
4991,2023-03-01,NSE:CANBK,55.979998,57.9,55.740002,57.759998,37434805.0,3.3088894047179207,1.249539976474468
4992,2023-03-02,NSE:CANBK,57.579998,58.579998,57.259998,58.079998,35633330.0,0.5540166396820171,3.3088894047179207
4993,2023-03-03,NSE:CANBK,58.790002,61.2,58.7,61.040002,68210465.0,5.096425795331463,0.5540166396820171
4994,2023-03-06,NSE:CANBK,61.35,61.790002,60.9,61.129998,31410850.0,0.14743774090964037,5.096425795331463
4995,2023-03-08,NSE:CANBK,60.4,62.379998,60.4,62.3,40222395.0,1.9139572031394416,0.14743774090964037
4996,2023-03-09,NSE:CANBK,62.340002,62.740002,61.820002,62.070002,34253085.0,-0.369178170144454,1.9139572031394416
4997,2023-03-10,NSE:CANBK,61.3,61.4,59.079998,59.640002,49179760.0,-3.9149346249416905,-0.369178170144454
4998,2023-03-13,NSE:CANBK,59.3,60.690002,57.5,57.709998,55801815.0,-3.236089764047968,-3.9149346249416905
4999,2023-03-14,NSE:CANBK,57.759998,57.940002,56.270002,57.259998,51441790.0,-0.7797609003555948,-3.236089764047968
5000,2023-03-15,NSE:CANBK,58.020002,58.229998,55.8,56.229998,33038945.0,-1.7988124973388948,-0.7797609003555948
5001,2023-03-16,NSE:CANBK,56.0,57.120002,55.140002,56.329998,49203635.0,0.1778410164624253,-1.7988124973388948
5002,2023-03-17,NSE:CANBK,57.0,57.2,55.3,56.35,41464915.0,0.03550861123765365,0.1778410164624253
5003,2023-03-20,NSE:CANBK,56.0,56.070002,54.759998,55.6,41987440.0,-1.3309671694764862,0.03550861123765365
5004,2023-03-21,NSE:CANBK,55.940002,57.090002,55.420002,56.8,36650525.0,2.158273381294956,-1.3309671694764862
5005,2023-03-22,NSE:CANBK,56.970002,57.690002,56.770002,56.970002,30192160.0,0.29929929577465453,2.158273381294956
5006,2023-03-23,NSE:CANBK,56.85,57.4,55.870002,56.120002,29414325.0,-1.4920132879756638,0.29929929577465453
5007,2023-03-24,NSE:CANBK,55.929998,56.290002,54.470002,54.759998,32212690.0,-2.4233855159164044,-1.4920132879756638
5008,2023-03-27,NSE:CANBK,54.990002,55.840002,54.5,55.440002,31774230.0,1.241789672819193,-2.4233855159164044
5009,2023-03-28,NSE:CANBK,55.479998,56.379998,54.55,55.029998,26306060.0,-0.7395454278663278,1.241789672819193
5010,2023-03-29,NSE:CANBK,55.179998,56.520002,54.820002,56.209998,78420555.0,2.144285013421225,-0.7395454278663278
5011,2023-03-31,NSE:CANBK,56.770002,57.170002,56.420002,56.890002,34693365.0,1.209756314170308,2.144285013421225
5012,2023-04-03,NSE:CANBK,57.340002,57.590002,56.859998,57.440002,19288720.0,0.9667779586297028,1.209756314170308
5013,2023-04-05,NSE:CANBK,57.629998,57.629998,56.240002,56.85,23085250.0,-1.0271622205027053,0.9667779586297028
5014,2023-04-06,NSE:CANBK,56.840002,57.7,56.420002,56.909998,28327120.0,0.10553737906772245,-1.0271622205027053
5015,2023-04-10,NSE:CANBK,57.170002,57.340002,56.479998,56.659998,18842705.0,-0.43929012262485057,0.10553737906772245
5016,2023-04-11,NSE:CANBK,57.4,58.440002,57.4,57.579998,36033040.0,1.6237204950130808,-0.43929012262485057
5017,2023-04-12,NSE:CANBK,57.579998,57.7,56.7,57.220002,23537185.0,-0.62521016412679,1.6237204950130808
5018,2023-04-13,NSE:CANBK,57.079998,58.379998,56.970002,58.25,28440130.0,1.8000663474286476,-0.62521016412679
5019,2023-04-17,NSE:CANBK,58.2,59.6,57.659998,59.490002,45394945.0,2.1287587982832568,1.8000663474286476
5020,2023-04-18,NSE:CANBK,59.770002,60.079998,59.0,59.840002,33036140.0,0.5883341540314647,2.1287587982832568
5021,2023-04-19,NSE:CANBK,59.8,60.229998,58.679998,59.009998,22552285.0,-1.387038723695222,0.5883341540314647
5022,2023-04-20,NSE:CANBK,59.140002,59.579998,59.009998,59.329998,19038260.0,0.5422809877065243,-1.387038723695222
5023,2023-04-21,NSE:CANBK,59.320002,59.4,58.3,59.059998,21572190.0,-0.45508176150621665,0.5422809877065243
5024,2023-04-24,NSE:CANBK,59.379998,60.75,59.229998,60.590002,38398570.0,2.590592705404423,-0.45508176150621665
5025,2023-04-25,NSE:CANBK,60.779998,62.190002,60.75,61.540002,45251025.0,1.567915445851946,2.590592705404423
5026,2023-04-26,NSE:CANBK,61.409998,62.040002,61.040002,61.929998,21205370.0,0.6337276362129407,1.567915445851946
5027,2023-04-27,NSE:CANBK,61.3,62.1,61.3,61.8,19426085.0,-0.20991119683226941,0.6337276362129407
5028,2023-04-28,NSE:CANBK,61.9,63.620002,61.9,63.490002,34971485.0,2.7346310679611645,-0.20991119683226941
5029,2023-05-02,NSE:CANBK,63.740002,64.309998,63.5,64.0,29659120.0,0.8032729310671671,2.7346310679611645
5030,2023-05-03,NSE:CANBK,63.3,64.079998,63.2,63.9,17864585.0,-0.15625000000000222,0.8032729310671671
5031,2023-05-04,NSE:CANBK,64.1,64.890002,63.4,64.770002,29678925.0,1.3615054773083046,-0.15625000000000222
5032,2023-05-05,NSE:CANBK,64.390002,65.370002,63.35,63.709998,33018590.0,-1.6365662610293055,1.3615054773083046
5033,2023-05-08,NSE:CANBK,63.640002,64.140002,60.470002,62.640002,139314980.0,-1.6794789414370979,-1.6365662610293055
5034,2023-05-09,NSE:CANBK,63.3,63.340002,60.270002,60.570002,118015345.0,-3.3045975956386466,-1.6794789414370979
5035,2023-05-10,NSE:CANBK,59.959998,60.540002,58.6,60.159998,72950675.0,-0.6769093387185305,-3.3045975956386466
5036,2023-05-11,NSE:CANBK,60.4,61.120002,60.0,60.220002,36430215.0,0.09974069480520809,-0.6769093387185305
5037,2023-05-12,NSE:CANBK,60.2,60.459998,59.2,59.4,34759285.0,-1.3616771384364987,0.09974069480520809
5038,2023-05-15,NSE:CANBK,59.759998,60.890002,59.120002,60.679998,35834890.0,2.1548787878787867,-1.3616771384364987
5039,2023-05-16,NSE:CANBK,61.0,62.190002,60.870002,61.029998,54438130.0,0.5767963275147132,2.1548787878787867
5040,2023-05-17,NSE:CANBK,61.179998,61.6,59.909998,60.540002,40548900.0,-0.8028772997829656,0.5767963275147132
5041,2023-05-18,NSE:CANBK,61.0,61.1,58.8,59.029998,40895745.0,-2.4942252231838413,-0.8028772997829656
5042,2023-05-19,NSE:CANBK,59.4,59.779998,58.270002,59.559998,31717830.0,0.8978485820040196,-2.4942252231838413
5043,2023-05-22,NSE:CANBK,59.759998,60.329998,59.370002,60.190002,17184210.0,1.057763635250625,0.8978485820040196
5044,2023-05-23,NSE:CANBK,60.390002,60.9,60.229998,60.409998,15665520.0,0.3655025630336445,1.057763635250625
5045,2023-05-24,NSE:CANBK,60.179998,60.640002,59.629998,59.920002,16454215.0,-0.8111173915284767,0.3655025630336445
5046,2023-05-25,NSE:CANBK,59.8,60.059998,59.229998,59.929998,20849835.0,0.01668224243383871,-0.8111173915284767
5047,2023-05-26,NSE:CANBK,60.179998,61.55,60.029998,61.340002,32373645.0,2.3527516219840368,0.01668224243383871
5048,2023-05-29,NSE:CANBK,61.8,62.1,61.170002,61.420002,27527200.0,0.13042060220343374,2.3527516219840368
5049,2023-05-30,NSE:CANBK,61.429998,61.790002,61.05,61.540002,16243865.0,0.19537609262859443,0.13042060220343374
5050,2023-05-31,NSE:CANBK,61.479998,62.329998,60.920002,61.940002,27683650.0,0.6499837292822944,0.19537609262859443
5051,2023-06-01,NSE:CANBK,61.8,62.3,61.740002,61.879998,23434025.0,-0.09687439144738691,0.6499837292822944
5052,2023-06-02,NSE:CANBK,62.059998,63.090002,61.959998,62.75,31900850.0,1.4059502716855283,-0.09687439144738691
5053,2023-06-05,NSE:CANBK,63.090002,63.170002,62.309998,62.4,21989370.0,-0.5577689243027911,1.4059502716855283
5054,2023-06-06,NSE:CANBK,62.579998,62.679998,61.779998,62.35,16851625.0,-0.08012820512820057,-0.5577689243027911
5055,2023-06-07,NSE:CANBK,62.579998,63.3,62.520002,63.0,20877380.0,1.0425020048115454,-0.08012820512820057
5056,2023-06-08,NSE:CANBK,63.279998,63.309998,62.2,62.459998,18536670.0,-0.8571460317460337,1.0425020048115454
5057,2023-06-09,NSE:CANBK,62.65,62.65,62.0,62.2,18601375.0,-0.41626322178235736,-0.8571460317460337
5058,2023-06-12,NSE:CANBK,62.6,63.079998,62.029998,62.979998,18881245.0,1.2540160771704163,-0.41626322178235736
5059,2023-06-13,NSE:CANBK,63.2,63.279998,62.65,62.979998,18079580.0,0.0,1.2540160771704163
5060,2023-06-14,NSE:CANBK,60.9,61.429998,60.6,60.890002,30397045.0,-3.3185075680694673,0.0
5061,2023-06-15,NSE:CANBK,60.9,61.070002,59.190002,59.359998,29795900.0,-2.512734356619015,-3.3185075680694673
5062,2023-06-16,NSE:CANBK,59.679998,61.0,59.520002,60.75,27557380.0,2.341647653020478,-2.512734356619015
5063,2023-06-19,NSE:CANBK,60.790002,61.440002,60.440002,61.0,24512760.0,0.411522633744856,2.341647653020478
5064,2023-06-20,NSE:CANBK,61.0,61.379998,60.490002,61.279998,23542870.0,0.4590131147540969,0.411522633744856
5065,2023-06-21,NSE:CANBK,61.279998,61.890002,60.9,61.329998,27869135.0,0.08159269195799299,0.4590131147540969
5066,2023-06-22,NSE:CANBK,61.2,61.4,59.840002,60.179998,20922150.0,-1.8751019688603376,0.08159269195799299
5067,2023-06-23,NSE:CANBK,60.240002,60.340002,58.920002,59.279998,23699580.0,-1.4955135093224805,-1.8751019688603376
5068,2023-06-26,NSE:CANBK,59.279998,59.5,58.329998,58.75,28009650.0,-0.8940587346173647,-1.4955135093224805
5069,2023-06-27,NSE:CANBK,58.929998,59.4,58.829998,59.209998,20914190.0,0.7829753191489341,-0.8940587346173647
5070,2023-06-28,NSE:CANBK,59.459998,59.940002,59.120002,59.320002,26225310.0,0.18578619104159325,0.7829753191489341
5071,2023-06-30,NSE:CANBK,59.859998,60.640002,59.5,60.370002,20638290.0,1.7700606281166293,0.18578619104159325
5072,2023-07-03,NSE:CANBK,60.6,64.179998,60.509998,63.7,92489890.0,5.515981264999798,1.7700606281166293
5073,2023-07-04,NSE:CANBK,64.140002,65.140002,63.509998,64.329998,70211795.0,0.9890078492935643,5.515981264999798
5074,2023-07-05,NSE:CANBK,64.340002,65.029998,64.059998,64.420002,29330585.0,0.1399098442378209,0.9890078492935643
5075,2023-07-06,NSE:CANBK,64.4,65.859998,64.05,65.170002,43883880.0,1.1642346735723481,0.1399098442378209
5076,2023-07-07,NSE:CANBK,65.029998,67.340002,64.129998,66.740002,59222370.0,2.4090838603933253,1.1642346735723481
5077,2023-07-10,NSE:CANBK,67.120002,67.9,66.4,66.8,50257705.0,0.08989810938272538,2.4090838603933253
5078,2023-07-11,NSE:CANBK,66.959998,67.290002,66.05,66.459998,24688125.0,-0.5089850299401173,0.08989810938272538
5079,2023-07-12,NSE:CANBK,66.75,67.229998,66.109998,66.25,24154370.0,-0.3159765367431982,-0.5089850299401173
5080,2023-07-13,NSE:CANBK,66.609998,67.0,63.959998,64.340002,44281450.0,-2.8830158490566062,-0.3159765367431982
5081,2023-07-14,NSE:CANBK,64.520002,65.740002,64.4,65.320002,33175515.0,1.5231581745987575,-2.8830158490566062
5082,2023-07-17,NSE:CANBK,65.6,66.959998,65.0,66.740002,37077115.0,2.173912976916323,1.5231581745987575
5083,2023-07-18,NSE:CANBK,67.0,67.140002,65.35,65.690002,36129700.0,-1.573269356509754,2.173912976916323
5084,2023-07-19,NSE:CANBK,65.959998,67.859998,65.55,67.690002,59625690.0,3.044603347705789,-1.573269356509754
5085,2023-07-20,NSE:CANBK,68.0,69.0,67.479998,68.0,54864325.0,0.45796718989606927,3.044603347705789
5086,2023-07-21,NSE:CANBK,68.0,68.929998,67.409998,67.629998,31280540.0,-0.5441205882352934,0.45796718989606927
5087,2023-07-24,NSE:CANBK,68.0,70.279998,66.85,67.940002,126452930.0,0.4583823882413931,-0.5441205882352934
5088,2023-07-25,NSE:CANBK,68.4,68.579998,66.0,66.570002,63249455.0,-2.016485074580958,0.4583823882413931
5089,2023-07-26,NSE:CANBK,67.009998,67.659998,66.709998,67.459998,47384160.0,1.3369325120344693,-2.016485074580958
5090,2023-07-27,NSE:CANBK,67.759998,69.929998,67.7,68.959998,66811855.0,2.2235399414034966,1.3369325120344693
5091,2023-07-28,NSE:CANBK,69.190002,69.259998,68.220002,68.65,32009085.0,-0.4495330756825038,2.2235399414034966
5092,2023-07-31,NSE:CANBK,68.979998,69.340002,68.540002,68.870002,22936200.0,0.3204690458849145,-0.4495330756825038
5093,2023-08-01,NSE:CANBK,69.109998,69.2,67.609998,68.129998,22592770.0,-1.074493942950661,0.3204690458849145
5094,2023-08-02,NSE:CANBK,68.0,68.1,64.75,65.45,55995715.0,-3.933653425323743,-1.074493942950661
5095,2023-08-03,NSE:CANBK,65.440002,66.429998,64.9,65.45,33604925.0,0.0,-3.933653425323743
5096,2023-08-04,NSE:CANBK,65.609998,66.940002,65.340002,65.75,35770240.0,0.4583651642475128,0.0
5097,2023-08-07,NSE:CANBK,65.920002,66.4,65.540002,65.729998,29034630.0,-0.03042129277567328,0.4583651642475128
5098,2023-08-08,NSE:CANBK,65.8,67.959998,65.8,67.75,42117945.0,3.0731812893102557,-0.03042129277567328
5099,2023-08-09,NSE:CANBK,67.659998,67.870002,66.4,67.220002,36473840.0,-0.7822848708487176,3.0731812893102557
5100,2023-08-10,NSE:CANBK,67.159998,67.5,65.879998,66.25,41717995.0,-1.4430258422187996,-0.7822848708487176
5101,2023-08-11,NSE:CANBK,66.520002,67.75,65.940002,66.420002,44584120.0,0.25660679245282514,-1.4430258422187996
5102,2023-08-14,NSE:CANBK,66.379998,66.379998,64.6,65.909998,44506845.0,-0.7678470109049305,0.25660679245282514
5103,2023-08-16,NSE:CANBK,65.6,66.159998,64.629998,65.6,22837050.0,-0.47033531999197953,-0.7678470109049305
5104,2023-08-17,NSE:CANBK,65.590002,66.640002,65.320002,65.970002,33122890.0,0.5640274390243896,-0.47033531999197953
5105,2023-08-18,NSE:CANBK,65.790002,66.679998,65.459998,65.65,30723480.0,-0.4850719877194913,0.5640274390243896
5106,2023-08-21,NSE:CANBK,65.7,66.2,65.5,65.629998,27031115.0,-0.030467631378530362,-0.4850719877194913
5107,2023-08-22,NSE:CANBK,65.809998,65.9,65.090002,65.229998,25423450.0,-0.6094773917256644,-0.030467631378530362
5108,2023-08-23,NSE:CANBK,65.479998,67.090002,65.240002,66.520002,52511900.0,1.9776238533688297,-0.6094773917256644
5109,2023-08-24,NSE:CANBK,66.979998,67.5,66.140002,66.359998,30369150.0,-0.2405351701582942,1.9776238533688297
5110,2023-08-25,NSE:CANBK,66.1,66.470002,65.0,65.120002,30563530.0,-1.8685895680708202,-0.2405351701582942
5111,2023-08-28,NSE:CANBK,65.45,65.740002,65.109998,65.329998,15019900.0,0.3224754200713996,-1.8685895680708202
5112,2023-08-29,NSE:CANBK,65.679998,65.870002,65.1,65.320002,15764360.0,-0.015300781120490778,0.3224754200713996
5113,2023-08-30,NSE:CANBK,65.6,65.879998,64.959998,65.109998,16755830.0,-0.3215002963410777,-0.015300781120490778
5114,2023-08-31,NSE:CANBK,65.109998,65.459998,63.85,64.079998,32176605.0,-1.581938306924846,-0.3215002963410777
5115,2023-09-01,NSE:CANBK,64.320002,66.070002,63.940002,65.679998,36120140.0,2.49687897930333,-1.581938306924846
5116,2023-09-04,NSE:CANBK,65.909998,67.720002,65.459998,67.309998,46503455.0,2.4817296736214813,2.49687897930333
5117,2023-09-05,NSE:CANBK,67.420002,68.259998,66.770002,67.690002,34979960.0,0.5645580319286502,2.4817296736214813
5118,2023-09-06,NSE:CANBK,67.85,67.85,66.509998,66.840002,22525825.0,-1.2557245898737135,0.5645580319286502
5119,2023-09-07,NSE:CANBK,66.840002,67.9,66.720002,67.729998,28583565.0,1.3315319769140588,-1.2557245898737135
5120,2023-09-08,NSE:CANBK,67.8,68.7,67.1,67.820002,36302970.0,0.13288646487189848,1.3315319769140588
5121,2023-09-11,NSE:CANBK,68.179998,72.6,68.059998,71.990002,132858755.0,6.14862854176855,0.13288646487189848
5122,2023-09-12,NSE:CANBK,72.4,72.590002,69.440002,69.759998,64026290.0,-3.0976579219986795,6.14862854176855
5123,2023-09-13,NSE:CANBK,69.740002,73.059998,69.009998,72.95,73506725.0,4.572824098991527,-3.0976579219986795
5124,2023-09-14,NSE:CANBK,73.2,73.740002,72.179998,73.0,53319120.0,0.06854009595613043,4.572824098991527
5125,2023-09-15,NSE:CANBK,73.45,73.679998,72.4,72.970002,37571540.0,-0.04109315068493998,0.06854009595613043
5126,2023-09-18,NSE:CANBK,73.179998,75.4,72.809998,74.45,90346740.0,2.0282279833293813,-0.04109315068493998
5127,2023-09-20,NSE:CANBK,74.020002,75.240002,73.390002,74.2,45690940.0,-0.33579583613163194,2.0282279833293813
5128,2023-09-21,NSE:CANBK,74.0,75.240002,72.120002,72.890002,74010120.0,-1.7654959568733253,-0.33579583613163194
5129,2023-09-22,NSE:CANBK,73.7,77.2,73.7,76.590002,164013815.0,5.076141992697439,-1.7654959568733253
5130,2023-09-25,NSE:CANBK,76.790002,76.790002,74.740002,75.009998,68578965.0,-2.062937666459393,5.076141992697439
5131,2023-09-26,NSE:CANBK,75.25,75.759998,73.65,74.009998,48894255.0,-1.3331556148021761,-2.062937666459393
5132,2023-09-27,NSE:CANBK,74.0,74.979998,73.120002,74.85,53402070.0,1.1349844922303585,-1.3331556148021761
5133,2023-09-28,NSE:CANBK,75.190002,76.670002,74.670002,74.909998,79975190.0,0.0801576486306043,1.1349844922303585
5134,2023-09-29,NSE:CANBK,75.390002,75.909998,74.5,75.25,47783295.0,0.4538806689061697,0.0801576486306043
5135,2023-10-03,NSE:CANBK,75.25,77.3,74.720002,76.890002,43315645.0,2.179404651162785,0.4538806689061697
5136,2023-10-04,NSE:CANBK,76.659998,76.659998,74.079998,74.640002,53115860.0,-2.926258214949715,2.179404651162785
5137,2023-10-05,NSE:CANBK,75.05,75.929998,74.1,74.259998,36566050.0,-0.5091157419851081,-2.926258214949715
5138,2023-10-06,NSE:CANBK,74.690002,76.190002,74.2,75.059998,34741410.0,1.0772960160866112,-0.5091157419851081
5139,2023-10-09,NSE:CANBK,74.0,74.329998,72.620002,73.070002,31218410.0,-2.6512071050148323,1.0772960160866112
5140,2023-10-10,NSE:CANBK,73.629998,74.609998,73.529998,74.5,24002555.0,1.9570247172020026,-2.6512071050148323
5141,2023-10-11,NSE:CANBK,74.409998,75.0,73.7,73.970002,36355700.0,-0.7114067114094044,1.9570247172020026
5142,2023-10-12,NSE:CANBK,74.279998,74.759998,73.590002,73.859998,18850570.0,-0.14871433963188124,-0.7114067114094044
5143,2023-10-13,NSE:CANBK,73.679998,73.870002,71.959998,73.309998,32407640.0,-0.7446520645722348,-0.14871433963188124
5144,2023-10-16,NSE:CANBK,73.2,74.959998,73.0,74.270002,31506305.0,1.3095130625975628,-0.7446520645722348
5145,2023-10-17,NSE:CANBK,74.7,75.679998,74.3,75.509998,35506600.0,1.6695785197366637,1.3095130625975628
5146,2023-10-18,NSE:CANBK,75.329998,75.659998,74.059998,74.370002,18162470.0,-1.5097285527672728,1.6695785197366637
5147,2023-10-19,NSE:CANBK,74.0,75.190002,73.420002,74.790002,24142670.0,0.5647438331385304,-1.5097285527672728
5148,2023-10-20,NSE:CANBK,74.390002,74.979998,73.1,73.859998,38109775.0,-1.2434870639527416,0.5647438331385304
5149,2023-10-23,NSE:CANBK,73.859998,74.290002,70.8,71.109998,47485035.0,-3.723260322861097,-1.2434870639527416
5150,2023-10-25,NSE:CANBK,72.0,72.170002,69.829998,70.75,31390525.0,-0.506255111974556,-3.723260322861097
5151,2023-10-26,NSE:CANBK,70.190002,72.279998,68.420002,71.870002,61186460.0,1.5830416961130733,-0.506255111974556
5152,2023-10-27,NSE:CANBK,72.340002,77.559998,72.240002,76.159998,136009790.0,5.969105162957978,1.5830416961130733
5153,2023-10-30,NSE:CANBK,76.4,77.190002,75.6,76.520002,38097645.0,0.47269434014428874,5.969105162957978
5154,2023-10-31,NSE:CANBK,76.759998,78.129998,76.620002,76.870002,49438935.0,0.4573967470622835,0.47269434014428874
5155,2023-11-01,NSE:CANBK,76.859998,77.179998,76.0,76.659998,32192280.0,-0.27319369654757897,0.4573967470622835
5156,2023-11-02,NSE:CANBK,77.390002,78.370002,76.9,77.629998,31461020.0,1.265327452787044,-0.27319369654757897
5157,2023-11-03,NSE:CANBK,78.190002,78.559998,77.4,77.5,25160335.0,-0.1674584610964443,1.265327452787044
5158,2023-11-06,NSE:CANBK,77.8,78.220002,76.679998,76.979998,21697560.0,-0.6709703225806518,-0.1674584610964443
5159,2023-11-07,NSE:CANBK,77.0,78.029998,76.5,77.509998,23755220.0,0.6884905349049257,-0.6709703225806518
5160,2023-11-08,NSE:CANBK,77.8,78.159998,76.879998,77.0,22322510.0,-0.6579770521991188,0.6884905349049257
5161,2023-11-09,NSE:CANBK,77.2,77.840002,76.659998,76.8,25663990.0,-0.25974025974026343,-0.6579770521991188
5162,2023-11-10,NSE:CANBK,76.6,77.640002,76.2,77.479998,16067395.0,0.885414062499997,-0.25974025974026343
5163,2023-11-12,NSE:CANBK,78.08,78.18,77.5,77.66,3651745.0,0.2323206048611434,0.885414062499997
5164,2023-11-13,NSE:CANBK,77.629998,81.129998,77.390002,80.890002,61933460.0,4.159157867628122,0.2323206048611434
5165,2023-11-15,NSE:CANBK,81.6,82.2,81.229998,81.479998,34318120.0,0.7293806223419296,4.159157867628122
5166,2023-11-16,NSE:CANBK,81.6,81.929998,80.809998,81.190002,17498810.0,-0.35591066165709523,0.7293806223419296
5167,2023-11-17,NSE:CANBK,79.8,80.940002,79.009998,79.559998,38988760.0,-2.007641285684429,-0.35591066165709523
5168,2023-11-20,NSE:CANBK,79.879998,80.990002,79.420002,79.829998,22057440.0,0.33936652436820103,-2.007641285684429
5169,2023-11-21,NSE:CANBK,80.029998,80.570002,78.820002,79.440002,19851960.0,-0.48853314514676105,0.33936652436820103
5170,2023-11-22,NSE:CANBK,79.590002,80.240002,78.359998,78.929998,15692850.0,-0.6419989767875499,-0.48853314514676105
5171,2023-11-23,NSE:CANBK,79.159998,79.45,78.520002,78.65,12982570.0,-0.35474218560095744,-0.6419989767875499
5172,2023-11-24,NSE:CANBK,78.879998,79.159998,77.8,77.959998,13076900.0,-0.8773070565797925,-0.35474218560095744
5173,2023-11-28,NSE:CANBK,78.0,79.9,78.0,79.220002,23130565.0,1.6162186150902609,-0.8773070565797925
5174,2023-11-29,NSE:CANBK,79.770002,80.940002,79.420002,80.55,27494830.0,1.6788664054817917,1.6162186150902609
5175,2023-11-30,NSE:CANBK,80.4,81.279998,80.040002,80.609998,39491645.0,0.07448541278709786,1.6788664054817917
5176,2023-12-01,NSE:CANBK,81.1,83.809998,81.0,82.059998,49701145.0,1.7987843145709899,0.07448541278709786
5177,2023-12-04,NSE:CANBK,83.9,85.8,83.709998,85.390002,55340260.0,4.0580113102123185,1.7987843145709899
5178,2023-12-05,NSE:CANBK,85.590002,87.479998,85.170002,86.909998,48484695.0,1.7800631975626444,4.0580113102123185
5179,2023-12-06,NSE:CANBK,86.909998,88.259998,85.740002,87.490002,39209200.0,0.667361653834122,1.7800631975626444
5180,2023-12-07,NSE:CANBK,87.290002,87.829998,85.970002,87.120002,28704895.0,-0.42290546524390815,0.667361653834122
5181,2023-12-08,NSE:CANBK,87.320002,88.2,86.05,87.709998,40078965.0,0.6772222066753388,-0.42290546524390815
5182,2023-12-11,NSE:CANBK,88.0,89.9,87.670002,89.340002,35171875.0,1.8584015929404076,0.6772222066753388
5183,2023-12-12,NSE:CANBK,89.679998,89.909998,88.440002,88.909998,25567405.0,-0.48131183162498337,1.8584015929404076
5184,2023-12-13,NSE:CANBK,89.2,90.540002,88.9,89.85,33012275.0,1.0572511766336927,-0.48131183162498337
5185,2023-12-14,NSE:CANBK,90.7,90.940002,89.4,89.640002,21803925.0,-0.23372064552031033,1.0572511766336927
5186,2023-12-15,NSE:CANBK,90.2,90.570002,88.220002,89.829998,55247630.0,0.21195447987608015,-0.23372064552031033
5187,2023-12-18,NSE:CANBK,89.840002,90.190002,88.15,88.359998,31513035.0,-1.636424393552807,0.21195447987608015
5188,2023-12-19,NSE:CANBK,88.790002,89.979998,87.859998,89.190002,34764590.0,0.9393436156483417,-1.636424393552807
5189,2023-12-20,NSE:CANBK,89.690002,90.059998,84.8,85.190002,39043010.0,-4.4848076133017685,0.9393436156483417
5190,2023-12-21,NSE:CANBK,84.6,86.590002,82.690002,86.390002,38760745.0,1.408616001675864,-4.4848076133017685
5191,2023-12-22,NSE:CANBK,87.0,87.090002,84.620002,85.209998,27348250.0,-1.3659034294269339,1.408616001675864
5192,2023-12-26,NSE:CANBK,85.6,86.120002,84.920002,85.079998,17491435.0,-0.15256425660284073,-1.3659034294269339
5193,2023-12-27,NSE:CANBK,85.379998,87.05,85.3,86.5,26349440.0,1.669019785355421,-0.15256425660284073
5194,2023-12-28,NSE:CANBK,88.2,89.340002,87.879998,88.220002,71150080.0,1.9884416184971028,1.669019785355421
5195,2023-12-29,NSE:CANBK,88.4,88.4,87.190002,87.5,20864775.0,-0.8161437130776691,1.9884416184971028
5196,2024-01-01,NSE:CANBK,88.1,89.179998,87.6,88.479998,21701345.0,1.1199977142857083,-0.8161437130776691
5197,2024-01-02,NSE:CANBK,88.370002,90.1,88.040002,88.790002,33168170.0,0.35036619236814,1.1199977142857083
5198,2024-01-03,NSE:CANBK,90.0,92.55,88.870002,91.65,97005400.0,3.2210811302831197,0.35036619236814
5199,2024-01-04,NSE:CANBK,92.459998,93.359998,91.4,93.059998,43984105.0,1.5384593562465765,3.2210811302831197
5200,2024-01-05,NSE:CANBK,93.6,93.85,91.170002,92.390002,34552380.0,-0.7199613307535184,1.5384593562465765
5201,2024-01-08,NSE:CANBK,92.3,92.6,89.829998,90.1,29005830.0,-2.4786253387027757,-0.7199613307535184
5202,2024-01-09,NSE:CANBK,90.779998,91.8,89.840002,90.079998,28163540.0,-0.022199778024407296,-2.4786253387027757
5203,2024-01-10,NSE:CANBK,90.220002,90.5,88.609998,89.75,26641065.0,-0.36633881808035046,-0.022199778024407296
5204,2024-01-11,NSE:CANBK,90.279998,91.540002,90.05,90.9,21747555.0,1.2813370473537669,-0.36633881808035046
5205,2024-01-12,NSE:CANBK,91.2,93.2,90.579998,92.45,45209325.0,1.7051705170517022,1.2813370473537669
5206,2024-01-15,NSE:CANBK,93.15,93.670002,92.479998,93.079998,17352745.0,0.6814472687939432,1.7051705170517022
5207,2024-01-16,NSE:CANBK,92.929998,94.270002,92.240002,92.990002,26041455.0,-0.09668672317762544,0.6814472687939432
5208,2024-01-17,NSE:CANBK,91.209998,93.2,90.520002,91.359998,33668370.0,-1.7528809172409736,-0.09668672317762544
5209,2024-01-18,NSE:CANBK,91.159998,92.1,88.3,91.65,34924420.0,0.3174277652676844,-1.7528809172409736
5210,2024-01-19,NSE:CANBK,92.2,93.570002,91.959998,93.329998,32255045.0,1.833058374249861,0.3174277652676844
5211,2024-01-20,NSE:CANBK,93.75,96.440002,92.870002,95.4,25938600.0,2.2179385453324474,1.833058374249861
5212,2024-01-23,NSE:CANBK,96.479998,96.979998,90.05,91.179998,67779560.0,-4.42348218029351,2.2179385453324474
5213,2024-01-24,NSE:CANBK,91.759998,91.929998,88.6,90.859998,104038180.0,-0.35095416431133636,-4.42348218029351
5214,2024-01-25,NSE:CANBK,91.020002,93.890002,90.679998,93.059998,61778805.0,2.421307559350803,-0.35095416431133636
5215,2024-01-29,NSE:CANBK,93.979998,96.0,93.620002,94.909998,44012445.0,1.987964796646577,2.421307559350803
5216,2024-01-30,NSE:CANBK,95.020002,96.959998,94.409998,95.470002,30096690.0,0.5900368894750079,1.987964796646577
5217,2024-01-31,NSE:CANBK,95.709998,97.0,94.370002,96.4,33216415.0,0.9741258830182197,0.5900368894750079
5218,2024-02-01,NSE:CANBK,96.6,101.0,95.870002,100.3,77435540.0,4.045643153526962,0.9741258830182197
5219,2024-02-02,NSE:CANBK,101.4,104.459998,101.3,102.869996,70094345.0,2.5623090727816584,4.045643153526962
5220,2024-02-05,NSE:CANBK,103.740002,105.490002,102.290002,104.05,41140860.0,1.1470827703735855,2.5623090727816584
5221,2024-02-06,NSE:CANBK,104.390002,104.569996,102.869996,104.290002,25722875.0,0.2306602594906334,1.1470827703735855
5222,2024-02-07,NSE:CANBK,106.219996,112.1,106.0,110.430004,93641330.0,5.887431088552473,0.2306602594906334
5223,2024-02-08,NSE:CANBK,113.0,115.980004,111.409998,113.85,116284190.0,3.0969807806943463,5.887431088552473
5224,2024-02-09,NSE:CANBK,114.6,115.2,109.65,114.2,76345650.0,0.30742204655248884,3.0969807806943463
5225,2024-02-12,NSE:CANBK,114.8,115.0,108.280004,109.15,51213620.0,-4.422066549912432,0.30742204655248884
5226,2024-02-13,NSE:CANBK,109.6,110.95,106.919996,110.440002,44616500.0,1.181861658268439,-4.422066549912432
5227,2024-02-14,NSE:CANBK,109.0,113.790002,108.6,113.290002,41070590.0,2.5805866972005256,1.181861658268439
5228,2024-02-15,NSE:CANBK,113.809998,118.940002,113.519996,117.409998,80202835.0,3.63668101974259,2.5805866972005256
5229,2024-02-16,NSE:CANBK,117.619996,117.959998,115.259998,117.169996,45188595.0,-0.20441359687273314,3.63668101974259
5230,2024-02-19,NSE:CANBK,117.459998,117.590002,114.030004,114.569996,30254305.0,-2.218998112793308,-0.20441359687273314
5231,2024-02-20,NSE:CANBK,114.3,114.569996,113.440002,113.8,23257800.0,-0.6720747376128093,-2.218998112793308
5232,2024-02-21,NSE:CANBK,113.9,116.55,112.809998,113.469996,56105005.0,-0.2899859402460478,-0.6720747376128093
5233,2024-02-22,NSE:CANBK,114.6,116.940002,112.690002,116.440002,40230970.0,2.6174373003415035,-0.2899859402460478
5234,2024-02-23,NSE:CANBK,117.0,119.759998,115.630004,116.090002,82259680.0,-0.3005839865925187,2.6174373003415035
5235,2024-02-26,NSE:CANBK,116.8,116.8,114.0,114.65,40534550.0,-1.24041861933984,-0.3005839865925187
5236,2024-02-27,NSE:CANBK,115.859998,116.859998,113.459998,114.380004,53513285.0,-0.2354958569559582,-1.24041861933984
5237,2024-02-28,NSE:CANBK,114.9,114.95,109.530004,110.090002,62807585.0,-3.7506573264326875,-0.2354958569559582
5238,2024-02-29,NSE:CANBK,110.209998,113.590002,108.85,112.890002,48528555.0,2.543373557210034,-3.7506573264326875
5239,2024-03-01,NSE:CANBK,114.0,115.880004,113.6,115.730004,36848925.0,2.515724997506864,2.543373557210034
5240,2024-03-02,NSE:CANBK,116.169996,118.240002,116.0,117.35,9414170.0,1.399806397656394,2.515724997506864
5241,2024-03-04,NSE:CANBK,117.759998,118.890002,116.8,118.380004,34505780.0,0.8777196420962977,1.399806397656394
5242,2024-03-05,NSE:CANBK,118.159998,120.8,117.619996,120.490002,55574805.0,1.7823939252443384,0.8777196420962977
5243,2024-03-06,NSE:CANBK,120.8,121.259998,117.019996,120.0,44320730.0,-0.4066744060640019,1.7823939252443384
5244,2024-03-07,NSE:CANBK,120.019996,121.1,118.8,119.590002,29660555.0,-0.3416650000000014,-0.4066744060640019
5245,2024-03-11,NSE:CANBK,119.590002,120.480004,116.840002,117.25,31771280.0,-1.956686981241123,-0.3416650000000014
5246,2024-03-12,NSE:CANBK,117.25,117.819996,113.0,113.380004,43186065.0,-3.3006362473347552,-1.956686981241123
5247,2024-03-13,NSE:CANBK,113.809998,114.330004,105.890002,107.290002,61035900.0,-5.371319267196355,-3.3006362473347552
5248,2024-03-14,NSE:CANBK,106.8,110.930004,105.819996,109.4,46018095.0,1.966630590611793,-5.371319267196355
5249,2024-03-15,NSE:CANBK,109.4,110.8,105.95,109.830004,47635625.0,0.3930566727605089,1.966630590611793
5250,2024-03-18,NSE:CANBK,110.0,111.2,109.019996,110.609998,25027215.0,0.7101829842417214,0.3930566727605089
5251,2024-03-19,NSE:CANBK,110.540002,111.159998,109.230004,109.680004,21355995.0,-0.8407865625311807,0.7101829842417214
5252,2024-03-20,NSE:CANBK,109.980004,110.869996,107.109998,110.209998,30262105.0,0.48321843606059867,-0.8407865625311807
5253,2024-03-21,NSE:CANBK,112.0,113.7,111.6,112.780004,27814235.0,2.3319172912061994,0.48321843606059867
5254,2024-03-22,NSE:CANBK,112.780004,115.5,112.690002,114.630004,29115490.0,1.6403617080914399,2.3319172912061994
5255,2024-03-26,NSE:CANBK,114.390002,114.930004,113.459998,114.369996,24848115.0,-0.22682368570797495,1.6403617080914399
5256,2024-03-27,NSE:CANBK,114.369996,114.940002,112.469996,112.85,22051135.0,-1.3290163969228486,-0.22682368570797495
5257,2024-03-28,NSE:CANBK,113.630004,117.559998,113.619996,116.209998,51789135.0,2.9774018608772748,-1.3290163969228486
5258,2024-04-01,NSE:CANBK,117.090002,118.069996,116.659998,117.809998,19686100.0,1.376817853486233,2.9774018608772748
5259,2024-04-02,NSE:CANBK,117.780004,119.040002,117.530004,118.940002,18757320.0,0.9591749589877879,1.376817853486233
5260,2024-04-03,NSE:CANBK,118.6,122.359998,118.0,121.390002,43724155.0,2.059862080715274,0.9591749589877879
5261,2024-04-04,NSE:CANBK,122.940002,122.95,120.459998,121.480004,38719345.0,0.07414284415284741,2.059862080715274
5262,2024-04-05,NSE:CANBK,121.880004,123.759998,121.259998,123.0,40105775.0,1.2512314372330826,0.07414284415284741
5263,2024-04-08,NSE:CANBK,123.790002,123.790002,121.419996,122.490002,19005745.0,-0.4146325203252,1.2512314372330826
5264,2024-04-09,NSE:CANBK,122.8,123.169996,120.740002,121.630004,18031285.0,-0.7020964862095475,-0.4146325203252
5265,2024-04-10,NSE:CANBK,121.930004,123.3,121.519996,122.580004,23270245.0,0.781057279254881,-0.7020964862095475
5266,2024-04-12,NSE:CANBK,121.709998,123.340002,120.980004,121.169996,23474690.0,-1.1502757007578535,0.781057279254881
5267,2024-04-15,NSE:CANBK,119.6,121.190002,117.509998,118.619996,30203555.0,-2.1044813767262953,-1.1502757007578535
5268,2024-04-16,NSE:CANBK,117.6,119.1,116.040002,116.809998,31644765.0,-1.5258793298222733,-2.1044813767262953
5269,2024-04-18,NSE:CANBK,117.780004,118.969996,116.259998,116.690002,25803295.0,-0.10272750796553069,-1.5258793298222733
5270,2024-04-19,NSE:CANBK,115.0,116.880004,112.540002,115.75,47342605.0,-0.8055548752154507,-0.10272750796553069
5271,2024-04-22,NSE:CANBK,117.009998,120.359998,116.890002,119.959998,52446075.0,3.6371473002159815,-0.8055548752154507
5272,2024-04-23,NSE:CANBK,121.009998,121.159998,119.840002,120.319996,26919135.0,0.3000983711253517,3.6371473002159815
5273,2024-04-24,NSE:CANBK,120.809998,121.090002,119.2,119.390002,24646005.0,-0.7729338687810526,0.3000983711253517
5274,2024-04-25,NSE:CANBK,119.180004,124.190002,119.019996,123.369996,57499790.0,3.3336074489721557,-0.7729338687810526
5275,2024-04-26,NSE:CANBK,123.45,124.880004,122.819996,123.519996,29797195.0,0.12158547853078125,3.3336074489721557
5276,2024-04-29,NSE:CANBK,124.490002,124.95,122.840002,124.169996,39740260.0,0.5262305869893256,0.12158547853078125
5277,2024-04-30,NSE:CANBK,124.9,125.940002,123.809998,124.390002,40666775.0,0.17718128943162562,0.5262305869893256
5278,2024-05-02,NSE:CANBK,124.769996,126.2,124.609998,125.719996,21606080.0,1.0692129420497953,0.17718128943162562
5279,2024-05-03,NSE:CANBK,126.580004,126.580004,123.8,125.130004,19884865.0,-0.4692905017273427,1.0692129420497953
5280,2024-05-06,NSE:CANBK,125.430004,125.790002,117.659998,118.359998,65295460.0,-5.410377833920628,-0.4692905017273427
5281,2024-05-07,NSE:CANBK,119.069996,119.35,114.4,115.35,43276005.0,-2.5430872345908706,-5.410377833920628
5282,2024-05-08,NSE:CANBK,115.940002,119.7,110.809998,111.540002,114364700.0,-3.3029891634156856,-2.5430872345908706
5283,2024-05-09,NSE:CANBK,112.6,113.6,108.4,109.1,65605805.0,-2.187557787563969,-3.3029891634156856
5284,2024-05-10,NSE:CANBK,110.0,111.440002,108.140002,109.630004,38864845.0,0.48579651695692505,-2.187557787563969
5285,2024-05-13,NSE:CANBK,110.4,111.0,106.4,109.869996,52494105.0,0.21891087407057003,0.48579651695692505
5286,2024-05-14,NSE:CANBK,111.080004,113.8,110.709998,113.309998,46097330.0,3.1309749023746143,0.21891087407057003
5287,2024-05-15,NSE:CANBK,116.25,119.6,116.0,119.0,58148316.0,5.021623952371799,3.1309749023746143
5288,2024-05-16,NSE:CANBK,120.35,120.35,111.8,113.7,83518740.0,-4.4537815126050395,5.021623952371799
5289,2024-05-17,NSE:CANBK,114.95,115.2,113.2,113.8,39194579.0,0.08795074758134944,-4.4537815126050395
5290,2024-05-18,NSE:CANBK,114.2,114.9,114.05,114.5,5348843.0,0.6151142355008812,0.08795074758134944
5291,2024-05-21,NSE:CANBK,115.4,116.8,113.6,116.2,35545169.0,1.4847161572052427,0.6151142355008812
5292,2024-05-22,NSE:CANBK,116.9,116.9,114.9,116.0,32841192.0,-0.17211703958692154,1.4847161572052427
5293,2024-05-23,NSE:CANBK,116.9,118.65,116.5,117.7,35478278.0,1.4655172413793127,-0.17211703958692154
5294,2024-05-24,NSE:CANBK,118.2,118.75,116.9,117.2,29084908.0,-0.4248088360237893,1.4655172413793127
5295,2024-05-27,NSE:CANBK,118.0,118.2,115.7,117.0,34617257.0,-0.17064846416382495,-0.4248088360237893
5296,2024-05-28,NSE:CANBK,117.7,118.75,115.25,115.95,30239355.0,-0.8974358974358949,-0.17064846416382495
5297,2024-05-29,NSE:CANBK,116.4,118.45,115.5,116.55,39784811.0,0.5174644243208231,-0.8974358974358949
5298,2024-05-30,NSE:CANBK,116.7,117.55,114.75,115.05,34512065.0,-1.287001287001287,0.5174644243208231
5299,2024-05-31,NSE:CANBK,116.5,119.35,114.4,118.0,285607550.0,2.564102564102567,-1.287001287001287
5300,2024-06-03,NSE:CANBK,124.8,128.89999,122.45,128.25,93777898.0,8.686440677966102,2.564102564102567
5301,2024-06-04,NSE:CANBK,127.8,127.8,96.199997,109.85,200212291.0,-14.346978557504878,8.686440677966102
5302,2024-06-05,NSE:CANBK,115.2,116.3,104.7,115.2,105580249.0,4.870277651342748,-14.346978557504878
5303,2024-06-06,NSE:CANBK,117.6,120.6,116.5,118.0,52416611.0,2.430555555555553,4.870277651342748
5304,2024-06-07,NSE:CANBK,119.45,119.6,118.0,118.9,40419251.0,0.7627118644067845,2.430555555555553
5305,2024-06-10,NSE:CANBK,120.0,122.7,120.0,121.03,43824793.0,1.7914213624894832,0.7627118644067845
5306,2024-06-11,NSE:CANBK,121.5,123.09,120.75,121.23,37514599.0,0.16524828554903978,1.7914213624894832
5307,2024-06-12,NSE:CANBK,122.0,123.5,121.5,122.79,39113054.0,1.2868101954961662,0.16524828554903978
5308,2024-06-13,NSE:CANBK,124.51,125.0,121.4,121.92,62531469.0,-0.7085267529929185,1.2868101954961662
5309,2024-06-14,NSE:CANBK,120.0,120.99,119.3,120.81,32576803.0,-0.9104330708661413,-0.7085267529929185
5310,2024-06-18,NSE:CANBK,121.85,122.5,121.32,121.88,33945927.0,0.885688270838501,-0.9104330708661413
5311,2024-06-19,NSE:CANBK,121.89,122.85,120.61,121.16,45620625.0,-0.5907449950771242,0.885688270838501
5312,2024-06-20,NSE:CANBK,121.5,122.2,120.93,121.2,19050406.0,0.03301419610433002,-0.5907449950771242
5313,2024-06-21,NSE:CANBK,121.3,121.79,118.5,119.12,32273022.0,-1.7161716171617147,0.03301419610433002
5314,2024-06-24,NSE:CANBK,118.0,121.57,116.21,118.27,44230331.0,-0.7135661517797252,-1.7161716171617147
5315,2024-06-25,NSE:CANBK,119.24,119.74,116.85,118.05,36965833.0,-0.18601505030861493,-0.7135661517797252
5316,2024-06-26,NSE:CANBK,117.95,119.37,117.21,118.69,21602758.0,0.542143159678103,-0.18601505030861493
5317,2024-06-27,NSE:CANBK,118.18,119.4,116.84,118.11,28134054.0,-0.4886679585474752,0.542143159678103
5318,2024-06-28,NSE:CANBK,118.25,121.89,118.25,119.47,43712892.0,1.1514689696046054,-0.4886679585474752
5319,2024-07-01,NSE:CANBK,119.35,120.19,117.9,118.36,20506793.0,-0.9291035406378165,1.1514689696046054
5320,2024-07-02,NSE:CANBK,118.8,118.98,115.5,116.25,23399374.0,-1.7826968570462989,-0.9291035406378165
5321,2024-07-03,NSE:CANBK,117.1,117.99,116.5,117.05,16011335.0,0.6881720430107503,-1.7826968570462989
5322,2024-07-04,NSE:CANBK,117.7,118.0,116.35,117.27,20110432.0,0.18795386586928567,0.6881720430107503
5323,2024-07-05,NSE:CANBK,117.0,117.98,116.52,117.76,20103764.0,0.4178391745544548,0.18795386586928567
5324,2024-07-08,NSE:CANBK,117.5,118.08,114.66,114.89,34032815.0,-2.43716032608696,0.4178391745544548
5325,2024-07-09,NSE:CANBK,115.0,117.25,114.9,116.0,32861024.0,0.9661415266776913,-2.43716032608696
5326,2024-07-10,NSE:CANBK,116.25,116.25,112.9,114.76,22991042.0,-1.068965517241375,0.9661415266776913
5327,2024-07-11,NSE:CANBK,115.3,115.45,113.8,114.15,13553009.0,-0.5315440920181242,-1.068965517241375
5328,2024-07-12,NSE:CANBK,114.73,114.8,112.3,112.72,22397084.0,-1.2527376259307987,-0.5315440920181242
5329,2024-07-15,NSE:CANBK,113.25,117.55,112.4,117.3,49372062.0,4.063165365507451,-1.2527376259307987
5330,2024-07-16,NSE:CANBK,117.6,118.11,115.6,116.09,34514206.0,-1.0315430520034048,4.063165365507451
5331,2024-07-18,NSE:CANBK,116.04,117.59,114.73,115.77,24517941.0,-0.27564820397967726,-1.0315430520034048
5332,2024-07-19,NSE:CANBK,115.8,116.8,112.33,112.89,33377806.0,-2.4876911116869618,-0.27564820397967726
5333,2024-07-22,NSE:CANBK,112.8,115.49,111.03,114.76,21519135.0,1.6564797590574936,-2.4876911116869618
5334,2024-07-23,NSE:CANBK,115.4,115.4,109.0,112.86,26483458.0,-1.6556291390728526,1.6564797590574936
5335,2024-07-24,NSE:CANBK,112.99,113.9,111.54,112.46,24622269.0,-0.354421407052991,-1.6556291390728526
5336,2024-07-25,NSE:CANBK,111.8,113.85,109.25,111.89,76948576.0,-0.506846878890266,-0.354421407052991
5337,2024-07-26,NSE:CANBK,112.49,114.4,111.0,113.86,54279930.0,1.7606577888998114,-0.506846878890266
5338,2024-07-29,NSE:CANBK,115.2,117.82,115.01,115.91,51072326.0,1.8004567012120123,1.7606577888998114
5339,2024-07-30,NSE:CANBK,115.91,116.45,115.12,115.77,17664352.0,-0.12078336640496987,1.8004567012120123
5340,2024-07-31,NSE:CANBK,116.0,116.19,114.26,114.71,16689282.0,-0.9156085341625656,-0.12078336640496987
5341,2024-08-01,NSE:CANBK,115.5,115.6,112.05,112.69,25958910.0,-1.760962426989797,-0.9156085341625656
5342,2024-08-02,NSE:CANBK,112.0,112.0,110.05,110.49,27944377.0,-1.9522584080220098,-1.760962426989797
5343,2024-08-05,NSE:CANBK,108.44,108.44,104.04,105.26,57645213.0,-4.733460041632718,-1.9522584080220098
5344,2024-08-06,NSE:CANBK,106.75,108.18,104.8,105.03,18760783.0,-0.21850655519665965,-4.733460041632718
5345,2024-08-07,NSE:CANBK,106.6,108.56,105.45,108.22,24292529.0,3.037227458821287,-0.21850655519665965
5346,2024-08-08,NSE:CANBK,108.0,108.56,106.5,107.15,17399682.0,-0.9887266678987184,3.037227458821287
5347,2024-08-09,NSE:CANBK,108.0,112.54,107.65,110.65,29858732.0,3.2664489034064395,-0.9887266678987184
5348,2024-08-12,NSE:CANBK,109.9,110.76,108.4,109.55,22238178.0,-0.994125621328521,3.2664489034064395
5349,2024-08-13,NSE:CANBK,109.0,110.14,106.25,106.69,19954825.0,-2.610680054769511,-0.994125621328521
5350,2024-08-14,NSE:CANBK,106.75,107.06,105.5,105.65,13061546.0,-0.9747867653950624,-2.610680054769511
5351,2024-08-16,NSE:CANBK,108.0,108.41,106.52,107.62,30254042.0,1.8646474207288204,-0.9747867653950624
5352,2024-08-19,NSE:CANBK,108.3,111.25,108.08,109.9,27792179.0,2.1185653224307757,1.8646474207288204
5353,2024-08-20,NSE:CANBK,110.3,111.96,109.6,111.36,24247603.0,1.3284804367606857,2.1185653224307757
5354,2024-08-21,NSE:CANBK,111.36,111.9,110.67,111.63,15379494.0,0.24245689655172054,1.3284804367606857
5355,2024-08-22,NSE:CANBK,112.0,112.66,111.81,112.33,13967447.0,0.6270715757412907,0.24245689655172054
5356,2024-08-23,NSE:CANBK,112.6,112.99,111.81,112.1,13224117.0,-0.2047538502626226,0.6270715757412907
5357,2024-08-26,NSE:CANBK,113.16,113.19,111.17,111.41,15658016.0,-0.6155218554861711,-0.2047538502626226
5358,2024-08-27,NSE:CANBK,111.41,112.02,110.5,110.85,12098332.0,-0.5026478772103063,-0.6155218554861711
5359,2024-08-28,NSE:CANBK,111.1,111.2,109.82,110.23,11686742.0,-0.5593143888137035,-0.5026478772103063
5360,2024-08-29,NSE:CANBK,110.23,110.75,108.85,110.28,13192113.0,0.04535970244034941,-0.5593143888137035
5361,2024-08-30,NSE:CANBK,110.55,112.4,110.54,111.53,21379047.0,1.1334784185709104,0.04535970244034941
5362,2024-09-02,NSE:CANBK,111.86,113.35,110.01,112.77,28495435.0,1.1118084820227696,1.1334784185709104
5363,2024-09-03,NSE:CANBK,113.1,113.46,111.2,111.42,16764307.0,-1.1971268954509129,1.1118084820227696
5364,2024-09-04,NSE:CANBK,108.05,109.65,107.9,108.6,28544684.0,-2.530963920301568,-1.1971268954509129
5365,2024-09-05,NSE:CANBK,109.35,109.35,107.75,108.2,28593475.0,-0.36832412523019475,-2.530963920301568
5366,2024-09-06,NSE:CANBK,108.0,108.0,102.95,103.38,60221990.0,-4.454713493530506,-0.36832412523019475
5367,2024-09-09,NSE:CANBK,103.6,104.34,100.69,104.02,45565580.0,0.6190752563358489,-4.454713493530506
5368,2024-09-10,NSE:CANBK,104.8,104.9,103.44,103.61,22295664.0,-0.3941549701980356,0.6190752563358489
5369,2024-09-11,NSE:CANBK,103.61,104.1,101.1,101.75,20777048.0,-1.7951935141395612,-0.3941549701980356
5370,2024-09-12,NSE:CANBK,102.7,104.3,101.92,103.99,23673743.0,2.2014742014741966,-1.7951935141395612
5371,2024-09-13,NSE:CANBK,104.45,107.25,104.1,106.39,30088081.0,2.307914222521402,2.2014742014741966
5372,2024-09-16,NSE:CANBK,106.9,108.18,106.45,106.69,18598510.0,0.28198138922830823,2.307914222521402
5373,2024-09-17,NSE:CANBK,106.72,106.78,105.34,105.54,10915215.0,-1.077889211734925,0.28198138922830823
5374,2024-09-18,NSE:CANBK,105.1,106.59,105.01,105.45,17234512.0,-0.0852757248436644,-1.077889211734925
5375,2024-09-19,NSE:CANBK,106.0,106.85,102.72,104.71,19006150.0,-0.7017543859649209,-0.0852757248436644
5376,2024-09-20,NSE:CANBK,105.11,106.3,104.7,104.96,20245750.0,0.2387546557157865,-0.7017543859649209
5377,2024-09-23,NSE:CANBK,105.8,109.8,105.05,109.3,44004939.0,4.134908536585369,0.2387546557157865
5378,2024-09-24,NSE:CANBK,109.3,110.5,108.65,109.29,28379404.0,-0.009149130832562585,4.134908536585369
5379,2024-09-25,NSE:CANBK,108.92,109.35,107.3,108.4,16444233.0,-0.8143471497849762,-0.009149130832562585
5380,2024-09-26,NSE:CANBK,108.75,110.7,107.2,110.17,33028089.0,1.6328413284132803,-0.8143471497849762
5381,2024-09-27,NSE:CANBK,110.72,113.3,110.06,113.1,118637751.0,2.659526186802208,1.6328413284132803
5382,2024-09-30,NSE:CANBK,113.0,113.5,110.81,111.33,20409076.0,-1.5649867374005269,2.659526186802208
5383,2024-10-01,NSE:CANBK,111.05,112.46,109.98,110.49,17636415.0,-0.7545136081918651,-1.5649867374005269
5384,2024-10-03,NSE:CANBK,108.0,110.49,107.2,107.96,26156379.0,-2.2897999818988155,-0.7545136081918651
5385,2024-10-04,NSE:CANBK,108.0,110.35,106.51,107.62,22926805.0,-0.31493145609483997,-2.2897999818988155
5386,2024-10-07,NSE:CANBK,108.24,109.05,102.34,103.49,39225162.0,-3.8375766586136493,-0.31493145609483997
5387,2024-10-08,NSE:CANBK,103.7,105.3,102.7,104.95,16673844.0,1.4107643250555686,-3.8375766586136493
5388,2024-10-09,NSE:CANBK,105.95,106.3,103.53,104.4,28593344.0,-0.5240590757503546,1.4107643250555686
5389,2024-10-10,NSE:CANBK,105.12,106.59,103.9,104.13,12428432.0,-0.2586206896551822,-0.5240590757503546
5390,2024-10-11,NSE:CANBK,104.6,104.75,103.65,104.06,11563438.0,-0.06722366272927416,-0.2586206896551822
5391,2024-10-14,NSE:CANBK,104.5,105.44,103.93,104.49,11440300.0,0.4132231404958607,-0.06722366272927416
5392,2024-10-15,NSE:CANBK,105.0,105.3,104.0,104.43,8407143.0,-0.057421762848108016,0.4132231404958607
5393,2024-10-16,NSE:CANBK,104.43,104.92,103.62,104.37,11037275.0,-0.057454754380927196,-0.057421762848108016
5394,2024-10-17,NSE:CANBK,104.61,104.94,102.21,102.5,14889333.0,-1.7917025965315747,-0.057454754380927196
5395,2024-10-18,NSE:CANBK,102.1,104.99,100.77,104.67,19968661.0,2.1170731707317088,-1.7917025965315747
5396,2024-10-21,NSE:CANBK,104.9,105.6,102.7,102.86,13874672.0,-1.7292442915830728,2.1170731707317088
5397,2024-10-22,NSE:CANBK,102.86,102.86,96.31,96.79,30808126.0,-5.90122496597316,-1.7292442915830728
5398,2024-10-23,NSE:CANBK,97.0,98.45,94.44,97.69,31433274.0,0.9298481248062728,-5.90122496597316
5399,2024-10-24,NSE:CANBK,98.0,99.65,97.52,98.19,16182512.0,0.5118231139318251,0.9298481248062728
5400,2024-10-25,NSE:CANBK,98.45,99.18,92.98,94.24,30977098.0,-4.022812913738673,0.5118231139318251
5401,2024-10-28,NSE:CANBK,95.4,101.5,94.75,100.69,55924681.0,6.844227504244485,-4.022812913738673
5402,2024-10-29,NSE:CANBK,101.5,104.14,99.8,103.76,55169329.0,3.0489621610884967,6.844227504244485
5403,2024-10-30,NSE:CANBK,103.5,104.95,102.92,103.36,29812887.0,-0.3855050115651558,3.0489621610884967
5404,2024-10-31,NSE:CANBK,103.0,104.15,102.15,102.65,15415779.0,-0.6869195046439568,-0.3855050115651558
5405,2024-11-01,NSE:CANBK,103.8,104.49,103.26,103.96,4211783.0,1.276181198246457,-0.6869195046439568
5406,2024-11-04,NSE:CANBK,104.5,104.5,99.5,101.91,32237064.0,-1.9719122739515174,1.276181198246457
5407,2024-11-05,NSE:CANBK,101.61,103.92,101.3,103.67,22694396.0,1.7270140319890148,-1.9719122739515174
5408,2024-11-06,NSE:CANBK,104.98,106.0,103.46,105.25,30178638.0,1.5240667502652632,1.7270140319890148
5409,2024-11-07,NSE:CANBK,105.5,106.49,104.83,105.07,17438397.0,-0.1710213776722155,1.5240667502652632
5410,2024-11-08,NSE:CANBK,105.04,105.1,103.18,103.69,19031613.0,-1.313410107547345,-0.1710213776722155
5411,2024-11-11,NSE:CANBK,103.0,105.14,101.7,103.89,16982584.0,0.19288263091908847,-1.313410107547345
5412,2024-11-12,NSE:CANBK,104.15,104.8,101.12,101.5,14401385.0,-2.300510154971605,0.19288263091908847
5413,2024-11-13,NSE:CANBK,101.0,102.0,97.54,98.33,29270560.0,-3.1231527093596076,-2.300510154971605
5414,2024-11-14,NSE:CANBK,99.0,100.46,97.22,97.49,17064169.0,-0.8542662463134377,-3.1231527093596076
5415,2024-11-18,NSE:CANBK,97.5,98.8,95.72,98.18,17115166.0,0.7077648989640086,-0.8542662463134377
5416,2024-11-19,NSE:CANBK,99.23,101.27,97.1,97.81,21458767.0,-0.376858830719092,0.7077648989640086
5417,2024-11-21,NSE:CANBK,97.95,97.95,92.52,94.46,40836258.0,-3.425007667927624,-0.376858830719092
5418,2024-11-22,NSE:CANBK,95.09,97.78,94.95,97.01,26716825.0,2.6995553673512718,-3.425007667927624
5419,2024-11-25,NSE:CANBK,100.0,101.43,99.38,100.98,40537064.0,4.092361612204926,2.6995553673512718
5420,2024-11-26,NSE:CANBK,101.48,102.57,100.6,101.79,16210652.0,0.8021390374331573,4.092361612204926
5421,2024-11-27,NSE:CANBK,102.0,102.7,100.8,101.56,17400124.0,-0.22595539836919534,0.8021390374331573
5422,2024-11-28,NSE:CANBK,102.55,103.42,101.86,102.9,21562794.0,1.3194170933438394,-0.22595539836919534
5423,2024-11-29,NSE:CANBK,103.34,103.75,100.75,102.01,21218297.0,-0.864917395529641,1.3194170933438394
5424,2024-12-02,NSE:CANBK,101.69,102.19,101.15,101.71,17322174.0,-0.2940888148220874,-0.864917395529641
5425,2024-12-03,NSE:CANBK,102.0,105.4,102.0,105.12,27016365.0,3.352669354045827,-0.2940888148220874
5426,2024-12-04,NSE:CANBK,105.9,109.45,105.57,108.63,53999025.0,3.339041095890402,3.352669354045827
5427,2024-12-05,NSE:CANBK,109.32,109.32,107.05,108.17,24991310.0,-0.4234557672834334,3.339041095890402
5428,2024-12-06,NSE:CANBK,110.0,110.8,107.72,109.32,59964689.0,1.0631413515762147,-0.4234557672834334
5429,2024-12-09,NSE:CANBK,109.6,110.25,108.66,108.99,17122712.0,-0.30186608122941666,1.0631413515762147
5430,2024-12-10,NSE:CANBK,109.51,110.2,108.76,109.68,19506335.0,0.633085604183881,-0.30186608122941666
5431,2024-12-11,NSE:CANBK,109.1,109.98,108.51,108.75,10634931.0,-0.8479212253829382,0.633085604183881
5432,2024-12-12,NSE:CANBK,108.11,108.75,107.35,107.5,10577584.0,-1.1494252873563218,-0.8479212253829382
5433,2024-12-13,NSE:CANBK,107.0,107.49,104.0,106.58,21008467.0,-0.8558139534883737,-1.1494252873563218
5434,2024-12-16,NSE:CANBK,106.5,108.41,106.43,107.34,13504751.0,0.7130793769938123,-0.8558139534883737
5435,2024-12-17,NSE:CANBK,106.69,107.3,105.0,105.16,13726161.0,-2.030929755915788,0.7130793769938123
5436,2024-12-18,NSE:CANBK,104.43,105.0,102.8,103.19,18763147.0,-1.8733358691517679,-2.030929755915788
5437,2024-12-19,NSE:CANBK,101.0,104.02,100.0,102.9,17354119.0,-0.28103498401007077,-1.8733358691517679
5438,2024-12-20,NSE:CANBK,102.55,103.29,99.37,99.61,19435112.0,-3.197278911564632,-0.28103498401007077
5439,2024-12-23,NSE:CANBK,101.1,101.99,99.1,101.08,20493999.0,1.4757554462403362,-3.197278911564632
5440,2024-12-24,NSE:CANBK,100.99,101.45,99.81,100.55,15379038.0,-0.5243371586861902,1.4757554462403362
5441,2024-12-26,NSE:CANBK,100.8,102.63,100.5,101.03,14937263.0,0.47737444057683137,-0.5243371586861902
5442,2024-12-27,NSE:CANBK,101.03,101.87,100.2,100.36,7369762.0,-0.6631693556369411,0.47737444057683137
5443,2024-12-30,NSE:CANBK,100.36,101.39,98.7,99.44,42398975.0,-0.9166998804304521,-0.6631693556369411
5444,2024-12-31,NSE:CANBK,99.05,100.48,99.01,100.12,12525017.0,0.6838294448913986,-0.9166998804304521
5445,2025-01-01,NSE:CANBK,100.55,100.87,99.25,100.38,9259122.0,0.25968837395124944,0.6838294448913986
5446,2025-01-02,NSE:CANBK,100.38,101.33,99.4,101.1,15233832.0,0.7172743574417204,0.25968837395124944
5447,2025-01-03,NSE:CANBK,101.51,103.14,101.16,101.45,19285506.0,0.3461918892186039,0.7172743574417204
