,datetime,symbol,open,high,low,close,volume,change (%),last day change (%)
0,2015-03-02,NSE:GREENLAM,92.65,97.279998,92.2,97.229998,212400.0,,
1,2015-03-03,NSE:GREENLAM,102.090002,102.090002,97.8,102.090002,213555.0,4.99846148304971,
2,2015-03-04,NSE:GREENLAM,106.8,107.190002,104.0,107.190002,37720.0,4.995592026729521,4.99846148304971
3,2015-03-05,NSE:GREENLAM,112.540002,112.540002,108.1,112.530004,119615.0,4.98180977737084,4.995592026729521
4,2015-03-09,NSE:GREENLAM,116.4,116.4,106.909998,107.15,57515.0,-4.780950687605058,4.98180977737084
5,2015-03-10,NSE:GREENLAM,106.0,106.0,101.8,101.890002,26840.0,-4.909004199720028,-4.780950687605058
6,2015-03-11,NSE:GREENLAM,102.4,103.8,97.040002,98.890002,24590.0,-2.9443516940945784,-4.909004199720028
7,2015-03-12,NSE:GREENLAM,94.8,100.0,94.8,97.609998,16140.0,-1.2943714977374468,-2.9443516940945784
8,2015-03-13,NSE:GREENLAM,99.990002,100.2,93.009998,93.390002,22900.0,-4.3233235185600645,-1.2943714977374468
9,2015-03-16,NSE:GREENLAM,93.8,94.2,90.220002,91.879998,13940.0,-1.6168797169529938,-4.3233235185600645
10,2015-03-17,NSE:GREENLAM,91.8,96.4,86.2,89.840002,41215.0,-2.220283026127191,-1.6168797169529938
11,2015-03-18,NSE:GREENLAM,91.0,94.970002,90.209998,93.95,25365.0,4.574797315788133,-2.220283026127191
12,2015-03-19,NSE:GREENLAM,93.679998,95.559998,90.0,92.6,32755.0,-1.4369345396487585,4.574797315788133
13,2015-03-20,NSE:GREENLAM,92.8,92.959998,89.6,90.4,6545.0,-2.3758099352051714,-1.4369345396487585
14,2015-03-23,NSE:GREENLAM,89.079998,91.3,89.079998,90.090002,38265.0,-0.34291814159292844,-2.3758099352051714
15,2015-03-24,NSE:GREENLAM,91.020002,91.020002,86.479998,88.320002,10695.0,-1.964701921085534,-0.34291814159292844
16,2015-03-25,NSE:GREENLAM,89.0,90.6,82.2,87.320002,49760.0,-1.1322463511719576,-1.964701921085534
17,2015-03-26,NSE:GREENLAM,87.0,89.0,80.479998,83.240002,18195.0,-4.672468972229293,-1.1322463511719576
18,2015-03-27,NSE:GREENLAM,85.0,87.0,81.009998,85.890002,18940.0,3.1835655169734274,-4.672468972229293
19,2015-03-30,NSE:GREENLAM,85.0,88.0,84.0,87.870002,8760.0,2.305274134235093,3.1835655169734274
20,2015-03-31,NSE:GREENLAM,87.0,88.0,85.070002,87.890002,10005.0,0.022760896261270168,2.305274134235093
21,2015-04-01,NSE:GREENLAM,88.0,88.0,86.0,86.370002,2640.0,-1.7294344810687294,0.022760896261270168
22,2015-04-06,NSE:GREENLAM,89.0,89.0,86.0,87.259998,7545.0,1.0304457327672591,-1.7294344810687294
23,2015-04-07,NSE:GREENLAM,86.209998,89.179998,84.4,87.990002,26440.0,0.8365849378085112,1.0304457327672591
24,2015-04-08,NSE:GREENLAM,88.0,88.0,85.2,85.779998,24375.0,-2.5116535399101343,0.8365849378085112
25,2015-04-09,NSE:GREENLAM,85.0,90.0,81.1,87.779998,54445.0,2.3315458692363222,-2.5116535399101343
26,2015-04-10,NSE:GREENLAM,87.740002,90.0,87.0,88.0,10430.0,0.2506288505497503,2.3315458692363222
27,2015-04-13,NSE:GREENLAM,89.6,91.009998,88.2,89.979998,19920.0,2.249997727272721,0.2506288505497503
28,2015-04-15,NSE:GREENLAM,90.6,90.6,86.0,86.709998,15225.0,-3.6341410009811246,2.249997727272721
29,2015-04-16,NSE:GREENLAM,87.990002,88.0,85.0,86.970002,6560.0,0.29985469495685496,-3.6341410009811246
30,2015-04-17,NSE:GREENLAM,87.390002,87.390002,84.4,85.070002,5890.0,-2.1846613272470563,0.29985469495685496
31,2015-04-20,NSE:GREENLAM,84.75,86.8,82.0,83.270002,23185.0,-2.115904499449756,-2.1846613272470563
32,2015-04-21,NSE:GREENLAM,82.270002,84.179998,82.0,82.270002,14675.0,-1.2009126648033466,-2.115904499449756
33,2015-04-22,NSE:GREENLAM,82.129998,86.090002,82.129998,83.740002,4685.0,1.786799518978982,-1.2009126648033466
34,2015-04-23,NSE:GREENLAM,82.109998,84.179998,82.009998,82.159998,1770.0,-1.8867971844567215,1.786799518978982
35,2015-04-24,NSE:GREENLAM,82.220002,82.570002,80.8,81.890002,15275.0,-0.32862220858380026,-1.8867971844567215
36,2015-04-27,NSE:GREENLAM,82.0,82.0,66.25,80.009998,19470.0,-2.2957674369088426,-0.32862220858380026
37,2015-04-28,NSE:GREENLAM,80.0,82.2,78.0,80.190002,6580.0,0.2249768835139965,-2.2957674369088426
38,2015-04-29,NSE:GREENLAM,79.0,80.0,75.820002,77.170002,1520.0,-3.766055523979174,0.2249768835139965
39,2015-04-30,NSE:GREENLAM,79.870002,81.590002,77.309998,79.509998,32770.0,3.0322611628285294,-3.766055523979174
40,2015-05-04,NSE:GREENLAM,77.040002,81.6,77.040002,80.420002,11615.0,1.1445151841155885,3.0322611628285294
41,2015-05-05,NSE:GREENLAM,78.140002,84.0,78.140002,81.959998,4520.0,1.9149415092031485,1.1445151841155885
42,2015-05-06,NSE:GREENLAM,81.6,81.6,76.6,77.459998,5005.0,-5.490483296497884,1.9149415092031485
43,2015-05-07,NSE:GREENLAM,79.390002,80.009998,73.6,75.309998,8840.0,-2.775626201281345,-5.490483296497884
44,2015-05-08,NSE:GREENLAM,77.6,79.940002,75.0,76.0,509115.0,0.9162156663448683,-2.775626201281345
45,2015-05-11,NSE:GREENLAM,76.6,82.0,76.6,80.55,4710.0,5.986842105263154,0.9162156663448683
46,2015-05-12,NSE:GREENLAM,78.0,82.0,77.209998,80.25,1750.0,-0.3724394785847265,5.986842105263154
47,2015-05-13,NSE:GREENLAM,80.0,82.9,79.979998,80.9,5270.0,0.8099688473520321,-0.3724394785847265
48,2015-05-14,NSE:GREENLAM,81.090002,81.740002,79.0,79.259998,3330.0,-2.027196538936971,0.8099688473520321
49,2015-05-15,NSE:GREENLAM,81.6,81.6,78.2,78.990002,2215.0,-0.3406459838669084,-2.027196538936971
50,2015-05-18,NSE:GREENLAM,78.990002,82.4,78.409998,80.85,105920.0,2.3547258550518713,-0.3406459838669084
51,2015-05-19,NSE:GREENLAM,81.990002,86.4,80.309998,84.209998,6200.0,4.155841682127402,2.3547258550518713
52,2015-05-20,NSE:GREENLAM,83.840002,88.0,83.840002,87.309998,1900.0,3.6812730953870756,4.155841682127402
53,2015-05-21,NSE:GREENLAM,84.0,86.8,82.0,85.840002,1660.0,-1.683651395800049,3.6812730953870756
54,2015-05-22,NSE:GREENLAM,85.640002,88.0,83.2,86.759998,6890.0,1.071756731785721,-1.683651395800049
55,2015-05-25,NSE:GREENLAM,83.95,89.790002,83.95,87.240002,7670.0,0.5532549689547113,1.071756731785721
56,2015-05-26,NSE:GREENLAM,88.379998,88.379998,84.0,84.0,510.0,-3.7138949171505105,0.5532549689547113
57,2015-05-27,NSE:GREENLAM,85.0,85.0,81.0,82.490002,3685.0,-1.797616666666662,-3.7138949171505105
58,2015-05-28,NSE:GREENLAM,87.159998,87.579998,80.55,83.820002,13085.0,1.6123166053505469,-1.797616666666662
59,2015-05-29,NSE:GREENLAM,86.4,86.4,80.309998,82.959998,12925.0,-1.026012860271709,1.6123166053505469
60,2015-06-01,NSE:GREENLAM,80.329998,86.290002,80.329998,84.670002,2230.0,2.061239201090624,-1.026012860271709
61,2015-06-02,NSE:GREENLAM,82.429998,83.0,81.6,82.3,3380.0,-2.7991046935371506,2.061239201090624
62,2015-06-03,NSE:GREENLAM,80.3,81.6,78.0,78.279998,4730.0,-4.884571081409467,-2.7991046935371506
63,2015-06-04,NSE:GREENLAM,79.929998,80.0,76.2,78.9,6300.0,0.7920311903942555,-4.884571081409467
64,2015-06-05,NSE:GREENLAM,77.809998,77.829998,74.7,75.040002,11040.0,-4.892266159695822,0.7920311903942555
65,2015-06-08,NSE:GREENLAM,76.4,79.690002,71.990002,72.95,30735.0,-2.7851838276869962,-4.892266159695822
66,2015-06-09,NSE:GREENLAM,75.95,75.95,62.740002,68.970002,26665.0,-5.455788896504467,-2.7851838276869962
67,2015-06-10,NSE:GREENLAM,68.0,71.9,68.0,69.879998,11980.0,1.319408400191154,-5.455788896504467
68,2015-06-11,NSE:GREENLAM,68.6,81.95,66.420002,76.120002,38210.0,8.92959956867772,1.319408400191154
69,2015-06-12,NSE:GREENLAM,70.479998,75.959998,70.479998,72.040002,17250.0,-5.359957820284868,8.92959956867772
70,2015-06-15,NSE:GREENLAM,70.35,79.9,69.590002,70.209998,11620.0,-2.540260895606308,-5.359957820284868
71,2015-06-16,NSE:GREENLAM,70.4,76.0,69.0,69.470002,60535.0,-1.0539752472290413,-2.540260895606308
72,2015-06-17,NSE:GREENLAM,70.0,71.0,69.4,70.0,115965.0,0.7629163448131271,-1.0539752472290413
73,2015-06-18,NSE:GREENLAM,70.2,70.2,69.129998,69.929998,5980.0,-0.10000285714286047,0.7629163448131271
74,2015-06-19,NSE:GREENLAM,70.0,71.6,69.0,69.009998,28005.0,-1.3156013532275543,-0.10000285714286047
75,2015-06-22,NSE:GREENLAM,69.2,69.990002,66.320002,66.909998,31520.0,-3.043037329170759,-1.3156013532275543
76,2015-06-23,NSE:GREENLAM,68.979998,68.979998,67.2,67.909998,13540.0,1.494544955747869,-3.043037329170759
77,2015-06-24,NSE:GREENLAM,68.0,69.6,67.0,67.090002,8150.0,-1.2074746342946487,1.494544955747869
78,2015-06-25,NSE:GREENLAM,67.609998,68.0,66.020002,67.009998,26785.0,-0.1192487667536549,-1.2074746342946487
79,2015-06-26,NSE:GREENLAM,67.990002,68.0,66.5,66.740002,11445.0,-0.402918979343936,-0.1192487667536549
80,2015-06-29,NSE:GREENLAM,62.8,66.940002,62.8,64.559998,29040.0,-3.2664128478749688,-0.402918979343936
81,2015-06-30,NSE:GREENLAM,66.0,68.6,62.0,63.240002,18885.0,-2.044603532980277,-3.2664128478749688
82,2015-07-01,NSE:GREENLAM,62.0,65.779998,62.0,62.520002,13510.0,-1.1385198880923484,-2.044603532980277
83,2015-07-02,NSE:GREENLAM,62.609998,63.979998,60.640002,63.35,36675.0,1.327571934498664,-1.1385198880923484
84,2015-07-03,NSE:GREENLAM,64.990002,66.75,64.0,65.790002,12205.0,3.851621152328334,1.327571934498664
85,2015-07-06,NSE:GREENLAM,65.0,70.0,62.3,63.020002,70350.0,-4.210366189075359,3.851621152328334
86,2015-07-07,NSE:GREENLAM,62.940002,64.0,61.990002,62.5,72470.0,-0.8251380252257023,-4.210366189075359
87,2015-07-08,NSE:GREENLAM,62.0,62.0,59.8,61.690002,40750.0,-1.2959968000000004,-0.8251380252257023
88,2015-07-09,NSE:GREENLAM,61.8,66.6,60.0,62.979998,70820.0,2.0910941127867075,-1.2959968000000004
89,2015-07-10,NSE:GREENLAM,64.0,75.2,63.6,66.679998,173230.0,5.8748811011394375,2.0910941127867075
90,2015-07-13,NSE:GREENLAM,66.970002,73.6,66.970002,70.179998,148285.0,5.2489503673950315,5.8748811011394375
91,2015-07-14,NSE:GREENLAM,71.2,76.6,69.0,70.620002,1017445.0,0.6269649651457696,5.2489503673950315
92,2015-07-15,NSE:GREENLAM,70.0,72.0,64.279998,66.320002,118140.0,-6.088926477232325,0.6269649651457696
93,2015-07-16,NSE:GREENLAM,66.2,67.779998,64.620002,65.059998,67580.0,-1.899885346806849,-6.088926477232325
94,2015-07-17,NSE:GREENLAM,64.1,66.0,64.1,64.929998,63895.0,-0.1998155610149196,-1.899885346806849
95,2015-07-20,NSE:GREENLAM,65.8,67.559998,64.6,66.390002,68110.0,2.248581618622563,-0.1998155610149196
96,2015-07-21,NSE:GREENLAM,66.4,68.4,65.2,65.95,24615.0,-0.6627534067554218,2.248581618622563
97,2015-07-22,NSE:GREENLAM,65.620002,67.0,62.4,65.809998,111310.0,-0.21228506444277442,-0.6627534067554218
98,2015-07-23,NSE:GREENLAM,66.8,68.220002,65.409998,67.2,30210.0,2.1121441152452394,-0.21228506444277442
99,2015-07-24,NSE:GREENLAM,68.4,68.4,65.0,66.720002,25690.0,-0.7142827380952516,2.1121441152452394
100,2015-07-27,NSE:GREENLAM,66.2,69.240002,64.9,65.820002,12280.0,-1.3489208228740632,-0.7142827380952516
101,2015-07-28,NSE:GREENLAM,66.0,67.959998,66.0,66.759998,14390.0,1.4281312236970056,-1.3489208228740632
102,2015-07-29,NSE:GREENLAM,67.6,68.0,64.4,67.359998,54530.0,0.8987417884584247,1.4281312236970056
103,2015-07-30,NSE:GREENLAM,67.6,70.770002,67.4,67.940002,36700.0,0.8610510944492641,0.8987417884584247
104,2015-07-31,NSE:GREENLAM,69.6,71.540002,69.009998,70.529998,58740.0,3.8121812242513613,0.8610510944492641
105,2015-08-03,NSE:GREENLAM,72.0,75.0,71.8,73.409998,61180.0,4.083368895033848,3.8121812242513613
106,2015-08-04,NSE:GREENLAM,73.420002,81.4,72.0,80.659998,188235.0,9.876038955892628,4.083368895033848
107,2015-08-05,NSE:GREENLAM,82.2,83.8,80.6,81.05,80880.0,0.4835135255024374,9.876038955892628
108,2015-08-06,NSE:GREENLAM,80.520002,81.2,78.009998,78.35,16250.0,-3.33127698951265,0.4835135255024374
109,2015-08-07,NSE:GREENLAM,77.0,77.990002,75.009998,77.229998,13135.0,-1.4294856413529031,-3.33127698951265
110,2015-08-10,NSE:GREENLAM,78.0,79.529998,77.0,77.859998,7565.0,0.815745197869887,-1.4294856413529031
111,2015-08-11,NSE:GREENLAM,77.009998,77.4,75.0,76.1,11040.0,-2.2604649951314024,0.815745197869887
112,2015-08-12,NSE:GREENLAM,75.109998,76.0,74.0,74.829998,60545.0,-1.6688593955321827,-2.2604649951314024
113,2015-08-13,NSE:GREENLAM,74.990002,76.779998,73.4,75.0,70065.0,0.2271842904499298,-1.6688593955321827
114,2015-08-14,NSE:GREENLAM,75.009998,76.190002,75.0,75.0,42365.0,0.0,0.2271842904499298
115,2015-08-17,NSE:GREENLAM,77.590002,78.0,73.6,75.65,4850.0,0.8666666666666742,0.0
116,2015-08-18,NSE:GREENLAM,75.1,76.8,74.079998,75.0,15950.0,-0.8592200925314021,0.8666666666666742
117,2015-08-19,NSE:GREENLAM,75.0,78.7,75.0,76.309998,3805.0,1.746663999999991,-0.8592200925314021
118,2015-08-20,NSE:GREENLAM,75.009998,76.0,74.8,75.85,13665.0,-0.6028017455851576,1.746663999999991
119,2015-08-21,NSE:GREENLAM,71.0,76.0,69.540002,75.640002,22030.0,-0.2768595912986141,-0.6028017455851576
120,2015-08-24,NSE:GREENLAM,71.0,74.4,70.340002,71.909998,61875.0,-4.931258462949266,-0.2768595912986141
121,2015-08-25,NSE:GREENLAM,72.0,80.0,66.0,73.629998,36500.0,2.3918788038347585,-4.931258462949266
122,2015-08-26,NSE:GREENLAM,73.6,74.6,70.0,73.659998,17915.0,0.04074426295652098,2.3918788038347585
123,2015-08-27,NSE:GREENLAM,74.009998,75.779998,73.090002,74.570002,13880.0,1.2354113829870057,0.04074426295652098
124,2015-08-28,NSE:GREENLAM,75.390002,75.4,72.0,72.25,15445.0,-3.111173310683299,1.2354113829870057
125,2015-08-31,NSE:GREENLAM,72.0,77.0,72.0,75.0,17795.0,3.8062283737024223,-3.111173310683299
126,2015-09-01,NSE:GREENLAM,72.75,76.0,72.509998,75.15,20370.0,0.2000000000000076,3.8062283737024223
127,2015-09-02,NSE:GREENLAM,75.0,75.579998,72.309998,75.05,28495.0,-0.13306719893547375,0.2000000000000076
128,2015-09-03,NSE:GREENLAM,75.0,76.0,75.0,75.529998,17395.0,0.6395709526982133,-0.13306719893547375
129,2015-09-04,NSE:GREENLAM,73.020002,75.240002,73.020002,74.370002,13960.0,-1.5358083287649584,0.6395709526982133
130,2015-09-07,NSE:GREENLAM,73.1,74.690002,71.6,71.720002,6405.0,-3.563264661469292,-1.5358083287649584
131,2015-09-08,NSE:GREENLAM,71.070002,71.790002,69.470002,71.209998,8740.0,-0.7111042746485075,-3.563264661469292
132,2015-09-09,NSE:GREENLAM,71.1,74.6,71.1,73.590002,2225.0,3.342232926337113,-0.7111042746485075
133,2015-09-10,NSE:GREENLAM,71.0,76.0,69.6,75.229998,25120.0,2.2285581674532318,3.342232926337113
134,2015-09-11,NSE:GREENLAM,76.0,77.590002,75.020002,76.990002,4630.0,2.3394976030705323,2.2285581674532318
135,2015-09-14,NSE:GREENLAM,77.4,79.35,75.629998,78.209998,4910.0,1.5846161427557757,2.3394976030705323
136,2015-09-15,NSE:GREENLAM,78.0,79.590002,76.7,77.440002,7925.0,-0.9845237433710099,1.5846161427557757
137,2015-09-16,NSE:GREENLAM,77.440002,79.0,75.6,78.25,6075.0,1.0459684647218799,-0.9845237433710099
138,2015-09-18,NSE:GREENLAM,77.059998,79.570002,76.0,76.129998,8160.0,-2.7092677316293923,1.0459684647218799
139,2015-09-21,NSE:GREENLAM,76.970002,77.470002,75.8,76.459998,2660.0,0.4334690774587939,-2.7092677316293923
140,2015-09-22,NSE:GREENLAM,79.4,80.279998,76.009998,80.0,27015.0,4.629874565259603,0.4334690774587939
141,2015-09-23,NSE:GREENLAM,79.790002,79.8,78.0,79.209998,5795.0,-0.9875025000000015,4.629874565259603
142,2015-09-24,NSE:GREENLAM,80.0,80.990002,79.6,79.990002,12710.0,0.9847292257222443,-0.9875025000000015
143,2015-09-28,NSE:GREENLAM,81.2,82.8,80.320002,81.759998,6715.0,2.2127715411233417,0.9847292257222443
144,2015-09-29,NSE:GREENLAM,79.609998,81.859998,78.359998,79.179998,5455.0,-3.1555773766041413,2.2127715411233417
145,2015-09-30,NSE:GREENLAM,78.009998,78.95,72.740002,78.009998,13285.0,-1.4776459074929527,-3.1555773766041413
146,2015-10-01,NSE:GREENLAM,78.8,79.9,78.790002,78.8,10180.0,1.0126932704190061,-1.4776459074929527
147,2015-10-05,NSE:GREENLAM,83.0,83.0,72.4,79.420002,10410.0,0.7868045685279181,1.0126932704190061
148,2015-10-06,NSE:GREENLAM,79.409998,81.0,78.379998,78.379998,1500.0,-1.3094988338076299,0.7868045685279181
149,2015-10-07,NSE:GREENLAM,79.990002,80.0,76.0,77.709998,10680.0,-0.8548099222967596,-1.3094988338076299
150,2015-10-08,NSE:GREENLAM,78.6,80.0,78.340002,79.959998,6365.0,2.8953803344583795,-0.8548099222967596
151,2015-10-09,NSE:GREENLAM,80.2,82.0,79.009998,80.429998,16775.0,0.5877939116506717,2.8953803344583795
152,2015-10-12,NSE:GREENLAM,79.909998,81.0,78.0,78.5,1105.0,-2.39959971154046,0.5877939116506717
153,2015-10-13,NSE:GREENLAM,81.0,83.0,80.709998,82.0,9425.0,4.45859872611465,-2.39959971154046
154,2015-10-14,NSE:GREENLAM,82.779998,82.8,81.070002,81.520002,3345.0,-0.58536341463414,4.45859872611465
155,2015-10-15,NSE:GREENLAM,80.409998,84.0,80.409998,81.7,7035.0,0.22080225169768478,-0.58536341463414
156,2015-10-16,NSE:GREENLAM,80.35,83.0,80.35,82.070002,3075.0,0.45287882496939963,0.22080225169768478
157,2015-10-19,NSE:GREENLAM,82.4,83.940002,80.440002,83.35,6215.0,1.5596417312137898,0.45287882496939963
158,2015-10-20,NSE:GREENLAM,82.0,84.2,80.729998,82.55,8855.0,-0.9598080383923182,1.5596417312137898
159,2015-10-21,NSE:GREENLAM,82.0,86.0,80.440002,85.220002,7955.0,3.234405814657779,-0.9598080383923182
160,2015-10-23,NSE:GREENLAM,84.990002,85.0,79.6,82.359998,7675.0,-3.3560243286546623,3.234405814657779
161,2015-10-26,NSE:GREENLAM,83.979998,84.8,80.740002,81.8,7495.0,-0.6799393074293267,-3.3560243286546623
162,2015-10-27,NSE:GREENLAM,81.6,84.5,80.6,83.329998,4290.0,1.8704132029339928,-0.6799393074293267
163,2015-10-28,NSE:GREENLAM,84.3,84.3,80.620002,81.4,11680.0,-2.316090299198132,1.8704132029339928
164,2015-10-29,NSE:GREENLAM,81.6,83.190002,80.179998,82.1,850.0,0.8599508599508459,-2.316090299198132
165,2015-10-30,NSE:GREENLAM,83.0,84.009998,81.0,81.109998,10125.0,-1.2058489646772106,0.8599508599508459
166,2015-11-02,NSE:GREENLAM,82.990002,84.2,81.2,84.109998,13760.0,3.698680895048228,-1.2058489646772106
167,2015-11-03,NSE:GREENLAM,82.6,85.0,80.209998,84.040002,7865.0,-0.08321959536844035,3.698680895048228
168,2015-11-04,NSE:GREENLAM,83.6,89.8,81.0,82.879998,128505.0,-1.3802998243622135,-0.08321959536844035
169,2015-11-05,NSE:GREENLAM,83.2,84.0,81.6,81.6,5585.0,-1.5443991685424585,-1.3802998243622135
170,2015-11-06,NSE:GREENLAM,82.0,84.990002,81.2,82.729998,20745.0,1.384801470588236,-1.5443991685424585
171,2015-11-09,NSE:GREENLAM,82.0,82.779998,81.6,82.659998,1005.0,-0.08461259723467318,1.384801470588236
172,2015-11-10,NSE:GREENLAM,82.2,84.779998,79.590002,80.040002,8075.0,-3.1696056900461094,-0.08461259723467318
173,2015-11-11,NSE:GREENLAM,85.0,86.0,82.409998,84.0,2800.0,4.9475236145046555,-3.1696056900461094
174,2015-11-13,NSE:GREENLAM,82.6,84.379998,80.590002,81.090002,4945.0,-3.464283333333335,4.9475236145046555
175,2015-11-16,NSE:GREENLAM,81.2,83.6,81.2,82.020002,10885.0,1.1468738155907394,-3.464283333333335
176,2015-11-17,NSE:GREENLAM,83.390002,85.0,82.4,84.409998,7200.0,2.9139184853957896,1.1468738155907394
177,2015-11-18,NSE:GREENLAM,83.109998,83.109998,82.0,82.290002,8205.0,-2.511546084860706,2.9139184853957896
178,2015-11-19,NSE:GREENLAM,82.6,85.2,81.6,82.05,1080.0,-0.29165389982613443,-2.511546084860706
179,2015-11-20,NSE:GREENLAM,82.6,85.579998,81.6,83.990002,7680.0,2.364414381474719,-0.29165389982613443
180,2015-11-23,NSE:GREENLAM,82.6,88.0,82.6,86.720002,7090.0,3.250386873428089,2.364414381474719
181,2015-11-24,NSE:GREENLAM,86.720002,89.2,86.0,87.859998,4450.0,1.3145710028927478,3.250386873428089
182,2015-11-26,NSE:GREENLAM,88.0,88.0,85.0,86.429998,12600.0,-1.6275893837375308,1.3145710028927478
183,2015-11-27,NSE:GREENLAM,88.590002,90.0,86.220002,86.4,10230.0,-0.034707856871629195,-1.6275893837375308
184,2015-11-30,NSE:GREENLAM,86.309998,87.0,85.320002,86.979998,5820.0,0.6712939814814688,-0.034707856871629195
185,2015-12-01,NSE:GREENLAM,89.2,89.8,87.6,88.009998,4615.0,1.1841802985555383,0.6712939814814688
186,2015-12-02,NSE:GREENLAM,87.8,96.4,87.2,91.329998,32095.0,3.77229868815587,1.1841802985555383
187,2015-12-03,NSE:GREENLAM,90.6,93.0,90.590002,91.740002,12480.0,0.4489258830379047,3.77229868815587
188,2015-12-04,NSE:GREENLAM,89.609998,99.940002,89.6,96.890002,15310.0,5.613690743106798,0.4489258830379047
189,2015-12-07,NSE:GREENLAM,96.890002,104.8,96.890002,102.590002,24635.0,5.882959936361652,5.613690743106798
190,2015-12-08,NSE:GREENLAM,104.0,109.8,100.9,106.459998,21465.0,3.7722935223258895,5.882959936361652
191,2015-12-09,NSE:GREENLAM,107.0,111.6,102.2,103.090002,45570.0,-3.1655044742721112,3.7722935223258895
192,2015-12-10,NSE:GREENLAM,91.1,107.2,91.1,104.559998,12705.0,1.4259345925708633,-3.1655044742721112
193,2015-12-11,NSE:GREENLAM,102.7,107.580004,102.7,105.869996,17065.0,1.25286727721629,1.4259345925708633
194,2015-12-14,NSE:GREENLAM,102.659998,107.0,102.659998,103.440002,6580.0,-2.2952622006333065,1.25286727721629
195,2015-12-15,NSE:GREENLAM,107.2,108.4,103.0,105.690002,14105.0,2.1751739718643854,-2.2952622006333065
196,2015-12-16,NSE:GREENLAM,102.8,108.980004,102.8,105.240002,8090.0,-0.4257734804470936,2.1751739718643854
197,2015-12-17,NSE:GREENLAM,106.0,106.0,105.009998,105.709998,4190.0,0.44659444229200485,-0.4257734804470936
198,2015-12-18,NSE:GREENLAM,104.4,108.380004,103.819996,107.2,11340.0,1.4095185206606513,0.44659444229200485
199,2015-12-21,NSE:GREENLAM,108.0,116.2,108.0,111.440002,25935.0,3.9552257462686606,1.4095185206606513
200,2015-12-22,NSE:GREENLAM,111.0,116.8,111.0,114.040002,25270.0,2.333093999764998,3.9552257462686606
201,2015-12-23,NSE:GREENLAM,116.2,136.8,114.2,122.55,50540.0,7.462292047311606,2.333093999764998
202,2015-12-24,NSE:GREENLAM,122.4,123.990002,118.4,118.909998,28855.0,-2.9702178702570343,7.462292047311606
203,2015-12-28,NSE:GREENLAM,119.0,125.9,111.0,113.459998,27205.0,-4.583298369915037,-2.9702178702570343
204,2015-12-29,NSE:GREENLAM,113.980004,117.180004,113.8,114.669996,4020.0,1.0664533944377461,-4.583298369915037
205,2015-12-30,NSE:GREENLAM,117.2,117.990002,112.2,112.709998,19730.0,-1.7092509534926632,1.0664533944377461
206,2015-12-31,NSE:GREENLAM,117.2,121.2,112.2,114.069996,18355.0,1.206634747700026,-1.7092509534926632
207,2016-01-01,NSE:GREENLAM,113.019996,125.4,113.019996,123.519996,10770.0,8.284387070549212,1.206634747700026
208,2016-01-04,NSE:GREENLAM,123.0,123.0,118.440002,120.819996,14260.0,-2.185880899801845,8.284387070549212
209,2016-01-05,NSE:GREENLAM,119.8,120.0,118.430004,119.8,26220.0,-0.8442278048080768,-2.185880899801845
210,2016-01-06,NSE:GREENLAM,119.6,120.0,115.119996,116.080004,7810.0,-3.1051719532554216,-0.8442278048080768
211,2016-01-07,NSE:GREENLAM,115.8,116.990002,112.409998,114.040002,10525.0,-1.7574103460575357,-3.1051719532554216
212,2016-01-08,NSE:GREENLAM,114.2,120.0,113.0,119.040002,8385.0,4.3844264401187925,-1.7574103460575357
213,2016-01-11,NSE:GREENLAM,118.6,119.790002,116.6,117.609998,6995.0,-1.2012802217526817,4.3844264401187925
214,2016-01-12,NSE:GREENLAM,117.6,126.0,117.6,125.469996,15845.0,6.683103591243994,-1.2012802217526817
215,2016-01-13,NSE:GREENLAM,126.0,128.990002,115.0,119.819996,19880.0,-4.503068606139106,6.683103591243994
216,2016-01-14,NSE:GREENLAM,120.0,121.990002,116.2,119.240002,25795.0,-0.4840544311151531,-4.503068606139106
217,2016-01-15,NSE:GREENLAM,119.959998,119.959998,114.109998,114.440002,10190.0,-4.025494732883347,-0.4840544311151531
218,2016-01-18,NSE:GREENLAM,112.030004,112.4,107.980004,111.180004,11960.0,-2.8486525192476053,-4.025494732883347
219,2016-01-19,NSE:GREENLAM,112.8,119.8,110.040002,119.330004,22435.0,7.330454854094093,-2.8486525192476053
220,2016-01-20,NSE:GREENLAM,118.6,118.6,110.409998,111.25,7590.0,-6.771141983704284,7.330454854094093
221,2016-01-21,NSE:GREENLAM,114.0,114.4,111.2,111.4,13335.0,0.1348314606741624,-6.771141983704284
222,2016-01-22,NSE:GREENLAM,118.2,119.790002,112.0,114.580004,50680.0,2.854581687612205,0.1348314606741624
223,2016-01-25,NSE:GREENLAM,117.0,118.35,114.4,114.730004,21935.0,0.1309128947141523,2.854581687612205
224,2016-01-27,NSE:GREENLAM,116.040002,116.040002,111.8,114.209998,30310.0,-0.4532432509982263,0.1309128947141523
225,2016-01-28,NSE:GREENLAM,113.8,116.8,111.0,111.459998,38975.0,-2.4078452396085326,-0.4532432509982263
226,2016-01-29,NSE:GREENLAM,108.2,112.6,108.2,111.35,21810.0,-0.09868832045018025,-2.4078452396085326
227,2016-02-01,NSE:GREENLAM,113.119996,113.119996,106.819996,107.609998,50080.0,-3.3587804220924924,-0.09868832045018025
228,2016-02-02,NSE:GREENLAM,108.369996,112.780004,106.0,106.580004,4510.0,-0.9571545573302604,-3.3587804220924924
229,2016-02-03,NSE:GREENLAM,106.0,111.0,96.0,100.6,33460.0,-5.61081232460829,-0.9571545573302604
230,2016-02-04,NSE:GREENLAM,102.4,104.990002,99.2,99.709998,7445.0,-0.8846938369781269,-5.61081232460829
231,2016-02-05,NSE:GREENLAM,102.0,106.0,100.590002,102.530004,14245.0,2.8282078593562967,-0.8846938369781269
232,2016-02-08,NSE:GREENLAM,100.0,103.940002,97.379998,102.140002,2285.0,-0.3803784109869046,2.8282078593562967
233,2016-02-09,NSE:GREENLAM,100.979998,106.0,100.979998,104.109998,3330.0,1.9287213250691038,-0.3803784109869046
234,2016-02-10,NSE:GREENLAM,103.0,105.740002,99.8,101.470002,7675.0,-2.5357756706517374,1.9287213250691038
235,2016-02-11,NSE:GREENLAM,100.459998,101.590002,90.0,90.959998,21125.0,-10.357744942194833,-2.5357756706517374
236,2016-02-12,NSE:GREENLAM,89.0,93.8,88.4,92.709998,8440.0,1.9239226456447371,-10.357744942194833
237,2016-02-15,NSE:GREENLAM,98.2,102.190002,92.270002,96.270002,1685.0,3.839935364899918,1.9239226456447371
238,2016-02-16,NSE:GREENLAM,103.090002,103.090002,94.0,95.170002,5360.0,-1.142619691646011,3.839935364899918
239,2016-02-17,NSE:GREENLAM,90.679998,99.770002,90.679998,96.440002,1295.0,1.3344541066627384,-1.142619691646011
240,2016-02-18,NSE:GREENLAM,94.0,99.790002,91.620002,95.529998,1395.0,-0.9435959986811288,1.3344541066627384
241,2016-02-19,NSE:GREENLAM,95.0,96.4,92.0,92.75,1415.0,-2.910078570293706,-0.9435959986811288
242,2016-02-22,NSE:GREENLAM,95.770002,101.970002,95.770002,100.540002,3610.0,8.39892398921833,-2.910078570293706
243,2016-02-23,NSE:GREENLAM,98.029998,98.029998,96.4,96.620002,280.0,-3.898945615696329,8.39892398921833
244,2016-02-24,NSE:GREENLAM,96.990002,98.6,96.990002,97.0,4080.0,0.3932912359078615,-3.898945615696329
245,2016-02-25,NSE:GREENLAM,101.8,101.8,88.809998,91.809998,13560.0,-5.350517525773204,0.3932912359078615
246,2016-02-26,NSE:GREENLAM,95.8,97.6,91.6,93.109998,19315.0,1.415967790348946,-5.350517525773204
247,2016-02-29,NSE:GREENLAM,92.909998,98.879998,92.909998,98.45,7155.0,5.735154241975173,1.415967790348946
248,2016-03-01,NSE:GREENLAM,98.0,103.2,93.7,102.509998,7180.0,4.123918740477393,5.735154241975173
249,2016-03-02,NSE:GREENLAM,103.0,103.0,100.2,100.6,13355.0,-1.8632309406542,4.123918740477393
250,2016-03-03,NSE:GREENLAM,99.040002,102.0,99.029998,101.8,1805.0,1.1928429423459275,-1.8632309406542
251,2016-03-04,NSE:GREENLAM,102.0,103.8,96.340002,97.95,4865.0,-3.78192534381139,1.1928429423459275
252,2016-03-08,NSE:GREENLAM,105.969996,105.969996,92.2,94.740002,9330.0,-3.277180193976517,-3.78192534381139
253,2016-03-09,NSE:GREENLAM,97.2,98.8,95.2,96.95,5470.0,2.3326978608254607,-3.277180193976517
254,2016-03-10,NSE:GREENLAM,96.2,97.0,96.0,96.990002,5250.0,0.04126044352759278,2.3326978608254607
255,2016-03-11,NSE:GREENLAM,98.0,98.0,95.0,95.090002,5835.0,-1.958964801341076,0.04126044352759278
256,2016-03-14,NSE:GREENLAM,97.2,97.2,95.0,95.690002,24225.0,0.6309811624570253,-1.958964801341076
257,2016-03-15,NSE:GREENLAM,97.2,99.2,94.1,95.640002,23255.0,-0.05225206286442691,0.6309811624570253
258,2016-03-16,NSE:GREENLAM,96.4,97.6,96.4,97.6,710.0,2.0493496016447166,-0.05225206286442691
259,2016-03-17,NSE:GREENLAM,98.0,99.590002,96.2,97.4,25990.0,-0.2049180327868736,2.0493496016447166
260,2016-03-18,NSE:GREENLAM,102.0,102.0,96.429998,97.190002,6555.0,-0.21560369609856136,-0.2049180327868736
261,2016-03-21,NSE:GREENLAM,99.2,101.1,94.209998,98.009998,11445.0,0.8437040674204215,-0.21560369609856136
262,2016-03-22,NSE:GREENLAM,97.340002,99.8,95.0,96.1,13115.0,-1.9487787358183617,0.8437040674204215
263,2016-03-23,NSE:GREENLAM,96.4,98.979998,96.0,96.029998,2590.0,-0.07284287200831231,-1.9487787358183617
264,2016-03-28,NSE:GREENLAM,96.2,98.0,95.6,96.909998,25735.0,0.9163803169088846,-0.07284287200831231
265,2016-03-29,NSE:GREENLAM,99.2,100.0,96.409998,98.659998,7305.0,1.8057992323970535,0.9163803169088846
266,2016-03-30,NSE:GREENLAM,100.0,100.990002,95.0,95.640002,4345.0,-3.0610136440505564,1.8057992323970535
267,2016-03-31,NSE:GREENLAM,96.220002,101.0,96.220002,99.579998,4850.0,4.119610955256993,-3.0610136440505564
268,2016-04-01,NSE:GREENLAM,99.970002,107.8,99.0,104.759998,322305.0,5.201847865070245,4.119610955256993
269,2016-04-04,NSE:GREENLAM,106.0,110.0,106.0,109.95,11370.0,4.954182988816024,5.201847865070245
270,2016-04-05,NSE:GREENLAM,109.890002,115.969996,108.7,114.490002,7670.0,4.129151432469305,4.954182988816024
271,2016-04-06,NSE:GREENLAM,114.6,117.8,109.0,111.730004,12800.0,-2.4106891010448317,4.129151432469305
272,2016-04-07,NSE:GREENLAM,110.0,116.0,107.980004,115.119996,5410.0,3.0340927939105833,-2.4106891010448317
273,2016-04-08,NSE:GREENLAM,114.0,116.0,112.9,113.240002,11575.0,-1.6330733715452843,3.0340927939105833
274,2016-04-11,NSE:GREENLAM,110.180004,115.959998,108.0,112.359998,4345.0,-0.7771140802346502,-1.6330733715452843
275,2016-04-12,NSE:GREENLAM,115.959998,115.980004,111.85,112.890002,8400.0,0.4717016815895556,-0.7771140802346502
276,2016-04-13,NSE:GREENLAM,115.990002,115.990002,113.0,115.709998,6150.0,2.4980033218530755,0.4717016815895556
277,2016-04-18,NSE:GREENLAM,115.780004,123.969996,109.6,121.330004,18405.0,4.856975280563054,2.4980033218530755
278,2016-04-20,NSE:GREENLAM,113.6,122.0,111.6,119.4,5665.0,-1.5907062856439014,4.856975280563054
279,2016-04-21,NSE:GREENLAM,118.009998,121.180004,118.0,120.669996,1255.0,1.0636482412060233,-1.5907062856439014
280,2016-04-22,NSE:GREENLAM,120.8,120.8,118.030004,119.6,3660.0,-0.8867125511465197,1.0636482412060233
281,2016-04-25,NSE:GREENLAM,119.990002,119.990002,116.3,119.259998,6630.0,-0.2842826086956508,-0.8867125511465197
282,2016-04-26,NSE:GREENLAM,117.6,121.190002,116.459998,118.940002,5320.0,-0.2683179652577129,-0.2842826086956508
283,2016-04-27,NSE:GREENLAM,118.0,121.4,117.25,118.140002,4000.0,-0.6726080263560206,-0.2683179652577129
284,2016-04-28,NSE:GREENLAM,118.990002,119.0,117.069996,118.690002,1765.0,0.46554934034960604,-0.6726080263560206
285,2016-04-29,NSE:GREENLAM,117.0,121.4,117.0,120.490002,21420.0,1.516555707868298,0.46554934034960604
286,2016-05-02,NSE:GREENLAM,119.7,124.2,118.009998,123.659998,6805.0,2.6309203646622876,1.516555707868298
287,2016-05-03,NSE:GREENLAM,124.069996,124.2,117.0,118.640002,12235.0,-4.059514864297512,2.6309203646622876
288,2016-05-04,NSE:GREENLAM,115.6,123.2,115.6,122.190002,5950.0,2.992245397972946,-4.059514864297512
289,2016-05-05,NSE:GREENLAM,116.6,124.0,116.6,118.180004,10285.0,-3.2817725954370722,2.992245397972946
290,2016-05-06,NSE:GREENLAM,121.0,123.0,120.6,120.630004,3450.0,2.073108746890889,-3.2817725954370722
291,2016-05-09,NSE:GREENLAM,123.8,123.8,120.4,120.4,3810.0,-0.19066898149153164,2.073108746890889
292,2016-05-10,NSE:GREENLAM,120.4,123.190002,120.0,120.059998,2740.0,-0.28239368770765166,-0.19066898149153164
293,2016-05-11,NSE:GREENLAM,122.0,122.0,120.0,121.069996,7670.0,0.841244391824836,-0.28239368770765166
294,2016-05-12,NSE:GREENLAM,120.540002,122.990002,119.45,120.5,2115.0,-0.47079872704381953,0.841244391824836
295,2016-05-13,NSE:GREENLAM,123.519996,124.0,120.5,123.359998,5845.0,2.3734423236514557,-0.47079872704381953
296,2016-05-16,NSE:GREENLAM,120.009998,123.0,119.0,119.85,2450.0,-2.845329164159041,2.3734423236514557
297,2016-05-17,NSE:GREENLAM,121.0,123.969996,120.409998,121.769996,5280.0,1.6019991656237063,-2.845329164159041
298,2016-05-18,NSE:GREENLAM,123.0,123.75,119.0,122.559998,2760.0,0.6487657271500501,1.6019991656237063
299,2016-05-19,NSE:GREENLAM,120.0,122.909998,118.8,119.709998,1260.0,-2.325391682855604,0.6487657271500501
300,2016-05-20,NSE:GREENLAM,120.0,122.0,118.4,118.4,990.0,-1.0943095997712682,-2.325391682855604
301,2016-05-23,NSE:GREENLAM,122.0,123.8,119.3,123.230004,5915.0,4.07939527027026,-1.0943095997712682
302,2016-05-24,NSE:GREENLAM,123.590002,124.2,122.0,123.019996,9640.0,-0.17041953516449435,4.07939527027026
303,2016-05-25,NSE:GREENLAM,122.2,122.4,117.6,119.1,3795.0,-3.1864705962110516,-0.17041953516449435
304,2016-05-26,NSE:GREENLAM,122.0,129.0,118.6,126.690002,14620.0,6.372797649034435,-3.1864705962110516
305,2016-05-27,NSE:GREENLAM,127.0,127.0,125.1,126.0,2630.0,-0.5446380843849121,6.372797649034435
306,2016-05-30,NSE:GREENLAM,129.0,130.2,121.8,122.25,27350.0,-2.976190476190476,-0.5446380843849121
307,2016-05-31,NSE:GREENLAM,125.590002,129.0,122.209998,123.15,6970.0,0.7361963190184095,-2.976190476190476
308,2016-06-01,NSE:GREENLAM,123.4,126.919996,122.009998,124.680004,6480.0,1.2423905805927657,0.7361963190184095
309,2016-06-02,NSE:GREENLAM,127.790002,127.790002,124.1,125.35,3515.0,0.5373724562921874,1.2423905805927657
310,2016-06-03,NSE:GREENLAM,126.0,126.0,123.480004,123.95,11295.0,-1.1168727562824026,0.5373724562921874
311,2016-06-06,NSE:GREENLAM,127.080004,127.1,118.869996,119.990002,18800.0,-3.194835014118595,-1.1168727562824026
312,2016-06-07,NSE:GREENLAM,123.980004,125.990002,121.2,122.469996,2880.0,2.0668338683751255,-3.194835014118595
313,2016-06-08,NSE:GREENLAM,124.0,128.0,122.0,123.809998,32810.0,1.0941471738106354,2.0668338683751255
314,2016-06-09,NSE:GREENLAM,123.6,128.0,122.75,127.819996,7715.0,3.2388321337344745,1.0941471738106354
315,2016-06-10,NSE:GREENLAM,124.409998,129.0,122.509998,125.809998,24115.0,-1.5725223461906617,3.2388321337344745
316,2016-06-13,NSE:GREENLAM,125.0,127.180004,121.109998,125.680004,6315.0,-0.10332565143192864,-1.5725223461906617
317,2016-06-14,NSE:GREENLAM,124.2,128.409998,122.580004,123.090002,9335.0,-2.0607908319289985,-0.10332565143192864
318,2016-06-15,NSE:GREENLAM,126.390002,135.980004,125.819996,131.55,45040.0,6.873018005150421,-2.0607908319289985
319,2016-06-16,NSE:GREENLAM,129.5,131.790002,125.8,126.669996,20035.0,-3.7096191562143774,6.873018005150421
320,2016-06-17,NSE:GREENLAM,127.019996,129.769996,125.0,125.140002,7565.0,-1.2078582523994097,-3.7096191562143774
321,2016-06-20,NSE:GREENLAM,125.05,129.990002,125.05,128.75,7560.0,2.8847674143396644,-1.2078582523994097
322,2016-06-21,NSE:GREENLAM,129.990002,130.0,124.609998,125.909998,13505.0,-2.2058267961165035,2.8847674143396644
323,2016-06-22,NSE:GREENLAM,124.7,127.959998,124.6,126.75,1490.0,0.6671447965553922,-2.2058267961165035
324,2016-06-23,NSE:GREENLAM,128.0,130.0,122.380004,123.159998,29480.0,-2.8323487179487166,0.6671447965553922
325,2016-06-24,NSE:GREENLAM,122.2,132.0,120.0,129.540002,37570.0,5.180256660933029,-2.8323487179487166
326,2016-06-27,NSE:GREENLAM,129.0,131.0,124.0,125.119996,13065.0,-3.412078069907693,5.180256660933029
327,2016-06-28,NSE:GREENLAM,124.0,124.0,120.0,121.080004,36995.0,-3.228893965118092,-3.412078069907693
328,2016-06-29,NSE:GREENLAM,124.0,125.0,122.0,122.559998,8540.0,1.222327346470843,-3.228893965118092
329,2016-06-30,NSE:GREENLAM,121.330004,124.4,121.330004,123.65,7935.0,0.88936195968281,1.222327346470843
330,2016-07-01,NSE:GREENLAM,125.4,128.990002,124.009998,126.059998,17790.0,1.9490481196926708,0.88936195968281
331,2016-07-04,NSE:GREENLAM,124.8,126.009998,122.25,125.4,9035.0,-0.5235586311844836,1.9490481196926708
332,2016-07-05,NSE:GREENLAM,125.390002,126.0,123.0,125.05,14495.0,-0.2791068580542333,-0.5235586311844836
333,2016-07-07,NSE:GREENLAM,124.019996,127.3,124.009998,125.009998,6710.0,-0.03198880447820968,-0.2791068580542333
334,2016-07-08,NSE:GREENLAM,123.030004,133.159998,123.030004,130.180004,56925.0,4.135674012249805,-0.03198880447820968
335,2016-07-11,NSE:GREENLAM,132.169996,133.0,130.780004,131.6,10645.0,1.090794251319886,4.135674012249805
336,2016-07-12,NSE:GREENLAM,130.280004,133.940002,128.2,129.390002,17180.0,-1.679329787234031,1.090794251319886
337,2016-07-13,NSE:GREENLAM,127.6,130.0,124.6,127.040002,15760.0,-1.8162145171000215,-1.679329787234031
338,2016-07-14,NSE:GREENLAM,127.040002,129.409998,126.609998,127.030004,47875.0,-0.007869962092724113,-1.8162145171000215
339,2016-07-15,NSE:GREENLAM,129.8,144.0,129.0,130.980004,124305.0,3.109501594599653,-0.007869962092724113
340,2016-07-18,NSE:GREENLAM,131.580004,143.6,130.380004,131.709998,30315.0,0.5573324001425476,3.109501594599653
341,2016-07-19,NSE:GREENLAM,130.390002,133.4,129.4,130.959998,6575.0,-0.5694328535332602,0.5573324001425476
342,2016-07-20,NSE:GREENLAM,134.0,138.9,129.6,137.090002,26885.0,4.680821696408383,-0.5694328535332602
343,2016-07-21,NSE:GREENLAM,144.8,144.8,134.009998,134.9,2880.0,-1.597492135130316,4.680821696408383
344,2016-07-22,NSE:GREENLAM,133.5,140.0,133.5,139.5,2885.0,3.4099332839140057,-1.597492135130316
345,2016-07-25,NSE:GREENLAM,139.990002,148.259998,139.790002,143.469996,34405.0,2.8458752688172106,3.4099332839140057
346,2016-07-26,NSE:GREENLAM,146.0,148.259998,140.009998,140.309998,48530.0,-2.2025497233581866,2.8458752688172106
347,2016-07-27,NSE:GREENLAM,141.409998,160.590002,136.7,147.769996,680655.0,5.316797167939511,-2.2025497233581866
348,2016-07-28,NSE:GREENLAM,147.6,150.790002,144.0,148.030004,59235.0,0.17595452868524075,5.316797167939511
349,2016-07-29,NSE:GREENLAM,152.990002,153.0,146.55,147.419996,9830.0,-0.4120840258843697,0.17595452868524075
350,2016-08-01,NSE:GREENLAM,148.9,151.05,144.6,147.090002,9555.0,-0.22384615991985188,-0.4120840258843697
351,2016-08-02,NSE:GREENLAM,149.9,149.9,143.590002,147.119996,26385.0,0.02039159670416475,-0.22384615991985188
352,2016-08-03,NSE:GREENLAM,145.009998,148.980004,145.009998,148.490002,8590.0,0.9312167191739307,0.02039159670416475
353,2016-08-04,NSE:GREENLAM,150.569996,150.6,146.509998,149.709998,16040.0,0.8216014435773319,0.9312167191739307
354,2016-08-05,NSE:GREENLAM,149.990002,150.009998,148.4,148.790002,9460.0,-0.6145187444328374,0.8216014435773319
355,2016-08-08,NSE:GREENLAM,149.0,150.0,147.040002,149.909998,18935.0,0.7527360608544214,-0.6145187444328374
356,2016-08-09,NSE:GREENLAM,149.009998,149.6,148.0,148.030004,6295.0,-1.2540817991339115,0.7527360608544214
357,2016-08-10,NSE:GREENLAM,147.6,148.130004,140.419996,143.490002,12990.0,-3.0669471575505645,-1.2540817991339115
358,2016-08-11,NSE:GREENLAM,144.2,149.490002,142.8,144.05,8535.0,0.39026969976626474,-3.0669471575505645
359,2016-08-12,NSE:GREENLAM,144.009998,148.590002,142.1,143.869996,7025.0,-0.12495938910102404,0.39026969976626474
360,2016-08-16,NSE:GREENLAM,143.009998,145.130004,143.0,143.719996,2980.0,-0.10426079389060196,-0.12495938910102404
361,2016-08-17,NSE:GREENLAM,143.3,146.0,141.980004,143.0,19080.0,-0.5009713470907757,-0.10426079389060196
362,2016-08-18,NSE:GREENLAM,143.209998,145.8,140.25,144.769996,267455.0,1.2377594405594348,-0.5009713470907757
363,2016-08-19,NSE:GREENLAM,143.4,144.8,141.019996,143.25,2745.0,-1.049938552184523,1.2377594405594348
364,2016-08-22,NSE:GREENLAM,141.509998,143.959998,141.019996,142.4,2810.0,-0.5933682373472909,-1.049938552184523
365,2016-08-23,NSE:GREENLAM,144.0,145.6,138.309998,139.119996,6430.0,-2.3033735955056316,-0.5933682373472909
366,2016-08-24,NSE:GREENLAM,143.990002,143.990002,140.0,140.990002,1060.0,1.3441676637196123,-2.3033735955056316
367,2016-08-25,NSE:GREENLAM,140.8,143.009998,138.569996,141.730004,2185.0,0.5248613302381568,1.3441676637196123
368,2016-08-26,NSE:GREENLAM,143.8,144.0,138.8,142.6,1290.0,0.6138403834377837,0.5248613302381568
369,2016-08-29,NSE:GREENLAM,139.6,140.0,138.119996,140.0,2555.0,-1.8232819074333761,0.6138403834377837
370,2016-08-30,NSE:GREENLAM,141.990002,143.4,137.590002,140.7,3880.0,0.49999999999999184,-1.8232819074333761
371,2016-08-31,NSE:GREENLAM,142.35,142.4,132.040002,135.930004,9665.0,-3.390189054726363,0.49999999999999184
372,2016-09-01,NSE:GREENLAM,135.930004,140.969996,135.930004,138.05,3940.0,1.559623289645467,-3.390189054726363
373,2016-09-02,NSE:GREENLAM,136.0,142.0,136.0,140.269996,5740.0,1.6081101050343933,1.559623289645467
374,2016-09-06,NSE:GREENLAM,142.0,142.0,137.0,138.309998,1085.0,-1.3973038111443197,1.6081101050343933
375,2016-09-07,NSE:GREENLAM,137.6,141.0,137.0,140.180004,4105.0,1.3520396406917663,-1.3973038111443197
376,2016-09-08,NSE:GREENLAM,139.05,141.7,139.05,140.0,8325.0,-0.12840918452249203,1.3520396406917663
377,2016-09-09,NSE:GREENLAM,137.6,143.7,137.6,143.4,22880.0,2.428571428571433,-0.12840918452249203
378,2016-09-12,NSE:GREENLAM,140.6,146.0,139.009998,144.180004,9865.0,0.5439358437935782,2.428571428571433
379,2016-09-14,NSE:GREENLAM,140.019996,145.490002,140.019996,142.909998,5450.0,-0.8808475272340783,0.5439358437935782
380,2016-09-15,NSE:GREENLAM,143.0,147.0,140.1,146.230004,11330.0,2.323144668996501,-0.8808475272340783
381,2016-09-16,NSE:GREENLAM,145.4,146.0,144.340002,144.669996,1615.0,-1.0668179972148604,2.323144668996501
382,2016-09-19,NSE:GREENLAM,142.230004,149.4,142.230004,144.390002,2840.0,-0.19353978554059534,-1.0668179972148604
383,2016-09-20,NSE:GREENLAM,148.940002,148.940002,140.0,140.7,9635.0,-2.5555799909193304,-0.19353978554059534
384,2016-09-21,NSE:GREENLAM,143.0,144.6,142.9,144.030004,1485.0,2.3667405828002863,-2.5555799909193304
385,2016-09-22,NSE:GREENLAM,144.0,146.980004,142.530004,145.559998,10200.0,1.06227449663892,2.3667405828002863
386,2016-09-23,NSE:GREENLAM,141.209998,146.969996,140.009998,144.040002,1385.0,-1.0442401902204068,1.06227449663892
387,2016-09-26,NSE:GREENLAM,143.009998,146.640002,143.0,145.190002,3775.0,0.7983893252098162,-1.0442401902204068
388,2016-09-27,NSE:GREENLAM,145.6,146.8,145.6,145.6,4210.0,0.2823872128605671,0.7983893252098162
389,2016-09-28,NSE:GREENLAM,145.0,154.790002,145.0,149.909998,3615.0,2.9601634615384667,0.2823872128605671
390,2016-09-29,NSE:GREENLAM,150.990002,150.990002,145.6,147.459998,315715.0,-1.6343139434902725,2.9601634615384667
391,2016-09-30,NSE:GREENLAM,145.6,147.0,145.6,146.95,3995.0,-0.34585515184940147,-1.6343139434902725
392,2016-10-03,NSE:GREENLAM,146.0,146.590002,145.6,145.6,3470.0,-0.9186798230690673,-0.34585515184940147
393,2016-10-04,NSE:GREENLAM,145.6,152.0,142.0,151.0,8270.0,3.708791208791213,-0.9186798230690673
394,2016-10-05,NSE:GREENLAM,151.0,154.4,149.0,153.05,13210.0,1.3576158940397427,3.708791208791213
395,2016-10-06,NSE:GREENLAM,154.390002,159.95,152.1,158.719996,10625.0,3.704669062397907,1.3576158940397427
396,2016-10-07,NSE:GREENLAM,159.9,160.0,156.0,157.4,4420.0,-0.831650726604103,3.704669062397907
397,2016-10-10,NSE:GREENLAM,156.0,159.259998,155.0,156.680004,3110.0,-0.4574307496823437,-0.831650726604103
398,2016-10-13,NSE:GREENLAM,157.0,159.6,154.4,157.219996,7175.0,0.3446464042725019,-0.4574307496823437
399,2016-10-14,NSE:GREENLAM,156.209998,170.2,156.209998,168.769996,15545.0,7.346393775509307,0.3446464042725019
400,2016-10-17,NSE:GREENLAM,168.769996,172.0,163.609998,169.790002,4720.0,0.6043763845322335,7.346393775509307
401,2016-10-18,NSE:GREENLAM,172.0,172.0,156.969996,160.0,88715.0,-5.765947278803842,0.6043763845322335
402,2016-10-19,NSE:GREENLAM,160.0,162.0,150.25,151.740002,58335.0,-5.1624987499999975,-5.765947278803842
403,2016-10-20,NSE:GREENLAM,151.95,152.380004,145.109998,146.740002,19100.0,-3.2951100132448925,-5.1624987499999975
404,2016-10-21,NSE:GREENLAM,148.4,155.2,145.4,145.859998,27535.0,-0.5997028676611397,-3.2951100132448925
405,2016-10-24,NSE:GREENLAM,148.6,150.0,143.2,146.380004,17475.0,0.35651035728111247,-0.5997028676611397
406,2016-10-25,NSE:GREENLAM,147.890002,148.0,143.419996,146.990002,3760.0,0.4167222184254007,0.35651035728111247
407,2016-10-26,NSE:GREENLAM,146.2,149.4,142.440002,143.290002,12540.0,-2.5171780050727643,0.4167222184254007
408,2016-10-27,NSE:GREENLAM,142.009998,147.0,142.0,146.959998,2830.0,2.561236617192612,-2.5171780050727643
409,2016-10-28,NSE:GREENLAM,143.1,146.4,141.630004,144.4,19080.0,-1.7419692670382365,2.561236617192612
410,2016-11-01,NSE:GREENLAM,148.8,152.9,148.2,149.190002,13705.0,3.3171759002769994,-1.7419692670382365
411,2016-11-02,NSE:GREENLAM,144.419996,147.6,144.240002,144.690002,3155.0,-3.0162879145212425,3.3171759002769994
412,2016-11-03,NSE:GREENLAM,144.6,149.590002,144.0,144.209998,1140.0,-0.3317464879155781,-3.0162879145212425
413,2016-11-04,NSE:GREENLAM,144.2,144.2,140.2,141.580004,4115.0,-1.8237251483770287,-0.3317464879155781
414,2016-11-07,NSE:GREENLAM,144.0,146.0,141.6,142.4,2085.0,0.579175008357821,-1.8237251483770287
415,2016-11-08,NSE:GREENLAM,140.309998,143.919996,139.1,142.8,4805.0,0.28089887640449834,0.579175008357821
416,2016-11-09,NSE:GREENLAM,135.2,147.6,135.2,145.359998,606930.0,1.7927156862744948,0.28089887640449834
417,2016-11-10,NSE:GREENLAM,148.5,152.2,142.0,142.4,5190.0,-2.036322262470026,1.7927156862744948
418,2016-11-11,NSE:GREENLAM,142.159998,147.540002,140.0,144.15,504965.0,1.2289325842696628,-2.036322262470026
419,2016-11-15,NSE:GREENLAM,140.0,142.0,120.0,121.409998,16440.0,-15.775235518557059,1.2289325842696628
420,2016-11-16,NSE:GREENLAM,122.509998,126.769996,122.509998,124.1,121605.0,2.215634662970666,-15.775235518557059
421,2016-11-17,NSE:GREENLAM,124.1,124.1,119.2,121.0,4685.0,-2.4979854955680856,2.215634662970666
422,2016-11-18,NSE:GREENLAM,122.869996,125.0,120.2,120.75,4235.0,-0.2066115702479339,-2.4979854955680856
423,2016-11-21,NSE:GREENLAM,121.980004,124.980004,117.640002,119.5,7990.0,-1.0351966873706004,-0.2066115702479339
424,2016-11-22,NSE:GREENLAM,123.130004,124.0,122.0,123.190002,26960.0,3.087867782426784,-1.0351966873706004
425,2016-11-23,NSE:GREENLAM,120.819996,126.85,119.5,124.159998,16140.0,0.7873983150028642,3.087867782426784
426,2016-11-24,NSE:GREENLAM,125.0,134.980004,125.0,132.619996,7780.0,6.813787158727229,0.7873983150028642
427,2016-11-25,NSE:GREENLAM,132.6,132.6,129.0,130.809998,1865.0,-1.3648002221323994,6.813787158727229
428,2016-11-28,NSE:GREENLAM,128.2,134.6,128.2,134.0,2010.0,2.4386530454652195,-1.3648002221323994
429,2016-11-29,NSE:GREENLAM,134.0,138.8,132.8,135.430004,2050.0,1.067167164179102,2.4386530454652195
430,2016-11-30,NSE:GREENLAM,135.4,136.390002,130.2,131.569996,1150.0,-2.85018672819355,1.067167164179102
431,2016-12-01,NSE:GREENLAM,135.519996,143.190002,130.569996,137.219996,8340.0,4.294292142412169,-2.85018672819355
432,2016-12-02,NSE:GREENLAM,131.740002,141.980004,130.219996,140.069996,7120.0,2.0769567723934306,4.294292142412169
433,2016-12-05,NSE:GREENLAM,140.0,145.0,134.6,135.730004,5215.0,-3.098445151665454,2.0769567723934306
434,2016-12-06,NSE:GREENLAM,132.4,139.4,132.4,133.719996,1760.0,-1.4808870115409405,-3.098445151665454
435,2016-12-07,NSE:GREENLAM,135.990002,135.990002,127.0,127.659998,17815.0,-4.531856252822507,-1.4808870115409405
436,2016-12-08,NSE:GREENLAM,130.0,130.0,128.559998,128.6,2960.0,0.7363324570943458,-4.531856252822507
437,2016-12-09,NSE:GREENLAM,128.559998,129.0,124.1,128.790002,8575.0,0.1477465007775993,0.7363324570943458
438,2016-12-12,NSE:GREENLAM,128.890002,129.0,125.0,128.840002,2985.0,0.038822889373051936,0.1477465007775993
439,2016-12-13,NSE:GREENLAM,124.980004,127.980004,123.8,126.030004,2380.0,-2.1809981033685433,0.038822889373051936
440,2016-12-14,NSE:GREENLAM,125.2,129.0,124.0,127.880004,3830.0,1.4679044206012992,-2.1809981033685433
441,2016-12-15,NSE:GREENLAM,128.990002,129.0,126.309998,128.680004,1125.0,0.6255864677639494,1.4679044206012992
442,2016-12-16,NSE:GREENLAM,126.1,126.1,120.2,121.519996,9265.0,-5.564196283363491,0.6255864677639494
443,2016-12-19,NSE:GREENLAM,121.8,127.7,121.8,125.169996,6050.0,3.003620902028331,-5.564196283363491
444,2016-12-20,NSE:GREENLAM,128.6,128.919996,120.0,121.8,5550.0,-2.6923353101329495,3.003620902028331
445,2016-12-21,NSE:GREENLAM,123.0,124.0,120.209998,122.540002,2180.0,0.607555008210184,-2.6923353101329495
446,2016-12-22,NSE:GREENLAM,119.0,125.9,118.0,118.959998,6535.0,-2.921498238591511,0.607555008210184
447,2016-12-23,NSE:GREENLAM,119.0,119.969996,115.509998,116.140002,6740.0,-2.3705413982942427,-2.921498238591511
448,2016-12-26,NSE:GREENLAM,112.309998,123.0,112.309998,121.380004,8830.0,4.511797752509083,-2.3705413982942427
449,2016-12-27,NSE:GREENLAM,120.0,124.990002,120.0,121.140002,175.0,-0.1977277904851643,4.511797752509083
450,2016-12-28,NSE:GREENLAM,123.990002,126.0,118.109998,119.480004,3820.0,-1.3703136640199178,-0.1977277904851643
451,2016-12-29,NSE:GREENLAM,121.9,121.9,120.419996,120.55,1255.0,0.8955439941230696,-1.3703136640199178
452,2016-12-30,NSE:GREENLAM,124.0,127.780004,117.8,119.219996,12450.0,-1.1032799668187494,0.8955439941230696
453,2017-01-02,NSE:GREENLAM,122.8,125.0,118.0,124.740002,4325.0,4.630100809599096,-1.1032799668187494
454,2017-01-03,NSE:GREENLAM,124.980004,127.6,121.8,127.359998,2955.0,2.1003655266896666,4.630100809599096
455,2017-01-04,NSE:GREENLAM,127.6,130.0,120.6,122.059998,9305.0,-4.161432226153153,2.1003655266896666
456,2017-01-05,NSE:GREENLAM,122.0,125.4,120.0,124.959998,14250.0,2.375880753332477,-4.161432226153153
457,2017-01-06,NSE:GREENLAM,121.6,125.8,120.3,124.9,4215.0,-0.048013765173070114,2.375880753332477
458,2017-01-09,NSE:GREENLAM,127.6,127.6,122.209998,124.6,2505.0,-0.24019215372298747,-0.048013765173070114
459,2017-01-10,NSE:GREENLAM,120.859998,126.369996,120.4,122.909998,1005.0,-1.3563418940609895,-0.24019215372298747
460,2017-01-11,NSE:GREENLAM,123.0,124.9,122.109998,123.0,5150.0,0.07322593886951195,-1.3563418940609895
461,2017-01-12,NSE:GREENLAM,124.790002,125.580004,123.0,123.0,2590.0,0.0,0.07322593886951195
462,2017-01-13,NSE:GREENLAM,122.25,124.990002,122.25,123.2,875.0,0.1626016260162625,0.0
463,2017-01-16,NSE:GREENLAM,122.9,124.0,121.2,123.309998,5285.0,0.089284090909083,0.1626016260162625
464,2017-01-17,NSE:GREENLAM,124.6,125.4,123.609998,125.4,4495.0,1.6949169036561111,0.089284090909083
465,2017-01-18,NSE:GREENLAM,124.6,125.969996,124.590002,125.8,9090.0,0.3189792663476806,1.6949169036561111
466,2017-01-19,NSE:GREENLAM,125.0,125.569996,124.0,124.5,5010.0,-1.0333863275039723,0.3189792663476806
467,2017-01-20,NSE:GREENLAM,124.0,125.6,124.0,125.0,2950.0,0.4016064257028112,-1.0333863275039723
468,2017-01-23,NSE:GREENLAM,124.0,127.590002,123.55,125.290002,9715.0,0.23200160000000097,0.4016064257028112
469,2017-01-24,NSE:GREENLAM,126.390002,128.280004,125.2,125.540002,1855.0,0.1995370708031436,0.23200160000000097
470,2017-01-25,NSE:GREENLAM,125.0,127.8,124.1,126.080004,45485.0,0.4301433737431366,0.1995370708031436
471,2017-01-27,NSE:GREENLAM,127.8,130.2,126.340002,128.759998,3580.0,2.1256296914457535,0.4301433737431366
472,2017-01-30,NSE:GREENLAM,129.2,129.990002,127.0,129.459998,1915.0,0.5436471038155943,2.1256296914457535
473,2017-01-31,NSE:GREENLAM,125.6,128.009998,125.6,126.159998,7690.0,-2.5490499389626216,0.5436471038155943
474,2017-02-01,NSE:GREENLAM,123.009998,129.0,123.0,126.769996,7475.0,0.4835114217424167,-2.5490499389626216
475,2017-02-02,NSE:GREENLAM,125.519996,129.880004,125.519996,128.030004,4900.0,0.9939323497335953,0.4835114217424167
476,2017-02-03,NSE:GREENLAM,129.4,139.8,127.4,136.05,44070.0,6.264153518264376,0.9939323497335953
477,2017-02-06,NSE:GREENLAM,137.6,137.6,132.0,133.940002,9795.0,-1.5508989342153756,6.264153518264376
478,2017-02-07,NSE:GREENLAM,134.9,134.9,128.209998,132.380004,34300.0,-1.1646991016171397,-1.5508989342153756
479,2017-02-08,NSE:GREENLAM,135.790002,135.790002,130.0,132.119996,43675.0,-0.19641032795257168,-1.1646991016171397
480,2017-02-09,NSE:GREENLAM,132.990002,133.0,130.0,131.180004,9605.0,-0.7114683836351233,-0.19641032795257168
481,2017-02-10,NSE:GREENLAM,131.0,133.580004,125.980004,132.580004,27290.0,1.0672358265822326,-0.7114683836351233
482,2017-02-13,NSE:GREENLAM,130.209998,134.8,130.0,134.190002,6775.0,1.2143595952825512,1.0672358265822326
483,2017-02-14,NSE:GREENLAM,130.2,135.0,130.2,133.719996,6280.0,-0.35025411207608725,1.2143595952825512
484,2017-02-15,NSE:GREENLAM,135.0,135.8,130.240002,130.509998,5365.0,-2.4005370146735667,-0.35025411207608725
485,2017-02-16,NSE:GREENLAM,134.419996,134.8,131.990002,134.409998,3570.0,2.988276806195343,-2.4005370146735667
486,2017-02-17,NSE:GREENLAM,137.0,137.0,133.0,133.919996,3135.0,-0.36455770202452054,2.988276806195343
487,2017-02-20,NSE:GREENLAM,134.0,136.0,134.0,134.25,3345.0,0.24641876482732455,-0.36455770202452054
488,2017-02-21,NSE:GREENLAM,134.919996,136.0,134.0,135.330004,2165.0,0.8044722532588472,0.24641876482732455
489,2017-02-22,NSE:GREENLAM,131.419996,135.009998,131.419996,132.180004,190.0,-2.3276434692191437,0.8044722532588472
490,2017-02-23,NSE:GREENLAM,130.009998,136.0,129.0,129.4,46135.0,-2.103195578659531,-2.3276434692191437
491,2017-02-27,NSE:GREENLAM,128.419996,134.559998,125.809998,127.55,16910.0,-1.4296754250386463,-2.103195578659531
492,2017-02-28,NSE:GREENLAM,129.590002,129.590002,126.0,126.030004,2005.0,-1.1916863974911736,-1.4296754250386463
493,2017-03-01,NSE:GREENLAM,126.090002,133.6,126.080004,129.969996,10190.0,3.126233337261501,-1.1916863974911736
494,2017-03-02,NSE:GREENLAM,133.859998,133.859998,129.8,129.969996,690.0,0.0,3.126233337261501
495,2017-03-03,NSE:GREENLAM,131.7,131.740002,125.6,126.5,20290.0,-2.6698438922780365,0.0
496,2017-03-06,NSE:GREENLAM,129.980004,130.5,128.0,129.769996,2600.0,2.584977075098808,-2.6698438922780365
497,2017-03-07,NSE:GREENLAM,133.590002,133.590002,128.009998,129.280004,1790.0,-0.37758496964121113,2.584977075098808
498,2017-03-08,NSE:GREENLAM,131.0,131.0,126.6,127.490002,2855.0,-1.384593088347976,-0.37758496964121113
499,2017-03-09,NSE:GREENLAM,129.969996,130.8,128.0,130.040002,2490.0,2.00015684367154,-1.384593088347976
500,2017-03-10,NSE:GREENLAM,129.009998,129.8,127.0,127.840002,1795.0,-1.691787116398221,2.00015684367154
501,2017-03-14,NSE:GREENLAM,130.0,131.0,122.4,129.540002,81770.0,1.3297872132386142,-1.691787116398221
502,2017-03-15,NSE:GREENLAM,132.990002,132.990002,127.4,130.659998,2690.0,0.8645947064289955,1.3297872132386142
503,2017-03-16,NSE:GREENLAM,132.390002,132.5,130.269996,130.819996,3740.0,0.12245369849156254,0.8645947064289955
504,2017-03-17,NSE:GREENLAM,131.0,133.8,130.830004,132.009998,1515.0,0.9096483996223272,0.12245369849156254
505,2017-03-20,NSE:GREENLAM,128.430004,132.769996,128.4,131.95,2760.0,-0.04544958784107195,0.9096483996223272
506,2017-03-21,NSE:GREENLAM,135.9,137.2,128.209998,130.119996,2070.0,-1.3868920045471789,-0.04544958784107195
507,2017-03-22,NSE:GREENLAM,134.009998,134.009998,129.0,130.15,7225.0,0.02305871574113748,-1.3868920045471789
508,2017-03-23,NSE:GREENLAM,131.590002,132.990002,129.069996,129.359998,5175.0,-0.6069934690741571,0.02305871574113748
509,2017-03-24,NSE:GREENLAM,131.990002,131.990002,128.290002,129.990002,1830.0,0.4870160866885711,-0.6069934690741571
510,2017-03-27,NSE:GREENLAM,123.2,130.6,123.2,130.0,12465.0,0.007691360755572536,0.4870160866885711
511,2017-03-28,NSE:GREENLAM,132.85,132.85,128.059998,129.440002,6645.0,-0.43076769230769796,0.007691360755572536
512,2017-03-29,NSE:GREENLAM,130.0,131.190002,129.0,130.590002,5135.0,0.8884425079041685,-0.43076769230769796
513,2017-03-30,NSE:GREENLAM,133.2,135.4,130.009998,131.430004,3925.0,0.6432360725440516,0.8884425079041685
514,2017-03-31,NSE:GREENLAM,133.959998,133.959998,130.0,131.6,3725.0,0.1293433727659307,0.6432360725440516
515,2017-04-03,NSE:GREENLAM,130.5,140.380004,130.5,135.15,12530.0,2.6975683890577593,0.1293433727659307
516,2017-04-05,NSE:GREENLAM,137.8,138.0,133.0,137.75,5065.0,1.923788383277835,2.6975683890577593
517,2017-04-06,NSE:GREENLAM,139.990002,139.990002,132.2,132.930004,6560.0,-3.499089655172416,1.923788383277835
518,2017-04-07,NSE:GREENLAM,136.919996,139.0,130.2,134.069996,1920.0,0.8575881785123595,-3.499089655172416
519,2017-04-10,NSE:GREENLAM,138.1,139.9,134.209998,135.609998,1755.0,1.148655214400086,0.8575881785123595
520,2017-04-11,NSE:GREENLAM,136.0,140.0,130.459998,135.509998,14055.0,-0.0737408756543115,1.148655214400086
521,2017-04-12,NSE:GREENLAM,136.890002,136.890002,134.2,136.05,4535.0,0.3984960578333235,-0.0737408756543115
522,2017-04-13,NSE:GREENLAM,137.95,137.95,133.2,134.45,7005.0,-1.176038221242207,0.3984960578333235
523,2017-04-17,NSE:GREENLAM,137.309998,137.309998,132.4,135.130004,7320.0,0.5057671997025104,-1.176038221242207
524,2017-04-18,NSE:GREENLAM,136.8,137.4,130.0,133.959998,7120.0,-0.8658373161892311,0.5057671997025104
525,2017-04-19,NSE:GREENLAM,134.769996,135.6,132.019996,132.080004,2315.0,-1.4033995431979704,-0.8658373161892311
526,2017-04-20,NSE:GREENLAM,134.8,136.0,130.8,132.009998,4920.0,-0.05300272401567042,-1.4033995431979704
527,2017-04-21,NSE:GREENLAM,131.6,136.959998,131.6,132.390002,3995.0,0.28786001496645264,-0.05300272401567042
528,2017-04-24,NSE:GREENLAM,134.4,143.569996,130.0,133.940002,10675.0,1.1707832741025133,0.28786001496645264
529,2017-04-25,NSE:GREENLAM,133.0,139.0,133.0,136.719996,5860.0,2.07555170859264,1.1707832741025133
530,2017-04-26,NSE:GREENLAM,139.180004,140.0,133.2,136.190002,10925.0,-0.38764922140578195,2.07555170859264
531,2017-04-27,NSE:GREENLAM,136.2,138.0,133.8,136.209998,11175.0,0.014682428743939904,-0.38764922140578195
532,2017-04-28,NSE:GREENLAM,137.359998,138.0,133.2,134.919996,3740.0,-0.9470685110794989,0.014682428743939904
533,2017-05-02,NSE:GREENLAM,137.9,137.9,132.2,135.319996,6270.0,0.2964719921871371,-0.9470685110794989
534,2017-05-03,NSE:GREENLAM,134.069996,135.380004,132.219996,132.4,3915.0,-2.157845171677361,0.2964719921871371
535,2017-05-04,NSE:GREENLAM,134.940002,134.940002,130.0,130.730004,5355.0,-1.2613262839879136,-2.157845171677361
536,2017-05-05,NSE:GREENLAM,130.6,133.8,127.8,128.530004,9110.0,-1.6828577470249424,-1.2613262839879136
537,2017-05-08,NSE:GREENLAM,128.0,131.0,127.530004,129.069996,2700.0,0.420129139652102,-1.6828577470249424
538,2017-05-09,NSE:GREENLAM,130.8,130.8,126.0,128.209998,24015.0,-0.666303576859172,0.420129139652102
539,2017-05-10,NSE:GREENLAM,128.0,131.2,128.0,128.4,27125.0,0.14819593086647787,-0.666303576859172
540,2017-05-11,NSE:GREENLAM,127.609998,132.0,127.609998,130.490002,5585.0,1.6277274143302167,0.14819593086647787
541,2017-05-12,NSE:GREENLAM,130.559998,132.4,128.7,130.180004,48470.0,-0.23756456069332216,1.6277274143302167
542,2017-05-15,NSE:GREENLAM,130.0,139.759998,130.0,132.940002,18350.0,2.120139741277006,-0.23756456069332216
543,2017-05-16,NSE:GREENLAM,135.0,137.4,131.0,132.059998,6190.0,-0.6619557595613587,2.120139741277006
544,2017-05-17,NSE:GREENLAM,131.1,134.8,131.1,133.130004,2320.0,0.8102423263704778,-0.6619557595613587
545,2017-05-18,NSE:GREENLAM,130.040002,133.8,130.009998,133.459998,6325.0,0.24787349965076183,0.8102423263704778
546,2017-05-19,NSE:GREENLAM,134.8,138.4,130.0,133.019996,34785.0,-0.32968830105933394,0.24787349965076183
547,2017-05-22,NSE:GREENLAM,133.6,138.780004,133.6,136.430004,11265.0,2.5635303732831303,-0.32968830105933394
548,2017-05-23,NSE:GREENLAM,138.8,151.390002,138.780004,145.669996,92705.0,6.7726978883618605,2.5635303732831303
549,2017-05-24,NSE:GREENLAM,146.230004,147.8,144.6,144.859998,135520.0,-0.5560499912418528,6.7726978883618605
550,2017-05-25,NSE:GREENLAM,144.8,148.0,144.4,146.040002,401130.0,0.8145823666240812,-0.5560499912418528
551,2017-05-26,NSE:GREENLAM,148.0,157.2,147.990002,155.369996,376815.0,6.388656444964989,0.8145823666240812
552,2017-05-29,NSE:GREENLAM,156.0,156.0,146.1,154.990002,60445.0,-0.24457360480332524,6.388656444964989
553,2017-05-30,NSE:GREENLAM,153.440002,156.0,147.290002,153.030004,21980.0,-1.2645964092574262,-0.24457360480332524
554,2017-05-31,NSE:GREENLAM,157.2,159.8,148.6,154.180004,9550.0,0.7514866169643476,-1.2645964092574262
555,2017-06-01,NSE:GREENLAM,154.8,158.0,150.009998,157.219996,32205.0,1.9717161247446928,0.7514866169643476
556,2017-06-02,NSE:GREENLAM,154.409998,165.880004,154.4,163.2,45250.0,3.8035899708329586,1.9717161247446928
557,2017-06-05,NSE:GREENLAM,160.919996,170.0,158.3,169.369996,50170.0,3.7806348039215676,3.8035899708329586
558,2017-06-06,NSE:GREENLAM,165.980004,171.240002,164.4,169.359998,16595.0,-0.005903052628043963,3.7806348039215676
559,2017-06-07,NSE:GREENLAM,165.980004,172.0,165.980004,168.880004,15120.0,-0.28341639446640554,-0.005903052628043963
560,2017-06-08,NSE:GREENLAM,168.5,184.780004,168.5,173.890002,88610.0,2.9666022509094656,-0.28341639446640554
561,2017-06-09,NSE:GREENLAM,175.2,178.8,168.480004,174.330004,39575.0,0.25303467418442643,2.9666022509094656
562,2017-06-12,NSE:GREENLAM,175.85,178.369996,169.6,177.890002,133805.0,2.0421028614213808,0.25303467418442643
563,2017-06-13,NSE:GREENLAM,177.0,177.009998,170.0,170.85,11515.0,-3.957502906768203,2.0421028614213808
564,2017-06-14,NSE:GREENLAM,170.4,171.990002,164.2,165.659998,13575.0,-3.037753585016092,-3.957502906768203
565,2017-06-15,NSE:GREENLAM,166.480004,167.009998,159.809998,160.509998,15290.0,-3.1087770506915047,-3.037753585016092
566,2017-06-16,NSE:GREENLAM,157.6,162.559998,157.209998,160.730004,13410.0,0.13706685112538108,-3.1087770506915047
567,2017-06-19,NSE:GREENLAM,159.0,168.330004,156.4,167.669996,34060.0,4.317794952583955,0.13706685112538108
568,2017-06-20,NSE:GREENLAM,169.0,169.0,160.969996,162.65,8920.0,-2.9939739486842907,4.317794952583955
569,2017-06-21,NSE:GREENLAM,161.0,176.0,161.0,170.930004,51135.0,5.090687980325848,-2.9939739486842907
570,2017-06-22,NSE:GREENLAM,169.2,177.0,168.6,171.0,33870.0,0.04095009557245625,5.090687980325848
571,2017-06-23,NSE:GREENLAM,172.0,172.4,165.0,166.269996,4630.0,-2.7660842105263206,0.04095009557245625
572,2017-06-27,NSE:GREENLAM,164.380004,164.840002,160.409998,160.940002,3785.0,-3.2056258664972836,-2.7660842105263206
573,2017-06-28,NSE:GREENLAM,164.2,164.2,159.519996,160.780004,6140.0,-0.09941468746844034,-3.2056258664972836
574,2017-06-29,NSE:GREENLAM,165.6,166.9,160.2,160.969996,1925.0,0.11816892354351351,-0.09941468746844034
575,2017-06-30,NSE:GREENLAM,165.780004,167.2,160.059998,164.830004,1950.0,2.3979673826916126,0.11816892354351351
576,2017-07-03,NSE:GREENLAM,163.019996,169.980004,163.009998,169.690002,6555.0,2.9484911011711135,2.3979673826916126
577,2017-07-04,NSE:GREENLAM,170.0,178.8,169.830004,172.090002,22760.0,1.4143437867364783,2.9484911011711135
578,2017-07-05,NSE:GREENLAM,168.130004,179.2,168.0,178.590002,16785.0,3.7770933374734925,1.4143437867364783
579,2017-07-06,NSE:GREENLAM,176.0,181.0,172.4,175.0,28770.0,-2.0101920375139466,3.7770933374734925
580,2017-07-07,NSE:GREENLAM,177.140002,183.969996,172.480004,180.880004,8395.0,3.3600022857142933,-2.0101920375139466
581,2017-07-10,NSE:GREENLAM,190.0,213.44,176.0,182.459998,1430.0,0.8735039612228221,3.3600022857142933
582,2017-07-11,NSE:GREENLAM,188.0,191.8,185.2,187.5,7800.0,2.7622503865203303,0.8735039612228221
583,2017-07-12,NSE:GREENLAM,188.0,191.6,182.669996,187.3,7385.0,-0.1066666666666606,2.7622503865203303
584,2017-07-13,NSE:GREENLAM,187.409998,194.990002,183.419996,187.530004,16680.0,0.12279978643885726,-0.1066666666666606
585,2017-07-14,NSE:GREENLAM,190.409998,195.0,186.8,189.459998,8680.0,1.0291654449066305,0.12279978643885726
586,2017-07-17,NSE:GREENLAM,185.4,195.0,185.209998,188.319996,5035.0,-0.6017111854925754,1.0291654449066305
587,2017-07-18,NSE:GREENLAM,190.0,190.0,182.8,184.019996,6885.0,-2.283347542127184,-0.6017111854925754
588,2017-07-19,NSE:GREENLAM,185.4,185.790002,183.0,183.330004,3010.0,-0.374954904357236,-2.283347542127184
589,2017-07-20,NSE:GREENLAM,187.0,193.940002,185.0,187.180004,6205.0,2.100038136692559,-0.374954904357236
590,2017-07-21,NSE:GREENLAM,189.790002,190.0,185.8,186.709998,3280.0,-0.2510984025836348,2.100038136692559
591,2017-07-24,NSE:GREENLAM,190.0,192.8,184.209998,186.230004,7185.0,-0.2570799663336748,-0.2510984025836348
592,2017-07-25,NSE:GREENLAM,189.759998,190.0,185.640002,189.309998,54990.0,1.6538656144796084,-0.2570799663336748
593,2017-07-26,NSE:GREENLAM,188.1,190.780004,184.609998,186.330004,10230.0,-1.5741345050354947,1.6538656144796084
594,2017-07-27,NSE:GREENLAM,186.0,191.009998,186.0,187.390002,8700.0,0.5688820787016177,-1.5741345050354947
595,2017-07-28,NSE:GREENLAM,185.4,186.740002,180.3,181.009998,7800.0,-3.404666167835365,0.5688820787016177
596,2017-07-31,NSE:GREENLAM,181.2,182.2,180.0,180.05,2425.0,-0.530356339764163,-3.404666167835365
597,2017-08-01,NSE:GREENLAM,179.030004,183.590002,179.0,180.459998,5220.0,0.22771341294085065,-0.530356339764163
598,2017-08-02,NSE:GREENLAM,180.509998,183.969996,180.0,181.0,8310.0,0.29923639919356915,0.22771341294085065
599,2017-08-03,NSE:GREENLAM,180.6,183.959998,179.0,179.009998,4705.0,-1.0994486187845325,0.29923639919356915
600,2017-08-04,NSE:GREENLAM,179.209998,181.880004,176.8,177.990002,5465.0,-0.5697983416546332,-1.0994486187845325
601,2017-08-07,NSE:GREENLAM,178.419996,190.0,178.409998,187.019996,8070.0,5.0733152977884615,-0.5697983416546332
602,2017-08-08,NSE:GREENLAM,186.0,188.2,180.0,180.0,3835.0,-3.7536071811273017,5.0733152977884615
603,2017-08-09,NSE:GREENLAM,181.0,185.369996,171.1,175.540002,11730.0,-2.477776666666674,-3.7536071811273017
604,2017-08-10,NSE:GREENLAM,173.219996,177.809998,158.0,161.290002,13830.0,-8.117807814540187,-2.477776666666674
605,2017-08-11,NSE:GREENLAM,161.290002,175.790002,155.0,165.740002,13935.0,2.7590054837993105,-8.117807814540187
606,2017-08-14,NSE:GREENLAM,166.2,176.840002,166.2,175.0,3095.0,5.587062802135115,2.7590054837993105
607,2017-08-16,NSE:GREENLAM,178.590002,183.8,171.619996,174.490002,5655.0,-0.2914274285714263,5.587062802135115
608,2017-08-17,NSE:GREENLAM,174.0,179.0,170.0,171.959998,18245.0,-1.4499421004075586,-0.2914274285714263
609,2017-08-18,NSE:GREENLAM,173.990002,175.540002,172.0,174.230004,4365.0,1.3200779404521712,-1.4499421004075586
610,2017-08-21,NSE:GREENLAM,174.0,180.880004,173.8,177.009998,7465.0,1.595588553163316,1.3200779404521712
611,2017-08-22,NSE:GREENLAM,178.0,180.809998,174.4,180.0,24265.0,1.6891712523492624,1.595588553163316
612,2017-08-23,NSE:GREENLAM,180.0,180.0,176.419996,177.690002,1710.0,-1.2833322222222263,1.6891712523492624
613,2017-08-24,NSE:GREENLAM,179.980004,181.359998,176.059998,179.2,3590.0,0.8497934509562312,-1.2833322222222263
614,2017-08-28,NSE:GREENLAM,181.719996,181.730004,176.469996,178.730004,3120.0,-0.2622745535714177,0.8497934509562312
615,2017-08-29,NSE:GREENLAM,180.590002,180.590002,176.6,178.090002,1145.0,-0.35808313415581283,-0.2622745535714177
616,2017-08-30,NSE:GREENLAM,176.469996,180.0,173.4,178.659998,3815.0,0.3200606399004944,-0.35808313415581283
617,2017-08-31,NSE:GREENLAM,179.980004,181.809998,176.509998,180.680004,24780.0,1.1306425739465167,0.3200606399004944
618,2017-09-01,NSE:GREENLAM,181.0,182.0,177.090002,179.219996,32060.0,-0.808062855699288,1.1306425739465167
619,2017-09-04,NSE:GREENLAM,180.0,180.990002,178.0,179.980004,43055.0,0.4240642880050054,-0.808062855699288
620,2017-09-05,NSE:GREENLAM,181.0,190.0,180.0,188.930004,259420.0,4.972774642231916,0.4240642880050054
621,2017-09-06,NSE:GREENLAM,190.6,195.1,180.8,188.980004,12620.0,0.02646482768296102,4.972774642231916
622,2017-09-07,NSE:GREENLAM,186.0,191.0,183.2,187.990002,15190.0,-0.5238660064797142,0.02646482768296102
623,2017-09-08,NSE:GREENLAM,190.790002,190.790002,178.0,179.919996,15095.0,-4.292784676921279,-0.5238660064797142
624,2017-09-11,NSE:GREENLAM,179.0,184.119996,178.8,183.219996,22410.0,1.8341485512260745,-4.292784676921279
625,2017-09-12,NSE:GREENLAM,182.190002,185.05,181.990002,184.930004,3810.0,0.9333086111408864,1.8341485512260745
626,2017-09-13,NSE:GREENLAM,184.1,186.0,180.209998,184.359998,8455.0,-0.3082279714869884,0.9333086111408864
627,2017-09-14,NSE:GREENLAM,181.009998,191.0,181.009998,189.309998,5290.0,2.684964229604742,-0.3082279714869884
628,2017-09-15,NSE:GREENLAM,186.140002,189.2,183.0,188.840002,35070.0,-0.24826792296517214,2.684964229604742
629,2017-09-18,NSE:GREENLAM,189.990002,190.009998,185.35,186.0,3710.0,-1.5039197044702417,-0.24826792296517214
630,2017-09-19,NSE:GREENLAM,191.580004,192.0,176.469996,186.109998,7065.0,0.059138709677414115,-1.5039197044702417
631,2017-09-20,NSE:GREENLAM,191.690002,193.0,182.0,182.309998,5250.0,-2.0418032565880653,0.059138709677414115
632,2017-09-21,NSE:GREENLAM,185.880004,185.880004,179.0,183.890002,3155.0,0.8666578999139709,-2.0418032565880653
633,2017-09-22,NSE:GREENLAM,184.990002,184.990002,173.780004,176.190002,26440.0,-4.1872858318855295,0.8666578999139709
634,2017-09-25,NSE:GREENLAM,173.0,177.990002,169.0,175.409998,9220.0,-0.44270616445080185,-4.1872858318855295
635,2017-09-26,NSE:GREENLAM,173.809998,188.0,172.019996,177.280004,15970.0,1.0660772027373202,-0.44270616445080185
636,2017-09-27,NSE:GREENLAM,181.2,183.990002,172.2,175.190002,2790.0,-1.1789270943382868,1.0660772027373202
637,2017-09-28,NSE:GREENLAM,174.009998,180.4,174.0,179.109998,7000.0,2.2375683288136488,-1.1789270943382868
638,2017-09-29,NSE:GREENLAM,180.6,192.0,176.4,189.3,10845.0,5.689242428555005,2.2375683288136488
639,2017-10-03,NSE:GREENLAM,185.269996,191.790002,176.209998,185.009998,38155.0,-2.2662451135763417,5.689242428555005
640,2017-10-04,NSE:GREENLAM,190.0,190.0,184.0,188.890002,4520.0,2.097186120719819,-2.2662451135763417
641,2017-10-05,NSE:GREENLAM,184.6,189.5,183.0,187.919996,17455.0,-0.513529562035799,2.097186120719819
642,2017-10-06,NSE:GREENLAM,188.0,189.2,186.209998,188.05,3930.0,0.06918050381398144,-0.513529562035799
643,2017-10-09,NSE:GREENLAM,185.209998,190.0,185.209998,189.440002,1215.0,0.7391661792076476,0.06918050381398144
644,2017-10-10,NSE:GREENLAM,186.840002,189.990002,186.319996,188.4,2560.0,-0.5489875364338241,0.7391661792076476
645,2017-10-11,NSE:GREENLAM,190.0,194.0,179.0,182.980004,16250.0,-2.8768556263269627,-0.5489875364338241
646,2017-10-12,NSE:GREENLAM,189.6,193.2,184.019996,186.680004,13405.0,2.0220788715252125,-2.8768556263269627
647,2017-10-13,NSE:GREENLAM,189.0,190.580004,185.019996,186.280004,3045.0,-0.214270404665304,2.0220788715252125
648,2017-10-16,NSE:GREENLAM,188.0,188.0,180.209998,186.330004,11945.0,0.026841313574382023,-0.214270404665304
649,2017-10-17,NSE:GREENLAM,186.969996,186.980004,183.2,185.269996,3700.0,-0.5688874455238087,0.026841313574382023
650,2017-10-18,NSE:GREENLAM,184.0,188.0,179.990002,182.840002,8555.0,-1.311596077327056,-0.5688874455238087
651,2017-10-19,NSE:GREENLAM,180.1,188.0,180.1,181.7,1910.0,-0.6234970397779857,-1.311596077327056
652,2017-10-23,NSE:GREENLAM,181.7,185.0,181.669996,183.809998,6195.0,1.161253714914705,-0.6234970397779857
653,2017-10-24,NSE:GREENLAM,185.5,187.980004,181.380004,181.380004,7130.0,-1.3220140506176348,1.161253714914705
654,2017-10-25,NSE:GREENLAM,184.4,184.4,176.3,178.559998,19810.0,-1.5547502138107827,-1.3220140506176348
655,2017-10-26,NSE:GREENLAM,182.990002,182.990002,179.069996,180.15,8875.0,0.8904581192927647,-1.5547502138107827
656,2017-10-27,NSE:GREENLAM,180.009998,183.590002,180.009998,181.980004,2450.0,1.0158223702470177,0.8904581192927647
657,2017-10-30,NSE:GREENLAM,181.940002,186.0,181.940002,182.259998,3030.0,0.15385976142740818,1.0158223702470177
658,2017-10-31,NSE:GREENLAM,181.0,189.559998,181.0,188.559998,7075.0,3.4566004988105026,0.15385976142740818
659,2017-11-01,NSE:GREENLAM,188.319996,190.0,184.009998,188.15,11290.0,-0.21743636208566441,3.4566004988105026
660,2017-11-02,NSE:GREENLAM,188.6,188.8,184.2,187.990002,5275.0,-0.08503747010364157,-0.21743636208566441
661,2017-11-03,NSE:GREENLAM,184.519996,186.990002,183.8,186.019996,21640.0,-1.0479312617912584,-0.08503747010364157
662,2017-11-06,NSE:GREENLAM,189.959998,197.8,186.609998,195.230004,76150.0,4.951084936051722,-1.0479312617912584
663,2017-11-07,NSE:GREENLAM,199.4,203.6,197.459998,201.72,44005.0,3.324282060661122,4.951084936051722
664,2017-11-08,NSE:GREENLAM,204.0,208.99,198.209998,202.03,13690.0,0.1536783660519543,3.324282060661122
665,2017-11-09,NSE:GREENLAM,203.89,203.89,199.590002,199.609998,2305.0,-1.1978428946196162,0.1536783660519543
666,2017-11-10,NSE:GREENLAM,204.0,204.0,192.719996,194.730004,9385.0,-2.4447643148616147,-1.1978428946196162
667,2017-11-13,NSE:GREENLAM,194.780004,199.680004,194.0,198.119996,3205.0,1.7408678325708749,-2.4447643148616147
668,2017-11-14,NSE:GREENLAM,194.759998,206.4,194.759998,204.47,13665.0,3.2051302888174966,1.7408678325708749
669,2017-11-15,NSE:GREENLAM,199.809998,200.0,192.55,195.490002,17850.0,-4.3918413459187144,3.2051302888174966
670,2017-11-16,NSE:GREENLAM,199.590002,201.0,195.030004,196.1,5915.0,0.3120353950377423,-4.3918413459187144
671,2017-11-17,NSE:GREENLAM,199.8,212.0,194.05,207.73,14160.0,5.930647628760834,0.3120353950377423
672,2017-11-20,NSE:GREENLAM,207.73,207.73,196.919996,199.780004,9625.0,-3.827081307466422,5.930647628760834
673,2017-11-21,NSE:GREENLAM,200.99,202.77,197.0,200.42,3705.0,0.32035037900990154,-3.827081307466422
674,2017-11-22,NSE:GREENLAM,200.0,202.0,197.0,198.5,3540.0,-0.9579882247280649,0.32035037900990154
675,2017-11-23,NSE:GREENLAM,200.0,200.0,195.0,195.490002,13690.0,-1.516371788413096,-0.9579882247280649
676,2017-11-24,NSE:GREENLAM,195.4,202.59,192.509998,200.0,6305.0,2.307022330482147,-1.516371788413096
677,2017-11-27,NSE:GREENLAM,200.0,206.14,197.390002,204.71,9585.0,2.355000000000004,2.307022330482147
678,2017-11-28,NSE:GREENLAM,208.0,211.0,201.07,208.4,7745.0,1.802549948707927,2.355000000000004
679,2017-11-29,NSE:GREENLAM,209.98,210.0,203.4,209.8,6485.0,0.6717850287907896,1.802549948707927
680,2017-11-30,NSE:GREENLAM,205.61,207.8,203.0,204.19,3675.0,-2.673975214489997,0.6717850287907896
681,2017-12-01,NSE:GREENLAM,204.1,219.0,204.1,213.16,7120.0,4.392967334345462,-2.673975214489997
682,2017-12-04,NSE:GREENLAM,212.0,214.8,204.45,206.69,13735.0,-3.03527866391443,4.392967334345462
683,2017-12-05,NSE:GREENLAM,212.89,212.89,205.99,211.07,7215.0,2.1191155837244158,-3.03527866391443
684,2017-12-06,NSE:GREENLAM,216.79,222.04,210.5,214.82,13800.0,1.7766617709764534,2.1191155837244158
685,2017-12-07,NSE:GREENLAM,219.92,222.0,209.4,220.5,11525.0,2.6440741085560036,1.7766617709764534
686,2017-12-08,NSE:GREENLAM,220.1,241.45,220.1,232.08,37445.0,5.251700680272115,2.6440741085560036
687,2017-12-11,NSE:GREENLAM,230.0,239.04,230.0,234.49,8180.0,1.0384350224060654,5.251700680272115
688,2017-12-12,NSE:GREENLAM,242.0,243.6,229.99,233.73,16125.0,-0.3241076378523687,1.0384350224060654
689,2017-12-13,NSE:GREENLAM,236.4,240.0,230.42,235.1,10830.0,0.5861464082488361,-0.3241076378523687
690,2017-12-14,NSE:GREENLAM,234.0,237.09,228.0,230.62,18405.0,-1.905572096980004,0.5861464082488361
691,2017-12-15,NSE:GREENLAM,237.6,238.0,230.0,233.9,8060.0,1.4222530569768455,-1.905572096980004
692,2017-12-18,NSE:GREENLAM,242.8,242.8,230.7,239.27,9475.0,2.2958529286019687,1.4222530569768455
693,2017-12-19,NSE:GREENLAM,239.4,259.8,238.0,253.45,27815.0,5.926359343001621,2.2958529286019687
694,2017-12-20,NSE:GREENLAM,258.0,262.0,253.4,260.32,11035.0,2.7105938054843186,5.926359343001621
695,2017-12-21,NSE:GREENLAM,262.01,266.0,258.0,263.71,16295.0,1.3022433927473827,2.7105938054843186
696,2017-12-22,NSE:GREENLAM,271.62,277.87,260.24,269.32,11795.0,2.127336847294382,1.3022433927473827
697,2017-12-26,NSE:GREENLAM,271.0,278.98,265.07,270.79,17415.0,0.5458190999554534,2.127336847294382
698,2017-12-27,NSE:GREENLAM,277.2,277.2,259.0,260.75,18300.0,-3.707670150300978,0.5458190999554534
699,2017-12-28,NSE:GREENLAM,268.0,268.0,250.51,257.42,17155.0,-1.2770853307766,-3.707670150300978
700,2017-12-29,NSE:GREENLAM,254.0,263.95,254.0,260.25,3230.0,1.0993706782689705,-1.2770853307766
701,2018-01-01,NSE:GREENLAM,255.6,265.9,255.6,260.35,6185.0,0.038424591738721516,1.0993706782689705
702,2018-01-02,NSE:GREENLAM,262.0,264.75,251.0,252.08,15785.0,-3.176493182254661,0.038424591738721516
703,2018-01-03,NSE:GREENLAM,259.2,260.0,252.54,253.64,6685.0,0.6188511583624142,-3.176493182254661
704,2018-01-04,NSE:GREENLAM,256.0,257.13,247.0,248.4,21755.0,-2.0659202018608975,0.6188511583624142
705,2018-01-05,NSE:GREENLAM,248.41,257.0,247.06,253.28,4385.0,1.964573268921093,-2.0659202018608975
706,2018-01-08,NSE:GREENLAM,245.68,260.0,242.0,259.81,16015.0,2.5781743524952625,1.964573268921093
707,2018-01-09,NSE:GREENLAM,265.2,267.4,255.61,259.84,214170.0,0.011546899657431475,2.5781743524952625
708,2018-01-10,NSE:GREENLAM,264.39,267.8,259.0,260.33,52865.0,0.18857758620690007,0.011546899657431475
709,2018-01-11,NSE:GREENLAM,262.39,264.0,255.0,257.16,15880.0,-1.2176852456497367,0.18857758620690007
710,2018-01-12,NSE:GREENLAM,259.99,263.0,256.0,261.22,63395.0,1.5787836366464465,-1.2176852456497367
711,2018-01-15,NSE:GREENLAM,266.8,266.8,256.0,257.45,34105.0,-1.4432279304800697,1.5787836366464465
712,2018-01-16,NSE:GREENLAM,257.0,262.57,251.01,253.27,18275.0,-1.6236162361623532,-1.4432279304800697
713,2018-01-17,NSE:GREENLAM,251.2,255.99,246.22,252.88,8395.0,-0.15398586488728028,-1.6236162361623532
714,2018-01-18,NSE:GREENLAM,250.31,259.37,240.0,242.2,18240.0,-4.223347042075296,-0.15398586488728028
715,2018-01-19,NSE:GREENLAM,242.2,249.37,238.0,241.91,5240.0,-0.11973575557390258,-4.223347042075296
716,2018-01-22,NSE:GREENLAM,242.21,248.99,234.24,237.04,472740.0,-2.013145384647185,-0.11973575557390258
717,2018-01-23,NSE:GREENLAM,237.04,239.34,232.3,235.59,12590.0,-0.6117111036112001,-2.013145384647185
718,2018-01-24,NSE:GREENLAM,235.62,239.8,232.2,237.1,6540.0,0.6409440129037696,-0.6117111036112001
719,2018-01-25,NSE:GREENLAM,236.2,241.36,232.4,237.8,7180.0,0.2952340784479195,0.6409440129037696
720,2018-01-29,NSE:GREENLAM,237.81,260.75,233.2,252.47,17755.0,6.169049621530692,0.2952340784479195
721,2018-01-30,NSE:GREENLAM,246.0,259.99,237.1,254.51,27885.0,0.8080167940745404,6.169049621530692
722,2018-01-31,NSE:GREENLAM,262.0,262.0,247.26,251.57,18340.0,-1.15516089741071,0.8080167940745404
723,2018-02-01,NSE:GREENLAM,248.12,255.4,242.6,244.93,7920.0,-2.6394244146758306,-1.15516089741071
724,2018-02-02,NSE:GREENLAM,234.0,244.54,226.41,228.09,15715.0,-6.875433797411507,-2.6394244146758306
725,2018-02-05,NSE:GREENLAM,226.32,234.8,215.5,231.81,16405.0,1.630935157174799,-6.875433797411507
726,2018-02-06,NSE:GREENLAM,227.0,238.0,215.5,226.52,18140.0,-2.2820413269487907,1.630935157174799
727,2018-02-07,NSE:GREENLAM,235.02,238.99,227.0,234.01,14680.0,3.3065512978986313,-2.2820413269487907
728,2018-02-08,NSE:GREENLAM,236.17,240.4,234.1,237.08,358790.0,1.3119097474466996,3.3065512978986313
729,2018-02-09,NSE:GREENLAM,237.08,240.2,230.25,237.72,135385.0,0.2699510713683087,1.3119097474466996
730,2018-02-12,NSE:GREENLAM,247.96,247.96,232.2,233.37,657860.0,-1.829883897021704,0.2699510713683087
731,2018-02-14,NSE:GREENLAM,232.0,235.98,230.0,232.02,31620.0,-0.5784805244890064,-1.829883897021704
732,2018-02-15,NSE:GREENLAM,231.8,239.4,225.68,235.65,535890.0,1.564520299974138,-0.5784805244890064
733,2018-02-16,NSE:GREENLAM,242.4,251.0,230.0,231.75,12785.0,-1.6549968173138152,1.564520299974138
734,2018-02-19,NSE:GREENLAM,231.8,238.7,226.8,231.23,8975.0,-0.224379719525355,-1.6549968173138152
735,2018-02-20,NSE:GREENLAM,232.0,234.01,229.2,233.72,8940.0,1.076849889720196,-0.224379719525355
736,2018-02-21,NSE:GREENLAM,231.6,234.0,225.6,228.54,4000.0,-2.216327229163104,1.076849889720196
737,2018-02-22,NSE:GREENLAM,229.01,240.0,229.01,236.8,15960.0,3.6142469589568655,-2.216327229163104
738,2018-02-23,NSE:GREENLAM,243.2,243.2,232.12,239.98,4745.0,1.3429054054053962,3.6142469589568655
739,2018-02-26,NSE:GREENLAM,238.41,246.75,234.0,235.06,10805.0,-2.0501708475706257,1.3429054054053962
740,2018-02-27,NSE:GREENLAM,238.0,240.0,232.0,238.26,6270.0,1.3613545477750313,-2.0501708475706257
741,2018-02-28,NSE:GREENLAM,238.26,251.0,230.01,242.42,17985.0,1.7459917736926032,1.3613545477750313
742,2018-03-01,NSE:GREENLAM,240.42,246.8,236.04,244.78,11690.0,0.9735170365481451,1.7459917736926032
743,2018-03-05,NSE:GREENLAM,246.4,246.4,231.24,236.79,19000.0,-3.2641555682653847,0.9735170365481451
744,2018-03-06,NSE:GREENLAM,240.0,242.55,223.11,227.99,32180.0,-3.7163731576502315,-3.2641555682653847
745,2018-03-07,NSE:GREENLAM,224.99,227.6,216.01,219.92,12920.0,-3.5396289310934783,-3.7163731576502315
746,2018-03-08,NSE:GREENLAM,218.01,231.57,206.62,219.79,10910.0,-0.05911240451072911,-3.5396289310934783
747,2018-03-09,NSE:GREENLAM,224.0,224.63,215.02,223.81,1955.0,1.8290186086719187,-0.05911240451072911
748,2018-03-12,NSE:GREENLAM,237.96,237.99,220.0,223.74,5370.0,-0.03127652919887099,1.8290186086719187
749,2018-03-13,NSE:GREENLAM,227.06,228.99,220.0,223.26,36335.0,-0.2145347278090722,-0.03127652919887099
750,2018-03-14,NSE:GREENLAM,221.99,222.0,217.32,221.85,4830.0,-0.631550658425153,-0.2145347278090722
751,2018-03-15,NSE:GREENLAM,220.27,227.83,215.66,217.85,5680.0,-1.803020058598152,-0.631550658425153
752,2018-03-16,NSE:GREENLAM,219.8,224.0,217.81,221.01,22305.0,1.4505393619462918,-1.803020058598152
753,2018-03-19,NSE:GREENLAM,219.8,219.8,210.0,214.7,22825.0,-2.855074431021222,1.4505393619462918
754,2018-03-20,NSE:GREENLAM,211.6,239.8,204.0,212.54,35675.0,-1.0060549604098727,-2.855074431021222
755,2018-03-21,NSE:GREENLAM,211.63,219.79,207.76,216.06,7515.0,1.6561588406888164,-1.0060549604098727
756,2018-03-22,NSE:GREENLAM,218.56,223.99,213.0,220.28,4495.0,1.9531611589373319,1.6561588406888164
757,2018-03-23,NSE:GREENLAM,215.0,226.8,210.0,222.97,17125.0,1.2211730524786624,1.9531611589373319
758,2018-03-26,NSE:GREENLAM,224.01,232.0,217.78,228.32,22015.0,2.3994259317396938,1.2211730524786624
759,2018-03-27,NSE:GREENLAM,229.68,237.14,227.36,234.9,20560.0,2.8819201121233413,2.3994259317396938
760,2018-03-28,NSE:GREENLAM,232.72,244.79,227.46,239.56,18765.0,1.9838229033631318,2.8819201121233413
761,2018-04-02,NSE:GREENLAM,249.8,249.8,239.6,245.81,4205.0,2.608949741192186,1.9838229033631318
762,2018-04-03,NSE:GREENLAM,245.9,251.8,240.0,245.8,9330.0,-0.0040681827427651055,2.608949741192186
763,2018-04-04,NSE:GREENLAM,249.0,250.31,236.0,241.45,2890.0,-1.7697314890154687,-0.0040681827427651055
764,2018-04-05,NSE:GREENLAM,247.51,252.0,238.23,247.74,4160.0,2.605094222406304,-1.7697314890154687
765,2018-04-06,NSE:GREENLAM,245.2,251.8,245.2,249.98,3275.0,0.9041737305239286,2.605094222406304
766,2018-04-09,NSE:GREENLAM,244.4,260.0,244.4,256.03,5465.0,2.4201936154892323,0.9041737305239286
767,2018-04-10,NSE:GREENLAM,263.0,265.74,240.22,247.68,22710.0,-3.2613365621216133,2.4201936154892323
768,2018-04-11,NSE:GREENLAM,246.0,251.78,244.41,249.28,3715.0,0.6459948320413413,-3.2613365621216133
769,2018-04-12,NSE:GREENLAM,252.0,253.49,241.8,247.4,2330.0,-0.7541720154043627,0.6459948320413413
770,2018-04-13,NSE:GREENLAM,243.21,249.34,242.08,246.55,13095.0,-0.3435731608730777,-0.7541720154043627
771,2018-04-16,NSE:GREENLAM,246.4,246.4,242.0,244.42,1770.0,-0.8639221253295575,-0.3435731608730777
772,2018-04-17,NSE:GREENLAM,243.52,249.67,239.6,242.67,3880.0,-0.7159806889779887,-0.8639221253295575
773,2018-04-18,NSE:GREENLAM,243.01,249.34,236.0,242.96,3790.0,0.11950385296906106,-0.7159806889779887
774,2018-04-19,NSE:GREENLAM,248.0,249.6,240.05,246.16,2310.0,1.3170892327955173,0.11950385296906106
775,2018-04-20,NSE:GREENLAM,249.96,266.0,244.01,245.85,4415.0,-0.1259343516412099,1.3170892327955173
776,2018-04-23,NSE:GREENLAM,242.02,249.39,238.93,243.83,5980.0,-0.8216392109009485,-0.1259343516412099
777,2018-04-24,NSE:GREENLAM,244.0,250.2,243.1,249.89,4230.0,2.4853381454291816,-0.8216392109009485
778,2018-04-25,NSE:GREENLAM,244.02,250.0,244.01,250.0,2280.0,0.04401936852215521,2.4853381454291816
779,2018-04-26,NSE:GREENLAM,250.0,257.6,246.0,249.79,118775.0,-0.08400000000000318,0.04401936852215521
780,2018-04-27,NSE:GREENLAM,252.0,253.58,242.0,244.69,2470.0,-2.0417150406341307,-0.08400000000000318
781,2018-04-30,NSE:GREENLAM,249.59,249.59,237.34,238.55,25950.0,-2.509297478442105,-2.0417150406341307
782,2018-05-02,NSE:GREENLAM,245.59,245.59,238.2,238.2,4205.0,-0.14671976524838512,-2.509297478442105
783,2018-05-03,NSE:GREENLAM,238.2,240.0,234.2,239.83,7460.0,0.6842989084802787,-0.14671976524838512
784,2018-05-04,NSE:GREENLAM,240.0,249.8,236.04,239.84,53440.0,0.00416962014760076,0.6842989084802787
785,2018-05-07,NSE:GREENLAM,239.99,239.99,233.24,234.58,2285.0,-2.193128752501664,0.00416962014760076
786,2018-05-08,NSE:GREENLAM,239.4,239.4,236.0,238.35,1160.0,1.6071276323642174,-2.193128752501664
787,2018-05-09,NSE:GREENLAM,235.4,238.0,234.82,235.0,410.0,-1.4054961191525046,1.6071276323642174
788,2018-05-10,NSE:GREENLAM,237.2,243.92,228.0,229.79,12975.0,-2.217021276595748,-1.4054961191525046
789,2018-05-11,NSE:GREENLAM,230.0,230.0,223.0,225.19,1920.0,-2.001827755777011,-2.217021276595748
790,2018-05-14,NSE:GREENLAM,225.0,225.0,216.0,219.65,18730.0,-2.4601447666414993,-2.001827755777011
791,2018-05-15,NSE:GREENLAM,217.6,224.0,215.0,222.72,10515.0,1.3976781242886378,-2.4601447666414993
792,2018-05-16,NSE:GREENLAM,218.01,224.0,209.36,222.59,24690.0,-0.05836925287356117,1.3976781242886378
793,2018-05-17,NSE:GREENLAM,229.26,234.0,223.0,226.01,2320.0,1.5364571633945763,-0.05836925287356117
794,2018-05-18,NSE:GREENLAM,225.41,229.0,225.4,227.19,1695.0,0.5221007920003571,1.5364571633945763
795,2018-05-21,NSE:GREENLAM,229.0,233.0,220.4,223.84,2915.0,-1.4745367313702162,0.5221007920003571
796,2018-05-22,NSE:GREENLAM,224.2,242.0,218.0,236.24,7730.0,5.539671193709795,-1.4745367313702162
797,2018-05-23,NSE:GREENLAM,236.4,241.95,229.16,239.6,6945.0,1.4222824246528891,5.539671193709795
798,2018-05-24,NSE:GREENLAM,234.05,242.3,230.04,239.97,7785.0,0.15442404006677987,1.4222824246528891
799,2018-05-25,NSE:GREENLAM,237.01,242.0,234.42,239.83,3860.0,-0.05834062591156659,0.15442404006677987
800,2018-05-28,NSE:GREENLAM,237.73,240.95,237.73,238.46,4685.0,-0.5712379602218256,-0.05834062591156659
801,2018-05-29,NSE:GREENLAM,235.99,235.99,230.0,230.74,4500.0,-3.2374402415499453,-0.5712379602218256
802,2018-05-30,NSE:GREENLAM,230.2,237.88,228.0,237.76,4645.0,3.042385368813375,-3.2374402415499453
803,2018-05-31,NSE:GREENLAM,242.0,242.0,232.6,237.12,2810.0,-0.26917900403767936,3.042385368813375
804,2018-06-01,NSE:GREENLAM,237.12,239.6,232.0,233.04,800.0,-1.7206477732793575,-0.26917900403767936
805,2018-06-04,NSE:GREENLAM,233.0,235.0,228.01,232.85,3510.0,-0.08153106762787407,-1.7206477732793575
806,2018-06-05,NSE:GREENLAM,232.64,232.64,216.2,221.54,33075.0,-4.85720420871806,-0.08153106762787407
807,2018-06-06,NSE:GREENLAM,220.0,223.0,208.41,219.88,9320.0,-0.7493003520808869,-4.85720420871806
808,2018-06-07,NSE:GREENLAM,220.0,225.98,215.26,221.94,7945.0,0.9368746589048583,-0.7493003520808869
809,2018-06-08,NSE:GREENLAM,215.29,229.6,215.0,220.54,19825.0,-0.6308011174191249,0.9368746589048583
810,2018-06-11,NSE:GREENLAM,218.2,231.48,218.2,220.35,1785.0,-0.08615217194159687,-0.6308011174191249
811,2018-06-12,NSE:GREENLAM,229.16,248.0,220.01,226.5,10790.0,2.791014295439077,-0.08615217194159687
812,2018-06-13,NSE:GREENLAM,225.2,229.77,216.0,220.11,12795.0,-2.8211920529801264,2.791014295439077
813,2018-06-14,NSE:GREENLAM,220.11,223.0,219.99,222.51,1240.0,1.0903639089546031,-2.8211920529801264
814,2018-06-15,NSE:GREENLAM,220.0,225.59,220.0,221.65,1410.0,-0.3864994831692891,1.0903639089546031
815,2018-06-18,NSE:GREENLAM,217.61,224.77,217.22,220.88,2185.0,-0.34739454094293265,-0.3864994831692891
816,2018-06-19,NSE:GREENLAM,220.01,224.87,216.74,220.0,2020.0,-0.39840637450198996,-0.34739454094293265
817,2018-06-20,NSE:GREENLAM,213.4,227.79,213.4,223.32,9465.0,1.509090909090906,-0.39840637450198996
818,2018-06-21,NSE:GREENLAM,220.0,227.0,217.2,224.45,1730.0,0.5060003582303402,1.509090909090906
819,2018-06-22,NSE:GREENLAM,219.01,230.0,215.0,225.06,28065.0,0.27177545110270157,0.5060003582303402
820,2018-06-25,NSE:GREENLAM,224.38,225.0,217.0,218.0,3000.0,-3.136941260108417,0.27177545110270157
821,2018-06-26,NSE:GREENLAM,218.0,219.0,211.46,214.85,4130.0,-1.4449541284403697,-3.136941260108417
822,2018-06-27,NSE:GREENLAM,215.0,215.0,202.0,205.42,5975.0,-4.389108680474753,-1.4449541284403697
823,2018-06-28,NSE:GREENLAM,206.01,208.01,202.6,203.55,4015.0,-0.9103300554960453,-4.389108680474753
824,2018-06-29,NSE:GREENLAM,207.0,215.0,207.0,209.24,1125.0,2.7953819700319316,-0.9103300554960453
825,2018-07-02,NSE:GREENLAM,210.0,216.0,207.94,212.03,8215.0,1.3333970560122308,2.7953819700319316
826,2018-07-03,NSE:GREENLAM,209.8,209.8,205.67,207.97,1160.0,-1.914823374050843,1.3333970560122308
827,2018-07-04,NSE:GREENLAM,211.8,212.8,196.409998,198.719996,14790.0,-4.447758811367019,-1.914823374050843
828,2018-07-05,NSE:GREENLAM,196.0,204.68,187.009998,199.130004,14560.0,0.20632448080363527,-4.447758811367019
829,2018-07-06,NSE:GREENLAM,199.119996,200.0,198.209998,199.15,6520.0,0.01004168111199953,0.20632448080363527
830,2018-07-09,NSE:GREENLAM,199.990002,202.58,194.0,194.419996,6820.0,-2.37509615867437,0.01004168111199953
831,2018-07-10,NSE:GREENLAM,200.26,208.01,195.009998,203.85,17190.0,4.850326197928734,-2.37509615867437
832,2018-07-11,NSE:GREENLAM,204.0,206.99,196.040002,198.6,5900.0,-2.57542310522443,4.850326197928734
833,2018-07-12,NSE:GREENLAM,200.0,202.99,196.0,198.2,6260.0,-0.20140986908358796,-2.57542310522443
834,2018-07-13,NSE:GREENLAM,196.009998,200.0,195.6,196.05,1140.0,-1.0847628657921178,-0.20140986908358796
835,2018-07-16,NSE:GREENLAM,199.4,199.4,190.109998,190.55,5690.0,-2.8054067839836776,-1.0847628657921178
836,2018-07-17,NSE:GREENLAM,190.5,194.8,190.5,192.690002,3535.0,1.1230658619784735,-2.8054067839836776
837,2018-07-18,NSE:GREENLAM,189.0,197.0,189.0,190.309998,1965.0,-1.2351465957221721,1.1230658619784735
838,2018-07-19,NSE:GREENLAM,189.419996,193.0,189.030004,192.030004,1350.0,0.903791717763553,-1.2351465957221721
839,2018-07-20,NSE:GREENLAM,190.2,194.6,188.190002,194.0,10260.0,1.0258792683251776,0.903791717763553
840,2018-07-23,NSE:GREENLAM,189.4,194.0,180.2,186.15,37010.0,-4.046391752577316,1.0258792683251776
841,2018-07-24,NSE:GREENLAM,182.419996,190.0,176.85,187.919996,16030.0,0.9508439430566704,-4.046391752577316
842,2018-07-25,NSE:GREENLAM,184.4,187.4,184.4,186.759998,3145.0,-0.6172828994738813,0.9508439430566704
843,2018-07-26,NSE:GREENLAM,187.790002,188.0,186.2,186.4,5840.0,-0.19275969364702514,-0.6172828994738813
844,2018-07-27,NSE:GREENLAM,187.0,187.0,182.0,184.390002,6065.0,-1.078325107296135,-0.19275969364702514
845,2018-07-30,NSE:GREENLAM,187.0,187.0,181.409998,184.859998,1430.0,0.25489234497648117,-1.078325107296135
846,2018-07-31,NSE:GREENLAM,181.109998,185.0,181.0,184.5,18600.0,-0.19474088710094561,0.25489234497648117
847,2018-08-01,NSE:GREENLAM,189.109998,189.109998,173.440002,178.359998,30260.0,-3.3279143631436368,-0.19474088710094561
848,2018-08-02,NSE:GREENLAM,178.209998,185.0,178.2,183.769996,12000.0,3.0331902111817706,-3.3279143631436368
849,2018-08-03,NSE:GREENLAM,185.0,186.0,180.509998,183.630004,945.0,-0.07617783264248323,3.0331902111817706
850,2018-08-06,NSE:GREENLAM,180.009998,186.0,180.0,183.040002,6145.0,-0.32129934495891355,-0.07617783264248323
851,2018-08-07,NSE:GREENLAM,186.0,189.580004,182.1,188.409998,43880.0,2.9337827476640954,-0.32129934495891355
852,2018-08-08,NSE:GREENLAM,188.409998,196.2,188.2,194.480004,44805.0,3.221700580878944,2.9337827476640954
853,2018-08-09,NSE:GREENLAM,194.0,195.0,184.990002,189.290002,86650.0,-2.6686558480325933,3.221700580878944
854,2018-08-10,NSE:GREENLAM,188.4,188.4,184.1,185.890002,5380.0,-1.7961857277596613,-2.6686558480325933
855,2018-08-13,NSE:GREENLAM,181.25,183.0,176.309998,180.059998,19375.0,-3.1362654996367167,-1.7961857277596613
856,2018-08-14,NSE:GREENLAM,178.590002,191.0,176.1,189.169996,50300.0,5.059423581688582,-3.1362654996367167
857,2018-08-16,NSE:GREENLAM,189.169996,196.2,189.169996,195.459998,14025.0,3.325052668500356,5.059423581688582
858,2018-08-17,NSE:GREENLAM,198.0,198.0,193.280004,196.090002,3435.0,0.32231863626642693,3.325052668500356
859,2018-08-20,NSE:GREENLAM,194.009998,207.78,194.0,203.97,5600.0,4.018561843861882,0.32231863626642693
860,2018-08-21,NSE:GREENLAM,205.0,209.8,202.14,206.62,5880.0,1.2992106682355276,4.018561843861882
861,2018-08-23,NSE:GREENLAM,207.2,211.77,205.0,208.42,3625.0,0.8711644564901669,1.2992106682355276
862,2018-08-24,NSE:GREENLAM,203.21,212.21,190.019996,212.02,4290.0,1.7272814509164298,0.8711644564901669
863,2018-08-27,NSE:GREENLAM,207.76,212.0,201.94,208.78,3295.0,-1.528157720969724,1.7272814509164298
864,2018-08-28,NSE:GREENLAM,204.82,218.0,203.6,215.42,6055.0,3.180381262573037,-1.528157720969724
865,2018-08-29,NSE:GREENLAM,213.99,217.73,205.2,208.83,12485.0,-3.0591402840961726,3.180381262573037
866,2018-08-30,NSE:GREENLAM,209.99,215.98,208.84,212.1,1280.0,1.5658669731360346,-3.0591402840961726
867,2018-08-31,NSE:GREENLAM,213.0,214.03,206.0,207.41,4155.0,-2.2112211221122102,1.5658669731360346
868,2018-09-03,NSE:GREENLAM,206.04,211.82,206.04,210.34,3095.0,1.4126609131671601,-2.2112211221122102
869,2018-09-04,NSE:GREENLAM,205.61,210.0,205.0,207.05,3870.0,-1.564134258819051,1.4126609131671601
870,2018-09-05,NSE:GREENLAM,202.31,213.8,201.99,208.04,6155.0,0.47814537551315167,-1.564134258819051
871,2018-09-06,NSE:GREENLAM,211.99,214.8,202.9,206.43,8025.0,-0.7738896366083375,0.47814537551315167
872,2018-09-07,NSE:GREENLAM,204.4,214.0,202.8,213.04,7375.0,3.202053965024456,-0.7738896366083375
873,2018-09-10,NSE:GREENLAM,210.0,216.02,207.7,213.75,3060.0,0.3332707472775103,3.202053965024456
874,2018-09-11,NSE:GREENLAM,209.73,214.0,209.73,212.83,8350.0,-0.4304093567251403,0.3332707472775103
875,2018-09-12,NSE:GREENLAM,206.7,207.26,197.740002,204.2,6100.0,-4.054879481276147,-0.4304093567251403
876,2018-09-14,NSE:GREENLAM,203.0,209.28,200.01,204.0,4625.0,-0.09794319294808454,-4.054879481276147
877,2018-09-17,NSE:GREENLAM,204.0,204.01,200.0,203.48,2320.0,-0.2549019607843187,-0.09794319294808454
878,2018-09-18,NSE:GREENLAM,201.45,214.0,198.2,209.19,5705.0,2.806172596815416,-0.2549019607843187
879,2018-09-19,NSE:GREENLAM,206.0,211.0,205.2,209.02,124865.0,-0.0812658348869389,2.806172596815416
880,2018-09-21,NSE:GREENLAM,204.84,212.38,200.0,208.5,14680.0,-0.24878002105062205,-0.0812658348869389
881,2018-09-24,NSE:GREENLAM,213.79,214.0,193.009998,196.759998,9860.0,-5.6306964028777,-0.24878002105062205
882,2018-09-25,NSE:GREENLAM,196.0,202.0,190.0,200.47,6435.0,1.8855468782836657,-5.6306964028777
883,2018-09-26,NSE:GREENLAM,201.97,201.97,197.219996,198.569996,110.0,-0.9477747293859409,1.8855468782836657
884,2018-09-27,NSE:GREENLAM,197.75,199.969996,196.0,199.85,2900.0,0.6446109814092915,-0.9477747293859409
885,2018-09-28,NSE:GREENLAM,201.18,201.2,183.2,193.780004,5970.0,-3.0372759569677275,0.6446109814092915
886,2018-10-01,NSE:GREENLAM,174.009998,202.8,174.009998,197.619996,4300.0,1.9816244817499309,-3.0372759569677275
887,2018-10-03,NSE:GREENLAM,199.990002,199.990002,189.6,190.690002,1870.0,-3.506727122897014,1.9816244817499309
888,2018-10-04,NSE:GREENLAM,189.990002,191.890002,180.009998,189.359998,8665.0,-0.6974691835180759,-3.506727122897014
889,2018-10-05,NSE:GREENLAM,185.030004,190.009998,181.0,190.0,14395.0,0.3379816258764482,-0.6974691835180759
890,2018-10-08,NSE:GREENLAM,190.009998,190.009998,181.8,183.869996,10375.0,-3.2263178947368494,0.3379816258764482
891,2018-10-09,NSE:GREENLAM,183.8,186.590002,174.25,177.840002,11715.0,-3.2794877528577246,-3.2263178947368494
892,2018-10-10,NSE:GREENLAM,177.8,187.6,177.8,186.459998,9015.0,4.8470512275410425,-3.2794877528577246
893,2018-10-11,NSE:GREENLAM,186.459998,190.0,179.1,187.369996,1190.0,0.4880392629844248,4.8470512275410425
894,2018-10-12,NSE:GREENLAM,187.4,187.4,180.409998,183.730004,7040.0,-1.9426760301579866,0.4880392629844248
895,2018-10-15,NSE:GREENLAM,183.6,186.0,181.8,184.969996,5725.0,0.674899021936559,-1.9426760301579866
896,2018-10-16,NSE:GREENLAM,184.990002,189.2,184.0,185.169996,7805.0,0.10812564433422414,0.674899021936559
897,2018-10-17,NSE:GREENLAM,185.2,189.0,177.5,181.340002,4470.0,-2.068366410722393,0.10812564433422414
898,2018-10-19,NSE:GREENLAM,179.859998,190.0,178.0,189.369996,6680.0,4.428142666503327,-2.068366410722393
899,2018-10-22,NSE:GREENLAM,200.79,200.79,183.4,185.559998,6035.0,-2.0119332948604907,4.428142666503327
900,2018-10-23,NSE:GREENLAM,187.6,188.4,177.840002,182.2,2985.0,-1.81073401391178,-2.0119332948604907
901,2018-10-24,NSE:GREENLAM,186.6,186.759998,177.840002,178.209998,3500.0,-2.1899023051591526,-1.81073401391178
902,2018-10-25,NSE:GREENLAM,194.0,194.0,173.0,182.809998,4110.0,2.5812244271502625,-2.1899023051591526
903,2018-10-26,NSE:GREENLAM,186.0,186.0,181.0,181.969996,10020.0,-0.45949456221754253,2.5812244271502625
904,2018-10-29,NSE:GREENLAM,181.8,184.8,180.0,181.55,605.0,-0.23080508283354448,-0.45949456221754253
905,2018-10-30,NSE:GREENLAM,181.169996,181.790002,169.119996,174.330004,30120.0,-3.976863673919035,-0.23080508283354448
906,2018-10-31,NSE:GREENLAM,172.609998,185.0,170.269996,183.340002,3960.0,5.168357593796646,-3.976863673919035
907,2018-11-01,NSE:GREENLAM,187.909998,190.0,180.009998,186.4,3230.0,1.6690291080066681,5.168357593796646
908,2018-11-02,NSE:GREENLAM,189.440002,190.0,180.0,183.459998,6670.0,-1.5772542918454895,1.6690291080066681
909,2018-11-05,NSE:GREENLAM,187.659998,189.980004,182.2,186.319996,3970.0,1.5589218528171955,-1.5772542918454895
910,2018-11-06,NSE:GREENLAM,187.8,187.8,181.669996,183.95,2200.0,-1.2720030328897252,1.5589218528171955
911,2018-11-07,NSE:GREENLAM,194.969996,194.969996,182.019996,186.680004,1385.0,1.4841011144332745,-1.2720030328897252
912,2018-11-09,NSE:GREENLAM,189.890002,189.990002,182.609998,186.15,3065.0,-0.2839104288855656,1.4841011144332745
913,2018-11-12,NSE:GREENLAM,184.119996,189.890002,178.019996,184.890002,15845.0,-0.6768724147193101,-0.2839104288855656
914,2018-11-13,NSE:GREENLAM,188.759998,188.759998,181.0,183.840002,1580.0,-0.5679052348109181,-0.6768724147193101
915,2018-11-14,NSE:GREENLAM,181.6,187.390002,181.6,183.580004,1060.0,-0.14142623867029547,-0.5679052348109181
916,2018-11-15,NSE:GREENLAM,190.990002,190.990002,180.0,181.790002,2810.0,-0.9750528167544955,-0.14142623867029547
917,2018-11-16,NSE:GREENLAM,180.0,184.8,173.2,175.509998,5670.0,-3.454537615330458,-0.9750528167544955
918,2018-11-19,NSE:GREENLAM,177.940002,181.859998,175.0,176.669996,6890.0,0.6609298690778868,-3.454537615330458
919,2018-11-20,NSE:GREENLAM,176.890002,179.869996,176.8,177.159998,2265.0,0.277354395819426,0.6609298690778868
920,2018-11-21,NSE:GREENLAM,176.6,181.8,176.469996,181.159998,1275.0,2.257846040391127,0.277354395819426
921,2018-11-22,NSE:GREENLAM,179.009998,190.0,174.0,184.7,16460.0,1.9540748725333872,2.257846040391127
922,2018-11-26,NSE:GREENLAM,189.45,189.45,177.209998,177.809998,8690.0,-3.730374661613417,1.9540748725333872
923,2018-11-27,NSE:GREENLAM,183.990002,186.0,171.0,176.709998,32145.0,-0.6186378788441325,-3.730374661613417
924,2018-11-28,NSE:GREENLAM,178.709998,183.0,174.209998,182.009998,7765.0,2.9992643653360136,-0.6186378788441325
925,2018-11-29,NSE:GREENLAM,178.740002,183.680004,178.1,181.659998,1610.0,-0.1922971286445453,2.9992643653360136
926,2018-11-30,NSE:GREENLAM,185.680004,185.680004,180.0,182.6,965.0,0.5174512883127922,-0.1922971286445453
927,2018-12-03,NSE:GREENLAM,182.390002,183.880004,176.3,181.159998,4220.0,-0.7886100766703137,0.5174512883127922
928,2018-12-04,NSE:GREENLAM,185.990002,185.990002,176.0,181.430004,5925.0,0.14904283670835275,-0.7886100766703137
929,2018-12-05,NSE:GREENLAM,181.430004,182.330004,177.290002,181.990002,950.0,0.308657877778588,0.14904283670835275
930,2018-12-06,NSE:GREENLAM,177.6,181.8,172.280004,175.9,15225.0,-3.3463387730497405,0.308657877778588
931,2018-12-07,NSE:GREENLAM,182.1,185.8,176.169996,182.590002,6175.0,3.803298465036949,-3.3463387730497405
932,2018-12-10,NSE:GREENLAM,175.2,185.590002,175.2,181.480004,3845.0,-0.6079182802133878,3.803298465036949
933,2018-12-11,NSE:GREENLAM,181.65,182.759998,178.480004,182.490002,685.0,0.556534041072644,-0.6079182802133878
934,2018-12-12,NSE:GREENLAM,184.0,185.55,177.990002,179.259998,4360.0,-1.769962170311121,0.556534041072644
935,2018-12-13,NSE:GREENLAM,180.140002,182.2,178.2,178.840002,2430.0,-0.23429432371186212,-1.769962170311121
936,2018-12-14,NSE:GREENLAM,180.809998,180.880004,177.2,177.240002,970.0,-0.894654429717572,-0.23429432371186212
937,2018-12-17,NSE:GREENLAM,182.880004,183.8,179.609998,181.880004,1325.0,2.617920304469422,-0.894654429717572
938,2018-12-18,NSE:GREENLAM,182.469996,183.680004,180.0,181.230004,1275.0,-0.35737848345330236,2.617920304469422
939,2018-12-19,NSE:GREENLAM,182.640002,185.880004,178.209998,178.659998,1030.0,-1.4180907925157946,-0.35737848345330236
940,2018-12-20,NSE:GREENLAM,178.290002,190.0,178.290002,188.069996,6915.0,5.2669865136794645,-1.4180907925157946
941,2018-12-21,NSE:GREENLAM,184.540002,186.0,176.6,181.159998,5710.0,-3.674162889863624,5.2669865136794645
942,2018-12-24,NSE:GREENLAM,181.159998,185.590002,176.6,178.130004,1350.0,-1.6725513543006265,-3.674162889863624
943,2018-12-26,NSE:GREENLAM,188.809998,188.809998,173.0,176.919996,18485.0,-0.6792836539766856,-1.6725513543006265
944,2018-12-27,NSE:GREENLAM,181.880004,184.619996,180.019996,181.4,11325.0,2.5322202697766327,-0.6792836539766856
945,2018-12-28,NSE:GREENLAM,180.609998,184.2,178.830004,182.959998,6700.0,0.8599768467475233,2.5322202697766327
946,2018-12-31,NSE:GREENLAM,178.4,188.0,177.6,183.340002,128525.0,0.20769785972559168,0.8599768467475233
947,2019-01-01,NSE:GREENLAM,181.759998,181.759998,176.419996,177.969996,18145.0,-2.9289876412240847,0.20769785972559168
948,2019-01-02,NSE:GREENLAM,177.890002,178.0,175.0,175.730004,6230.0,-1.2586346296259965,-2.9289876412240847
949,2019-01-03,NSE:GREENLAM,179.040002,181.259998,175.0,178.4,8760.0,1.5193740051357407,-1.2586346296259965
950,2019-01-04,NSE:GREENLAM,176.809998,176.809998,174.080004,174.809998,6080.0,-2.0123329596412547,1.5193740051357407
951,2019-01-07,NSE:GREENLAM,178.880004,179.169996,174.5,177.369996,1930.0,1.4644459866648925,-2.0123329596412547
952,2019-01-08,NSE:GREENLAM,177.469996,177.480004,173.6,174.690002,2800.0,-1.5109624290683266,1.4644459866648925
953,2019-01-09,NSE:GREENLAM,177.0,177.0,173.0,173.4,2465.0,-0.7384521067210172,-1.5109624290683266
954,2019-01-10,NSE:GREENLAM,175.869996,179.6,173.0,177.3,11790.0,2.249134948096889,-0.7384521067210172
955,2019-01-11,NSE:GREENLAM,177.209998,177.209998,173.6,173.759998,3190.0,-1.9966170332769404,2.249134948096889
956,2019-01-14,NSE:GREENLAM,173.180004,175.880004,171.0,174.0,21650.0,0.13812269956402973,-1.9966170332769404
957,2019-01-15,NSE:GREENLAM,177.990002,179.0,172.869996,173.15,4130.0,-0.48850574712643346,0.13812269956402973
958,2019-01-16,NSE:GREENLAM,174.380004,176.0,171.6,172.0,1165.0,-0.6641640196361569,-0.48850574712643346
959,2019-01-17,NSE:GREENLAM,171.609998,175.540002,171.609998,174.05,1500.0,1.1918604651162856,-0.6641640196361569
960,2019-01-18,NSE:GREENLAM,174.009998,175.6,170.0,173.969996,2015.0,-0.04596610169491663,1.1918604651162856
961,2019-01-21,NSE:GREENLAM,171.009998,174.980004,169.630004,172.4,2735.0,-0.9024521676714893,-0.04596610169491663
962,2019-01-22,NSE:GREENLAM,174.619996,176.0,168.9,172.130004,9490.0,-0.15661020881670065,-0.9024521676714893
963,2019-01-23,NSE:GREENLAM,174.059998,187.619996,168.9,168.990002,5270.0,-1.8242037570626035,-0.15661020881670065
964,2019-01-24,NSE:GREENLAM,169.390002,176.780004,167.040002,174.580004,22845.0,3.3078891850655157,-1.8242037570626035
965,2019-01-25,NSE:GREENLAM,174.0,175.0,168.0,168.659998,2055.0,-3.3909988912590476,3.3078891850655157
966,2019-01-28,NSE:GREENLAM,167.0,171.069996,161.6,169.640002,7450.0,0.5810530129379037,-3.3909988912590476
967,2019-01-29,NSE:GREENLAM,168.009998,169.919996,166.0,167.059998,1225.0,-1.5208700598812785,0.5810530129379037
968,2019-01-30,NSE:GREENLAM,169.659998,170.2,163.609998,167.680004,3390.0,0.3711277429800935,-1.5208700598812785
969,2019-01-31,NSE:GREENLAM,169.990002,172.840002,157.990002,169.130004,27350.0,0.8647423457838282,0.3711277429800935
970,2019-02-01,NSE:GREENLAM,166.990002,169.480004,162.609998,166.6,3750.0,-1.4958930646037347,0.8647423457838282
971,2019-02-04,NSE:GREENLAM,163.630004,167.009998,157.990002,158.540002,6965.0,-4.83793397358944,-1.4958930646037347
972,2019-02-05,NSE:GREENLAM,160.609998,160.609998,154.219996,157.730004,16005.0,-0.510910804706549,-4.83793397358944
973,2019-02-06,NSE:GREENLAM,154.590002,159.719996,151.940002,156.2,11645.0,-0.9700145572810734,-0.510910804706549
974,2019-02-07,NSE:GREENLAM,152.319996,157.030004,151.119996,154.240002,9835.0,-1.2548002560819365,-0.9700145572810734
975,2019-02-08,NSE:GREENLAM,164.0,164.0,147.6,148.9,4295.0,-3.4621381812482066,-1.2548002560819365
976,2019-02-11,NSE:GREENLAM,144.0,148.8,142.0,143.240002,4280.0,-3.8012075218267305,-3.4621381812482066
977,2019-02-12,NSE:GREENLAM,149.469996,149.480004,143.790002,145.340002,565.0,1.4660709094377102,-3.8012075218267305
978,2019-02-13,NSE:GREENLAM,150.8,151.009998,138.230004,140.409998,90620.0,-3.392048941901072,1.4660709094377102
979,2019-02-14,NSE:GREENLAM,140.390002,141.6,138.0,139.590002,6435.0,-0.5840011478384918,-3.392048941901072
980,2019-02-15,NSE:GREENLAM,145.969996,145.969996,135.0,137.969996,21905.0,-1.1605458677477414,-0.5840011478384918
981,2019-02-18,NSE:GREENLAM,135.219996,139.580004,131.8,136.6,45390.0,-0.9929666157270995,-1.1605458677477414
982,2019-02-19,NSE:GREENLAM,138.790002,138.8,135.0,135.009998,1740.0,-1.1639838945827221,-0.9929666157270995
983,2019-02-20,NSE:GREENLAM,135.05,138.790002,133.219996,134.269996,7565.0,-0.5481090370803532,-1.1639838945827221
984,2019-02-21,NSE:GREENLAM,131.1,138.0,130.440002,136.590002,79525.0,1.72786629114073,-0.5481090370803532
985,2019-02-22,NSE:GREENLAM,136.880004,139.8,134.190002,137.990002,60725.0,1.0249652093862665,1.72786629114073
986,2019-02-25,NSE:GREENLAM,142.8,146.0,135.240002,141.359998,74975.0,2.442203022795801,1.0249652093862665
987,2019-02-26,NSE:GREENLAM,147.8,147.8,137.2,140.0,11745.0,-0.9620812247040287,2.442203022795801
988,2019-02-27,NSE:GREENLAM,140.390002,142.290002,138.2,139.969996,4650.0,-0.02143142857142217,-0.9620812247040287
989,2019-02-28,NSE:GREENLAM,139.830004,142.009998,139.790002,141.2,10815.0,0.8787626170968666,-0.02143142857142217
990,2019-03-01,NSE:GREENLAM,143.290002,154.0,140.930004,150.219996,25045.0,6.388099150141658,0.8787626170968666
991,2019-03-05,NSE:GREENLAM,159.790002,163.0,153.009998,160.180004,22120.0,6.6302810978639535,6.388099150141658
992,2019-03-06,NSE:GREENLAM,164.0,164.669996,156.980004,158.209998,8990.0,-1.2298701153734417,6.6302810978639535
993,2019-03-07,NSE:GREENLAM,155.2,163.540002,153.580004,162.559998,12275.0,2.7495101795020527,-1.2298701153734417
994,2019-03-08,NSE:GREENLAM,158.0,165.0,158.0,160.430004,5015.0,-1.310281758246583,2.7495101795020527
995,2019-03-11,NSE:GREENLAM,162.390002,165.6,157.309998,164.480004,26765.0,2.5244654360290433,-1.310281758246583
996,2019-03-12,NSE:GREENLAM,169.590002,177.090002,165.009998,173.380004,12060.0,5.410992086308561,2.5244654360290433
997,2019-03-13,NSE:GREENLAM,173.519996,179.2,170.259998,176.119996,12840.0,1.5803391030028886,5.410992086308561
998,2019-03-14,NSE:GREENLAM,180.990002,181.0,177.909998,179.95,5195.0,2.1746559658109477,1.5803391030028886
999,2019-03-15,NSE:GREENLAM,176.390002,181.0,176.390002,177.669996,10020.0,-1.2670208391219735,2.1746559658109477
1000,2019-03-18,NSE:GREENLAM,180.990002,183.6,172.440002,173.730004,6045.0,-2.2175899638113292,-1.2670208391219735
1001,2019-03-19,NSE:GREENLAM,178.019996,181.6,174.580004,178.240002,65700.0,2.5959810603584605,-2.2175899638113292
1002,2019-03-20,NSE:GREENLAM,179.319996,183.0,175.919996,179.480004,21490.0,0.6956923171488766,2.5959810603584605
1003,2019-03-22,NSE:GREENLAM,183.990002,185.0,176.509998,180.069996,18365.0,0.32872297016440627,0.6956923171488766
1004,2019-03-25,NSE:GREENLAM,177.790002,181.990002,170.0,178.85,14640.0,-0.6775120936860625,0.32872297016440627
1005,2019-03-26,NSE:GREENLAM,183.869996,183.869996,176.109998,178.15,9635.0,-0.39138943248531655,-0.6775120936860625
1006,2019-03-27,NSE:GREENLAM,183.65,183.65,176.2,179.85,22510.0,0.9542520348021267,-0.39138943248531655
1007,2019-03-28,NSE:GREENLAM,176.509998,183.6,176.509998,181.669996,4740.0,1.0119521823742026,0.9542520348021267
1008,2019-03-29,NSE:GREENLAM,183.030004,195.0,178.190002,189.590002,27230.0,4.359556434404282,1.0119521823742026
1009,2019-04-01,NSE:GREENLAM,195.6,195.6,183.9,188.25,91880.0,-0.7067893801699514,4.359556434404282
1010,2019-04-02,NSE:GREENLAM,191.790002,191.790002,182.6,184.619996,21550.0,-1.928288977423646,-0.7067893801699514
1011,2019-04-03,NSE:GREENLAM,185.009998,185.009998,181.780004,184.3,6260.0,-0.1733268372511366,-1.928288977423646
1012,2019-04-04,NSE:GREENLAM,183.980004,195.0,182.990002,190.880004,33975.0,3.5702680412371146,-0.1733268372511366
1013,2019-04-05,NSE:GREENLAM,190.240002,190.8,180.719996,189.240002,20675.0,-0.8591795712661499,3.5702680412371146
1014,2019-04-08,NSE:GREENLAM,194.0,200.8,188.330004,196.940002,5665.0,4.0689071647758634,-0.8591795712661499
1015,2019-04-09,NSE:GREENLAM,195.180004,199.390002,195.180004,198.390002,3055.0,0.7362648447622221,4.0689071647758634
1016,2019-04-10,NSE:GREENLAM,198.190002,199.190002,192.0,193.780004,2360.0,-2.3237048004062313,0.7362648447622221
1017,2019-04-11,NSE:GREENLAM,195.369996,206.82,193.0,197.809998,67010.0,2.0796748461208705,-2.3237048004062313
1018,2019-04-12,NSE:GREENLAM,194.45,197.6,190.259998,192.730004,5620.0,-2.568117916870915,2.0796748461208705
1019,2019-04-15,NSE:GREENLAM,197.0,198.780004,193.2,198.65,18360.0,3.071652507203807,-2.568117916870915
1020,2019-04-16,NSE:GREENLAM,198.790002,203.2,197.219996,199.969996,29180.0,0.6644832620186274,3.071652507203807
1021,2019-04-18,NSE:GREENLAM,199.009998,200.44,192.519996,198.190002,14970.0,-0.8901305373832263,0.6644832620186274
1022,2019-04-22,NSE:GREENLAM,198.140002,198.140002,192.309998,193.109998,12185.0,-2.5631989246359677,-0.8901305373832263
1023,2019-04-23,NSE:GREENLAM,194.990002,198.580004,193.0,195.980004,186520.0,1.4862026978012903,-2.5631989246359677
1024,2019-04-24,NSE:GREENLAM,197.3,197.709998,195.430004,195.759998,76095.0,-0.11225941193470541,1.4862026978012903
1025,2019-04-25,NSE:GREENLAM,195.280004,195.280004,188.009998,190.069996,101720.0,-2.906621402805691,-0.11225941193470541
1026,2019-04-26,NSE:GREENLAM,193.990002,194.4,185.580004,188.819996,58785.0,-0.6576524576766971,-2.906621402805691
1027,2019-04-30,NSE:GREENLAM,186.4,189.2,178.459998,185.940002,40515.0,-1.525259009114697,-0.6576524576766971
1028,2019-05-02,NSE:GREENLAM,188.909998,188.909998,177.009998,178.9,12095.0,-3.7861686158312438,-1.525259009114697
1029,2019-05-03,NSE:GREENLAM,177.6,179.509998,175.0,175.540002,2250.0,-1.8781430967020785,-3.7861686158312438
1030,2019-05-06,NSE:GREENLAM,173.9,178.469996,170.0,174.740002,10530.0,-0.4557365790618956,-1.8781430967020785
1031,2019-05-07,NSE:GREENLAM,172.080004,178.240002,172.080004,176.190002,5800.0,0.8298042711479359,-0.4557365790618956
1032,2019-05-08,NSE:GREENLAM,176.869996,176.880004,171.609998,174.0,7065.0,-1.242977453397153,0.8298042711479359
1033,2019-05-09,NSE:GREENLAM,172.009998,172.009998,167.009998,168.919996,53620.0,-2.919542528735634,-1.242977453397153
1034,2019-05-10,NSE:GREENLAM,168.940002,170.590002,165.819996,165.819996,3490.0,-1.8351882982521466,-2.919542528735634
1035,2019-05-13,NSE:GREENLAM,169.6,169.6,156.0,158.630004,16665.0,-4.33602229733499,-1.8351882982521466
1036,2019-05-14,NSE:GREENLAM,158.630004,161.680004,158.2,159.740002,4095.0,0.6997402584696336,-4.33602229733499
1037,2019-05-15,NSE:GREENLAM,159.809998,161.0,159.390002,160.469996,8650.0,0.45698885117079496,0.6997402584696336
1038,2019-05-16,NSE:GREENLAM,162.8,162.8,160.0,161.580004,1300.0,0.6917230807433892,0.45698885117079496
1039,2019-05-17,NSE:GREENLAM,163.0,166.059998,157.269996,158.8,60015.0,-1.720512397066156,0.6917230807433892
1040,2019-05-20,NSE:GREENLAM,160.4,175.590002,160.4,170.369996,11085.0,7.285891687657414,-1.720512397066156
1041,2019-05-21,NSE:GREENLAM,179.6,189.119996,164.7,170.159998,4505.0,-0.12325996650254345,7.285891687657414
1042,2019-05-22,NSE:GREENLAM,168.380004,174.7,166.3,171.609998,29255.0,0.852139173156307,-0.12325996650254345
1043,2019-05-23,NSE:GREENLAM,171.1,179.8,167.0,171.130004,18170.0,-0.27970048691450744,0.852139173156307
1044,2019-05-24,NSE:GREENLAM,177.009998,177.009998,169.6,174.880004,165700.0,2.1913164917590953,-0.27970048691450744
1045,2019-05-27,NSE:GREENLAM,173.790002,177.830004,171.490002,176.640002,7705.0,1.0064032249221562,2.1913164917590953
1046,2019-05-28,NSE:GREENLAM,186.009998,186.009998,173.4,173.969996,12145.0,-1.511552292668113,1.0064032249221562
1047,2019-05-29,NSE:GREENLAM,175.569996,176.340002,173.040002,173.190002,4495.0,-0.44834972577686116,-1.511552292668113
1048,2019-05-30,NSE:GREENLAM,179.880004,179.880004,168.8,172.030004,33640.0,-0.6697834670618006,-0.44834972577686116
1049,2019-05-31,NSE:GREENLAM,176.05,178.930004,171.819996,175.519996,32445.0,2.0287112241187883,-0.6697834670618006
1050,2019-06-03,NSE:GREENLAM,179.8,179.8,172.009998,173.930004,4830.0,-0.9058751345914998,2.0287112241187883
1051,2019-06-04,NSE:GREENLAM,176.009998,178.0,168.809998,176.140002,13545.0,1.2706249348444867,-0.9058751345914998
1052,2019-06-06,NSE:GREENLAM,174.940002,174.95,171.6,172.290002,5790.0,-2.1857613013993396,1.2706249348444867
1053,2019-06-07,NSE:GREENLAM,171.990002,175.190002,168.8,169.7,5295.0,-1.5032804979594803,-2.1857613013993396
1054,2019-06-10,NSE:GREENLAM,171.990002,172.490002,168.0,168.090002,7860.0,-0.9487318797878553,-1.5032804979594803
1055,2019-06-11,NSE:GREENLAM,167.65,168.4,166.540002,167.0,23230.0,-0.6484633155040348,-0.9487318797878553
1056,2019-06-12,NSE:GREENLAM,165.590002,170.25,164.330004,167.619996,9615.0,0.37125508982035105,-0.6484633155040348
1057,2019-06-13,NSE:GREENLAM,168.669996,168.669996,160.669996,163.880004,13155.0,-2.2312326030600627,0.37125508982035105
1058,2019-06-14,NSE:GREENLAM,167.959998,167.959998,162.990002,163.980004,1040.0,0.061020257236504775,-2.2312326030600627
1059,2019-06-17,NSE:GREENLAM,165.65,165.659998,154.4,156.859998,10635.0,-4.341996479034125,0.061020257236504775
1060,2019-06-18,NSE:GREENLAM,154.0,160.219996,153.080004,153.969996,6150.0,-1.8424085406401582,-4.341996479034125
1061,2019-06-19,NSE:GREENLAM,150.509998,159.790002,150.509998,154.290002,8090.0,0.20783659694319795,-1.8424085406401582
1062,2019-06-20,NSE:GREENLAM,151.6,156.259998,146.719996,150.190002,37650.0,-2.657333558139428,0.20783659694319795
1063,2019-06-21,NSE:GREENLAM,147.8,152.8,145.0,148.809998,7855.0,-0.9188387919456751,-2.657333558139428
1064,2019-06-24,NSE:GREENLAM,153.940002,159.0,147.590002,151.019996,27225.0,1.4851139235953652,-0.9188387919456751
1065,2019-06-25,NSE:GREENLAM,148.0,154.269996,146.2,147.1,38325.0,-2.5956801111291234,1.4851139235953652
1066,2019-06-26,NSE:GREENLAM,145.2,149.880004,144.6,145.019996,44360.0,-1.4140067980965347,-2.5956801111291234
1067,2019-06-27,NSE:GREENLAM,145.2,150.8,145.2,147.469996,8830.0,1.689422195267484,-1.4140067980965347
1068,2019-06-28,NSE:GREENLAM,144.4,154.969996,144.4,153.569996,8290.0,4.136434641254072,1.689422195267484
1069,2019-07-01,NSE:GREENLAM,149.6,158.180004,149.6,155.990002,3135.0,1.5758325604175967,4.136434641254072
1070,2019-07-02,NSE:GREENLAM,157.0,158.759998,150.2,151.869996,30245.0,-2.641198760930856,1.5758325604175967
1071,2019-07-03,NSE:GREENLAM,150.0,155.119996,150.0,153.030004,3050.0,0.7638164420574588,-2.641198760930856
1072,2019-07-04,NSE:GREENLAM,151.0,156.959998,150.590002,154.419996,2575.0,0.9083133788587019,0.7638164420574588
1073,2019-07-05,NSE:GREENLAM,151.0,158.590002,151.0,155.440002,5390.0,0.6605401025913736,0.9083133788587019
1074,2019-07-08,NSE:GREENLAM,155.440002,157.490002,153.009998,156.990002,6985.0,0.9971693129545968,0.6605401025913736
1075,2019-07-09,NSE:GREENLAM,152.2,157.880004,152.019996,155.259998,4345.0,-1.1019835517933225,0.9971693129545968
1076,2019-07-10,NSE:GREENLAM,162.8,162.8,151.830004,156.990002,8420.0,1.1142625417269478,-1.1019835517933225
1077,2019-07-11,NSE:GREENLAM,153.6,159.6,153.6,158.169996,3040.0,0.7516364003868179,1.1142625417269478
1078,2019-07-12,NSE:GREENLAM,154.419996,157.609998,153.65,154.909998,3295.0,-2.0610723161426874,0.7516364003868179
1079,2019-07-15,NSE:GREENLAM,154.909998,155.6,150.2,150.740002,9335.0,-2.691883063609618,-2.0610723161426874
1080,2019-07-16,NSE:GREENLAM,150.2,153.869996,150.2,150.790002,3060.0,0.03316969572548032,-2.691883063609618
1081,2019-07-17,NSE:GREENLAM,148.0,153.8,148.0,150.259998,12350.0,-0.35148484181331274,0.03316969572548032
1082,2019-07-18,NSE:GREENLAM,147.2,157.269996,147.2,153.019996,8370.0,1.8368148787011138,-0.35148484181331274
1083,2019-07-19,NSE:GREENLAM,148.45,156.0,141.0,143.3,9355.0,-6.352108387194037,1.8368148787011138
1084,2019-07-22,NSE:GREENLAM,139.6,140.0,133.409998,136.480004,22425.0,-4.759243545010469,-6.352108387194037
1085,2019-07-23,NSE:GREENLAM,135.0,139.390002,135.0,138.780004,3295.0,1.6852285555325621,-4.759243545010469
1086,2019-07-24,NSE:GREENLAM,140.0,149.8,138.0,142.519996,13900.0,2.6949069694507295,1.6852285555325621
1087,2019-07-25,NSE:GREENLAM,140.009998,145.25,140.009998,144.090002,2120.0,1.1016040163234404,2.6949069694507295
1088,2019-07-26,NSE:GREENLAM,140.0,140.0,134.4,138.230004,122330.0,-4.066901185829667,1.1016040163234404
1089,2019-07-29,NSE:GREENLAM,135.6,141.6,135.6,138.0,90820.0,-0.16639223999444294,-4.066901185829667
1090,2019-07-30,NSE:GREENLAM,135.4,142.980004,135.4,136.930004,4480.0,-0.7753594202898575,-0.16639223999444294
1091,2019-07-31,NSE:GREENLAM,137.0,140.740002,137.0,139.480004,50390.0,1.862265336675234,-0.7753594202898575
1092,2019-08-01,NSE:GREENLAM,135.6,139.959998,135.6,137.740002,11910.0,-1.2474920777891605,1.862265336675234
1093,2019-08-02,NSE:GREENLAM,135.0,139.680004,135.0,138.559998,178240.0,0.5953216118001823,-1.2474920777891605
1094,2019-08-05,NSE:GREENLAM,142.0,142.0,136.390002,137.959998,8880.0,-0.43302541040740655,0.5953216118001823
1095,2019-08-06,NSE:GREENLAM,137.959998,142.0,136.619996,137.730004,2785.0,-0.1667106431822396,-0.43302541040740655
1096,2019-08-07,NSE:GREENLAM,140.0,140.569996,136.0,136.730004,5245.0,-0.726058208783614,-0.1667106431822396
1097,2019-08-08,NSE:GREENLAM,133.009998,138.980004,133.009998,138.0,5785.0,0.9288349029814933,-0.726058208783614
1098,2019-08-09,NSE:GREENLAM,142.540002,142.540002,135.990002,136.990002,9605.0,-0.7318826086956493,0.9288349029814933
1099,2019-08-13,NSE:GREENLAM,140.0,142.0,131.130004,139.969996,53150.0,2.1753368541450233,-0.7318826086956493
1100,2019-08-14,NSE:GREENLAM,141.869996,141.880004,137.8,137.859998,4375.0,-1.5074644997489453,2.1753368541450233
1101,2019-08-16,NSE:GREENLAM,139.059998,142.119996,136.490002,140.6,35275.0,1.9875250542220408,-1.5074644997489453
1102,2019-08-19,NSE:GREENLAM,138.080004,143.559998,137.009998,140.55,53475.0,-0.0355618776671287,1.9875250542220408
1103,2019-08-20,NSE:GREENLAM,141.869996,141.880004,137.740002,138.6,5230.0,-1.3874066168623385,-0.0355618776671287
1104,2019-08-21,NSE:GREENLAM,138.6,140.0,138.590002,138.6,2455.0,0.0,-1.3874066168623385
1105,2019-08-22,NSE:GREENLAM,140.0,141.0,137.219996,139.55,10960.0,0.6854256854256977,0.0
1106,2019-08-23,NSE:GREENLAM,138.609998,139.959998,138.4,138.6,6910.0,-0.6807595843783711,0.6854256854256977
1107,2019-08-26,NSE:GREENLAM,140.0,144.8,140.0,142.619996,890.0,2.900430014430009,-0.6807595843783711
1108,2019-08-27,NSE:GREENLAM,140.1,148.6,138.680004,147.480004,5125.0,3.4076624150235024,2.900430014430009
1109,2019-08-28,NSE:GREENLAM,147.990002,151.8,145.040002,149.130004,4390.0,1.1187957385734852,3.4076624150235024
1110,2019-08-29,NSE:GREENLAM,148.980004,159.8,144.009998,151.219996,2860.0,1.401456409804693,1.1187957385734852
1111,2019-08-30,NSE:GREENLAM,148.2,156.2,148.2,153.890002,1090.0,1.765643480112247,1.401456409804693
1112,2019-09-03,NSE:GREENLAM,154.409998,155.209998,147.6,151.45,2630.0,-1.5855493978094957,1.765643480112247
1113,2019-09-04,NSE:GREENLAM,148.419996,150.2,148.409998,148.409998,120.0,-2.007264443710787,-1.5855493978094957
1114,2019-09-05,NSE:GREENLAM,148.990002,149.0,141.709998,144.0,10185.0,-2.971496569927857,-2.007264443710787
1115,2019-09-06,NSE:GREENLAM,147.6,147.6,144.2,146.219996,310.0,1.5416638888888952,-2.971496569927857
1116,2019-09-09,NSE:GREENLAM,144.2,148.519996,140.8,144.380004,10600.0,-1.2583723501127677,1.5416638888888952
1117,2019-09-11,NSE:GREENLAM,144.0,153.0,142.459998,150.019996,2760.0,3.9063525722024344,-1.2583723501127677
1118,2019-09-12,NSE:GREENLAM,154.0,160.0,147.6,148.8,11615.0,-0.8132222587180848,3.9063525722024344
1119,2019-09-13,NSE:GREENLAM,151.880004,151.880004,145.809998,148.140002,4315.0,-0.44354704301075376,-0.8132222587180848
1120,2019-09-16,NSE:GREENLAM,147.0,151.180004,145.0,150.35,2625.0,1.4918306805477055,-0.44354704301075376
1121,2019-09-17,NSE:GREENLAM,146.940002,155.0,146.940002,152.030004,2580.0,1.117395410708345,1.4918306805477055
1122,2019-09-18,NSE:GREENLAM,149.409998,157.0,149.4,155.919996,3725.0,2.558700189207393,1.117395410708345
1123,2019-09-19,NSE:GREENLAM,159.0,159.0,146.6,147.940002,9795.0,-5.118005518676389,2.558700189207393
1124,2019-09-20,NSE:GREENLAM,148.009998,154.259998,148.009998,151.019996,15555.0,2.08192102092847,-5.118005518676389
1125,2019-09-23,NSE:GREENLAM,154.0,167.8,153.2,161.090002,12120.0,6.667995144166211,2.08192102092847
1126,2019-09-24,NSE:GREENLAM,158.0,171.0,157.0,170.059998,37815.0,5.568313296066636,6.667995144166211
1127,2019-09-25,NSE:GREENLAM,174.990002,174.990002,163.490002,172.7,15275.0,1.5523944672750032,5.568313296066636
1128,2019-09-26,NSE:GREENLAM,172.0,177.8,172.0,177.209998,14800.0,2.6114638100752896,1.5523944672750032
1129,2019-09-27,NSE:GREENLAM,177.680004,179.4,172.409998,176.140002,4405.0,-0.603801146705054,2.6114638100752896
1130,2019-09-30,NSE:GREENLAM,179.8,179.8,176.0,176.969996,3240.0,0.4712126663879561,-0.603801146705054
1131,2019-10-01,NSE:GREENLAM,179.8,179.8,164.0,171.240002,22985.0,-3.2378336042907545,0.4712126663879561
1132,2019-10-03,NSE:GREENLAM,171.990002,173.6,167.819996,171.459998,13790.0,0.12847231805101764,-3.2378336042907545
1133,2019-10-04,NSE:GREENLAM,168.480004,175.880004,168.080004,174.0,2250.0,1.48139626130171,0.12847231805101764
1134,2019-10-07,NSE:GREENLAM,175.880004,175.880004,169.1,173.490002,71925.0,-0.29310229885057243,1.48139626130171
1135,2019-10-09,NSE:GREENLAM,179.6,179.8,173.109998,178.540002,3075.0,2.9108305618671806,-0.29310229885057243
1136,2019-10-10,NSE:GREENLAM,174.2,179.8,171.390002,175.5,2910.0,-1.7027007762663668,2.9108305618671806
1137,2019-10-11,NSE:GREENLAM,177.0,181.8,175.0,176.280004,4900.0,0.44444672364671856,-1.7027007762663668
1138,2019-10-14,NSE:GREENLAM,175.4,179.45,172.2,173.540002,3165.0,-1.5543464589438087,0.44444672364671856
1139,2019-10-15,NSE:GREENLAM,183.4,183.959998,173.0,174.340002,6500.0,0.46098881570832956,-1.5543464589438087
1140,2019-10-16,NSE:GREENLAM,173.009998,180.0,170.809998,179.1,8425.0,2.7302959420638278,0.46098881570832956
1141,2019-10-17,NSE:GREENLAM,178.769996,181.0,174.2,180.269996,6495.0,0.6532640982691221,2.7302959420638278
1142,2019-10-18,NSE:GREENLAM,179.859998,179.859998,173.6,176.840002,16855.0,-1.9026982171786333,0.6532640982691221
1143,2019-10-22,NSE:GREENLAM,176.840002,179.6,174.080004,178.8,3105.0,1.1083453844340112,-1.9026982171786333
1144,2019-10-23,NSE:GREENLAM,178.390002,189.0,178.390002,183.880004,4970.0,2.8411655480984352,1.1083453844340112
1145,2019-10-24,NSE:GREENLAM,184.6,193.430004,174.719996,182.569996,32640.0,-0.7124254793903585,2.8411655480984352
1146,2019-10-25,NSE:GREENLAM,177.109998,186.0,176.169996,181.259998,5900.0,-0.7175319212911673,-0.7124254793903585
1147,2019-10-29,NSE:GREENLAM,178.1,184.490002,176.0,181.180004,5455.0,-0.044132186297386605,-0.7175319212911673
1148,2019-10-30,NSE:GREENLAM,179.209998,182.0,177.219996,180.330004,16910.0,-0.46914669457673397,-0.044132186297386605
1149,2019-10-31,NSE:GREENLAM,176.509998,182.230004,176.309998,182.059998,9515.0,0.9593489500504891,-0.46914669457673397
1150,2019-11-01,NSE:GREENLAM,181.219996,184.0,178.409998,180.440002,3925.0,-0.8898143566935635,0.9593489500504891
1151,2019-11-04,NSE:GREENLAM,184.0,184.0,177.3,179.609998,2750.0,-0.4599889108846288,-0.8898143566935635
1152,2019-11-05,NSE:GREENLAM,178.080004,181.940002,176.3,178.540002,8395.0,-0.5957329836393647,-0.4599889108846288
1153,2019-11-06,NSE:GREENLAM,182.0,186.0,177.109998,182.459998,11285.0,2.195584158221319,-0.5957329836393647
1154,2019-11-07,NSE:GREENLAM,185.0,199.8,181.0,190.55,62235.0,4.4338496594744,2.195584158221319
1155,2019-11-08,NSE:GREENLAM,190.009998,195.5,187.090002,192.359998,17885.0,0.9498808711624134,4.4338496594744
1156,2019-11-11,NSE:GREENLAM,192.4,209.8,190.190002,207.3,30745.0,7.76668858147941,0.9498808711624134
1157,2019-11-13,NSE:GREENLAM,206.4,207.3,197.0,202.78,24040.0,-2.1804148576941675,7.76668858147941
1158,2019-11-14,NSE:GREENLAM,202.78,203.83,191.119996,193.490002,4615.0,-4.581318670480322,-2.1804148576941675
1159,2019-11-15,NSE:GREENLAM,197.0,197.4,192.009998,194.1,4540.0,0.31526073373030933,-4.581318670480322
1160,2019-11-18,NSE:GREENLAM,195.480004,199.0,192.2,195.630004,10350.0,0.7882555383822872,0.31526073373030933
1161,2019-11-19,NSE:GREENLAM,198.990002,198.990002,190.3,191.969996,14400.0,-1.8708827506848102,0.7882555383822872
1162,2019-11-20,NSE:GREENLAM,195.6,195.6,190.3,190.880004,3420.0,-0.567792896135704,-1.8708827506848102
1163,2019-11-21,NSE:GREENLAM,189.2,192.65,178.0,181.730004,15475.0,-4.793587493847708,-0.567792896135704
1164,2019-11-22,NSE:GREENLAM,183.4,191.0,179.259998,186.819996,10130.0,2.8008539525481964,-4.793587493847708
1165,2019-11-25,NSE:GREENLAM,191.0,194.980004,181.009998,193.380004,16090.0,3.511405706271405,2.8008539525481964
1166,2019-11-26,NSE:GREENLAM,190.080004,194.980004,185.209998,191.459998,11385.0,-0.9928668736608365,3.511405706271405
1167,2019-11-27,NSE:GREENLAM,187.309998,199.8,186.6,194.740002,9875.0,1.7131536792348605,-0.9928668736608365
1168,2019-11-28,NSE:GREENLAM,200.2,200.2,191.4,196.469996,8890.0,0.8883608823214477,1.7131536792348605
1169,2019-11-29,NSE:GREENLAM,191.090002,199.8,188.2,197.090002,10230.0,0.3155728674214404,0.8883608823214477
1170,2019-12-02,NSE:GREENLAM,192.409998,200.98,186.009998,196.109998,18895.0,-0.49723679032689244,0.3155728674214404
1171,2019-12-03,NSE:GREENLAM,196.2,200.4,190.119996,196.030004,14235.0,-0.04079037316598169,-0.49723679032689244
1172,2019-12-04,NSE:GREENLAM,198.0,201.6,190.65,198.609998,7310.0,1.316121995283946,-0.04079037316598169
1173,2019-12-05,NSE:GREENLAM,196.209998,199.0,194.8,196.919996,8890.0,-0.8509148668336389,1.316121995283946
1174,2019-12-06,NSE:GREENLAM,195.0,199.8,192.15,194.880004,4140.0,-1.035949645255926,-0.8509148668336389
1175,2019-12-09,NSE:GREENLAM,193.4,199.8,192.0,198.719996,8285.0,1.9704392042192254,-1.035949645255926
1176,2019-12-10,NSE:GREENLAM,199.8,204.0,194.4,199.9,5535.0,0.5938023468961808,1.9704392042192254
1177,2019-12-11,NSE:GREENLAM,199.9,200.8,194.230004,198.809998,17660.0,-0.5452736368184083,0.5938023468961808
1178,2019-12-12,NSE:GREENLAM,198.680004,200.0,195.640002,197.230004,8200.0,-0.7947256254184959,-0.5452736368184083
1179,2019-12-13,NSE:GREENLAM,196.369996,199.009998,194.440002,196.409998,6155.0,-0.41576128548879737,-0.7947256254184959
1180,2019-12-16,NSE:GREENLAM,196.390002,198.390002,195.530004,198.240002,3210.0,0.9317264999921249,-0.41576128548879737
1181,2019-12-17,NSE:GREENLAM,199.990002,206.4,192.6,195.519996,14195.0,-1.372077266221987,0.9317264999921249
1182,2019-12-18,NSE:GREENLAM,195.190002,196.019996,190.45,191.109998,8065.0,-2.255522754818388,-1.372077266221987
1183,2019-12-19,NSE:GREENLAM,190.2,196.990002,179.640002,194.559998,18735.0,1.805243072630882,-2.255522754818388
1184,2019-12-20,NSE:GREENLAM,190.209998,195.0,190.009998,193.759998,9235.0,-0.411184214753133,1.805243072630882
1185,2019-12-23,NSE:GREENLAM,191.2,194.809998,186.6,191.759998,9260.0,-1.0322048000846902,-0.411184214753133
1186,2019-12-24,NSE:GREENLAM,187.0,197.069996,187.0,190.880004,14495.0,-0.4589038429172189,-1.0322048000846902
1187,2019-12-26,NSE:GREENLAM,193.759998,193.759998,187.65,188.830004,5925.0,-1.0739731543593278,-0.4589038429172189
1188,2019-12-27,NSE:GREENLAM,188.009998,189.4,178.719996,181.830004,18930.0,-3.707037998050352,-1.0739731543593278
1189,2019-12-30,NSE:GREENLAM,179.0,183.980004,176.009998,181.559998,14805.0,-0.1484936446462351,-3.707037998050352
1190,2019-12-31,NSE:GREENLAM,177.6,185.0,177.6,180.55,5450.0,-0.5562888362666736,-0.1484936446462351
1191,2020-01-01,NSE:GREENLAM,180.0,189.290002,178.009998,184.290002,6315.0,2.0714494599833704,-0.5562888362666736
1192,2020-01-02,NSE:GREENLAM,184.2,187.980004,181.619996,185.159998,7065.0,0.4720798689882345,2.0714494599833704
1193,2020-01-03,NSE:GREENLAM,184.119996,191.990002,181.0,185.580004,9420.0,0.22683409188630513,0.4720798689882345
1194,2020-01-06,NSE:GREENLAM,187.990002,187.990002,180.45,181.959998,5975.0,-1.9506444239542045,0.22683409188630513
1195,2020-01-07,NSE:GREENLAM,181.359998,189.6,181.359998,188.130004,4470.0,3.3908584676946414,-1.9506444239542045
1196,2020-01-08,NSE:GREENLAM,187.0,188.240002,182.109998,187.259998,36595.0,-0.46244936028386935,3.3908584676946414
1197,2020-01-09,NSE:GREENLAM,184.480004,194.0,184.480004,190.140002,7195.0,1.5379707523013078,-0.46244936028386935
1198,2020-01-10,NSE:GREENLAM,188.0,194.9,183.2,190.840002,8430.0,0.36814978049699854,1.5379707523013078
1199,2020-01-13,NSE:GREENLAM,194.0,196.0,191.009998,191.909998,4340.0,0.5606770010409051,0.36814978049699854
1200,2020-01-14,NSE:GREENLAM,190.0,195.0,186.309998,194.75,3045.0,1.4798614087839228,0.5606770010409051
1201,2020-01-15,NSE:GREENLAM,194.0,195.0,186.0,188.269996,8140.0,-3.3273448010269617,1.4798614087839228
1202,2020-01-16,NSE:GREENLAM,194.580004,194.580004,189.1,190.8,4505.0,1.34381688731752,-3.3273448010269617
1203,2020-01-17,NSE:GREENLAM,192.2,196.0,186.4,191.980004,11995.0,0.6184507337526188,1.34381688731752
1204,2020-01-20,NSE:GREENLAM,189.419996,192.740002,187.009998,189.340002,5235.0,-1.3751442572112926,0.6184507337526188
1205,2020-01-21,NSE:GREENLAM,190.4,190.4,186.019996,187.930004,3455.0,-0.7446910241397386,-1.3751442572112926
1206,2020-01-22,NSE:GREENLAM,188.040002,192.0,183.990002,187.419996,8350.0,-0.27138189173879823,-0.7446910241397386
1207,2020-01-23,NSE:GREENLAM,187.419996,188.0,185.290002,186.519996,7335.0,-0.48020489766737895,-0.27138189173879823
1208,2020-01-24,NSE:GREENLAM,190.0,190.0,186.0,187.65,3560.0,0.6058353121560296,-0.48020489766737895
1209,2020-01-27,NSE:GREENLAM,185.009998,194.0,180.6,189.05,13060.0,0.7460698108180153,0.6058353121560296
1210,2020-01-28,NSE:GREENLAM,193.390002,193.4,185.25,188.940002,4930.0,-0.058184607246770007,0.7460698108180153
1211,2020-01-29,NSE:GREENLAM,184.409998,190.9,184.409998,190.409998,20220.0,0.7780226444583234,-0.058184607246770007
1212,2020-01-30,NSE:GREENLAM,200.45,207.54,196.45,200.33,276810.0,5.209811514204213,0.7780226444583234
1213,2020-01-31,NSE:GREENLAM,204.4,209.08,200.78,204.93,16285.0,2.296211251435129,5.209811514204213
1214,2020-02-01,NSE:GREENLAM,203.8,208.0,198.05,202.92,19200.0,-0.9808227199531642,2.296211251435129
1215,2020-02-03,NSE:GREENLAM,202.0,202.0,193.340002,198.05,16025.0,-2.3999605755962823,-0.9808227199531642
1216,2020-02-04,NSE:GREENLAM,198.309998,200.0,195.490002,199.490002,6435.0,0.727090128755361,-2.3999605755962823
1217,2020-02-05,NSE:GREENLAM,199.1,204.8,193.209998,199.180004,15820.0,-0.15539525634974294,0.727090128755361
1218,2020-02-06,NSE:GREENLAM,200.2,200.2,195.1,198.440002,4920.0,-0.3715242419615596,-0.15539525634974294
1219,2020-02-07,NSE:GREENLAM,198.6,200.0,197.869996,199.809998,6405.0,0.6903829803428517,-0.3715242419615596
1220,2020-02-10,NSE:GREENLAM,200.61,200.61,190.65,194.8,16360.0,-2.507381037059014,0.6903829803428517
1221,2020-02-11,NSE:GREENLAM,192.440002,197.2,190.6,192.109998,5995.0,-1.3809045174538095,-2.507381037059014
1222,2020-02-12,NSE:GREENLAM,194.9,197.669996,187.030004,191.180004,8130.0,-0.4840945342157536,-1.3809045174538095
1223,2020-02-13,NSE:GREENLAM,188.4,195.990002,187.0,188.940002,18580.0,-1.1716716984690532,-0.4840945342157536
1224,2020-02-14,NSE:GREENLAM,193.790002,196.009998,190.0,190.940002,17705.0,1.0585370905204077,-1.1716716984690532
1225,2020-02-17,NSE:GREENLAM,187.8,200.0,187.8,197.75,35725.0,3.5665643284113964,1.0585370905204077
1226,2020-02-18,NSE:GREENLAM,200.77,200.77,194.490002,196.7,26205.0,-0.5309734513274393,3.5665643284113964
1227,2020-02-19,NSE:GREENLAM,199.959998,199.959998,193.8,196.140002,11410.0,-0.28469649211996895,-0.5309734513274393
1228,2020-02-20,NSE:GREENLAM,197.8,198.0,192.0,194.519996,7460.0,-0.8259437052519341,-0.28469649211996895
1229,2020-02-24,NSE:GREENLAM,194.6,195.980004,187.6,193.5,18530.0,-0.5243656287140742,-0.8259437052519341
1230,2020-02-25,NSE:GREENLAM,193.0,196.030004,190.0,192.809998,19155.0,-0.3565901808785492,-0.5243656287140742
1231,2020-02-26,NSE:GREENLAM,193.2,194.740002,188.5,189.880004,7630.0,-1.5196276284386423,-0.3565901808785492
1232,2020-02-27,NSE:GREENLAM,189.880004,194.4,177.740002,191.059998,33175.0,0.6214419502540106,-1.5196276284386423
1233,2020-02-28,NSE:GREENLAM,191.0,194.959998,179.25,193.369996,14040.0,1.2090432451485627,0.6214419502540106
1234,2020-03-02,NSE:GREENLAM,193.369996,196.4,184.809998,187.480004,9355.0,-3.0459699652680237,1.2090432451485627
1235,2020-03-03,NSE:GREENLAM,184.009998,193.759998,184.0,187.319996,4285.0,-0.08534670182746786,-3.0459699652680237
1236,2020-03-04,NSE:GREENLAM,188.0,190.740002,179.059998,182.459998,6030.0,-2.594489698793283,-0.08534670182746786
1237,2020-03-05,NSE:GREENLAM,189.0,189.0,180.759998,183.819996,1445.0,0.7453677600062181,-2.594489698793283
1238,2020-03-06,NSE:GREENLAM,180.0,192.0,176.330004,186.209998,9615.0,1.3001860798647877,0.7453677600062181
1239,2020-03-09,NSE:GREENLAM,185.959998,185.959998,167.280004,180.609998,76430.0,-3.007357317086713,1.3001860798647877
1240,2020-03-11,NSE:GREENLAM,173.090002,193.6,173.080004,175.490002,15640.0,-2.834835311830293,-3.007357317086713
1241,2020-03-12,NSE:GREENLAM,163.009998,173.0,152.259998,168.759998,17940.0,-3.834978587555095,-2.834835311830293
1242,2020-03-13,NSE:GREENLAM,153.009998,166.0,148.309998,152.930004,21570.0,-9.380181433754224,-3.834978587555095
1243,2020-03-16,NSE:GREENLAM,153.0,153.0,132.309998,138.709998,23940.0,-9.298375484250942,-9.380181433754224
1244,2020-03-17,NSE:GREENLAM,136.309998,136.309998,122.240002,127.630004,26460.0,-7.987884189862084,-9.298375484250942
1245,2020-03-18,NSE:GREENLAM,129.0,130.609998,110.659998,120.680004,33985.0,-5.445428020201271,-7.987884189862084
1246,2020-03-19,NSE:GREENLAM,110.159998,119.590002,105.0,108.859998,23355.0,-9.794502492724472,-5.445428020201271
1247,2020-03-20,NSE:GREENLAM,104.0,119.6,104.0,116.95,25395.0,7.431565449780734,-9.794502492724472
1248,2020-03-23,NSE:GREENLAM,116.0,127.969996,105.259998,105.259998,18270.0,-9.995726378794362,7.431565449780734
1249,2020-03-24,NSE:GREENLAM,100.4,115.590002,94.740002,98.190002,12340.0,-6.716697828552105,-9.995726378794362
1250,2020-03-25,NSE:GREENLAM,107.580004,108.0,88.379998,101.729998,15520.0,3.6052509704602995,-6.716697828552105
1251,2020-03-26,NSE:GREENLAM,102.379998,111.9,95.0,103.230004,10450.0,1.4744972274549728,3.6052509704602995
1252,2020-03-27,NSE:GREENLAM,113.540002,113.540002,92.909998,92.940002,101265.0,-9.968034099853359,1.4744972274549728
1253,2020-03-30,NSE:GREENLAM,96.990002,97.4,88.4,94.690002,9415.0,1.8829351865088186,-9.968034099853359
1254,2020-03-31,NSE:GREENLAM,94.0,99.420002,94.0,99.420002,5750.0,4.995247544719652,1.8829351865088186
1255,2020-04-01,NSE:GREENLAM,102.0,102.0,94.5,96.670002,23365.0,-2.7660429940445987,4.995247544719652
1256,2020-04-03,NSE:GREENLAM,96.6,100.8,95.009998,99.05,3165.0,2.461981949684868,-2.7660429940445987
1257,2020-04-07,NSE:GREENLAM,101.2,103.980004,96.4,101.359998,23430.0,2.3321534578495786,2.461981949684868
1258,2020-04-08,NSE:GREENLAM,101.329998,104.240002,96.4,97.990002,23155.0,-3.324779071128238,2.3321534578495786
1259,2020-04-09,NSE:GREENLAM,97.0,100.2,96.8,98.029998,225915.0,0.040816409004667785,-3.324779071128238
1260,2020-04-13,NSE:GREENLAM,98.2,102.930004,98.2,102.580004,21680.0,4.64144251028139,0.040816409004667785
1261,2020-04-15,NSE:GREENLAM,107.0,107.7,104.0,107.580004,17835.0,4.874244302037656,4.64144251028139
1262,2020-04-16,NSE:GREENLAM,111.0,112.4,102.220002,105.659998,23790.0,-1.7847238600214224,4.874244302037656
1263,2020-04-17,NSE:GREENLAM,109.5,110.940002,105.2,110.730004,14225.0,4.79841576374059,-1.7847238600214224
1264,2020-04-20,NSE:GREENLAM,116.259998,116.259998,114.0,116.259998,11190.0,4.994124266445437,4.79841576374059
1265,2020-04-21,NSE:GREENLAM,119.0,119.0,110.45,111.869996,14290.0,-3.776021052400152,4.994124266445437
1266,2020-04-22,NSE:GREENLAM,108.4,117.0,108.209998,113.130004,5450.0,1.1263145124274423,-3.776021052400152
1267,2020-04-23,NSE:GREENLAM,110.2,116.4,110.0,114.419996,13130.0,1.1402739807204445,1.1263145124274423
1268,2020-04-24,NSE:GREENLAM,117.0,118.8,112.0,114.0,160530.0,-0.367065211224092,1.1402739807204445
1269,2020-04-27,NSE:GREENLAM,114.0,119.619996,113.830004,115.119996,34755.0,0.9824526315789478,-0.367065211224092
1270,2020-04-28,NSE:GREENLAM,116.009998,120.65,114.8,119.609998,9530.0,3.900279843651145,0.9824526315789478
1271,2020-04-29,NSE:GREENLAM,123.0,123.0,116.0,120.069996,7465.0,0.3845815631566174,3.900279843651145
1272,2020-04-30,NSE:GREENLAM,120.219996,125.719996,119.2,123.530004,17545.0,2.881659128230505,0.3845815631566174
1273,2020-05-04,NSE:GREENLAM,120.0,121.019996,117.4,118.35,14285.0,-4.193316467471345,2.881659128230505
1274,2020-05-05,NSE:GREENLAM,120.780004,120.8,114.0,117.240002,23330.0,-0.9378943810730801,-4.193316467471345
1275,2020-05-06,NSE:GREENLAM,116.0,120.8,115.0,115.869996,5980.0,-1.1685482571042634,-0.9378943810730801
1276,2020-05-07,NSE:GREENLAM,114.409998,118.780004,110.2,114.009998,77170.0,-1.605245589203269,-1.1685482571042634
1277,2020-05-08,NSE:GREENLAM,114.009998,115.769996,113.969996,114.019996,313095.0,0.008769406346283915,-1.605245589203269
1278,2020-05-11,NSE:GREENLAM,114.119996,118.790002,113.809998,115.25,8075.0,1.0787616586129276,0.008769406346283915
1279,2020-05-12,NSE:GREENLAM,114.4,116.1,113.009998,114.880004,3475.0,-0.3210377440347076,1.0787616586129276
1280,2020-05-13,NSE:GREENLAM,119.6,119.6,114.880004,118.1,2545.0,2.8029212115974462,-0.3210377440347076
1281,2020-05-14,NSE:GREENLAM,118.069996,118.1,113.8,114.009998,13470.0,-3.4631685012701086,2.8029212115974462
1282,2020-05-15,NSE:GREENLAM,115.8,115.8,114.0,114.009998,7200.0,0.0,-3.4631685012701086
1283,2020-05-18,NSE:GREENLAM,114.0,115.0,112.25,113.5,17610.0,-0.4473274352658053,0.0
1284,2020-05-19,NSE:GREENLAM,112.859998,115.219996,112.8,113.0,12205.0,-0.4405286343612335,-0.4473274352658053
1285,2020-05-20,NSE:GREENLAM,113.0,118.65,112.8,117.6,5195.0,4.070796460176986,-0.4405286343612335
1286,2020-05-21,NSE:GREENLAM,117.6,118.4,113.509998,117.15,12060.0,-0.3826530612244802,4.070796460176986
1287,2020-05-22,NSE:GREENLAM,115.430004,117.75,113.6,115.969996,365065.0,-1.007259069568938,-0.3826530612244802
1288,2020-05-26,NSE:GREENLAM,121.0,121.0,116.109998,116.709998,3245.0,0.6380978059187,-1.007259069568938
1289,2020-05-27,NSE:GREENLAM,116.719996,119.0,115.0,116.909998,6415.0,0.1713649245371445,0.6380978059187
1290,2020-05-28,NSE:GREENLAM,120.780004,120.780004,112.230004,114.309998,6325.0,-2.223932977913496,0.1713649245371445
1291,2020-05-29,NSE:GREENLAM,116.0,116.240002,114.8,115.940002,2390.0,1.4259505104706711,-2.223932977913496
1292,2020-06-01,NSE:GREENLAM,119.4,119.8,115.280004,119.030004,5340.0,2.665173319558851,1.4259505104706711
1293,2020-06-02,NSE:GREENLAM,118.990002,118.990002,114.4,116.780004,3665.0,-1.8902796978818888,2.665173319558851
1294,2020-06-03,NSE:GREENLAM,118.0,121.05,116.390002,119.940002,7980.0,2.7059409931172818,-1.8902796978818888
1295,2020-06-04,NSE:GREENLAM,118.8,122.0,115.2,115.509998,11510.0,-3.693516696789792,2.7059409931172818
1296,2020-06-05,NSE:GREENLAM,117.009998,127.590002,116.019996,121.059998,21065.0,4.804778890222123,-3.693516696789792
1297,2020-06-08,NSE:GREENLAM,125.0,129.390002,123.059998,127.509998,14480.0,5.327936648404705,4.804778890222123
1298,2020-06-09,NSE:GREENLAM,129.790002,149.8,127.5,134.5,387275.0,5.481924640921102,5.327936648404705
1299,2020-06-10,NSE:GREENLAM,138.8,139.0,132.230004,137.55,10215.0,2.267657992565064,5.481924640921102
1300,2020-06-11,NSE:GREENLAM,136.7,139.0,126.6,133.990002,20155.0,-2.5881483097055664,2.267657992565064
1301,2020-06-12,NSE:GREENLAM,125.209998,136.530004,122.559998,134.390002,20685.0,0.29852973656945364,-2.5881483097055664
1302,2020-06-15,NSE:GREENLAM,134.0,139.8,128.0,136.790002,13640.0,1.785847134670016,0.29852973656945364
1303,2020-06-16,NSE:GREENLAM,136.630004,146.9,134.009998,135.640002,14630.0,-0.8407047175859954,1.785847134670016
1304,2020-06-17,NSE:GREENLAM,134.509998,138.5,134.509998,136.5,2835.0,0.634029775375549,-0.8407047175859954
1305,2020-06-18,NSE:GREENLAM,135.409998,138.830004,135.0,135.509998,2660.0,-0.7252761904761934,0.634029775375549
1306,2020-06-19,NSE:GREENLAM,137.0,145.980004,135.0,139.659998,15005.0,3.0625046574054307,-0.7252761904761934
1307,2020-06-22,NSE:GREENLAM,140.2,165.0,140.2,153.459998,76605.0,9.881140052715747,3.0625046574054307
1308,2020-06-23,NSE:GREENLAM,154.0,161.0,147.109998,158.869996,43520.0,3.525347367722482,9.881140052715747
1309,2020-06-24,NSE:GREENLAM,171.2,184.8,162.6,166.680004,160400.0,4.91597419062062,3.525347367722482
1310,2020-06-25,NSE:GREENLAM,171.0,171.0,162.6,168.569996,30235.0,1.1339044604294626,4.91597419062062
1311,2020-06-26,NSE:GREENLAM,171.0,173.419996,162.8,164.580004,29495.0,-2.366964521966294,1.1339044604294626
1312,2020-06-29,NSE:GREENLAM,164.4,164.4,150.530004,157.859998,29440.0,-4.083124217204426,-2.366964521966294
1313,2020-06-30,NSE:GREENLAM,160.5,162.790002,152.219996,157.369996,13225.0,-0.3104028925681375,-4.083124217204426
1314,2020-07-01,NSE:GREENLAM,159.969996,161.759998,154.259998,157.930004,18375.0,0.35585436502140505,-0.3104028925681375
1315,2020-07-02,NSE:GREENLAM,158.730004,162.990002,156.490002,158.890002,8280.0,0.6078629618726616,0.35585436502140505
1316,2020-07-03,NSE:GREENLAM,161.0,162.959998,155.419996,156.530004,8405.0,-1.4853030211429026,0.6078629618726616
1317,2020-07-06,NSE:GREENLAM,159.790002,159.790002,154.659998,155.230004,12770.0,-0.830511701769319,-1.4853030211429026
1318,2020-07-07,NSE:GREENLAM,154.0,156.2,152.0,152.869996,27850.0,-1.5203297939746376,-0.830511701769319
1319,2020-07-08,NSE:GREENLAM,150.809998,153.6,150.2,151.45,17185.0,-0.9288912390630257,-1.5203297939746376
1320,2020-07-09,NSE:GREENLAM,152.009998,153.0,151.009998,152.380004,5440.0,0.6140666886761473,-0.9288912390630257
1321,2020-07-10,NSE:GREENLAM,152.380004,153.0,146.419996,148.180004,15570.0,-2.7562671543177126,0.6140666886761473
1322,2020-07-13,NSE:GREENLAM,152.990002,152.990002,142.0,143.780004,15315.0,-2.969361507103216,-2.7562671543177126
1323,2020-07-14,NSE:GREENLAM,144.6,146.0,141.0,142.819996,11055.0,-0.6676922891169121,-2.969361507103216
1324,2020-07-15,NSE:GREENLAM,145.0,146.8,141.080004,142.369996,6985.0,-0.31508193012413827,-0.6676922891169121
1325,2020-07-16,NSE:GREENLAM,142.369996,143.790002,139.0,140.480004,7360.0,-1.3275212847515836,-0.31508193012413827
1326,2020-07-17,NSE:GREENLAM,141.019996,144.540002,137.8,139.790002,10055.0,-0.491174530433542,-1.3275212847515836
1327,2020-07-20,NSE:GREENLAM,139.880004,144.0,138.05,142.440002,350065.0,1.895700666775873,-0.491174530433542
1328,2020-07-21,NSE:GREENLAM,148.790002,148.790002,141.6,144.330004,13295.0,1.3268758589318257,1.895700666775873
1329,2020-07-22,NSE:GREENLAM,144.409998,144.8,141.009998,142.9,8665.0,-0.9907877505497726,1.3268758589318257
1330,2020-07-23,NSE:GREENLAM,144.309998,144.569996,142.319996,143.140002,8615.0,0.16795101469559415,-0.9907877505497726
1331,2020-07-24,NSE:GREENLAM,144.509998,144.509998,139.4,141.780004,21895.0,-0.9501173543367831,0.16795101469559415
1332,2020-07-27,NSE:GREENLAM,143.0,146.4,140.590002,143.859998,10180.0,1.4670573715035298,-0.9501173543367831
1333,2020-07-28,NSE:GREENLAM,144.609998,151.990002,141.45,148.130004,61400.0,2.9681677042703867,1.4670573715035298
1334,2020-07-29,NSE:GREENLAM,145.209998,152.959998,141.630004,150.4,115935.0,1.5324349819095338,2.9681677042703867
1335,2020-07-30,NSE:GREENLAM,151.65,151.65,145.219996,147.130004,17910.0,-2.1741994680851007,1.5324349819095338
1336,2020-07-31,NSE:GREENLAM,146.440002,147.230004,140.2,141.109998,34145.0,-4.091623622874382,-2.1741994680851007
1337,2020-08-03,NSE:GREENLAM,143.990002,143.990002,131.380004,132.2,37660.0,-6.314221618796992,-4.091623622874382
1338,2020-08-04,NSE:GREENLAM,132.4,150.75,120.280004,147.490002,391485.0,11.565810892587,-6.314221618796992
1339,2020-08-05,NSE:GREENLAM,149.4,157.2,148.009998,150.480004,318085.0,2.0272574136923556,11.565810892587
1340,2020-08-06,NSE:GREENLAM,151.759998,153.009998,148.990002,150.869996,46125.0,0.2591653306973451,2.0272574136923556
1341,2020-08-07,NSE:GREENLAM,150.869996,152.709998,140.719996,145.459998,34855.0,-3.5858673980477693,0.2591653306973451
1342,2020-08-10,NSE:GREENLAM,149.6,154.2,145.5,149.45,21850.0,2.743023549333457,-3.5858673980477693
1343,2020-08-11,NSE:GREENLAM,150.0,150.030004,144.0,145.509998,10535.0,-2.636334560053525,2.743023549333457
1344,2020-08-12,NSE:GREENLAM,144.409998,147.4,143.609998,147.030004,10005.0,1.0446058833702925,-2.636334560053525
1345,2020-08-13,NSE:GREENLAM,145.6,147.940002,141.669996,142.95,26645.0,-2.774946534042128,1.0446058833702925
1346,2020-08-14,NSE:GREENLAM,146.569996,146.569996,142.230004,143.5,11345.0,0.38474991255684604,-2.774946534042128
1347,2020-08-17,NSE:GREENLAM,146.8,148.0,143.090002,147.340002,12135.0,2.675959581881532,0.38474991255684604
1348,2020-08-18,NSE:GREENLAM,149.990002,150.0,145.4,148.2,8030.0,0.5836826308716829,2.675959581881532
1349,2020-08-19,NSE:GREENLAM,151.8,151.8,146.030004,149.240002,13155.0,0.701755735492588,0.5836826308716829
1350,2020-08-20,NSE:GREENLAM,148.45,150.790002,145.859998,146.369996,19165.0,-1.9230809176751538,0.701755735492588
1351,2020-08-21,NSE:GREENLAM,145.890002,150.4,144.6,146.369996,11740.0,0.0,-1.9230809176751538
1352,2020-08-24,NSE:GREENLAM,149.590002,149.590002,145.809998,146.619996,13775.0,0.1708000319956284,0.0
1353,2020-08-25,NSE:GREENLAM,151.3,151.3,144.769996,145.540002,29150.0,-0.7365939363413974,0.1708000319956284
1354,2020-08-26,NSE:GREENLAM,148.719996,149.009998,144.109998,147.240002,17340.0,1.1680637464880734,-0.7365939363413974
1355,2020-08-27,NSE:GREENLAM,147.25,152.0,146.609998,147.769996,34945.0,0.35995245368170253,1.1680637464880734
1356,2020-08-28,NSE:GREENLAM,151.280004,151.280004,146.819996,148.109998,16745.0,0.2300886575106887,0.35995245368170253
1357,2020-08-31,NSE:GREENLAM,148.109998,149.55,140.0,143.290002,27290.0,-3.2543353352823647,0.2300886575106887
1358,2020-09-01,NSE:GREENLAM,142.209998,149.8,142.0,147.230004,11735.0,2.7496698618233126,-3.2543353352823647
1359,2020-09-02,NSE:GREENLAM,148.990002,149.030004,144.0,148.319996,10220.0,0.7403327924924835,2.7496698618233126
1360,2020-09-03,NSE:GREENLAM,148.319996,151.319996,144.980004,148.740002,13065.0,0.2831755739799243,0.7403327924924835
1361,2020-09-04,NSE:GREENLAM,149.0,149.0,143.019996,143.919996,20635.0,-3.2405579771338218,0.2831755739799243
1362,2020-09-07,NSE:GREENLAM,143.490002,145.9,143.0,145.090002,14115.0,0.8129558313773165,-3.2405579771338218
1363,2020-09-08,NSE:GREENLAM,145.090002,145.769996,141.390002,142.090002,9230.0,-2.0676820998320755,0.8129558313773165
1364,2020-09-09,NSE:GREENLAM,141.909998,141.990002,137.119996,141.919996,20090.0,-0.11964670110990692,-2.0676820998320755
1365,2020-09-10,NSE:GREENLAM,141.919996,143.8,140.8,142.490002,12040.0,0.40163896284213996,-0.11964670110990692
1366,2020-09-11,NSE:GREENLAM,142.490002,145.8,140.8,144.919996,10200.0,1.705378599124445,0.40163896284213996
1367,2020-09-14,NSE:GREENLAM,144.919996,146.740002,142.209998,143.990002,18860.0,-0.6417292476325996,1.705378599124445
1368,2020-09-15,NSE:GREENLAM,146.790002,149.0,144.259998,147.1,20430.0,2.159870794362507,-0.6417292476325996
1369,2020-09-16,NSE:GREENLAM,149.4,149.4,145.9,146.180004,17010.0,-0.6254221617946959,2.159870794362507
1370,2020-09-17,NSE:GREENLAM,145.030004,147.0,145.019996,146.019996,9020.0,-0.10945956739747031,-0.6254221617946959
1371,2020-09-18,NSE:GREENLAM,147.6,148.6,145.219996,147.440002,9585.0,0.9724736603882669,-0.10945956739747031
1372,2020-09-21,NSE:GREENLAM,149.8,149.8,145.65,146.040002,25770.0,-0.949538782561876,0.9724736603882669
1373,2020-09-22,NSE:GREENLAM,145.0,146.8,135.230004,144.469996,28965.0,-1.0750520258141179,-0.949538782561876
1374,2020-09-23,NSE:GREENLAM,146.0,147.6,145.7,146.059998,26075.0,1.1005759285824293,-1.0750520258141179
1375,2020-09-24,NSE:GREENLAM,142.219996,147.390002,142.209998,143.0,6630.0,-2.0950280993431254,1.1005759285824293
1376,2020-09-25,NSE:GREENLAM,142.05,145.959998,141.369996,143.469996,18145.0,0.32866853146853775,-2.0950280993431254
1377,2020-09-28,NSE:GREENLAM,144.030004,145.9,140.990002,142.440002,21585.0,-0.7179159606305532,0.32866853146853775
1378,2020-09-29,NSE:GREENLAM,144.409998,145.8,143.0,144.55,158985.0,1.4813240454742613,-0.7179159606305532
1379,2020-09-30,NSE:GREENLAM,144.580004,145.969996,142.209998,144.95,151770.0,0.2767208578346435,1.4813240454742613
1380,2020-10-01,NSE:GREENLAM,147.1,149.2,142.059998,148.359998,35420.0,2.3525339772335303,0.2767208578346435
1381,2020-10-05,NSE:GREENLAM,148.390002,151.890002,143.230004,146.040002,49835.0,-1.56376114267675,2.3525339772335303
1382,2020-10-06,NSE:GREENLAM,148.009998,148.009998,146.0,147.009998,5395.0,0.6641988405341223,-1.56376114267675
1383,2020-10-07,NSE:GREENLAM,146.009998,152.0,145.269996,146.419996,32160.0,-0.4013346085481876,0.6641988405341223
1384,2020-10-08,NSE:GREENLAM,148.009998,149.0,146.0,146.059998,5340.0,-0.2458666915958598,-0.4013346085481876
1385,2020-10-09,NSE:GREENLAM,146.809998,147.190002,146.0,146.030004,2945.0,-0.020535396693635643,-0.2458666915958598
1386,2020-10-12,NSE:GREENLAM,148.169996,153.6,144.509998,147.030004,26220.0,0.6847907776541593,-0.020535396693635643
1387,2020-10-13,NSE:GREENLAM,145.990002,149.0,145.990002,146.080004,4370.0,-0.6461266232435039,0.6847907776541593
1388,2020-10-14,NSE:GREENLAM,147.769996,154.009998,146.1,148.690002,26010.0,1.7866908054027641,-0.6461266232435039
1389,2020-10-15,NSE:GREENLAM,149.790002,152.590002,147.240002,150.15,15750.0,0.9819073107551731,1.7866908054027641
1390,2020-10-16,NSE:GREENLAM,151.790002,153.6,149.009998,151.419996,20555.0,0.8458181818181764,0.9819073107551731
1391,2020-10-19,NSE:GREENLAM,155.4,155.4,150.8,151.190002,6005.0,-0.15189143182912573,0.8458181818181764
1392,2020-10-20,NSE:GREENLAM,154.390002,154.390002,147.009998,148.030004,12300.0,-2.090083972616127,-0.15189143182912573
1393,2020-10-21,NSE:GREENLAM,148.430004,153.890002,146.680004,148.459998,267105.0,0.2904775980415578,-2.090083972616127
1394,2020-10-22,NSE:GREENLAM,147.619996,150.8,147.080004,148.430004,4580.0,-0.02020342206930131,0.2904775980415578
1395,2020-10-23,NSE:GREENLAM,149.990002,154.0,149.669996,152.840002,23800.0,2.971096059527157,-0.02020342206930131
1396,2020-10-26,NSE:GREENLAM,152.85,156.180004,151.0,152.1,14070.0,-0.48416775079602786,2.971096059527157
1397,2020-10-27,NSE:GREENLAM,152.009998,153.130004,148.0,149.830004,14275.0,-1.4924365548980882,-0.48416775079602786
1398,2020-10-28,NSE:GREENLAM,149.830004,155.2,147.009998,150.030004,82805.0,0.13348461233438172,-1.4924365548980882
1399,2020-10-29,NSE:GREENLAM,150.0,153.8,150.0,152.490002,5550.0,1.6396706888043628,0.13348461233438172
1400,2020-10-30,NSE:GREENLAM,153.709998,157.2,151.509998,154.690002,11010.0,1.4427175363273905,1.6396706888043628
1401,2020-11-02,NSE:GREENLAM,153.980004,157.4,149.590002,150.119996,79125.0,-2.954299528679304,1.4427175363273905
1402,2020-11-03,NSE:GREENLAM,150.240002,152.390002,148.0,150.15,57455.0,0.01998667785737182,-2.954299528679304
1403,2020-11-04,NSE:GREENLAM,151.4,154.090002,150.019996,152.790002,20100.0,1.758243090243078,0.01998667785737182
1404,2020-11-05,NSE:GREENLAM,157.6,159.0,150.25,152.440002,23920.0,-0.22907258028571423,1.758243090243078
1405,2020-11-06,NSE:GREENLAM,154.009998,155.980004,150.469996,151.159998,136815.0,-0.8396772390490989,-0.22907258028571423
1406,2020-11-09,NSE:GREENLAM,154.580004,154.580004,150.009998,151.659998,11535.0,0.33077534176733714,-0.8396772390490989
1407,2020-11-10,NSE:GREENLAM,151.209998,152.980004,150.5,151.019996,36695.0,-0.4219978955822021,0.33077534176733714
1408,2020-11-11,NSE:GREENLAM,150.619996,152.95,150.619996,151.930004,32565.0,0.6025745094047049,-0.4219978955822021
1409,2020-11-12,NSE:GREENLAM,154.319996,154.319996,151.090002,152.440002,13105.0,0.3356795804467931,0.6025745094047049
1410,2020-11-13,NSE:GREENLAM,153.869996,154.380004,151.0,151.169996,32160.0,-0.8331185931104849,0.3356795804467931
1411,2020-11-14,NSE:GREENLAM,151.309998,154.190002,151.169996,153.65,1175.0,1.640539833049945,-0.8331185931104849
1412,2020-11-17,NSE:GREENLAM,153.6,157.05,151.419996,153.359998,11930.0,-0.18874194598113594,1.640539833049945
1413,2020-11-18,NSE:GREENLAM,152.019996,154.8,151.709998,152.730004,13645.0,-0.41079421505990255,-0.18874194598113594
1414,2020-11-19,NSE:GREENLAM,152.590002,154.530004,150.219996,152.019996,20020.0,-0.46487787691016896,-0.41079421505990255
1415,2020-11-20,NSE:GREENLAM,155.530004,155.530004,151.0,151.5,24240.0,-0.3420576329971696,-0.46487787691016896
1416,2020-11-23,NSE:GREENLAM,157.190002,160.0,153.030004,153.519996,55985.0,1.3333306930693016,-0.3420576329971696
1417,2020-11-24,NSE:GREENLAM,155.45,156.859998,152.0,153.530004,48510.0,0.006519020492938997,1.3333306930693016
1418,2020-11-25,NSE:GREENLAM,156.380004,156.380004,152.890002,154.459998,36375.0,0.605740881762774,0.006519020492938997
1419,2020-11-26,NSE:GREENLAM,156.9,157.969996,155.619996,157.319996,16000.0,1.8516107969909399,0.605740881762774
1420,2020-11-27,NSE:GREENLAM,155.990002,160.0,155.990002,158.530004,11635.0,0.7691380821036811,1.8516107969909399
1421,2020-12-01,NSE:GREENLAM,158.530004,164.0,157.090002,162.190002,26580.0,2.308709965086484,0.7691380821036811
1422,2020-12-02,NSE:GREENLAM,162.209998,175.6,160.669996,173.659998,56110.0,7.071950094679701,2.308709965086484
1423,2020-12-03,NSE:GREENLAM,173.8,176.0,170.6,171.619996,19850.0,-1.1747103670932988,7.071950094679701
1424,2020-12-04,NSE:GREENLAM,169.2,175.6,167.0,171.890002,16530.0,0.15732782093761588,-1.1747103670932988
1425,2020-12-07,NSE:GREENLAM,171.130004,171.759998,163.0,164.4,53755.0,-4.357439009163548,0.15732782093761588
1426,2020-12-08,NSE:GREENLAM,167.990002,167.990002,158.769996,161.669996,29425.0,-1.660586374695869,-4.357439009163548
1427,2020-12-09,NSE:GREENLAM,161.680004,167.480004,160.0,163.140002,42740.0,0.9092633366552518,-1.660586374695869
1428,2020-12-10,NSE:GREENLAM,163.15,164.2,161.609998,163.080004,13615.0,-0.03677700089767519,0.9092633366552518
1429,2020-12-11,NSE:GREENLAM,163.990002,168.990002,163.0,163.869996,45605.0,0.48441990472356367,-0.03677700089767519
1430,2020-12-14,NSE:GREENLAM,167.6,167.6,159.630004,160.0,89145.0,-2.361625736538119,0.48441990472356367
1431,2020-12-15,NSE:GREENLAM,162.0,164.0,158.6,163.580004,27310.0,2.2375025000000015,-2.361625736538119
1432,2020-12-16,NSE:GREENLAM,164.0,164.4,160.980004,162.469996,51140.0,-0.6785719359684045,2.2375025000000015
1433,2020-12-17,NSE:GREENLAM,163.759998,164.0,159.6,160.409998,30590.0,-1.2679251866295407,-0.6785719359684045
1434,2020-12-18,NSE:GREENLAM,159.0,162.990002,158.2,159.919996,29280.0,-0.30546849081065636,-1.2679251866295407
1435,2020-12-21,NSE:GREENLAM,162.4,162.4,148.05,150.040002,23655.0,-6.178085447175731,-0.30546849081065636
1436,2020-12-22,NSE:GREENLAM,152.0,156.8,146.4,149.959998,27720.0,-0.05332178014765288,-6.178085447175731
1437,2020-12-23,NSE:GREENLAM,150.009998,153.790002,148.790002,151.509998,31250.0,1.0336089761750882,-0.05332178014765288
1438,2020-12-24,NSE:GREENLAM,153.990002,158.4,149.330004,151.3,19190.0,-0.13860339434496236,1.0336089761750882
1439,2020-12-28,NSE:GREENLAM,152.8,160.0,152.230004,159.590002,588305.0,5.479181758096488,-0.13860339434496236
1440,2020-12-29,NSE:GREENLAM,161.990002,161.990002,154.609998,157.569996,30755.0,-1.2657472114073882,5.479181758096488
1441,2020-12-30,NSE:GREENLAM,157.569996,158.2,155.8,157.219996,36250.0,-0.2221235063050927,-1.2657472114073882
1442,2020-12-31,NSE:GREENLAM,157.6,159.719996,153.6,155.319996,22690.0,-1.2084976773565148,-0.2221235063050927
1443,2021-01-01,NSE:GREENLAM,156.0,157.8,154.2,156.819996,18745.0,0.9657481577581293,-1.2084976773565148
1444,2021-01-04,NSE:GREENLAM,155.65,159.009998,155.65,157.969996,17105.0,0.7333248497213363,0.9657481577581293
1445,2021-01-05,NSE:GREENLAM,157.8,169.8,157.759998,167.980004,305640.0,6.336651423350038,0.7333248497213363
1446,2021-01-06,NSE:GREENLAM,168.0,171.480004,164.059998,169.430004,121725.0,0.8631979792070898,6.336651423350038
1447,2021-01-07,NSE:GREENLAM,170.0,171.290002,168.25,169.090002,20780.0,-0.20067401993332798,0.8631979792070898
1448,2021-01-08,NSE:GREENLAM,173.0,183.190002,168.8,180.009998,288695.0,6.458096795102053,-0.20067401993332798
1449,2021-01-11,NSE:GREENLAM,184.780004,188.680004,176.009998,179.519996,89815.0,-0.27220821367933357,6.458096795102053
1450,2021-01-12,NSE:GREENLAM,178.240002,184.990002,176.769996,183.259998,48970.0,2.0833344938354412,-0.27220821367933357
1451,2021-01-13,NSE:GREENLAM,183.380004,183.4,166.65,171.740002,61475.0,-6.286148709878296,2.0833344938354412
1452,2021-01-14,NSE:GREENLAM,172.0,173.609998,165.35,166.790002,47565.0,-2.8822638537060326,-6.286148709878296
1453,2021-01-15,NSE:GREENLAM,168.0,171.390002,163.719996,164.419996,25150.0,-1.420952078410545,-2.8822638537060326
1454,2021-01-18,NSE:GREENLAM,166.0,169.790002,156.6,165.890002,63915.0,0.8940554894551952,-1.420952078410545
1455,2021-01-19,NSE:GREENLAM,165.890002,167.2,162.419996,165.290002,23655.0,-0.3616854498561177,0.8940554894551952
1456,2021-01-20,NSE:GREENLAM,166.109998,167.130004,163.0,164.269996,10745.0,-0.6171008455792717,-0.3616854498561177
1457,2021-01-21,NSE:GREENLAM,165.090002,168.8,160.8,162.05,19265.0,-1.3514312132813229,-0.6171008455792717
1458,2021-01-22,NSE:GREENLAM,165.0,167.380004,158.609998,166.080004,18860.0,2.4868892317185995,-1.3514312132813229
1459,2021-01-25,NSE:GREENLAM,166.909998,166.990002,160.6,163.919996,8780.0,-1.3005828203135188,2.4868892317185995
1460,2021-01-27,NSE:GREENLAM,163.009998,164.0,158.75,161.469996,8520.0,-1.4946315640466394,-1.3005828203135188
1461,2021-01-28,NSE:GREENLAM,161.590002,162.4,158.0,160.069996,9550.0,-0.8670341454644028,-1.4946315640466394
1462,2021-01-29,NSE:GREENLAM,163.509998,169.190002,160.809998,164.380004,13550.0,2.6925770648485616,-0.8670341454644028
1463,2021-02-01,NSE:GREENLAM,164.4,168.0,162.009998,164.9,28705.0,0.3163377462869461,2.6925770648485616
1464,2021-02-02,NSE:GREENLAM,166.380004,170.75,164.85,168.819996,34340.0,2.3771958762886585,0.3163377462869461
1465,2021-02-03,NSE:GREENLAM,178.0,179.8,171.1,176.0,132825.0,4.253053056582229,2.3771958762886585
1466,2021-02-04,NSE:GREENLAM,177.6,188.0,176.780004,180.659998,121315.0,2.6477261363636373,4.253053056582229
1467,2021-02-05,NSE:GREENLAM,183.369996,187.140002,181.769996,184.95,158420.0,2.3746275033170248,2.6477261363636373
1468,2021-02-08,NSE:GREENLAM,185.959998,185.959998,180.4,181.919996,46375.0,-1.6382827791294896,2.3746275033170248
1469,2021-02-09,NSE:GREENLAM,185.590002,185.590002,176.4,177.530004,22130.0,-2.4131442922854984,-1.6382827791294896
1470,2021-02-10,NSE:GREENLAM,177.530004,180.530004,174.1,174.9,31080.0,-1.4814419764221858,-2.4131442922854984
1471,2021-02-11,NSE:GREENLAM,175.090002,185.390002,174.0,180.0,545485.0,2.915951972555743,-1.4814419764221858
1472,2021-02-12,NSE:GREENLAM,183.990002,185.0,180.0,181.8,62820.0,1.0000000000000062,2.915951972555743
1473,2021-02-15,NSE:GREENLAM,182.759998,186.0,182.1,184.880004,48160.0,1.6941716171617174,1.0000000000000062
1474,2021-02-16,NSE:GREENLAM,185.359998,188.85,182.4,183.919996,37225.0,-0.5192600493453127,1.6941716171617174
1475,2021-02-17,NSE:GREENLAM,185.8,185.8,177.769996,182.790002,51110.0,-0.614394315232592,-0.5192600493453127
1476,2021-02-18,NSE:GREENLAM,184.0,187.030004,182.009998,185.090002,25160.0,1.258274508908869,-0.614394315232592
1477,2021-02-19,NSE:GREENLAM,184.909998,188.8,181.509998,187.630004,187865.0,1.3723064306844708,1.258274508908869
1478,2021-02-22,NSE:GREENLAM,187.6,189.590002,180.219996,184.459998,35275.0,-1.6894984450354755,1.3723064306844708
1479,2021-02-23,NSE:GREENLAM,184.740002,187.709998,181.0,183.109998,19940.0,-0.7318659951411377,-1.6894984450354755
1480,2021-02-24,NSE:GREENLAM,185.95,195.919996,183.35,187.390002,43590.0,2.337395033994823,-0.7318659951411377
1481,2021-02-25,NSE:GREENLAM,188.0,194.0,184.219996,186.869996,72755.0,-0.27749932998027477,2.337395033994823
1482,2021-02-26,NSE:GREENLAM,186.869996,190.0,183.409998,186.509998,21275.0,-0.19264622877178758,-0.27749932998027477
1483,2021-03-01,NSE:GREENLAM,186.51,192.0,184.52,188.36,18960.0,0.9919050023259438,-0.19264622877178758
1484,2021-03-02,NSE:GREENLAM,195.8,195.8,187.26,189.04,36080.0,0.3610108303248983,0.9919050023259438
1485,2021-03-03,NSE:GREENLAM,191.16,192.51,188.66,189.39,14165.0,0.18514600084637872,0.3610108303248983
1486,2021-03-04,NSE:GREENLAM,186.0,193.03,186.0,190.19,11920.0,0.422408786102757,0.18514600084637872
1487,2021-03-05,NSE:GREENLAM,191.12,194.56,188.0,188.46,7415.0,-0.909616699090378,0.422408786102757
1488,2021-03-08,NSE:GREENLAM,188.46,195.0,183.0,184.15,11425.0,-2.286957444550569,-0.909616699090378
1489,2021-03-09,NSE:GREENLAM,183.1,190.2,182.0,184.78,18605.0,0.34211240836274526,-2.286957444550569
1490,2021-03-10,NSE:GREENLAM,184.77,187.51,182.69,183.47,6010.0,-0.708951185193204,0.34211240836274526
1491,2021-03-12,NSE:GREENLAM,184.61,185.87,182.2,183.63,24430.0,0.08720771788303079,-0.708951185193204
1492,2021-03-15,NSE:GREENLAM,183.63,187.98,178.72,186.73,31945.0,1.6881773130752027,0.08720771788303079
1493,2021-03-16,NSE:GREENLAM,187.0,199.2,186.0,187.03,25370.0,0.16065977614738466,1.6881773130752027
1494,2021-03-17,NSE:GREENLAM,190.8,191.8,182.9,185.42,21520.0,-0.8608244666631095,0.16065977614738466
1495,2021-03-18,NSE:GREENLAM,184.99,188.0,182.8,184.28,13235.0,-0.614820407723,-0.8608244666631095
1496,2021-03-19,NSE:GREENLAM,188.8,188.8,182.9,183.26,24705.0,-0.553505535055356,-0.614820407723
1497,2021-03-22,NSE:GREENLAM,182.73,184.4,182.73,182.87,14010.0,-0.21281239768633983,-0.553505535055356
1498,2021-03-23,NSE:GREENLAM,184.99,186.22,182.4,183.0,9955.0,0.0710887515721526,-0.21281239768633983
1499,2021-03-24,NSE:GREENLAM,183.59,185.6,182.6,183.06,9450.0,0.03278688524590288,0.0710887515721526
1500,2021-03-25,NSE:GREENLAM,183.01,184.99,182.96,183.73,18695.0,0.3660002185075863,0.03278688524590288
1501,2021-03-26,NSE:GREENLAM,184.99,186.2,183.21,185.33,9545.0,0.870843084961641,0.3660002185075863
1502,2021-03-30,NSE:GREENLAM,186.0,189.6,183.0,185.49,35130.0,0.08633248799438654,0.870843084961641
1503,2021-03-31,NSE:GREENLAM,184.14,188.0,184.14,187.46,11510.0,1.0620518626341036,0.08633248799438654
1504,2021-04-01,NSE:GREENLAM,187.99,190.0,180.01,186.09,53795.0,-0.7308225754827721,1.0620518626341036
1505,2021-04-05,NSE:GREENLAM,185.2,189.7,184.69,186.03,25020.0,-0.032242463324199194,-0.7308225754827721
1506,2021-04-06,NSE:GREENLAM,187.0,189.38,185.8,187.05,13900.0,0.5482986615062141,-0.032242463324199194
1507,2021-04-07,NSE:GREENLAM,187.8,189.98,186.75,188.3,5335.0,0.6682705159048383,0.5482986615062141
1508,2021-04-08,NSE:GREENLAM,188.62,193.1,188.0,191.38,14270.0,1.6356877323419987,0.6682705159048383
1509,2021-04-09,NSE:GREENLAM,192.0,196.8,192.0,195.53,7210.0,2.1684606541958438,1.6356877323419987
1510,2021-04-12,NSE:GREENLAM,198.99,200.8,192.19,192.69,62600.0,-1.452462537717999,2.1684606541958438
1511,2021-04-13,NSE:GREENLAM,192.4,196.1,192.39,194.59,13475.0,0.9860397529710965,-1.452462537717999
1512,2021-04-15,NSE:GREENLAM,194.59,198.11,193.0,194.02,33285.0,-0.2929235829179265,0.9860397529710965
1513,2021-04-16,NSE:GREENLAM,192.31,203.4,192.31,197.3,47330.0,1.6905473662509025,-0.2929235829179265
1514,2021-04-19,NSE:GREENLAM,196.0,196.99,193.2,194.3,26315.0,-1.5205271160669032,1.6905473662509025
1515,2021-04-20,NSE:GREENLAM,194.86,198.0,193.49,195.98,12930.0,0.8646423057128041,-1.5205271160669032
1516,2021-04-22,NSE:GREENLAM,195.01,197.78,193.29,195.79,11970.0,-0.09694866823145103,0.8646423057128041
1517,2021-04-23,NSE:GREENLAM,197.99,204.11,197.8,201.3,24165.0,2.814239746667358,-0.09694866823145103
1518,2021-04-26,NSE:GREENLAM,198.2,206.0,197.8,198.25,28385.0,-1.5151515151515207,2.814239746667358
1519,2021-04-27,NSE:GREENLAM,202.32,205.8,197.0,204.55,17605.0,3.1778058007566266,-1.5151515151515207
1520,2021-04-28,NSE:GREENLAM,204.8,231.98,203.71,229.2,104730.0,12.050843314592997,3.1778058007566266
1521,2021-04-29,NSE:GREENLAM,232.4,233.19,213.83,225.28,72105.0,-1.7102966841186684,12.050843314592997
1522,2021-04-30,NSE:GREENLAM,222.8,229.13,213.0,215.61,17985.0,-4.292436079545449,-1.7102966841186684
1523,2021-05-03,NSE:GREENLAM,215.5,217.25,207.0,208.79,19500.0,-3.1631185937572566,-4.292436079545449
1524,2021-05-04,NSE:GREENLAM,207.29,213.88,201.0,203.2,33875.0,-2.677331289812732,-3.1631185937572566
1525,2021-05-05,NSE:GREENLAM,203.37,206.2,203.28,204.3,5505.0,0.5413385826771765,-2.677331289812732
1526,2021-05-06,NSE:GREENLAM,208.99,208.99,201.0,201.79,20195.0,-1.2285854136074494,0.5413385826771765
1527,2021-05-07,NSE:GREENLAM,202.03,210.8,201.23,203.24,15220.0,0.718568809158044,-1.2285854136074494
1528,2021-05-10,NSE:GREENLAM,204.0,210.0,199.02,200.15,32300.0,-1.5203700059043512,0.718568809158044
1529,2021-05-11,NSE:GREENLAM,200.1,210.14,190.27,205.16,159300.0,2.5031226580064905,-1.5203700059043512
1530,2021-05-12,NSE:GREENLAM,211.0,214.4,202.01,204.99,51500.0,-0.08286215636575721,2.5031226580064905
1531,2021-05-14,NSE:GREENLAM,209.4,217.6,202.21,210.58,12205.0,2.7269622908434576,-0.08286215636575721
1532,2021-05-17,NSE:GREENLAM,218.0,223.26,206.19,220.54,54375.0,4.729793902554839,2.7269622908434576
1533,2021-05-18,NSE:GREENLAM,218.0,226.98,218.0,220.9,16060.0,0.16323569420513903,4.729793902554839
1534,2021-05-19,NSE:GREENLAM,221.24,232.05,218.0,219.55,23310.0,-0.6111362607514687,0.16323569420513903
1535,2021-05-20,NSE:GREENLAM,218.0,229.0,218.0,227.91,28485.0,3.8077886586198977,-0.6111362607514687
1536,2021-05-21,NSE:GREENLAM,222.24,230.0,222.24,225.53,8535.0,-1.044271861699792,3.8077886586198977
1537,2021-05-24,NSE:GREENLAM,222.0,229.79,222.0,225.66,12740.0,0.05764199884715801,-1.044271861699792
1538,2021-05-25,NSE:GREENLAM,225.41,230.0,221.39,226.84,15700.0,0.5229105734290556,0.05764199884715801
1539,2021-05-26,NSE:GREENLAM,227.3,236.0,226.85,231.94,17665.0,2.2482807265032596,0.5229105734290556
1540,2021-05-27,NSE:GREENLAM,234.0,239.2,230.01,234.92,37985.0,1.2848150383719883,2.2482807265032596
1541,2021-05-28,NSE:GREENLAM,237.05,241.45,223.0,231.37,135225.0,-1.5111527328452168,1.2848150383719883
1542,2021-05-31,NSE:GREENLAM,236.0,271.77,235.37,247.0,413755.0,6.755413407096855,-1.5111527328452168
1543,2021-06-01,NSE:GREENLAM,253.96,260.0,250.25,255.61,149860.0,3.485829959514176,6.755413407096855
1544,2021-06-02,NSE:GREENLAM,258.89,259.0,248.25,249.46,39190.0,-2.4060091545714193,3.485829959514176
1545,2021-06-03,NSE:GREENLAM,252.0,257.2,248.2,251.53,23535.0,0.8297923514791923,-2.4060091545714193
1546,2021-06-04,NSE:GREENLAM,251.68,253.1,240.72,243.11,39745.0,-3.3475132190991084,0.8297923514791923
1547,2021-06-07,NSE:GREENLAM,246.6,252.0,239.72,241.09,28930.0,-0.8308995927769365,-3.3475132190991084
1548,2021-06-08,NSE:GREENLAM,242.27,247.64,237.6,238.07,18360.0,-1.252644240739977,-0.8308995927769365
1549,2021-06-09,NSE:GREENLAM,240.65,241.05,234.0,236.48,24820.0,-0.6678707943041977,-1.252644240739977
1550,2021-06-10,NSE:GREENLAM,238.0,240.4,236.71,238.57,10575.0,0.8837956698240881,-0.6678707943041977
1551,2021-06-11,NSE:GREENLAM,238.57,247.8,236.71,245.93,19165.0,3.0850484134635594,0.8837956698240881
1552,2021-06-14,NSE:GREENLAM,246.01,246.72,237.61,239.91,24325.0,-2.44785101451633,3.0850484134635594
1553,2021-06-15,NSE:GREENLAM,239.99,242.06,231.17,236.52,171495.0,-1.413029886207322,-2.44785101451633
1554,2021-06-16,NSE:GREENLAM,237.0,239.39,232.3,235.56,19780.0,-0.40588533739219007,-1.413029886207322
1555,2021-06-17,NSE:GREENLAM,231.63,237.76,231.02,231.54,8155.0,-1.7065715741212473,-0.40588533739219007
1556,2021-06-18,NSE:GREENLAM,235.0,237.0,226.2,228.35,29125.0,-1.3777317094238568,-1.7065715741212473
1557,2021-06-21,NSE:GREENLAM,228.21,235.45,225.2,232.94,11055.0,2.0100722574994543,-1.3777317094238568
1558,2021-06-22,NSE:GREENLAM,232.94,238.0,232.89,237.46,19095.0,1.9404138404739462,2.0100722574994543
1559,2021-06-23,NSE:GREENLAM,239.8,239.8,231.0,231.44,10895.0,-2.5351638170639306,1.9404138404739462
1560,2021-06-24,NSE:GREENLAM,231.44,240.0,231.44,237.2,22260.0,2.488765986864842,-2.5351638170639306
1561,2021-06-25,NSE:GREENLAM,234.4,247.89,233.6,242.99,61190.0,2.4409780775716783,2.488765986864842
1562,2021-06-28,NSE:GREENLAM,247.8,250.0,240.68,248.63,34750.0,2.321083172146996,2.4409780775716783
1563,2021-06-29,NSE:GREENLAM,250.32,256.0,242.61,250.21,33430.0,0.635482443791985,2.321083172146996
1564,2021-06-30,NSE:GREENLAM,249.49,251.8,242.0,244.46,11145.0,-2.2980696215179246,0.635482443791985
1565,2021-07-01,NSE:GREENLAM,252.0,255.0,244.0,246.64,287310.0,0.8917614333633226,-2.2980696215179246
1566,2021-07-02,NSE:GREENLAM,249.22,292.0,246.95,279.61,822700.0,13.367661368796638,0.8917614333633226
1567,2021-07-05,NSE:GREENLAM,284.0,284.0,270.2,280.57,235085.0,0.3433353599656591,13.367661368796638
1568,2021-07-06,NSE:GREENLAM,280.57,280.57,270.72,275.33,44415.0,-1.867626617243472,0.3433353599656591
1569,2021-07-07,NSE:GREENLAM,276.0,278.29,270.0,270.47,22235.0,-1.7651545418225247,-1.867626617243472
1570,2021-07-08,NSE:GREENLAM,270.19,274.01,262.33,264.01,37385.0,-2.3884349465744945,-1.7651545418225247
1571,2021-07-09,NSE:GREENLAM,264.01,277.54,260.4,266.89,29015.0,1.0908677701602194,-2.3884349465744945
1572,2021-07-12,NSE:GREENLAM,271.46,271.46,263.91,264.86,16135.0,-0.7606129866236925,1.0908677701602194
1573,2021-07-13,NSE:GREENLAM,267.99,267.99,258.28,260.78,17840.0,-1.5404364569961642,-0.7606129866236925
1574,2021-07-14,NSE:GREENLAM,263.14,281.6,260.09,269.59,94020.0,3.3783265587851843,-1.5404364569961642
1575,2021-07-15,NSE:GREENLAM,269.98,272.79,262.0,263.15,14355.0,-2.3888126414184496,3.3783265587851843
1576,2021-07-16,NSE:GREENLAM,267.44,271.61,260.0,264.79,17665.0,0.6232186965609133,-2.3888126414184496
1577,2021-07-19,NSE:GREENLAM,265.99,270.0,262.0,264.15,12060.0,-0.24170097058047627,0.6232186965609133
1578,2021-07-20,NSE:GREENLAM,266.62,267.37,254.44,259.46,27940.0,-1.7755063410940746,-0.24170097058047627
1579,2021-07-22,NSE:GREENLAM,267.4,270.68,260.07,268.46,16850.0,3.468742773452556,-1.7755063410940746
1580,2021-07-23,NSE:GREENLAM,269.6,275.4,266.92,270.63,20835.0,0.8083140877598212,3.468742773452556
1581,2021-07-26,NSE:GREENLAM,270.68,277.35,268.93,271.2,27255.0,0.2106196652255822,0.8083140877598212
1582,2021-07-27,NSE:GREENLAM,279.79,289.2,266.01,271.66,418900.0,0.1696165191740547,0.2106196652255822
1583,2021-07-28,NSE:GREENLAM,280.0,285.98,271.4,275.44,123095.0,1.3914451888389796,0.1696165191740547
1584,2021-07-29,NSE:GREENLAM,278.75,283.81,270.25,272.49,50010.0,-1.0710136508858512,1.3914451888389796
1585,2021-07-30,NSE:GREENLAM,277.98,279.97,270.4,271.68,19975.0,-0.2972586149950465,-1.0710136508858512
1586,2021-08-02,NSE:GREENLAM,273.41,281.09,273.41,275.95,28720.0,1.5717020023557058,-0.2972586149950465
1587,2021-08-03,NSE:GREENLAM,277.8,277.8,270.25,274.28,43065.0,-0.6051820982062026,1.5717020023557058
1588,2021-08-04,NSE:GREENLAM,272.0,279.98,270.25,271.94,31790.0,-0.8531427738077786,-0.6051820982062026
1589,2021-08-05,NSE:GREENLAM,275.0,275.0,257.52,263.05,53315.0,-3.2691034787085336,-0.8531427738077786
1590,2021-08-06,NSE:GREENLAM,283.0,298.0,262.0,289.57,2691470.0,10.081733510739395,-3.2691034787085336
1591,2021-08-09,NSE:GREENLAM,292.0,293.86,266.2,270.77,402385.0,-6.492385260904103,10.081733510739395
1592,2021-08-10,NSE:GREENLAM,270.0,279.98,250.0,261.45,194145.0,-3.4420356760350086,-6.492385260904103
1593,2021-08-11,NSE:GREENLAM,261.6,270.08,256.6,263.51,101480.0,0.7879135589978973,-3.4420356760350086
1594,2021-08-12,NSE:GREENLAM,264.0,268.59,260.25,263.24,29760.0,-0.10246290463359334,0.7879135589978973
1595,2021-08-13,NSE:GREENLAM,263.09,272.96,261.64,267.98,158055.0,1.8006382008813284,-0.10246290463359334
1596,2021-08-16,NSE:GREENLAM,268.4,268.41,260.49,262.31,16325.0,-2.1158295395178803,1.8006382008813284
1597,2021-08-17,NSE:GREENLAM,266.0,277.93,253.87,264.7,155940.0,0.9111356791582428,-2.1158295395178803
1598,2021-08-18,NSE:GREENLAM,264.7,265.95,262.0,262.97,12120.0,-0.6535700793350817,0.9111356791582428
1599,2021-08-20,NSE:GREENLAM,262.39,271.0,260.25,266.66,222165.0,1.4032018861467077,-0.6535700793350817
1600,2021-08-23,NSE:GREENLAM,274.97,275.0,261.41,264.16,59195.0,-0.9375234380859521,1.4032018861467077
1601,2021-08-24,NSE:GREENLAM,267.0,272.4,261.83,271.35,66640.0,2.7218352513628092,-0.9375234380859521
1602,2021-08-25,NSE:GREENLAM,274.8,276.2,269.0,270.4,37250.0,-0.3501013451262375,2.7218352513628092
1603,2021-08-26,NSE:GREENLAM,270.0,277.61,270.0,272.99,27050.0,0.9578402366864023,-0.3501013451262375
1604,2021-08-27,NSE:GREENLAM,274.01,275.84,271.0,272.17,13350.0,-0.30037730319791683,0.9578402366864023
1605,2021-08-30,NSE:GREENLAM,276.98,278.8,270.2,276.97,90325.0,1.7636036300841424,-0.30037730319791683
1606,2021-08-31,NSE:GREENLAM,278.0,278.0,271.7,272.13,32125.0,-1.7474816767159012,1.7636036300841424
1607,2021-09-01,NSE:GREENLAM,269.4,277.12,269.4,272.32,18290.0,0.06981957152831283,-1.7474816767159012
1608,2021-09-02,NSE:GREENLAM,270.0,273.0,268.11,270.17,9515.0,-0.7895123384253735,0.06981957152831283
1609,2021-09-03,NSE:GREENLAM,270.33,273.82,269.89,272.59,8185.0,0.8957323166894767,-0.7895123384253735
1610,2021-09-06,NSE:GREENLAM,272.59,282.43,272.59,279.56,67490.0,2.556953666678905,0.8957323166894767
1611,2021-09-07,NSE:GREENLAM,280.03,284.0,278.37,280.02,28820.0,0.16454428387465286,2.556953666678905
1612,2021-09-08,NSE:GREENLAM,273.0,280.02,271.03,273.39,14085.0,-2.367688022284121,0.16454428387465286
1613,2021-09-09,NSE:GREENLAM,273.13,280.2,273.13,279.12,19680.0,2.095906946120933,-2.367688022284121
1614,2021-09-13,NSE:GREENLAM,281.0,288.0,276.67,285.4,52160.0,2.249928346231002,2.095906946120933
1615,2021-09-14,NSE:GREENLAM,284.0,285.96,280.0,280.66,19370.0,-1.6608269096005441,2.249928346231002
1616,2021-09-15,NSE:GREENLAM,283.27,291.99,278.98,281.25,40730.0,0.21021877004203482,-1.6608269096005441
1617,2021-09-16,NSE:GREENLAM,280.0,289.74,279.77,280.3,28290.0,-0.33777777777777374,0.21021877004203482
1618,2021-09-17,NSE:GREENLAM,281.76,288.8,278.65,281.76,38120.0,0.5208704958972455,-0.33777777777777374
1619,2021-09-20,NSE:GREENLAM,279.0,281.48,270.02,275.44,22140.0,-2.243043725156159,0.5208704958972455
1620,2021-09-21,NSE:GREENLAM,276.0,277.93,274.03,276.09,25820.0,0.23598605866975647,-2.243043725156159
1621,2021-09-22,NSE:GREENLAM,274.36,280.2,274.36,276.69,15130.0,0.217320438987295,0.23598605866975647
1622,2021-09-23,NSE:GREENLAM,279.77,282.98,275.02,280.3,44675.0,1.3047092413892853,0.217320438987295
1623,2021-09-24,NSE:GREENLAM,282.0,284.19,278.24,280.03,14730.0,-0.09632536567964275,1.3047092413892853
1624,2021-09-27,NSE:GREENLAM,280.03,302.0,280.0,280.45,137505.0,0.14998393029318857,-0.09632536567964275
1625,2021-09-28,NSE:GREENLAM,284.8,284.8,272.53,280.0,44885.0,-0.16045640934212468,0.14998393029318857
1626,2021-09-29,NSE:GREENLAM,274.2,286.6,274.2,279.94,561420.0,-0.02142857142857224,-0.16045640934212468
1627,2021-09-30,NSE:GREENLAM,279.2,288.25,272.0,274.93,529775.0,-1.7896692148317466,-0.02142857142857224
1628,2021-10-01,NSE:GREENLAM,280.4,280.4,273.1,273.79,15065.0,-0.41465100207325006,-1.7896692148317466
1629,2021-10-04,NSE:GREENLAM,276.2,276.79,268.0,271.2,35895.0,-0.9459804960005959,-0.41465100207325006
1630,2021-10-05,NSE:GREENLAM,281.58,281.58,268.02,269.92,32175.0,-0.47197640117993095,-0.9459804960005959
1631,2021-10-06,NSE:GREENLAM,274.6,274.6,265.0,268.46,34860.0,-0.5409010077060004,-0.47197640117993095
1632,2021-10-07,NSE:GREENLAM,269.6,270.0,264.73,268.21,62535.0,-0.0931237428294718,-0.5409010077060004
1633,2021-10-08,NSE:GREENLAM,268.73,279.49,268.73,275.75,45560.0,2.811230006338325,-0.0931237428294718
1634,2021-10-11,NSE:GREENLAM,279.58,285.0,275.09,280.76,35045.0,1.8168631006346296,2.811230006338325
1635,2021-10-12,NSE:GREENLAM,280.6,288.0,278.0,283.02,27545.0,0.8049579712209685,1.8168631006346296
1636,2021-10-13,NSE:GREENLAM,283.01,288.01,280.0,282.45,9970.0,-0.20139919440322,0.8049579712209685
1637,2021-10-14,NSE:GREENLAM,280.93,283.0,275.99,280.82,18745.0,-0.577093290847936,-0.20139919440322
1638,2021-10-18,NSE:GREENLAM,281.0,284.69,276.55,280.24,15500.0,-0.20653799586923444,-0.577093290847936
1639,2021-10-19,NSE:GREENLAM,278.96,284.99,278.42,279.6,17780.0,-0.22837567799028916,-0.20653799586923444
1640,2021-10-20,NSE:GREENLAM,281.22,281.22,276.0,280.01,10140.0,0.14663805436336486,-0.22837567799028916
1641,2021-10-21,NSE:GREENLAM,278.4,283.01,277.4,280.25,4990.0,0.08571122459912471,0.14663805436336486
1642,2021-10-22,NSE:GREENLAM,280.99,293.06,280.61,284.06,23445.0,1.3595004460303308,0.08571122459912471
1643,2021-10-25,NSE:GREENLAM,289.75,289.76,270.6,280.2,16790.0,-1.3588678448215212,1.3595004460303308
1644,2021-10-26,NSE:GREENLAM,287.2,287.2,276.2,282.46,185385.0,0.8065667380442509,-1.3588678448215212
1645,2021-10-27,NSE:GREENLAM,286.8,288.0,280.0,282.39,23735.0,-0.02478227005593471,0.8065667380442509
1646,2021-10-28,NSE:GREENLAM,285.8,285.8,276.11,277.06,16120.0,-1.8874606041290358,-0.02478227005593471
1647,2021-10-29,NSE:GREENLAM,279.17,291.6,272.01,284.03,37905.0,2.515700570273576,-1.8874606041290358
1648,2021-11-01,NSE:GREENLAM,289.79,289.79,280.22,282.32,5250.0,-0.6020490793225997,2.515700570273576
1649,2021-11-02,NSE:GREENLAM,282.17,287.0,278.22,285.19,7605.0,1.016576933975632,-0.6020490793225997
1650,2021-11-03,NSE:GREENLAM,286.0,289.0,280.0,280.47,12180.0,-1.6550369928819282,1.016576933975632
1651,2021-11-04,NSE:GREENLAM,281.01,282.19,278.6,280.97,3135.0,0.1782721859735444,-1.6550369928819282
1652,2021-11-08,NSE:GREENLAM,282.0,285.74,278.26,281.01,19295.0,0.014236395344685774,0.1782721859735444
1653,2021-11-09,NSE:GREENLAM,282.0,285.0,277.51,279.91,13470.0,-0.3914451443009025,0.014236395344685774
1654,2021-11-10,NSE:GREENLAM,283.0,299.8,280.0,294.41,56355.0,5.180236504590761,-0.3914451443009025
1655,2021-11-11,NSE:GREENLAM,300.0,315.8,298.36,312.98,101875.0,6.3075303148670185,5.180236504590761
1656,2021-11-12,NSE:GREENLAM,315.0,320.86,292.65,293.99,86115.0,-6.067480350182123,6.3075303148670185
1657,2021-11-15,NSE:GREENLAM,298.4,298.4,277.16,282.13,37275.0,-4.034150821456517,-6.067480350182123
1658,2021-11-16,NSE:GREENLAM,285.0,294.72,281.05,292.75,27875.0,3.7642221670860967,-4.034150821456517
1659,2021-11-17,NSE:GREENLAM,297.79,297.8,287.58,295.19,16805.0,0.8334756618274972,3.7642221670860967
1660,2021-11-18,NSE:GREENLAM,295.19,297.8,280.0,284.38,33800.0,-3.6620481723635634,0.8334756618274972
1661,2021-11-22,NSE:GREENLAM,290.0,290.0,274.02,276.11,28660.0,-2.9080807370419794,-3.6620481723635634
1662,2021-11-23,NSE:GREENLAM,272.46,284.86,272.45,280.26,8820.0,1.503024157038853,-2.9080807370419794
1663,2021-11-24,NSE:GREENLAM,279.8,286.8,278.02,281.05,5845.0,0.28188111039749536,1.503024157038853
1664,2021-11-25,NSE:GREENLAM,278.19,300.0,278.19,294.84,15165.0,4.906600249065989,0.28188111039749536
1665,2021-11-26,NSE:GREENLAM,349.79,349.79,305.0,316.39,982570.0,7.309048975715647,4.906600249065989
1666,2021-11-29,NSE:GREENLAM,321.0,323.2,292.0,302.35,83330.0,-4.437561237712938,7.309048975715647
1667,2021-11-30,NSE:GREENLAM,301.0,309.32,295.0,296.79,39135.0,-1.8389283942450807,-4.437561237712938
1668,2021-12-01,NSE:GREENLAM,299.0,308.5,296.0,297.59,25120.0,0.2695508608780466,-1.8389283942450807
1669,2021-12-02,NSE:GREENLAM,301.99,302.0,293.54,296.71,15450.0,-0.2957088611848501,0.2695508608780466
1670,2021-12-03,NSE:GREENLAM,296.0,307.04,294.0,295.3,632030.0,-0.47521148596271384,-0.2957088611848501
1671,2021-12-06,NSE:GREENLAM,298.4,308.0,290.0,293.67,64460.0,-0.5519810362343364,-0.47521148596271384
1672,2021-12-07,NSE:GREENLAM,298.2,304.0,292.02,294.74,50735.0,0.3643545476214775,-0.5519810362343364
1673,2021-12-08,NSE:GREENLAM,300.0,348.8,297.17,334.76,211740.0,13.578068806405637,0.3643545476214775
1674,2021-12-09,NSE:GREENLAM,341.0,347.0,320.2,321.73,151345.0,-3.8923407814553634,13.578068806405637
1675,2021-12-10,NSE:GREENLAM,320.7,344.99,315.0,336.53,255160.0,4.60013054424516,-3.8923407814553634
1676,2021-12-13,NSE:GREENLAM,349.0,353.0,332.25,337.94,712840.0,0.41898196297507656,4.60013054424516
1677,2021-12-14,NSE:GREENLAM,347.95,399.48,343.0,356.37,4011815.0,5.453630822039417,0.41898196297507656
1678,2021-12-15,NSE:GREENLAM,367.18,374.15,362.56,365.49,814115.0,2.559137974576986,5.453630822039417
1679,2021-12-16,NSE:GREENLAM,366.0,366.0,349.11,352.06,277115.0,-3.6745191386905267,2.559137974576986
1680,2021-12-17,NSE:GREENLAM,359.79,364.99,351.24,357.41,263545.0,1.5196273362495094,-3.6745191386905267
1681,2021-12-20,NSE:GREENLAM,363.58,363.58,333.47,339.88,182290.0,-4.904731261016767,1.5196273362495094
1682,2021-12-21,NSE:GREENLAM,347.0,354.09,338.0,341.34,105315.0,0.4295633753089266,-4.904731261016767
1683,2021-12-22,NSE:GREENLAM,348.0,349.77,341.0,342.73,48455.0,0.40721860901155543,0.4295633753089266
1684,2021-12-23,NSE:GREENLAM,344.6,348.57,342.59,344.24,41995.0,0.44058004843462517,0.40721860901155543
1685,2021-12-24,NSE:GREENLAM,345.0,345.0,336.36,339.54,49110.0,-1.3653265163839148,0.44058004843462517
1686,2021-12-27,NSE:GREENLAM,343.0,347.4,338.0,344.19,60240.0,1.3694999116451603,-1.3653265163839148
1687,2021-12-28,NSE:GREENLAM,347.19,351.0,345.0,349.87,109050.0,1.6502513146808468,1.3694999116451603
1688,2021-12-29,NSE:GREENLAM,354.0,355.65,348.0,350.39,60615.0,0.14862663274930168,1.6502513146808468
1689,2021-12-30,NSE:GREENLAM,354.0,355.59,349.81,351.17,41725.0,0.22260909272525747,0.14862663274930168
1690,2021-12-31,NSE:GREENLAM,354.0,357.85,351.94,355.75,47565.0,1.3042116353902622,0.22260909272525747
1691,2022-01-03,NSE:GREENLAM,356.0,367.4,345.66,362.06,82895.0,1.7737174982431487,1.3042116353902622
1692,2022-01-04,NSE:GREENLAM,364.98,369.0,345.97,352.31,108300.0,-2.692923824780423,1.7737174982431487
1693,2022-01-05,NSE:GREENLAM,361.0,361.0,352.0,354.41,49595.0,0.5960659646334259,-2.692923824780423
1694,2022-01-06,NSE:GREENLAM,354.0,359.36,347.03,355.0,43345.0,0.16647385796111142,0.5960659646334259
1695,2022-01-07,NSE:GREENLAM,359.8,376.8,354.7,374.19,209550.0,5.405633802816901,0.16647385796111142
1696,2022-01-10,NSE:GREENLAM,379.75,382.4,372.21,380.81,96780.0,1.7691547075015377,5.405633802816901
1697,2022-01-11,NSE:GREENLAM,380.0,383.8,374.2,380.57,49280.0,-0.06302355505370372,1.7691547075015377
1698,2022-01-12,NSE:GREENLAM,383.0,384.76,375.93,380.5,47830.0,-0.018393462437920272,-0.06302355505370372
1699,2022-01-13,NSE:GREENLAM,383.0,395.4,373.93,389.77,78620.0,2.4362680683311386,-0.018393462437920272
1700,2022-01-14,NSE:GREENLAM,389.78,397.0,377.6,383.33,46420.0,-1.6522564589373214,2.4362680683311386
1701,2022-01-17,NSE:GREENLAM,383.33,388.41,375.01,376.91,31385.0,-1.6747971721493122,-1.6522564589373214
1702,2022-01-18,NSE:GREENLAM,375.0,379.04,367.76,375.01,53345.0,-0.5040991218062758,-1.6747971721493122
1703,2022-01-19,NSE:GREENLAM,382.0,383.8,368.3,378.74,31515.0,0.9946401429295268,-0.5040991218062758
1704,2022-01-20,NSE:GREENLAM,384.4,384.4,371.37,374.8,17950.0,-1.040291492844695,0.9946401429295268
1705,2022-01-21,NSE:GREENLAM,373.6,373.6,364.13,367.11,21670.0,-2.051760939167555,-1.040291492844695
1706,2022-01-24,NSE:GREENLAM,367.11,367.24,341.51,354.78,33960.0,-3.358666339789175,-2.051760939167555
1707,2022-01-25,NSE:GREENLAM,354.2,357.66,342.44,355.29,17605.0,0.1437510569930796,-3.358666339789175
1708,2022-01-27,NSE:GREENLAM,354.0,355.0,347.24,349.67,13010.0,-1.5818064116637127,0.1437510569930796
1709,2022-01-28,NSE:GREENLAM,350.0,368.0,350.0,359.63,36495.0,2.8483999199244945,-1.5818064116637127
1710,2022-01-31,NSE:GREENLAM,365.8,373.98,362.21,369.93,17850.0,2.8640547229096605,2.8483999199244945
1711,2022-02-01,NSE:GREENLAM,376.0,376.0,361.0,366.76,28730.0,-0.8569188765442154,2.8640547229096605
1712,2022-02-02,NSE:GREENLAM,377.98,389.13,377.79,388.0,105670.0,5.791253135565495,-0.8569188765442154
1713,2022-02-03,NSE:GREENLAM,390.0,394.0,381.0,382.72,79270.0,-1.3608247422680342,5.791253135565495
1714,2022-02-04,NSE:GREENLAM,384.0,384.0,373.34,378.19,37470.0,-1.1836329431438204,-1.3608247422680342
1715,2022-02-07,NSE:GREENLAM,381.0,383.78,363.2,364.81,69510.0,-3.537904228033527,-1.1836329431438204
1716,2022-02-08,NSE:GREENLAM,368.06,372.06,347.98,352.83,134125.0,-3.2839012088484463,-3.537904228033527
1717,2022-02-09,NSE:GREENLAM,355.8,365.8,353.62,363.26,103275.0,2.9560978374854767,-3.2839012088484463
1718,2022-02-10,NSE:GREENLAM,363.95,363.95,335.2,341.95,165853.0,-5.866321642900402,2.9560978374854767
1719,2022-02-11,NSE:GREENLAM,338.89999,403.0,333.0,374.54999,494485.0,9.533554613247547,-5.866321642900402
1720,2022-02-14,NSE:GREENLAM,359.70001,367.04999,350.0,352.75,77701.0,-5.820315200115205,9.533554613247547
1721,2022-02-15,NSE:GREENLAM,350.0,359.10001,335.20001,354.5,49360.0,0.4961020552799433,-5.820315200115205
1722,2022-02-16,NSE:GREENLAM,363.85001,364.5,339.64999,342.60001,43586.0,-3.3568377997179133,0.4961020552799433
1723,2022-02-17,NSE:GREENLAM,344.0,354.79999,337.0,339.85001,25588.0,-0.8026853239146141,-3.3568377997179133
1724,2022-02-18,NSE:GREENLAM,336.0,340.0,328.04999,331.79999,18343.0,-2.3686978852818097,-0.8026853239146141
1725,2022-02-21,NSE:GREENLAM,323.45001,331.54999,316.45001,318.5,29671.0,-4.00843592551042,-2.3686978852818097
1726,2022-02-22,NSE:GREENLAM,316.0,320.0,301.60001,313.95001,25646.0,-1.4285682888539968,-4.00843592551042
1727,2022-02-23,NSE:GREENLAM,317.0,330.0,316.39999,322.29999,16554.0,2.65965272624134,-1.4285682888539968
1728,2022-02-24,NSE:GREENLAM,321.0,337.0,293.79999,328.75,86192.0,2.0012442445313203,2.65965272624134
1729,2022-02-25,NSE:GREENLAM,330.0,350.0,330.0,337.29999,32083.0,2.600757414448663,2.0012442445313203
1730,2022-02-28,NSE:GREENLAM,336.0,336.0,324.79999,329.54999,27279.0,-2.29765793945028,2.600757414448663
1731,2022-03-02,NSE:GREENLAM,320.5,334.85001,312.0,314.70001,34329.0,-4.506138810685432,-2.29765793945028
1732,2022-03-03,NSE:GREENLAM,322.89999,330.0,316.39999,324.39999,29810.0,3.0822941505467325,-4.506138810685432
1733,2022-03-04,NSE:GREENLAM,324.0,328.45001,312.70001,321.35001,32729.0,-0.9401911510539828,3.0822941505467325
1734,2022-03-07,NSE:GREENLAM,315.0,324.79999,311.10001,322.14999,22016.0,0.24894351178019414,-0.9401911510539828
1735,2022-03-08,NSE:GREENLAM,314.14999,350.0,314.14999,341.70001,45334.0,6.068607979779859,0.24894351178019414
1736,2022-03-09,NSE:GREENLAM,353.89999,358.0,343.29999,354.70001,36818.0,3.804506766037261,6.068607979779859
1737,2022-03-10,NSE:GREENLAM,359.0,378.0,357.0,372.70001,60739.0,5.074710880329549,3.804506766037261
1738,2022-03-11,NSE:GREENLAM,372.70001,382.79999,355.54999,379.39999,40662.0,1.797687099605922,5.074710880329549
1739,2022-03-14,NSE:GREENLAM,377.95001,377.95001,366.0,367.35001,27671.0,-3.1760622871919435,1.797687099605922
1740,2022-03-15,NSE:GREENLAM,368.39999,380.70001,364.70001,368.64999,45589.0,0.3538804858069842,-3.1760622871919435
1741,2022-03-16,NSE:GREENLAM,370.0,399.20001,370.0,375.29999,24922.0,1.803879066970808,0.3538804858069842
1742,2022-03-17,NSE:GREENLAM,382.0,382.0,370.45001,373.20001,16769.0,-0.5595470439527482,1.803879066970808
1743,2022-03-21,NSE:GREENLAM,373.20001,373.20001,359.64999,364.89999,23086.0,-2.2240138739546165,-0.5595470439527482
1744,2022-03-22,NSE:GREENLAM,364.5,373.04999,363.89999,368.04999,15408.0,0.8632502291929297,-2.2240138739546165
1745,2022-03-23,NSE:GREENLAM,371.35001,375.0,357.0,361.14999,23456.0,-1.8747453301112649,0.8632502291929297
1746,2022-03-24,NSE:GREENLAM,360.0,364.45001,350.0,354.75,15280.0,-1.7721141290907974,-1.8747453301112649
1747,2022-03-25,NSE:GREENLAM,363.54999,364.95001,348.04999,357.79999,22131.0,0.85975757575757,-1.7721141290907974
1748,2022-03-28,NSE:GREENLAM,356.29999,361.89999,347.39999,351.79999,15788.0,-1.6769145242290253,0.85975757575757
1749,2022-03-29,NSE:GREENLAM,356.0,364.95001,350.79999,355.64999,10408.0,1.0943718332681087,-1.6769145242290253
1750,2022-03-30,NSE:GREENLAM,356.20001,370.0,356.20001,366.10001,15092.0,2.9382877249623975,1.0943718332681087
1751,2022-03-31,NSE:GREENLAM,373.0,373.0,361.20001,363.45001,14728.0,-0.723845923959406,2.9382877249623975
1752,2022-04-01,NSE:GREENLAM,362.0,370.89999,359.0,366.79999,13625.0,0.9217168545407275,-0.723845923959406
1753,2022-04-04,NSE:GREENLAM,367.95001,377.0,364.70001,372.0,25633.0,1.4176690680934916,0.9217168545407275
1754,2022-04-05,NSE:GREENLAM,374.70001,379.75,372.0,377.10001,33179.0,1.370970430107526,1.4176690680934916
1755,2022-04-06,NSE:GREENLAM,376.89999,378.5,348.79999,371.25,26428.0,-1.5513152598431375,1.370970430107526
1756,2022-04-07,NSE:GREENLAM,379.0,379.0,366.0,367.95001,11715.0,-0.8888861952861898,-1.5513152598431375
1757,2022-04-08,NSE:GREENLAM,365.0,375.54999,364.54999,365.60001,16792.0,-0.6386737154865202,-0.8888861952861898
1758,2022-04-11,NSE:GREENLAM,374.0,374.95001,366.0,370.60001,14140.0,1.3676148422424825,-0.6386737154865202
1759,2022-04-12,NSE:GREENLAM,371.0,390.0,365.45001,383.5,156163.0,3.480839085784159,1.3676148422424825
1760,2022-04-13,NSE:GREENLAM,391.0,418.29999,388.25,393.5,228195.0,2.607561929595828,3.480839085784159
1761,2022-04-18,NSE:GREENLAM,394.95001,415.0,381.89999,396.79999,266699.0,0.8386251588309986,2.607561929595828
1762,2022-04-19,NSE:GREENLAM,404.79999,412.85001,375.0,380.89999,45061.0,-4.007056552597186,0.8386251588309986
1763,2022-04-20,NSE:GREENLAM,385.89999,395.39999,379.95001,385.04999,30835.0,1.0895248382652827,-4.007056552597186
1764,2022-04-21,NSE:GREENLAM,387.0,393.85001,385.0,385.85001,16406.0,0.20777042482198685,1.0895248382652827
1765,2022-04-22,NSE:GREENLAM,385.04999,391.54999,377.0,381.85001,23235.0,-1.036672255107626,0.20777042482198685
1766,2022-04-25,NSE:GREENLAM,381.75,381.75,366.64999,370.89999,91010.0,-2.8676233372365223,-1.036672255107626
1767,2022-04-26,NSE:GREENLAM,375.0,384.54999,369.64999,371.35001,22448.0,0.12133189866087486,-2.8676233372365223
1768,2022-04-27,NSE:GREENLAM,374.0,378.85001,366.10001,367.39999,13744.0,-1.0636919061884487,0.12133189866087486
1769,2022-04-28,NSE:GREENLAM,372.85001,389.0,361.75,363.70001,23653.0,-1.007071339332367,-1.0636919061884487
1770,2022-04-29,NSE:GREENLAM,369.10001,371.89999,348.0,352.89999,25051.0,-2.9694857583314382,-1.007071339332367
1771,2022-05-02,NSE:GREENLAM,356.89999,359.45001,341.54999,354.39999,27615.0,0.4250496011632078,-2.9694857583314382
1772,2022-05-04,NSE:GREENLAM,356.89999,363.29999,348.0,353.85001,15792.0,-0.1551862346271525,0.4250496011632078
1773,2022-05-05,NSE:GREENLAM,355.0,362.45001,350.04999,352.14999,14691.0,-0.4804351990833616,-0.1551862346271525
1774,2022-05-06,NSE:GREENLAM,345.0,355.0,333.89999,348.25,17901.0,-1.107479798593776,-0.4804351990833616
1775,2022-05-09,NSE:GREENLAM,348.25,348.25,328.0,337.35001,35368.0,-3.1299325197415655,-1.107479798593776
1776,2022-05-10,NSE:GREENLAM,337.0,345.85001,324.54999,328.14999,18645.0,-2.727143834974244,-3.1299325197415655
1777,2022-05-11,NSE:GREENLAM,317.60001,357.35001,316.0,329.5,71450.0,0.4114002868017754,-2.727143834974244
1778,2022-05-12,NSE:GREENLAM,334.35001,349.0,310.0,315.60001,45538.0,-4.218509863429439,0.4114002868017754
1779,2022-05-13,NSE:GREENLAM,311.35001,319.45001,306.0,314.14999,85970.0,-0.45944865464357715,-4.218509863429439
1780,2022-05-16,NSE:GREENLAM,310.20001,332.0,307.0,312.75,35360.0,-0.44564381491783667,-0.45944865464357715
1781,2022-05-17,NSE:GREENLAM,317.35001,319.0,306.89999,308.10001,57331.0,-1.4868073541167073,-0.44564381491783667
1782,2022-05-18,NSE:GREENLAM,309.0,316.85001,306.35001,307.29999,17982.0,-0.2596624388295274,-1.4868073541167073
1783,2022-05-19,NSE:GREENLAM,304.89999,304.89999,295.54999,299.85001,34540.0,-2.4243346054127706,-0.2596624388295274
1784,2022-05-20,NSE:GREENLAM,309.89999,321.70001,300.60001,319.29999,36114.0,6.486569735315327,-2.4243346054127706
1785,2022-05-23,NSE:GREENLAM,321.45001,324.75,298.5,304.39999,30302.0,-4.666458022751575,6.486569735315327
1786,2022-05-24,NSE:GREENLAM,307.29999,313.5,299.0,301.10001,34140.0,-1.0840933339058274,-4.666458022751575
1787,2022-05-25,NSE:GREENLAM,304.70001,305.0,279.79999,286.04999,39358.0,-4.998345898427575,-1.0840933339058274
1788,2022-05-26,NSE:GREENLAM,294.0,333.14999,288.10001,317.25,202833.0,10.90718793592687,-4.998345898427575
1789,2022-05-27,NSE:GREENLAM,318.60001,323.0,299.79999,319.10001,113021.0,0.5831394799054366,10.90718793592687
1790,2022-05-30,NSE:GREENLAM,325.5,328.0,318.85001,323.29999,76006.0,1.3161955087372084,0.5831394799054366
1791,2022-05-31,NSE:GREENLAM,327.89999,328.04999,315.54999,319.10001,44948.0,-1.2990968542869372,1.3161955087372084
1792,2022-06-01,NSE:GREENLAM,323.85001,323.85001,316.60001,319.60001,37370.0,0.15669068766246672,-1.2990968542869372
1793,2022-06-02,NSE:GREENLAM,320.0,324.54999,316.04999,319.95001,36118.0,0.10951188643580541,0.15669068766246672
1794,2022-06-03,NSE:GREENLAM,320.10001,322.95001,318.04999,319.85001,6496.0,-0.03125488259869807,0.10951188643580541
1795,2022-06-06,NSE:GREENLAM,319.85001,323.89999,311.04999,319.45001,10189.0,-0.1250586173187793,-0.03125488259869807
1796,2022-06-07,NSE:GREENLAM,323.5,323.5,300.0,300.85001,43266.0,-5.8225072523866945,-0.1250586173187793
1797,2022-06-08,NSE:GREENLAM,304.89999,309.54999,300.0,302.04999,14536.0,0.39886320761630767,-5.8225072523866945
1798,2022-06-09,NSE:GREENLAM,306.0,306.89999,290.25,302.29999,44268.0,0.08276775642336555,0.39886320761630767
1799,2022-06-10,NSE:GREENLAM,299.89999,308.0,297.0,305.39999,14939.0,1.0254714199626747,0.08276775642336555
1800,2022-06-13,NSE:GREENLAM,305.95001,305.95001,293.79999,300.04999,11632.0,-1.751800974191264,1.0254714199626747
1801,2022-06-14,NSE:GREENLAM,300.04999,306.0,298.5,300.20001,20475.0,0.04999833527741176,-1.751800974191264
1802,2022-06-15,NSE:GREENLAM,297.10001,301.95001,297.10001,300.35001,2542.0,0.04996668720962976,0.04999833527741176
1803,2022-06-16,NSE:GREENLAM,302.0,303.64999,295.95001,298.10001,17085.0,-0.7491259947019812,0.04996668720962976
1804,2022-06-17,NSE:GREENLAM,295.60001,302.0,293.29999,298.54999,7335.0,0.1509493407933741,-0.7491259947019812
1805,2022-06-20,NSE:GREENLAM,294.04999,328.0,287.20001,299.89999,196512.0,0.45218557870325937,0.1509493407933741
1806,2022-06-21,NSE:GREENLAM,307.0,316.89999,298.0,310.89999,27688.0,3.6678894187358924,0.45218557870325937
1807,2022-06-22,NSE:GREENLAM,312.89999,327.35001,312.75,320.70001,84122.0,3.1521454857557307,3.6678894187358924
1808,2022-06-23,NSE:GREENLAM,326.75,345.95001,324.5,331.95001,145861.0,3.507951247023659,3.1521454857557307
1809,2022-06-24,NSE:GREENLAM,336.60001,341.10001,321.35001,327.70001,41777.0,-1.2803132616263515,3.507951247023659
1810,2022-06-27,NSE:GREENLAM,332.60001,334.0,325.25,330.35001,27670.0,0.8086664385515206,-1.2803132616263515
1811,2022-06-28,NSE:GREENLAM,327.29999,332.5,322.0,330.5,27699.0,0.045403358698249324,0.8086664385515206
1812,2022-06-29,NSE:GREENLAM,327.89999,329.95001,310.0,312.20001,24727.0,-5.537062027231461,0.045403358698249324
1813,2022-06-30,NSE:GREENLAM,302.04999,324.35001,302.04999,314.70001,23885.0,0.8007687123392467,-5.537062027231461
1814,2022-07-01,NSE:GREENLAM,317.0,323.45001,312.39999,316.10001,9533.0,0.44486811423996364,0.8007687123392467
1815,2022-07-04,NSE:GREENLAM,319.95001,321.35001,315.04999,316.45001,4221.0,0.11072445078379553,0.44486811423996364
1816,2022-07-05,NSE:GREENLAM,316.29999,321.95001,315.0,315.79999,8375.0,-0.20541001088925245,0.11072445078379553
1817,2022-07-06,NSE:GREENLAM,313.0,322.0,313.0,320.64999,10642.0,1.5357821892268024,-0.20541001088925245
1818,2022-07-07,NSE:GREENLAM,316.0,335.0,316.0,327.20001,27115.0,2.042732014431068,1.5357821892268024
1819,2022-07-08,NSE:GREENLAM,329.89999,336.45001,325.89999,332.89999,15803.0,1.742047624020544,2.042732014431068
1820,2022-07-11,NSE:GREENLAM,335.64999,344.0,326.75,340.95001,22084.0,2.4181496671117406,1.742047624020544
1821,2022-07-12,NSE:GREENLAM,340.60001,357.0,336.75,349.45001,38474.0,2.4930340961127997,2.4181496671117406
1822,2022-07-13,NSE:GREENLAM,352.89999,360.0,341.10001,356.10001,27602.0,1.9029903590502046,2.4930340961127997
1823,2022-07-14,NSE:GREENLAM,356.0,359.95001,345.10001,351.20001,9187.0,-1.3760179338382992,1.9029903590502046
1824,2022-07-15,NSE:GREENLAM,351.70001,366.20001,351.5,361.45001,25088.0,2.9185648371707047,-1.3760179338382992
1825,2022-07-18,NSE:GREENLAM,361.10001,368.35001,355.0,360.35001,14583.0,-0.30432977439951453,2.9185648371707047
1826,2022-07-19,NSE:GREENLAM,361.89999,368.35001,361.64999,363.79999,6740.0,0.9573969485945019,-0.30432977439951453
1827,2022-07-20,NSE:GREENLAM,364.0,371.04999,362.29999,366.14999,9326.0,0.6459593360626599,0.9573969485945019
1828,2022-07-21,NSE:GREENLAM,371.54999,371.54999,365.79999,367.75,5432.0,0.4369821230911402,0.6459593360626599
1829,2022-07-22,NSE:GREENLAM,367.75,370.20001,360.0,360.89999,7595.0,-1.8626811692726029,0.4369821230911402
1830,2022-07-25,NSE:GREENLAM,360.89999,363.54999,347.75,350.14999,9367.0,-2.978664532520491,-1.8626811692726029
1831,2022-07-26,NSE:GREENLAM,350.14999,366.0,341.10001,354.79999,84464.0,1.3280023226617763,-2.978664532520491
1832,2022-07-27,NSE:GREENLAM,346.25,364.10001,346.25,359.35001,20150.0,1.282418299955425,1.3280023226617763
1833,2022-07-28,NSE:GREENLAM,359.35001,364.64999,350.0,352.64999,13428.0,-1.8644830425912595,1.282418299955425
1834,2022-07-29,NSE:GREENLAM,357.64999,362.39999,353.0,357.25,5077.0,1.304412343808658,-1.8644830425912595
1835,2022-08-01,NSE:GREENLAM,359.89999,364.14999,354.45001,363.25,10039.0,1.6794961511546536,1.304412343808658
1836,2022-08-02,NSE:GREENLAM,363.25,370.0,355.20001,368.29999,14817.0,1.3902243633860922,1.6794961511546536
1837,2022-08-03,NSE:GREENLAM,368.5,375.0,360.04999,365.25,16977.0,-0.8281265497726404,1.3902243633860922
1838,2022-08-04,NSE:GREENLAM,359.79999,368.0,345.75,355.75,25846.0,-2.6009582477754964,-0.8281265497726404
1839,2022-08-05,NSE:GREENLAM,356.79999,357.20001,345.85001,348.95001,8937.0,-1.9114518622628192,-2.6009582477754964
1840,2022-08-08,NSE:GREENLAM,345.0,380.0,345.0,373.29999,42904.0,6.978071156954532,-1.9114518622628192
1841,2022-08-10,NSE:GREENLAM,374.89999,374.89999,357.60001,362.79999,18622.0,-2.812751213842786,6.978071156954532
1842,2022-08-11,NSE:GREENLAM,359.39999,366.5,351.0,354.60001,15717.0,-2.2601930060692625,-2.812751213842786
1843,2022-08-12,NSE:GREENLAM,369.89999,369.89999,355.35001,359.04999,9042.0,1.254929462635938,-2.2601930060692625
1844,2022-08-16,NSE:GREENLAM,365.0,365.0,353.0,354.64999,11478.0,-1.2254560987454637,1.254929462635938
1845,2022-08-17,NSE:GREENLAM,359.0,359.60001,350.0,353.85001,10294.0,-0.22556887707793394,-1.2254560987454637
1846,2022-08-18,NSE:GREENLAM,352.10001,356.35001,350.10001,350.95001,9983.0,-0.8195562860094245,-0.22556887707793394
1847,2022-08-19,NSE:GREENLAM,353.35001,358.5,351.0,355.29999,10667.0,1.2394870711073522,-0.8195562860094245
1848,2022-08-22,NSE:GREENLAM,377.39999,377.39999,360.0,367.04999,122420.0,3.3070645456533785,1.2394870711073522
1849,2022-08-23,NSE:GREENLAM,360.0,368.0,355.0,357.60001,28799.0,-2.5745757410318912,3.3070645456533785
1850,2022-08-24,NSE:GREENLAM,359.60001,365.0,358.25,362.20001,10564.0,1.2863534315896754,-2.5745757410318912
1851,2022-08-25,NSE:GREENLAM,369.70001,370.0,354.45001,357.35001,44149.0,-1.339039167889593,1.2863534315896754
1852,2022-08-26,NSE:GREENLAM,362.64999,364.39999,351.10001,353.10001,13897.0,-1.1893101668025698,-1.339039167889593
1853,2022-08-29,NSE:GREENLAM,350.0,351.0,337.0,341.20001,39423.0,-3.3701500036774217,-1.1893101668025698
1854,2022-08-30,NSE:GREENLAM,344.0,345.54999,339.04999,344.70001,13298.0,1.025791294672002,-3.3701500036774217
1855,2022-09-01,NSE:GREENLAM,344.70001,351.54999,344.70001,347.14999,9588.0,0.7107571595370659,1.025791294672002
1856,2022-09-02,NSE:GREENLAM,351.0,352.25,342.0,342.95001,9920.0,-1.209845922795499,0.7107571595370659
1857,2022-09-05,NSE:GREENLAM,342.95001,344.95001,330.0,331.89999,26607.0,-3.2220497675448434,-1.209845922795499
1858,2022-09-06,NSE:GREENLAM,336.45001,336.95001,320.85001,325.70001,29317.0,-1.8680265702930516,-3.2220497675448434
1859,2022-09-07,NSE:GREENLAM,320.0,334.79999,320.0,327.79999,23447.0,0.6447589608609343,-1.8680265702930516
1860,2022-09-08,NSE:GREENLAM,339.0,339.0,326.04999,329.64999,18402.0,0.5643685346055144,0.6447589608609343
1861,2022-09-09,NSE:GREENLAM,335.70001,336.14999,326.0,330.20001,20079.0,0.16684969412558384,0.5643685346055144
1862,2022-09-12,NSE:GREENLAM,330.20001,340.29999,326.0,327.20001,33138.0,-0.9085402511041717,0.16684969412558384
1863,2022-09-13,NSE:GREENLAM,333.39999,339.0,323.70001,336.14999,49667.0,2.735323877282272,-0.9085402511041717
1864,2022-09-14,NSE:GREENLAM,335.0,341.14999,327.04999,336.5,34279.0,0.10412316240140226,2.735323877282272
1865,2022-09-15,NSE:GREENLAM,342.0,342.0,317.5,329.64999,60037.0,-2.035664190193164,0.10412316240140226
1866,2022-09-16,NSE:GREENLAM,329.0,335.0,323.0,330.70001,30751.0,0.31852571874794167,-2.035664190193164
1867,2022-09-19,NSE:GREENLAM,330.70001,333.04999,319.0,321.64999,35171.0,-2.736625257434984,0.31852571874794167
1868,2022-09-20,NSE:GREENLAM,324.25,325.89999,313.0,319.04999,34985.0,-0.8083320630602298,-2.736625257434984
1869,2022-09-21,NSE:GREENLAM,322.25,333.0,318.20001,320.70001,33704.0,0.5171666045186337,-0.8083320630602298
1870,2022-09-22,NSE:GREENLAM,323.89999,323.89999,314.0,319.04999,19843.0,-0.5145057525879217,0.5171666045186337
1871,2022-09-23,NSE:GREENLAM,319.10001,323.0,310.70001,317.14999,32880.0,-0.595517962561283,-0.5145057525879217
1872,2022-09-26,NSE:GREENLAM,319.0,319.5,301.0,307.20001,30407.0,-3.1373105198584375,-0.595517962561283
1873,2022-09-27,NSE:GREENLAM,311.79999,311.79999,301.04999,303.64999,23462.0,-1.1556054311326414,-3.1373105198584375
1874,2022-09-28,NSE:GREENLAM,303.39999,303.39999,285.0,291.79999,47195.0,-3.902519476453802,-1.1556054311326414
1875,2022-09-29,NSE:GREENLAM,296.0,298.79999,289.54999,291.60001,27330.0,-0.06853324429517023,-3.902519476453802
1876,2022-09-30,NSE:GREENLAM,294.29999,295.85001,285.35001,289.54999,38076.0,-0.7030246672488172,-0.06853324429517023
1877,2022-10-03,NSE:GREENLAM,289.0,289.89999,282.14999,283.54999,28523.0,-2.07218104203699,-0.7030246672488172
1878,2022-10-04,NSE:GREENLAM,287.75,302.0,285.0,295.70001,42522.0,4.284965765648605,-2.07218104203699
1879,2022-10-06,NSE:GREENLAM,299.95001,344.79999,295.0,329.14999,375105.0,11.312133536958616,4.284965765648605
1880,2022-10-07,NSE:GREENLAM,325.35001,328.89999,317.54999,320.60001,80055.0,-2.5975938811360755,11.312133536958616
1881,2022-10-10,NSE:GREENLAM,315.0,330.5,310.64999,322.85001,82752.0,0.7018090860321557,-2.5975938811360755
1882,2022-10-11,NSE:GREENLAM,325.0,331.79999,315.54999,327.39999,60249.0,1.4093169766356846,0.7018090860321557
1883,2022-10-12,NSE:GREENLAM,331.0,331.0,312.35001,317.35001,35151.0,-3.069633569628394,1.4093169766356846
1884,2022-10-13,NSE:GREENLAM,315.04999,317.75,300.20001,303.0,36448.0,-4.521824341521211,-3.069633569628394
1885,2022-10-14,NSE:GREENLAM,307.45001,315.89999,300.29999,303.35001,46710.0,0.11551485148514769,-4.521824341521211
1886,2022-10-17,NSE:GREENLAM,306.89999,317.0,301.10001,313.0,31879.0,3.181140491803512,0.11551485148514769
1887,2022-10-18,NSE:GREENLAM,313.54999,319.10001,311.10001,314.0,13972.0,0.3194888178913738,3.181140491803512
1888,2022-10-19,NSE:GREENLAM,314.0,323.95001,314.0,320.75,27487.0,2.1496815286624202,0.3194888178913738
1889,2022-10-20,NSE:GREENLAM,319.89999,319.89999,312.79999,316.95001,8837.0,-1.1847201870615682,2.1496815286624202
1890,2022-10-21,NSE:GREENLAM,317.45001,318.25,308.79999,316.04999,11392.0,-0.2839627611938048,-1.1847201870615682
1891,2022-10-24,NSE:GREENLAM,320.75,324.95001,315.0,319.14999,6399.0,0.9808574902976656,-0.2839627611938048
1892,2022-10-25,NSE:GREENLAM,319.14999,323.85001,317.39999,320.39999,28817.0,0.3916653733876037,0.9808574902976656
1893,2022-10-27,NSE:GREENLAM,329.0,329.0,317.5,323.20001,25643.0,0.8739138849536224,0.3916653733876037
1894,2022-10-28,NSE:GREENLAM,327.95001,327.95001,320.04999,324.5,6611.0,0.40222461626779643,0.8739138849536224
1895,2022-10-31,NSE:GREENLAM,324.0,325.89999,314.04999,319.5,9887.0,-1.5408320493066257,0.40222461626779643
1896,2022-11-01,NSE:GREENLAM,321.5,327.0,317.5,326.45001,19353.0,2.1752769953051705,-1.5408320493066257
1897,2022-11-02,NSE:GREENLAM,327.64999,332.5,323.95001,331.54999,17500.0,1.562254508737788,2.1752769953051705
1898,2022-11-03,NSE:GREENLAM,334.45001,334.45001,325.20001,332.39999,12616.0,0.25637159572830115,1.562254508737788
1899,2022-11-04,NSE:GREENLAM,332.39999,334.20001,318.45001,321.35001,20250.0,-3.32430214573713,0.25637159572830115
1900,2022-11-07,NSE:GREENLAM,326.0,326.0,319.0,323.29999,12270.0,0.6068087565953343,-3.32430214573713
1901,2022-11-09,NSE:GREENLAM,326.79999,326.79999,318.0,320.29999,6509.0,-0.9279307432084981,0.6068087565953343
1902,2022-11-10,NSE:GREENLAM,320.0,320.0,316.20001,319.35001,3541.0,-0.2965907054820646,-0.9279307432084981
1903,2022-11-11,NSE:GREENLAM,319.35001,322.95001,317.0,319.14999,4650.0,-0.06263347228327783,-0.2965907054820646
1904,2022-11-14,NSE:GREENLAM,339.0,339.0,322.0,323.95001,25287.0,1.5040013004543782,-0.06263347228327783
1905,2022-11-15,NSE:GREENLAM,324.04999,331.5,319.0,320.64999,32834.0,-1.0186818639085757,1.5040013004543782
1906,2022-11-16,NSE:GREENLAM,320.64999,325.0,320.0,322.95001,8987.0,0.7172992582971912,-1.0186818639085757
1907,2022-11-17,NSE:GREENLAM,322.0,323.75,320.39999,322.0,3587.0,-0.2941662705011281,0.7172992582971912
1908,2022-11-18,NSE:GREENLAM,322.0,322.0,319.60001,320.10001,7205.0,-0.5900590062111809,-0.2941662705011281
1909,2022-11-21,NSE:GREENLAM,320.04999,325.0,320.04999,324.29999,14687.0,1.31208368284649,-0.5900590062111809
1910,2022-11-22,NSE:GREENLAM,324.29999,326.85001,323.5,323.89999,96853.0,-0.12334258783047675,1.31208368284649
1911,2022-11-23,NSE:GREENLAM,325.04999,337.04999,319.0,325.54999,137764.0,0.5094165022975077,-0.12334258783047675
1912,2022-11-24,NSE:GREENLAM,330.35001,333.10001,323.79999,330.45001,13332.0,1.5051513286792118,0.5094165022975077
1913,2022-11-25,NSE:GREENLAM,325.10001,336.35001,325.10001,331.10001,20244.0,0.1967014617430265,1.5051513286792118
1914,2022-11-28,NSE:GREENLAM,336.79999,342.0,325.0,328.5,45884.0,-0.7852642468962769,0.1967014617430265
1915,2022-11-29,NSE:GREENLAM,328.5,333.95001,328.5,331.45001,11614.0,0.8980243531202498,-0.7852642468962769
1916,2022-11-30,NSE:GREENLAM,334.75,335.0,329.10001,332.54999,34702.0,0.3318690501774188,0.8980243531202498
1917,2022-12-01,NSE:GREENLAM,336.79999,338.0,331.0,334.64999,40506.0,0.6314840063594719,0.3318690501774188
1918,2022-12-02,NSE:GREENLAM,335.0,339.0,332.95001,334.75,9946.0,0.029884955323021968,0.6314840063594719
1919,2022-12-05,NSE:GREENLAM,338.70001,338.70001,326.25,329.79999,13462.0,-1.4787184466019478,0.029884955323021968
1920,2022-12-06,NSE:GREENLAM,335.0,335.0,325.54999,327.39999,8491.0,-0.7277137879840376,-1.4787184466019478
1921,2022-12-07,NSE:GREENLAM,326.0,333.25,325.10001,331.29999,31146.0,1.1912034572756027,-0.7277137879840376
1922,2022-12-08,NSE:GREENLAM,331.10001,332.45001,328.85001,329.0,5544.0,-0.6942318350205745,1.1912034572756027
1923,2022-12-09,NSE:GREENLAM,333.79999,333.79999,320.10001,321.95001,17527.0,-2.142854103343459,-0.6942318350205745
1924,2022-12-12,NSE:GREENLAM,326.0,326.0,311.0,314.95001,25986.0,-2.174250592506582,-2.142854103343459
1925,2022-12-13,NSE:GREENLAM,321.14999,322.35001,316.10001,320.95001,14249.0,1.905064235432156,-2.174250592506582
1926,2022-12-14,NSE:GREENLAM,321.04999,333.79999,316.04999,325.95001,25645.0,1.557875009880822,1.905064235432156
1927,2022-12-15,NSE:GREENLAM,329.0,330.04999,320.0,324.64999,8728.0,-0.3988403006951948,1.557875009880822
1928,2022-12-16,NSE:GREENLAM,324.64999,324.64999,316.70001,320.70001,9413.0,-1.2166887791987864,-0.3988403006951948
1929,2022-12-19,NSE:GREENLAM,318.04999,323.45001,318.04999,320.0,6004.0,-0.21827564021592022,-1.2166887791987864
1930,2022-12-20,NSE:GREENLAM,319.95001,325.20001,319.10001,322.10001,4915.0,0.6562531249999992,-0.21827564021592022
1931,2022-12-21,NSE:GREENLAM,320.0,327.95001,308.04999,314.14999,21787.0,-2.4681837172249685,0.6562531249999992
1932,2022-12-22,NSE:GREENLAM,317.0,317.04999,306.60001,311.64999,9780.0,-0.7957982109119278,-2.4681837172249685
1933,2022-12-23,NSE:GREENLAM,311.70001,320.0,297.0,316.89999,62294.0,1.68458211726559,-0.7957982109119278
1934,2022-12-26,NSE:GREENLAM,307.0,327.0,307.0,318.70001,22474.0,0.5680088535187451,1.68458211726559
1935,2022-12-27,NSE:GREENLAM,322.60001,343.89999,322.60001,334.79999,676285.0,5.051766393104273,0.5680088535187451
1936,2022-12-28,NSE:GREENLAM,339.0,343.20001,324.0,327.04999,32094.0,-2.3148148839550444,5.051766393104273
1937,2022-12-29,NSE:GREENLAM,326.45001,328.29999,318.0,320.14999,18917.0,-2.1097692129573153,-2.3148148839550444
1938,2022-12-30,NSE:GREENLAM,323.35001,326.10001,321.14999,322.20001,160635.0,0.6403311148002903,-2.1097692129573153
1939,2023-01-02,NSE:GREENLAM,322.20001,333.60001,320.85001,325.04999,601826.0,0.88453752686102,0.6403311148002903
1940,2023-01-03,NSE:GREENLAM,328.29999,333.95001,321.04999,331.39999,24230.0,1.9535456684678019,0.88453752686102
1941,2023-01-04,NSE:GREENLAM,332.29999,338.79999,324.25,334.0,24876.0,0.7845534334506158,1.9535456684678019
1942,2023-01-05,NSE:GREENLAM,334.0,338.45001,328.04999,332.0,15338.0,-0.5988023952095809,0.7845534334506158
1943,2023-01-06,NSE:GREENLAM,333.0,335.0,325.54999,331.5,9911.0,-0.15060240963855423,-0.5988023952095809
1944,2023-01-09,NSE:GREENLAM,335.35001,335.35001,324.0,325.5,8436.0,-1.809954751131222,-0.15060240963855423
1945,2023-01-10,NSE:GREENLAM,325.5,334.0,325.5,331.35001,10819.0,1.7972380952380944,-1.809954751131222
1946,2023-01-11,NSE:GREENLAM,333.0,333.0,327.29999,328.54999,5903.0,-0.8450339265117324,1.7972380952380944
1947,2023-01-12,NSE:GREENLAM,330.95001,332.85001,316.35001,320.25,10734.0,-2.5262487452822566,-0.8450339265117324
1948,2023-01-13,NSE:GREENLAM,320.25,323.89999,319.0,319.95001,7515.0,-0.09367369242778448,-2.5262487452822566
1949,2023-01-16,NSE:GREENLAM,324.75,324.75,307.10001,311.29999,16032.0,-2.703553595763301,-0.09367369242778448
1950,2023-01-17,NSE:GREENLAM,315.0,316.75,304.0,307.5,29967.0,-1.2206842666458102,-2.703553595763301
1951,2023-01-18,NSE:GREENLAM,310.89999,310.89999,296.95001,298.14999,49101.0,-3.040653658536584,-1.2206842666458102
1952,2023-01-19,NSE:GREENLAM,298.5,347.45001,296.0,317.75,70302.0,6.573875786479147,-3.040653658536584
1953,2023-01-20,NSE:GREENLAM,321.10001,325.0,313.95001,316.20001,22061.0,-0.48780173092052864,6.573875786479147
1954,2023-01-23,NSE:GREENLAM,320.85001,322.10001,310.0,318.70001,14868.0,0.790638811175243,-0.48780173092052864
1955,2023-01-24,NSE:GREENLAM,318.70001,335.0,316.39999,329.95001,41575.0,3.5299653740205406,0.790638811175243
1956,2023-01-25,NSE:GREENLAM,328.0,330.64999,317.35001,319.54999,19025.0,-3.1519986921655314,3.5299653740205406
1957,2023-01-27,NSE:GREENLAM,319.85001,323.85001,303.95001,308.64999,21755.0,-3.4110468912860794,-3.1519986921655314
1958,2023-01-30,NSE:GREENLAM,312.0,313.0,298.5,301.95001,18909.0,-2.1707371511659477,-3.4110468912860794
1959,2023-01-31,NSE:GREENLAM,306.45001,315.0,302.14999,312.70001,14490.0,3.560191966875576,-2.1707371511659477
1960,2023-02-01,NSE:GREENLAM,317.35001,318.20001,308.20001,313.39999,8642.0,0.22385032862646284,3.560191966875576
1961,2023-02-02,NSE:GREENLAM,313.39999,319.95001,310.95001,317.45001,25643.0,1.2922846615279144,0.22385032862646284
1962,2023-02-03,NSE:GREENLAM,322.14999,322.20001,298.89999,308.14999,28982.0,-2.9296014197637033,1.2922846615279144
1963,2023-02-06,NSE:GREENLAM,309.54999,317.25,307.0,307.54999,13622.0,-0.19471037464580893,-2.9296014197637033
1964,2023-02-07,NSE:GREENLAM,309.0,315.95001,309.0,311.70001,9459.0,1.3493806323973676,-0.19471037464580893
1965,2023-02-08,NSE:GREENLAM,316.0,316.0,310.04999,311.95001,4661.0,0.08020532306046445,1.3493806323973676
1966,2023-02-09,NSE:GREENLAM,316.54999,318.39999,312.0,313.45001,4121.0,0.4808462740552565,0.08020532306046445
1967,2023-02-10,NSE:GREENLAM,318.0,318.0,310.0,310.75,3264.0,-0.8613845633630766,0.4808462740552565
1968,2023-02-13,NSE:GREENLAM,314.95001,314.95001,307.95001,308.20001,7171.0,-0.8205921158487466,-0.8613845633630766
1969,2023-02-14,NSE:GREENLAM,312.79999,315.0,305.70001,310.89999,9662.0,0.8760479923410718,-0.8205921158487466
1970,2023-02-15,NSE:GREENLAM,308.14999,311.39999,307.95001,309.95001,2826.0,-0.3055580670813088,0.8760479923410718
1971,2023-02-16,NSE:GREENLAM,309.95001,317.0,306.14999,309.60001,6722.0,-0.11292143529855758,-0.3055580670813088
1972,2023-02-17,NSE:GREENLAM,309.60001,317.85001,307.60001,314.39999,11303.0,1.5503810868739976,-0.11292143529855758
1973,2023-02-20,NSE:GREENLAM,318.0,318.0,310.04999,311.89999,5705.0,-0.7951654196935566,1.5503810868739976
1974,2023-02-21,NSE:GREENLAM,314.0,314.0,310.54999,312.20001,1581.0,0.0961910899708646,-0.7951654196935566
1975,2023-02-22,NSE:GREENLAM,309.60001,316.89999,309.60001,311.25,11891.0,-0.30429531376376967,0.0961910899708646
1976,2023-02-23,NSE:GREENLAM,315.0,315.29999,310.20001,311.54999,2646.0,0.09638232931726258,-0.30429531376376967
1977,2023-02-24,NSE:GREENLAM,307.0,316.0,307.0,310.79999,4805.0,-0.24073183247414004,0.09638232931726258
1978,2023-02-27,NSE:GREENLAM,313.95001,313.95001,299.95001,306.54999,14063.0,-1.3674389114362586,-0.24073183247414004
1979,2023-02-28,NSE:GREENLAM,311.04999,311.04999,302.54999,304.54999,12886.0,-0.6524221383925017,-1.3674389114362586
1980,2023-03-01,NSE:GREENLAM,309.0,310.0,301.54999,306.60001,7556.0,0.6731308708957823,-0.6524221383925017
1981,2023-03-02,NSE:GREENLAM,307.20001,311.0,304.20001,308.54999,4768.0,0.636001283887754,0.6731308708957823
1982,2023-03-03,NSE:GREENLAM,310.89999,311.45001,306.54999,307.14999,5292.0,-0.45373522779889813,0.636001283887754
1983,2023-03-06,NSE:GREENLAM,307.64999,309.45001,305.5,305.70001,3327.0,-0.47207554849667493,-0.45373522779889813
1984,2023-03-08,NSE:GREENLAM,306.29999,318.0,304.75,316.39999,11655.0,3.5001569021865526,-0.47207554849667493
1985,2023-03-09,NSE:GREENLAM,314.95001,317.0,313.20001,315.04999,5729.0,-0.4266751083020018,3.5001569021865526
1986,2023-03-10,NSE:GREENLAM,307.0,321.70001,307.0,315.89999,17024.0,0.269798453254997,-0.4266751083020018
1987,2023-03-13,NSE:GREENLAM,315.89999,320.39999,308.04999,315.29999,11671.0,-0.1899335292793212,0.269798453254997
1988,2023-03-14,NSE:GREENLAM,319.0,319.0,312.29999,314.70001,8563.0,-0.19028862005354316,-0.1899335292793212
1989,2023-03-15,NSE:GREENLAM,314.0,317.70001,306.25,307.39999,5102.0,-2.319675808081486,-0.19028862005354316
1990,2023-03-16,NSE:GREENLAM,307.39999,308.89999,301.0,304.89999,3954.0,-0.813272635435024,-2.319675808081486
1991,2023-03-17,NSE:GREENLAM,304.85001,308.20001,304.54999,306.0,2117.0,0.3607773158667527,-0.813272635435024
1992,2023-03-20,NSE:GREENLAM,306.0,306.0,301.0,305.0,4633.0,-0.32679738562091504,0.3607773158667527
1993,2023-03-21,NSE:GREENLAM,305.89999,336.95001,305.0,324.60001,64762.0,6.426232786885246,-0.32679738562091504
1994,2023-03-22,NSE:GREENLAM,327.60001,330.0,318.0,322.79999,28689.0,-0.554534794992772,6.426232786885246
1995,2023-03-23,NSE:GREENLAM,325.95001,325.95001,315.0,315.64999,4835.0,-2.214993872831278,-0.554534794992772
1996,2023-03-24,NSE:GREENLAM,317.89999,321.89999,305.10001,306.89999,15143.0,-2.772057746619919,-2.214993872831278
1997,2023-03-27,NSE:GREENLAM,306.89999,310.45001,298.60001,303.5,18166.0,-1.1078494984636535,-2.772057746619919
1998,2023-03-28,NSE:GREENLAM,306.54999,311.0,281.54999,289.10001,38168.0,-4.744642504118617,-1.1078494984636535
1999,2023-03-29,NSE:GREENLAM,287.0,302.79999,283.95001,297.54999,130070.0,2.922857041755198,-4.744642504118617
2000,2023-03-31,NSE:GREENLAM,302.0,305.0,298.0,299.95001,12706.0,0.8065938768810044,2.922857041755198
2001,2023-04-03,NSE:GREENLAM,304.35001,309.95001,288.14999,291.29999,45557.0,-2.8838205406294333,0.8065938768810044
2002,2023-04-05,NSE:GREENLAM,295.64999,303.45001,293.70001,299.60001,125561.0,2.8493032217405907,-2.8838205406294333
2003,2023-04-06,NSE:GREENLAM,296.79999,310.79999,296.79999,308.04999,32351.0,2.8204204666081227,2.8493032217405907
2004,2023-04-10,NSE:GREENLAM,308.20001,313.04999,301.10001,303.0,13209.0,-1.639341069285534,2.8204204666081227
2005,2023-04-11,NSE:GREENLAM,306.04999,310.0,301.5,302.95001,10899.0,-0.016498349834976823,-1.639341069285534
2006,2023-04-12,NSE:GREENLAM,306.0,310.0,301.54999,305.5,20627.0,0.8417197279511494,-0.016498349834976823
2007,2023-04-13,NSE:GREENLAM,305.5,308.95001,305.5,307.10001,8645.0,0.5237348608837962,0.8417197279511494
2008,2023-04-17,NSE:GREENLAM,304.35001,310.0,303.64999,308.25,9844.0,0.37446758793658214,0.5237348608837962
2009,2023-04-18,NSE:GREENLAM,308.79999,310.89999,306.0,306.35001,5848.0,-0.6163795620437964,0.37446758793658214
2010,2023-04-19,NSE:GREENLAM,303.04999,312.04999,303.04999,308.04999,19058.0,0.5549142955797463,-0.6163795620437964
2011,2023-04-20,NSE:GREENLAM,309.25,313.0,305.14999,306.0,13426.0,-0.6654731590804401,0.5549142955797463
2012,2023-04-21,NSE:GREENLAM,308.0,309.89999,302.70001,304.89999,7517.0,-0.35948039215686195,-0.6654731590804401
2013,2023-04-24,NSE:GREENLAM,302.75,307.39999,297.64999,298.70001,21321.0,-2.0334470985059667,-0.35948039215686195
2014,2023-04-25,NSE:GREENLAM,305.64999,305.64999,286.20001,290.60001,65762.0,-2.7117508298710877,-2.0334470985059667
2015,2023-04-26,NSE:GREENLAM,294.95001,299.0,285.60001,287.70001,23494.0,-0.9979352719223847,-2.7117508298710877
2016,2023-04-27,NSE:GREENLAM,290.0,291.0,283.5,285.04999,39565.0,-0.9211052860234661,-0.9979352719223847
2017,2023-04-28,NSE:GREENLAM,289.25,293.79999,285.29999,290.20001,17020.0,1.8067076585408899,-0.9211052860234661
2018,2023-05-02,NSE:GREENLAM,297.20001,298.0,292.60001,294.0,217991.0,1.3094382732791703,1.8067076585408899
2019,2023-05-03,NSE:GREENLAM,294.0,300.85001,294.0,299.60001,24203.0,1.904765306122448,1.3094382732791703
2020,2023-05-04,NSE:GREENLAM,300.0,309.0,293.45001,295.20001,34520.0,-1.468624784091288,1.904765306122448
2021,2023-05-05,NSE:GREENLAM,298.14999,302.54999,293.0,294.54999,51935.0,-0.22019646950555333,-1.468624784091288
2022,2023-05-08,NSE:GREENLAM,293.04999,302.0,293.04999,299.04999,16459.0,1.5277542531914534,-0.22019646950555333
2023,2023-05-09,NSE:GREENLAM,302.0,306.79999,300.14999,302.89999,16772.0,1.287410175134941,1.5277542531914534
2024,2023-05-10,NSE:GREENLAM,305.0,307.25,300.5,305.79999,12843.0,0.9574117186335918,1.287410175134941
2025,2023-05-11,NSE:GREENLAM,306.0,321.29999,302.35001,313.39999,42862.0,2.4852845809445654,0.9574117186335918
2026,2023-05-12,NSE:GREENLAM,316.0,318.95001,307.54999,315.10001,24720.0,0.5424441781252115,2.4852845809445654
2027,2023-05-15,NSE:GREENLAM,318.25,320.64999,309.45001,314.0,43902.0,-0.34909868774678793,0.5424441781252115
2028,2023-05-16,NSE:GREENLAM,318.54999,321.29999,314.45001,317.0,20572.0,0.9554140127388535,-0.34909868774678793
2029,2023-05-17,NSE:GREENLAM,319.95001,319.95001,313.5,314.39999,16040.0,-0.8201924290220812,0.9554140127388535
2030,2023-05-18,NSE:GREENLAM,317.95001,317.95001,310.5,311.79999,19076.0,-0.8269720364813061,-0.8201924290220812
2031,2023-05-19,NSE:GREENLAM,312.0,314.95001,302.10001,305.60001,16288.0,-1.98844778667247,-0.8269720364813061
2032,2023-05-22,NSE:GREENLAM,306.0,314.04999,306.0,312.0,13244.0,2.094237496916313,-1.98844778667247
2033,2023-05-23,NSE:GREENLAM,311.95001,316.45001,306.35001,308.60001,14781.0,-1.0897403846153852,2.094237496916313
2034,2023-05-24,NSE:GREENLAM,313.0,315.0,306.0,307.29999,19107.0,-0.4212637582221782,-1.0897403846153852
2035,2023-05-25,NSE:GREENLAM,308.89999,312.0,304.64999,308.14999,7729.0,0.2766026774032836,-0.4212637582221782
2036,2023-05-26,NSE:GREENLAM,309.10001,317.20001,308.04999,313.54999,22356.0,1.7523933718122064,0.2766026774032836
2037,2023-05-29,NSE:GREENLAM,360.79999,376.25,346.0,355.54999,794170.0,13.394993251315364,1.7523933718122064
2038,2023-05-30,NSE:GREENLAM,361.70001,368.79999,356.0,361.70001,146888.0,1.7297202005265255,13.394993251315364
2039,2023-05-31,NSE:GREENLAM,360.60001,377.39999,358.0,374.89999,113352.0,3.6494276016193585,1.7297202005265255
2040,2023-06-01,NSE:GREENLAM,374.85001,374.85001,357.0,360.89999,51417.0,-3.7343292540498596,3.6494276016193585
2041,2023-06-02,NSE:GREENLAM,361.0,371.14999,360.79999,366.20001,52529.0,1.4685564275022611,-3.7343292540498596
2042,2023-06-05,NSE:GREENLAM,370.0,377.39999,361.10001,376.04999,57654.0,2.689781466690828,1.4685564275022611
2043,2023-06-06,NSE:GREENLAM,376.64999,378.89999,363.75,376.95001,73017.0,0.2393352011523895,2.689781466690828
2044,2023-06-07,NSE:GREENLAM,373.0,419.85001,373.0,410.04999,286680.0,8.78099989969491,0.2393352011523895
2045,2023-06-08,NSE:GREENLAM,412.04999,424.04999,397.0,402.04999,136646.0,-1.9509816351903826,8.78099989969491
2046,2023-06-09,NSE:GREENLAM,406.04999,482.45001,406.04999,475.5,2203324.0,18.26887497248788,-1.9509816351903826
2047,2023-06-12,NSE:GREENLAM,480.0,505.89999,449.04999,454.10001,1968496.0,-4.500523659305995,18.26887497248788
2048,2023-06-13,NSE:GREENLAM,455.54999,461.5,431.64999,435.39999,188566.0,-4.118039988591939,-4.500523659305995
2049,2023-06-14,NSE:GREENLAM,441.39999,448.0,428.10001,439.14999,121073.0,0.8612770064601977,-4.118039988591939
2050,2023-06-15,NSE:GREENLAM,441.14999,443.45001,417.60001,424.39999,81791.0,-3.3587613197941777,0.8612770064601977
2051,2023-06-16,NSE:GREENLAM,430.75,448.0,430.75,441.54999,117607.0,4.0409991527096825,-3.3587613197941777
2052,2023-06-19,NSE:GREENLAM,444.0,444.0,422.39999,432.0,45393.0,-2.162833250205708,4.0409991527096825
2053,2023-06-20,NSE:GREENLAM,432.0,439.79999,426.10001,427.70001,23443.0,-0.9953680555555509,-2.162833250205708
2054,2023-06-21,NSE:GREENLAM,439.95001,472.95001,439.0,446.0,371101.0,4.278697585253734,-0.9953680555555509
2055,2023-06-22,NSE:GREENLAM,448.70001,459.89999,445.14999,451.60001,95519.0,1.255607623318385,4.278697585253734
2056,2023-06-23,NSE:GREENLAM,448.60001,453.95001,439.89999,440.85001,33409.0,-2.3804251022935095,1.255607623318385
2057,2023-06-26,NSE:GREENLAM,435.79999,445.0,435.04999,437.79999,31301.0,-0.6918498198514315,-2.3804251022935095
2058,2023-06-27,NSE:GREENLAM,440.0,462.89999,440.0,458.5,193601.0,4.728188778624691,-0.6918498198514315
2059,2023-06-28,NSE:GREENLAM,462.89999,466.89999,450.0,459.25,64056.0,0.16357688113413305,4.728188778624691
2060,2023-06-30,NSE:GREENLAM,459.89999,459.89999,448.70001,451.54999,39917.0,-1.676648884050086,0.16357688113413305
2061,2023-07-03,NSE:GREENLAM,449.20001,456.89999,436.70001,440.04999,43289.0,-2.546783358360832,-1.676648884050086
2062,2023-07-04,NSE:GREENLAM,445.10001,477.0,440.60001,469.54999,342318.0,6.703783813289031,-2.546783358360832
2063,2023-07-05,NSE:GREENLAM,474.20001,478.14999,463.0,476.04999,98933.0,1.38430415044839,6.703783813289031
2064,2023-07-06,NSE:GREENLAM,472.64999,476.64999,470.10001,473.54999,37701.0,-0.5251549317331149,1.38430415044839
2065,2023-07-07,NSE:GREENLAM,475.0,475.0,454.35001,458.95001,63769.0,-3.0830916077096657,-0.5251549317331149
2066,2023-07-10,NSE:GREENLAM,464.75,464.75,447.0,448.75,27486.0,-2.222466451193676,-3.0830916077096657
2067,2023-07-11,NSE:GREENLAM,448.95001,475.60001,448.95001,464.75,128823.0,3.5654596100278555,-2.222466451193676
2068,2023-07-12,NSE:GREENLAM,473.95001,476.60001,462.29999,466.70001,51381.0,0.41958257127488335,3.5654596100278555
2069,2023-07-13,NSE:GREENLAM,474.0,495.0,463.85001,479.5,215251.0,2.742659037011801,0.41958257127488335
2070,2023-07-14,NSE:GREENLAM,484.25,498.79999,480.64999,489.0,106952.0,1.981230448383733,2.742659037011801
2071,2023-07-17,NSE:GREENLAM,494.39999,495.45001,470.5,476.39999,74272.0,-2.576689161554192,1.981230448383733
2072,2023-07-18,NSE:GREENLAM,477.04999,481.95001,464.0,466.5,44490.0,-2.0780835868615366,-2.576689161554192
2073,2023-07-19,NSE:GREENLAM,469.45001,475.0,462.0,463.64999,32589.0,-0.6109346195069663,-2.0780835868615366
2074,2023-07-20,NSE:GREENLAM,469.0,475.0,459.5,470.45001,35559.0,1.4666278759113134,-0.6109346195069663
2075,2023-07-21,NSE:GREENLAM,470.45001,484.0,460.10001,473.75,31359.0,0.7014539121808032,1.4666278759113134
2076,2023-07-24,NSE:GREENLAM,477.95001,486.5,473.75,476.54999,52406.0,0.5910269129287556,0.7014539121808032
2077,2023-07-25,NSE:GREENLAM,480.35001,482.89999,468.25,470.10001,24221.0,-1.3534739555864816,0.5910269129287556
2078,2023-07-26,NSE:GREENLAM,473.25,479.89999,469.0,469.95001,23882.0,-0.03190810397982703,-1.3534739555864816
2079,2023-07-27,NSE:GREENLAM,473.10001,473.75,463.0,468.64999,29278.0,-0.27662942277626884,-0.03190810397982703
2080,2023-07-28,NSE:GREENLAM,480.0,519.0,472.29999,478.75,983678.0,2.1551286067455155,-0.27662942277626884
2081,2023-07-31,NSE:GREENLAM,478.75,489.70001,477.04999,485.70001,68855.0,1.451699216710187,2.1551286067455155
2082,2023-08-01,NSE:GREENLAM,485.70001,488.14999,470.0,474.64999,61442.0,-2.275070984659856,1.451699216710187
2083,2023-08-02,NSE:GREENLAM,476.75,476.75,456.35001,464.20001,64047.0,-2.2016180807251216,-2.275070984659856
2084,2023-08-03,NSE:GREENLAM,470.95001,470.95001,438.0,448.04999,71132.0,-3.4791080680933293,-2.2016180807251216
2085,2023-08-04,NSE:GREENLAM,450.04999,461.95001,446.29999,448.85001,51664.0,0.17855596872126206,-3.4791080680933293
2086,2023-08-07,NSE:GREENLAM,449.0,463.89999,449.0,455.54999,30497.0,1.4926990867171825,0.17855596872126206
2087,2023-08-08,NSE:GREENLAM,449.10001,459.64999,440.0,445.04999,51555.0,-2.3049062079882825,1.4926990867171825
2088,2023-08-09,NSE:GREENLAM,445.95001,452.70001,423.39999,433.85001,45144.0,-2.5165667344470637,-2.3049062079882825
2089,2023-08-10,NSE:GREENLAM,435.35001,447.39999,435.04999,444.79999,48341.0,2.52390912702756,-2.5165667344470637
2090,2023-08-11,NSE:GREENLAM,444.0,453.95001,441.54999,450.14999,25033.0,1.2027877968252703,2.52390912702756
2091,2023-08-14,NSE:GREENLAM,457.0,457.0,446.20001,451.10001,24457.0,0.21104521184150088,1.2027877968252703
2092,2023-08-16,NSE:GREENLAM,448.0,455.75,447.14999,450.95001,19196.0,-0.03325204980597923,0.21104521184150088
2093,2023-08-17,NSE:GREENLAM,450.0,454.89999,449.10001,450.35001,10619.0,-0.13305244188818682,-0.03325204980597923
2094,2023-08-18,NSE:GREENLAM,453.0,453.95001,446.64999,449.5,20576.0,-0.18874430579006704,-0.13305244188818682
2095,2023-08-21,NSE:GREENLAM,449.5,468.64999,448.79999,465.45001,36835.0,3.5483893214683024,-0.18874430579006704
2096,2023-08-22,NSE:GREENLAM,465.0,469.29999,454.0,466.35001,41094.0,0.19336125913929558,3.5483893214683024
2097,2023-08-23,NSE:GREENLAM,470.20001,471.70001,457.5,461.04999,17030.0,-1.1364897365393039,0.19336125913929558
2098,2023-08-24,NSE:GREENLAM,460.0,467.89999,455.10001,456.85001,20976.0,-0.9109597855104568,-1.1364897365393039
2099,2023-08-25,NSE:GREENLAM,456.85001,467.0,455.39999,457.39999,26958.0,0.12038524416361619,-0.9109597855104568
2100,2023-08-28,NSE:GREENLAM,462.95001,465.04999,445.04999,448.54999,25447.0,-1.93484918965565,0.12038524416361619
2101,2023-08-29,NSE:GREENLAM,452.89999,453.64999,442.0,443.25,23888.0,-1.1815829045052437,-1.93484918965565
2102,2023-08-30,NSE:GREENLAM,447.0,454.35001,445.10001,446.14999,13618.0,0.6542560631697694,-1.1815829045052437
2103,2023-08-31,NSE:GREENLAM,450.0,450.89999,435.0,439.75,32893.0,-1.4344929157120463,0.6542560631697694
2104,2023-09-01,NSE:GREENLAM,444.0,455.95001,440.04999,443.64999,30754.0,0.8868652643547476,-1.4344929157120463
2105,2023-09-04,NSE:GREENLAM,450.45001,467.0,446.20001,453.64999,31832.0,2.254029127781565,0.8868652643547476
2106,2023-09-05,NSE:GREENLAM,457.70001,465.0,454.5,456.20001,16681.0,0.562111772558403,2.254029127781565
2107,2023-09-06,NSE:GREENLAM,459.29999,459.29999,452.04999,455.5,9277.0,-0.15344366169567164,0.562111772558403
2108,2023-09-07,NSE:GREENLAM,460.0,460.0,453.60001,454.64999,10129.0,-0.1866103183315033,-0.15344366169567164
2109,2023-09-08,NSE:GREENLAM,460.0,460.0,453.5,455.70001,16094.0,0.23095128628508663,-0.1866103183315033
2110,2023-09-11,NSE:GREENLAM,463.45001,465.0,453.45001,455.35001,14197.0,-0.0768049138291708,0.23095128628508663
2111,2023-09-12,NSE:GREENLAM,459.95001,459.95001,429.14999,436.89999,29283.0,-4.051832567215711,-0.0768049138291708
2112,2023-09-13,NSE:GREENLAM,432.0,446.39999,428.5,439.75,19044.0,0.6523254898678293,-4.051832567215711
2113,2023-09-14,NSE:GREENLAM,442.35001,459.0,439.89999,454.60001,10147.0,3.3769209778283114,0.6523254898678293
2114,2023-09-15,NSE:GREENLAM,456.0,459.64999,451.64999,457.60001,10632.0,0.6599207949863442,3.3769209778283114
2115,2023-09-18,NSE:GREENLAM,463.95001,464.39999,453.39999,457.70001,14110.0,0.021853146375591805,0.6599207949863442
2116,2023-09-20,NSE:GREENLAM,455.0,461.39999,453.10001,459.04999,14217.0,0.294948649880947,0.021853146375591805
2117,2023-09-21,NSE:GREENLAM,450.10001,463.39999,419.20001,428.39999,183986.0,-6.676832734491504,0.294948649880947
2118,2023-09-22,NSE:GREENLAM,429.0,434.45001,423.0,427.64999,21511.0,-0.17507003209780653,-6.676832734491504
2119,2023-09-25,NSE:GREENLAM,430.0,430.0,414.79999,421.0,32433.0,-1.5550076360343192,-0.17507003209780653
2120,2023-09-26,NSE:GREENLAM,424.75,432.85001,388.20001,395.95001,243047.0,-5.950116389548689,-1.5550076360343192
2121,2023-09-27,NSE:GREENLAM,395.95001,416.0,395.95001,400.95001,83561.0,1.2627856733732623,-5.950116389548689
2122,2023-09-28,NSE:GREENLAM,408.0,430.0,401.20001,418.0,96187.0,4.252397948562211,1.2627856733732623
2123,2023-09-29,NSE:GREENLAM,424.85001,441.45001,408.39999,415.39999,60890.0,-0.6220119617224874,4.252397948562211
2124,2023-10-03,NSE:GREENLAM,419.0,421.64999,410.04999,411.35001,27180.0,-0.9749590990601624,-0.6220119617224874
2125,2023-10-04,NSE:GREENLAM,411.10001,414.04999,407.0,411.39999,16529.0,0.012150236729058307,-0.9749590990601624
2126,2023-10-05,NSE:GREENLAM,415.5,420.0,389.5,399.54999,89857.0,-2.880408431706579,0.012150236729058307
2127,2023-10-06,NSE:GREENLAM,409.0,412.95001,402.95001,408.0,32755.0,2.114881794891303,-2.880408431706579
2128,2023-10-09,NSE:GREENLAM,400.0,413.20001,400.0,408.60001,21429.0,0.1470612745098033,2.114881794891303
2129,2023-10-10,NSE:GREENLAM,408.60001,413.95001,400.39999,403.29999,15456.0,-1.2971169530808424,0.1470612745098033
2130,2023-10-11,NSE:GREENLAM,411.35001,412.95001,405.25,406.20001,14744.0,0.7190726684620152,-1.2971169530808424
2131,2023-10-12,NSE:GREENLAM,406.20001,410.5,402.0,405.54999,11959.0,-0.16002461447503175,0.7190726684620152
2132,2023-10-13,NSE:GREENLAM,406.64999,409.5,403.54999,406.70001,9524.0,0.28357046686156756,-0.16002461447503175
2133,2023-10-16,NSE:GREENLAM,408.70001,411.0,402.95001,408.45001,13172.0,0.43029258838719964,0.28357046686156756
2134,2023-10-17,NSE:GREENLAM,408.45001,410.85001,406.95001,408.45001,7537.0,0.0,0.43029258838719964
2135,2023-10-18,NSE:GREENLAM,408.45001,415.14999,407.64999,412.5,14906.0,0.9915509611567838,0.0
2136,2023-10-19,NSE:GREENLAM,417.95001,418.39999,401.14999,409.04999,33100.0,-0.8363660606060654,0.9915509611567838
2137,2023-10-20,NSE:GREENLAM,414.79999,414.79999,405.0,406.20001,10888.0,-0.6967314679557771,-0.8363660606060654
2138,2023-10-23,NSE:GREENLAM,406.20001,454.95001,402.0,407.04999,378776.0,0.20925159504549484,-0.6967314679557771
2139,2023-10-25,NSE:GREENLAM,420.0,439.0,411.54999,419.20001,67416.0,2.984896277727471,0.20925159504549484
2140,2023-10-26,NSE:GREENLAM,412.0,418.85001,401.85001,411.85001,43335.0,-1.7533396528306433,2.984896277727471
2141,2023-10-27,NSE:GREENLAM,418.0,439.70001,412.54999,432.04999,91563.0,4.904693337266152,-1.7533396528306433
2142,2023-10-30,NSE:GREENLAM,445.0,490.0,440.5,465.95001,1160189.0,7.846318894718651,4.904693337266152
2143,2023-10-31,NSE:GREENLAM,468.5,496.0,463.20001,479.54999,650314.0,2.9187637532189257,7.846318894718651
2144,2023-11-01,NSE:GREENLAM,482.39999,572.45001,475.79999,534.5,2894359.0,11.45866148386324,2.9187637532189257
2145,2023-11-02,NSE:GREENLAM,539.04999,544.40002,515.0,522.34998,567273.0,-2.27315622076708,11.45866148386324
2146,2023-11-03,NSE:GREENLAM,524.59998,564.95001,518.04999,554.20001,443265.0,6.097450219104069,-2.27315622076708
2147,2023-11-06,NSE:GREENLAM,570.0,596.25,545.0,577.90002,359298.0,4.276436227419054,6.097450219104069
2148,2023-11-07,NSE:GREENLAM,570.0,588.95001,553.59998,564.54999,122309.0,-2.310093361824085,4.276436227419054
2149,2023-11-08,NSE:GREENLAM,567.40002,575.0,548.95001,552.95001,60982.0,-2.054730352576919,-2.310093361824085
2150,2023-11-09,NSE:GREENLAM,553.90002,554.15002,530.04999,537.54999,74000.0,-2.7850655070971135,-2.054730352576919
2151,2023-11-10,NSE:GREENLAM,537.70001,564.70001,531.09998,559.15002,88083.0,4.018236517872516,-2.7850655070971135
2152,2023-11-12,NSE:GREENLAM,571.7,578.5,560.1,564.65,36748.0,0.9836322638421682,4.018236517872516
2153,2023-11-13,NSE:GREENLAM,563.65002,565.0,553.75,562.5,32089.0,-0.3807668467192026,0.9836322638421682
2154,2023-11-15,NSE:GREENLAM,571.04999,580.0,550.0,556.04999,51944.0,-1.1466684444444482,-0.3807668467192026
2155,2023-11-16,NSE:GREENLAM,562.0,578.70001,531.59998,542.90002,134040.0,-2.364889890565404,-1.1466684444444482
2156,2023-11-17,NSE:GREENLAM,548.84998,596.25,545.65002,567.29999,959597.0,4.494376331023148,-2.364889890565404
2157,2023-11-20,NSE:GREENLAM,576.0,615.79999,558.45001,600.34998,321143.0,5.8258400462866184,4.494376331023148
2158,2023-11-21,NSE:GREENLAM,601.0,625.54999,583.95001,613.65002,285517.0,2.2153811015368206,5.8258400462866184
2159,2023-11-22,NSE:GREENLAM,614.0,617.04999,586.09998,596.0,133672.0,-2.876235545466134,2.2153811015368206
2160,2023-11-23,NSE:GREENLAM,592.34998,624.5,585.5,597.20001,116533.0,0.201343959731547,-2.876235545466134
2161,2023-11-24,NSE:GREENLAM,601.90002,615.0,593.54999,599.70001,64473.0,0.4186202207196882,0.201343959731547
2162,2023-11-28,NSE:GREENLAM,600.04999,608.5,581.95001,587.40002,62265.0,-2.0510238110551273,0.4186202207196882
2163,2023-11-29,NSE:GREENLAM,589.0,597.5,564.0,572.70001,138383.0,-2.502555243358694,-2.0510238110551273
2164,2023-11-30,NSE:GREENLAM,572.70001,595.65002,572.70001,582.25,87950.0,1.6675379488818203,-2.502555243358694
2165,2023-12-01,NSE:GREENLAM,582.25,590.79999,571.29999,575.40002,53015.0,-1.1764671532846647,1.6675379488818203
2166,2023-12-04,NSE:GREENLAM,587.65002,599.0,579.04999,595.20001,87062.0,3.441082605454198,-1.1764671532846647
2167,2023-12-05,NSE:GREENLAM,600.0,600.0,577.04999,581.0,81738.0,-2.385754328196335,3.441082605454198
2168,2023-12-06,NSE:GREENLAM,584.79999,589.09998,570.09998,581.54999,55728.0,0.09466265060240615,-2.385754328196335
2169,2023-12-07,NSE:GREENLAM,584.40002,584.40002,559.0,561.34998,68687.0,-3.4734778346398083,0.09466265060240615
2170,2023-12-08,NSE:GREENLAM,565.0,572.54999,553.95001,557.09998,50520.0,-0.757103438393282,-3.4734778346398083
2171,2023-12-11,NSE:GREENLAM,570.0,577.20001,557.0,562.25,73963.0,0.9244337075725692,-0.757103438393282
2172,2023-12-12,NSE:GREENLAM,564.5,569.25,556.0,560.79999,32523.0,-0.2578941751889765,0.9244337075725692
2173,2023-12-13,NSE:GREENLAM,563.04999,563.79999,548.95001,553.5,31689.0,-1.3017100802730008,-0.2578941751889765
2174,2023-12-14,NSE:GREENLAM,552.0,563.70001,545.0,546.29999,46923.0,-1.3008148148148186,-1.3017100802730008
2175,2023-12-15,NSE:GREENLAM,548.09998,556.15002,540.54999,549.20001,35448.0,0.5308475293949833,-1.3008148148148186
2176,2023-12-18,NSE:GREENLAM,555.70001,569.25,546.54999,564.25,124275.0,2.7403477286899505,0.5308475293949833
2177,2023-12-19,NSE:GREENLAM,570.0,578.40002,547.0,570.09998,169504.0,1.0367709348692884,2.7403477286899505
2178,2023-12-20,NSE:GREENLAM,574.59998,579.0,540.45001,548.25,89789.0,-3.8326575629769293,1.0367709348692884
2179,2023-12-21,NSE:GREENLAM,541.09998,553.84998,536.25,544.79999,80617.0,-0.6292767897856855,-3.8326575629769293
2180,2023-12-22,NSE:GREENLAM,547.5,555.65002,540.04999,542.75,29540.0,-0.3762830465543841,-0.6292767897856855
2181,2023-12-26,NSE:GREENLAM,542.75,552.65002,533.5,540.09998,30698.0,-0.4882579456471746,-0.3762830465543841
2182,2023-12-27,NSE:GREENLAM,543.75,547.95001,537.0,542.29999,21480.0,0.4073338421527104,-0.4882579456471746
2183,2023-12-28,NSE:GREENLAM,544.0,568.5,538.29999,540.95001,114941.0,-0.24893601786715128,0.4073338421527104
2184,2023-12-29,NSE:GREENLAM,542.0,547.59998,530.0,533.59998,52005.0,-1.3587262896991277,-0.24893601786715128
2185,2024-01-01,NSE:GREENLAM,547.0,548.45001,533.59998,542.45001,43931.0,1.6585514114899442,-1.3587262896991277
2186,2024-01-02,NSE:GREENLAM,542.45001,544.45001,532.65002,538.40002,23680.0,-0.7466107337706528,1.6585514114899442
2187,2024-01-03,NSE:GREENLAM,544.0,560.09998,538.70001,543.40002,62768.0,0.928677528652395,-0.7466107337706528
2188,2024-01-04,NSE:GREENLAM,547.90002,551.25,540.15002,541.90002,24706.0,-0.27603973956423483,0.928677528652395
2189,2024-01-05,NSE:GREENLAM,544.34998,550.0,540.09998,546.90002,35176.0,0.9226794271017004,-0.27603973956423483
2190,2024-01-08,NSE:GREENLAM,552.0,571.5,549.20001,556.25,78746.0,1.709632411423199,0.9226794271017004
2191,2024-01-09,NSE:GREENLAM,564.59998,565.0,554.79999,557.59998,22599.0,0.24269303370785789,1.709632411423199
2192,2024-01-10,NSE:GREENLAM,560.0,564.59998,534.75,540.09998,87745.0,-3.138450614722045,0.24269303370785789
2193,2024-01-11,NSE:GREENLAM,540.65002,548.95001,537.29999,539.54999,38731.0,-0.10183114615186244,-3.138450614722045
2194,2024-01-12,NSE:GREENLAM,542.20001,545.59998,537.25,539.09998,17843.0,-0.08340469063858573,-0.10183114615186244
2195,2024-01-15,NSE:GREENLAM,540.29999,545.59998,522.15002,526.29999,45752.0,-2.3743258161500918,-0.08340469063858573
2196,2024-01-16,NSE:GREENLAM,526.29999,530.54999,510.64999,523.54999,86653.0,-0.52251568539836,-2.3743258161500918
2197,2024-01-17,NSE:GREENLAM,523.34998,538.45001,518.29999,524.79999,45918.0,0.2387546602760894,-0.52251568539836
2198,2024-01-18,NSE:GREENLAM,524.79999,533.40002,510.04999,530.84998,28198.0,1.152818238430222,0.2387546602760894
2199,2024-01-19,NSE:GREENLAM,531.84998,536.90002,521.65002,524.45001,20424.0,-1.2056080326121403,1.152818238430222
2200,2024-01-20,NSE:GREENLAM,526.5,530.75,521.0,523.45001,12274.0,-0.19067594259365156,-1.2056080326121403
2201,2024-01-23,NSE:GREENLAM,529.5,529.5,511.0,515.84998,15763.0,-1.4519113296033865,-0.19067594259365156
2202,2024-01-24,NSE:GREENLAM,520.0,525.0,509.39999,520.70001,19068.0,0.9402016454473956,-1.4519113296033865
2203,2024-01-25,NSE:GREENLAM,522.70001,523.29999,513.75,516.09998,14425.0,-0.8834319016049299,0.9402016454473956
2204,2024-01-29,NSE:GREENLAM,515.20001,523.45001,511.10001,514.54999,27654.0,-0.3003274675577356,-0.8834319016049299
2205,2024-01-30,NSE:GREENLAM,512.20001,523.45001,507.95001,517.90002,29049.0,0.6510601622983339,-0.3003274675577356
2206,2024-01-31,NSE:GREENLAM,522.95001,543.95001,516.0,538.15002,63626.0,3.910021088626334,0.6510601622983339
2207,2024-02-01,NSE:GREENLAM,548.70001,549.90002,530.0,539.29999,44029.0,0.2136894838357414,3.910021088626334
2208,2024-02-02,NSE:GREENLAM,541.65002,555.34998,532.54999,547.25,83529.0,1.4741350171358283,0.2136894838357414
2209,2024-02-05,NSE:GREENLAM,516.0,537.0,507.0,518.34998,134374.0,-5.280953860210149,1.4741350171358283
2210,2024-02-06,NSE:GREENLAM,519.0,533.65002,508.5,529.90002,61531.0,2.228231975623898,-5.280953860210149
2211,2024-02-07,NSE:GREENLAM,532.5,534.0,523.09998,525.54999,34034.0,-0.8209152360477473,2.228231975623898
2212,2024-02-08,NSE:GREENLAM,524.5,534.95001,517.79999,526.65002,37006.0,0.20931025039122553,-0.8209152360477473
2213,2024-02-09,NSE:GREENLAM,526.59998,552.0,525.0,543.5,105690.0,3.1994644185145873,0.20931025039122553
2214,2024-02-12,NSE:GREENLAM,542.90002,544.0,519.0,522.79999,73451.0,-3.808649494020243,3.1994644185145873
2215,2024-02-13,NSE:GREENLAM,521.84998,530.0,513.0,519.90002,30111.0,-0.5546997045657822,-3.808649494020243
2216,2024-02-14,NSE:GREENLAM,519.90002,525.70001,513.70001,515.5,29724.0,-0.8463204136826231,-0.5546997045657822
2217,2024-02-15,NSE:GREENLAM,518.09998,537.0,508.04999,521.0,107508.0,1.066925315227934,-0.8463204136826231
2218,2024-02-16,NSE:GREENLAM,521.0,542.90002,521.0,532.79999,59886.0,2.2648733205374243,1.066925315227934
2219,2024-02-19,NSE:GREENLAM,535.5,554.29999,531.04999,547.20001,77481.0,2.7027065071829375,2.2648733205374243
2220,2024-02-20,NSE:GREENLAM,551.90002,560.40002,541.59998,545.79999,80742.0,-0.2558516035114913,2.7027065071829375
2221,2024-02-21,NSE:GREENLAM,553.95001,553.95001,525.0,530.15002,40234.0,-2.8673452339198358,-0.2558516035114913
2222,2024-02-22,NSE:GREENLAM,524.79999,531.90002,515.40002,520.75,35184.0,-1.7730867953188119,-2.8673452339198358
2223,2024-02-23,NSE:GREENLAM,520.95001,564.95001,519.75,539.75,243698.0,3.648583773403745,-1.7730867953188119
2224,2024-02-26,NSE:GREENLAM,542.0,556.59998,533.0,539.5,94371.0,-0.04631773969430292,3.648583773403745
2225,2024-02-27,NSE:GREENLAM,544.0,547.75,531.25,533.04999,101223.0,-1.1955532900834143,-0.04631773969430292
2226,2024-02-28,NSE:GREENLAM,539.75,539.75,522.0,526.34998,105019.0,-1.2569196371244695,-1.1955532900834143
2227,2024-02-29,NSE:GREENLAM,525.79999,547.0,517.04999,540.20001,108496.0,2.631334763231123,-1.2569196371244695
2228,2024-03-01,NSE:GREENLAM,540.95001,546.45001,532.65002,538.90002,35968.0,-0.24064975489355872,2.631334763231123
2229,2024-03-02,NSE:GREENLAM,544.95001,544.95001,525.20001,539.59998,2734.0,0.12988680163714209,-0.24064975489355872
2230,2024-03-04,NSE:GREENLAM,539.59998,543.54999,525.0,526.5,20118.0,-2.4277206237109126,0.12988680163714209
2231,2024-03-05,NSE:GREENLAM,521.25,546.0,521.25,541.5,52517.0,2.849002849002849,-2.4277206237109126
2232,2024-03-06,NSE:GREENLAM,544.0,548.45001,520.04999,527.70001,67525.0,-2.5484746075715567,2.849002849002849
2233,2024-03-07,NSE:GREENLAM,528.70001,530.0,508.10001,512.34998,58268.0,-2.908855355147721,-2.5484746075715567
2234,2024-03-11,NSE:GREENLAM,512.0,512.0,461.60001,467.70001,149288.0,-8.71474026406714,-2.908855355147721
2235,2024-03-12,NSE:GREENLAM,468.10001,510.0,464.0,494.14999,173251.0,5.655330219043609,-8.71474026406714
2236,2024-03-13,NSE:GREENLAM,494.0,494.45001,445.20001,452.20001,107538.0,-8.489321228155845,5.655330219043609
2237,2024-03-14,NSE:GREENLAM,451.45001,495.0,448.10001,469.45001,100599.0,3.81468368388581,-8.489321228155845
2238,2024-03-15,NSE:GREENLAM,467.04999,472.70001,457.5,462.60001,38750.0,-1.4591542984523576,3.81468368388581
2239,2024-03-18,NSE:GREENLAM,451.04999,462.5,431.0,457.20001,250771.0,-1.1673151498634808,-1.4591542984523576
2240,2024-03-19,NSE:GREENLAM,455.39999,478.95001,452.70001,473.60001,50445.0,3.5870515400907315,-1.1673151498634808
2241,2024-03-20,NSE:GREENLAM,473.0,479.70001,461.70001,466.10001,31778.0,-1.5836148314270517,3.5870515400907315
2242,2024-03-21,NSE:GREENLAM,466.14999,474.0,460.10001,465.60001,29443.0,-0.1072731150552861,-1.5836148314270517
2243,2024-03-22,NSE:GREENLAM,465.64999,493.5,462.54999,486.54999,59319.0,4.499566054562581,-0.1072731150552861
2244,2024-03-26,NSE:GREENLAM,486.54999,515.75,478.0,511.89999,107553.0,5.210153225981984,4.499566054562581
2245,2024-03-27,NSE:GREENLAM,510.0,530.0,486.89999,503.25,215082.0,-1.6897812402770318,5.210153225981984
2246,2024-03-28,NSE:GREENLAM,505.0,510.0,500.10001,505.54999,32556.0,0.45702732240436755,-1.6897812402770318
2247,2024-04-01,NSE:GREENLAM,513.04999,525.0,503.10001,523.29999,24256.0,3.5110276631594837,0.45702732240436755
2248,2024-04-02,NSE:GREENLAM,523.34998,541.25,521.65002,534.25,37979.0,2.092491918450069,3.5110276631594837
2249,2024-04-03,NSE:GREENLAM,534.95001,580.0,534.29999,574.75,408380.0,7.580720636406177,2.092491918450069
2250,2024-04-04,NSE:GREENLAM,585.0,590.0,575.09998,585.79999,243565.0,1.9225732927359689,7.580720636406177
2251,2024-04-05,NSE:GREENLAM,583.0,584.90002,575.0,578.04999,25128.0,-1.3229771478828467,1.9225732927359689
2252,2024-04-08,NSE:GREENLAM,580.20001,598.95001,577.95001,588.20001,70921.0,1.7559069588427882,-1.3229771478828467
2253,2024-04-09,NSE:GREENLAM,587.79999,587.79999,561.04999,567.20001,41993.0,-3.570214152155489,1.7559069588427882
2254,2024-04-10,NSE:GREENLAM,570.20001,575.79999,560.0,563.04999,25083.0,-0.7316678291313924,-3.570214152155489
2255,2024-04-12,NSE:GREENLAM,562.0,571.40002,545.0,554.15002,35010.0,-1.580671371648535,-0.7316678291313924
2256,2024-04-15,NSE:GREENLAM,548.20001,552.0,536.20001,549.90002,27144.0,-0.7669403314286626,-1.580671371648535
2257,2024-04-16,NSE:GREENLAM,544.90002,566.70001,544.90002,560.59998,20746.0,1.9458009839679435,-0.7669403314286626
2258,2024-04-18,NSE:GREENLAM,560.70001,564.79999,550.34998,555.79999,18293.0,-0.8562237194514313,1.9458009839679435
2259,2024-04-19,NSE:GREENLAM,557.90002,594.75,551.54999,574.29999,42672.0,3.3285355042917506,-0.8562237194514313
2260,2024-04-22,NSE:GREENLAM,580.0,605.70001,574.34998,597.25,150455.0,3.996171060354715,3.3285355042917506
2261,2024-04-23,NSE:GREENLAM,598.0,600.79999,581.29999,585.29999,36381.0,-2.0008388447049006,3.996171060354715
2262,2024-04-24,NSE:GREENLAM,584.79999,604.54999,583.95001,594.40002,35707.0,1.55476339577591,-2.0008388447049006
2263,2024-04-25,NSE:GREENLAM,594.95001,597.59998,585.15002,592.29999,29272.0,-0.3533024780180964,1.55476339577591
2264,2024-04-26,NSE:GREENLAM,588.0,620.0,588.0,606.04999,101293.0,2.3214587594370886,-0.3533024780180964
2265,2024-04-29,NSE:GREENLAM,608.90002,637.0,608.90002,626.65002,246516.0,3.399064489713144,2.3214587594370886
2266,2024-04-30,NSE:GREENLAM,629.90002,630.95001,602.0,605.70001,58075.0,-3.34317550967285,3.399064489713144
2267,2024-05-02,NSE:GREENLAM,605.70001,610.25,585.40002,587.84998,38033.0,-2.9470083713553286,-3.34317550967285
2268,2024-05-03,NSE:GREENLAM,590.90002,590.90002,576.0,577.70001,30823.0,-1.7266258986688983,-2.9470083713553286
2269,2024-05-06,NSE:GREENLAM,580.15002,584.95001,565.0,576.59998,34314.0,-0.1904154372439877,-1.7266258986688983
2270,2024-05-07,NSE:GREENLAM,575.95001,575.95001,555.0,560.70001,25002.0,-2.757539117500479,-0.1904154372439877
2271,2024-05-08,NSE:GREENLAM,560.34998,564.29999,551.70001,558.0,29381.0,-0.4815427058758248,-2.757539117500479
2272,2024-05-09,NSE:GREENLAM,560.79999,560.79999,519.59998,528.25,44152.0,-5.331541218637993,-0.4815427058758248
2273,2024-05-10,NSE:GREENLAM,526.79999,577.09998,520.0,556.70001,113046.0,5.385709417889261,-5.331541218637993
2274,2024-05-13,NSE:GREENLAM,556.70001,556.70001,528.40002,537.0,34490.0,-3.5387119896046024,5.385709417889261
2275,2024-05-14,NSE:GREENLAM,539.79999,610.0,534.25,601.04999,590427.0,11.927372439478582,-3.5387119896046024
2276,2024-05-15,NSE:GREENLAM,599.75,605.84998,580.15002,587.95001,84439.0,-2.179515883529082,11.927372439478582
2277,2024-05-16,NSE:GREENLAM,588.0,600.0,584.09998,599.65002,61428.0,1.9899668000686008,-2.179515883529082
2278,2024-05-17,NSE:GREENLAM,597.0,597.0,581.25,590.59998,47111.0,-1.5092203282174625,1.9899668000686008
2279,2024-05-18,NSE:GREENLAM,592.04999,615.0,577.04999,583.20001,23979.0,-1.2529580512346004,-1.5092203282174625
2280,2024-05-21,NSE:GREENLAM,580.84998,587.25,571.04999,583.5,50567.0,0.05143861365845652,-1.2529580512346004
2281,2024-05-22,NSE:GREENLAM,583.5,615.0,581.04999,599.79999,108405.0,2.7934858611825155,0.05143861365845652
2282,2024-05-23,NSE:GREENLAM,597.5,615.0,596.59998,614.70001,70793.0,2.4841647629904164,2.7934858611825155
2283,2024-05-24,NSE:GREENLAM,614.79999,614.79999,585.09998,587.5,61715.0,-4.424924281357994,2.4841647629904164
2284,2024-05-27,NSE:GREENLAM,591.59998,662.0,591.54999,618.54999,726771.0,5.28510468085106,-4.424924281357994
2285,2024-05-28,NSE:GREENLAM,618.29999,618.29999,593.0,599.65002,108740.0,-3.0555283009542915,5.28510468085106
2286,2024-05-29,NSE:GREENLAM,594.34998,602.79999,582.70001,587.95001,92936.0,-1.951139766492465,-3.0555283009542915
2287,2024-05-30,NSE:GREENLAM,586.59998,599.65002,580.0,595.25,66494.0,1.241600455113519,-1.951139766492465
2288,2024-05-31,NSE:GREENLAM,595.25,609.0,555.54999,569.20001,608054.0,-4.376310793784121,1.241600455113519
2289,2024-06-03,NSE:GREENLAM,569.0,593.45001,557.0,589.09998,121322.0,3.4961295942352386,-4.376310793784121
2290,2024-06-04,NSE:GREENLAM,585.0,587.84998,499.0,545.54999,119353.0,-7.392631383216136,3.4961295942352386
2291,2024-06-05,NSE:GREENLAM,553.04999,557.29999,517.25,547.29999,47284.0,0.3207772032036881,-7.392631383216136
2292,2024-06-06,NSE:GREENLAM,557.40002,571.25,554.70001,567.79999,34463.0,3.745660583695607,0.3207772032036881
2293,2024-06-07,NSE:GREENLAM,568.34998,595.25,564.79999,589.09998,61047.0,3.7513191925205884,3.745660583695607
2294,2024-06-10,NSE:GREENLAM,595.0,619.0,595.0,604.0,81487.0,2.529285436404198,3.7513191925205884
2295,2024-06-11,NSE:GREENLAM,604.0,610.95001,598.95001,605.40002,25455.0,0.23179139072848354,2.529285436404198
2296,2024-06-12,NSE:GREENLAM,608.09998,614.59998,607.25,609.90002,34373.0,0.7433101835708561,0.23179139072848354
2297,2024-06-13,NSE:GREENLAM,612.34998,628.40002,605.0,608.04999,53706.0,-0.30333332338635777,0.7433101835708561
2298,2024-06-14,NSE:GREENLAM,602.5,626.45001,602.5,609.95001,75149.0,0.31247759744228276,-0.30333332338635777
2299,2024-06-18,NSE:GREENLAM,610.15002,632.70001,610.15002,623.54999,92857.0,2.2296876427627175,0.31247759744228276
2300,2024-06-19,NSE:GREENLAM,629.70001,631.65002,600.40002,607.29999,35613.0,-2.606046068575833,2.2296876427627175
2301,2024-06-20,NSE:GREENLAM,613.70001,621.09998,607.45001,613.95001,22497.0,1.0950140144082732,-2.606046068575833
2302,2024-06-21,NSE:GREENLAM,619.90002,639.0,610.04999,614.70001,70797.0,0.12215978300904334,1.0950140144082732
2303,2024-06-24,NSE:GREENLAM,617.90002,622.90002,612.54999,615.29999,22370.0,0.09760533434836931,0.12215978300904334
2304,2024-06-25,NSE:GREENLAM,616.79999,634.0,610.45001,617.5,42602.0,0.35755079404438483,0.09760533434836931
2305,2024-06-26,NSE:GREENLAM,617.5,619.59998,605.0,607.90002,19885.0,-1.5546526315789408,0.35755079404438483
2306,2024-06-27,NSE:GREENLAM,608.0,620.0,601.15002,606.04999,27027.0,-0.3043312944783355,-1.5546526315789408
2307,2024-06-28,NSE:GREENLAM,605.95001,614.95001,604.0,608.09998,22987.0,0.33825427503100525,-0.3043312944783355
2308,2024-07-01,NSE:GREENLAM,611.29999,614.90002,605.79999,611.70001,7664.0,0.5920128463086055,0.33825427503100525
2309,2024-07-02,NSE:GREENLAM,612.0,643.79999,608.09998,611.70001,49424.0,0.0,0.5920128463086055
2310,2024-07-03,NSE:GREENLAM,614.90002,615.79999,605.04999,607.59998,13048.0,-0.6702680943229117,0.0
2311,2024-07-04,NSE:GREENLAM,616.70001,616.70001,602.20001,603.79999,20004.0,-0.6254098296711563,-0.6702680943229117
2312,2024-07-05,NSE:GREENLAM,607.0,608.0,596.25,599.20001,16969.0,-0.7618383696892674,-0.6254098296711563
2313,2024-07-08,NSE:GREENLAM,599.34998,599.34998,585.04999,587.54999,16563.0,-1.944262317352104,-0.7618383696892674
2314,2024-07-09,NSE:GREENLAM,587.54999,593.54999,578.0,585.75,22507.0,-0.30635520902655106,-1.944262317352104
2315,2024-07-10,NSE:GREENLAM,588.09998,588.79999,566.15002,576.65002,22583.0,-1.5535603926589772,-0.30635520902655106
2316,2024-07-11,NSE:GREENLAM,582.40002,585.0,570.65002,576.0,307526.0,-0.11272348520859159,-1.5535603926589772
2317,2024-07-12,NSE:GREENLAM,578.84998,581.0,562.09998,572.04999,31096.0,-0.6857656250000035,-0.11272348520859159
2318,2024-07-15,NSE:GREENLAM,572.5,577.29999,564.65002,575.95001,19058.0,0.6817620956518224,-0.6857656250000035
2319,2024-07-16,NSE:GREENLAM,578.79999,581.70001,567.0,567.54999,24984.0,-1.4584633829592328,0.6817620956518224
2320,2024-07-18,NSE:GREENLAM,572.40002,574.09998,555.40002,561.90002,20788.0,-0.995501735450641,-1.4584633829592328
2321,2024-07-19,NSE:GREENLAM,558.25,563.20001,555.34998,560.0,11861.0,-0.3381420061170385,-0.995501735450641
2322,2024-07-22,NSE:GREENLAM,560.04999,595.84998,547.34998,583.5,36058.0,4.196428571428571,-0.3381420061170385
2323,2024-07-23,NSE:GREENLAM,547.5,575.90002,547.0,571.45001,60417.0,-2.065122536418163,4.196428571428571
2324,2024-07-24,NSE:GREENLAM,565.75,575.40002,550.0,562.45001,55926.0,-1.574940912154328,-2.065122536418163
2325,2024-07-25,NSE:GREENLAM,561.84998,565.54999,551.04999,556.25,23875.0,-1.1023219645777977,-1.574940912154328
2326,2024-07-26,NSE:GREENLAM,559.0,565.59998,555.0,560.04999,15057.0,0.6831442696629177,-1.1023219645777977
2327,2024-07-29,NSE:GREENLAM,568.20001,568.5,558.0,561.79999,12630.0,0.31247210628465505,0.6831442696629177
2328,2024-07-30,NSE:GREENLAM,564.79999,572.04999,556.0,568.79999,36244.0,1.245995038198559,0.31247210628465505
2329,2024-07-31,NSE:GREENLAM,568.84998,585.34998,568.84998,576.40002,34813.0,1.3361515706074574,1.245995038198559
2330,2024-08-01,NSE:GREENLAM,577.0,598.95001,577.0,595.15002,49057.0,3.252949227864357,1.3361515706074574
2331,2024-08-02,NSE:GREENLAM,590.90002,595.15002,569.25,582.84998,27359.0,-2.0667125240120265,3.252949227864357
2332,2024-08-05,NSE:GREENLAM,562.0,580.0,554.59998,557.90002,29856.0,-4.280682998393501,-2.0667125240120265
2333,2024-08-06,NSE:GREENLAM,560.09998,578.95001,560.09998,572.34998,22097.0,2.5900626424067736,-4.280682998393501
2334,2024-08-07,NSE:GREENLAM,572.5,583.75,572.40002,576.25,11510.0,0.681404758675809,2.5900626424067736
2335,2024-08-08,NSE:GREENLAM,577.90002,587.75,570.34998,573.95001,13782.0,-0.3991305856832937,0.681404758675809
2336,2024-08-09,NSE:GREENLAM,577.0,588.0,571.04999,577.84998,26512.0,0.6794964599791433,-0.3991305856832937
2337,2024-08-12,NSE:GREENLAM,577.84998,595.0,567.29999,573.04999,31964.0,-0.8306636957917659,0.6794964599791433
2338,2024-08-13,NSE:GREENLAM,573.0,587.20001,565.09998,569.75,13971.0,-0.5758642452816342,-0.8306636957917659
2339,2024-08-14,NSE:GREENLAM,570.70001,594.79999,553.79999,579.95001,59206.0,1.7902606406318595,-0.5758642452816342
2340,2024-08-16,NSE:GREENLAM,579.95001,589.95001,572.34998,579.59998,19606.0,-0.06035520199405819,1.7902606406318595
2341,2024-08-19,NSE:GREENLAM,579.59998,590.0,567.0,571.70001,28706.0,-1.3630038427537454,-0.06035520199405819
2342,2024-08-20,NSE:GREENLAM,572.79999,580.40002,571.75,576.59998,13165.0,0.8570876183822246,-1.3630038427537454
2343,2024-08-21,NSE:GREENLAM,575.20001,580.25,568.84998,572.54999,8490.0,-0.7023916303292241,0.8570876183822246
2344,2024-08-22,NSE:GREENLAM,572.59998,590.0,571.5,586.84998,34772.0,2.4975967600663096,-0.7023916303292241
2345,2024-08-23,NSE:GREENLAM,592.70001,592.95001,573.09998,582.95001,36755.0,-0.6645599613038992,2.4975967600663096
2346,2024-08-26,NSE:GREENLAM,578.5,590.0,566.40002,573.65002,41632.0,-1.5953323338994332,-0.6645599613038992
2347,2024-08-27,NSE:GREENLAM,574.90002,577.79999,566.0,566.95001,24625.0,-1.1679612597241815,-1.5953323338994332
2348,2024-08-28,NSE:GREENLAM,573.0,573.0,560.0,563.79999,17448.0,-0.5556080685138431,-1.1679612597241815
2349,2024-08-29,NSE:GREENLAM,569.45001,569.45001,554.59998,559.54999,18513.0,-0.7538134223805149,-0.5556080685138431
2350,2024-08-30,NSE:GREENLAM,562.5,567.70001,549.09998,561.40002,27484.0,0.3306281892704637,-0.7538134223805149
2351,2024-09-02,NSE:GREENLAM,561.40002,565.0,554.0,556.45001,13205.0,-0.8817260106260808,0.3306281892704637
2352,2024-09-03,NSE:GREENLAM,557.45001,567.54999,555.20001,559.29999,11488.0,0.5121717941922509,-0.8817260106260808
2353,2024-09-04,NSE:GREENLAM,550.0,564.95,550.0,554.65,14770.0,-0.8313946152582627,0.5121717941922509
2354,2024-09-05,NSE:GREENLAM,554.65002,562.20001,553.20001,556.84998,15253.0,0.39664292797259215,-0.8313946152582627
2355,2024-09-06,NSE:GREENLAM,561.0,575.84998,555.54999,557.59998,32359.0,0.1346861860352406,0.39664292797259215
2356,2024-09-09,NSE:GREENLAM,555.0,561.35,545.1,549.05,22476.0,-1.5333537135349262,0.1346861860352406
2357,2024-09-10,NSE:GREENLAM,557.45,566.55,543.2,560.15,76677.0,2.0216738002003503,-1.5333537135349262
2358,2024-09-11,NSE:GREENLAM,563.1,563.1,532.0,535.9,72665.0,-4.329197536374186,2.0216738002003503
2359,2024-09-12,NSE:GREENLAM,543.95,545.0,527.8,532.55,23494.0,-0.6251166262362424,-4.329197536374186
2360,2024-09-13,NSE:GREENLAM,535.0,547.9,530.1,540.3,21381.0,1.4552624166744907,-0.6251166262362424
2361,2024-09-16,NSE:GREENLAM,546.5,547.0,533.35,538.65,11651.0,-0.30538589672403804,1.4552624166744907
2362,2024-09-17,NSE:GREENLAM,544.05,556.4,533.05,551.5,23072.0,2.3855936136637936,-0.30538589672403804
2363,2024-09-18,NSE:GREENLAM,555.0,555.0,536.05,539.35,30768.0,-2.2030825022665415,2.3855936136637936
2364,2024-09-19,NSE:GREENLAM,544.0,575.25,539.0,547.5,128549.0,1.5110781496245438,-2.2030825022665415
2365,2024-09-20,NSE:GREENLAM,555.7,555.8,536.0,537.8,34157.0,-1.7716894977169033,1.5110781496245438
2366,2024-09-23,NSE:GREENLAM,537.8,542.45,520.1,524.7,49265.0,-2.435849758274435,-1.7716894977169033
2367,2024-09-24,NSE:GREENLAM,529.0,537.4,518.0,520.25,55961.0,-0.8481036782923661,-2.435849758274435
2368,2024-09-25,NSE:GREENLAM,525.0,525.0,512.25,515.2,28442.0,-0.9706871696299768,-0.8481036782923661
2369,2024-09-26,NSE:GREENLAM,520.35,530.9,502.55,506.1,64763.0,-1.7663043478260914,-0.9706871696299768
2370,2024-09-27,NSE:GREENLAM,507.0,522.0,505.75,519.0,33616.0,2.548903378778893,-1.7663043478260914
2371,2024-09-30,NSE:GREENLAM,519.2,520.15,501.6,506.4,24036.0,-2.4277456647398887,2.548903378778893
2372,2024-10-01,NSE:GREENLAM,509.8,525.15,502.65,507.65,25973.0,0.24684044233807267,-2.4277456647398887
2373,2024-10-03,NSE:GREENLAM,520.0,521.0,491.05,495.8,66862.0,-2.3342854328769755,0.24684044233807267
2374,2024-10-04,NSE:GREENLAM,499.75,516.6,492.55,514.1,41218.0,3.691004437273096,-2.3342854328769755
2375,2024-10-07,NSE:GREENLAM,515.25,523.15,490.0,497.85,25007.0,-3.160863645205213,3.691004437273096
2376,2024-10-08,NSE:GREENLAM,502.0,515.0,494.55,508.75,40325.0,2.1894144822737727,-3.160863645205213
2377,2024-10-09,NSE:GREENLAM,509.8,521.0,509.8,516.75,13770.0,1.5724815724815724,2.1894144822737727
2378,2024-10-10,NSE:GREENLAM,517.85,519.1,512.3,514.45,6133.0,-0.4450895016932665,1.5724815724815724
2379,2024-10-11,NSE:GREENLAM,514.0,519.0,506.7,509.15,12960.0,-1.0302264554378593,-0.4450895016932665
2380,2024-10-14,NSE:GREENLAM,510.85,518.05,505.2,508.55,15757.0,-0.1178434645978525,-1.0302264554378593
2381,2024-10-15,NSE:GREENLAM,508.55,522.0,507.55,519.2,17275.0,2.094189361911323,-0.1178434645978525
2382,2024-10-16,NSE:GREENLAM,519.0,540.0,515.5,534.95,55423.0,3.0335130970724187,2.094189361911323
2383,2024-10-17,NSE:GREENLAM,539.45,542.95,520.35,527.35,20310.0,-1.4206935227591404,3.0335130970724187
2384,2024-10-18,NSE:GREENLAM,527.45,539.0,521.0,533.1,11277.0,1.0903574476154356,-1.4206935227591404
2385,2024-10-21,NSE:GREENLAM,528.3,538.0,510.5,514.85,25635.0,-3.4233727255674355,1.0903574476154356
2386,2024-10-22,NSE:GREENLAM,515.0,515.9,493.35,499.8,28250.0,-2.9231815091774327,-3.4233727255674355
2387,2024-10-23,NSE:GREENLAM,503.8,518.9,496.6,504.55,16879.0,0.9503801520608244,-2.9231815091774327
2388,2024-10-24,NSE:GREENLAM,504.5,516.0,504.5,513.8,9691.0,1.8333168169656016,0.9503801520608244
2389,2024-10-25,NSE:GREENLAM,514.55,514.55,499.15,505.4,212972.0,-1.634877384196181,1.8333168169656016
2390,2024-10-28,NSE:GREENLAM,501.4,522.0,500.05,518.8,13702.0,2.651365255243367,-1.634877384196181
2391,2024-10-29,NSE:GREENLAM,515.0,517.0,493.35,511.1,166889.0,-1.4841942945258157,2.651365255243367
2392,2024-10-30,NSE:GREENLAM,518.0,535.25,499.6,533.15,45441.0,4.314224222265692,-1.4841942945258157
2393,2024-10-31,NSE:GREENLAM,533.15,535.0,519.2,520.6,10533.0,-2.3539341648691656,4.314224222265692
2394,2024-11-01,NSE:GREENLAM,521.0,555.35,516.0,537.65,21727.0,3.2750672301190846,-2.3539341648691656
2395,2024-11-04,NSE:GREENLAM,526.85,544.3,526.35,539.8,29060.0,0.399888403236302,3.2750672301190846
2396,2024-11-05,NSE:GREENLAM,534.6,573.2,533.5,567.3,50786.0,5.094479436828456,0.399888403236302
2397,2024-11-06,NSE:GREENLAM,565.05,570.0,547.65,557.85,50771.0,-1.6657852987837003,5.094479436828456
2398,2024-11-07,NSE:GREENLAM,559.45,579.0,559.2,563.75,38922.0,1.0576319799229141,-1.6657852987837003
2399,2024-11-08,NSE:GREENLAM,563.75,569.95,550.35,555.85,13465.0,-1.401330376940129,1.0576319799229141
2400,2024-11-11,NSE:GREENLAM,556.0,563.45,544.0,547.6,13729.0,-1.4842133669155348,-1.401330376940129
2401,2024-11-12,NSE:GREENLAM,547.75,554.9,540.35,545.15,9412.0,-0.4474068663257935,-1.4842133669155348
2402,2024-11-13,NSE:GREENLAM,537.0,545.15,512.55,519.35,18871.0,-4.732642392002194,-0.4474068663257935
2403,2024-11-14,NSE:GREENLAM,521.3,535.15,513.55,517.2,6334.0,-0.41397901222681754,-4.732642392002194
2404,2024-11-18,NSE:GREENLAM,513.2,524.4,510.05,511.55,12149.0,-1.0924207269914992,-0.41397901222681754
2405,2024-11-19,NSE:GREENLAM,519.15,525.75,509.0,511.3,16150.0,-0.0488710780959828,-1.0924207269914992
2406,2024-11-21,NSE:GREENLAM,503.0,521.7,503.0,511.35,13594.0,0.009778994719345074,-0.0488710780959828
2407,2024-11-22,NSE:GREENLAM,512.85,518.95,504.05,506.7,7778.0,-0.909357582868883,0.009778994719345074
2408,2024-11-25,NSE:GREENLAM,508.05,559.7,508.05,539.7,76389.0,6.512729425695689,-0.909357582868883
2409,2024-11-26,NSE:GREENLAM,534.5,560.35,534.5,556.6,17098.0,3.1313692792291974,6.512729425695689
2410,2024-11-27,NSE:GREENLAM,556.0,556.0,540.35,542.9,7293.0,-2.4613726194753944,3.1313692792291974
2411,2024-11-28,NSE:GREENLAM,554.0,554.0,538.55,543.05,11942.0,0.027629397679126408,-2.4613726194753944
2412,2024-11-29,NSE:GREENLAM,547.35,585.15,543.35,571.35,37755.0,5.211306509529522,0.027629397679126408
2413,2024-12-02,NSE:GREENLAM,571.35,592.0,571.35,583.05,56603.0,2.0477815699658586,5.211306509529522
2414,2024-12-03,NSE:GREENLAM,584.05,590.0,565.35,580.0,41862.0,-0.5231112254523549,2.0477815699658586
2415,2024-12-04,NSE:GREENLAM,576.0,598.0,576.0,592.8,29249.0,2.20689655172413,-0.5231112254523549
2416,2024-12-05,NSE:GREENLAM,590.0,590.45,584.05,585.2,10093.0,-1.2820512820512668,2.20689655172413
2417,2024-12-06,NSE:GREENLAM,593.9,593.9,579.1,586.45,18591.0,0.2136021872863978,-1.2820512820512668
2418,2024-12-09,NSE:GREENLAM,586.45,591.2,580.05,584.8,13367.0,-0.28135390911417696,0.2136021872863978
2419,2024-12-10,NSE:GREENLAM,585.0,590.0,580.35,586.8,10897.0,0.34199726402188785,-0.28135390911417696
2420,2024-12-11,NSE:GREENLAM,584.45,597.95,584.45,594.35,14945.0,1.2866394001363444,0.34199726402188785
2421,2024-12-12,NSE:GREENLAM,594.35,606.9,591.05,595.3,32964.0,0.15983847901067247,1.2866394001363444
2422,2024-12-13,NSE:GREENLAM,594.0,597.4,585.0,587.7,17395.0,-1.2766672266084176,0.15983847901067247
2423,2024-12-16,NSE:GREENLAM,587.2,591.55,583.55,586.45,3552.0,-0.21269355113152968,-1.2766672266084176
2424,2024-12-17,NSE:GREENLAM,587.05,595.0,582.0,584.55,9338.0,-0.3239832892829893,-0.21269355113152968
2425,2024-12-18,NSE:GREENLAM,583.05,586.0,575.0,577.15,4135.0,-1.2659310580788603,-0.3239832892829893
2426,2024-12-19,NSE:GREENLAM,568.5,578.4,561.2,566.85,11608.0,-1.784631378324518,-1.2659310580788603
2427,2024-12-20,NSE:GREENLAM,566.0,571.9,545.0,550.3,11654.0,-2.9196436447031964,-1.784631378324518
2428,2024-12-23,NSE:GREENLAM,549.55,558.4,543.05,547.3,15232.0,-0.5451571869889151,-2.9196436447031964
2429,2024-12-24,NSE:GREENLAM,550.0,570.0,538.25,543.95,19806.0,-0.6120957427370564,-0.5451571869889151
2430,2024-12-26,NSE:GREENLAM,543.95,546.05,536.35,540.0,6564.0,-0.7261696847136768,-0.6120957427370564
2431,2024-12-27,NSE:GREENLAM,540.0,563.4,536.6,558.1,14272.0,3.3518518518518556,-0.7261696847136768
2432,2024-12-30,NSE:GREENLAM,558.1,624.0,549.8,603.1,365259.0,8.06307113420534,3.3518518518518556
2433,2024-12-31,NSE:GREENLAM,585.0,603.1,576.4,581.85,49012.0,-3.5234621124191676,8.06307113420534
2434,2025-01-01,NSE:GREENLAM,581.5,601.0,561.2,596.35,24972.0,2.4920512159491275,-3.5234621124191676
2435,2025-01-02,NSE:GREENLAM,600.35,601.0,582.4,593.1,13167.0,-0.5449819736731785,2.4920512159491275
2436,2025-01-03,NSE:GREENLAM,594.0,601.0,576.25,589.0,20109.0,-0.6912830888551715,-0.5449819736731785
