,datetime,symbol,open,high,low,close,volume,change (%),last day change (%)
0,1999-01-01,NSE:HMT,4.9,5.0,4.75,4.75,1400.0,,
1,1999-01-04,NSE:HMT,5.0,5.0,4.85,4.9,6600.0,3.157894736842113,
2,1999-01-05,NSE:HMT,4.75,5.0,4.65,4.75,8900.0,-3.0612244897959253,3.157894736842113
3,1999-01-06,NSE:HMT,4.85,5.25,4.85,5.0,7700.0,5.263157894736842,-3.0612244897959253
4,1999-01-07,NSE:HMT,5.05,5.4,5.05,5.25,5500.0,5.0,5.263157894736842
5,1999-01-08,NSE:HMT,5.45,5.5,5.1,5.5,13000.0,4.761904761904762,5.0
6,1999-01-11,NSE:HMT,5.5,5.5,5.35,5.45,3800.0,-0.909090909090906,4.761904761904762
7,1999-01-12,NSE:HMT,5.45,5.45,5.0,5.1,12700.0,-6.422018348623864,-0.909090909090906
8,1999-01-13,NSE:HMT,5.3,5.5,5.2,5.25,4200.0,2.9411764705882426,-6.422018348623864
9,1999-01-14,NSE:HMT,6.0,6.5,5.0,5.0,21300.0,-4.761904761904762,2.9411764705882426
10,1999-01-15,NSE:HMT,5.45,5.45,4.8,5.4,5600.0,8.000000000000007,-4.761904761904762
11,1999-01-18,NSE:HMT,4.9,5.0,4.9,4.9,1200.0,-9.25925925925926,8.000000000000007
12,1999-01-19,NSE:HMT,4.85,4.9,4.7,4.9,2600.0,0.0,-9.25925925925926
13,1999-01-21,NSE:HMT,5.1,5.45,5.0,5.0,5100.0,2.0408163265306047,0.0
14,1999-01-22,NSE:HMT,5.0,5.0,4.7,5.0,2100.0,0.0,2.0408163265306047
15,1999-01-25,NSE:HMT,5.5,6.0,5.25,5.5,12200.0,10.0,0.0
16,1999-01-27,NSE:HMT,5.95,6.0,5.45,5.45,12800.0,-0.909090909090906,10.0
17,1999-01-28,NSE:HMT,5.95,5.95,5.1,5.1,7100.0,-6.422018348623864,-0.909090909090906
18,1999-01-29,NSE:HMT,4.55,5.6,4.55,5.5,5400.0,7.843137254901968,-6.422018348623864
19,1999-02-01,NSE:HMT,5.85,5.85,4.6,5.15,3900.0,-6.363636363636357,7.843137254901968
20,1999-02-02,NSE:HMT,5.0,5.05,4.8,5.0,4800.0,-2.9126213592233077,-6.363636363636357
21,1999-02-03,NSE:HMT,5.65,6.45,5.4,6.0,33600.0,20.0,-2.9126213592233077
22,1999-02-04,NSE:HMT,5.95,6.2,5.6,5.75,19800.0,-4.166666666666666,20.0
23,1999-02-05,NSE:HMT,5.65,5.95,5.5,5.65,10200.0,-1.7391304347826024,-4.166666666666666
24,1999-02-08,NSE:HMT,5.6,5.6,5.05,5.1,7300.0,-9.734513274336296,-1.7391304347826024
25,1999-02-09,NSE:HMT,5.45,5.45,5.0,5.4,17200.0,5.882352941176485,-9.734513274336296
26,1999-02-10,NSE:HMT,5.9,6.0,4.5,5.4,21800.0,0.0,5.882352941176485
27,1999-02-11,NSE:HMT,5.9,6.2,5.55,5.7,42400.0,5.555555555555552,0.0
28,1999-02-12,NSE:HMT,5.9,5.9,5.65,5.65,5600.0,-0.8771929824561372,5.555555555555552
29,1999-02-15,NSE:HMT,5.7,5.7,5.4,5.55,9500.0,-1.7699115044247882,-0.8771929824561372
30,1999-02-16,NSE:HMT,5.6,5.65,5.4,5.6,24000.0,0.9009009009008978,-1.7699115044247882
31,1999-02-17,NSE:HMT,5.7,6.75,5.25,6.5,95500.0,16.071428571428577,0.9009009009008978
32,1999-02-18,NSE:HMT,6.7,8.5,6.7,7.5,112500.0,15.384615384615385,16.071428571428577
33,1999-02-19,NSE:HMT,8.75,11.0,8.05,11.0,314400.0,46.666666666666664,15.384615384615385
34,1999-02-22,NSE:HMT,11.0,11.0,8.5,9.4,191900.0,-14.545454545454541,46.666666666666664
35,1999-02-23,NSE:HMT,8.35,9.15,8.0,8.25,102500.0,-12.234042553191493,-14.545454545454541
36,1999-02-24,NSE:HMT,8.5,9.45,8.5,9.1,56200.0,10.3030303030303,-12.234042553191493
37,1999-02-25,NSE:HMT,9.0,9.4,8.75,8.8,80800.0,-3.296703296703285,10.3030303030303
38,1999-02-26,NSE:HMT,8.9,8.9,8.5,8.55,25900.0,-2.840909090909091,-3.296703296703285
39,1999-03-01,NSE:HMT,8.25,8.5,7.0,7.0,48500.0,-18.12865497076024,-2.840909090909091
40,1999-03-03,NSE:HMT,8.0,8.15,7.5,7.55,60600.0,7.857142857142854,-18.12865497076024
41,1999-03-04,NSE:HMT,7.95,7.95,6.05,6.75,11900.0,-10.596026490066222,7.857142857142854
42,1999-03-05,NSE:HMT,6.3,7.25,6.05,6.5,10200.0,-3.7037037037037033,-10.596026490066222
43,1999-03-08,NSE:HMT,7.25,7.25,6.2,6.4,9200.0,-1.538461538461533,-3.7037037037037033
44,1999-03-09,NSE:HMT,6.25,6.25,5.35,5.75,37300.0,-10.156250000000005,-1.538461538461533
45,1999-03-10,NSE:HMT,6.75,6.75,5.7,6.35,10100.0,10.434782608695645,-10.156250000000005
46,1999-03-11,NSE:HMT,9.5,9.5,7.5,7.95,71400.0,25.1968503937008,10.434782608695645
47,1999-03-12,NSE:HMT,8.0,8.15,7.5,7.65,67200.0,-3.773584905660375,25.1968503937008
48,1999-03-15,NSE:HMT,7.95,8.5,7.8,8.0,77400.0,4.575163398692805,-3.773584905660375
49,1999-03-16,NSE:HMT,8.0,8.0,7.5,7.8,47200.0,-2.500000000000002,4.575163398692805
50,1999-03-17,NSE:HMT,9.35,9.35,8.1,8.1,82200.0,3.8461538461538445,-2.500000000000002
51,1999-03-18,NSE:HMT,8.5,11.8,8.35,11.3,177000.0,39.506172839506185,3.8461538461538445
52,1999-03-19,NSE:HMT,11.4,11.6,9.5,9.5,98900.0,-15.929203539823014,39.506172839506185
53,1999-03-22,NSE:HMT,9.1,10.25,8.9,9.15,45100.0,-3.684210526315786,-15.929203539823014
54,1999-03-23,NSE:HMT,9.0,9.5,8.7,8.7,67800.0,-4.918032786885258,-3.684210526315786
55,1999-03-24,NSE:HMT,9.1,9.4,9.0,9.1,35500.0,4.597701149425292,-4.918032786885258
56,1999-03-25,NSE:HMT,11.25,12.8,10.5,12.5,244900.0,37.36263736263737,4.597701149425292
57,1999-03-26,NSE:HMT,13.35,15.5,12.9,14.75,408200.0,18.0,37.36263736263737
58,1999-03-30,NSE:HMT,14.5,14.5,11.1,12.3,214300.0,-16.61016949152542,18.0
59,1999-03-31,NSE:HMT,13.5,13.5,11.4,12.4,86100.0,0.8130081300812979,-16.61016949152542
60,1999-04-01,NSE:HMT,12.8,12.8,11.3,11.55,50200.0,-6.854838709677416,0.8130081300812979
61,1999-04-05,NSE:HMT,10.3,10.75,9.0,9.0,32900.0,-22.077922077922082,-6.854838709677416
62,1999-04-06,NSE:HMT,8.9,10.15,8.25,9.7,44900.0,7.77777777777777,-22.077922077922082
63,1999-04-07,NSE:HMT,9.9,10.25,9.5,9.55,25000.0,-1.546391752577305,7.77777777777777
64,1999-04-08,NSE:HMT,10.45,10.45,9.25,9.6,29600.0,0.5235602094240727,-1.546391752577305
65,1999-04-09,NSE:HMT,9.1,9.45,8.75,8.75,24100.0,-8.854166666666663,0.5235602094240727
66,1999-04-12,NSE:HMT,8.75,9.6,8.5,9.0,21500.0,2.857142857142857,-8.854166666666663
67,1999-04-13,NSE:HMT,11.35,11.35,9.4,9.5,56700.0,5.555555555555555,2.857142857142857
68,1999-04-15,NSE:HMT,9.5,10.5,9.25,10.0,47000.0,5.263157894736842,5.555555555555555
69,1999-04-16,NSE:HMT,10.0,12.5,9.6,12.2,141400.0,21.999999999999993,5.263157894736842
70,1999-04-19,NSE:HMT,10.1,10.1,9.25,9.75,42500.0,-20.081967213114748,21.999999999999993
71,1999-04-20,NSE:HMT,9.9,9.9,9.0,9.1,42300.0,-6.6666666666666705,-20.081967213114748
72,1999-04-21,NSE:HMT,9.5,10.0,9.5,9.75,24600.0,7.142857142857147,-6.6666666666666705
73,1999-04-22,NSE:HMT,9.6,9.95,9.3,9.5,15200.0,-2.564102564102564,7.142857142857147
74,1999-04-23,NSE:HMT,9.8,9.8,9.1,9.4,13600.0,-1.0526315789473648,-2.564102564102564
75,1999-04-26,NSE:HMT,8.35,8.55,7.25,7.3,37600.0,-22.3404255319149,-1.0526315789473648
76,1999-04-28,NSE:HMT,7.4,8.4,7.25,7.8,36900.0,6.8493150684931505,-22.3404255319149
77,1999-04-29,NSE:HMT,8.2,8.5,7.9,8.5,21700.0,8.974358974358978,6.8493150684931505
78,1999-04-30,NSE:HMT,8.3,8.8,8.3,8.35,10900.0,-1.7647058823529453,8.974358974358978
79,1999-05-03,NSE:HMT,8.05,8.5,7.75,8.15,12800.0,-2.3952095808383147,-1.7647058823529453
80,1999-05-04,NSE:HMT,8.0,8.5,7.8,8.2,32800.0,0.6134969325153243,-2.3952095808383147
81,1999-05-05,NSE:HMT,8.9,9.5,8.35,8.75,33300.0,6.70731707317074,0.6134969325153243
82,1999-05-06,NSE:HMT,9.0,9.15,8.6,8.95,13000.0,2.2857142857142776,6.70731707317074
83,1999-05-07,NSE:HMT,8.75,8.95,8.5,8.5,8100.0,-5.027932960893847,2.2857142857142776
84,1999-05-10,NSE:HMT,8.95,9.0,8.4,8.5,7800.0,0.0,-5.027932960893847
85,1999-05-11,NSE:HMT,8.8,8.8,8.0,8.2,30900.0,-3.5294117647058907,0.0
86,1999-05-12,NSE:HMT,8.75,9.0,8.25,8.45,43700.0,3.0487804878048785,-3.5294117647058907
87,1999-05-13,NSE:HMT,8.85,8.9,8.35,8.45,10000.0,0.0,3.0487804878048785
88,1999-05-14,NSE:HMT,8.8,9.0,8.45,8.7,14100.0,2.9585798816568047,0.0
89,1999-05-17,NSE:HMT,8.75,9.0,8.3,8.55,24500.0,-1.7241379310344664,2.9585798816568047
90,1999-05-18,NSE:HMT,8.75,8.9,8.25,8.35,20900.0,-2.33918128654972,-1.7241379310344664
91,1999-05-19,NSE:HMT,8.7,9.65,8.7,9.35,28100.0,11.976047904191617,-2.33918128654972
92,1999-05-20,NSE:HMT,9.45,10.65,9.25,9.8,46000.0,4.812834224598942,11.976047904191617
93,1999-05-21,NSE:HMT,9.9,9.9,9.0,9.1,15000.0,-7.142857142857154,4.812834224598942
94,1999-05-24,NSE:HMT,8.95,9.25,8.8,8.9,14900.0,-2.19780219780219,-7.142857142857154
95,1999-05-25,NSE:HMT,9.5,9.7,8.6,8.7,29900.0,-2.2471910112359668,-2.19780219780219
96,1999-05-26,NSE:HMT,9.3,9.4,8.9,9.05,9400.0,4.022988505747143,-2.2471910112359668
97,1999-05-27,NSE:HMT,8.8,8.95,8.55,8.6,6100.0,-4.9723756906077465,4.022988505747143
98,1999-05-28,NSE:HMT,7.8,8.4,7.8,8.4,6500.0,-2.3255813953488293,-4.9723756906077465
99,1999-05-31,NSE:HMT,8.5,8.65,8.25,8.5,7900.0,1.1904761904761862,-2.3255813953488293
100,1999-06-01,NSE:HMT,8.5,8.5,8.15,8.2,6600.0,-3.5294117647058907,1.1904761904761862
101,1999-06-02,NSE:HMT,8.2,8.75,8.2,8.3,2400.0,1.2195121951219685,-3.5294117647058907
102,1999-06-03,NSE:HMT,8.75,8.75,8.25,8.35,2200.0,0.6024096385542039,1.2195121951219685
103,1999-06-04,NSE:HMT,8.5,8.6,7.9,8.4,5200.0,0.5988023952095893,0.6024096385542039
104,1999-06-07,NSE:HMT,8.1,8.5,8.1,8.2,5200.0,-2.380952380952394,0.5988023952095893
105,1999-06-08,NSE:HMT,8.1,8.2,7.9,8.15,16500.0,-0.6097560975609627,-2.380952380952394
106,1999-06-09,NSE:HMT,8.5,8.7,8.15,8.3,6900.0,1.8404907975460165,-0.6097560975609627
107,1999-06-10,NSE:HMT,9.0,9.15,8.45,8.45,8200.0,1.807228915662633,1.8404907975460165
108,1999-06-11,NSE:HMT,8.7,8.75,8.4,8.5,3500.0,0.5917159763313694,1.807228915662633
109,1999-06-14,NSE:HMT,8.4,8.4,7.9,7.95,14100.0,-6.470588235294115,0.5917159763313694
110,1999-06-15,NSE:HMT,7.9,8.0,7.5,7.65,15100.0,-3.773584905660375,-6.470588235294115
111,1999-06-16,NSE:HMT,7.75,8.1,7.55,8.0,3300.0,4.575163398692805,-3.773584905660375
112,1999-06-17,NSE:HMT,8.0,8.0,7.65,7.65,5100.0,-4.374999999999996,4.575163398692805
113,1999-06-18,NSE:HMT,7.6,8.0,7.6,7.8,2600.0,1.9607843137254832,-4.374999999999996
114,1999-06-21,NSE:HMT,7.9,8.0,7.75,7.8,6300.0,0.0,1.9607843137254832
115,1999-06-22,NSE:HMT,7.85,8.6,7.7,8.55,24500.0,9.615384615384627,0.0
116,1999-06-23,NSE:HMT,8.15,8.8,8.1,8.25,20200.0,-3.5087719298245696,9.615384615384627
117,1999-06-24,NSE:HMT,8.5,8.55,8.25,8.5,7400.0,3.0303030303030303,-3.5087719298245696
118,1999-06-25,NSE:HMT,8.2,8.5,8.2,8.3,12700.0,-2.35294117647058,3.0303030303030303
119,1999-06-28,NSE:HMT,7.75,8.4,7.5,8.25,6000.0,-0.6024096385542254,-2.35294117647058
120,1999-06-29,NSE:HMT,7.8,8.75,7.8,8.05,9300.0,-2.4242424242424154,-0.6024096385542254
121,1999-06-30,NSE:HMT,8.5,8.5,8.2,8.35,6200.0,3.7267080745341477,-2.4242424242424154
122,1999-07-01,NSE:HMT,8.4,8.7,8.35,8.35,12900.0,0.0,3.7267080745341477
123,1999-07-02,NSE:HMT,8.15,8.5,8.15,8.45,5500.0,1.1976047904191574,0.0
124,1999-07-05,NSE:HMT,8.5,9.5,8.5,9.25,45900.0,9.467455621301784,1.1976047904191574
125,1999-07-06,NSE:HMT,9.7,9.9,9.4,9.7,62800.0,4.864864864864858,9.467455621301784
126,1999-07-07,NSE:HMT,12.9,12.9,9.5,9.8,34900.0,1.0309278350515612,4.864864864864858
127,1999-07-08,NSE:HMT,9.95,10.2,9.15,9.3,47400.0,-5.10204081632653,1.0309278350515612
128,1999-07-09,NSE:HMT,9.8,10.6,9.6,9.9,96200.0,6.4516129032258025,-5.10204081632653
129,1999-07-12,NSE:HMT,10.7,11.4,10.0,10.2,80700.0,3.030303030303019,6.4516129032258025
130,1999-07-13,NSE:HMT,9.1,10.4,9.1,9.75,75600.0,-4.411764705882346,3.030303030303019
131,1999-07-14,NSE:HMT,10.0,12.0,10.0,11.05,165000.0,13.333333333333341,-4.411764705882346
132,1999-07-15,NSE:HMT,11.25,13.1,11.25,11.85,374200.0,7.239819004524876,13.333333333333341
133,1999-07-16,NSE:HMT,12.7,14.85,12.05,14.85,565300.0,25.31645569620253,7.239819004524876
134,1999-07-19,NSE:HMT,17.700001,18.0,15.0,15.1,756100.0,1.6835016835016834,25.31645569620253
135,1999-07-20,NSE:HMT,14.1,15.2,13.0,13.15,239500.0,-12.913907284768209,1.6835016835016834
136,1999-07-21,NSE:HMT,13.5,15.0,13.3,14.25,131300.0,8.36501901140684,-12.913907284768209
137,1999-07-22,NSE:HMT,14.3,14.9,13.5,13.6,60900.0,-4.5614035087719325,8.36501901140684
138,1999-07-23,NSE:HMT,14.5,14.5,13.0,13.2,105100.0,-2.941176470588238,-4.5614035087719325
139,1999-07-26,NSE:HMT,13.35,13.35,12.1,12.3,37300.0,-6.818181818181808,-2.941176470588238
140,1999-07-27,NSE:HMT,11.65,12.0,11.5,11.6,91000.0,-5.691056910569114,-6.818181818181808
141,1999-07-28,NSE:HMT,12.0,13.9,12.0,13.15,76800.0,13.362068965517249,-5.691056910569114
142,1999-07-29,NSE:HMT,13.7,13.7,12.65,12.95,35900.0,-1.5209125475285252,13.362068965517249
143,1999-07-30,NSE:HMT,12.6,12.9,11.65,12.3,50400.0,-5.019305019305008,-1.5209125475285252
144,1999-08-02,NSE:HMT,11.05,11.05,9.25,9.25,61200.0,-24.79674796747968,-5.019305019305008
145,1999-08-03,NSE:HMT,9.1,10.5,8.4,10.0,108700.0,8.108108108108109,-24.79674796747968
146,1999-08-04,NSE:HMT,9.1,10.9,9.05,9.8,46700.0,-1.9999999999999927,8.108108108108109
147,1999-08-05,NSE:HMT,10.15,10.4,9.75,10.05,21200.0,2.551020408163265,-1.9999999999999927
148,1999-08-06,NSE:HMT,10.15,10.2,9.7,10.15,19400.0,0.9950248756218869,2.551020408163265
149,1999-08-09,NSE:HMT,9.8,10.15,9.7,10.0,20000.0,-1.4778325123152742,0.9950248756218869
150,1999-08-10,NSE:HMT,10.0,10.0,9.6,9.65,31700.0,-3.499999999999996,-1.4778325123152742
151,1999-08-11,NSE:HMT,9.95,10.0,9.7,10.0,17700.0,3.626943005181343,-3.499999999999996
152,1999-08-12,NSE:HMT,10.0,10.5,9.8,10.0,22500.0,0.0,3.626943005181343
153,1999-08-13,NSE:HMT,10.35,10.45,9.75,10.25,19800.0,2.5,0.0
154,1999-08-16,NSE:HMT,9.85,10.2,9.5,10.0,21700.0,-2.4390243902439024,2.5
155,1999-08-17,NSE:HMT,10.0,10.15,9.7,9.95,37200.0,-0.5000000000000071,-2.4390243902439024
156,1999-08-18,NSE:HMT,10.35,12.0,10.35,11.9,55100.0,19.597989949748758,-0.5000000000000071
157,1999-08-19,NSE:HMT,12.0,12.45,10.85,10.9,32500.0,-8.403361344537814,19.597989949748758
158,1999-08-20,NSE:HMT,11.0,11.5,10.5,11.35,9800.0,4.1284403669724705,-8.403361344537814
159,1999-08-23,NSE:HMT,12.25,12.25,11.0,11.9,103000.0,4.845814977973575,4.1284403669724705
160,1999-08-24,NSE:HMT,12.1,12.25,11.5,11.7,112600.0,-1.680672268907572,4.845814977973575
161,1999-08-25,NSE:HMT,14.4,14.65,13.25,13.55,112500.0,15.811965811965825,-1.680672268907572
162,1999-08-26,NSE:HMT,15.5,15.5,13.45,13.55,42400.0,0.0,15.811965811965825
163,1999-08-27,NSE:HMT,13.9,14.3,13.1,13.95,37600.0,2.9520295202951923,0.0
164,1999-08-30,NSE:HMT,13.5,14.0,12.85,13.0,60700.0,-6.810035842293901,2.9520295202951923
165,1999-08-31,NSE:HMT,12.5,13.1,12.5,12.85,51900.0,-1.1538461538461564,-6.810035842293901
166,1999-09-01,NSE:HMT,13.25,13.25,12.0,12.5,30400.0,-2.7237354085603087,-1.1538461538461564
167,1999-09-02,NSE:HMT,12.25,12.5,12.0,12.15,15400.0,-2.799999999999997,-2.7237354085603087
168,1999-09-03,NSE:HMT,12.0,12.75,12.0,12.7,17100.0,4.526748971193407,-2.799999999999997
169,1999-09-06,NSE:HMT,12.5,12.8,12.15,12.4,14300.0,-2.3622047244094406,4.526748971193407
170,1999-09-07,NSE:HMT,12.25,12.5,12.1,12.4,16300.0,0.0,-2.3622047244094406
171,1999-09-08,NSE:HMT,12.7,12.7,12.1,12.45,15500.0,0.40322580645160433,0.0
172,1999-09-09,NSE:HMT,13.05,13.7,12.7,13.0,58700.0,4.41767068273093,0.40322580645160433
173,1999-09-10,NSE:HMT,12.9,13.9,12.9,13.25,31300.0,1.9230769230769231,4.41767068273093
174,1999-09-14,NSE:HMT,13.35,13.35,12.9,12.95,22700.0,-2.2641509433962317,1.9230769230769231
175,1999-09-15,NSE:HMT,13.0,13.0,12.65,12.7,7200.0,-1.9305019305019304,-2.2641509433962317
176,1999-09-16,NSE:HMT,12.5,12.7,12.25,12.55,12200.0,-1.1811023622047132,-1.9305019305019304
177,1999-09-17,NSE:HMT,12.25,12.45,12.0,12.35,9600.0,-1.5936254980079765,-1.1811023622047132
178,1999-09-20,NSE:HMT,11.75,12.2,11.25,11.8,20400.0,-4.45344129554655,-1.5936254980079765
179,1999-09-21,NSE:HMT,11.15,12.0,11.15,12.0,25600.0,1.6949152542372818,-4.45344129554655
180,1999-09-22,NSE:HMT,11.25,11.5,11.1,11.4,11200.0,-4.9999999999999964,1.6949152542372818
181,1999-09-23,NSE:HMT,11.0,11.2,10.75,11.2,13600.0,-1.75438596491229,-4.9999999999999964
182,1999-09-24,NSE:HMT,11.15,11.2,10.35,10.6,14700.0,-5.357142857142854,-1.75438596491229
183,1999-09-27,NSE:HMT,10.4,10.6,10.0,10.1,15500.0,-4.716981132075472,-5.357142857142854
184,1999-09-28,NSE:HMT,10.25,10.5,9.6,9.95,43700.0,-1.4851485148514887,-4.716981132075472
185,1999-09-29,NSE:HMT,10.0,10.7,10.0,10.5,7100.0,5.527638190954781,-1.4851485148514887
186,1999-09-30,NSE:HMT,11.0,11.5,10.1,11.35,11900.0,8.095238095238091,5.527638190954781
187,1999-10-01,NSE:HMT,10.75,11.75,10.75,11.5,14700.0,1.3215859030837036,8.095238095238091
188,1999-10-04,NSE:HMT,10.75,11.4,10.65,10.8,5800.0,-6.086956521739125,1.3215859030837036
189,1999-10-05,NSE:HMT,11.2,11.2,10.8,10.95,14100.0,1.3888888888888755,-6.086956521739125
190,1999-10-06,NSE:HMT,11.05,11.6,11.0,11.0,9900.0,0.4566210045662165,1.3888888888888755
191,1999-10-07,NSE:HMT,11.8,11.8,11.45,11.5,10600.0,4.545454545454546,0.4566210045662165
192,1999-10-08,NSE:HMT,11.85,13.5,11.5,12.75,29300.0,10.869565217391305,4.545454545454546
193,1999-10-11,NSE:HMT,12.65,13.95,12.65,12.8,33100.0,0.3921568627451036,10.869565217391305
194,1999-10-12,NSE:HMT,12.35,12.9,12.0,12.45,27400.0,-2.734375000000011,0.3921568627451036
195,1999-10-13,NSE:HMT,13.2,13.5,12.65,13.05,21400.0,4.819277108433746,-2.734375000000011
196,1999-10-14,NSE:HMT,12.5,13.7,12.5,12.65,17600.0,-3.065134099616861,4.819277108433746
197,1999-10-15,NSE:HMT,10.1,13.25,10.1,12.0,27800.0,-5.13833992094862,-3.065134099616861
198,1999-10-18,NSE:HMT,11.3,12.15,11.25,11.5,19200.0,-4.166666666666666,-5.13833992094862
199,1999-10-20,NSE:HMT,13.0,14.4,13.0,13.4,40200.0,16.521739130434785,-4.166666666666666
200,1999-10-21,NSE:HMT,13.1,13.45,12.5,12.65,19700.0,-5.597014925373134,16.521739130434785
201,1999-10-22,NSE:HMT,13.0,14.0,10.6,12.85,10600.0,1.5810276679841841,-5.597014925373134
202,1999-10-25,NSE:HMT,13.5,13.5,12.25,12.7,13300.0,-1.167315175097279,1.5810276679841841
203,1999-10-26,NSE:HMT,12.6,12.75,12.1,12.45,17700.0,-1.968503937007874,-1.167315175097279
204,1999-10-27,NSE:HMT,13.3,13.9,12.5,12.55,26800.0,0.8032128514056338,-1.968503937007874
205,1999-10-28,NSE:HMT,12.55,12.85,12.0,12.1,11600.0,-3.585657370517937,0.8032128514056338
206,1999-10-29,NSE:HMT,11.9,12.0,11.45,11.45,7500.0,-5.371900826446284,-3.585657370517937
207,1999-11-01,NSE:HMT,11.85,11.85,10.3,10.4,5900.0,-9.170305676855886,-5.371900826446284
208,1999-11-02,NSE:HMT,10.1,11.7,9.55,10.85,23200.0,4.3269230769230695,-9.170305676855886
209,1999-11-03,NSE:HMT,11.65,11.65,10.65,10.75,9000.0,-0.9216589861751119,4.3269230769230695
210,1999-11-04,NSE:HMT,10.55,11.1,10.5,11.0,5500.0,2.3255813953488373,-0.9216589861751119
211,1999-11-05,NSE:HMT,10.6,11.25,10.5,10.9,6200.0,-0.909090909090906,2.3255813953488373
212,1999-11-09,NSE:HMT,10.5,10.6,9.8,10.0,14600.0,-8.256880733944957,-0.909090909090906
213,1999-11-10,NSE:HMT,10.4,10.95,10.4,10.5,3800.0,5.0,-8.256880733944957
214,1999-11-11,NSE:HMT,10.9,10.9,10.35,10.35,2800.0,-1.428571428571432,5.0
215,1999-11-12,NSE:HMT,10.1,10.25,10.1,10.25,1100.0,-0.9661835748792237,-1.428571428571432
216,1999-11-15,NSE:HMT,10.05,10.35,9.75,10.1,2200.0,-1.4634146341463448,-0.9661835748792237
217,1999-11-16,NSE:HMT,10.15,10.4,9.3,9.45,9800.0,-6.43564356435644,-1.4634146341463448
218,1999-11-17,NSE:HMT,9.9,9.9,9.5,9.9,9300.0,4.761904761904773,-6.43564356435644
219,1999-11-18,NSE:HMT,9.75,9.95,9.7,9.7,1400.0,-2.020202020202031,4.761904761904773
220,1999-11-19,NSE:HMT,9.9,9.9,9.5,9.9,2200.0,2.0618556701031037,-2.020202020202031
221,1999-11-22,NSE:HMT,10.2,11.4,9.5,9.8,6300.0,-1.0101010101010066,2.0618556701031037
222,1999-11-24,NSE:HMT,9.75,9.75,9.05,9.5,9900.0,-3.0612244897959253,-1.0101010101010066
223,1999-11-25,NSE:HMT,10.4,11.0,10.0,10.3,19800.0,8.421052631578956,-3.0612244897959253
224,1999-11-26,NSE:HMT,9.65,10.6,9.65,10.55,6500.0,2.4271844660194173,8.421052631578956
225,1999-11-29,NSE:HMT,10.5,10.5,10.0,10.05,4300.0,-4.739336492890995,2.4271844660194173
226,1999-11-30,NSE:HMT,10.0,10.0,9.3,9.5,13300.0,-5.472636815920405,-4.739336492890995
227,1999-12-01,NSE:HMT,9.8,10.0,9.45,9.95,3600.0,4.73684210526315,-5.472636815920405
228,1999-12-02,NSE:HMT,9.6,10.2,9.6,10.0,3900.0,0.5025125628140775,4.73684210526315
229,1999-12-03,NSE:HMT,9.4,10.2,9.4,10.05,1600.0,0.5000000000000071,0.5025125628140775
230,1999-12-06,NSE:HMT,10.0,10.2,9.6,9.9,3500.0,-1.4925373134328392,0.5000000000000071
231,1999-12-07,NSE:HMT,9.9,10.0,9.5,9.6,12800.0,-3.0303030303030374,-1.4925373134328392
232,1999-12-08,NSE:HMT,10.0,10.25,9.4,9.7,7100.0,1.041666666666663,-3.0303030303030374
233,1999-12-09,NSE:HMT,9.75,10.0,9.65,9.65,2500.0,-0.5154639175257623,1.041666666666663
234,1999-12-10,NSE:HMT,10.25,10.25,9.5,9.85,2800.0,2.072538860103619,-0.5154639175257623
235,1999-12-13,NSE:HMT,9.85,9.85,9.15,9.15,6700.0,-7.106598984771567,2.072538860103619
236,1999-12-14,NSE:HMT,9.6,9.6,9.15,9.2,6500.0,0.5464480874316823,-7.106598984771567
237,1999-12-15,NSE:HMT,9.1,9.85,9.0,9.4,3500.0,2.1739130434782727,0.5464480874316823
238,1999-12-16,NSE:HMT,9.6,9.75,9.5,9.65,6700.0,2.6595744680851063,2.1739130434782727
239,1999-12-17,NSE:HMT,9.8,9.9,9.2,9.5,11800.0,-1.5544041450777237,2.6595744680851063
240,1999-12-20,NSE:HMT,9.25,10.5,9.05,10.2,20900.0,7.368421052631572,-1.5544041450777237
241,1999-12-21,NSE:HMT,10.25,10.25,9.55,9.7,30000.0,-4.901960784313726,7.368421052631572
242,1999-12-22,NSE:HMT,11.0,14.55,10.9,14.55,93600.0,50.00000000000002,-4.901960784313726
243,1999-12-23,NSE:HMT,18.0,18.200001,14.7,15.8,147500.0,8.59106529209622,50.00000000000002
244,1999-12-24,NSE:HMT,15.0,15.45,13.5,13.9,60000.0,-12.025316455696204,8.59106529209622
245,1999-12-27,NSE:HMT,13.5,13.5,12.1,12.45,32300.0,-10.431654676259,-12.025316455696204
246,1999-12-28,NSE:HMT,14.0,14.0,12.1,12.9,60400.0,3.61445783132531,-10.431654676259
247,1999-12-29,NSE:HMT,13.95,15.3,13.95,14.65,45500.0,13.565891472868216,3.61445783132531
248,1999-12-30,NSE:HMT,14.55,16.75,14.1,15.4,39800.0,5.1194539249146755,13.565891472868216
249,2000-01-03,NSE:HMT,17.9,19.25,16.299999,19.25,182500.0,24.999999999999996,5.1194539249146755
250,2000-01-04,NSE:HMT,19.9,19.9,16.700001,17.25,120900.0,-10.38961038961039,24.999999999999996
251,2000-01-05,NSE:HMT,17.1,18.0,15.5,15.95,74800.0,-7.536231884057976,-10.38961038961039
252,2000-01-06,NSE:HMT,16.9,16.9,15.55,15.95,33600.0,0.0,-7.536231884057976
253,2000-01-07,NSE:HMT,15.55,16.15,15.2,15.4,19200.0,-3.448275862068959,0.0
254,2000-01-10,NSE:HMT,14.3,15.5,14.15,14.35,28400.0,-6.818181818181824,-3.448275862068959
255,2000-01-11,NSE:HMT,13.75,14.6,13.0,13.35,31500.0,-6.968641114982578,-6.818181818181824
256,2000-01-12,NSE:HMT,13.95,14.25,13.0,13.75,11300.0,2.996254681647943,-6.968641114982578
257,2000-01-13,NSE:HMT,13.7,14.0,12.15,12.35,18500.0,-10.181818181818185,2.996254681647943
258,2000-01-14,NSE:HMT,13.35,13.5,12.5,13.3,9100.0,7.692307692307701,-10.181818181818185
259,2000-01-17,NSE:HMT,13.9,15.5,13.9,14.25,28900.0,7.142857142857137,7.692307692307701
260,2000-01-18,NSE:HMT,14.5,14.5,13.35,13.65,21600.0,-4.210526315789472,7.142857142857137
261,2000-01-19,NSE:HMT,14.75,14.75,13.65,13.95,22100.0,2.19780219780219,-4.210526315789472
262,2000-01-20,NSE:HMT,13.75,14.1,13.6,14.0,6200.0,0.35842293906810546,2.19780219780219
263,2000-01-21,NSE:HMT,13.9,13.9,12.8,13.0,20200.0,-7.142857142857142,0.35842293906810546
264,2000-01-24,NSE:HMT,12.65,13.0,12.5,12.8,5800.0,-1.538461538461533,-7.142857142857142
265,2000-01-25,NSE:HMT,12.65,12.75,11.5,12.05,15400.0,-5.859375,-1.538461538461533
266,2000-01-27,NSE:HMT,11.5,12.05,10.0,12.0,9900.0,-0.4149377593361055,-5.859375
267,2000-01-28,NSE:HMT,11.5,12.4,11.5,12.1,9100.0,0.8333333333333304,-0.4149377593361055
268,2000-01-31,NSE:HMT,12.25,14.0,11.5,11.5,6300.0,-4.958677685950411,0.8333333333333304
269,2000-02-01,NSE:HMT,10.85,11.5,10.85,11.05,11000.0,-3.913043478260864,-4.958677685950411
270,2000-02-02,NSE:HMT,11.75,12.0,11.3,11.35,15300.0,2.7149321266968225,-3.913043478260864
271,2000-02-03,NSE:HMT,12.2,12.5,11.5,11.65,8800.0,2.643171806167407,2.7149321266968225
272,2000-02-04,NSE:HMT,10.05,13.0,10.05,11.4,18200.0,-2.1459227467811157,2.643171806167407
273,2000-02-07,NSE:HMT,10.5,14.25,10.5,13.0,24600.0,14.035087719298241,-2.1459227467811157
274,2000-02-08,NSE:HMT,12.8,14.5,12.35,14.15,55100.0,8.84615384615385,14.035087719298241
275,2000-02-09,NSE:HMT,14.5,15.5,13.0,13.75,48600.0,-2.826855123674914,8.84615384615385
276,2000-02-10,NSE:HMT,15.4,15.4,13.3,13.9,19900.0,1.0909090909090935,-2.826855123674914
277,2000-02-11,NSE:HMT,13.75,14.0,13.05,13.25,9700.0,-4.676258992805757,1.0909090909090935
278,2000-02-14,NSE:HMT,12.75,12.95,12.1,12.15,14800.0,-8.301886792452827,-4.676258992805757
279,2000-02-15,NSE:HMT,11.55,12.5,11.55,12.0,30900.0,-1.2345679012345707,-8.301886792452827
280,2000-02-16,NSE:HMT,12.0,12.0,11.3,11.45,5600.0,-4.583333333333339,-1.2345679012345707
281,2000-02-17,NSE:HMT,11.9,12.5,11.8,12.4,10800.0,8.296943231441057,-4.583333333333339
282,2000-02-18,NSE:HMT,12.5,12.85,11.7,11.95,8500.0,-3.629032258064525,8.296943231441057
283,2000-02-21,NSE:HMT,11.6,11.6,10.5,11.2,17000.0,-6.2761506276150625,-3.629032258064525
284,2000-02-22,NSE:HMT,10.6,11.85,10.55,11.1,24600.0,-0.8928571428571397,-6.2761506276150625
285,2000-02-23,NSE:HMT,11.3,11.4,10.6,10.95,13200.0,-1.3513513513513546,-0.8928571428571397
286,2000-02-24,NSE:HMT,11.35,11.35,10.75,10.95,6000.0,0.0,-1.3513513513513546
287,2000-02-25,NSE:HMT,10.7,11.0,10.7,10.8,5800.0,-1.3698630136986172,0.0
288,2000-02-28,NSE:HMT,10.8,11.05,10.3,10.7,6900.0,-0.925925925925939,-1.3698630136986172
289,2000-02-29,NSE:HMT,10.5,11.35,10.05,10.1,25100.0,-5.607476635514016,-0.925925925925939
290,2000-03-01,NSE:HMT,10.25,11.1,10.25,10.6,6200.0,4.9504950495049505,-5.607476635514016
291,2000-03-02,NSE:HMT,10.95,11.5,10.1,10.5,10900.0,-0.943396226415091,4.9504950495049505
292,2000-03-03,NSE:HMT,10.15,10.5,9.9,10.15,4900.0,-3.33333333333333,-0.943396226415091
293,2000-03-06,NSE:HMT,10.9,10.9,9.5,9.55,8000.0,-5.91133004926108,-3.33333333333333
294,2000-03-07,NSE:HMT,8.5,9.4,8.25,8.8,12300.0,-7.853403141361256,-5.91133004926108
295,2000-03-08,NSE:HMT,8.8,9.05,8.6,8.95,5700.0,1.7045454545454382,-7.853403141361256
296,2000-03-09,NSE:HMT,9.25,9.25,8.25,8.8,4700.0,-1.6759776536312692,1.7045454545454382
297,2000-03-10,NSE:HMT,8.5,9.1,8.5,9.0,3100.0,2.2727272727272645,-1.6759776536312692
298,2000-03-13,NSE:HMT,8.55,9.0,8.0,8.05,6800.0,-10.555555555555546,2.2727272727272645
299,2000-03-14,NSE:HMT,8.25,8.4,7.7,7.95,15800.0,-1.242236024844727,-10.555555555555546
300,2000-03-15,NSE:HMT,8.5,9.65,8.5,9.05,7800.0,13.83647798742139,-1.242236024844727
301,2000-03-16,NSE:HMT,9.05,9.4,8.0,8.0,9500.0,-11.602209944751388,13.83647798742139
302,2000-03-21,NSE:HMT,9.5,9.5,6.25,6.5,36200.0,-18.75,-11.602209944751388
303,2000-03-22,NSE:HMT,7.8,8.5,7.3,8.05,11300.0,23.846153846153857,-18.75
304,2000-03-23,NSE:HMT,8.2,8.5,7.85,7.85,7400.0,-2.484472049689454,23.846153846153857
305,2000-03-24,NSE:HMT,8.25,8.25,7.65,8.0,2700.0,1.9108280254777117,-2.484472049689454
306,2000-03-27,NSE:HMT,8.0,8.0,7.35,7.45,12200.0,-6.874999999999998,1.9108280254777117
307,2000-03-28,NSE:HMT,7.6,8.1,7.45,8.0,17100.0,7.382550335570468,-6.874999999999998
308,2000-03-29,NSE:HMT,8.25,8.25,7.6,7.65,5500.0,-4.374999999999996,7.382550335570468
309,2000-03-30,NSE:HMT,7.6,7.95,7.5,7.85,5600.0,2.614379084967311,-4.374999999999996
310,2000-03-31,NSE:HMT,7.6,7.95,7.5,7.85,6800.0,0.0,2.614379084967311
311,2000-04-03,NSE:HMT,7.75,7.75,7.15,7.3,7000.0,-7.006369426751591,0.0
312,2000-04-04,NSE:HMT,7.2,7.2,6.5,6.65,19200.0,-8.904109589041088,-7.006369426751591
313,2000-04-05,NSE:HMT,7.9,7.9,7.1,7.2,8300.0,8.27067669172932,-8.904109589041088
314,2000-04-06,NSE:HMT,7.45,7.45,6.95,7.15,4700.0,-0.694444444444442,8.27067669172932
315,2000-04-07,NSE:HMT,6.25,7.75,6.25,7.5,8800.0,4.89510489510489,-0.694444444444442
316,2000-04-10,NSE:HMT,7.7,7.7,7.1,7.4,20000.0,-1.3333333333333286,4.89510489510489
317,2000-04-11,NSE:HMT,7.05,7.25,7.0,7.2,6700.0,-2.702702702702705,-1.3333333333333286
318,2000-04-12,NSE:HMT,7.1,7.4,7.1,7.15,3700.0,-0.694444444444442,-2.702702702702705
319,2000-04-13,NSE:HMT,7.3,7.3,7.25,7.3,1000.0,2.0979020979020904,-0.694444444444442
320,2000-04-17,NSE:HMT,6.75,7.15,6.75,6.85,1600.0,-6.164383561643838,2.0979020979020904
321,2000-04-18,NSE:HMT,6.9,7.35,6.8,7.15,4500.0,4.379562043795631,-6.164383561643838
322,2000-04-19,NSE:HMT,8.35,8.35,7.0,7.0,4800.0,-2.097902097902103,4.379562043795631
323,2000-04-20,NSE:HMT,6.5,7.35,6.5,7.0,4700.0,0.0,-2.097902097902103
324,2000-04-24,NSE:HMT,6.7,7.0,6.7,6.8,2300.0,-2.85714285714286,0.0
325,2000-04-25,NSE:HMT,6.8,7.25,6.7,7.1,10800.0,4.411764705882351,-2.85714285714286
326,2000-04-26,NSE:HMT,7.1,8.55,7.1,8.2,12700.0,15.492957746478869,4.411764705882351
327,2000-04-27,NSE:HMT,7.95,8.0,7.6,7.8,3800.0,-4.8780487804877986,15.492957746478869
328,2000-04-28,NSE:HMT,6.1,7.4,6.1,7.25,2800.0,-7.05128205128205,-4.8780487804877986
329,2000-05-02,NSE:HMT,7.1,7.25,6.7,6.9,5400.0,-4.827586206896547,-7.05128205128205
330,2000-05-03,NSE:HMT,6.9,6.95,6.75,6.75,4500.0,-2.173913043478266,-4.827586206896547
331,2000-05-04,NSE:HMT,6.8,7.0,6.7,7.0,2800.0,3.7037037037037033,-2.173913043478266
332,2000-05-05,NSE:HMT,7.0,7.0,6.8,6.8,200.0,-2.85714285714286,3.7037037037037033
333,2000-05-08,NSE:HMT,6.8,7.0,6.8,6.8,2300.0,0.0,-2.85714285714286
334,2000-05-09,NSE:HMT,6.25,6.85,6.25,6.7,9600.0,-1.4705882352941124,0.0
335,2000-05-10,NSE:HMT,7.0,7.1,6.6,6.6,900.0,-1.4925373134328437,-1.4705882352941124
336,2000-05-11,NSE:HMT,6.35,6.4,6.35,6.4,900.0,-3.0303030303030196,-1.4925373134328437
337,2000-05-12,NSE:HMT,7.5,7.85,6.75,6.75,1800.0,5.468749999999995,-3.0303030303030196
338,2000-05-15,NSE:HMT,6.05,6.5,6.05,6.15,2500.0,-8.888888888888884,5.468749999999995
339,2000-05-16,NSE:HMT,6.4,7.1,6.15,6.55,6600.0,6.5040650406503975,-8.888888888888884
340,2000-05-17,NSE:HMT,7.3,7.35,6.65,6.95,4700.0,6.106870229007639,6.5040650406503975
341,2000-05-18,NSE:HMT,7.0,7.15,6.75,6.8,6200.0,-2.158273381294969,6.106870229007639
342,2000-05-19,NSE:HMT,7.2,7.2,6.85,6.85,2200.0,0.7352941176470562,-2.158273381294969
343,2000-05-22,NSE:HMT,6.85,6.85,6.6,6.6,3300.0,-3.649635036496351,0.7352941176470562
344,2000-05-23,NSE:HMT,6.05,6.8,6.05,6.3,4800.0,-4.545454545454543,-3.649635036496351
345,2000-05-24,NSE:HMT,6.85,6.85,6.65,6.65,2600.0,5.555555555555564,-4.545454545454543
346,2000-05-25,NSE:HMT,6.75,7.0,6.75,6.85,1500.0,3.0075187969924704,5.555555555555564
347,2000-05-26,NSE:HMT,6.5,6.9,6.5,6.6,3800.0,-3.649635036496351,3.0075187969924704
348,2000-05-29,NSE:HMT,6.85,6.9,6.3,6.4,1700.0,-3.0303030303030196,-3.649635036496351
349,2000-05-30,NSE:HMT,6.5,6.75,6.05,6.35,10800.0,-0.7812500000000111,-3.0303030303030196
350,2000-05-31,NSE:HMT,6.55,6.55,6.25,6.5,7000.0,2.362204724409455,-0.7812500000000111
351,2000-06-01,NSE:HMT,6.7,6.7,6.35,6.6,1200.0,1.538461538461533,2.362204724409455
352,2000-06-02,NSE:HMT,6.95,7.25,6.45,6.5,5300.0,-1.5151515151515098,1.538461538461533
353,2000-06-05,NSE:HMT,6.15,6.5,6.15,6.4,2600.0,-1.538461538461533,-1.5151515151515098
354,2000-06-06,NSE:HMT,6.2,6.95,6.2,6.3,10300.0,-1.5625000000000084,-1.538461538461533
355,2000-06-07,NSE:HMT,6.25,6.35,6.1,6.35,3500.0,0.7936507936507908,-1.5625000000000084
356,2000-06-08,NSE:HMT,5.3,6.45,5.3,6.4,4100.0,0.7874015748031609,0.7936507936507908
357,2000-06-09,NSE:HMT,6.05,6.6,6.05,6.35,4700.0,-0.7812500000000111,0.7874015748031609
358,2000-06-12,NSE:HMT,6.1,6.25,5.9,6.1,6200.0,-3.937007874015748,-0.7812500000000111
359,2000-06-13,NSE:HMT,6.15,7.2,6.0,7.0,19000.0,14.754098360655746,-3.937007874015748
360,2000-06-14,NSE:HMT,7.1,8.05,7.0,8.05,17400.0,15.00000000000001,14.754098360655746
361,2000-06-15,NSE:HMT,8.05,8.05,7.25,7.75,17500.0,-3.72670807453417,15.00000000000001
362,2000-06-16,NSE:HMT,7.45,7.45,7.2,7.35,4500.0,-5.16129032258065,-3.72670807453417
363,2000-06-19,NSE:HMT,7.0,7.5,7.0,7.3,7400.0,-0.6802721088435351,-5.16129032258065
364,2000-06-20,NSE:HMT,7.05,7.1,6.5,6.9,15700.0,-5.479452054794513,-0.6802721088435351
365,2000-06-21,NSE:HMT,7.75,8.7,7.75,7.85,5401.0,13.768115942028974,-5.479452054794513
366,2000-06-22,NSE:HMT,7.5,7.85,7.5,7.8,2800.0,-0.6369426751592334,13.768115942028974
367,2000-06-23,NSE:HMT,7.7,7.85,7.5,7.85,1800.0,0.6410256410256387,-0.6369426751592334
368,2000-06-26,NSE:HMT,7.45,7.6,7.3,7.55,2600.0,-3.821656050955412,0.6410256410256387
369,2000-06-27,NSE:HMT,7.65,7.65,7.1,7.2,4749.0,-4.635761589403969,-3.821656050955412
370,2000-06-28,NSE:HMT,7.0,7.45,7.0,7.4,426.0,2.77777777777778,-4.635761589403969
371,2000-06-29,NSE:HMT,7.15,7.7,7.1,7.7,1399.0,4.054054054054052,2.77777777777778
372,2000-06-30,NSE:HMT,6.4,7.1,6.4,7.0,8328.0,-9.090909090909092,4.054054054054052
373,2000-07-03,NSE:HMT,7.1,7.15,7.1,7.15,611.0,2.142857142857148,-9.090909090909092
374,2000-07-04,NSE:HMT,7.05,7.2,6.8,7.0,2925.0,-2.097902097902103,2.142857142857148
375,2000-07-05,NSE:HMT,7.0,8.0,7.0,7.5,23201.0,7.142857142857142,-2.097902097902103
376,2000-07-06,NSE:HMT,7.55,7.55,7.4,7.45,2400.0,-0.6666666666666643,7.142857142857142
377,2000-07-07,NSE:HMT,7.5,7.95,7.5,7.95,1833.0,6.7114093959731544,-0.6666666666666643
378,2000-07-10,NSE:HMT,8.1,8.25,7.8,7.95,3300.0,0.0,6.7114093959731544
379,2000-07-11,NSE:HMT,8.0,8.0,7.85,7.95,2299.0,0.0,0.0
380,2000-07-12,NSE:HMT,7.5,7.95,7.05,7.55,2899.0,-5.031446540880507,0.0
381,2000-07-13,NSE:HMT,7.45,7.8,7.4,7.8,1500.0,3.3112582781456954,-5.031446540880507
382,2000-07-14,NSE:HMT,8.0,8.4,7.65,7.65,6300.0,-1.9230769230769162,3.3112582781456954
383,2000-07-17,NSE:HMT,7.95,7.95,7.55,7.75,2300.0,1.3071895424836555,-1.9230769230769162
384,2000-07-18,NSE:HMT,7.5,7.7,7.2,7.25,3601.0,-6.451612903225806,1.3071895424836555
385,2000-07-19,NSE:HMT,8.6,10.9,8.6,10.7,108423.0,47.586206896551715,-6.451612903225806
386,2000-07-20,NSE:HMT,10.0,11.2,9.5,9.9,49707.0,-7.476635514018683,47.586206896551715
387,2000-07-21,NSE:HMT,9.25,9.8,8.75,9.3,18830.0,-6.060606060606057,-7.476635514018683
388,2000-07-24,NSE:HMT,8.8,9.0,7.5,7.95,18315.0,-14.516129032258068,-6.060606060606057
389,2000-07-25,NSE:HMT,8.05,8.5,7.65,7.95,32643.0,0.0,-14.516129032258068
390,2000-07-26,NSE:HMT,8.35,8.35,7.8,8.05,4120.0,1.2578616352201324,0.0
391,2000-07-27,NSE:HMT,10.8,10.8,8.3,8.3,601.0,3.105590062111801,1.2578616352201324
392,2000-07-28,NSE:HMT,8.1,8.3,8.05,8.15,3700.0,-1.8072289156626546,3.105590062111801
393,2000-07-31,NSE:HMT,7.85,8.4,7.85,8.3,1700.0,1.8404907975460165,-1.8072289156626546
394,2000-08-01,NSE:HMT,7.7,8.1,7.35,7.85,3904.0,-5.421686746987964,1.8404907975460165
395,2000-08-02,NSE:HMT,9.0,9.0,7.75,8.0,2103.0,1.9108280254777117,-5.421686746987964
396,2000-08-03,NSE:HMT,8.0,8.1,7.6,7.6,1701.0,-5.000000000000004,1.9108280254777117
397,2000-08-04,NSE:HMT,7.6,7.6,7.6,7.6,100.0,0.0,-5.000000000000004
398,2000-08-07,NSE:HMT,7.55,7.55,7.15,7.15,800.0,-5.921052631578938,0.0
399,2000-08-08,NSE:HMT,7.95,7.95,7.1,7.2,1852.0,0.6993006993006968,-5.921052631578938
400,2000-08-09,NSE:HMT,7.5,7.55,7.0,7.45,1601.0,3.4722222222222223,0.6993006993006968
401,2000-08-10,NSE:HMT,8.1,8.1,7.1,7.2,1201.0,-3.3557046979865772,3.4722222222222223
402,2000-08-11,NSE:HMT,7.3,7.45,7.3,7.45,3383.0,3.4722222222222223,-3.3557046979865772
403,2000-08-14,NSE:HMT,6.95,8.0,6.95,7.45,3700.0,0.0,3.4722222222222223
404,2000-08-16,NSE:HMT,7.25,7.25,7.25,7.25,100.0,-2.684563758389264,0.0
405,2000-08-17,NSE:HMT,7.3,8.0,7.3,8.0,600.0,10.344827586206897,-2.684563758389264
406,2000-08-18,NSE:HMT,7.45,7.6,7.25,7.25,4150.0,-9.375,10.344827586206897
407,2000-08-21,NSE:HMT,6.75,7.35,6.7,7.1,2402.0,-2.0689655172413843,-9.375
408,2000-08-22,NSE:HMT,7.1,7.45,6.85,7.25,10026.0,2.1126760563380333,-2.0689655172413843
409,2000-08-23,NSE:HMT,7.35,7.5,7.35,7.5,1699.0,3.4482758620689653,2.1126760563380333
410,2000-08-24,NSE:HMT,7.6,7.6,7.25,7.25,1000.0,-3.3333333333333335,3.4482758620689653
411,2000-08-28,NSE:HMT,7.25,7.25,7.05,7.2,3102.0,-0.6896551724137907,-3.3333333333333335
412,2000-08-29,NSE:HMT,7.95,7.95,7.0,7.1,4901.0,-1.3888888888888962,-0.6896551724137907
413,2000-08-30,NSE:HMT,7.45,7.8,7.4,7.8,4349.0,9.859154929577468,-1.3888888888888962
414,2000-08-31,NSE:HMT,7.4,7.4,7.05,7.2,3202.0,-7.692307692307689,9.859154929577468
415,2000-09-04,NSE:HMT,7.95,7.95,7.2,7.55,2608.0,4.861111111111106,-7.692307692307689
416,2000-09-05,NSE:HMT,7.1,7.5,7.1,7.35,1896.0,-2.6490066225165587,4.861111111111106
417,2000-09-06,NSE:HMT,7.65,7.75,7.4,7.65,1791.0,4.081632653061234,-2.6490066225165587
418,2000-09-07,NSE:HMT,7.65,8.5,7.05,8.0,4300.0,4.575163398692805,4.081632653061234
419,2000-09-08,NSE:HMT,7.2,7.55,7.2,7.55,2200.0,-5.625000000000002,4.575163398692805
420,2000-09-11,NSE:HMT,7.55,7.95,7.55,7.6,2200.0,0.6622516556291367,-5.625000000000002
421,2000-09-12,NSE:HMT,7.35,7.7,7.35,7.45,2600.0,-1.9736842105263088,0.6622516556291367
422,2000-09-13,NSE:HMT,7.3,7.65,7.3,7.5,600.0,0.671140939597313,-1.9736842105263088
423,2000-09-14,NSE:HMT,7.5,8.5,7.5,8.15,3152.0,8.666666666666671,0.671140939597313
424,2000-09-15,NSE:HMT,7.6,7.6,7.6,7.6,501.0,-6.74846625766872,8.666666666666671
425,2000-09-18,NSE:HMT,7.1,7.4,6.45,6.45,5200.0,-15.131578947368416,-6.74846625766872
426,2000-09-19,NSE:HMT,6.55,7.1,6.4,6.7,4700.0,3.875968992248062,-15.131578947368416
427,2000-09-20,NSE:HMT,7.6,7.6,7.0,7.15,8002.0,6.716417910447764,3.875968992248062
428,2000-09-21,NSE:HMT,7.3,7.35,7.1,7.1,6503.0,-0.6993006993007091,6.716417910447764
429,2000-09-22,NSE:HMT,7.45,7.45,6.9,6.9,400.0,-2.8169014084506943,-0.6993006993007091
430,2000-09-25,NSE:HMT,6.4,7.1,6.35,6.5,13204.0,-5.797101449275368,-2.8169014084506943
431,2000-09-26,NSE:HMT,6.75,6.75,6.1,6.25,9300.0,-3.8461538461538463,-5.797101449275368
432,2000-09-27,NSE:HMT,9.3,9.3,6.5,6.7,2603.0,7.200000000000002,-3.8461538461538463
433,2000-09-28,NSE:HMT,7.35,7.35,6.55,6.65,1601.0,-0.7462686567164152,7.200000000000002
434,2000-09-29,NSE:HMT,7.2,7.2,6.5,7.05,302.0,6.015037593984954,-0.7462686567164152
435,2000-10-03,NSE:HMT,6.95,6.95,6.25,6.55,2800.0,-7.092198581560284,6.015037593984954
436,2000-10-04,NSE:HMT,6.6,7.1,6.6,6.8,1301.0,3.816793893129771,-7.092198581560284
437,2000-10-09,NSE:HMT,6.5,6.9,6.35,6.85,900.0,0.7352941176470562,3.816793893129771
438,2000-10-10,NSE:HMT,6.75,6.75,6.5,6.65,1000.0,-2.91970802919707,0.7352941176470562
439,2000-10-11,NSE:HMT,6.5,6.95,6.5,6.5,450.0,-2.255639097744366,-2.91970802919707
440,2000-10-13,NSE:HMT,6.7,6.7,6.7,6.7,300.0,3.0769230769230793,-2.255639097744366
441,2000-10-16,NSE:HMT,6.9,6.9,6.75,6.75,1000.0,0.7462686567164152,3.0769230769230793
442,2000-10-17,NSE:HMT,6.45,6.45,6.4,6.4,1900.0,-5.18518518518518,0.7462686567164152
443,2000-10-18,NSE:HMT,6.4,6.65,6.3,6.3,800.0,-1.5625000000000084,-5.18518518518518
444,2000-10-20,NSE:HMT,6.5,6.5,6.3,6.5,2600.0,3.174603174603177,-1.5625000000000084
445,2000-10-23,NSE:HMT,6.45,6.45,6.2,6.2,800.0,-4.615384615384613,3.174603174603177
446,2000-10-24,NSE:HMT,5.5,6.3,5.5,6.3,300.0,1.6129032258064457,-4.615384615384613
447,2000-10-25,NSE:HMT,6.25,6.25,6.0,6.2,3500.0,-1.5873015873015817,1.6129032258064457
448,2000-10-26,NSE:HMT,6.25,6.45,6.25,6.45,950.0,4.032258064516129,-1.5873015873015817
449,2000-10-27,NSE:HMT,7.3,7.3,6.2,6.3,3300.0,-2.3255813953488427,4.032258064516129
450,2000-10-30,NSE:HMT,6.7,6.7,6.0,6.25,1701.0,-0.7936507936507908,-2.3255813953488427
451,2000-10-31,NSE:HMT,8.0,8.0,5.75,5.95,6590.0,-4.799999999999997,-0.7936507936507908
452,2000-11-01,NSE:HMT,7.5,7.5,6.25,6.45,1401.0,8.403361344537814,-4.799999999999997
453,2000-11-02,NSE:HMT,6.0,6.5,5.85,6.05,1704.0,-6.201550387596905,8.403361344537814
454,2000-11-03,NSE:HMT,6.25,6.65,6.2,6.2,1801.0,2.4793388429752126,-6.201550387596905
455,2000-11-06,NSE:HMT,6.25,6.25,6.25,6.25,2300.0,0.8064516129032229,2.4793388429752126
456,2000-11-07,NSE:HMT,5.75,6.3,5.75,5.95,14474.0,-4.799999999999997,0.8064516129032229
457,2000-11-08,NSE:HMT,8.0,8.0,6.0,6.25,7532.0,5.042016806722685,-4.799999999999997
458,2000-11-09,NSE:HMT,6.1,6.25,5.95,6.1,4453.0,-2.4000000000000057,5.042016806722685
459,2000-11-10,NSE:HMT,7.7,7.7,6.0,6.05,2803.0,-0.8196721311475381,-2.4000000000000057
460,2000-11-13,NSE:HMT,6.9,6.9,6.0,6.05,2332.0,0.0,-0.8196721311475381
461,2000-11-14,NSE:HMT,6.5,6.5,6.0,6.1,6178.0,0.8264462809917326,0.0
462,2000-11-15,NSE:HMT,6.9,6.9,6.1,6.1,8801.0,0.0,0.8264462809917326
463,2000-11-16,NSE:HMT,6.6,6.6,6.25,6.3,1520.0,3.2786885245901667,0.0
464,2000-11-17,NSE:HMT,6.35,6.55,6.3,6.35,3301.0,0.7936507936507908,3.2786885245901667
465,2000-11-20,NSE:HMT,6.55,6.55,6.1,6.1,1500.0,-3.937007874015748,0.7936507936507908
466,2000-11-21,NSE:HMT,6.2,6.3,6.0,6.1,3718.0,0.0,-3.937007874015748
467,2000-11-22,NSE:HMT,6.55,6.55,6.35,6.35,1000.0,4.0983606557377055,0.0
468,2000-11-23,NSE:HMT,6.6,6.65,6.6,6.6,800.0,3.937007874015748,4.0983606557377055
469,2000-11-24,NSE:HMT,6.65,6.7,6.45,6.7,4199.0,1.5151515151515234,3.937007874015748
470,2000-11-27,NSE:HMT,6.65,7.05,6.6,6.95,11050.0,3.731343283582089,1.5151515151515234
471,2000-11-28,NSE:HMT,6.95,7.5,6.95,7.35,13949.0,5.755395683453229,3.731343283582089
472,2000-11-29,NSE:HMT,8.0,8.0,7.5,7.6,21398.0,3.4013605442176873,5.755395683453229
473,2000-11-30,NSE:HMT,7.5,7.5,7.1,7.3,4934.0,-3.947368421052629,3.4013605442176873
474,2000-12-01,NSE:HMT,7.15,7.35,7.15,7.35,2150.0,0.6849315068493127,-3.947368421052629
475,2000-12-04,NSE:HMT,7.35,7.4,7.1,7.25,2922.0,-1.3605442176870701,0.6849315068493127
476,2000-12-05,NSE:HMT,7.2,7.2,6.9,7.1,5860.0,-2.0689655172413843,-1.3605442176870701
477,2000-12-06,NSE:HMT,7.2,7.35,7.05,7.05,1596.0,-0.7042253521126736,-2.0689655172413843
478,2000-12-07,NSE:HMT,7.25,7.45,7.05,7.3,3068.0,3.546099290780142,-0.7042253521126736
479,2000-12-08,NSE:HMT,7.3,7.55,7.1,7.5,6802.0,2.739726027397263,3.546099290780142
480,2000-12-11,NSE:HMT,7.1,7.55,7.1,7.4,6653.0,-1.3333333333333286,2.739726027397263
481,2000-12-12,NSE:HMT,7.5,7.5,7.1,7.3,7306.0,-1.3513513513513586,-1.3333333333333286
482,2000-12-13,NSE:HMT,7.25,8.4,7.1,8.0,30301.0,9.589041095890414,-1.3513513513513586
483,2000-12-14,NSE:HMT,8.05,8.2,7.2,7.85,16501.0,-1.8750000000000044,9.589041095890414
484,2000-12-15,NSE:HMT,7.5,7.8,7.45,7.5,4561.0,-4.458598726114645,-1.8750000000000044
485,2000-12-18,NSE:HMT,7.35,7.35,7.2,7.2,1639.0,-3.9999999999999973,-4.458598726114645
486,2000-12-19,NSE:HMT,7.3,7.5,6.6,7.0,13600.0,-2.77777777777778,-3.9999999999999973
487,2000-12-20,NSE:HMT,7.5,7.5,7.0,7.45,500.0,6.428571428571431,-2.77777777777778
488,2000-12-21,NSE:HMT,7.15,7.15,6.9,6.9,4700.0,-7.382550335570468,6.428571428571431
489,2000-12-22,NSE:HMT,8.75,8.75,6.75,6.75,3603.0,-2.173913043478266,-7.382550335570468
490,2000-12-26,NSE:HMT,7.1,7.1,6.5,6.6,5701.0,-2.2222222222222276,-2.173913043478266
491,2000-12-27,NSE:HMT,6.55,6.55,6.55,6.55,200.0,-0.7575757575757549,-2.2222222222222276
492,2000-12-28,NSE:HMT,6.75,7.1,6.6,6.65,1900.0,1.5267175572519165,-0.7575757575757549
493,2000-12-29,NSE:HMT,6.6,6.9,6.6,6.75,1955.0,1.5037593984962352,1.5267175572519165
494,2001-01-01,NSE:HMT,6.65,7.35,6.65,7.3,2610.0,8.148148148148145,1.5037593984962352
495,2001-01-02,NSE:HMT,7.0,7.2,7.0,7.15,2840.0,-2.054794520547938,8.148148148148145
496,2001-01-03,NSE:HMT,7.3,7.3,7.05,7.2,900.0,0.6993006993006968,-2.054794520547938
497,2001-01-04,NSE:HMT,7.45,7.45,7.05,7.25,1900.0,0.694444444444442,0.6993006993006968
498,2001-01-05,NSE:HMT,6.8,7.1,6.8,7.0,7050.0,-3.4482758620689653,0.694444444444442
499,2001-01-09,NSE:HMT,6.75,7.1,6.5,6.55,2600.0,-6.428571428571431,-3.4482758620689653
500,2001-01-10,NSE:HMT,6.7,6.9,6.6,6.75,2089.0,3.0534351145038197,-6.428571428571431
501,2001-01-11,NSE:HMT,6.7,6.75,6.6,6.6,1200.0,-2.2222222222222276,3.0534351145038197
502,2001-01-12,NSE:HMT,6.45,6.5,6.45,6.5,1298.0,-1.5151515151515098,-2.2222222222222276
503,2001-01-15,NSE:HMT,6.25,6.75,6.25,6.75,1500.0,3.8461538461538463,-1.5151515151515098
504,2001-01-16,NSE:HMT,6.6,6.6,6.15,6.2,4498.0,-8.148148148148145,3.8461538461538463
505,2001-01-17,NSE:HMT,6.15,6.7,6.15,6.5,2537.0,4.838709677419352,-8.148148148148145
506,2001-01-18,NSE:HMT,6.9,6.9,6.75,6.75,700.0,3.8461538461538463,4.838709677419352
507,2001-01-19,NSE:HMT,6.9,7.1,6.75,6.8,8649.0,0.740740740740738,3.8461538461538463
508,2001-01-22,NSE:HMT,6.55,6.7,6.5,6.55,2000.0,-3.6764705882352944,0.740740740740738
509,2001-01-23,NSE:HMT,6.7,6.95,6.65,6.9,5873.0,5.343511450381688,-3.6764705882352944
510,2001-01-24,NSE:HMT,6.5,6.6,6.4,6.6,2500.0,-4.347826086956532,5.343511450381688
511,2001-01-25,NSE:HMT,6.55,6.8,6.55,6.6,725.0,0.0,-4.347826086956532
512,2001-01-29,NSE:HMT,6.6,6.6,6.5,6.5,1575.0,-1.5151515151515098,0.0
513,2001-01-30,NSE:HMT,6.45,7.25,6.45,6.9,3255.0,6.153846153846159,-1.5151515151515098
514,2001-01-31,NSE:HMT,6.75,7.0,6.7,6.8,1500.0,-1.4492753623188481,6.153846153846159
515,2001-02-01,NSE:HMT,6.55,6.6,6.55,6.55,1500.0,-3.6764705882352944,-1.4492753623188481
516,2001-02-02,NSE:HMT,6.8,6.85,6.6,6.6,2800.0,0.7633587786259515,-3.6764705882352944
517,2001-02-05,NSE:HMT,6.8,7.0,6.55,6.8,6050.0,3.030303030303033,0.7633587786259515
518,2001-02-06,NSE:HMT,6.8,7.0,6.5,6.7,5067.0,-1.4705882352941124,3.030303030303033
519,2001-02-07,NSE:HMT,6.75,7.7,6.75,7.5,12402.0,11.940298507462684,-1.4705882352941124
520,2001-02-08,NSE:HMT,7.5,7.7,7.3,7.55,10540.0,0.6666666666666643,11.940298507462684
521,2001-02-09,NSE:HMT,7.85,9.0,7.85,8.7,42906.0,15.231788079470194,0.6666666666666643
522,2001-02-12,NSE:HMT,8.85,9.2,8.1,8.2,20672.0,-5.74712643678161,15.231788079470194
523,2001-02-13,NSE:HMT,8.1,8.2,7.85,7.85,16312.0,-4.268292682926825,-5.74712643678161
524,2001-02-14,NSE:HMT,7.9,8.0,7.7,7.95,5950.0,1.2738853503184782,-4.268292682926825
525,2001-02-15,NSE:HMT,7.95,8.25,7.95,8.05,12928.0,1.2578616352201324,1.2738853503184782
526,2001-02-16,NSE:HMT,8.15,8.15,7.7,7.7,6803.0,-4.347826086956528,1.2578616352201324
527,2001-02-19,NSE:HMT,7.45,7.8,7.4,7.8,501.0,1.298701298701294,-4.347826086956528
528,2001-02-20,NSE:HMT,7.35,7.7,7.0,7.15,9551.0,-8.333333333333327,1.298701298701294
529,2001-02-21,NSE:HMT,8.5,9.45,8.1,8.45,31682.0,18.181818181818166,-8.333333333333327
530,2001-02-22,NSE:HMT,8.6,9.2,8.45,8.9,42191.0,5.3254437869822615,18.181818181818166
531,2001-02-23,NSE:HMT,8.7,8.85,8.15,8.25,12461.0,-7.303370786516858,5.3254437869822615
532,2001-02-26,NSE:HMT,8.45,8.45,8.0,8.05,9620.0,-2.4242424242424154,-7.303370786516858
533,2001-02-27,NSE:HMT,7.5,8.0,7.0,7.1,22131.0,-11.801242236024857,-2.4242424242424154
534,2001-02-28,NSE:HMT,8.0,10.15,7.6,8.05,97400.0,13.38028169014086,-11.801242236024857
535,2001-03-01,NSE:HMT,8.3,8.3,8.0,8.0,6601.0,-0.6211180124223691,13.38028169014086
536,2001-03-02,NSE:HMT,8.35,8.9,8.0,8.05,15365.0,0.6250000000000089,-0.6211180124223691
537,2001-03-05,NSE:HMT,7.7,7.7,6.65,6.95,23660.0,-13.664596273291933,0.6250000000000089
538,2001-03-07,NSE:HMT,7.0,7.2,6.6,7.1,3401.0,2.158273381294956,-13.664596273291933
539,2001-03-08,NSE:HMT,6.65,6.95,6.65,6.75,2550.0,-4.929577464788728,2.158273381294956
540,2001-03-09,NSE:HMT,6.25,6.75,6.2,6.5,3899.0,-3.7037037037037033,-4.929577464788728
541,2001-03-12,NSE:HMT,6.5,6.5,5.9,6.0,5250.0,-7.6923076923076925,-3.7037037037037033
542,2001-03-13,NSE:HMT,5.25,6.0,5.0,5.6,6350.0,-6.666666666666672,-7.6923076923076925
543,2001-03-14,NSE:HMT,5.25,6.85,5.25,5.85,7005.0,4.464285714285714,-6.666666666666672
544,2001-03-15,NSE:HMT,6.45,7.0,6.2,6.45,13000.0,10.256410256410266,4.464285714285714
545,2001-03-16,NSE:HMT,6.05,6.3,6.0,6.0,3699.0,-6.976744186046514,10.256410256410266
546,2001-03-19,NSE:HMT,5.6,6.35,5.55,6.15,3150.0,2.500000000000006,-6.976744186046514
547,2001-03-20,NSE:HMT,5.95,6.1,5.5,5.75,5445.0,-6.504065040650412,2.500000000000006
548,2001-03-21,NSE:HMT,6.0,6.55,5.95,6.45,3200.0,12.173913043478263,-6.504065040650412
549,2001-03-22,NSE:HMT,6.05,6.05,5.8,5.95,4100.0,-7.751937984496124,12.173913043478263
550,2001-03-23,NSE:HMT,5.95,6.0,5.5,5.5,2451.0,-7.563025210084036,-7.751937984496124
551,2001-03-26,NSE:HMT,6.15,6.15,5.75,5.95,1200.0,8.181818181818185,-7.563025210084036
552,2001-03-27,NSE:HMT,5.9,5.9,5.7,5.75,5451.0,-3.3613445378151288,8.181818181818185
553,2001-03-28,NSE:HMT,6.0,6.0,6.0,6.0,100.0,4.3478260869565215,-3.3613445378151288
554,2001-03-29,NSE:HMT,5.65,6.0,5.6,5.7,3700.0,-4.9999999999999964,4.3478260869565215
555,2001-03-30,NSE:HMT,5.75,5.75,5.7,5.7,3500.0,0.0,-4.9999999999999964
556,2001-04-02,NSE:HMT,5.2,5.75,5.2,5.45,4300.0,-4.385964912280701,0.0
557,2001-04-03,NSE:HMT,5.25,5.45,5.15,5.25,9280.0,-3.6697247706422047,-4.385964912280701
558,2001-04-04,NSE:HMT,6.05,6.05,5.5,5.6,3091.0,6.66666666666666,-3.6697247706422047
559,2001-04-06,NSE:HMT,5.75,5.75,5.35,5.4,3976.0,-3.5714285714285587,6.66666666666666
560,2001-04-09,NSE:HMT,5.5,5.5,5.3,5.5,3775.0,1.8518518518518452,-3.5714285714285587
561,2001-04-10,NSE:HMT,5.7,5.7,5.25,5.25,7500.0,-4.545454545454546,1.8518518518518452
562,2001-04-11,NSE:HMT,5.25,5.5,5.25,5.5,1790.0,4.761904761904762,-4.545454545454546
563,2001-04-12,NSE:HMT,5.4,5.5,5.25,5.25,3122.0,-4.545454545454546,4.761904761904762
564,2001-04-16,NSE:HMT,5.25,5.35,5.25,5.35,2000.0,1.904761904761898,-4.545454545454546
565,2001-04-17,NSE:HMT,6.0,6.0,5.45,5.75,4800.0,7.4766355140186995,1.904761904761898
566,2001-04-18,NSE:HMT,5.75,6.1,5.5,5.85,7051.0,1.7391304347826024,7.4766355140186995
567,2001-04-19,NSE:HMT,5.85,5.95,5.85,5.9,1000.0,0.854700854700867,1.7391304347826024
568,2001-04-20,NSE:HMT,5.9,6.0,5.85,5.9,3470.0,0.0,0.854700854700867
569,2001-04-23,NSE:HMT,5.55,5.6,5.55,5.6,400.0,-5.084745762711876,0.0
570,2001-04-24,NSE:HMT,5.65,6.0,5.65,5.85,2450.0,4.464285714285714,-5.084745762711876
571,2001-04-25,NSE:HMT,5.6,5.85,5.5,5.85,1802.0,0.0,4.464285714285714
572,2001-04-26,NSE:HMT,6.9,6.9,5.85,5.85,1651.0,0.0,0.0
573,2001-04-27,NSE:HMT,5.8,6.0,5.5,5.55,4120.0,-5.128205128205125,0.0
574,2001-04-30,NSE:HMT,5.5,5.65,5.25,5.3,3550.0,-4.504504504504505,-5.128205128205125
575,2001-05-02,NSE:HMT,5.5,6.05,5.35,5.45,1501.0,2.8301886792452895,-4.504504504504505
576,2001-05-03,NSE:HMT,5.6,5.65,5.6,5.65,3001.0,3.6697247706422047,2.8301886792452895
577,2001-05-04,NSE:HMT,5.5,5.5,5.35,5.35,2320.0,-5.309734513274349,3.6697247706422047
578,2001-05-07,NSE:HMT,6.75,6.75,5.3,6.0,1300.0,12.149532710280381,-5.309734513274349
579,2001-05-08,NSE:HMT,5.3,5.9,5.3,5.85,1850.0,-2.500000000000006,12.149532710280381
580,2001-05-09,NSE:HMT,5.7,5.7,5.35,5.7,3265.0,-2.564102564102555,-2.500000000000006
581,2001-05-10,NSE:HMT,5.35,5.45,5.35,5.45,1700.0,-4.385964912280701,-2.564102564102555
582,2001-05-11,NSE:HMT,5.3,5.4,5.3,5.3,1900.0,-2.752293577981658,-4.385964912280701
583,2001-05-14,NSE:HMT,5.4,5.4,5.25,5.25,1500.0,-0.943396226415091,-2.752293577981658
584,2001-05-15,NSE:HMT,5.2,5.5,5.2,5.3,2726.0,0.952380952380949,-0.943396226415091
585,2001-05-16,NSE:HMT,5.25,5.6,5.25,5.6,202.0,5.660377358490563,0.952380952380949
586,2001-05-17,NSE:HMT,5.25,5.6,5.25,5.55,1175.0,-0.8928571428571397,5.660377358490563
587,2001-05-18,NSE:HMT,5.75,5.75,5.5,5.55,1225.0,0.0,-0.8928571428571397
588,2001-05-21,NSE:HMT,5.25,5.6,5.25,5.5,1952.0,-0.9009009009008978,0.0
589,2001-05-22,NSE:HMT,5.6,6.45,5.6,5.9,5902.0,7.27272727272728,-0.9009009009008978
590,2001-05-23,NSE:HMT,6.3,7.0,6.1,6.55,8367.0,11.016949152542363,7.27272727272728
591,2001-05-24,NSE:HMT,5.75,6.3,5.75,6.15,2702.0,-6.106870229007626,11.016949152542363
592,2001-05-25,NSE:HMT,6.0,6.3,5.95,6.15,5714.0,0.0,-6.106870229007626
593,2001-05-28,NSE:HMT,6.6,7.0,6.2,6.7,13039.0,8.943089430894306,0.0
594,2001-05-29,NSE:HMT,6.7,6.7,6.25,6.35,9084.0,-5.223880597014934,8.943089430894306
595,2001-05-30,NSE:HMT,6.95,6.95,6.1,6.45,6105.0,1.574803149606308,-5.223880597014934
596,2001-05-31,NSE:HMT,6.9,6.9,5.65,6.3,3003.0,-2.3255813953488427,1.574803149606308
597,2001-06-01,NSE:HMT,6.9,6.9,5.85,6.25,5245.0,-0.7936507936507908,-2.3255813953488427
598,2001-06-04,NSE:HMT,6.8,6.8,5.55,5.8,2303.0,-7.200000000000002,-0.7936507936507908
599,2001-06-05,NSE:HMT,6.25,6.25,5.55,5.7,5902.0,-1.7241379310344769,-7.200000000000002
600,2001-06-06,NSE:HMT,5.75,6.15,5.75,5.95,2001.0,4.385964912280701,-1.7241379310344769
601,2001-06-07,NSE:HMT,5.8,6.05,5.8,5.85,700.0,-1.680672268907572,4.385964912280701
602,2001-06-08,NSE:HMT,6.2,6.25,5.9,6.0,547.0,2.56410256410257,-1.680672268907572
603,2001-06-11,NSE:HMT,6.0,6.0,5.8,5.85,2602.0,-2.500000000000006,2.56410256410257
604,2001-06-12,NSE:HMT,5.85,6.1,5.55,5.8,6200.0,-0.8547008547008517,-2.500000000000006
605,2001-06-13,NSE:HMT,5.65,6.1,5.65,5.9,2604.0,1.7241379310344922,-0.8547008547008517
606,2001-06-14,NSE:HMT,5.9,5.9,5.75,5.75,1099.0,-2.542372881355938,1.7241379310344922
607,2001-06-15,NSE:HMT,5.9,5.95,5.9,5.9,5002.0,2.6086956521739193,-2.542372881355938
608,2001-06-18,NSE:HMT,5.55,5.75,5.55,5.6,2440.0,-5.084745762711876,2.6086956521739193
609,2001-06-19,NSE:HMT,5.55,5.75,5.35,5.7,8186.0,1.7857142857142954,-5.084745762711876
610,2001-06-20,NSE:HMT,5.6,5.85,5.6,5.85,1979.0,2.6315789473684115,1.7857142857142954
611,2001-06-21,NSE:HMT,5.35,5.6,5.35,5.4,1601.0,-7.69230769230768,2.6315789473684115
612,2001-06-22,NSE:HMT,5.45,5.45,5.35,5.4,2401.0,0.0,-7.69230769230768
613,2001-06-25,NSE:HMT,5.45,5.5,5.35,5.5,1200.0,1.8518518518518452,0.0
614,2001-06-26,NSE:HMT,5.3,5.6,5.25,5.25,2925.0,-4.545454545454546,1.8518518518518452
615,2001-06-27,NSE:HMT,5.25,5.25,5.05,5.25,2100.0,0.0,-4.545454545454546
616,2001-06-28,NSE:HMT,5.25,5.5,5.25,5.25,3112.0,0.0,0.0
617,2001-06-29,NSE:HMT,5.15,5.45,5.05,5.35,4301.0,1.904761904761898,0.0
618,2001-07-02,NSE:HMT,5.75,5.75,5.75,5.75,5.0,7.4766355140186995,1.904761904761898
619,2001-07-04,NSE:HMT,5.3,5.4,5.0,5.4,950.0,-6.086956521739125,7.4766355140186995
620,2001-07-06,NSE:HMT,5.0,5.3,4.95,5.0,3094.0,-7.407407407407414,-6.086956521739125
621,2001-07-11,NSE:HMT,5.0,5.0,4.9,4.9,400.0,-1.9999999999999927,-7.407407407407414
622,2001-07-12,NSE:HMT,5.5,5.5,4.9,4.95,805.0,1.0204081632653024,-1.9999999999999927
623,2001-07-16,NSE:HMT,5.15,5.15,5.15,5.15,700.0,4.040404040404043,1.0204081632653024
624,2001-07-19,NSE:HMT,5.0,5.0,4.9,4.9,550.0,-4.854368932038835,4.040404040404043
625,2001-07-24,NSE:HMT,4.5,4.5,4.5,4.5,500.0,-8.163265306122454,-4.854368932038835
626,2001-07-26,NSE:HMT,4.4,5.0,4.4,5.0,900.0,11.11111111111111,-8.163265306122454
627,2001-07-27,NSE:HMT,4.15,4.15,4.05,4.05,1300.0,-19.000000000000004,11.11111111111111
628,2001-07-30,NSE:HMT,5.45,5.45,4.4,4.4,300.0,8.641975308641989,-19.000000000000004
629,2001-08-01,NSE:HMT,4.95,4.95,4.95,4.95,200.0,12.499999999999995,8.641975308641989
630,2001-08-03,NSE:HMT,4.5,4.5,4.5,4.5,100.0,-9.090909090909093,12.499999999999995
631,2001-08-09,NSE:HMT,4.4,4.45,4.4,4.45,2.0,-1.1111111111111072,-9.090909090909093
632,2001-08-10,NSE:HMT,4.5,4.5,4.35,4.35,600.0,-2.2471910112359668,-1.1111111111111072
633,2001-08-13,NSE:HMT,4.05,4.4,4.05,4.4,300.0,1.1494252873563382,-2.2471910112359668
634,2001-08-16,NSE:HMT,4.65,4.65,4.65,4.65,20.0,5.681818181818182,1.1494252873563382
635,2001-08-17,NSE:HMT,4.5,4.5,4.5,4.5,100.0,-3.2258064516129106,5.681818181818182
636,2001-08-24,NSE:HMT,4.25,4.25,4.25,4.25,100.0,-5.555555555555555,-3.2258064516129106
637,2001-08-28,NSE:HMT,4.1,4.1,4.1,4.1,300.0,-3.5294117647058907,-5.555555555555555
638,2001-08-29,NSE:HMT,4.1,4.1,4.1,4.1,200.0,0.0,-3.5294117647058907
639,2001-08-31,NSE:HMT,4.2,4.4,4.15,4.4,1600.0,7.3170731707317245,0.0
640,2001-09-03,NSE:HMT,4.3,4.3,4.1,4.1,650.0,-6.818181818181834,7.3170731707317245
641,2001-09-10,NSE:HMT,4.1,4.1,4.1,4.1,400.0,0.0,-6.818181818181834
642,2001-09-11,NSE:HMT,4.05,4.05,4.05,4.05,600.0,-1.219512195121947,0.0
643,2001-09-12,NSE:HMT,4.9,4.9,4.5,4.5,4.0,11.111111111111116,-1.219512195121947
644,2001-09-14,NSE:HMT,4.0,4.0,3.5,3.5,600.0,-22.22222222222222,11.111111111111116
645,2001-09-17,NSE:HMT,3.6,3.95,3.6,3.6,900.0,2.85714285714286,-22.22222222222222
646,2001-09-19,NSE:HMT,3.75,4.0,3.75,4.0,450.0,11.111111111111107,2.85714285714286
647,2001-09-21,NSE:HMT,4.0,4.0,4.0,4.0,100.0,0.0,11.111111111111107
648,2001-09-24,NSE:HMT,3.9,4.0,3.9,4.0,1050.0,0.0,0.0
649,2001-09-25,NSE:HMT,3.65,3.65,3.65,3.65,500.0,-8.750000000000002,0.0
650,2001-09-26,NSE:HMT,4.0,4.0,3.55,3.65,800.0,0.0,-8.750000000000002
651,2001-09-28,NSE:HMT,4.0,4.0,4.0,4.0,2000.0,9.589041095890414,0.0
652,2001-10-01,NSE:HMT,3.6,5.0,3.6,4.95,208.0,23.750000000000004,9.589041095890414
653,2001-10-03,NSE:HMT,4.0,4.0,3.8,4.0,152.0,-19.191919191919197,23.750000000000004
654,2001-10-05,NSE:HMT,4.5,4.6,4.5,4.6,600.0,14.999999999999991,-19.191919191919197
655,2001-10-08,NSE:HMT,4.0,4.0,4.0,4.0,500.0,-13.04347826086956,14.999999999999991
656,2001-10-09,NSE:HMT,4.35,4.35,4.25,4.3,320.0,7.499999999999996,-13.04347826086956
657,2001-10-10,NSE:HMT,3.75,4.0,3.75,3.85,900.0,-10.465116279069761,7.499999999999996
658,2001-10-11,NSE:HMT,4.6,4.65,4.6,4.65,110.0,20.779220779220786,-10.465116279069761
659,2001-10-12,NSE:HMT,4.35,4.35,4.15,4.15,300.0,-10.75268817204301,20.779220779220786
660,2001-10-15,NSE:HMT,4.4,4.4,4.4,4.4,5.0,6.024096385542168,-10.75268817204301
661,2001-10-16,NSE:HMT,4.4,4.5,4.4,4.5,1400.0,2.2727272727272645,6.024096385542168
662,2001-10-17,NSE:HMT,5.3,5.3,4.5,4.5,504.0,0.0,2.2727272727272645
663,2001-10-18,NSE:HMT,4.35,4.5,4.3,4.5,501.0,0.0,0.0
664,2001-10-19,NSE:HMT,7.0,7.0,4.75,4.95,1667.0,10.000000000000004,0.0
665,2001-10-22,NSE:HMT,4.9,4.9,4.5,4.8,799.0,-3.0303030303030374,10.000000000000004
666,2001-10-23,NSE:HMT,4.9,4.9,4.65,4.65,106.0,-3.124999999999989,-3.0303030303030374
667,2001-10-24,NSE:HMT,4.75,5.05,4.75,5.05,450.0,8.602150537634397,-3.124999999999989
668,2001-10-25,NSE:HMT,5.1,5.1,5.1,5.1,250.0,0.9900990099009866,8.602150537634397
669,2001-10-30,NSE:HMT,5.25,5.25,4.75,5.2,7.0,1.960784313725501,0.9900990099009866
670,2001-10-31,NSE:HMT,5.0,5.15,4.9,4.9,2300.0,-5.769230769230766,1.960784313725501
671,2001-11-01,NSE:HMT,4.85,5.55,4.85,5.55,700.0,13.265306122448967,-5.769230769230766
672,2001-11-02,NSE:HMT,4.6,4.65,4.6,4.6,1100.0,-17.117117117117118,13.265306122448967
673,2001-11-05,NSE:HMT,4.7,4.7,4.5,4.5,300.0,-2.173913043478253,-17.117117117117118
674,2001-11-06,NSE:HMT,4.5,4.5,4.5,4.5,500.0,0.0,-2.173913043478253
675,2001-11-07,NSE:HMT,5.4,5.4,4.7,4.7,800.0,4.444444444444448,0.0
676,2001-11-08,NSE:HMT,4.2,4.2,4.2,4.2,1000.0,-10.638297872340425,4.444444444444448
677,2001-11-09,NSE:HMT,5.2,5.2,4.35,5.0,52.0,19.047619047619044,-10.638297872340425
678,2001-11-12,NSE:HMT,4.6,4.6,4.6,4.6,500.0,-8.000000000000007,19.047619047619044
679,2001-11-19,NSE:HMT,5.4,5.4,4.75,4.75,2550.0,3.2608695652173996,-8.000000000000007
680,2001-11-20,NSE:HMT,5.3,5.3,5.0,5.0,600.0,5.263157894736842,3.2608695652173996
681,2001-11-21,NSE:HMT,4.6,4.7,4.25,4.55,7045.0,-9.000000000000004,5.263157894736842
682,2001-11-22,NSE:HMT,4.35,5.0,4.35,5.0,400.0,9.890109890109894,-9.000000000000004
683,2001-11-23,NSE:HMT,4.35,4.75,4.25,4.65,9706.0,-6.999999999999992,9.890109890109894
684,2001-11-27,NSE:HMT,5.7,7.0,5.3,6.5,5252.0,39.78494623655913,-6.999999999999992
685,2001-11-28,NSE:HMT,5.4,5.95,5.05,5.6,10313.0,-13.846153846153852,39.78494623655913
686,2001-11-29,NSE:HMT,5.4,5.4,5.25,5.25,300.0,-6.249999999999994,-13.846153846153852
687,2001-12-04,NSE:HMT,5.25,5.25,5.25,5.25,200.0,0.0,-6.249999999999994
688,2001-12-05,NSE:HMT,5.15,5.4,5.15,5.4,1300.0,2.857142857142864,0.0
689,2001-12-06,NSE:HMT,5.4,5.4,5.25,5.25,2400.0,-2.7777777777777843,2.857142857142864
690,2001-12-11,NSE:HMT,5.75,5.75,5.3,5.3,1600.0,0.952380952380949,-2.7777777777777843
691,2001-12-12,NSE:HMT,5.75,5.75,5.75,5.75,50.0,8.490566037735853,0.952380952380949
692,2001-12-13,NSE:HMT,5.1,5.1,5.1,5.1,700.0,-11.304347826086962,8.490566037735853
693,2001-12-19,NSE:HMT,4.65,4.65,4.65,4.65,100.0,-8.823529411764692,-11.304347826086962
694,2001-12-21,NSE:HMT,4.6,4.6,4.3,4.3,300.0,-7.526881720430119,-8.823529411764692
695,2001-12-27,NSE:HMT,4.35,4.35,4.35,4.35,1000.0,1.1627906976744147,-7.526881720430119
696,2001-12-28,NSE:HMT,4.75,5.1,4.75,5.1,1700.0,17.24137931034483,1.1627906976744147
697,2001-12-31,NSE:HMT,5.15,5.15,5.15,5.15,100.0,0.9803921568627592,17.24137931034483
698,2002-01-01,NSE:HMT,5.2,5.2,4.8,4.8,100.0,-6.796116504854378,0.9803921568627592
699,2002-01-02,NSE:HMT,4.6,4.85,4.55,4.55,1201.0,-5.208333333333334,-6.796116504854378
700,2002-01-03,NSE:HMT,4.95,4.95,4.7,4.7,549.0,3.2967032967033045,-5.208333333333334
701,2002-01-04,NSE:HMT,4.8,4.8,4.7,4.7,425.0,0.0,3.2967032967033045
702,2002-01-07,NSE:HMT,4.65,5.0,4.65,4.8,4876.0,2.1276595744680775,0.0
703,2002-01-08,NSE:HMT,5.1,5.1,4.85,5.0,1004.0,4.1666666666666705,2.1276595744680775
704,2002-01-09,NSE:HMT,5.25,5.25,4.4,4.45,903.0,-10.999999999999996,4.1666666666666705
705,2002-01-10,NSE:HMT,4.5,4.5,4.5,4.5,93.0,1.1235955056179736,-10.999999999999996
706,2002-01-11,NSE:HMT,4.5,4.7,4.4,4.4,1600.0,-2.2222222222222143,1.1235955056179736
707,2002-01-14,NSE:HMT,4.35,4.75,4.35,4.65,2925.0,5.681818181818182,-2.2222222222222143
708,2002-01-15,NSE:HMT,5.0,5.0,4.85,4.95,1300.0,6.4516129032258025,5.681818181818182
709,2002-01-16,NSE:HMT,4.65,4.7,4.6,4.7,1400.0,-5.05050505050505,6.4516129032258025
710,2002-01-17,NSE:HMT,5.0,5.0,4.55,4.65,900.0,-1.0638297872340388,-5.05050505050505
711,2002-01-18,NSE:HMT,5.05,5.05,5.05,5.05,2437.0,8.602150537634397,-1.0638297872340388
712,2002-01-21,NSE:HMT,5.45,5.45,5.45,5.45,1049.0,7.920792079207928,8.602150537634397
713,2002-01-22,NSE:HMT,5.7,5.7,5.7,5.7,5900.0,4.587155963302751,7.920792079207928
714,2002-01-23,NSE:HMT,5.95,5.95,5.7,5.75,26429.0,0.8771929824561372,4.587155963302751
715,2002-01-24,NSE:HMT,5.8,5.8,5.7,5.7,6918.0,-0.8695652173913012,0.8771929824561372
716,2002-01-25,NSE:HMT,5.85,5.95,5.6,5.75,7000.0,0.8771929824561372,-0.8695652173913012
717,2002-01-28,NSE:HMT,5.6,5.8,5.6,5.65,1135.0,-1.7391304347826024,0.8771929824561372
718,2002-01-29,NSE:HMT,5.6,5.6,5.45,5.45,1026.0,-3.5398230088495604,-1.7391304347826024
719,2002-01-30,NSE:HMT,5.3,5.3,5.3,5.3,300.0,-2.752293577981658,-3.5398230088495604
720,2002-01-31,NSE:HMT,5.4,5.55,5.4,5.4,1100.0,1.8867924528301987,-2.752293577981658
721,2002-02-01,NSE:HMT,5.5,5.65,5.45,5.65,2322.0,4.62962962962963,1.8867924528301987
722,2002-02-04,NSE:HMT,5.7,5.75,5.55,5.55,4900.0,-1.7699115044247882,4.62962962962963
723,2002-02-05,NSE:HMT,5.55,5.6,5.4,5.45,1886.0,-1.8018018018017956,-1.7699115044247882
724,2002-02-06,NSE:HMT,5.55,5.7,5.55,5.7,1361.0,4.587155963302751,-1.8018018018017956
725,2002-02-07,NSE:HMT,5.9,5.9,5.65,5.8,21577.0,1.7543859649122744,4.587155963302751
726,2002-02-08,NSE:HMT,6.0,6.05,5.85,5.95,10569.0,2.5862068965517304,1.7543859649122744
727,2002-02-11,NSE:HMT,6.0,6.45,6.0,6.4,18469.0,7.563025210084036,2.5862068965517304
728,2002-02-12,NSE:HMT,6.5,6.95,6.4,6.65,17749.0,3.90625,7.563025210084036
729,2002-02-13,NSE:HMT,6.75,7.2,6.55,7.1,35479.0,6.766917293233071,3.90625
730,2002-02-14,NSE:HMT,7.5,7.7,7.0,7.7,47483.0,8.450704225352121,6.766917293233071
731,2002-02-15,NSE:HMT,8.0,8.35,8.0,8.35,100050.0,8.441558441558435,8.450704225352121
732,2002-02-18,NSE:HMT,8.5,8.5,8.05,8.05,41528.0,-3.5928143712574725,8.441558441558435
733,2002-02-19,NSE:HMT,7.75,7.75,7.75,7.75,3850.0,-3.72670807453417,-3.5928143712574725
734,2002-02-20,NSE:HMT,7.45,7.45,7.45,7.45,2251.0,-3.8709677419354813,-3.72670807453417
735,2002-02-21,NSE:HMT,7.15,7.15,7.15,7.15,3950.0,-4.02684563758389,-3.8709677419354813
736,2002-02-22,NSE:HMT,6.9,7.0,6.9,6.9,14420.0,-3.4965034965034962,-4.02684563758389
737,2002-02-25,NSE:HMT,7.0,7.0,6.65,6.65,17813.0,-3.6231884057971016,-3.4965034965034962
738,2002-02-26,NSE:HMT,6.45,6.9,6.45,6.7,15683.0,0.7518796992481176,-3.6231884057971016
739,2002-02-27,NSE:HMT,6.5,6.75,6.45,6.45,15936.0,-3.731343283582089,0.7518796992481176
740,2002-02-28,NSE:HMT,6.75,6.75,6.2,6.3,23554.0,-2.3255813953488427,-3.731343283582089
741,2002-03-01,NSE:HMT,6.35,6.35,6.05,6.1,6110.0,-3.174603174603177,-2.3255813953488427
742,2002-03-04,NSE:HMT,6.1,6.2,5.9,5.9,5610.0,-3.2786885245901525,-3.174603174603177
743,2002-03-05,NSE:HMT,6.05,6.05,5.75,5.85,10060.0,-0.847457627118656,-3.2786885245901525
744,2002-03-06,NSE:HMT,6.1,6.1,6.1,6.1,4923.0,4.273504273504273,-0.847457627118656
745,2002-03-07,NSE:HMT,6.35,6.35,6.15,6.25,57991.0,2.459016393442629,4.273504273504273
746,2002-03-08,NSE:HMT,6.5,6.5,6.05,6.2,15517.0,-0.7999999999999973,2.459016393442629
747,2002-03-11,NSE:HMT,6.55,6.6,6.15,6.2,13513.0,0.0,-0.7999999999999973
748,2002-03-12,NSE:HMT,6.15,6.3,5.95,6.0,7577.0,-3.2258064516129057,0.0
749,2002-03-13,NSE:HMT,6.25,6.3,5.8,6.05,8345.0,0.8333333333333304,-3.2258064516129057
750,2002-03-14,NSE:HMT,6.2,6.2,5.8,6.0,18200.0,-0.8264462809917326,0.8333333333333304
751,2002-03-15,NSE:HMT,6.0,6.0,5.2,6.0,14249.0,0.0,-0.8264462809917326
752,2002-03-18,NSE:HMT,6.45,6.5,5.85,6.0,22700.0,0.0,0.0
753,2002-03-19,NSE:HMT,5.95,6.0,5.75,5.75,7900.0,-4.166666666666666,0.0
754,2002-03-20,NSE:HMT,6.25,6.25,5.75,5.85,5698.0,1.7391304347826024,-4.166666666666666
755,2002-03-21,NSE:HMT,6.0,6.0,5.65,5.8,5964.0,-0.8547008547008517,1.7391304347826024
756,2002-03-22,NSE:HMT,6.15,6.15,5.55,5.65,3520.0,-2.586206896551715,-0.8547008547008517
757,2002-03-26,NSE:HMT,5.4,6.1,5.4,5.9,6220.0,4.424778761061947,-2.586206896551715
758,2002-03-27,NSE:HMT,5.7,5.95,5.5,5.55,11335.0,-5.932203389830517,4.424778761061947
759,2002-03-28,NSE:HMT,5.85,6.0,5.75,5.95,1846.0,7.207207207207214,-5.932203389830517
760,2002-04-01,NSE:HMT,6.1,7.15,6.05,7.15,48666.0,20.16806722689076,7.207207207207214
761,2002-04-02,NSE:HMT,7.7,7.7,6.5,7.0,51894.0,-2.097902097902103,20.16806722689076
762,2002-04-03,NSE:HMT,7.1,7.25,6.75,6.95,60059.0,-0.7142857142857117,-2.097902097902103
763,2002-04-04,NSE:HMT,7.2,7.5,6.9,7.25,50535.0,4.316546762589925,-0.7142857142857117
764,2002-04-05,NSE:HMT,7.15,8.7,7.15,8.7,105459.0,19.99999999999999,4.316546762589925
765,2002-04-08,NSE:HMT,9.75,10.2,9.1,9.75,208020.0,12.068965517241388,19.99999999999999
766,2002-04-09,NSE:HMT,10.5,10.5,9.3,9.75,80179.0,0.0,12.068965517241388
767,2002-04-10,NSE:HMT,9.5,9.95,9.0,9.05,53370.0,-7.179487179487172,0.0
768,2002-04-11,NSE:HMT,8.65,9.3,8.55,8.8,38680.0,-2.7624309392265194,-7.179487179487172
769,2002-04-12,NSE:HMT,8.55,9.2,8.5,8.9,23291.0,1.1363636363636322,-2.7624309392265194
770,2002-04-15,NSE:HMT,8.7,9.0,8.05,8.15,31451.0,-8.426966292134832,1.1363636363636322
771,2002-04-16,NSE:HMT,8.2,8.65,8.0,8.05,20139.0,-1.2269938650306704,-8.426966292134832
772,2002-04-17,NSE:HMT,8.0,8.4,8.0,8.15,9260.0,1.242236024844716,-1.2269938650306704
773,2002-04-18,NSE:HMT,7.85,8.25,7.8,8.05,16107.0,-1.2269938650306704,1.242236024844716
774,2002-04-19,NSE:HMT,8.0,8.15,7.75,7.9,19308.0,-1.863354037267085,-1.2269938650306704
775,2002-04-22,NSE:HMT,7.6,7.75,6.35,7.65,11050.0,-3.164556962025316,-1.863354037267085
776,2002-04-23,NSE:HMT,7.65,7.95,7.65,7.75,4060.0,1.3071895424836555,-3.164556962025316
777,2002-04-24,NSE:HMT,8.35,8.35,7.85,7.85,3022.0,1.2903225806451568,1.3071895424836555
778,2002-04-25,NSE:HMT,7.55,8.3,7.55,7.8,9507.0,-0.6369426751592334,1.2903225806451568
779,2002-04-26,NSE:HMT,7.55,7.95,7.55,7.85,6638.0,0.6410256410256387,-0.6369426751592334
780,2002-04-29,NSE:HMT,8.4,8.5,7.85,8.45,13499.0,7.643312101910824,0.6410256410256387
781,2002-04-30,NSE:HMT,8.75,9.0,8.0,8.2,15569.0,-2.9585798816568047,7.643312101910824
782,2002-05-02,NSE:HMT,8.4,8.4,8.1,8.1,6950.0,-1.219512195121947,-2.9585798816568047
783,2002-05-03,NSE:HMT,8.0,8.35,7.8,7.85,11667.0,-3.08641975308642,-1.219512195121947
784,2002-05-06,NSE:HMT,7.75,8.0,7.7,7.95,10919.0,1.2738853503184782,-3.08641975308642
785,2002-05-07,NSE:HMT,8.7,8.7,7.4,8.05,6740.0,1.2578616352201324,1.2738853503184782
786,2002-05-08,NSE:HMT,8.0,8.15,7.7,7.95,11775.0,-1.242236024844727,1.2578616352201324
787,2002-05-09,NSE:HMT,8.0,8.6,7.9,8.5,18504.0,6.9182389937106885,-1.242236024844727
788,2002-05-10,NSE:HMT,9.0,10.2,8.6,10.2,191371.0,19.999999999999993,6.9182389937106885
789,2002-05-13,NSE:HMT,10.5,12.25,10.5,12.25,255597.0,20.098039215686285,19.999999999999993
790,2002-05-14,NSE:HMT,12.7,13.9,12.7,13.0,378268.0,6.122448979591836,20.098039215686285
791,2002-05-15,NSE:HMT,13.0,15.6,11.6,14.4,664501.0,10.769230769230772,6.122448979591836
792,2002-05-16,NSE:HMT,14.5,15.35,13.5,14.05,318508.0,-2.430555555555553,10.769230769230772
793,2002-05-17,NSE:HMT,14.4,14.75,13.15,13.55,165334.0,-3.558718861209964,-2.430555555555553
794,2002-05-20,NSE:HMT,14.75,14.75,13.15,13.95,196522.0,2.9520295202951923,-3.558718861209964
795,2002-05-21,NSE:HMT,13.9,13.95,11.8,12.0,123334.0,-13.97849462365591,2.9520295202951923
796,2002-05-22,NSE:HMT,11.95,13.4,11.25,12.95,110913.0,7.916666666666661,-13.97849462365591
797,2002-05-23,NSE:HMT,13.0,13.8,12.85,13.1,85885.0,1.158301158301161,7.916666666666661
798,2002-05-24,NSE:HMT,13.55,15.75,13.55,15.75,306024.0,20.229007633587788,1.158301158301161
799,2002-05-27,NSE:HMT,16.5,18.9,15.8,18.9,393538.0,19.99999999999999,20.229007633587788
800,2002-05-28,NSE:HMT,19.6,22.6,19.6,19.950001,916631.0,5.555560846560857,19.99999999999999
801,2002-05-29,NSE:HMT,20.5,23.950001,20.0,23.950001,511597.0,20.050124308264444,5.555560846560857
802,2002-05-30,NSE:HMT,25.450001,28.75,24.799999,28.15,1334807.0,17.53652953918456,20.050124308264444
803,2002-05-31,NSE:HMT,29.450001,31.4,27.5,28.15,1651407.0,0.0,17.53652953918456
804,2002-06-03,NSE:HMT,28.0,30.0,28.0,28.700001,566094.0,1.9538223801065784,0.0
805,2002-06-04,NSE:HMT,29.1,31.700001,28.5,29.25,803219.0,1.9163727555270806,1.9538223801065784
806,2002-06-05,NSE:HMT,29.950001,31.299999,27.15,27.549999,598930.0,-5.811969230769232,1.9163727555270806
807,2002-06-06,NSE:HMT,28.0,28.4,23.15,23.75,404416.0,-13.793100319168794,-5.811969230769232
808,2002-06-07,NSE:HMT,24.0,25.5,22.299999,22.950001,316033.0,-3.368416842105262,-13.793100319168794
809,2002-06-10,NSE:HMT,25.6,25.6,23.049999,23.35,183088.0,1.7429149567357365,-3.368416842105262
810,2002-06-11,NSE:HMT,23.299999,24.299999,22.5,22.75,137004.0,-2.569593147751612,1.7429149567357365
811,2002-06-12,NSE:HMT,25.6,25.6,22.1,22.35,109757.0,-1.758241758241752,-2.569593147751612
812,2002-06-13,NSE:HMT,24.4,24.85,21.5,23.15,371132.0,3.579418344519002,-1.758241758241752
813,2002-06-14,NSE:HMT,23.75,23.799999,22.1,22.65,86831.0,-2.1598272138228944,3.579418344519002
814,2002-06-17,NSE:HMT,23.5,23.5,22.15,22.549999,56643.0,-0.4415055187637921,-2.1598272138228944
815,2002-06-18,NSE:HMT,22.35,23.0,20.25,20.549999,86621.0,-8.869179994198669,-0.4415055187637921
816,2002-06-19,NSE:HMT,20.9,21.65,19.549999,19.700001,73302.0,-4.136243510279487,-8.869179994198669
817,2002-06-20,NSE:HMT,20.700001,20.700001,19.15,19.65,67958.0,-0.2538121698572591,-4.136243510279487
818,2002-06-21,NSE:HMT,19.5,21.0,19.25,19.6,44290.0,-0.2544529262086369,-0.2538121698572591
819,2002-06-24,NSE:HMT,19.5,20.1,17.950001,18.25,50058.0,-6.887755102040822,-0.2544529262086369
820,2002-06-25,NSE:HMT,18.25,21.9,18.1,21.9,314497.0,19.999999999999993,-6.887755102040822
821,2002-06-26,NSE:HMT,23.5,23.9,20.549999,21.0,454791.0,-4.109589041095884,19.999999999999993
822,2002-06-27,NSE:HMT,25.0,25.0,21.5,21.950001,187327.0,4.523814285714288,-4.109589041095884
823,2002-06-28,NSE:HMT,22.299999,22.5,21.0,21.200001,78040.0,-3.416856336361898,4.523814285714288
824,2002-07-01,NSE:HMT,21.5,22.6,21.5,22.200001,102043.0,4.716980909576372,-3.416856336361898
825,2002-07-02,NSE:HMT,23.450001,26.65,23.15,26.65,679350.0,20.04503963761082,4.716980909576372
826,2002-07-03,NSE:HMT,28.450001,32.0,28.1,32.0,1191554.0,20.0750469043152,20.04503963761082
827,2002-07-04,NSE:HMT,34.150002,38.400002,34.150002,35.150002,2465696.0,9.843756250000002,20.0750469043152
828,2002-07-05,NSE:HMT,35.849998,35.849998,32.299999,32.700001,552108.0,-6.970130471116333,9.843756250000002
829,2002-07-08,NSE:HMT,33.75,33.75,31.549999,31.85,235049.0,-2.5993913578167747,-6.970130471116333
830,2002-07-09,NSE:HMT,31.799999,35.5,31.049999,33.299999,830817.0,4.55258712715855,-2.5993913578167747
831,2002-07-10,NSE:HMT,34.450001,34.450001,32.150002,32.549999,186274.0,-2.2522523198874573,4.55258712715855
832,2002-07-11,NSE:HMT,33.0,33.400002,29.1,30.1,175422.0,-7.526878879474,-2.2522523198874573
833,2002-07-12,NSE:HMT,31.4,31.4,30.299999,30.799999,137014.0,2.325578073089695,-7.526878879474
834,2002-07-15,NSE:HMT,31.65,31.9,27.200001,28.35,124907.0,-7.954542466056568,2.325578073089695
835,2002-07-16,NSE:HMT,29.200001,30.35,27.4,28.299999,162480.0,-0.17637037037037648,-7.954542466056568
836,2002-07-17,NSE:HMT,28.9,30.4,27.65,28.200001,149640.0,-0.35334983580741247,-0.17637037037037648
837,2002-07-18,NSE:HMT,28.85,30.4,28.700001,29.6,197613.0,4.964535284945561,-0.35334983580741247
838,2002-07-19,NSE:HMT,30.4,34.25,29.200001,32.599998,1010236.0,10.13512837837837,4.964535284945561
839,2002-07-22,NSE:HMT,32.599998,32.599998,29.15,29.6,239225.0,-9.202448417328117,10.13512837837837
840,2002-07-23,NSE:HMT,29.0,30.549999,29.0,29.75,139352.0,0.5067567567567519,-9.202448417328117
841,2002-07-24,NSE:HMT,29.75,30.299999,28.25,28.700001,119611.0,-3.5294084033613435,0.5067567567567519
842,2002-07-25,NSE:HMT,29.4,30.25,28.0,28.15,133311.0,-1.9163797241679599,-3.5294084033613435
843,2002-07-26,NSE:HMT,28.1,28.450001,25.25,25.700001,99886.0,-8.703371225577259,-1.9163797241679599
844,2002-07-29,NSE:HMT,26.1,26.450001,20.799999,23.0,244587.0,-10.50584005813852,-8.703371225577259
845,2002-07-30,NSE:HMT,24.0,25.0,22.5,23.0,139615.0,0.0,-10.50584005813852
846,2002-07-31,NSE:HMT,22.0,23.200001,21.15,22.75,111764.0,-1.0869565217391304,0.0
847,2002-08-01,NSE:HMT,24.0,25.25,23.25,24.15,136754.0,6.153846153846148,-1.0869565217391304
848,2002-08-02,NSE:HMT,23.299999,24.0,22.9,23.4,63084.0,-3.1055900621118013,6.153846153846148
849,2002-08-05,NSE:HMT,24.4,27.5,24.4,26.049999,224323.0,11.324782051282057,-3.1055900621118013
850,2002-08-06,NSE:HMT,25.9,28.5,25.1,27.200001,272184.0,4.414595179063157,11.324782051282057
851,2002-08-07,NSE:HMT,28.450001,28.5,27.5,27.700001,127560.0,1.8382352265354693,4.414595179063157
852,2002-08-08,NSE:HMT,28.0,28.4,25.200001,25.85,70023.0,-6.6787037300106915,1.8382352265354693
853,2002-08-09,NSE:HMT,26.0,26.0,24.549999,25.700001,83525.0,-0.5802669245648011,-6.6787037300106915
854,2002-08-12,NSE:HMT,27.15,27.15,25.0,25.5,38530.0,-0.7782139775014029,-0.5802669245648011
855,2002-08-13,NSE:HMT,25.6,26.35,25.1,25.35,42036.0,-0.5882352941176415,-0.7782139775014029
856,2002-08-14,NSE:HMT,25.9,25.9,24.950001,25.049999,32055.0,-1.1834358974359043,-0.5882352941176415
857,2002-08-16,NSE:HMT,25.5,25.549999,24.0,24.15,32009.0,-3.5928105226670914,-1.1834358974359043
858,2002-08-19,NSE:HMT,24.25,25.0,24.25,24.549999,45639.0,1.6563105590062157,-3.5928105226670914
859,2002-08-20,NSE:HMT,24.450001,25.0,24.25,24.6,18467.0,0.2036700693959366,1.6563105590062157
860,2002-08-21,NSE:HMT,24.299999,26.65,24.25,25.75,115405.0,4.6747967479674735,0.2036700693959366
861,2002-08-22,NSE:HMT,26.15,26.450001,25.0,25.200001,17834.0,-2.1359184466019405,4.6747967479674735
862,2002-08-23,NSE:HMT,25.450001,25.450001,24.200001,24.299999,18507.0,-3.5714363662128448,-2.1359184466019405
863,2002-08-26,NSE:HMT,24.700001,25.450001,24.049999,24.35,31897.0,0.20576544056648619,-3.5714363662128448
864,2002-08-27,NSE:HMT,25.25,25.25,23.4,23.6,28590.0,-3.0800821355236137,0.20576544056648619
865,2002-08-28,NSE:HMT,23.25,23.9,23.200001,23.4,27231.0,-0.847457627118656,-3.0800821355236137
866,2002-08-29,NSE:HMT,23.799999,23.799999,22.1,22.25,20480.0,-4.914529914529909,-0.847457627118656
867,2002-08-30,NSE:HMT,21.0,22.450001,21.0,21.35,34821.0,-4.044943820224713,-4.914529914529909
868,2002-09-02,NSE:HMT,22.5,22.65,21.0,21.25,35109.0,-0.46838407494145856,-4.044943820224713
869,2002-09-03,NSE:HMT,21.0,21.799999,21.0,21.4,14253.0,0.7058823529411699,-0.46838407494145856
870,2002-09-04,NSE:HMT,21.0,23.4,21.0,22.6,60602.0,5.607476635514033,0.7058823529411699
871,2002-09-05,NSE:HMT,22.9,23.4,22.35,22.5,33236.0,-0.44247787610620093,5.607476635514033
872,2002-09-06,NSE:HMT,22.1,22.25,21.1,21.200001,30285.0,-5.777773333333331,-0.44247787610620093
873,2002-09-09,NSE:HMT,19.9,19.9,18.25,18.5,94307.0,-12.735853172837116,-5.777773333333331
874,2002-09-11,NSE:HMT,18.0,19.5,18.0,18.950001,39061.0,2.4324378378378397,-12.735853172837116
875,2002-09-12,NSE:HMT,19.450001,19.85,18.9,19.549999,27445.0,3.1662161917563982,2.4324378378378397
876,2002-09-13,NSE:HMT,19.1,21.950001,19.1,20.4,116579.0,4.347831424441499,3.1662161917563982
877,2002-09-16,NSE:HMT,18.5,20.0,16.75,17.049999,190796.0,-16.42157352941176,4.347831424441499
878,2002-09-17,NSE:HMT,17.0,17.9,16.1,17.1,151516.0,0.2932610142675184,-16.42157352941176
879,2002-09-18,NSE:HMT,17.200001,17.4,16.200001,16.4,39429.0,-4.093567251462005,0.2932610142675184
880,2002-09-19,NSE:HMT,16.950001,16.950001,15.55,15.8,35657.0,-3.658536585365841,-4.093567251462005
881,2002-09-20,NSE:HMT,15.7,16.4,14.75,15.65,58449.0,-0.9493670886075972,-3.658536585365841
882,2002-09-23,NSE:HMT,15.65,15.95,15.1,15.45,19540.0,-1.2779552715655018,-0.9493670886075972
883,2002-09-24,NSE:HMT,15.3,15.4,15.1,15.25,16108.0,-1.294498381877018,-1.2779552715655018
884,2002-09-25,NSE:HMT,14.8,15.3,14.8,14.9,18212.0,-2.2950819672131124,-1.294498381877018
885,2002-09-26,NSE:HMT,15.0,15.35,14.55,14.8,15685.0,-0.671140939597313,-2.2950819672131124
886,2002-09-27,NSE:HMT,14.8,15.15,14.55,14.65,11481.0,-1.0135135135135158,-0.671140939597313
887,2002-09-30,NSE:HMT,14.5,14.7,14.0,14.3,13251.0,-2.3890784982935127,-1.0135135135135158
888,2002-10-01,NSE:HMT,14.25,14.25,13.0,13.45,28006.0,-5.944055944055954,-2.3890784982935127
889,2002-10-03,NSE:HMT,14.0,15.4,14.0,14.7,63933.0,9.29368029739777,-5.944055944055954
890,2002-10-04,NSE:HMT,15.4,15.9,14.7,15.85,113726.0,7.823129251700683,9.29368029739777
891,2002-10-07,NSE:HMT,17.450001,19.049999,17.200001,19.049999,307869.0,20.18926813880126,7.823129251700683
892,2002-10-08,NSE:HMT,20.4,21.85,19.700001,20.4,700878.0,7.086619794573212,20.18926813880126
893,2002-10-09,NSE:HMT,22.0,22.0,19.299999,19.549999,224080.0,-4.1666715686274465,7.086619794573212
894,2002-10-10,NSE:HMT,20.549999,22.450001,20.299999,21.6,630954.0,10.485939155291014,-4.1666715686274465
895,2002-10-11,NSE:HMT,22.0,22.15,20.5,21.299999,447297.0,-1.3888935185185265,10.485939155291014
896,2002-10-14,NSE:HMT,21.75,21.9,18.25,19.35,186930.0,-9.1549253124378,-1.3888935185185265
897,2002-10-16,NSE:HMT,19.75,19.75,18.1,18.25,105432.0,-5.684754521963831,-9.1549253124378
898,2002-10-17,NSE:HMT,18.0,20.299999,17.5,19.799999,329021.0,8.49314520547945,-5.684754521963831
899,2002-10-18,NSE:HMT,20.700001,20.799999,19.25,19.6,257714.0,-1.0100960106109007,8.49314520547945
900,2002-10-21,NSE:HMT,19.700001,20.0,19.15,19.4,56785.0,-1.0204081632653206,-1.0100960106109007
901,2002-10-22,NSE:HMT,19.200001,19.700001,18.75,18.950001,66638.0,-2.319582474226795,-1.0204081632653206
902,2002-10-23,NSE:HMT,18.9,19.049999,18.4,18.5,39063.0,-2.374675336428744,-2.319582474226795
903,2002-10-24,NSE:HMT,18.65,19.0,18.299999,18.450001,36256.0,-0.2702648648648632,-2.374675336428744
904,2002-10-25,NSE:HMT,18.0,18.450001,17.299999,17.799999,59728.0,-3.523045879509712,-0.2702648648648632
905,2002-10-28,NSE:HMT,17.75,18.0,17.299999,17.700001,27660.0,-0.561786548414971,-3.523045879509712
906,2002-10-29,NSE:HMT,18.35,19.6,17.700001,18.950001,137780.0,7.06214649366404,-0.561786548414971
907,2002-10-30,NSE:HMT,19.200001,19.549999,18.1,18.6,112997.0,-1.8469708787878105,7.06214649366404
908,2002-10-31,NSE:HMT,18.1,18.65,18.0,18.15,34130.0,-2.4193548387096926,-1.8469708787878105
909,2002-11-01,NSE:HMT,18.450001,19.200001,18.299999,18.85,63345.0,3.8567493112947817,-2.4193548387096926
910,2002-11-04,NSE:HMT,18.799999,19.1,18.299999,18.450001,14081.0,-2.122010610079581,3.8567493112947817
911,2002-11-05,NSE:HMT,18.0,18.200001,17.200001,18.049999,27194.0,-2.1680324028166753,-2.122010610079581
912,2002-11-07,NSE:HMT,15.75,17.700001,15.75,17.35,49326.0,-3.8781110181778864,-2.1680324028166753
913,2002-11-08,NSE:HMT,17.299999,18.700001,17.299999,17.75,81004.0,2.305475504322758,-3.8781110181778864
914,2002-11-11,NSE:HMT,17.1,18.0,17.1,17.549999,22151.0,-1.1267661971831004,2.305475504322758
915,2002-11-12,NSE:HMT,17.5,18.0,17.5,17.799999,25536.0,1.4245015056696015,-1.1267661971831004
916,2002-11-13,NSE:HMT,17.85,18.5,17.700001,18.200001,99254.0,2.247202373438339,1.4245015056696015
917,2002-11-14,NSE:HMT,18.299999,19.25,17.700001,17.85,92361.0,-1.9230823119185483,2.247202373438339
918,2002-11-15,NSE:HMT,18.5,18.6,17.700001,17.950001,86570.0,0.5602296918767444,-1.9230823119185483
919,2002-11-18,NSE:HMT,18.200001,18.25,17.9,17.950001,20075.0,0.0,0.5602296918767444
920,2002-11-20,NSE:HMT,17.5,17.950001,17.5,17.6,28855.0,-1.949866186636975,0.0
921,2002-11-21,NSE:HMT,18.049999,18.049999,17.299999,17.4,22917.0,-1.1363636363636525,-1.949866186636975
922,2002-11-22,NSE:HMT,17.5,17.5,16.700001,16.950001,44047.0,-2.5862011494252775,-1.1363636363636525
923,2002-11-25,NSE:HMT,17.15,19.35,17.1,18.6,217375.0,9.73450680032409,-2.5862011494252775
924,2002-11-26,NSE:HMT,19.0,20.0,18.6,18.799999,124325.0,1.0752634408602055,9.73450680032409
925,2002-11-27,NSE:HMT,19.9,19.9,18.5,18.6,37708.0,-1.063824524671508,1.0752634408602055
926,2002-11-28,NSE:HMT,18.299999,18.85,18.0,18.200001,38495.0,-2.150532258064522,-1.063824524671508
927,2002-11-29,NSE:HMT,19.200001,19.200001,18.15,18.6,68493.0,2.1977965825386554,-2.150532258064522
928,2003-01-01,NSE:HMT,19.0,19.700001,19.0,19.450001,36261.0,4.569897849462359,2.1977965825386554
929,2003-01-02,NSE:HMT,19.799999,19.85,19.15,19.299999,37983.0,-0.7712184693460974,4.569897849462359
930,2003-01-03,NSE:HMT,20.75,20.75,19.0,19.1,32197.0,-1.0362643023971052,-0.7712184693460974
931,2003-01-06,NSE:HMT,19.1,19.299999,18.700001,18.799999,17830.0,-1.5706858638743544,-1.0362643023971052
932,2003-01-07,NSE:HMT,18.549999,18.85,18.5,18.700001,19947.0,-0.5319042836119267,-1.5706858638743544
933,2003-01-08,NSE:HMT,18.700001,19.35,18.700001,18.799999,17244.0,0.5347486345054172,-0.5319042836119267
934,2003-01-09,NSE:HMT,19.25,19.25,18.950001,19.0,14135.0,1.0638351629699572,0.5347486345054172
935,2003-01-10,NSE:HMT,19.0,19.200001,18.6,18.700001,14362.0,-1.5789421052631565,1.0638351629699572
936,2003-01-13,NSE:HMT,18.65,18.700001,17.950001,18.049999,24032.0,-3.4759463381846913,-1.5789421052631565
937,2003-01-14,NSE:HMT,18.1,18.65,17.9,18.35,31573.0,1.6620554937426961,-3.4759463381846913
938,2003-01-15,NSE:HMT,18.1,18.450001,18.049999,18.25,7642.0,-0.5449591280654028,1.6620554937426961
939,2003-01-16,NSE:HMT,18.200001,18.6,18.1,18.5,22952.0,1.36986301369863,-0.5449591280654028
940,2003-01-17,NSE:HMT,18.85,19.75,18.5,18.700001,78873.0,1.0810864864864882,1.36986301369863
941,2003-01-20,NSE:HMT,18.6,19.25,18.299999,18.4,25002.0,-1.6042833366693494,1.0810864864864882
942,2003-01-21,NSE:HMT,19.75,19.75,18.200001,18.35,41982.0,-0.27173913043476716,-1.6042833366693494
943,2003-01-22,NSE:HMT,18.6,18.75,18.049999,18.1,19682.0,-1.3623978201634876,-0.27173913043476716
944,2003-01-23,NSE:HMT,18.15,18.200001,17.700001,18.1,21085.0,0.0,-1.3623978201634876
945,2003-01-24,NSE:HMT,18.4,18.4,17.1,17.4,29861.0,-3.867403314917142,0.0
946,2003-01-27,NSE:HMT,18.700001,18.700001,16.450001,16.6,41229.0,-4.597701149425271,-3.867403314917142
947,2003-01-28,NSE:HMT,17.5,17.5,16.549999,16.9,22889.0,1.807228915662633,-4.597701149425271
948,2003-01-29,NSE:HMT,17.299999,17.299999,16.700001,16.75,26381.0,-0.8875739644970331,1.807228915662633
949,2003-01-30,NSE:HMT,17.5,17.5,16.299999,16.5,22162.0,-1.4925373134328357,-0.8875739644970331
950,2003-01-31,NSE:HMT,16.200001,16.65,16.0,16.25,12718.0,-1.5151515151515151,-1.4925373134328357
951,2003-02-03,NSE:HMT,17.5,17.5,16.35,16.700001,14276.0,2.769236923076925,-1.5151515151515151
952,2003-02-04,NSE:HMT,16.75,17.299999,16.5,16.75,48177.0,0.2993951916529806,2.769236923076925
953,2003-02-05,NSE:HMT,16.9,17.25,16.5,16.6,32701.0,-0.8955223880596931,0.2993951916529806
954,2003-02-06,NSE:HMT,16.549999,16.700001,16.1,16.4,18755.0,-1.2048192771084507,-0.8955223880596931
955,2003-02-07,NSE:HMT,16.6,16.6,16.200001,16.4,9589.0,0.0,-1.2048192771084507
956,2003-02-10,NSE:HMT,16.5,16.6,16.1,16.200001,13432.0,-1.219506097560965,0.0
957,2003-02-11,NSE:HMT,16.1,16.25,15.55,15.8,26481.0,-2.4691418228924773,-1.219506097560965
958,2003-02-12,NSE:HMT,15.3,15.85,15.3,15.6,13647.0,-1.2658227848101333,-2.4691418228924773
959,2003-02-14,NSE:HMT,15.5,15.7,14.95,15.1,11982.0,-3.2051282051282057,-1.2658227848101333
960,2003-02-17,NSE:HMT,15.3,16.4,15.0,16.200001,15868.0,7.284774834437091,-3.2051282051282057
961,2003-02-18,NSE:HMT,16.5,16.9,16.15,16.35,12759.0,0.9259196959308897,7.284774834437091
962,2003-02-19,NSE:HMT,16.35,16.4,16.1,16.200001,4131.0,-0.9174250764526061,0.9259196959308897
963,2003-02-20,NSE:HMT,16.299999,16.299999,15.55,15.9,8708.0,-1.851857910379141,-0.9174250764526061
964,2003-02-21,NSE:HMT,15.55,15.85,15.55,15.65,4229.0,-1.5723270440251573,-1.851857910379141
965,2003-02-24,NSE:HMT,15.8,16.0,15.6,15.65,11068.0,0.0,-1.5723270440251573
966,2003-02-25,NSE:HMT,15.6,16.0,15.4,15.5,6510.0,-0.9584664536741236,0.0
967,2003-02-26,NSE:HMT,15.4,15.65,15.3,15.35,2951.0,-0.9677419354838732,-0.9584664536741236
968,2003-02-27,NSE:HMT,15.35,15.9,15.25,15.65,12899.0,1.9543973941368125,-0.9677419354838732
969,2003-02-28,NSE:HMT,15.8,16.299999,15.25,15.6,22562.0,-0.31948881789137834,1.9543973941368125
970,2003-03-03,NSE:HMT,15.35,15.5,15.1,15.3,5425.0,-1.9230769230769162,-0.31948881789137834
971,2003-03-04,NSE:HMT,15.0,15.15,14.75,14.85,8049.0,-2.941176470588242,-1.9230769230769162
972,2003-03-05,NSE:HMT,14.95,14.95,14.0,14.3,15313.0,-3.7037037037036966,-2.941176470588242
973,2003-03-06,NSE:HMT,14.5,14.75,14.15,14.35,11945.0,0.3496503496503422,-3.7037037037036966
974,2003-03-07,NSE:HMT,14.05,14.25,13.0,13.3,26259.0,-7.3170731707317,0.3496503496503422
975,2003-03-10,NSE:HMT,13.35,13.55,12.9,13.0,11978.0,-2.255639097744366,-7.3170731707317
976,2003-03-11,NSE:HMT,12.95,12.95,12.5,12.75,17233.0,-1.9230769230769231,-2.255639097744366
977,2003-03-12,NSE:HMT,13.2,13.45,12.9,13.1,12205.0,2.7450980392156836,-1.9230769230769231
978,2003-03-13,NSE:HMT,12.35,13.2,12.35,12.95,15247.0,-1.145038167938934,2.7450980392156836
979,2003-03-17,NSE:HMT,13.0,14.2,12.3,13.4,53900.0,3.474903474903483,-1.145038167938934
980,2003-03-19,NSE:HMT,13.5,16.1,13.5,15.4,221821.0,14.925373134328357,3.474903474903483
981,2003-03-20,NSE:HMT,15.55,16.5,14.5,16.200001,134809.0,5.194811688311688,14.925373134328357
982,2003-03-21,NSE:HMT,16.75,16.9,16.0,16.15,75981.0,-0.30864812909580525,5.194811688311688
983,2003-03-24,NSE:HMT,15.3,16.15,15.0,15.1,26596.0,-6.501547987616093,-0.30864812909580525
984,2003-03-25,NSE:HMT,15.0,15.25,14.0,14.75,46347.0,-2.3178807947019844,-6.501547987616093
985,2003-03-26,NSE:HMT,15.2,15.2,14.55,15.0,48272.0,1.694915254237288,-2.3178807947019844
986,2003-03-27,NSE:HMT,14.75,15.1,14.65,14.75,39976.0,-1.6666666666666667,1.694915254237288
987,2003-03-28,NSE:HMT,15.45,15.5,14.0,14.2,13867.0,-3.728813559322039,-1.6666666666666667
988,2003-03-31,NSE:HMT,13.5,14.45,13.5,14.1,13035.0,-0.7042253521126736,-3.728813559322039
989,2003-04-01,NSE:HMT,13.8,14.55,13.8,14.35,6665.0,1.773049645390071,-0.7042253521126736
990,2003-04-02,NSE:HMT,14.5,14.95,14.5,14.6,6250.0,1.7421602787456445,1.773049645390071
991,2003-04-03,NSE:HMT,15.4,15.4,14.9,15.05,18996.0,3.0821917808219252,1.7421602787456445
992,2003-04-04,NSE:HMT,15.0,16.4,14.6,15.9,30380.0,5.647840531561459,3.0821917808219252
993,2003-04-07,NSE:HMT,16.5,16.700001,16.200001,16.549999,35062.0,4.088044025157228,5.647840531561459
994,2003-04-08,NSE:HMT,16.549999,16.549999,16.0,16.1,26822.0,-2.7190273546239987,4.088044025157228
995,2003-04-09,NSE:HMT,16.0,17.25,15.4,16.299999,69161.0,1.2422298136645855,-2.7190273546239987
996,2003-04-10,NSE:HMT,16.5,16.549999,15.1,15.3,38297.0,-6.134963566562176,1.2422298136645855
997,2003-04-11,NSE:HMT,15.8,16.5,15.25,15.4,26870.0,0.6535947712418277,-6.134963566562176
998,2003-04-15,NSE:HMT,15.7,15.75,15.0,15.1,22745.0,-1.9480519480519525,0.6535947712418277
999,2003-04-16,NSE:HMT,15.7,15.7,15.0,15.1,29852.0,0.0,-1.9480519480519525
1000,2003-04-17,NSE:HMT,15.15,15.15,14.65,14.75,13883.0,-2.3178807947019844,0.0
1001,2003-04-21,NSE:HMT,15.25,17.700001,14.8,17.700001,170188.0,20.00000677966102,-2.3178807947019844
1002,2003-04-22,NSE:HMT,18.299999,19.700001,17.799999,18.4,438000.0,3.9547963867346576,20.00000677966102
1003,2003-04-23,NSE:HMT,18.65,19.049999,17.65,18.200001,204911.0,-1.0869510869565124,3.9547963867346576
1004,2003-04-24,NSE:HMT,18.0,18.450001,17.1,17.25,100905.0,-5.219785427484318,-1.0869510869565124
1005,2003-04-25,NSE:HMT,17.1,17.35,16.1,16.4,48393.0,-4.9275362318840665,-5.219785427484318
1006,2003-04-28,NSE:HMT,16.35,17.75,16.25,17.1,56087.0,4.268292682926847,-4.9275362318840665
1007,2003-04-29,NSE:HMT,17.25,17.549999,16.5,16.700001,49736.0,-2.339175438596498,4.268292682926847
1008,2003-04-30,NSE:HMT,16.6,16.950001,15.8,16.0,38756.0,-4.19162250349566,-2.339175438596498
1009,2003-05-02,NSE:HMT,16.5,16.85,16.4,16.6,27075.0,3.750000000000009,-4.19162250349566
1010,2003-05-05,NSE:HMT,16.950001,17.4,16.799999,16.9,39644.0,1.807228915662633,3.750000000000009
1011,2003-05-06,NSE:HMT,17.25,17.6,16.85,17.4,89851.0,2.9585798816568047,1.807228915662633
1012,2003-05-07,NSE:HMT,17.950001,18.6,17.5,17.65,170675.0,1.4367816091954024,2.9585798816568047
1013,2003-05-08,NSE:HMT,18.0,18.25,17.4,18.0,59433.0,1.9830028328611982,1.4367816091954024
1014,2003-05-09,NSE:HMT,18.0,18.200001,17.299999,17.4,45352.0,-3.333333333333341,1.9830028328611982
1015,2003-05-12,NSE:HMT,17.9,17.9,17.25,17.299999,17159.0,-0.5747183908045914,-3.333333333333341
1016,2003-05-13,NSE:HMT,17.15,17.700001,17.15,17.200001,21517.0,-0.5780231547990227,-0.5747183908045914
1017,2003-05-14,NSE:HMT,17.700001,17.75,17.200001,17.25,14123.0,0.29069184356442584,-0.5780231547990227
1018,2003-05-15,NSE:HMT,17.25,18.15,16.5,17.799999,73771.0,3.1883999999999983,0.29069184356442584
1019,2003-05-16,NSE:HMT,18.299999,18.700001,17.799999,18.15,56428.0,1.9662978632751547,3.1883999999999983
1020,2003-05-19,NSE:HMT,18.5,18.5,17.15,17.25,31336.0,-4.958677685950406,1.9662978632751547
1021,2003-05-20,NSE:HMT,18.200001,18.200001,17.299999,17.4,25877.0,0.869565217391296,-4.958677685950406
1022,2003-05-21,NSE:HMT,17.950001,17.950001,17.35,17.450001,26119.0,0.28736206896552724,0.869565217391296
1023,2003-05-22,NSE:HMT,17.9,18.9,17.799999,18.1,156968.0,3.7249224226405553,0.28736206896552724
1024,2003-05-23,NSE:HMT,18.700001,19.65,18.450001,19.15,198788.0,5.801104972375675,3.7249224226405553
1025,2003-05-26,NSE:HMT,20.4,23.0,20.0,23.0,443708.0,20.10443864229766,5.801104972375675
1026,2003-05-27,NSE:HMT,24.799999,26.950001,21.25,21.6,506490.0,-6.086956521739125,20.10443864229766
1027,2003-05-28,NSE:HMT,22.25,22.450001,21.1,21.65,154416.0,0.23148148148146833,-6.086956521739125
1028,2003-05-29,NSE:HMT,21.4,23.200001,21.25,22.049999,193258.0,1.8475704387990817,0.23148148148146833
1029,2003-05-30,NSE:HMT,22.299999,23.1,21.85,22.5,196343.0,2.0408209542322444,1.8475704387990817
1030,2003-06-02,NSE:HMT,23.0,23.200001,21.299999,21.799999,90550.0,-3.111115555555557,2.0408209542322444
1031,2003-06-03,NSE:HMT,20.0,22.35,20.0,21.549999,45773.0,-1.14678904343069,-3.111115555555557
1032,2003-06-04,NSE:HMT,21.200001,22.4,21.200001,21.6,78822.0,0.232023212622895,-1.14678904343069
1033,2003-06-05,NSE:HMT,22.25,22.25,21.4,21.6,63627.0,0.0,0.232023212622895
1034,2003-06-06,NSE:HMT,21.35,22.4,21.1,21.200001,52503.0,-1.8518472222222273,0.0
1035,2003-06-09,NSE:HMT,21.15,21.450001,20.799999,21.0,31519.0,-0.9434008988961856,-1.8518472222222273
1036,2003-06-10,NSE:HMT,21.0,24.0,20.85,21.4,309266.0,1.904761904761898,-0.9434008988961856
1037,2003-06-11,NSE:HMT,22.4,22.450001,21.299999,21.5,96363.0,0.4672897196261749,1.904761904761898
1038,2003-06-12,NSE:HMT,22.25,22.299999,21.65,21.75,71022.0,1.1627906976744187,0.4672897196261749
1039,2003-06-13,NSE:HMT,22.200001,22.200001,21.25,21.4,41220.0,-1.609195402298857,1.1627906976744187
1040,2003-06-16,NSE:HMT,22.299999,22.299999,20.9,21.049999,44917.0,-1.63551869158878,-1.609195402298857
1041,2003-06-17,NSE:HMT,22.0,22.0,21.049999,21.299999,31747.0,1.187648512477364,-1.63551869158878
1042,2003-06-18,NSE:HMT,21.4,22.25,21.049999,21.35,59268.0,0.23474648989420957,1.187648512477364
1043,2003-06-19,NSE:HMT,21.1,21.799999,21.049999,21.15,18200.0,-0.9367681498829171,0.23474648989420957
1044,2003-06-20,NSE:HMT,21.15,21.9,20.799999,21.049999,64979.0,-0.47281796690306804,-0.9367681498829171
1045,2003-06-23,NSE:HMT,21.5,21.6,20.6,20.75,33076.0,-1.4251734643787854,-0.47281796690306804
1046,2003-06-24,NSE:HMT,21.200001,21.450001,20.5,21.25,33534.0,2.4096385542168677,-1.4251734643787854
1047,2003-06-25,NSE:HMT,21.1,23.299999,21.1,23.049999,345159.0,8.470583529411762,2.4096385542168677
1048,2003-06-26,NSE:HMT,23.450001,23.5,22.1,22.25,72997.0,-3.470711647319376,8.470583529411762
1049,2003-06-27,NSE:HMT,22.25,22.950001,22.049999,22.4,75661.0,0.6741573033707802,-3.470711647319376
1050,2003-06-30,NSE:HMT,22.9,23.4,22.549999,22.75,47647.0,1.5625000000000067,0.6741573033707802
1051,2003-07-01,NSE:HMT,22.200001,23.0,21.1,22.25,60977.0,-2.197802197802198,1.5625000000000067
1052,2003-07-02,NSE:HMT,22.0,22.9,22.0,22.35,38896.0,0.4494382022471974,-2.197802197802198
1053,2003-07-03,NSE:HMT,22.799999,23.9,22.15,22.700001,178487.0,1.5659999999999947,0.4494382022471974
1054,2003-07-04,NSE:HMT,23.299999,23.6,22.5,22.65,121098.0,-0.22026871276350052,1.5659999999999947
1055,2003-07-07,NSE:HMT,22.1,25.75,22.049999,24.9,743269.0,9.933774834437086,-0.22026871276350052
1056,2003-07-08,NSE:HMT,25.049999,26.0,24.049999,24.549999,440201.0,-1.405626506024092,9.933774834437086
1057,2003-07-09,NSE:HMT,24.35,24.35,23.0,23.4,91580.0,-4.684313836428267,-1.405626506024092
1058,2003-07-10,NSE:HMT,22.6,23.85,22.5,23.1,67080.0,-1.28205128205127,-4.684313836428267
1059,2003-07-11,NSE:HMT,23.0,23.9,22.299999,22.549999,47728.0,-2.3809567099567173,-1.28205128205127
1060,2003-07-14,NSE:HMT,23.0,23.5,22.0,22.15,54035.0,-1.7738315642497418,-2.3809567099567173
1061,2003-07-15,NSE:HMT,22.5,22.75,21.75,21.950001,34255.0,-0.9029300225733555,-1.7738315642497418
1062,2003-07-16,NSE:HMT,21.700001,22.299999,21.200001,21.549999,44777.0,-1.8223324910099121,-0.9029300225733555
1063,2003-07-17,NSE:HMT,21.5,22.0,21.1,21.35,31245.0,-0.9280696486343144,-1.8223324910099121
1064,2003-07-18,NSE:HMT,21.75,21.75,20.1,20.549999,48776.0,-3.7470772833723736,-0.9280696486343144
1065,2003-07-21,NSE:HMT,21.950001,21.950001,20.299999,20.450001,67826.0,-0.4866082961853154,-3.7470772833723736
1066,2003-07-22,NSE:HMT,19.799999,20.200001,19.4,19.65,69160.0,-3.9119851387782414,-0.4866082961853154
1067,2003-07-23,NSE:HMT,19.5,20.450001,19.200001,19.299999,28147.0,-1.7811755725190785,-3.9119851387782414
1068,2003-07-24,NSE:HMT,19.4,19.85,19.4,19.5,15625.0,1.0362746650919532,-1.7811755725190785
1069,2003-07-25,NSE:HMT,19.75,20.5,19.75,19.9,19410.0,2.051282051282044,1.0362746650919532
1070,2003-07-28,NSE:HMT,21.450001,21.450001,19.049999,19.4,21985.0,-2.512562814070352,2.051282051282044
1071,2003-07-29,NSE:HMT,19.85,19.85,19.200001,19.65,19953.0,1.288659793814433,-2.512562814070352
1072,2003-07-30,NSE:HMT,19.799999,20.25,19.450001,19.75,33309.0,0.50890585241731,1.288659793814433
1073,2003-07-31,NSE:HMT,19.6,20.75,19.200001,19.950001,75428.0,1.0126632911392421,0.50890585241731
1074,2003-08-01,NSE:HMT,20.1,21.200001,19.200001,19.299999,32650.0,-3.2581552251551296,1.0126632911392421
1075,2003-08-04,NSE:HMT,19.85,19.85,19.5,19.65,16475.0,1.8134767779003456,-3.2581552251551296
1076,2003-08-05,NSE:HMT,20.35,20.35,19.200001,19.25,21148.0,-2.035623409669204,1.8134767779003456
1077,2003-08-06,NSE:HMT,19.35,20.1,19.200001,19.35,20680.0,0.5194805194805269,-2.035623409669204
1078,2003-08-07,NSE:HMT,19.299999,23.1,19.299999,21.9,145692.0,13.178294573643395,0.5194805194805269
1079,2003-08-08,NSE:HMT,23.200001,23.450001,21.4,21.75,160205.0,-0.6849315068493086,13.178294573643395
1080,2003-08-11,NSE:HMT,22.25,23.4,20.549999,22.5,183446.0,3.4482758620689653,-0.6849315068493086
1081,2003-08-12,NSE:HMT,23.0,23.0,20.700001,22.25,66363.0,-1.1111111111111112,3.4482758620689653
1082,2003-08-13,NSE:HMT,22.1,23.0,21.799999,22.9,52725.0,2.921348314606735,-1.1111111111111112
1083,2003-08-14,NSE:HMT,23.0,23.0,21.950001,22.1,45980.0,-3.493449781659377,2.921348314606735
1084,2003-08-18,NSE:HMT,22.5,23.25,21.9,22.75,179522.0,2.941176470588229,-3.493449781659377
1085,2003-08-19,NSE:HMT,23.0,24.4,22.450001,22.549999,161240.0,-0.8791252747252761,2.941176470588229
1086,2003-08-20,NSE:HMT,23.0,23.0,21.700001,21.950001,26854.0,-2.660745129079604,-0.8791252747252761
1087,2003-08-21,NSE:HMT,21.700001,22.799999,21.700001,22.049999,39550.0,0.45557173323135325,-2.660745129079604
1088,2003-08-22,NSE:HMT,22.5,22.700001,22.0,22.1,34297.0,0.2267619150458997,0.45557173323135325
1089,2003-08-25,NSE:HMT,21.700001,22.6,21.0,21.200001,41114.0,-4.072393665158375,0.2267619150458997
1090,2003-08-26,NSE:HMT,21.200001,22.4,21.0,21.5,26982.0,1.4150895558920007,-4.072393665158375
1091,2003-08-27,NSE:HMT,22.0,22.0,21.4,21.549999,28359.0,0.23255348837209155,1.4150895558920007
1092,2003-08-28,NSE:HMT,21.4,23.35,21.299999,22.049999,109300.0,2.320185722514419,0.23255348837209155
1093,2003-08-29,NSE:HMT,22.4,23.200001,21.549999,21.950001,56398.0,-0.4535056895013889,2.320185722514419
1094,2003-09-01,NSE:HMT,22.0,22.200001,21.0,21.5,36620.0,-2.0501183576255886,-0.4535056895013889
1095,2003-09-02,NSE:HMT,21.65,21.9,20.85,21.35,40256.0,-0.6976744186046445,-2.0501183576255886
1096,2003-09-03,NSE:HMT,21.85,22.5,21.299999,21.450001,78405.0,0.4683887587821962,-0.6976744186046445
1097,2003-09-04,NSE:HMT,22.35,23.450001,21.299999,22.950001,138893.0,6.993006666992696,0.4683887587821962
1098,2003-09-05,NSE:HMT,24.799999,24.799999,22.85,23.049999,291330.0,0.4357211139119313,6.993006666992696
1099,2003-09-08,NSE:HMT,23.15,23.75,22.25,22.5,49238.0,-2.3861129017836387,0.4357211139119313
1100,2003-09-09,NSE:HMT,21.299999,22.5,21.25,21.950001,38801.0,-2.4444399999999984,-2.3861129017836387
1101,2003-09-10,NSE:HMT,22.0,22.0,21.1,21.799999,26252.0,-0.6833803788892795,-2.4444399999999984
1102,2003-09-11,NSE:HMT,21.799999,22.0,21.35,21.5,24643.0,-1.376142264960653,-0.6833803788892795
1103,2003-09-12,NSE:HMT,21.450001,21.75,21.0,21.049999,18813.0,-2.0930279069767455,-1.376142264960653
1104,2003-09-15,NSE:HMT,21.5,21.75,20.0,20.200001,28797.0,-4.037995441234935,-2.0930279069767455
1105,2003-09-16,NSE:HMT,20.1,21.4,19.6,20.049999,27932.0,-0.7425841216542545,-4.037995441234935
1106,2003-09-17,NSE:HMT,19.1,20.5,19.1,19.6,24467.0,-2.2443841518395997,-0.7425841216542545
1107,2003-09-18,NSE:HMT,19.15,19.549999,18.5,18.75,26593.0,-4.336734693877558,-2.2443841518395997
1108,2003-09-19,NSE:HMT,18.200001,18.549999,17.65,17.799999,32116.0,-5.066672000000002,-4.336734693877558
1109,2003-09-22,NSE:HMT,19.700001,19.700001,17.0,17.450001,25071.0,-1.9662810093416263,-5.066672000000002
1110,2003-09-23,NSE:HMT,17.1,17.700001,16.75,17.6,7725.0,0.8595930739488272,-1.9662810093416263
1111,2003-09-24,NSE:HMT,18.200001,20.299999,17.5,19.799999,126292.0,12.499994318181807,0.8595930739488272
1112,2003-09-25,NSE:HMT,19.5,19.700001,18.9,19.4,37824.0,-2.0201970717271305,12.499994318181807
1113,2003-09-26,NSE:HMT,19.5,19.5,18.799999,19.0,20645.0,-2.0618556701030855,-2.0201970717271305
1114,2003-09-29,NSE:HMT,17.5,19.950001,17.5,19.450001,19298.0,2.3684263157894754,-2.0618556701030855
1115,2003-09-30,NSE:HMT,20.9,20.9,19.4,19.6,20179.0,0.7712030451823684,2.3684263157894754
1116,2003-10-01,NSE:HMT,20.0,20.75,19.65,20.049999,46167.0,2.295913265306113,0.7712030451823684
1117,2003-10-03,NSE:HMT,20.5,20.85,20.049999,20.35,33572.0,1.4962644137787826,2.295913265306113
1118,2003-10-06,NSE:HMT,19.0,21.200001,19.0,20.299999,80821.0,-0.24570515970516824,1.4962644137787826
1119,2003-10-07,NSE:HMT,20.75,20.9,20.200001,20.35,29954.0,0.24631035696110992,-0.24570515970516824
1120,2003-10-08,NSE:HMT,20.4,20.9,20.0,20.049999,23391.0,-1.4742063882063967,0.24631035696110992
1121,2003-10-09,NSE:HMT,18.75,21.700001,18.75,20.65,88011.0,2.9925238400261214,-1.4742063882063967
1122,2003-10-10,NSE:HMT,20.9,21.0,20.0,20.299999,25561.0,-1.694920096852295,2.9925238400261214
1123,2003-10-13,NSE:HMT,20.200001,21.200001,19.75,19.799999,22409.0,-2.4630543085248426,-1.694920096852295
1124,2003-10-14,NSE:HMT,21.0,21.0,19.25,19.450001,29811.0,-1.7676667559427623,-2.4630543085248426
1125,2003-10-15,NSE:HMT,19.65,20.0,19.25,19.5,13310.0,0.25706425413551226,-1.7676667559427623
1126,2003-10-16,NSE:HMT,20.0,20.5,19.5,19.6,14300.0,0.5128205128205201,0.25706425413551226
1127,2003-10-17,NSE:HMT,18.0,19.85,18.0,19.450001,10823.0,-0.7653010204081688,0.5128205128205201
1128,2003-10-20,NSE:HMT,19.450001,19.700001,18.5,18.75,30476.0,-3.5989766787158533,-0.7653010204081688
1129,2003-10-21,NSE:HMT,18.75,19.1,18.35,18.799999,25024.0,0.26666133333333164,-3.5989766787158533
1130,2003-10-22,NSE:HMT,18.450001,18.450001,18.1,18.299999,19513.0,-2.659574609551841,0.26666133333333164
1131,2003-10-23,NSE:HMT,18.1,19.1,18.1,18.65,11619.0,1.9125738750040306,-2.659574609551841
1132,2003-10-24,NSE:HMT,18.549999,19.0,18.049999,18.25,13882.0,-2.144772117962459,1.9125738750040306
1133,2003-10-27,NSE:HMT,19.0,19.0,18.299999,18.549999,9566.0,1.6438301369862998,-2.144772117962459
1134,2003-10-28,NSE:HMT,18.9,18.9,18.15,18.299999,5553.0,-1.3477089675314806,1.6438301369862998
1135,2003-10-29,NSE:HMT,18.15,18.9,17.700001,18.049999,23871.0,-1.3661202932306171,-1.3477089675314806
1136,2003-10-30,NSE:HMT,18.799999,18.799999,17.75,17.950001,18877.0,-0.5540055708590309,-1.3661202932306171
1137,2003-10-31,NSE:HMT,18.0,18.200001,17.5,17.65,52212.0,-1.6713146701217552,-0.5540055708590309
1138,2003-11-03,NSE:HMT,18.25,18.25,17.75,17.75,19944.0,0.5665722379603481,-1.6713146701217552
1139,2003-11-04,NSE:HMT,17.9,18.0,17.65,17.799999,12870.0,0.28168450704225173,0.5665722379603481
1140,2003-11-05,NSE:HMT,17.950001,18.200001,17.4,17.75,27596.0,-0.2808932742074855,0.28168450704225173
1141,2003-11-06,NSE:HMT,18.049999,18.200001,17.700001,17.85,14485.0,0.5633802816901489,-0.2808932742074855
1142,2003-11-07,NSE:HMT,18.0,18.65,17.85,18.0,46089.0,0.8403361344537735,0.5633802816901489
1143,2003-11-10,NSE:HMT,19.25,19.35,18.4,19.1,35236.0,6.11111111111112,0.8403361344537735
1144,2003-11-11,NSE:HMT,19.0,20.0,19.0,19.799999,113024.0,3.664916230366483,6.11111111111112
1145,2003-11-12,NSE:HMT,21.0,23.799999,21.0,23.4,502835.0,18.181824150597173,3.664916230366483
1146,2003-11-13,NSE:HMT,24.5,26.799999,22.15,22.549999,267732.0,-3.632482905982901,18.181824150597173
1147,2003-11-14,NSE:HMT,22.6,23.049999,20.0,20.75,149832.0,-7.982257560188804,-3.632482905982901
1148,2003-11-17,NSE:HMT,22.5,22.9,21.799999,22.6,105423.0,8.915662650602417,-7.982257560188804
1149,2003-11-18,NSE:HMT,22.9,23.5,22.5,22.75,78427.0,0.6637168141592857,8.915662650602417
1150,2003-11-19,NSE:HMT,23.200001,23.200001,21.9,22.1,76177.0,-2.857142857142851,0.6637168141592857
1151,2003-11-20,NSE:HMT,22.700001,22.75,21.1,21.450001,43982.0,-2.9411719457013623,-2.857142857142851
1152,2003-11-21,NSE:HMT,21.0,22.799999,20.6,21.15,29050.0,-1.398605995402992,-2.9411719457013623
1153,2003-11-24,NSE:HMT,20.4,21.5,20.4,21.049999,26739.0,-0.47281796690306804,-1.398605995402992
1154,2003-11-25,NSE:HMT,21.35,22.6,21.35,21.6,39901.0,2.6128314780442587,-0.47281796690306804
1155,2003-11-27,NSE:HMT,22.0,22.200001,21.4,21.65,36715.0,0.23148148148146833,2.6128314780442587
1156,2003-11-28,NSE:HMT,21.299999,22.299999,21.299999,22.049999,45387.0,1.8475704387990817,0.23148148148146833
1157,2003-12-01,NSE:HMT,23.0,24.0,22.549999,23.1,157977.0,4.761909513011777,1.8475704387990817
1158,2003-12-02,NSE:HMT,23.200001,23.5,22.700001,22.950001,73806.0,-0.6493463203463251,4.761909513011777
1159,2003-12-03,NSE:HMT,22.700001,27.549999,22.35,26.85,473124.0,16.993458954533384,-0.6493463203463251
1160,2003-12-04,NSE:HMT,27.0,28.9,25.299999,26.5,434390.0,-1.3035381750465602,16.993458954533384
1161,2003-12-05,NSE:HMT,27.0,27.5,25.0,25.35,271794.0,-4.339622641509429,-1.3035381750465602
1162,2003-12-08,NSE:HMT,26.799999,27.0,25.4,26.25,134314.0,3.5502958579881603,-4.339622641509429
1163,2003-12-09,NSE:HMT,26.9,27.5,26.5,26.75,135471.0,1.9047619047619049,3.5502958579881603
1164,2003-12-10,NSE:HMT,27.299999,27.299999,26.049999,26.15,76473.0,-2.242990654205613,1.9047619047619049
1165,2003-12-11,NSE:HMT,26.5,26.5,24.549999,25.4,75958.0,-2.868068833652008,-2.242990654205613
1166,2003-12-12,NSE:HMT,24.75,26.0,24.5,25.0,58515.0,-1.5748031496062938,-2.868068833652008
1167,2003-12-15,NSE:HMT,26.5,26.5,25.049999,25.4,57304.0,1.5999999999999945,-1.5748031496062938
1168,2003-12-16,NSE:HMT,25.200001,25.5,24.4,24.799999,61390.0,-2.3622086614173186,1.5999999999999945
1169,2003-12-17,NSE:HMT,24.799999,25.15,24.299999,24.450001,57687.0,-1.4112823149710585,-2.3622086614173186
1170,2003-12-18,NSE:HMT,24.35,27.299999,24.35,26.200001,181056.0,7.157463919940126,-1.4112823149710585
1171,2003-12-19,NSE:HMT,28.5,28.5,25.799999,25.950001,130798.0,-0.9541984368626552,7.157463919940126
1172,2003-12-22,NSE:HMT,26.25,26.700001,25.75,25.950001,62210.0,0.0,-0.9541984368626552
1173,2003-12-23,NSE:HMT,26.5,26.700001,25.25,25.450001,86677.0,-1.9267821993532872,0.0
1174,2003-12-24,NSE:HMT,25.200001,26.35,25.15,25.5,54703.0,0.19645971723144404,-1.9267821993532872
1175,2003-12-26,NSE:HMT,26.4,26.4,25.4,25.9,69740.0,1.5686274509803866,0.19645971723144404
1176,2003-12-29,NSE:HMT,26.4,27.0,25.950001,26.15,153504.0,0.9652509652509652,1.5686274509803866
1177,2003-12-30,NSE:HMT,26.15,26.25,23.1,24.0,146277.0,-8.22179732313575,0.9652509652509652
1178,2003-12-31,NSE:HMT,24.0,24.450001,23.5,24.25,70785.0,1.0416666666666665,-8.22179732313575
1179,2004-01-01,NSE:HMT,24.9,24.9,24.5,24.75,43050.0,2.0618556701030926,1.0416666666666665
1180,2004-01-02,NSE:HMT,24.15,26.15,24.15,25.75,127732.0,4.040404040404041,2.0618556701030926
1181,2004-01-05,NSE:HMT,27.1,30.9,25.200001,30.299999,1043723.0,17.669899029126213,4.040404040404041
1182,2004-01-06,NSE:HMT,31.35,31.35,26.4,27.1,491848.0,-10.561053153830132,17.669899029126213
1183,2004-01-07,NSE:HMT,27.6,27.6,25.5,26.4,178586.0,-2.583025830258313,-10.561053153830132
1184,2004-01-08,NSE:HMT,27.6,27.9,26.799999,27.450001,142484.0,3.9772765151515217,-2.583025830258313
1185,2004-01-09,NSE:HMT,28.6,28.6,26.25,26.6,98059.0,-3.0965426922935224,3.9772765151515217
1186,2004-01-12,NSE:HMT,26.6,27.0,25.5,25.9,60339.0,-2.6315789473684315,-3.0965426922935224
1187,2004-01-13,NSE:HMT,26.0,26.5,25.200001,26.15,61115.0,0.9652509652509652,-2.6315789473684315
1188,2004-01-14,NSE:HMT,26.450001,28.25,26.0,26.35,133555.0,0.7648183556405462,0.9652509652509652
1189,2004-01-15,NSE:HMT,27.1,28.75,26.549999,26.9,163366.0,2.0872865275142205,0.7648183556405462
1190,2004-01-16,NSE:HMT,26.9,27.0,25.0,25.200001,68834.0,-6.319698884758358,2.0872865275142205
1191,2004-01-19,NSE:HMT,24.200001,27.0,24.1,24.799999,49065.0,-1.5873094608210556,-6.319698884758358
1192,2004-01-20,NSE:HMT,25.75,25.799999,24.25,24.35,44255.0,-1.81451216994,-1.5873094608210556
1193,2004-01-21,NSE:HMT,24.5,24.700001,20.799999,21.049999,117218.0,-13.552365503080088,-1.81451216994
1194,2004-01-22,NSE:HMT,21.0,22.200001,20.0,20.25,66927.0,-3.8004704893335135,-13.552365503080088
1195,2004-01-23,NSE:HMT,20.0,22.0,20.0,21.700001,52294.0,7.160498765432101,-3.8004704893335135
1196,2004-01-27,NSE:HMT,23.0,23.5,22.0,23.1,52936.0,6.451607997621757,7.160498765432101
1197,2004-01-28,NSE:HMT,23.6,23.799999,22.1,22.25,34907.0,-3.6796536796536854,6.451607997621757
1198,2004-01-29,NSE:HMT,22.450001,23.75,22.4,22.700001,54381.0,2.0224764044943835,-3.6796536796536854
1199,2004-01-30,NSE:HMT,23.1,23.1,21.299999,21.4,39609.0,-5.726876399697082,2.0224764044943835
1200,2004-02-03,NSE:HMT,20.200001,21.4,19.549999,19.9,52169.0,-7.009345794392524,-5.726876399697082
1201,2004-02-04,NSE:HMT,20.5,20.5,19.0,19.950001,38399.0,0.25126130653267204,-7.009345794392524
1202,2004-02-05,NSE:HMT,20.0,20.450001,19.4,19.700001,38458.0,-1.2531327692665277,0.25126130653267204
1203,2004-02-06,NSE:HMT,19.799999,20.35,19.6,19.799999,15005.0,0.507604035147,-1.2531327692665277
1204,2004-02-09,NSE:HMT,19.9,21.5,19.9,20.950001,50734.0,5.8080912024288525,0.507604035147
1205,2004-02-10,NSE:HMT,21.15,21.4,20.75,20.950001,25918.0,0.0,5.8080912024288525
1206,2004-02-11,NSE:HMT,21.299999,21.35,20.5,20.950001,25310.0,0.0,0.0
1207,2004-02-12,NSE:HMT,21.35,21.4,20.799999,21.0,26617.0,0.23865869982535887,0.0
1208,2004-02-13,NSE:HMT,21.65,22.799999,21.549999,21.85,44546.0,4.047619047619054,0.23865869982535887
1209,2004-02-16,NSE:HMT,22.9,23.700001,22.5,22.6,79426.0,3.4324942791762014,4.047619047619054
1210,2004-02-17,NSE:HMT,23.4,23.9,22.5,22.799999,78985.0,0.8849513274336206,3.4324942791762014
1211,2004-02-18,NSE:HMT,22.0,23.0,22.0,22.6,21620.0,-0.8771886349644061,0.8849513274336206
1212,2004-02-19,NSE:HMT,22.799999,22.799999,21.0,21.15,26274.0,-6.415929203539836,-0.8771886349644061
1213,2004-02-20,NSE:HMT,21.0,21.5,20.5,20.65,17120.0,-2.364066193853428,-6.415929203539836
1214,2004-02-23,NSE:HMT,20.200001,21.450001,19.85,20.0,33184.0,-3.1476997578692427,-2.364066193853428
1215,2004-02-24,NSE:HMT,19.9,20.5,19.6,20.1,20539.0,0.5000000000000071,-3.1476997578692427
1216,2004-02-25,NSE:HMT,20.4,20.4,19.6,19.9,16184.0,-0.9950248756219046,0.5000000000000071
1217,2004-02-26,NSE:HMT,20.6,21.299999,19.25,19.85,31059.0,-0.2512562814070209,-0.9950248756219046
1218,2004-02-27,NSE:HMT,20.799999,20.85,19.65,19.85,19434.0,0.0,-0.2512562814070209
1219,2004-03-01,NSE:HMT,20.299999,20.299999,19.700001,19.85,13245.0,0.0,0.0
1220,2004-03-03,NSE:HMT,20.4,20.450001,19.9,20.049999,15277.0,1.007551637279588,0.0
1221,2004-03-04,NSE:HMT,20.0,20.0,19.25,19.299999,9835.0,-3.7406485656183825,1.007551637279588
1222,2004-03-05,NSE:HMT,19.6,20.65,19.5,20.450001,43514.0,5.958559894225904,-3.7406485656183825
1223,2004-03-08,NSE:HMT,21.1,21.4,20.1,20.25,37338.0,-0.977999952176043,5.958559894225904
1224,2004-03-09,NSE:HMT,20.25,20.25,19.75,19.85,15429.0,-1.9753086419753016,-0.977999952176043
1225,2004-03-10,NSE:HMT,19.9,20.0,19.799999,19.85,14767.0,0.0,-1.9753086419753016
1226,2004-03-11,NSE:HMT,20.35,20.35,19.4,19.6,12271.0,-1.2594458438287153,0.0
1227,2004-03-12,NSE:HMT,19.700001,19.700001,19.200001,19.299999,12413.0,-1.5306173469387843,-1.2594458438287153
1228,2004-03-15,NSE:HMT,19.299999,19.6,18.0,18.5,27559.0,-4.145072753630711,-1.5306173469387843
1229,2004-03-16,NSE:HMT,18.700001,19.15,18.25,18.799999,22249.0,1.6216162162162144,-4.145072753630711
1230,2004-03-17,NSE:HMT,18.75,22.6,18.5,20.700001,67348.0,10.106394154595437,1.6216162162162144
1231,2004-03-18,NSE:HMT,20.35,20.5,18.950001,19.35,47167.0,-6.521743646292571,10.106394154595437
1232,2004-03-19,NSE:HMT,19.65,19.799999,18.35,18.700001,24985.0,-3.359167958656336,-6.521743646292571
1233,2004-03-22,NSE:HMT,18.5,18.700001,18.0,18.049999,8621.0,-3.4759463381846913,-3.359167958656336
1234,2004-03-23,NSE:HMT,18.0,18.6,17.299999,18.0,21669.0,-0.27700278542951545,-3.4759463381846913
1235,2004-03-24,NSE:HMT,18.0,18.700001,17.65,18.049999,14528.0,0.2777722222222204,-0.27700278542951545
1236,2004-03-25,NSE:HMT,18.549999,19.950001,18.1,18.35,11898.0,1.6620554937426961,0.2777722222222204
1237,2004-03-26,NSE:HMT,18.35,19.15,18.299999,18.65,15984.0,1.6348773841961695,1.6620554937426961
1238,2004-03-29,NSE:HMT,18.950001,19.700001,18.700001,19.5,15498.0,4.557640750670249,1.6348773841961695
1239,2004-03-30,NSE:HMT,19.0,20.25,19.0,19.25,34553.0,-1.282051282051282,4.557640750670249
1240,2004-03-31,NSE:HMT,19.4,19.75,18.65,19.049999,16509.0,-1.0389662337662353,-1.282051282051282
1241,2004-04-01,NSE:HMT,19.049999,19.950001,19.049999,19.799999,7248.0,3.937008080682839,-1.0389662337662353
1242,2004-04-02,NSE:HMT,20.15,20.25,19.6,20.200001,24232.0,2.020212223243045,3.937008080682839
1243,2004-04-05,NSE:HMT,20.0,20.6,19.75,20.25,23755.0,0.2475197897267415,2.020212223243045
1244,2004-04-06,NSE:HMT,19.75,20.5,19.0,19.15,21041.0,-5.432098765432106,0.2475197897267415
1245,2004-04-07,NSE:HMT,18.9,19.9,18.9,19.4,11577.0,1.3054830287206267,-5.432098765432106
1246,2004-04-08,NSE:HMT,19.5,19.549999,19.0,19.25,11404.0,-0.7731958762886525,1.3054830287206267
1247,2004-04-12,NSE:HMT,19.799999,19.799999,19.15,19.5,10413.0,1.2987012987012987,-0.7731958762886525
1248,2004-04-13,NSE:HMT,19.200001,19.549999,19.200001,19.25,7424.0,-1.282051282051282,1.2987012987012987
1249,2004-04-15,NSE:HMT,19.15,20.0,19.15,19.4,18137.0,0.7792207792207718,-1.282051282051282
1250,2004-04-16,NSE:HMT,19.5,20.5,19.5,20.200001,24683.0,4.123716494845371,0.7792207792207718
1251,2004-04-19,NSE:HMT,21.200001,22.0,20.0,20.549999,32534.0,1.7326632805612208,4.123716494845371
1252,2004-04-20,NSE:HMT,21.299999,21.299999,20.1,20.200001,17270.0,-1.7031533675500392,1.7326632805612208
1253,2004-04-21,NSE:HMT,20.5,21.299999,20.200001,21.1,27875.0,4.455440373493056,-1.7031533675500392
1254,2004-04-22,NSE:HMT,21.5,21.9,20.75,21.450001,25222.0,1.658772511848336,4.455440373493056
1255,2004-04-23,NSE:HMT,21.75,21.9,20.6,21.299999,27147.0,-0.6993099907081619,1.658772511848336
1256,2004-04-27,NSE:HMT,20.200001,20.299999,19.25,19.35,23840.0,-9.1549253124378,-0.6993099907081619
1257,2004-04-28,NSE:HMT,22.1,22.1,18.549999,19.549999,16102.0,1.0335865633074846,-9.1549253124378
1258,2004-04-29,NSE:HMT,19.9,20.200001,19.65,19.85,7525.0,1.5345320478021598,1.0335865633074846
1259,2004-04-30,NSE:HMT,19.9,20.15,19.6,19.85,2557.0,0.0,1.5345320478021598
1260,2004-05-03,NSE:HMT,19.5,19.9,18.950001,19.299999,16855.0,-2.7707858942065577,0.0
1261,2004-05-04,NSE:HMT,20.0,20.299999,19.549999,19.75,13029.0,2.3316115197726193,-2.7707858942065577
1262,2004-05-05,NSE:HMT,20.4,20.4,19.799999,20.0,8091.0,1.2658227848101267,2.3316115197726193
1263,2004-05-06,NSE:HMT,20.5,20.799999,19.9,20.549999,11672.0,2.7499949999999984,1.2658227848101267
1264,2004-05-07,NSE:HMT,20.9,21.6,20.5,21.4,44276.0,4.136258108820341,2.7499949999999984
1265,2004-05-10,NSE:HMT,20.700001,21.1,20.299999,20.450001,15493.0,-4.439247663551394,4.136258108820341
1266,2004-05-11,NSE:HMT,20.0,20.200001,19.5,19.549999,10765.0,-4.400987559853911,-4.439247663551394
1267,2004-05-12,NSE:HMT,18.700001,19.5,18.6,18.950001,18741.0,-3.0690436352451953,-4.400987559853911
1268,2004-05-13,NSE:HMT,18.0,19.950001,18.0,18.700001,15509.0,-1.3192611441023143,-3.0690436352451953
1269,2004-05-14,NSE:HMT,19.0,19.0,15.0,16.75,47931.0,-10.42781227658758,-1.3192611441023143
1270,2004-05-17,NSE:HMT,15.9,16.5,13.45,14.3,24627.0,-14.626865671641786,-10.42781227658758
1271,2004-05-18,NSE:HMT,14.45,16.5,12.0,16.1,33558.0,12.587412587412592,-14.626865671641786
1272,2004-05-19,NSE:HMT,17.0,17.75,16.049999,16.950001,38586.0,5.279509316770179,12.587412587412592
1273,2004-05-20,NSE:HMT,17.299999,19.799999,16.9,19.15,177096.0,12.979344367000323,5.279509316770179
1274,2004-05-21,NSE:HMT,20.450001,20.450001,18.0,18.700001,96719.0,-2.349864229765004,12.979344367000323
1275,2004-05-24,NSE:HMT,20.0,21.5,19.450001,20.299999,159393.0,8.556138579885635,-2.349864229765004
1276,2004-05-25,NSE:HMT,20.9,23.950001,19.1,21.950001,439689.0,8.128089070349219,8.556138579885635
1277,2004-05-26,NSE:HMT,24.0,24.0,21.5,21.85,143260.0,-0.45558540065669656,8.128089070349219
1278,2004-05-27,NSE:HMT,22.0,22.0,20.5,20.9,58753.0,-4.347826086956535,-0.45558540065669656
1279,2004-05-28,NSE:HMT,21.0,21.0,18.299999,18.5,94187.0,-11.483253588516739,-4.347826086956535
1280,2004-05-31,NSE:HMT,18.0,18.5,16.1,17.549999,53972.0,-5.135140540540542,-11.483253588516739
1281,2004-06-01,NSE:HMT,18.5,18.75,17.6,17.799999,29588.0,1.4245015056696015,-5.135140540540542
1282,2004-06-02,NSE:HMT,18.35,18.5,17.9,18.200001,18725.0,2.247202373438339,1.4245015056696015
1283,2004-06-03,NSE:HMT,17.4,18.5,17.35,17.85,22651.0,-1.9230823119185483,2.247202373438339
1284,2004-06-04,NSE:HMT,17.5,17.9,17.049999,17.5,13445.0,-1.960784313725498,-1.9230823119185483
1285,2004-06-07,NSE:HMT,17.9,18.4,17.799999,18.049999,12941.0,3.142851428571427,-1.960784313725498
1286,2004-06-08,NSE:HMT,18.1,18.9,17.950001,18.15,14289.0,0.5540221913585641,3.142851428571427
1287,2004-06-09,NSE:HMT,18.450001,18.5,17.549999,17.799999,16799.0,-1.9283801652892503,0.5540221913585641
1288,2004-06-10,NSE:HMT,17.75,19.25,17.6,18.0,59381.0,1.1236011867191695,-1.9283801652892503
1289,2004-06-11,NSE:HMT,18.0,18.5,17.4,17.549999,22589.0,-2.5000055555555574,1.1236011867191695
1290,2004-06-14,NSE:HMT,17.85,17.85,16.9,17.0,16418.0,-3.1338976144670987,-2.5000055555555574
1291,2004-06-15,NSE:HMT,16.950001,17.4,16.799999,17.25,7556.0,1.4705882352941175,-3.1338976144670987
1292,2004-06-16,NSE:HMT,17.5,17.5,16.9,17.049999,8947.0,-1.1594260869565236,1.4705882352941175
1293,2004-06-17,NSE:HMT,17.200001,17.200001,16.799999,17.049999,8709.0,0.0,-1.1594260869565236
1294,2004-06-18,NSE:HMT,16.85,17.5,16.799999,17.049999,16978.0,0.0,0.0
1295,2004-06-21,NSE:HMT,17.049999,17.049999,16.299999,16.5,7899.0,-3.2258007757067886,0.0
1296,2004-06-22,NSE:HMT,16.049999,17.0,16.0,16.1,6563.0,-2.4242424242424154,-3.2258007757067886
1297,2004-06-23,NSE:HMT,16.1,16.75,15.7,15.85,17090.0,-1.5527950310559115,-2.4242424242424154
1298,2004-06-24,NSE:HMT,15.55,16.0,15.4,15.8,8840.0,-0.3154574132492046,-1.5527950310559115
1299,2004-06-25,NSE:HMT,15.5,16.6,15.5,16.4,14628.0,3.797468354430366,-0.3154574132492046
1300,2004-06-28,NSE:HMT,16.799999,17.0,16.6,16.950001,12043.0,3.353664634146352,3.797468354430366
1301,2004-06-29,NSE:HMT,17.5,17.5,16.9,16.950001,9968.0,0.0,3.353664634146352
1302,2004-06-30,NSE:HMT,17.6,18.1,16.6,17.35,46712.0,2.3598759669689757,0.0
1303,2004-07-01,NSE:HMT,17.0,17.5,17.0,17.200001,9277.0,-0.8645475504322829,2.3598759669689757
1304,2004-07-02,NSE:HMT,17.15,17.5,17.1,17.299999,10711.0,0.5813836871288517,-0.8645475504322829
1305,2004-07-05,NSE:HMT,17.4,17.799999,17.299999,17.549999,13777.0,1.4450867887333403,0.5813836871288517
1306,2004-07-06,NSE:HMT,17.299999,17.5,17.1,17.299999,8090.0,-1.4245015056696015,1.4450867887333403
1307,2004-07-07,NSE:HMT,18.0,18.75,17.549999,18.450001,63285.0,6.6474107888676786,-1.4245015056696015
1308,2004-07-08,NSE:HMT,19.4,20.9,18.200001,18.700001,305328.0,1.3550134766930364,6.6474107888676786
1309,2004-07-09,NSE:HMT,18.0,20.15,18.0,18.9,75346.0,1.0695133117907227,1.3550134766930364
1310,2004-07-12,NSE:HMT,19.0,19.0,18.1,18.450001,22127.0,-2.380947089947081,1.0695133117907227
1311,2004-07-13,NSE:HMT,17.299999,18.65,17.299999,18.049999,15020.0,-2.1680324028166753,-2.380947089947081
1312,2004-07-14,NSE:HMT,18.0,18.200001,17.75,17.9,11311.0,-0.8310194366215816,-2.1680324028166753
1313,2004-07-15,NSE:HMT,18.0,18.549999,17.6,18.1,20769.0,1.1173184357542059,-0.8310194366215816
1314,2004-07-16,NSE:HMT,17.5,18.4,17.5,18.1,13754.0,0.0,1.1173184357542059
1315,2004-07-19,NSE:HMT,18.1,18.5,18.0,18.299999,30620.0,1.1049668508287196,0.0
1316,2004-07-20,NSE:HMT,18.049999,18.6,18.0,18.35,15220.0,0.27322952312730586,1.1049668508287196
1317,2004-07-21,NSE:HMT,18.35,18.5,18.049999,18.25,16657.0,-0.5449591280654028,0.27322952312730586
1318,2004-07-22,NSE:HMT,18.0,18.450001,18.0,18.200001,13872.0,-0.2739671232876695,-0.5449591280654028
1319,2004-07-23,NSE:HMT,18.5,18.65,17.799999,17.9,18214.0,-1.6483570522880835,-0.2739671232876695
1320,2004-07-26,NSE:HMT,17.65,18.35,17.6,17.799999,10301.0,-0.5586648044692676,-1.6483570522880835
1321,2004-07-27,NSE:HMT,17.5,18.1,17.5,17.6,11436.0,-1.1235899507634706,-0.5586648044692676
1322,2004-07-28,NSE:HMT,17.5,17.9,17.1,17.200001,10335.0,-2.272721590909097,-1.1235899507634706
1323,2004-07-29,NSE:HMT,17.700001,18.0,17.5,17.65,5089.0,2.616273103705042,-2.272721590909097
1324,2004-07-30,NSE:HMT,17.5,18.25,17.5,17.65,19888.0,0.0,2.616273103705042
1325,2004-08-02,NSE:HMT,17.299999,18.9,17.299999,18.549999,58868.0,5.099144475920687,0.0
1326,2004-08-03,NSE:HMT,19.4,19.4,18.1,18.25,48478.0,-1.617245370201905,5.099144475920687
1327,2004-08-04,NSE:HMT,18.200001,18.65,18.200001,18.299999,8350.0,0.2739671232876695,-1.617245370201905
1328,2004-08-05,NSE:HMT,18.25,18.5,18.0,18.0,24847.0,-1.6393388873955659,0.2739671232876695
1329,2004-08-06,NSE:HMT,17.950001,18.299999,17.9,18.049999,18765.0,0.2777722222222204,-1.6393388873955659
1330,2004-08-09,NSE:HMT,18.15,18.25,17.799999,18.0,9000.0,-0.27700278542951545,0.2777722222222204
1331,2004-08-10,NSE:HMT,18.549999,18.549999,17.9,18.1,3808.0,0.5555555555555635,-0.27700278542951545
1332,2004-08-11,NSE:HMT,18.25,18.799999,17.549999,17.799999,10966.0,-1.6574640883977996,0.5555555555555635
1333,2004-08-12,NSE:HMT,17.950001,17.950001,17.5,17.6,5233.0,-1.1235899507634706,-1.6574640883977996
1334,2004-08-13,NSE:HMT,18.25,18.25,17.4,17.5,13588.0,-0.5681818181818262,-1.1235899507634706
1335,2004-08-16,NSE:HMT,18.200001,18.200001,17.299999,17.35,5038.0,-0.857142857142849,-0.5681818181818262
1336,2004-08-17,NSE:HMT,17.5,18.9,17.5,17.75,48123.0,2.305475504322758,-0.857142857142849
1337,2004-08-18,NSE:HMT,17.25,18.0,17.25,17.6,6918.0,-0.8450704225352033,2.305475504322758
1338,2004-08-19,NSE:HMT,17.5,17.9,17.5,17.6,9427.0,0.0,-0.8450704225352033
1339,2004-08-20,NSE:HMT,18.0,19.450001,18.0,18.4,137563.0,4.545454545454529,0.0
1340,2004-08-23,NSE:HMT,19.299999,19.299999,18.049999,18.15,36758.0,-1.358695652173913,4.545454545454529
1341,2004-08-24,NSE:HMT,18.450001,20.0,18.1,19.4,164498.0,6.887052341597796,-1.358695652173913
1342,2004-08-25,NSE:HMT,17.549999,19.9,17.549999,18.4,103411.0,-5.154639175257732,6.887052341597796
1343,2004-08-26,NSE:HMT,19.700001,19.700001,18.299999,18.35,48118.0,-0.27173913043476716,-5.154639175257732
1344,2004-08-27,NSE:HMT,18.5,18.950001,18.049999,18.4,46827.0,0.27247956403268203,-0.27173913043476716
1345,2004-08-30,NSE:HMT,18.799999,18.950001,18.15,18.5,42732.0,0.543478260869573,0.27247956403268203
1346,2004-08-31,NSE:HMT,18.299999,18.75,18.1,18.35,45097.0,-0.8108108108108031,0.543478260869573
1347,2004-09-01,NSE:HMT,18.75,18.9,18.15,18.299999,77011.0,-0.27248501362398764,-0.8108108108108031
1348,2004-09-02,NSE:HMT,18.9,18.9,18.15,18.200001,27961.0,-0.5464371883298975,-0.27248501362398764
1349,2004-09-03,NSE:HMT,18.200001,18.450001,18.0,18.15,30127.0,-0.2747307541356824,-0.5464371883298975
1350,2004-09-06,NSE:HMT,18.15,18.4,18.049999,18.1,29771.0,-0.2754820936638962,-0.2747307541356824
1351,2004-09-07,NSE:HMT,18.049999,18.6,18.049999,18.1,23564.0,0.0,-0.2754820936638962
1352,2004-09-08,NSE:HMT,18.75,20.9,18.75,19.450001,199847.0,7.458569060773473,0.0
1353,2004-09-09,NSE:HMT,19.799999,20.4,19.0,19.1,172856.0,-1.7994909100518757,7.458569060773473
1354,2004-09-10,NSE:HMT,19.35,19.4,18.65,18.799999,52532.0,-1.5706858638743544,-1.7994909100518757
1355,2004-09-13,NSE:HMT,19.1,19.1,18.450001,18.5,48530.0,-1.5957394465818837,-1.5706858638743544
1356,2004-09-14,NSE:HMT,19.0,21.75,19.0,20.85,643950.0,12.702702702702712,-1.5957394465818837
1357,2004-09-15,NSE:HMT,22.0,22.4,21.0,21.299999,474580.0,2.158268585131886,12.702702702702712
1358,2004-09-16,NSE:HMT,21.299999,21.450001,20.75,20.9,152871.0,-1.877929665630506,2.158268585131886
1359,2004-09-17,NSE:HMT,21.25,21.4,20.4,20.549999,110177.0,-1.674645933014349,-1.877929665630506
1360,2004-09-20,NSE:HMT,21.1,21.25,20.299999,20.4,54000.0,-0.7299221766385542,-1.674645933014349
1361,2004-09-21,NSE:HMT,20.0,21.299999,20.0,20.85,104541.0,2.2058823529411904,-0.7299221766385542
1362,2004-09-22,NSE:HMT,20.25,20.9,20.25,20.6,36341.0,-1.1990407673860912,2.2058823529411904
1363,2004-09-23,NSE:HMT,20.6,21.5,20.299999,20.65,105209.0,0.24271844660192793,-1.1990407673860912
1364,2004-09-24,NSE:HMT,21.0,21.5,20.85,20.950001,96351.0,1.4527893462469819,0.24271844660192793
1365,2004-09-27,NSE:HMT,20.950001,22.0,20.950001,21.25,88317.0,1.4319760652994702,1.4527893462469819
1366,2004-09-28,NSE:HMT,20.85,21.799999,20.5,21.299999,105672.0,0.2352894117647044,1.4319760652994702
1367,2004-09-29,NSE:HMT,22.4,23.0,21.85,22.0,243277.0,3.2863898256521056,0.2352894117647044
1368,2004-09-30,NSE:HMT,22.5,22.950001,22.25,22.450001,144110.0,2.0454590909090924,3.2863898256521056
1369,2004-10-01,NSE:HMT,22.700001,22.75,21.299999,21.6,77185.0,-3.7861958224411607,2.0454590909090924
1370,2004-10-04,NSE:HMT,21.75,22.25,21.15,21.299999,49464.0,-1.3888935185185265,-3.7861958224411607
1371,2004-10-05,NSE:HMT,22.0,22.0,20.700001,21.0,44140.0,-1.4084460755138988,-1.3888935185185265
1372,2004-10-06,NSE:HMT,20.75,21.450001,20.549999,20.75,32269.0,-1.1904761904761905,-1.4084460755138988
1373,2004-10-07,NSE:HMT,21.1,21.5,20.6,20.700001,54914.0,-0.24095903614457678,-1.1904761904761905
1374,2004-10-08,NSE:HMT,21.450001,21.450001,20.6,20.75,39211.0,0.241541051133281,-0.24095903614457678
1375,2004-10-11,NSE:HMT,18.15,22.5,18.15,21.75,93752.0,4.819277108433735,0.241541051133281
1376,2004-10-12,NSE:HMT,22.200001,26.1,22.200001,26.1,1330360.0,20.000000000000007,4.819277108433735
1377,2004-10-14,NSE:HMT,27.200001,27.450001,23.5,23.799999,666723.0,-8.812264367816098,20.000000000000007
1378,2004-10-15,NSE:HMT,24.85,25.65,23.4,23.700001,380500.0,-0.4201596815193117,-8.812264367816098
1379,2004-10-18,NSE:HMT,23.75,25.35,23.5,24.049999,284077.0,1.476784747814987,-0.4201596815193117
1380,2004-10-19,NSE:HMT,24.200001,24.6,23.6,23.75,83476.0,-1.247397141263913,1.476784747814987
1381,2004-10-20,NSE:HMT,23.700001,24.1,23.049999,23.299999,51905.0,-1.8947410526315802,-1.247397141263913
1382,2004-10-21,NSE:HMT,23.25,23.75,22.4,22.65,67196.0,-2.789695398699378,-1.8947410526315802
1383,2004-10-25,NSE:HMT,22.75,23.0,22.0,22.200001,67960.0,-1.986750551876372,-2.789695398699378
1384,2004-10-26,NSE:HMT,22.25,22.6,21.75,21.85,43223.0,-1.5765810100639135,-1.986750551876372
1385,2004-10-27,NSE:HMT,22.450001,23.450001,22.200001,22.950001,86439.0,5.034329519450796,-1.5765810100639135
1386,2004-10-28,NSE:HMT,23.5,23.75,22.9,23.0,52875.0,0.21786055695596565,5.034329519450796
1387,2004-10-29,NSE:HMT,23.4,27.6,23.15,27.6,801473.0,20.000000000000007,0.21786055695596565
1388,2004-11-01,NSE:HMT,27.799999,32.349998,26.299999,30.450001,1817379.0,10.32609057971014,20.000000000000007
1389,2004-11-02,NSE:HMT,30.5,31.950001,30.1,31.299999,775729.0,2.791454752333175,10.32609057971014
1390,2004-11-03,NSE:HMT,31.700001,34.650002,29.65,33.0,1394280.0,5.43131327256592,2.791454752333175
1391,2004-11-04,NSE:HMT,33.0,34.349998,32.299999,32.599998,705683.0,-1.2121272727272747,5.43131327256592
1392,2004-11-05,NSE:HMT,32.099998,33.450001,31.65,32.650002,358157.0,0.15338651247770405,-1.2121272727272747
1393,2004-11-08,NSE:HMT,33.200001,35.75,33.0,33.700001,524625.0,3.2159232333278256,0.15338651247770405
1394,2004-11-09,NSE:HMT,33.900002,34.450001,33.099998,33.349998,248957.0,-1.0385845389144084,3.2159232333278256
1395,2004-11-10,NSE:HMT,33.099998,33.950001,33.099998,33.349998,141925.0,0.0,-1.0385845389144084
1396,2004-11-11,NSE:HMT,33.25,33.549999,31.65,32.25,129764.0,-3.2983450253880053,0.0
1397,2004-11-12,NSE:HMT,33.0,34.5,33.0,34.25,195754.0,6.2015503875969,-3.2983450253880053
1398,2004-11-16,NSE:HMT,34.799999,35.0,33.200001,33.5,205805.0,-2.18978102189781,6.2015503875969
1399,2004-11-17,NSE:HMT,33.5,34.0,33.049999,33.25,104589.0,-0.7462686567164178,-2.18978102189781
1400,2004-11-18,NSE:HMT,33.599998,33.75,32.299999,32.700001,169827.0,-1.6541323308270666,-0.7462686567164178
1401,2004-11-19,NSE:HMT,32.799999,39.25,32.650002,37.150002,1454933.0,13.608565333071398,-1.6541323308270666
1402,2004-11-22,NSE:HMT,35.099998,44.599998,35.099998,44.599998,2001699.0,20.0538239540337,13.608565333071398
1403,2004-11-23,NSE:HMT,45.200001,53.0,45.0,48.299999,3258083.0,8.295966739729451,20.0538239540337
1404,2004-11-24,NSE:HMT,48.5,51.299999,48.5,49.0,1318646.0,1.4492774627179605,8.295966739729451
1405,2004-11-25,NSE:HMT,49.5,49.900002,45.349998,46.200001,706890.0,-5.714283673469387,1.4492774627179605
1406,2004-11-29,NSE:HMT,46.5,47.5,44.5,45.849998,583635.0,-0.7575822346843692,-5.714283673469387
1407,2004-11-30,NSE:HMT,46.450001,46.900002,43.650002,43.900002,302378.0,-4.252990370904702,-0.7575822346843692
1408,2004-12-01,NSE:HMT,45.0,45.0,42.099998,42.799999,320326.0,-2.505701480378067,-4.252990370904702
1409,2004-12-02,NSE:HMT,42.549999,46.900002,42.549999,44.549999,370374.0,4.088785142261335,-2.505701480378067
1410,2004-12-03,NSE:HMT,44.900002,45.450001,42.700001,43.25,189701.0,-2.918067405568291,4.088785142261335
1411,2004-12-06,NSE:HMT,43.849998,44.799999,43.0,43.25,158873.0,0.0,-2.918067405568291
1412,2004-12-07,NSE:HMT,43.650002,47.700001,43.299999,45.849998,813940.0,6.01155606936416,0.0
1413,2004-12-08,NSE:HMT,46.150002,47.450001,44.799999,45.099998,275692.0,-1.6357688826943897,6.01155606936416
1414,2004-12-09,NSE:HMT,44.950001,45.450001,44.200001,44.5,122372.0,-1.330372564539802,-1.6357688826943897
1415,2004-12-10,NSE:HMT,44.799999,46.200001,44.349998,44.700001,138635.0,0.449440449438203,-1.330372564539802
1416,2004-12-13,NSE:HMT,42.0,46.900002,42.0,44.599998,155146.0,-0.223720352936907,0.449440449438203
1417,2004-12-14,NSE:HMT,45.400002,46.25,44.0,44.450001,105309.0,-0.33631615857919783,-0.223720352936907
1418,2004-12-15,NSE:HMT,45.400002,45.599998,44.25,44.5,65688.0,0.1124836870082403,-0.33631615857919783
1419,2004-12-16,NSE:HMT,45.299999,48.400002,44.549999,46.349998,531113.0,4.157298876404493,0.1124836870082403
1420,2004-12-17,NSE:HMT,44.0,47.0,44.0,44.650002,133722.0,-3.667736943591667,4.157298876404493
1421,2004-12-20,NSE:HMT,45.099998,45.400002,43.099998,43.549999,95819.0,-2.4636124316411023,-3.667736943591667
1422,2004-12-21,NSE:HMT,43.5,44.650002,43.5,44.0,137058.0,1.0332973830837524,-2.4636124316411023
1423,2004-12-22,NSE:HMT,44.25,44.349998,42.700001,42.950001,73867.0,-2.386361363636363,1.0332973830837524
1424,2004-12-23,NSE:HMT,43.5,43.5,42.0,42.150002,116996.0,-1.8626285945837338,-2.386361363636363
1425,2004-12-24,NSE:HMT,42.900002,43.799999,42.25,42.549999,78326.0,0.9489845338560103,-1.8626285945837338
1426,2004-12-27,NSE:HMT,42.5,43.549999,42.5,42.900002,97363.0,0.8225687619875173,0.9489845338560103
1427,2004-12-28,NSE:HMT,43.25,47.75,42.849998,46.299999,577452.0,7.925400562918386,0.8225687619875173
1428,2004-12-29,NSE:HMT,47.400002,48.400002,45.0,46.0,324765.0,-0.6479460183141682,7.925400562918386
1429,2004-12-30,NSE:HMT,46.0,46.900002,44.700001,45.450001,116229.0,-1.1956499999999992,-0.6479460183141682
1430,2004-12-31,NSE:HMT,46.400002,49.200001,44.5,47.200001,425343.0,3.8503849537869095,-1.1956499999999992
1431,2005-01-03,NSE:HMT,47.799999,54.5,46.25,53.349998,1263707.0,13.029654384964948,3.8503849537869095
1432,2005-01-04,NSE:HMT,53.75,53.75,50.0,50.299999,377474.0,-5.716961788827058,13.029654384964948
1433,2005-01-05,NSE:HMT,49.950001,50.5,42.0,45.25,329328.0,-10.039759642937566,-5.716961788827058
1434,2005-01-06,NSE:HMT,45.5,46.5,42.549999,44.400002,214324.0,-1.878448618784529,-10.039759642937566
1435,2005-01-07,NSE:HMT,45.5,45.75,43.75,44.150002,149501.0,-0.5630630376998631,-1.878448618784529
1436,2005-01-10,NSE:HMT,44.799999,48.400002,44.650002,45.75,258219.0,3.6240043658435153,-0.5630630376998631
1437,2005-01-11,NSE:HMT,46.5,46.700001,43.099998,43.700001,96473.0,-4.480872131147541,3.6240043658435153
1438,2005-01-12,NSE:HMT,44.099998,44.950001,39.549999,40.150002,128522.0,-8.123567319826835,-4.480872131147541
1439,2005-01-13,NSE:HMT,42.200001,42.5,40.0,41.299999,120423.0,2.864251413984983,-8.123567319826835
1440,2005-01-14,NSE:HMT,42.799999,42.900002,41.299999,42.349998,109197.0,2.5423705216070336,2.864251413984983
1441,2005-01-17,NSE:HMT,43.0,43.0,40.200001,40.599998,63094.0,-4.1322316001053885,2.5423705216070336
1442,2005-01-18,NSE:HMT,41.799999,44.599998,41.0,43.349998,159648.0,6.773399348443318,-4.1322316001053885
1443,2005-01-19,NSE:HMT,44.0,45.400002,42.049999,42.799999,182688.0,-1.2687405429638077,6.773399348443318
1444,2005-01-20,NSE:HMT,43.5,45.400002,43.150002,43.450001,236486.0,1.518696297165803,-1.2687405429638077
1445,2005-01-24,NSE:HMT,41.099998,43.25,38.549999,41.099998,64144.0,-5.40852231510881,1.518696297165803
1446,2005-01-25,NSE:HMT,39.5,41.700001,38.099998,41.0,58730.0,-0.2433041480926577,-5.40852231510881
1447,2005-01-27,NSE:HMT,42.0,42.75,41.25,41.75,47562.0,1.8292682926829267,-0.2433041480926577
1448,2005-01-28,NSE:HMT,42.5,44.299999,42.099998,42.450001,77577.0,1.676649101796408,1.8292682926829267
1449,2005-01-31,NSE:HMT,43.950001,43.950001,39.0,42.200001,56699.0,-0.5889281368921523,1.676649101796408
1450,2005-02-01,NSE:HMT,42.200001,43.75,42.200001,43.099998,48265.0,2.1326942622584273,-0.5889281368921523
1451,2005-02-02,NSE:HMT,43.0,45.0,43.0,43.400002,136266.0,0.6960649974972186,2.1326942622584273
1452,2005-02-03,NSE:HMT,44.0,46.799999,43.5,45.200001,270610.0,4.1474629425132274,0.6960649974972186
1453,2005-02-04,NSE:HMT,45.900002,46.0,43.299999,43.700001,101172.0,-3.3185839973764604,4.1474629425132274
1454,2005-02-07,NSE:HMT,44.25,45.900002,43.75,43.950001,68843.0,0.5720823667715705,-3.3185839973764604
1455,2005-02-08,NSE:HMT,45.5,45.5,43.25,43.599998,58336.0,-0.7963663072499155,0.5720823667715705
1456,2005-02-09,NSE:HMT,44.150002,48.299999,43.200001,47.450001,425880.0,8.830282515150577,-0.7963663072499155
1457,2005-02-10,NSE:HMT,48.0,48.950001,44.0,46.349998,374069.0,-2.3182359890782744,8.830282515150577
1458,2005-02-11,NSE:HMT,44.200001,46.849998,42.549999,45.049999,83358.0,-2.804744457594151,-2.3182359890782744
1459,2005-02-14,NSE:HMT,45.599998,45.900002,44.099998,44.450001,60322.0,-1.3318490861675698,-2.804744457594151
1460,2005-02-15,NSE:HMT,44.5,44.75,43.099998,43.849998,50078.0,-1.3498379898799122,-1.3318490861675698
1461,2005-02-16,NSE:HMT,43.0,45.900002,42.200001,43.0,84480.0,-1.9384219812279109,-1.3498379898799122
1462,2005-02-17,NSE:HMT,43.799999,43.799999,42.0,42.700001,71587.0,-0.6976720930232551,-1.9384219812279109
1463,2005-02-18,NSE:HMT,43.0,44.950001,42.799999,43.25,78187.0,1.2880538340034224,-0.6976720930232551
1464,2005-02-21,NSE:HMT,43.0,43.75,42.25,42.450001,33176.0,-1.8497086705202306,1.2880538340034224
1465,2005-02-22,NSE:HMT,43.400002,49.299999,42.400002,47.349998,938336.0,11.542984415948538,-1.8497086705202306
1466,2005-02-23,NSE:HMT,47.950001,47.950001,45.400002,45.849998,379012.0,-3.1678987610516898,11.542984415948538
1467,2005-02-24,NSE:HMT,46.0,47.799999,44.549999,45.25,312855.0,-1.3086107441051564,-3.1678987610516898
1468,2005-02-25,NSE:HMT,45.700001,45.75,43.5,44.0,118786.0,-2.7624309392265194,-1.3086107441051564
1469,2005-02-28,NSE:HMT,43.0,46.299999,43.0,43.650002,171018.0,-0.7954499999999985,-2.7624309392265194
1470,2005-03-01,NSE:HMT,44.25,44.25,42.799999,43.0,82731.0,-1.4891224976347095,-0.7954499999999985
1471,2005-03-02,NSE:HMT,43.299999,43.900002,43.0,43.099998,52493.0,0.23255348837209155,-1.4891224976347095
1472,2005-03-03,NSE:HMT,43.349998,45.5,43.349998,43.900002,87476.0,1.8561578587544278,0.23255348837209155
1473,2005-03-04,NSE:HMT,44.0,44.299999,43.150002,43.349998,46882.0,-1.2528564349495959,1.8561578587544278
1474,2005-03-07,NSE:HMT,44.0,44.0,42.900002,43.049999,38710.0,-0.6920392476142668,-1.2528564349495959
1475,2005-03-08,NSE:HMT,43.900002,43.900002,42.700001,42.849998,42768.0,-0.4645784080041449,-0.6920392476142668
1476,2005-03-09,NSE:HMT,43.900002,43.900002,42.099998,42.25,43510.0,-1.400228770139031,-0.4645784080041449
1477,2005-03-10,NSE:HMT,42.400002,47.150002,42.400002,44.849998,626661.0,6.153841420118342,-1.400228770139031
1478,2005-03-11,NSE:HMT,45.0,45.5,43.099998,43.400002,118930.0,-3.232990110724194,6.153841420118342
1479,2005-03-14,NSE:HMT,43.650002,43.75,43.0,43.049999,43795.0,-0.8064584881816387,-3.232990110724194
1480,2005-03-15,NSE:HMT,43.049999,43.5,42.25,42.400002,54250.0,-1.5098653080108062,-0.8064584881816387
1481,2005-03-16,NSE:HMT,42.700001,43.299999,42.5,42.75,34165.0,0.8254669421949541,-1.5098653080108062
1482,2005-03-17,NSE:HMT,42.400002,44.900002,42.0,42.349998,144544.0,-0.9356771929824577,0.8254669421949541
1483,2005-03-18,NSE:HMT,43.450001,43.5,41.549999,41.700001,51476.0,-1.534821796213542,-0.9356771929824577
1484,2005-03-21,NSE:HMT,41.599998,43.0,40.799999,41.299999,59212.0,-0.9592373870686492,-1.534821796213542
1485,2005-03-22,NSE:HMT,41.549999,41.849998,39.049999,39.75,35290.0,-3.753024303947319,-0.9592373870686492
1486,2005-03-23,NSE:HMT,39.0,40.25,37.5,37.900002,35674.0,-4.654083018867923,-3.753024303947319
1487,2005-03-24,NSE:HMT,37.950001,37.950001,34.5,35.299999,48967.0,-6.860165864898901,-4.654083018867923
1488,2005-03-28,NSE:HMT,33.099998,37.0,33.099998,33.799999,62863.0,-4.249291905079091,-6.860165864898901
1489,2005-03-29,NSE:HMT,34.5,34.5,31.0,31.75,89279.0,-6.065085978256981,-4.249291905079091
1490,2005-03-30,NSE:HMT,32.0,34.900002,31.200001,33.450001,58256.0,5.354333858267717,-6.065085978256981
1491,2005-03-31,NSE:HMT,35.299999,36.5,34.099998,35.849998,66358.0,7.174878709271186,5.354333858267717
1492,2005-04-01,NSE:HMT,35.900002,37.900002,34.5,37.599998,67631.0,4.881450760471451,7.174878709271186
1493,2005-04-04,NSE:HMT,38.799999,38.799999,37.700001,37.950001,49911.0,0.9308590920669756,4.881450760471451
1494,2005-04-05,NSE:HMT,38.200001,38.400002,36.5,36.650002,27295.0,-3.4255572219879507,0.9308590920669756
1495,2005-04-06,NSE:HMT,36.599998,37.5,36.599998,37.099998,19277.0,1.22781985114216,-3.4255572219879507
1496,2005-04-07,NSE:HMT,37.25,39.75,37.25,37.75,49299.0,1.7520270486267968,1.22781985114216
1497,2005-04-08,NSE:HMT,39.099998,44.349998,37.400002,42.0,423008.0,11.258278145695364,1.7520270486267968
1498,2005-04-11,NSE:HMT,44.0,44.5,40.099998,41.0,654505.0,-2.380952380952381,11.258278145695364
1499,2005-04-12,NSE:HMT,41.0,42.0,40.049999,40.349998,128720.0,-1.5853707317073185,-2.380952380952381
1500,2005-04-13,NSE:HMT,40.849998,41.5,40.049999,40.25,58583.0,-0.24782653025162324,-1.5853707317073185
1501,2005-04-15,NSE:HMT,38.0,39.450001,38.0,38.099998,51823.0,-5.341619875776399,-0.24782653025162324
1502,2005-04-18,NSE:HMT,38.099998,38.099998,36.299999,36.799999,54462.0,-3.4120710452530725,-5.341619875776399
1503,2005-04-19,NSE:HMT,39.0,39.0,37.299999,37.75,54493.0,2.581524526671863,-3.4120710452530725
1504,2005-04-20,NSE:HMT,36.200001,38.0,36.200001,37.049999,23921.0,-1.8543072847682127,2.581524526671863
1505,2005-04-21,NSE:HMT,37.0,37.950001,37.0,37.599998,33320.0,1.484477772860398,-1.8543072847682127
1506,2005-04-22,NSE:HMT,37.799999,40.900002,37.549999,39.0,124735.0,3.7234097725217983,1.484477772860398
1507,2005-04-25,NSE:HMT,39.5,46.700001,39.5,44.200001,714544.0,13.3333358974359,3.7234097725217983
1508,2005-04-26,NSE:HMT,44.799999,45.599998,42.5,42.849998,287547.0,-3.0543053607623243,13.3333358974359
1509,2005-04-27,NSE:HMT,42.849998,43.0,40.950001,41.25,106306.0,-3.733951166112072,-3.0543053607623243
1510,2005-04-28,NSE:HMT,41.799999,43.5,41.25,43.150002,119591.0,4.6060654545454565,-3.733951166112072
1511,2005-04-29,NSE:HMT,43.150002,43.849998,41.25,41.5,87846.0,-3.8238746779200623,4.6060654545454565
1512,2005-05-02,NSE:HMT,42.0,42.700001,40.549999,40.75,38883.0,-1.8072289156626504,-3.8238746779200623
1513,2005-05-03,NSE:HMT,41.0,41.25,40.049999,40.200001,34606.0,-1.3496907975460115,-1.8072289156626504
1514,2005-05-04,NSE:HMT,40.25,41.25,38.5,39.650002,56899.0,-1.3681566823841613,-1.3496907975460115
1515,2005-05-05,NSE:HMT,40.150002,41.400002,39.700001,40.099998,62518.0,1.1349204976080423,-1.3681566823841613
1516,2005-05-06,NSE:HMT,40.400002,40.900002,40.099998,40.5,26022.0,0.9975112716963244,1.1349204976080423
1517,2005-05-09,NSE:HMT,43.0,45.950001,42.299999,42.700001,141446.0,5.432101234567902,0.9975112716963244
1518,2005-05-10,NSE:HMT,43.0,43.450001,41.5,42.200001,56532.0,-1.1709601599306754,5.432101234567902
1519,2005-05-11,NSE:HMT,42.0,42.900002,41.549999,41.700001,33881.0,-1.1848340951461116,-1.1709601599306754
1520,2005-05-12,NSE:HMT,42.0,42.299999,41.5,41.849998,24612.0,0.3597050273452009,-1.1848340951461116
1521,2005-05-13,NSE:HMT,41.849998,44.75,41.849998,43.549999,238789.0,4.062129226386105,0.3597050273452009
1522,2005-05-16,NSE:HMT,43.549999,45.5,43.0,44.0,166201.0,1.0332973830837524,4.062129226386105
1523,2005-05-17,NSE:HMT,44.0,44.799999,42.099998,42.549999,63587.0,-3.295456818181819,1.0332973830837524
1524,2005-05-18,NSE:HMT,42.150002,43.25,41.75,42.099998,42151.0,-1.0575816934801816,-3.295456818181819
1525,2005-05-19,NSE:HMT,42.0,43.950001,42.0,42.549999,39817.0,1.0688860365266533,-1.0575816934801816
1526,2005-05-20,NSE:HMT,41.0,42.799999,41.0,42.0,56502.0,-1.292594624972846,1.0688860365266533
1527,2005-05-23,NSE:HMT,42.5,44.799999,42.099998,44.349998,213436.0,5.595233333333332,-1.292594624972846
1528,2005-05-24,NSE:HMT,46.0,47.599998,45.0,45.25,661150.0,2.029316889709895,5.595233333333332
1529,2005-05-25,NSE:HMT,45.099998,46.200001,44.049999,44.299999,158966.0,-2.0994497237569067,2.029316889709895
1530,2005-05-26,NSE:HMT,44.299999,45.349998,44.099998,44.400002,63898.0,0.22574041141626427,-2.0994497237569067
1531,2005-05-27,NSE:HMT,44.349998,47.5,43.799999,45.150002,313364.0,1.6891891130995893,0.22574041141626427
1532,2005-05-30,NSE:HMT,45.599998,48.849998,45.099998,46.900002,862562.0,3.875968820555091,1.6891891130995893
1533,2005-05-31,NSE:HMT,47.0,47.799999,46.299999,46.549999,211432.0,-0.7462750214808114,3.875968820555091
1534,2005-06-01,NSE:HMT,46.5,47.0,45.700001,46.25,75994.0,-0.6444661792581342,-0.7462750214808114
1535,2005-06-02,NSE:HMT,46.25,46.349998,44.650002,44.950001,64032.0,-2.810808648648648,-0.6444661792581342
1536,2005-06-03,NSE:HMT,43.5,46.75,43.5,45.599998,73240.0,1.4460444617120234,-2.810808648648648
1537,2005-06-06,NSE:HMT,46.5,46.799999,45.25,45.599998,86068.0,0.0,1.4460444617120234
1538,2005-06-07,NSE:HMT,46.099998,46.099998,45.049999,45.25,23197.0,-0.7675395073482226,0.0
1539,2005-06-08,NSE:HMT,45.950001,45.950001,44.5,44.650002,44809.0,-1.325962430939225,-0.7675395073482226
1540,2005-06-09,NSE:HMT,45.5,45.849998,42.549999,43.700001,198683.0,-2.1276617188057467,-1.325962430939225
1541,2005-06-10,NSE:HMT,44.0,44.799999,43.599998,43.799999,49933.0,0.2288283700496926,-2.1276617188057467
1542,2005-06-13,NSE:HMT,44.900002,47.400002,43.549999,46.200001,252454.0,5.47945674610632,0.2288283700496926
1543,2005-06-14,NSE:HMT,46.5,46.950001,44.650002,45.049999,71105.0,-2.4891817643034266,5.47945674610632
1544,2005-06-15,NSE:HMT,45.5,45.5,44.799999,45.0,38362.0,-0.11098557405073346,-2.4891817643034266
1545,2005-06-16,NSE:HMT,45.099998,45.400002,44.0,44.099998,31419.0,-2.000004444444446,-0.11098557405073346
1546,2005-06-17,NSE:HMT,44.900002,45.200001,43.25,43.650002,70287.0,-1.0203991392471237,-2.000004444444446
1547,2005-06-20,NSE:HMT,43.349998,44.0,42.5,42.599998,38456.0,-2.4055073353719463,-1.0203991392471237
1548,2005-06-21,NSE:HMT,43.099998,44.450001,42.5,42.950001,49222.0,0.8216033249579048,-2.4055073353719463
1549,2005-06-22,NSE:HMT,43.099998,43.799999,42.5,42.700001,22462.0,-0.5820721633976214,0.8216033249579048
1550,2005-06-23,NSE:HMT,42.599998,45.700001,42.5,44.950001,176592.0,5.269320719688039,-0.5820721633976214
1551,2005-06-24,NSE:HMT,45.799999,47.200001,44.549999,45.400002,471105.0,1.0011145494746492,5.269320719688039
1552,2005-06-27,NSE:HMT,41.150002,48.400002,41.150002,46.200001,621889.0,1.7621122571756707,1.0011145494746492
1553,2005-06-28,NSE:HMT,46.150002,46.950001,44.200001,44.549999,150799.0,-3.5714328231291605,1.7621122571756707
1554,2005-06-29,NSE:HMT,44.950001,46.25,43.650002,44.950001,406390.0,0.8978720740263106,-3.5714328231291605
1555,2005-06-30,NSE:HMT,45.5,46.200001,44.099998,44.5,147458.0,-1.0011145494746492,0.8978720740263106
1556,2005-07-01,NSE:HMT,44.5,45.099998,43.900002,44.200001,79576.0,-0.6741550561797746,-1.0011145494746492
1557,2005-07-04,NSE:HMT,44.849998,45.599998,44.150002,44.900002,108280.0,1.5837126338526561,-0.6741550561797746
1558,2005-07-05,NSE:HMT,45.450001,46.299999,44.200001,44.650002,238393.0,-0.5567928482497618,1.5837126338526561
1559,2005-07-06,NSE:HMT,44.950001,46.200001,44.349998,45.450001,323391.0,1.791711005970391,-0.5567928482497618
1560,2005-07-07,NSE:HMT,45.450001,46.650002,44.400002,44.650002,252110.0,-1.7601737786540415,1.791711005970391
1561,2005-07-08,NSE:HMT,44.950001,45.599998,44.25,44.549999,141791.0,-0.22397087462616674,-1.7601737786540415
1562,2005-07-11,NSE:HMT,45.450001,45.5,44.599998,44.799999,118413.0,0.5611672404302411,-0.22397087462616674
1563,2005-07-12,NSE:HMT,45.400002,53.299999,44.799999,50.25,1795548.0,12.16518107511565,0.5611672404302411
1564,2005-07-13,NSE:HMT,51.0,59.5,50.700001,58.0,3251674.0,15.422885572139302,12.16518107511565
1565,2005-07-14,NSE:HMT,59.049999,63.0,57.950001,59.349998,4540372.0,2.3275827586206885,15.422885572139302
1566,2005-07-15,NSE:HMT,59.75,59.75,56.200001,58.099998,1547502.0,-2.1061500288508856,2.3275827586206885
1567,2005-07-18,NSE:HMT,58.799999,73.449997,57.75,71.650002,8751429.0,23.32186655152725,-2.1061500288508856
1568,2005-07-19,NSE:HMT,72.0,92.699997,72.0,87.550003,25318764.0,22.19120803374158,23.32186655152725
1569,2005-07-20,NSE:HMT,87.5,96.349998,84.800003,87.650002,15940648.0,0.1142192993414253,22.19120803374158
1570,2005-07-21,NSE:HMT,90.5,92.199997,83.599998,89.199997,12533902.0,1.7683912887988245,0.1142192993414253
1571,2005-07-22,NSE:HMT,88.699997,91.449997,86.25,87.800003,6870697.0,-1.5695000527858678,1.7683912887988245
1572,2005-07-25,NSE:HMT,85.050003,91.900002,84.099998,86.650002,5521319.0,-1.3097960828087933,-1.5695000527858678
1573,2005-07-26,NSE:HMT,90.900002,90.900002,80.650002,82.199997,3370180.0,-5.135608652380648,-1.3097960828087933
1574,2005-07-27,NSE:HMT,83.0,83.199997,75.599998,76.900002,1659035.0,-6.447682717068708,-5.135608652380648
1575,2005-07-29,NSE:HMT,76.550003,77.349998,72.099998,73.949997,1829230.0,-3.8361572474341474,-6.447682717068708
1576,2005-08-01,NSE:HMT,73.199997,76.800003,70.0,75.349998,1780872.0,1.8931724905952372,-3.8361572474341474
1577,2005-08-02,NSE:HMT,76.599998,81.400002,76.150002,78.75,3352344.0,4.5122788191713035,1.8931724905952372
1578,2005-08-03,NSE:HMT,79.0,79.5,75.349998,75.849998,1543773.0,-3.682542222222223,4.5122788191713035
1579,2005-08-04,NSE:HMT,76.800003,76.800003,73.150002,75.699997,713190.0,-0.1977600579501705,-3.682542222222223
1580,2005-08-05,NSE:HMT,74.5,75.75,72.5,73.25,360842.0,-3.2364558746283656,-0.1977600579501705
1581,2005-08-08,NSE:HMT,73.5,74.449997,70.349998,70.900002,357120.0,-3.208188395904436,-3.2364558746283656
1582,2005-08-09,NSE:HMT,71.5,72.0,67.0,69.050003,989210.0,-2.6093074017120577,-3.208188395904436
1583,2005-08-10,NSE:HMT,70.0,71.900002,69.25,70.349998,544881.0,1.8826863772909548,-2.6093074017120577
1584,2005-08-11,NSE:HMT,80.0,93.5,73.150002,92.150002,9919492.0,30.987924121902605,1.8826863772909548
1585,2005-08-12,NSE:HMT,95.0,95.0,85.5,86.550003,4489202.0,-6.077047073748297,30.987924121902605
1586,2005-08-16,NSE:HMT,86.699997,86.900002,82.0,82.550003,1243911.0,-4.6216058478935,-6.077047073748297
1587,2005-08-17,NSE:HMT,82.5,84.349998,79.5,81.75,755702.0,-0.9691132294689363,-4.6216058478935
1588,2005-08-18,NSE:HMT,82.449997,83.300003,80.050003,80.550003,365138.0,-1.4678862385321054,-0.9691132294689363
1589,2005-08-19,NSE:HMT,80.800003,82.449997,79.050003,80.050003,443297.0,-0.6207324411893567,-1.4678862385321054
1590,2005-08-22,NSE:HMT,80.849998,82.5,77.699997,78.300003,669893.0,-2.1861335845296597,-0.6207324411893567
1591,2005-08-23,NSE:HMT,79.150002,79.150002,75.099998,75.400002,328920.0,-3.703704838938516,-2.1861335845296597
1592,2005-08-24,NSE:HMT,75.0,76.0,70.0,71.849998,290437.0,-4.708227991824193,-3.703704838938516
1593,2005-08-25,NSE:HMT,72.75,73.0,71.25,71.75,386336.0,-0.13917606511276362,-4.708227991824193
1594,2005-08-26,NSE:HMT,72.5,73.0,72.050003,72.449997,226972.0,0.9756055749128866,-0.13917606511276362
1595,2005-08-29,NSE:HMT,72.25,76.5,71.699997,75.400002,598509.0,4.07178070690604,0.9756055749128866
1596,2005-08-30,NSE:HMT,76.0,77.349998,74.0,74.800003,768930.0,-0.7957546208022606,4.07178070690604
1597,2005-08-31,NSE:HMT,75.099998,75.800003,74.300003,74.699997,299657.0,-0.1336978556003635,-0.7957546208022606
1598,2005-09-01,NSE:HMT,78.099998,89.0,78.099998,81.300003,2026939.0,8.835349752423696,-0.1336978556003635
1599,2005-09-02,NSE:HMT,82.199997,82.300003,76.25,76.949997,692312.0,-5.350560688171202,8.835349752423696
1600,2005-09-05,NSE:HMT,78.050003,78.050003,76.0,76.5,308997.0,-0.5847914458008312,-5.350560688171202
1601,2005-09-06,NSE:HMT,77.0,77.849998,75.199997,76.150002,274170.0,-0.45751372549019526,-0.5847914458008312
1602,2005-09-08,NSE:HMT,76.800003,77.400002,75.5,75.849998,144005.0,-0.3939645333167572,-0.45751372549019526
1603,2005-09-09,NSE:HMT,76.5,76.699997,74.400002,74.849998,137594.0,-1.3183915970571285,-0.3939645333167572
1604,2005-09-12,NSE:HMT,77.949997,88.0,77.949997,80.25,915415.0,7.214431722496506,-1.3183915970571285
1605,2005-09-13,NSE:HMT,80.5,82.5,78.050003,80.699997,1318111.0,0.5607439252336401,7.214431722496506
1606,2005-09-14,NSE:HMT,81.400002,82.150002,74.0,77.849998,461969.0,-3.531597405139925,0.5607439252336401
1607,2005-09-15,NSE:HMT,78.0,78.5,75.0,77.900002,295982.0,0.06423121552296157,-3.531597405139925
1608,2005-09-16,NSE:HMT,82.0,83.0,75.150002,77.5,205152.0,-0.5134813732097216,0.06423121552296157
1609,2005-09-19,NSE:HMT,84.449997,89.0,80.0,85.050003,1899263.0,9.741939354838715,-0.5134813732097216
1610,2005-09-20,NSE:HMT,85.099998,85.849998,81.300003,82.0,724927.0,-3.586129209190038,9.741939354838715
1611,2005-09-21,NSE:HMT,82.0,82.5,75.0,79.300003,540589.0,-3.292679268292678,-3.586129209190038
1612,2005-09-22,NSE:HMT,78.0,78.849998,73.0,74.400002,388742.0,-6.179067862078143,-3.292679268292678
1613,2005-09-23,NSE:HMT,75.0,78.5,68.0,73.400002,295350.0,-1.3440859853740326,-6.179067862078143
1614,2005-09-26,NSE:HMT,74.5,77.650002,73.699997,76.75,204086.0,4.564029848391557,-1.3440859853740326
1615,2005-09-27,NSE:HMT,77.0,92.0,75.599998,89.150002,2069525.0,16.15635439739414,4.564029848391557
1616,2005-09-28,NSE:HMT,90.25,97.5,90.0,93.0,8385525.0,4.3185618773177366,16.15635439739414
1617,2005-09-29,NSE:HMT,93.0,93.5,85.5,86.050003,2043750.0,-7.473115053763436,4.3185618773177366
1618,2005-09-30,NSE:HMT,87.300003,87.300003,82.550003,83.699997,1211558.0,-2.730977243545253,-7.473115053763436
1619,2005-10-03,NSE:HMT,83.699997,91.449997,82.0,90.349998,2596447.0,7.945043295521269,-2.730977243545253
1620,2005-10-04,NSE:HMT,92.0,95.949997,90.5,90.949997,3110596.0,0.6640830252148947,7.945043295521269
1621,2005-10-05,NSE:HMT,91.0,107.4,87.5,104.75,14657205.0,15.1731758715726,0.6640830252148947
1622,2005-10-06,NSE:HMT,103.9,111.2,100.6,102.1,18459809.0,-2.5298329355608646,15.1731758715726
1623,2005-10-07,NSE:HMT,103.9,105.4,97.550003,98.849998,7950196.0,-3.1831557296767827,-2.5298329355608646
1624,2005-10-10,NSE:HMT,100.0,104.2,98.0,98.300003,4537202.0,-0.5563935368010787,-3.1831557296767827
1625,2005-10-11,NSE:HMT,99.900002,101.9,97.199997,99.400002,4521116.0,1.1190223463167104,-0.5563935368010787
1626,2005-10-13,NSE:HMT,97.0,101.75,90.0,97.0,2967840.0,-2.414488885020345,1.1190223463167104
1627,2005-10-14,NSE:HMT,96.5,98.449997,93.599998,94.349998,2139921.0,-2.731960824742269,-2.414488885020345
1628,2005-10-17,NSE:HMT,94.900002,95.599998,91.0,91.550003,1379924.0,-2.9676683193994298,-2.731960824742269
1629,2005-10-18,NSE:HMT,92.0,98.800003,91.0,96.0,7098748.0,4.860728404345323,-2.9676683193994298
1630,2005-10-19,NSE:HMT,95.699997,95.699997,87.599998,88.5,2577854.0,-7.8125,4.860728404345323
1631,2005-10-20,NSE:HMT,89.400002,92.449997,80.5,82.900002,3601974.0,-6.327681355932202,-7.8125
1632,2005-10-21,NSE:HMT,83.5,86.0,78.199997,83.449997,3077988.0,0.6634438923173916,-6.327681355932202
1633,2005-10-24,NSE:HMT,86.0,89.900002,83.900002,86.699997,4036262.0,3.8945477733210705,0.6634438923173916
1634,2005-10-25,NSE:HMT,88.0,88.25,84.25,85.300003,2400063.0,-1.6147566879385158,3.8945477733210705
1635,2005-10-26,NSE:HMT,86.0,87.949997,84.699997,86.0,1657539.0,0.8206295139286175,-1.6147566879385158
1636,2005-10-27,NSE:HMT,87.0,87.0,82.5,83.599998,983761.0,-2.7907000000000006,0.8206295139286175
1637,2005-10-28,NSE:HMT,83.900002,83.900002,77.800003,78.800003,1334993.0,-5.741620950756477,-2.7907000000000006
1638,2005-10-31,NSE:HMT,78.5,81.900002,78.050003,81.0,1239261.0,2.7918742591925994,-5.741620950756477
1639,2005-11-01,NSE:HMT,90.0,90.0,81.0,81.699997,263862.0,0.8641938271604891,2.7918742591925994
1640,2005-11-02,NSE:HMT,81.800003,82.650002,79.699997,82.0,889091.0,0.3672007478776331,0.8641938271604891
1641,2005-11-07,NSE:HMT,83.0,96.699997,81.800003,95.0,7984609.0,15.853658536585366,0.3672007478776331
1642,2005-11-08,NSE:HMT,96.0,99.800003,94.400002,95.099998,6650976.0,0.10526105263157828,15.853658536585366
1643,2005-11-09,NSE:HMT,95.199997,100.85,94.800003,97.400002,7479414.0,2.4185110918719483,0.10526105263157828
1644,2005-11-10,NSE:HMT,98.25,98.25,85.0,91.599998,4751873.0,-5.954829446512743,2.4185110918719483
1645,2005-11-11,NSE:HMT,92.0,94.199997,91.099998,93.0,2611800.0,1.528386496252981,-5.954829446512743
1646,2005-11-14,NSE:HMT,94.050003,99.900002,93.050003,95.400002,2932480.0,2.5806473118279576,1.528386496252981
1647,2005-11-16,NSE:HMT,96.349998,97.75,94.800003,96.199997,2605692.0,0.8385691648098661,2.5806473118279576
1648,2005-11-17,NSE:HMT,96.400002,96.75,94.25,94.75,1298175.0,-1.507273435777754,0.8385691648098661
1649,2005-11-18,NSE:HMT,90.25,100.85,90.25,98.949997,5301178.0,4.432714511873346,-1.507273435777754
1650,2005-11-21,NSE:HMT,99.5,102.85,90.0,97.050003,8802290.0,-1.9201556923745966,4.432714511873346
1651,2005-11-22,NSE:HMT,96.5,97.699997,92.0,94.400002,1970818.0,-2.730552208226107,-1.9201556923745966
1652,2005-11-23,NSE:HMT,94.0,96.900002,94.0,95.650002,1637721.0,1.3241525143188027,-2.730552208226107
1653,2005-11-24,NSE:HMT,96.099998,98.099998,95.75,96.849998,1573296.0,1.2545697594444365,1.3241525143188027
1654,2005-11-25,NSE:HMT,94.0,97.949997,93.550003,94.699997,738096.0,-2.219928801650572,1.2545697594444365
1655,2005-11-28,NSE:HMT,95.0,98.400002,94.800003,96.699997,1576818.0,2.1119324850664993,-2.219928801650572
1656,2005-11-29,NSE:HMT,96.0,96.0,92.800003,93.75,803278.0,-3.050669174271015,2.1119324850664993
1657,2005-11-30,NSE:HMT,93.5,103.1,93.5,97.699997,8851051.0,4.213330133333329,-3.050669174271015
1658,2005-12-01,NSE:HMT,98.0,101.6,96.400002,99.150002,5431963.0,1.484140270751497,4.213330133333329
1659,2005-12-02,NSE:HMT,99.0,104.2,99.0,100.2,5024244.0,1.0589994743520048,1.484140270751497
1660,2005-12-05,NSE:HMT,88.0,101.1,85.199997,97.599998,1764426.0,-2.5948123752495045,1.0589994743520048
1661,2005-12-06,NSE:HMT,97.599998,102.8,97.050003,100.55,5558036.0,3.0225430947242415,-2.5948123752495045
1662,2005-12-07,NSE:HMT,100.9,102.4,99.550003,99.949997,3065988.0,-0.5967210343112889,3.0225430947242415
1663,2005-12-08,NSE:HMT,100.0,101.2,99.099998,99.449997,1575668.0,-0.500250140077543,-0.5967210343112889
1664,2005-12-09,NSE:HMT,99.550003,100.0,97.050003,97.550003,922118.0,-1.9105018173102533,-0.500250140077543
1665,2005-12-12,NSE:HMT,98.599998,98.599998,96.099998,96.699997,732277.0,-0.8713541505478043,-1.9105018173102533
1666,2005-12-13,NSE:HMT,97.0,99.199997,96.150002,97.099998,1540619.0,0.4136515123159757,-0.8713541505478043
1667,2005-12-14,NSE:HMT,97.0,97.900002,95.550003,95.849998,481934.0,-1.2873326732715278,0.4136515123159757
1668,2005-12-15,NSE:HMT,96.449997,96.699997,93.050003,94.300003,531487.0,-1.6171048850726062,-1.2873326732715278
1669,2005-12-16,NSE:HMT,94.800003,95.800003,93.400002,93.849998,357915.0,-0.47720571122357697,-1.6171048850726062
1670,2005-12-19,NSE:HMT,94.949997,96.699997,94.199997,94.849998,497701.0,1.0655301239324482,-0.47720571122357697
1671,2005-12-20,NSE:HMT,95.0,96.199997,93.800003,94.099998,369157.0,-0.7907222096093245,1.0655301239324482
1672,2005-12-21,NSE:HMT,94.699997,95.900002,93.5,93.949997,565113.0,-0.15940595450384937,-0.7907222096093245
1673,2005-12-22,NSE:HMT,94.900002,95.0,92.75,93.300003,236247.0,-0.691851006658353,-0.15940595450384937
1674,2005-12-23,NSE:HMT,93.5,94.550003,91.099998,91.5,296583.0,-1.9292636035606598,-0.691851006658353
1675,2005-12-26,NSE:HMT,91.900002,94.300003,85.650002,86.599998,292184.0,-5.3551934426229515,-1.9292636035606598
1676,2005-12-27,NSE:HMT,87.0,89.449997,85.650002,87.449997,734554.0,0.9815231173561885,-5.3551934426229515
1677,2005-12-28,NSE:HMT,88.0,89.400002,87.0,87.199997,546375.0,-0.28587765417533406,0.9815231173561885
1678,2005-12-29,NSE:HMT,87.5,95.400002,86.599998,94.099998,3467505.0,7.912845455717164,-0.28587765417533406
1679,2005-12-30,NSE:HMT,95.099998,97.5,93.599998,94.949997,2894851.0,0.9032933241932659,7.912845455717164
1680,2006-01-02,NSE:HMT,95.0,95.849998,92.650002,93.25,971143.0,-1.7904129054369493,0.9032933241932659
1681,2006-01-03,NSE:HMT,95.449997,96.800003,93.849998,95.050003,1504439.0,1.9302981233244008,-1.7904129054369493
1682,2006-01-04,NSE:HMT,95.849998,96.0,93.099998,93.5,535561.0,-1.6307237780939405,1.9302981233244008
1683,2006-01-05,NSE:HMT,94.0,95.449997,92.5,92.800003,453256.0,-0.7486598930481243,-1.6307237780939405
1684,2006-01-06,NSE:HMT,93.0,95.0,92.599998,92.849998,429830.0,0.053873920672174516,-0.7486598930481243
1685,2006-01-09,NSE:HMT,93.0,94.099998,92.150002,92.699997,695652.0,-0.1615519690156624,0.053873920672174516
1686,2006-01-10,NSE:HMT,93.0,101.5,91.349998,96.599998,2974359.0,4.207120956001761,-0.1615519690156624
1687,2006-01-12,NSE:HMT,97.0,97.449997,94.199997,94.949997,1151910.0,-1.7080756047220653,4.207120956001761
1688,2006-01-13,NSE:HMT,95.25,95.949997,92.800003,93.349998,557004.0,-1.6850964197502785,-1.7080756047220653
1689,2006-01-16,NSE:HMT,94.099998,96.099998,93.0,93.25,888373.0,-0.10712158772622508,-1.6850964197502785
1690,2006-01-17,NSE:HMT,93.0,93.800003,88.650002,89.599998,694282.0,-3.91421126005362,-0.10712158772622508
1691,2006-01-18,NSE:HMT,99.949997,99.949997,88.199997,88.849998,404328.0,-0.8370535901128033,-3.91421126005362
1692,2006-01-19,NSE:HMT,89.699997,90.900002,89.5,90.050003,280572.0,1.350596541375279,-0.8370535901128033
1693,2006-01-20,NSE:HMT,90.699997,91.800003,89.5,90.050003,363100.0,0.0,1.350596541375279
1694,2006-01-23,NSE:HMT,89.5,91.699997,88.599998,89.349998,328018.0,-0.7773514455074525,0.0
1695,2006-01-24,NSE:HMT,90.349998,90.75,88.099998,88.599998,149588.0,-0.8393956539316318,-0.7773514455074525
1696,2006-01-25,NSE:HMT,89.150002,89.75,86.099998,86.550003,194218.0,-2.3137641605815786,-0.8393956539316318
1697,2006-01-27,NSE:HMT,87.5,88.0,86.5,86.699997,155135.0,0.17330328688722565,-2.3137641605815786
1698,2006-01-30,NSE:HMT,87.449997,87.449997,84.5,84.699997,162289.0,-2.306805154791413,0.17330328688722565
1699,2006-01-31,NSE:HMT,85.900002,90.849998,84.099998,88.699997,1150352.0,4.7225503443642385,-2.306805154791413
1700,2006-02-01,NSE:HMT,90.0,90.0,83.0,83.349998,527209.0,-6.031566156648232,4.7225503443642385
1701,2006-02-02,NSE:HMT,84.0,84.849998,82.150002,83.0,274012.0,-0.4199136273524558,-6.031566156648232
1702,2006-02-03,NSE:HMT,82.949997,85.900002,82.199997,82.900002,344265.0,-0.12047951807228839,-0.4199136273524558
1703,2006-02-06,NSE:HMT,84.75,85.0,82.75,83.099998,177344.0,0.24124969261158613,-0.12047951807228839
1704,2006-02-07,NSE:HMT,83.650002,85.0,83.050003,83.449997,237901.0,0.4211781088129471,0.24124969261158613
1705,2006-02-08,NSE:HMT,85.0,92.0,84.5,88.25,825834.0,5.751951075564453,0.4211781088129471
1706,2006-02-10,NSE:HMT,88.949997,91.0,85.099998,85.449997,343371.0,-3.172807932011336,5.751951075564453
1707,2006-02-13,NSE:HMT,86.0,86.0,84.050003,84.5,133119.0,-1.1117577921038384,-3.172807932011336
1708,2006-02-14,NSE:HMT,84.699997,88.0,84.25,84.949997,336165.0,0.5325408284023624,-1.1117577921038384
1709,2006-02-15,NSE:HMT,87.699997,89.650002,84.5,84.949997,246734.0,0.0,0.5325408284023624
1710,2006-02-16,NSE:HMT,87.0,87.0,84.0,84.300003,123691.0,-0.7651489381453332,0.0
1711,2006-02-17,NSE:HMT,85.25,89.0,81.75,82.150002,216453.0,-2.55041627934462,-0.7651489381453332
1712,2006-02-20,NSE:HMT,82.5,83.699997,80.650002,80.949997,225510.0,-1.46074859499091,-2.55041627934462
1713,2006-02-21,NSE:HMT,81.099998,82.900002,80.300003,80.5,198069.0,-0.5558950175130905,-1.46074859499091
1714,2006-02-22,NSE:HMT,81.900002,83.25,79.650002,80.050003,330208.0,-0.5590024844720449,-0.5558950175130905
1715,2006-02-23,NSE:HMT,80.599998,81.0,78.550003,79.050003,118414.0,-1.2492191911598054,-0.5590024844720449
1716,2006-02-24,NSE:HMT,79.800003,84.699997,78.5,82.949997,940368.0,4.933578560395491,-1.2492191911598054
1717,2006-02-27,NSE:HMT,83.800003,84.25,82.050003,82.550003,353129.0,-0.4822109879039446,4.933578560395491
1718,2006-02-28,NSE:HMT,82.800003,84.849998,81.800003,82.150002,484782.0,-0.4845560090409726,-0.4822109879039446
1719,2006-03-01,NSE:HMT,82.699997,82.900002,80.800003,81.050003,170348.0,-1.3390127488980423,-0.4845560090409726
1720,2006-03-02,NSE:HMT,82.25,84.0,80.5,80.75,154849.0,-0.3701455754418711,-1.3390127488980423
1721,2006-03-03,NSE:HMT,81.800003,81.800003,79.550003,79.699997,95190.0,-1.3003133126935031,-0.3701455754418711
1722,2006-03-06,NSE:HMT,80.699997,82.0,79.099998,79.599998,146509.0,-0.12546926444676887,-1.3003133126935031
1723,2006-03-07,NSE:HMT,79.599998,81.449997,79.099998,80.199997,204619.0,0.7537676068785791,-0.12546926444676887
1724,2006-03-08,NSE:HMT,81.0,83.5,79.0,79.449997,356371.0,-0.9351621297442193,0.7537676068785791
1725,2006-03-09,NSE:HMT,82.25,82.25,78.5,79.099998,117210.0,-0.4405273923421254,-0.9351621297442193
1726,2006-03-10,NSE:HMT,80.0,80.949997,78.099998,79.099998,174403.0,0.0,-0.4405273923421254
1727,2006-03-13,NSE:HMT,79.349998,82.5,79.25,79.599998,366720.0,0.632111267562864,0.0
1728,2006-03-14,NSE:HMT,80.5,80.5,78.099998,78.550003,105123.0,-1.3190892291228395,0.632111267562864
1729,2006-03-16,NSE:HMT,78.5,79.800003,77.699997,77.900002,71316.0,-0.8274996501273248,-1.3190892291228395
1730,2006-03-17,NSE:HMT,78.099998,79.849998,75.699997,76.099998,89947.0,-2.3106597609586728,-0.8274996501273248
1731,2006-03-20,NSE:HMT,76.199997,77.900002,72.150002,74.150002,118038.0,-2.56241268232359,-2.3106597609586728
1732,2006-03-21,NSE:HMT,74.5,77.0,73.599998,73.900002,215792.0,-0.3371544076290112,-2.56241268232359
1733,2006-03-22,NSE:HMT,74.0,74.0,70.699997,71.150002,107858.0,-3.721244824864822,-0.3371544076290112
1734,2006-03-23,NSE:HMT,72.599998,73.0,69.099998,69.349998,107847.0,-2.5298720300809,-3.721244824864822
1735,2006-03-24,NSE:HMT,70.949997,71.449997,68.0,69.550003,490782.0,0.2883994315327946,-2.5298720300809
1736,2006-03-27,NSE:HMT,70.5,70.849998,68.5,68.699997,157741.0,-1.222150917808023,0.2883994315327946
1737,2006-03-28,NSE:HMT,68.699997,69.800003,66.5,66.900002,119351.0,-2.620080172638138,-1.222150917808023
1738,2006-03-29,NSE:HMT,67.75,68.5,67.150002,67.300003,132919.0,0.5979088012583366,-2.620080172638138
1739,2006-03-30,NSE:HMT,67.599998,71.400002,67.300003,69.849998,341898.0,3.788996859331485,0.5979088012583366
1740,2006-03-31,NSE:HMT,70.699997,71.900002,69.099998,70.800003,142426.0,1.3600644627076501,3.788996859331485
1741,2006-04-03,NSE:HMT,71.5,78.25,71.5,77.400002,895249.0,9.322032090874341,1.3600644627076501
1742,2006-04-04,NSE:HMT,77.949997,83.400002,77.400002,79.900002,1709552.0,3.2299740767448557,9.322032090874341
1743,2006-04-05,NSE:HMT,80.400002,82.0,79.5,79.75,347300.0,-0.1877371667650279,3.2299740767448557
1744,2006-04-07,NSE:HMT,80.800003,81.199997,76.5,77.050003,298394.0,-3.3855761755485845,-0.1877371667650279
1745,2006-04-10,NSE:HMT,78.599998,78.599998,75.099998,75.699997,140528.0,-1.7521167390480277,-3.3855761755485845
1746,2006-04-12,NSE:HMT,75.699997,77.800003,75.0,75.599998,178559.0,-0.132099080532324,-1.7521167390480277
1747,2006-04-13,NSE:HMT,76.449997,76.599998,70.699997,72.050003,108847.0,-4.695760706237049,-0.132099080532324
1748,2006-04-17,NSE:HMT,73.599998,75.0,72.099998,72.849998,96382.0,1.1103330557807132,-4.695760706237049
1749,2006-04-18,NSE:HMT,74.300003,75.0,72.5,73.550003,97637.0,0.9608854072995369,1.1103330557807132
1750,2006-04-19,NSE:HMT,73.800003,74.5,72.099998,72.599998,65429.0,-1.2916450866766171,0.9608854072995369
1751,2006-04-20,NSE:HMT,73.699997,76.75,72.400002,76.099998,266109.0,4.820936771926633,-1.2916450866766171
1752,2006-04-21,NSE:HMT,79.0,82.650002,78.0,78.349998,477890.0,2.9566360829602125,4.820936771926633
1753,2006-04-24,NSE:HMT,79.099998,80.0,77.050003,77.5,116141.0,-1.0848730334364518,2.9566360829602125
1754,2006-04-25,NSE:HMT,77.5,77.900002,74.0,74.449997,88949.0,-3.935487741935489,-1.0848730334364518
1755,2006-04-26,NSE:HMT,76.300003,79.0,72.300003,77.0,183081.0,3.4251216961096773,-3.935487741935489
1756,2006-04-27,NSE:HMT,77.800003,82.400002,77.800003,78.400002,364854.0,1.8181844155844162,3.4251216961096773
1757,2006-04-28,NSE:HMT,77.0,77.0,70.0,75.900002,127943.0,-3.1887754288577694,1.8181844155844162
1758,2006-05-02,NSE:HMT,78.599998,85.699997,78.599998,79.699997,386753.0,5.006580895742263,-3.1887754288577694
1759,2006-05-03,NSE:HMT,81.300003,86.0,79.949997,80.349998,221960.0,0.8155596291929638,5.006580895742263
1760,2006-05-04,NSE:HMT,81.0,81.5,78.5,78.949997,126861.0,-1.7423783881114758,0.8155596291929638
1761,2006-05-05,NSE:HMT,79.349998,80.099998,78.050003,78.650002,95012.0,-0.3799810150721039,-1.7423783881114758
1762,2006-05-08,NSE:HMT,78.650002,79.400002,77.0,78.050003,68247.0,-0.7628721992912306,-0.3799810150721039
1763,2006-05-09,NSE:HMT,78.199997,82.599998,77.550003,80.300003,347776.0,2.8827673459538494,-0.7628721992912306
1764,2006-05-10,NSE:HMT,80.300003,87.75,79.699997,83.699997,1297957.0,4.234114412175043,2.8827673459538494
1765,2006-05-11,NSE:HMT,85.0,85.0,79.0,79.449997,243599.0,-5.077658485459683,4.234114412175043
1766,2006-05-12,NSE:HMT,78.25,82.400002,75.0,79.900002,177425.0,0.5664002731176999,-5.077658485459683
1767,2006-05-15,NSE:HMT,80.0,80.800003,74.400002,75.650002,169429.0,-5.319148803025061,0.5664002731176999
1768,2006-05-16,NSE:HMT,76.099998,78.0,69.75,72.349998,162716.0,-4.362199488111053,-5.319148803025061
1769,2006-05-17,NSE:HMT,82.400002,86.800003,73.550003,74.550003,148942.0,3.040781010111437,-4.362199488111053
1770,2006-05-18,NSE:HMT,73.5,73.5,68.25,69.25,161117.0,-7.109326340335631,3.040781010111437
1771,2006-05-19,NSE:HMT,69.0,73.0,63.0,63.950001,123131.0,-7.653428158844765,-7.109326340335631
1772,2006-05-22,NSE:HMT,66.0,66.0,51.299999,54.25,165768.0,-15.168101404720854,-7.653428158844765
1773,2006-05-23,NSE:HMT,57.900002,58.849998,43.400002,57.099998,253355.0,5.253452534562211,-15.168101404720854
1774,2006-05-24,NSE:HMT,58.450001,64.0,56.0,60.450001,229755.0,5.866905634567625,5.253452534562211
1775,2006-05-25,NSE:HMT,60.5,64.900002,59.5,62.650002,140802.0,3.6393729753619035,5.866905634567625
1776,2006-05-26,NSE:HMT,64.650002,66.0,63.5,65.599998,167280.0,4.708692587112765,3.6393729753619035
1777,2006-05-29,NSE:HMT,65.550003,67.900002,65.199997,65.949997,97998.0,0.5335350772419183,4.708692587112765
1778,2006-05-30,NSE:HMT,67.550003,67.550003,65.099998,65.449997,73351.0,-0.7581501482100144,0.5335350772419183
1779,2006-05-31,NSE:HMT,64.550003,65.0,58.799999,61.0,106672.0,-6.799078997665953,-0.7581501482100144
1780,2006-06-01,NSE:HMT,63.0,63.5,59.25,59.950001,81814.0,-1.7213098360655734,-6.799078997665953
1781,2006-06-02,NSE:HMT,56.099998,59.950001,56.099998,57.5,109226.0,-4.086740549011834,-1.7213098360655734
1782,2006-06-05,NSE:HMT,61.0,61.0,57.150002,57.349998,74033.0,-0.26087304347826196,-4.086740549011834
1783,2006-06-06,NSE:HMT,57.0,57.0,52.5,53.599998,78735.0,-6.538797089408792,-0.26087304347826196
1784,2006-06-07,NSE:HMT,49.150002,54.0,43.599998,46.0,177923.0,-14.179101275339598,-6.538797089408792
1785,2006-06-08,NSE:HMT,45.700001,45.700001,37.150002,37.650002,285955.0,-18.152169565217392,-14.179101275339598
1786,2006-06-09,NSE:HMT,37.0,42.0,37.0,41.5,264254.0,10.225757756931857,-18.152169565217392
1787,2006-06-12,NSE:HMT,44.049999,45.75,39.049999,42.900002,399769.0,3.3734987951807245,10.225757756931857
1788,2006-06-13,NSE:HMT,39.799999,42.450001,39.049999,39.700001,124947.0,-7.459209442461098,3.3734987951807245
1789,2006-06-14,NSE:HMT,41.900002,42.5,38.549999,39.25,154674.0,-1.1335037497858005,-7.459209442461098
1790,2006-06-15,NSE:HMT,41.799999,41.799999,40.150002,41.5,88760.0,5.7324840764331215,-1.1335037497858005
1791,2006-06-16,NSE:HMT,44.5,45.799999,42.25,43.099998,235345.0,3.855416867469878,5.7324840764331215
1792,2006-06-19,NSE:HMT,43.5,43.5,42.0,43.099998,71725.0,0.0,3.855416867469878
1793,2006-06-20,NSE:HMT,42.0,48.5,41.0,45.299999,356908.0,5.104410909717445,0.0
1794,2006-06-21,NSE:HMT,45.700001,49.200001,45.700001,47.900002,271953.0,5.739521098002676,5.104410909717445
1795,2006-06-22,NSE:HMT,48.0,57.5,48.0,56.799999,1138486.0,18.580368744034708,5.739521098002676
1796,2006-06-23,NSE:HMT,57.0,66.5,54.150002,64.550003,3607771.0,13.64437347965447,18.580368744034708
1797,2006-06-26,NSE:HMT,70.0,74.449997,62.5,65.5,4142457.0,1.4717226271856194,13.64437347965447
1798,2006-06-27,NSE:HMT,68.800003,69.800003,63.150002,65.150002,1995384.0,-0.5343480916030524,1.4717226271856194
1799,2006-06-28,NSE:HMT,64.0,64.599998,61.0,62.049999,649908.0,-4.75825465055243,-0.5343480916030524
1800,2006-06-29,NSE:HMT,63.700001,66.5,62.900002,63.849998,1407643.0,2.900884817097257,-4.75825465055243
1801,2006-06-30,NSE:HMT,66.199997,68.0,64.550003,64.949997,648965.0,1.722786271661272,2.900884817097257
1802,2006-07-03,NSE:HMT,66.0,66.0,63.049999,63.5,350001.0,-2.2324820122778393,1.722786271661272
1803,2006-07-04,NSE:HMT,64.5,65.449997,62.549999,62.75,466863.0,-1.1811023622047243,-2.2324820122778393
1804,2006-07-05,NSE:HMT,61.5,63.75,61.5,62.599998,259710.0,-0.23904701195219225,-1.1811023622047243
1805,2006-07-06,NSE:HMT,64.0,68.199997,63.5,65.800003,1765422.0,5.111829236799664,-0.23904701195219225
1806,2006-07-07,NSE:HMT,66.550003,68.199997,63.25,63.900002,1078770.0,-2.8875393820270845,5.111829236799664
1807,2006-07-10,NSE:HMT,65.0,65.0,61.75,62.599998,230821.0,-2.0344349910974984,-2.8875393820270845
1808,2006-07-11,NSE:HMT,63.400002,63.400002,61.5,61.75,190367.0,-1.3578243245311274,-2.0344349910974984
1809,2006-07-12,NSE:HMT,61.0,61.5,58.5,60.0,178803.0,-2.834008097165992,-1.3578243245311274
1810,2006-07-13,NSE:HMT,60.5,61.200001,59.849998,60.049999,100695.0,0.08333166666666614,-2.834008097165992
1811,2006-07-14,NSE:HMT,59.099998,59.349998,58.049999,58.25,81952.0,-2.997500466236477,0.08333166666666614
1812,2006-07-17,NSE:HMT,59.0,59.0,55.0,55.650002,86089.0,-4.463515879828325,-2.997500466236477
1813,2006-07-18,NSE:HMT,56.0,56.0,52.900002,53.549999,93984.0,-3.7735901608772644,-4.463515879828325
1814,2006-07-19,NSE:HMT,53.5,55.5,50.5,50.799999,202653.0,-5.135387584227593,-3.7735901608772644
1815,2006-07-20,NSE:HMT,53.0,53.0,50.799999,51.75,117852.0,1.8700807454740311,-5.135387584227593
1816,2006-07-21,NSE:HMT,52.450001,52.450001,50.25,50.75,135450.0,-1.932367149758454,1.8700807454740311
1817,2006-07-24,NSE:HMT,48.200001,48.5,46.099998,46.75,206672.0,-7.8817733990147785,-1.932367149758454
1818,2006-07-25,NSE:HMT,48.0,48.799999,47.599998,48.0,111687.0,2.6737967914438503,-7.8817733990147785
1819,2006-07-26,NSE:HMT,48.599998,49.5,48.0,48.700001,139916.0,1.4583354166666673,2.6737967914438503
1820,2006-07-27,NSE:HMT,49.849998,50.299999,48.549999,49.0,115522.0,0.6160143610674662,1.4583354166666673
1821,2006-07-28,NSE:HMT,49.0,52.0,48.549999,50.75,264216.0,3.571428571428571,0.6160143610674662
1822,2006-07-31,NSE:HMT,51.75,52.25,50.5,51.099998,82056.0,0.6896512315270924,3.571428571428571
1823,2006-08-01,NSE:HMT,50.5,51.0,49.25,50.099998,58182.0,-1.9569472390194613,0.6896512315270924
1824,2006-08-02,NSE:HMT,49.950001,52.5,49.549999,51.150002,200945.0,2.095816450930799,-1.9569472390194613
1825,2006-08-03,NSE:HMT,52.0,54.0,51.599998,52.25,220680.0,2.1505336402528377,2.095816450930799
1826,2006-08-04,NSE:HMT,52.099998,52.799999,51.099998,51.400002,85281.0,-1.6267904306220085,2.1505336402528377
1827,2006-08-07,NSE:HMT,52.400002,52.400002,51.0,51.299999,79802.0,-0.1945583581883926,-1.6267904306220085
1828,2006-08-08,NSE:HMT,51.299999,53.0,51.299999,51.950001,136040.0,1.2670604535489378,-0.1945583581883926
1829,2006-08-09,NSE:HMT,52.650002,53.700001,52.0,52.200001,144011.0,0.48123194453836493,1.2670604535489378
1830,2006-08-10,NSE:HMT,53.5,53.5,51.5,52.900002,136498.0,1.3409980586015704,0.48123194453836493
1831,2006-08-11,NSE:HMT,53.099998,60.0,52.599998,57.650002,1023214.0,8.979205709670863,1.3409980586015704
1832,2006-08-14,NSE:HMT,59.0,59.400002,57.0,57.75,291331.0,0.17345706249932022,8.979205709670863
1833,2006-08-16,NSE:HMT,58.950001,61.849998,57.299999,59.650002,640602.0,3.2900467532467546,0.17345706249932022
1834,2006-08-17,NSE:HMT,60.0,60.799999,57.5,58.049999,210754.0,-2.682318434792342,3.2900467532467546
1835,2006-08-18,NSE:HMT,58.5,59.849998,57.799999,58.200001,128872.0,0.2584013825736683,-2.682318434792342
1836,2006-08-21,NSE:HMT,58.549999,58.700001,57.700001,57.849998,82112.0,-0.6013797147529275,0.2584013825736683
1837,2006-08-22,NSE:HMT,58.700001,61.25,58.099998,58.950001,329849.0,1.9014745687631673,-0.6013797147529275
1838,2006-08-23,NSE:HMT,58.950001,61.299999,58.0,58.549999,376552.0,-0.6785445177515783,1.9014745687631673
1839,2006-08-24,NSE:HMT,58.0,64.400002,58.0,62.75,1928944.0,7.173357936351119,-0.6785445177515783
1840,2006-08-25,NSE:HMT,63.25,65.25,61.75,62.5,878724.0,-0.398406374501992,7.173357936351119
1841,2006-08-28,NSE:HMT,63.0,66.650002,62.5,65.949997,1112080.0,5.519995199999994,-0.398406374501992
1842,2006-08-29,NSE:HMT,66.5,67.5,64.099998,64.449997,461086.0,-2.274450444630043,5.519995199999994
1843,2006-08-30,NSE:HMT,65.5,65.5,63.049999,63.5,209435.0,-1.4740062749731335,-2.274450444630043
1844,2006-08-31,NSE:HMT,65.0,66.800003,63.700001,65.400002,867485.0,2.9921291338582687,-1.4740062749731335
1845,2006-09-01,NSE:HMT,64.0,65.699997,64.0,64.400002,166555.0,-1.529051941007586,2.9921291338582687
1846,2006-09-04,NSE:HMT,64.449997,66.400002,64.449997,65.349998,244747.0,1.4751490225108979,-1.529051941007586
1847,2006-09-05,NSE:HMT,65.5,68.0,65.300003,67.349998,584513.0,3.0604438580089934,1.4751490225108979
1848,2006-09-06,NSE:HMT,67.949997,73.199997,67.050003,72.349998,1923573.0,7.423905194473799,3.0604438580089934
1849,2006-09-07,NSE:HMT,71.75,73.25,70.650002,71.75,1076785.0,-0.8292992627311467,7.423905194473799
1850,2006-09-08,NSE:HMT,71.800003,86.099998,71.300003,86.099998,6471211.0,19.99999721254355,-0.8292992627311467
1851,2006-09-11,NSE:HMT,87.5,89.699997,72.150002,73.5,5627952.0,-14.63414435851671,19.99999721254355
1852,2006-09-12,NSE:HMT,75.650002,81.699997,71.550003,78.949997,6920692.0,7.414961904761899,-14.63414435851671
1853,2006-09-13,NSE:HMT,79.25,86.0,79.199997,84.050003,8530198.0,6.459792519054824,7.414961904761899
1854,2006-09-14,NSE:HMT,83.75,91.400002,78.900002,86.699997,14590057.0,3.152877936244681,6.459792519054824
1855,2006-09-15,NSE:HMT,94.800003,94.800003,83.5,85.699997,5114067.0,-1.1534025773957064,3.152877936244681
1856,2006-09-18,NSE:HMT,86.0,90.199997,85.5,86.699997,3927322.0,1.1668611843708698,-1.1534025773957064
1857,2006-09-19,NSE:HMT,87.0,88.800003,82.400002,83.550003,2423354.0,-3.633211198381002,1.1668611843708698
1858,2006-09-20,NSE:HMT,82.0,85.699997,81.050003,84.25,1307433.0,0.8378180429269358,-3.633211198381002
1859,2006-09-21,NSE:HMT,84.800003,87.599998,84.050003,84.300003,1560670.0,0.059350741839767115,0.8378180429269358
1860,2006-09-22,NSE:HMT,84.5,85.25,82.199997,82.699997,712112.0,-1.8979904425389018,0.059350741839767115
1861,2006-09-25,NSE:HMT,83.0,84.400002,81.0,81.949997,477267.0,-0.9068924150021433,-1.8979904425389018
1862,2006-09-26,NSE:HMT,82.699997,83.199997,81.0,81.5,370083.0,-0.549111673548928,-0.9068924150021433
1863,2006-09-27,NSE:HMT,82.300003,83.900002,80.099998,80.699997,461570.0,-0.9815987730061396,-0.549111673548928
1864,2006-09-28,NSE:HMT,81.0,82.400002,78.5,80.199997,553991.0,-0.6195787095258505,-0.9815987730061396
1865,2006-09-29,NSE:HMT,80.199997,84.849998,80.0,84.300003,1102761.0,5.11222712389878,-0.6195787095258505
1866,2006-10-03,NSE:HMT,84.949997,87.5,84.25,86.599998,1875800.0,2.7283450986354003,5.11222712389878
1867,2006-10-04,NSE:HMT,86.699997,88.0,84.699997,85.400002,1697829.0,-1.3856767063666662,2.7283450986354003
1868,2006-10-05,NSE:HMT,86.199997,88.699997,85.099998,86.449997,1212956.0,1.2295023131264045,-1.3856767063666662
1869,2006-10-06,NSE:HMT,86.699997,86.800003,82.0,83.75,463528.0,-3.1231892350441566,1.2295023131264045
1870,2006-10-09,NSE:HMT,83.0,86.300003,82.5,85.0,1145997.0,1.4925373134328357,-3.1231892350441566
1871,2006-10-10,NSE:HMT,85.5,86.449997,83.050003,83.449997,480426.0,-1.823532941176475,1.4925373134328357
1872,2006-10-11,NSE:HMT,85.0,85.0,81.650002,82.300003,303505.0,-1.3780635606254037,-1.823532941176475
1873,2006-10-12,NSE:HMT,82.800003,82.800003,81.099998,82.099998,258230.0,-0.24301943221071864,-1.3780635606254037
1874,2006-10-13,NSE:HMT,83.0,84.449997,82.0,82.400002,333089.0,0.36541291998569997,-0.24301943221071864
1875,2006-10-16,NSE:HMT,82.900002,83.25,80.0,82.099998,279660.0,-0.36408251543489195,0.36541291998569997
1876,2006-10-17,NSE:HMT,82.349998,82.400002,80.099998,80.699997,182207.0,-1.7052387747926656,-0.36408251543489195
1877,2006-10-18,NSE:HMT,80.699997,84.300003,80.699997,82.949997,369843.0,2.788104192866327,-1.7052387747926656
1878,2006-10-19,NSE:HMT,82.349998,83.800003,81.050003,81.5,187288.0,-1.7480374351309458,2.788104192866327
1879,2006-10-20,NSE:HMT,82.0,86.199997,81.699997,82.699997,1336918.0,1.47238895705521,-1.7480374351309458
1880,2006-10-23,NSE:HMT,82.849998,83.5,81.0,81.550003,176385.0,-1.3905611145306238,1.47238895705521
1881,2006-10-26,NSE:HMT,81.699997,82.75,81.0,81.300003,143760.0,-0.3065603811197898,-1.3905611145306238
1882,2006-10-27,NSE:HMT,82.0,83.75,81.650002,82.099998,224351.0,0.984003653726797,-0.3065603811197898
1883,2006-10-30,NSE:HMT,81.5,83.5,80.650002,81.849998,287827.0,-0.3045067065653278,0.984003653726797
1884,2006-10-31,NSE:HMT,82.699997,82.800003,80.0,80.949997,211097.0,-1.0995736371306974,-0.3045067065653278
1885,2006-11-02,NSE:HMT,82.75,83.5,80.699997,81.550003,385628.0,0.7412057099891031,-1.0995736371306974
1886,2006-11-03,NSE:HMT,82.0,82.550003,79.900002,80.199997,125666.0,-1.6554334154960209,0.7412057099891031
1887,2006-11-06,NSE:HMT,81.0,81.949997,79.199997,79.800003,269239.0,-0.49874565456653625,-1.6554334154960209
1888,2006-11-07,NSE:HMT,81.0,81.25,78.199997,79.199997,168081.0,-0.7518871897786865,-0.49874565456653625
1889,2006-11-08,NSE:HMT,79.650002,80.0,77.199997,78.050003,118180.0,-1.4520126812630971,-0.7518871897786865
1890,2006-11-09,NSE:HMT,78.099998,80.0,77.800003,78.099998,122806.0,0.06405509042708886,-1.4520126812630971
1891,2006-11-10,NSE:HMT,78.900002,85.5,77.150002,81.699997,601276.0,4.609473869640812,0.06405509042708886
1892,2006-11-13,NSE:HMT,81.699997,83.5,80.5,81.349998,411085.0,-0.4283953645677574,4.609473869640812
1893,2006-11-14,NSE:HMT,81.349998,85.0,81.099998,81.400002,272828.0,0.061467733533320155,-0.4283953645677574
1894,2006-11-15,NSE:HMT,81.5,82.099998,80.550003,81.800003,179166.0,0.49140170782797177,0.061467733533320155
1895,2006-11-16,NSE:HMT,79.849998,79.849998,79.849998,79.849998,134239.0,-2.383869105726077,0.49140170782797177
1896,2006-11-17,NSE:HMT,80.050003,80.800003,77.400002,78.449997,110684.0,-1.7532887101637789,-2.383869105726077
1897,2006-11-20,NSE:HMT,77.5,78.400002,75.5,76.949997,91771.0,-1.912045962219731,-1.7532887101637789
1898,2006-11-21,NSE:HMT,78.050003,78.5,77.0,77.550003,57885.0,0.7797349231865566,-1.912045962219731
1899,2006-11-22,NSE:HMT,77.599998,81.5,77.599998,79.199997,355769.0,2.1276517552165566,0.7797349231865566
1900,2006-11-23,NSE:HMT,81.0,82.900002,79.400002,79.800003,275256.0,0.7575833620296824,2.1276517552165566
1901,2006-11-24,NSE:HMT,80.550003,80.550003,78.5,78.949997,97868.0,-1.0651703860211728,0.7575833620296824
1902,2006-11-27,NSE:HMT,79.800003,80.0,78.25,78.599998,76881.0,-0.443317306269178,-1.0651703860211728
1903,2006-11-28,NSE:HMT,77.800003,79.75,73.650002,77.550003,136980.0,-1.3358715352639012,-0.443317306269178
1904,2006-11-29,NSE:HMT,78.5,79.5,77.550003,77.949997,102211.0,0.515788503580061,-1.3358715352639012
1905,2006-11-30,NSE:HMT,78.5,78.550003,76.550003,76.949997,71328.0,-1.2828736863197057,0.515788503580061
1906,2006-12-01,NSE:HMT,77.900002,78.099998,76.5,76.75,44280.0,-0.259905143336128,-1.2828736863197057
1907,2006-12-04,NSE:HMT,76.800003,78.0,76.300003,76.699997,72436.0,-0.06515048859935348,-0.259905143336128
1908,2006-12-05,NSE:HMT,78.0,78.0,76.099998,76.400002,44431.0,-0.39112778583289326,-0.06515048859935348
1909,2006-12-06,NSE:HMT,76.400002,76.400002,76.400002,76.400002,103769.0,0.0,-0.39112778583289326
1910,2006-12-07,NSE:HMT,76.150002,76.150002,76.150002,76.150002,99197.0,-0.3272251223239497,0.0
1911,2006-12-08,NSE:HMT,76.5,77.5,74.099998,74.900002,57277.0,-1.6414970021931188,-0.3272251223239497
1912,2006-12-11,NSE:HMT,74.900002,75.0,69.400002,71.800003,67169.0,-4.138850356773017,-1.6414970021931188
1913,2006-12-12,NSE:HMT,78.0,78.0,69.25,71.5,208266.0,-0.4178314588649861,-4.138850356773017
1914,2006-12-13,NSE:HMT,71.5,78.25,68.599998,74.900002,311650.0,4.755247552447553,-0.4178314588649861
1915,2006-12-14,NSE:HMT,75.099998,81.0,73.5,79.800003,695779.0,6.5420572351920665,4.755247552447553
1916,2006-12-15,NSE:HMT,81.5,82.5,78.050003,80.900002,312661.0,1.3784448103341511,6.5420572351920665
1917,2006-12-18,NSE:HMT,82.25,82.25,77.800003,79.0,83724.0,-2.348580906091944,1.3784448103341511
1918,2006-12-19,NSE:HMT,79.699997,79.699997,76.5,77.449997,63222.0,-1.9620291139240555,-2.348580906091944
1919,2006-12-20,NSE:HMT,78.449997,80.5,76.400002,77.050003,43468.0,-0.5164545067703391,-1.9620291139240555
1920,2006-12-21,NSE:HMT,78.0,78.5,76.5,77.400002,52869.0,0.45424917115187763,-0.5164545067703391
1921,2006-12-22,NSE:HMT,78.0,79.400002,76.650002,77.449997,107627.0,0.06459302158673791,0.45424917115187763
1922,2006-12-26,NSE:HMT,77.699997,79.449997,76.699997,77.800003,99699.0,0.45191221892495054,0.06459302158673791
1923,2006-12-27,NSE:HMT,78.949997,80.0,77.400002,77.900002,201640.0,0.12853341406683086,0.45191221892495054
1924,2006-12-28,NSE:HMT,79.0,79.949997,77.5,79.150002,69665.0,1.6046212681740366,0.12853341406683086
1925,2006-12-29,NSE:HMT,80.0,81.5,79.0,79.75,245953.0,0.7580517812242119,1.6046212681740366
1926,2007-01-02,NSE:HMT,81.199997,81.199997,78.849998,79.349998,36868.0,-0.5015699059561136,0.7580517812242119
1927,2007-01-03,NSE:HMT,79.349998,82.0,79.0,80.349998,213047.0,1.260239477258714,-0.5015699059561136
1928,2007-01-04,NSE:HMT,81.0,83.849998,80.300003,81.650002,595789.0,1.6179266115227549,1.260239477258714
1929,2007-01-05,NSE:HMT,81.5,83.5,80.099998,80.599998,216713.0,-1.285981597404004,1.6179266115227549
1930,2007-01-08,NSE:HMT,82.0,82.0,77.650002,79.050003,95980.0,-1.92307076732185,-1.285981597404004
1931,2007-01-09,NSE:HMT,79.099998,81.400002,77.0,78.650002,135911.0,-0.5060101009736877,-1.92307076732185
1932,2007-01-10,NSE:HMT,77.800003,78.599998,76.300003,77.849998,34058.0,-1.0171697134858322,-0.5060101009736877
1933,2007-01-11,NSE:HMT,78.0,80.199997,78.0,79.349998,90637.0,1.9267823231029497,-1.0171697134858322
1934,2007-01-12,NSE:HMT,79.349998,82.25,79.349998,80.699997,191939.0,1.7013220340597828,1.9267823231029497
1935,2007-01-15,NSE:HMT,81.900002,83.949997,80.449997,81.900002,278131.0,1.4869950986491418,1.7013220340597828
1936,2007-01-16,NSE:HMT,83.0,83.25,80.599998,81.400002,184867.0,-0.610500595592171,1.4869950986491418
1937,2007-01-17,NSE:HMT,81.400002,84.900002,79.550003,80.599998,463441.0,-0.982805872658334,-0.610500595592171
1938,2007-01-18,NSE:HMT,80.849998,83.25,79.900002,80.25,212350.0,-0.43424070556428473,-0.982805872658334
1939,2007-01-19,NSE:HMT,81.0,84.550003,79.050003,83.050003,514538.0,3.4891003115264843,-0.43424070556428473
1940,2007-01-22,NSE:HMT,84.199997,86.400002,81.599998,82.150002,613887.0,-1.0836856923412792,3.4891003115264843
1941,2007-01-23,NSE:HMT,82.699997,82.699997,79.699997,80.150002,169467.0,-2.434570847606309,-1.0836856923412792
1942,2007-01-24,NSE:HMT,82.0,82.0,79.099998,80.199997,129690.0,0.062376791955657804,-2.434570847606309
1943,2007-01-25,NSE:HMT,79.0,81.0,68.0,79.75,395484.0,-0.5610935371980079,0.062376791955657804
1944,2007-01-29,NSE:HMT,77.0,82.0,77.0,79.150002,157291.0,-0.752348589341692,-0.5610935371980079
1945,2007-01-31,NSE:HMT,80.800003,80.800003,78.0,78.0,136839.0,-1.4529399506521814,-0.752348589341692
1946,2007-02-01,NSE:HMT,78.099998,90.0,78.0,87.25,3594644.0,11.858974358974358,-1.4529399506521814
1947,2007-02-02,NSE:HMT,88.0,88.949997,82.050003,82.400002,1657613.0,-5.558736962750715,11.858974358974358
1948,2007-02-05,NSE:HMT,83.25,83.25,79.349998,80.099998,463792.0,-2.7912669225420665,-5.558736962750715
1949,2007-02-06,NSE:HMT,80.800003,83.550003,78.900002,81.550003,561626.0,1.8102434908924774,-2.7912669225420665
1950,2007-02-07,NSE:HMT,82.199997,83.199997,79.5,80.0,269590.0,-1.9006780416672746,1.8102434908924774
1951,2007-02-08,NSE:HMT,79.5,82.599998,78.300003,81.550003,416142.0,1.9375037500000045,-1.9006780416672746
1952,2007-02-09,NSE:HMT,81.0,81.849998,76.150002,77.550003,212483.0,-4.9049660979166365,1.9375037500000045
1953,2007-02-12,NSE:HMT,78.0,79.949997,74.5,75.099998,289838.0,-3.159258420660544,-4.9049660979166365
1954,2007-02-13,NSE:HMT,75.099998,77.0,74.0,75.050003,155362.0,-0.06657124012173152,-3.159258420660544
1955,2007-02-14,NSE:HMT,75.050003,77.25,73.050003,76.050003,160869.0,1.3324449833799472,-0.06657124012173152
1956,2007-02-15,NSE:HMT,77.800003,79.199997,76.0,77.099998,391317.0,1.3806639823538147,1.3324449833799472
1957,2007-02-19,NSE:HMT,77.050003,81.150002,77.0,77.650002,402898.0,0.7133644802429194,1.3806639823538147
1958,2007-02-20,NSE:HMT,79.050003,81.5,75.25,76.0,172548.0,-2.124922031553844,0.7133644802429194
1959,2007-02-21,NSE:HMT,76.199997,79.0,75.599998,77.650002,209320.0,2.171055263157896,-2.124922031553844
1960,2007-02-22,NSE:HMT,77.650002,78.949997,76.5,77.150002,96146.0,-0.6439149866345142,2.171055263157896
1961,2007-02-23,NSE:HMT,77.199997,77.300003,73.75,74.5,129708.0,-3.4348696452399325,-0.6439149866345142
1962,2007-02-26,NSE:HMT,74.099998,78.0,73.5,76.75,112227.0,3.0201342281879198,-3.4348696452399325
1963,2007-02-27,NSE:HMT,75.050003,78.25,74.099998,77.550003,91667.0,1.0423491856677574,3.0201342281879198
1964,2007-02-28,NSE:HMT,73.0,78.0,66.150002,75.0,216789.0,-3.2882049018102597,1.0423491856677574
1965,2007-03-01,NSE:HMT,75.599998,77.0,73.800003,75.75,89476.0,1.0,-3.2882049018102597
1966,2007-03-02,NSE:HMT,76.300003,77.050003,72.550003,73.75,91181.0,-2.6402640264026402,1.0
1967,2007-03-05,NSE:HMT,70.0,72.25,65.050003,70.0,118099.0,-5.084745762711865,-2.6402640264026402
1968,2007-03-06,NSE:HMT,73.400002,78.0,70.5,71.599998,78148.0,2.2857114285714277,-5.084745762711865
1969,2007-03-07,NSE:HMT,73.0,73.0,70.0,71.5,73192.0,-0.13966201507435708,2.2857114285714277
1970,2007-03-08,NSE:HMT,70.550003,75.0,70.25,73.949997,84559.0,3.4265692307692253,-0.13966201507435708
1971,2007-03-09,NSE:HMT,73.699997,75.0,72.099998,72.5,60175.0,-1.9607803364751943,3.4265692307692253
1972,2007-03-12,NSE:HMT,73.0,74.5,72.599998,73.949997,34548.0,1.9999958620689602,-1.9607803364751943
1973,2007-03-13,NSE:HMT,73.949997,74.300003,72.599998,73.949997,35100.0,0.0,1.9999958620689602
1974,2007-03-14,NSE:HMT,72.050003,72.800003,68.0,71.5,45054.0,-3.3130454352824334,0.0
1975,2007-03-15,NSE:HMT,76.099998,83.0,72.0,72.650002,138763.0,1.6083944055944064,-3.3130454352824334
1976,2007-03-16,NSE:HMT,72.650002,73.0,70.099998,70.949997,54474.0,-2.339993053269296,1.6083944055944064
1977,2007-03-19,NSE:HMT,71.050003,73.400002,71.050003,72.75,44481.0,2.537002221437732,-2.339993053269296
1978,2007-03-20,NSE:HMT,72.099998,73.400002,72.099998,72.650002,33927.0,-0.13745429553264518,2.537002221437732
1979,2007-03-21,NSE:HMT,72.699997,74.099998,71.5,73.199997,64913.0,0.7570474671149983,-0.13745429553264518
1980,2007-03-22,NSE:HMT,74.25,74.5,73.0,73.5,43317.0,0.4098401807311602,0.7570474671149983
1981,2007-03-23,NSE:HMT,72.699997,74.199997,72.5,73.0,33428.0,-0.6802721088435374,0.4098401807311602
1982,2007-03-26,NSE:HMT,73.0,73.25,71.5,71.900002,28384.0,-1.506846575342465,-0.6802721088435374
1983,2007-03-28,NSE:HMT,71.900002,72.400002,71.099998,71.5,45416.0,-0.5563309998238952,-1.506846575342465
1984,2007-03-29,NSE:HMT,71.5,73.5,71.5,73.0,46051.0,2.097902097902098,-0.5563309998238952
1985,2007-03-30,NSE:HMT,73.0,73.400002,71.199997,71.800003,24458.0,-1.64383150684931,2.097902097902098
1986,2007-04-02,NSE:HMT,70.25,72.300003,69.800003,71.349998,34100.0,-0.6267478846762784,-1.64383150684931
1987,2007-04-03,NSE:HMT,71.699997,71.699997,71.699997,71.699997,0.0,0.4905382057614029,-0.6267478846762784
1988,2007-04-04,NSE:HMT,71.800003,72.300003,70.599998,71.449997,25115.0,-0.3486750494564177,0.4905382057614029
1989,2007-04-05,NSE:HMT,71.449997,71.949997,71.0,71.5,20613.0,0.06998320797690698,-0.3486750494564177
1990,2007-04-09,NSE:HMT,71.5,73.900002,71.25,72.800003,96942.0,1.8181860139860193,0.06998320797690698
1991,2007-04-10,NSE:HMT,72.800003,75.75,72.599998,73.449997,363070.0,0.8928488643056682,1.8181860139860193
1992,2007-04-11,NSE:HMT,74.199997,74.949997,72.650002,72.849998,156796.0,-0.816880904705819,0.8928488643056682
1993,2007-04-12,NSE:HMT,72.0,73.349998,71.599998,72.0,42812.0,-1.1667783436315253,-0.816880904705819
1994,2007-04-13,NSE:HMT,72.599998,72.650002,71.5,71.800003,28063.0,-0.2777736111111059,-1.1667783436315253
1995,2007-04-16,NSE:HMT,73.25,76.25,72.25,74.949997,447909.0,4.387178089672214,-0.2777736111111059
1996,2007-04-17,NSE:HMT,76.5,76.699997,73.199997,73.699997,223415.0,-1.6677785857683223,4.387178089672214
1997,2007-04-18,NSE:HMT,74.0,74.699997,72.5,72.800003,48094.0,-1.2211588014040116,-1.6677785857683223
1998,2007-04-19,NSE:HMT,72.75,73.699997,71.599998,72.0,50878.0,-1.098905174495671,-1.2211588014040116
1999,2007-04-20,NSE:HMT,72.75,76.650002,72.199997,73.349998,497539.0,1.8749972222222213,-1.098905174495671
2000,2007-04-23,NSE:HMT,74.800003,74.800003,71.5,71.900002,95832.0,-1.976818049810988,1.8749972222222213
2001,2007-04-24,NSE:HMT,72.0,72.400002,71.25,71.650002,52958.0,-0.3477051363642521,-1.976818049810988
2002,2007-04-25,NSE:HMT,72.5,72.949997,71.050003,71.650002,59450.0,0.0,-0.3477051363642521
2003,2007-04-26,NSE:HMT,72.5,73.800003,71.199997,71.400002,38318.0,-0.34891834336585226,0.0
2004,2007-04-27,NSE:HMT,72.0,72.0,69.5,69.900002,49591.0,-2.100840277287387,-0.34891834336585226
2005,2007-04-30,NSE:HMT,69.199997,71.800003,69.199997,70.199997,64220.0,0.42917738400064076,-2.100840277287387
2006,2007-05-03,NSE:HMT,71.0,71.5,70.0,70.150002,53141.0,-0.07121795176144463,0.42917738400064076
2007,2007-05-04,NSE:HMT,70.25,71.599998,68.650002,69.949997,46430.0,-0.2851104694195225,-0.07121795176144463
2008,2007-05-07,NSE:HMT,70.099998,72.5,70.0,70.550003,121688.0,0.857764154014199,-0.2851104694195225
2009,2007-05-08,NSE:HMT,70.949997,71.75,68.849998,69.25,68293.0,-1.8426689507015381,0.857764154014199
2010,2007-05-09,NSE:HMT,69.300003,70.699997,69.150002,70.0,60304.0,1.083032490974729,-1.8426689507015381
2011,2007-05-10,NSE:HMT,70.25,71.0,69.0,69.599998,49963.0,-0.5714314285714295,1.083032490974729
2012,2007-05-11,NSE:HMT,68.0,70.5,67.0,69.150002,49097.0,-0.6465459955904004,-0.5714314285714295
2013,2007-05-14,NSE:HMT,69.5,70.5,69.099998,69.650002,24847.0,0.7230657780747425,-0.6465459955904004
2014,2007-05-15,NSE:HMT,69.0,72.0,68.5,71.050003,102347.0,2.0100516292878257,0.7230657780747425
2015,2007-05-16,NSE:HMT,71.949997,71.949997,69.75,70.150002,42368.0,-1.2667149359585574,2.0100516292878257
2016,2007-05-17,NSE:HMT,71.449997,71.449997,69.5,69.650002,29845.0,-0.7127583545899258,-1.2667149359585574
2017,2007-05-18,NSE:HMT,70.5,70.800003,69.050003,69.199997,48074.0,-0.6460947409592385,-0.7127583545899258
2018,2007-05-21,NSE:HMT,69.400002,70.900002,69.400002,69.599998,48890.0,0.5780361522270054,-0.6460947409592385
2019,2007-05-22,NSE:HMT,69.949997,71.5,69.349998,69.599998,66569.0,0.0,0.5780361522270054
2020,2007-05-23,NSE:HMT,70.0,70.800003,68.699997,68.900002,20054.0,-1.0057414082109581,0.0
2021,2007-05-24,NSE:HMT,68.900002,69.5,68.5,68.849998,15856.0,-0.0725747439020412,-1.0057414082109581
2022,2007-05-25,NSE:HMT,69.099998,69.300003,68.0,68.5,20946.0,-0.5083485986448385,-0.0725747439020412
2023,2007-05-28,NSE:HMT,70.0,70.0,68.550003,68.800003,26928.0,0.43796058394161136,-0.5083485986448385
2024,2007-05-29,NSE:HMT,69.050003,69.050003,68.050003,68.349998,19972.0,-0.6540770063629276,0.43796058394161136
2025,2007-05-30,NSE:HMT,68.400002,68.699997,67.25,67.699997,27585.0,-0.9509890548936127,-0.6540770063629276
2026,2007-05-31,NSE:HMT,69.5,69.5,67.25,67.800003,19331.0,0.14771935661977592,-0.9509890548936127
2027,2007-06-01,NSE:HMT,69.800003,73.949997,68.0,68.800003,402077.0,1.4749261884250948,0.14771935661977592
2028,2007-06-04,NSE:HMT,70.0,71.400002,69.050003,69.25,118518.0,0.654065378456446,1.4749261884250948
2029,2007-06-05,NSE:HMT,69.199997,69.699997,68.349998,68.650002,25913.0,-0.86642310469314,0.654065378456446
2030,2007-06-06,NSE:HMT,68.050003,69.0,67.699997,68.25,32191.0,-0.5826685919106027,-0.86642310469314
2031,2007-06-07,NSE:HMT,69.800003,69.800003,67.599998,68.0,44102.0,-0.3663003663003663,-0.5826685919106027
2032,2007-06-08,NSE:HMT,67.300003,68.099998,67.0,67.599998,23903.0,-0.5882382352941186,-0.3663003663003663
2033,2007-06-11,NSE:HMT,68.0,68.400002,66.800003,67.949997,39616.0,0.5177500153180431,-0.5882382352941186
2034,2007-06-12,NSE:HMT,67.599998,68.449997,67.25,67.849998,30048.0,-0.14716556941127878,0.5177500153180431
2035,2007-06-13,NSE:HMT,68.0,68.25,67.25,67.449997,19515.0,-0.5895372318212937,-0.14716556941127878
2036,2007-06-14,NSE:HMT,70.0,70.150002,67.5,68.699997,43090.0,1.8532246932494307,-0.5895372318212937
2037,2007-06-15,NSE:HMT,69.199997,69.849998,67.5,67.599998,13012.0,-1.6011630975762587,1.8532246932494307
2038,2007-06-18,NSE:HMT,68.0,69.099998,68.0,68.699997,39772.0,1.6272175037638268,-1.6011630975762587
2039,2007-06-19,NSE:HMT,68.849998,69.199997,67.5,68.650002,31069.0,-0.07277292894204286,1.6272175037638268
2040,2007-06-20,NSE:HMT,68.900002,70.900002,68.25,69.849998,86421.0,1.747991209089839,-0.07277292894204286
2041,2007-06-21,NSE:HMT,69.75,72.0,69.5,70.349998,68079.0,0.715819633953318,1.747991209089839
2042,2007-06-22,NSE:HMT,70.599998,71.449997,69.800003,70.050003,74209.0,-0.42643213721199474,0.715819633953318
2043,2007-06-25,NSE:HMT,69.0,69.0,65.099998,67.849998,121066.0,-3.140620850508749,-0.42643213721199474
2044,2007-06-26,NSE:HMT,67.300003,69.75,67.199997,68.099998,44913.0,0.3684598487386838,-3.140620850508749
2045,2007-06-27,NSE:HMT,68.400002,68.5,67.300003,68.050003,21683.0,-0.07341409907236057,0.3684598487386838
2046,2007-06-28,NSE:HMT,66.0,68.75,66.0,68.099998,28668.0,0.07346803496833876,-0.07341409907236057
2047,2007-06-29,NSE:HMT,67.5,70.699997,67.5,68.550003,159502.0,0.6608003130925267,0.07346803496833876
2048,2007-07-02,NSE:HMT,69.849998,70.199997,68.0,68.449997,49128.0,-0.14588766684664856,0.6608003130925267
2049,2007-07-03,NSE:HMT,68.900002,70.199997,68.300003,69.150002,53954.0,1.0226516153097924,-0.14588766684664856
2050,2007-07-04,NSE:HMT,69.0,69.5,67.5,67.849998,50864.0,-1.879976807520557,1.0226516153097924
2051,2007-07-05,NSE:HMT,67.75,69.300003,67.400002,67.849998,33900.0,0.0,-1.879976807520557
2052,2007-07-06,NSE:HMT,68.5,68.800003,67.050003,67.699997,28566.0,-0.2210773830826099,0.0
2053,2007-07-09,NSE:HMT,68.0,68.5,67.25,67.349998,22062.0,-0.5169852518604939,-0.2210773830826099
2054,2007-07-10,NSE:HMT,68.25,68.25,66.5,67.150002,37208.0,-0.2969502686547945,-0.5169852518604939
2055,2007-07-11,NSE:HMT,67.050003,72.699997,66.75,69.199997,387643.0,3.0528591793638302,-0.2969502686547945
2056,2007-07-12,NSE:HMT,71.0,72.0,69.550003,71.25,387309.0,2.962432209354003,3.0528591793638302
2057,2007-07-13,NSE:HMT,71.900002,77.300003,69.800003,72.0,902833.0,1.0526315789473684,2.962432209354003
2058,2007-07-16,NSE:HMT,72.0,74.400002,70.900002,71.199997,121692.0,-1.111115277777783,1.0526315789473684
2059,2007-07-17,NSE:HMT,71.5,72.0,68.699997,69.050003,82009.0,-3.0196546216146505,-1.111115277777783
2060,2007-07-18,NSE:HMT,71.800003,71.800003,68.099998,69.099998,35865.0,0.07240405188685592,-3.0196546216146505
2061,2007-07-19,NSE:HMT,70.0,70.5,69.0,69.5,51474.0,0.5788741122684268,0.07240405188685592
2062,2007-07-20,NSE:HMT,69.5,71.25,68.900002,69.599998,115869.0,0.1438820143884883,0.5788741122684268
2063,2007-07-23,NSE:HMT,69.0,70.400002,68.599998,69.0,57867.0,-0.8620661167260368,0.1438820143884883
2064,2007-07-24,NSE:HMT,70.5,70.900002,68.099998,68.300003,44315.0,-1.014488405797096,-0.8620661167260368
2065,2007-07-25,NSE:HMT,68.150002,68.800003,67.099998,67.900002,32497.0,-0.585652975739991,-1.014488405797096
2066,2007-07-26,NSE:HMT,68.900002,68.900002,67.5,67.650002,25769.0,-0.3681885016733873,-0.585652975739991
2067,2007-07-27,NSE:HMT,69.0,69.0,65.199997,65.349998,50795.0,-3.3998579926132173,-0.3681885016733873
2068,2007-07-30,NSE:HMT,63.099998,66.400002,62.0,65.25,29895.0,-0.15301913245659068,-3.3998579926132173
2069,2007-07-31,NSE:HMT,66.900002,68.5,65.199997,66.25,108662.0,1.532567049808429,-0.15301913245659068
2070,2007-08-01,NSE:HMT,67.0,67.900002,63.0,64.849998,80373.0,-2.1132105660377367,1.532567049808429
2071,2007-08-02,NSE:HMT,66.25,66.25,64.150002,64.199997,25940.0,-1.0023146030012262,-2.1132105660377367
2072,2007-08-03,NSE:HMT,65.150002,67.0,64.699997,65.050003,47553.0,1.3239969466042307,-1.0023146030012262
2073,2007-08-06,NSE:HMT,62.099998,64.949997,62.099998,63.799999,12226.0,-1.9216048306715743,1.3239969466042307
2074,2007-08-07,NSE:HMT,65.849998,66.25,64.199997,64.849998,35642.0,1.6457664834759633,-1.9216048306715743
2075,2007-08-08,NSE:HMT,65.0,65.449997,64.099998,64.599998,24445.0,-0.38550502345427984,1.6457664834759633
2076,2007-08-09,NSE:HMT,65.0,65.599998,64.0,64.25,21258.0,-0.541792586433206,-0.38550502345427984
2077,2007-08-10,NSE:HMT,63.25,63.900002,61.900002,63.400002,44442.0,-1.322954085603112,-0.541792586433206
2078,2007-08-13,NSE:HMT,64.0,64.0,63.0,63.400002,21694.0,0.0,-1.322954085603112
2079,2007-08-14,NSE:HMT,64.0,65.0,63.299999,64.550003,22553.0,1.813881646249795,0.0
2080,2007-08-16,NSE:HMT,62.349998,63.599998,61.599998,62.0,19302.0,-3.9504304902975815,1.813881646249795
2081,2007-08-17,NSE:HMT,62.849998,62.900002,60.700001,61.349998,21929.0,-1.0483903225806461,-3.9504304902975815
2082,2007-08-20,NSE:HMT,63.0,65.0,61.25,61.700001,21756.0,0.5705020560880881,-1.0483903225806461
2083,2007-08-21,NSE:HMT,62.0,62.599998,57.799999,58.549999,27218.0,-5.105351619038062,0.5705020560880881
2084,2007-08-22,NSE:HMT,57.599998,59.950001,57.0,58.150002,56838.0,-0.683171659832136,-5.105351619038062
2085,2007-08-23,NSE:HMT,59.849998,59.849998,56.099998,56.799999,26067.0,-2.3215871944424022,-0.683171659832136
2086,2007-08-24,NSE:HMT,57.099998,57.25,55.599998,56.150002,15146.0,-1.1443609356401556,-2.3215871944424022
2087,2007-08-27,NSE:HMT,57.799999,58.400002,57.049999,57.700001,18373.0,2.760461166145639,-1.1443609356401556
2088,2007-08-28,NSE:HMT,58.0,59.5,57.549999,58.849998,15972.0,1.993062357139299,2.760461166145639
2089,2007-08-29,NSE:HMT,58.75,59.150002,57.799999,58.700001,8966.0,-0.254880212570269,1.993062357139299
2090,2007-08-30,NSE:HMT,58.0,63.799999,58.0,62.200001,81032.0,5.962521193142739,-0.254880212570269
2091,2007-08-31,NSE:HMT,62.450001,64.0,62.0,62.099998,37465.0,-0.16077652474635967,5.962521193142739
2092,2007-09-03,NSE:HMT,62.5,69.699997,61.0,66.650002,630190.0,7.326898786695615,-0.16077652474635967
2093,2007-09-04,NSE:HMT,67.349998,68.0,64.25,64.949997,223121.0,-2.550645084751842,7.326898786695615
2094,2007-09-05,NSE:HMT,65.5,67.5,63.400002,66.300003,138954.0,2.0785312738351744,-2.550645084751842
2095,2007-09-06,NSE:HMT,65.949997,65.949997,64.849998,65.150002,36488.0,-1.7345413996436818,2.0785312738351744
2096,2007-09-07,NSE:HMT,64.400002,66.150002,63.900002,64.400002,50959.0,-1.151189527208303,-1.7345413996436818
2097,2007-09-10,NSE:HMT,65.0,69.0,65.0,66.849998,286551.0,3.8043414967595788,-1.151189527208303
2098,2007-09-11,NSE:HMT,67.949997,69.400002,65.099998,65.75,106491.0,-1.6454720013604178,3.8043414967595788
2099,2007-09-12,NSE:HMT,66.349998,66.849998,64.800003,65.099998,64900.0,-0.9885961977186322,-1.6454720013604178
2100,2007-09-13,NSE:HMT,65.099998,68.150002,65.0,67.300003,297492.0,3.379424066956199,-0.9885961977186322
2101,2007-09-14,NSE:HMT,67.949997,67.949997,64.300003,64.900002,101388.0,-3.566123169415019,3.379424066956199
2102,2007-09-17,NSE:HMT,66.0,66.0,64.349998,65.050003,61351.0,0.23112634110551053,-3.566123169415019
2103,2007-09-18,NSE:HMT,65.0,67.800003,65.0,65.849998,141575.0,1.2298154698009707,0.23112634110551053
2104,2007-09-19,NSE:HMT,66.5,67.5,65.0,66.400002,90861.0,0.8352376867194456,1.2298154698009707
2105,2007-09-20,NSE:HMT,66.5,66.5,65.0,65.199997,35597.0,-1.8072363913483083,0.8352376867194456
2106,2007-09-21,NSE:HMT,65.150002,66.199997,64.900002,65.199997,42792.0,0.0,-1.8072363913483083
2107,2007-09-24,NSE:HMT,65.300003,66.0,64.150002,64.550003,40634.0,-0.9969233587541306,0.0
2108,2007-09-25,NSE:HMT,65.0,65.400002,64.0,64.25,33911.0,-0.464760629058381,-0.9969233587541306
2109,2007-09-26,NSE:HMT,65.5,73.599998,64.199997,69.199997,4039412.0,7.7042754863813165,-0.464760629058381
2110,2007-09-27,NSE:HMT,72.0,72.0,65.699997,66.400002,1120080.0,-4.046235724547785,7.7042754863813165
2111,2007-09-28,NSE:HMT,67.5,67.5,64.800003,65.150002,280907.0,-1.8825300637792148,-4.046235724547785
2112,2007-10-01,NSE:HMT,65.800003,69.449997,65.0,66.150002,341323.0,1.5349193696110708,-1.8825300637792148
2113,2007-10-03,NSE:HMT,67.400002,69.400002,64.0,65.150002,306312.0,-1.5117157517243915,1.5349193696110708
2114,2007-10-04,NSE:HMT,65.900002,66.599998,64.0,64.099998,123700.0,-1.6116714777691048,-1.5117157517243915
2115,2007-10-05,NSE:HMT,64.5,64.699997,62.400002,62.799999,108922.0,-2.0280796264611425,-1.6116714777691048
2116,2007-10-08,NSE:HMT,63.599998,63.599998,57.650002,58.700001,170745.0,-6.528659339628333,-2.0280796264611425
2117,2007-10-09,NSE:HMT,56.799999,61.900002,56.150002,59.5,111713.0,1.3628602834265704,-6.528659339628333
2118,2007-10-10,NSE:HMT,61.900002,61.900002,58.299999,58.950001,87497.0,-0.9243680672268902,1.3628602834265704
2119,2007-10-11,NSE:HMT,59.849998,62.700001,57.299999,60.150002,115303.0,2.0356250714906694,-0.9243680672268902
2120,2007-10-12,NSE:HMT,59.0,61.799999,58.799999,59.099998,86584.0,-1.7456425022230277,2.0356250714906694
2121,2007-10-15,NSE:HMT,60.900002,62.0,59.0,59.950001,83178.0,1.4382453955413008,-1.7456425022230277
2122,2007-10-16,NSE:HMT,60.900002,60.900002,58.549999,59.0,57704.0,-1.5846555198556216,1.4382453955413008
2123,2007-10-17,NSE:HMT,58.0,58.0,47.25,57.200001,59835.0,-3.0508457627118637,-1.5846555198556216
2124,2007-10-18,NSE:HMT,58.0,60.0,55.099998,56.900002,87243.0,-0.5244737670546539,-3.0508457627118637
2125,2007-10-19,NSE:HMT,55.799999,56.900002,54.549999,55.099998,45038.0,-3.163451558402408,-0.5244737670546539
2126,2007-10-22,NSE:HMT,54.5,55.799999,52.0,54.599998,51117.0,-0.9074410492719074,-3.163451558402408
2127,2007-10-23,NSE:HMT,57.75,57.75,55.299999,56.099998,62334.0,2.74725284788472,-0.9074410492719074
2128,2007-10-24,NSE:HMT,57.5,57.5,56.0,57.049999,40069.0,1.6934064774832973,2.74725284788472
2129,2007-10-25,NSE:HMT,57.25,57.950001,56.049999,56.549999,30030.0,-0.8764242046700124,1.6934064774832973
2130,2007-10-26,NSE:HMT,56.299999,67.300003,56.200001,65.550003,593512.0,15.915126718216218,-0.8764242046700124
2131,2007-10-29,NSE:HMT,67.0,69.650002,64.0,64.900002,388100.0,-0.9916109385990465,15.915126718216218
2132,2007-10-30,NSE:HMT,64.0,65.949997,62.5,63.0,134598.0,-2.9275838851283864,-0.9916109385990465
2133,2007-10-31,NSE:HMT,62.099998,65.800003,61.299999,63.099998,132393.0,0.15872698412698313,-2.9275838851283864
2134,2007-11-01,NSE:HMT,64.5,65.0,61.0,61.450001,144852.0,-2.614892317429232,0.15872698412698313
2135,2007-11-02,NSE:HMT,58.349998,63.0,58.349998,61.099998,70502.0,-0.5695736278344421,-2.614892317429232
2136,2007-11-05,NSE:HMT,62.5,71.599998,60.299999,70.099998,943736.0,14.729951382322467,-0.5695736278344421
2137,2007-11-06,NSE:HMT,71.900002,84.150002,71.0,84.150002,3363724.0,20.042802283674817,14.729951382322467
2138,2007-11-07,NSE:HMT,85.349998,88.300003,75.0,77.150002,1892368.0,-8.31847870900823,20.042802283674817
2139,2007-11-08,NSE:HMT,73.25,84.400002,73.150002,77.800003,1116419.0,0.8425158563184524,-8.31847870900823
2140,2007-11-09,NSE:HMT,77.800003,80.050003,77.0,78.349998,133334.0,0.7069344200410834,0.8425158563184524
2141,2007-11-12,NSE:HMT,77.150002,89.550003,74.5,85.5,1990625.0,9.125720717950752,0.7069344200410834
2142,2007-11-13,NSE:HMT,85.300003,91.849998,84.5,86.5,1400458.0,1.1695906432748537,9.125720717950752
2143,2007-11-14,NSE:HMT,87.0,103.8,86.099998,103.8,0.0,19.999999999999996,1.1695906432748537
2144,2007-11-15,NSE:HMT,105.0,112.0,100.0,102.35,2806323.0,-1.3969171483622378,19.999999999999996
2145,2007-11-16,NSE:HMT,102.0,107.6,98.099998,99.400002,1110410.0,-2.882264777723492,-1.3969171483622378
2146,2007-11-19,NSE:HMT,103.0,104.5,98.050003,99.099998,1099900.0,-0.3018148832632833,-2.882264777723492
2147,2007-11-20,NSE:HMT,99.0,102.5,94.0,95.449997,902573.0,-3.6831494184288514,-0.3018148832632833
2148,2007-11-21,NSE:HMT,96.400002,98.699997,85.900002,86.599998,410406.0,-9.271869332798405,-3.6831494184288514
2149,2007-11-22,NSE:HMT,86.599998,87.75,77.949997,80.400002,354630.0,-7.159348895135078,-9.271869332798405
2150,2007-11-23,NSE:HMT,82.75,85.599998,82.5,83.900002,231943.0,4.353233722556375,-7.159348895135078
2151,2007-11-26,NSE:HMT,83.050003,92.300003,83.050003,92.300003,364615.0,10.011919904364248,4.353233722556375
2152,2007-11-27,NSE:HMT,97.400002,97.400002,87.599998,89.0,480990.0,-3.5753010755590156,10.011919904364248
2153,2007-11-28,NSE:HMT,95.0,95.0,88.099998,89.0,447608.0,0.0,-3.5753010755590156
2154,2007-11-29,NSE:HMT,91.650002,92.400002,86.099998,87.400002,235599.0,-1.797750561797752,0.0
2155,2007-11-30,NSE:HMT,90.0,90.5,87.650002,88.449997,168386.0,1.2013672493966252,-1.797750561797752
2156,2007-12-03,NSE:HMT,90.349998,93.0,89.0,91.099998,296058.0,2.9960441943259797,1.2013672493966252
2157,2007-12-04,NSE:HMT,93.0,93.0,85.650002,90.75,173188.0,-0.3841910073367942,2.9960441943259797
2158,2007-12-05,NSE:HMT,91.449997,99.849998,91.449997,99.849998,757398.0,10.027546005509642,-0.3841910073367942
2159,2007-12-06,NSE:HMT,104.0,107.5,100.3,101.4,690510.0,1.5523305268368723,10.027546005509642
2160,2007-12-07,NSE:HMT,103.65,104.0,96.0,97.849998,230815.0,-3.500988165680479,1.5523305268368723
2161,2007-12-10,NSE:HMT,99.849998,104.75,95.150002,101.3,353204.0,3.5258069192806705,-3.500988165680479
2162,2007-12-11,NSE:HMT,102.9,107.5,101.5,102.6,396461.0,1.2833168805528106,3.5258069192806705
2163,2007-12-12,NSE:HMT,100.1,105.5,96.650002,102.55,314913.0,-0.04873294346978281,1.2833168805528106
2164,2007-12-13,NSE:HMT,102.9,104.8,100.0,100.8,245200.0,-1.7064846416382253,-0.04873294346978281
2165,2007-12-14,NSE:HMT,100.95,103.45,99.0,100.45,181438.0,-0.3472222222222166,-1.7064846416382253
2166,2007-12-17,NSE:HMT,101.0,101.95,90.400002,90.75,274638.0,-9.65654554504729,-0.3472222222222166
2167,2007-12-18,NSE:HMT,93.5,95.0,89.0,92.0,257941.0,1.3774104683195594,-9.65654554504729
2168,2007-12-19,NSE:HMT,94.349998,98.449997,92.599998,94.75,253629.0,2.989130434782609,1.3774104683195594
2169,2007-12-20,NSE:HMT,96.0,99.0,92.5,92.949997,187339.0,-1.899739313984173,2.989130434782609
2170,2007-12-24,NSE:HMT,95.0,96.699997,92.099998,93.5,160169.0,0.5917192229710387,-1.899739313984173
2171,2007-12-26,NSE:HMT,94.5,102.85,93.099998,102.85,872447.0,9.999999999999993,0.5917192229710387
2172,2007-12-27,NSE:HMT,105.75,107.75,100.25,101.05,566072.0,-1.7501215362177902,9.999999999999993
2173,2007-12-28,NSE:HMT,100.2,111.2,96.199997,111.2,1236393.0,10.044532409698174,-1.7501215362177902
2174,2007-12-31,NSE:HMT,112.0,122.35,112.0,122.35,798773.0,10.026978417266179,10.044532409698174
2175,2008-01-01,NSE:HMT,127.4,128.5,124.0,128.5,438858.0,5.026563138536988,10.026978417266179
2176,2008-01-02,NSE:HMT,134.7,134.95,122.1,134.95,1841333.0,5.019455252918279,5.026563138536988
2177,2008-01-03,NSE:HMT,141.7,141.7,136.0,141.7,275140.0,5.0018525379770296,5.019455252918279
2178,2008-01-04,NSE:HMT,146.39999,148.8,145.0,148.8,122191.0,5.010585744530715,5.0018525379770296
2179,2008-01-07,NSE:HMT,153.89999,156.25,150.0,156.25,182182.0,5.006720430107519,5.010585744530715
2180,2008-01-08,NSE:HMT,164.10001,164.10001,148.45,154.3,2216289.0,-1.2479999999999927,5.006720430107519
2181,2008-01-09,NSE:HMT,158.0,158.89999,146.60001,147.60001,838742.0,-4.342184057031765,-1.2479999999999927
2182,2008-01-10,NSE:HMT,149.0,151.89999,140.25,140.25,430814.0,-4.97968123443894,-4.342184057031765
2183,2008-01-11,NSE:HMT,133.25,140.0,133.25,133.25,153721.0,-4.991087344028521,-4.97968123443894
2184,2008-01-14,NSE:HMT,132.0,139.95,127.0,139.95,298499.0,5.028142589118191,-4.991087344028521
2185,2008-01-15,NSE:HMT,146.95,146.95,133.3,135.55,504285.0,-3.1439799928545753,5.028142589118191
2186,2008-01-16,NSE:HMT,136.0,137.0,128.8,130.39999,284069.0,-3.799343415713765,-3.1439799928545753
2187,2008-01-17,NSE:HMT,132.0,136.95,131.35001,136.85001,339754.0,4.9463347351483655,-3.799343415713765
2188,2008-01-18,NSE:HMT,138.39999,143.7,131.10001,133.60001,710249.0,-2.374862815136075,4.9463347351483655
2189,2008-01-21,NSE:HMT,130.0,133.75,126.95,126.95,128148.0,-4.977552022638318,-2.374862815136075
2190,2008-01-22,NSE:HMT,120.6,120.6,120.6,120.6,3676.0,-5.001969279243804,-4.977552022638318
2191,2008-01-23,NSE:HMT,120.0,120.0,114.6,114.6,168606.0,-4.975124378109453,-5.001969279243804
2192,2008-01-24,NSE:HMT,108.9,115.0,108.9,108.9,26834.0,-4.973821989528786,-4.975124378109453
2193,2008-01-25,NSE:HMT,103.5,106.4,103.45,104.05,235772.0,-4.4536271808999155,-4.973821989528786
2194,2008-01-28,NSE:HMT,100.0,100.0,98.849998,98.849998,14605.0,-4.9975992311388735,-4.4536271808999155
2195,2008-01-29,NSE:HMT,93.949997,103.35,93.949997,94.150002,321101.0,-4.754674855936768,-4.9975992311388735
2196,2008-01-30,NSE:HMT,89.449997,93.050003,89.449997,89.449997,111952.0,-4.992039192946597,-4.754674855936768
2197,2008-01-31,NSE:HMT,85.599998,89.400002,85.0,85.0,228641.0,-4.974843095858344,-4.992039192946597
2198,2008-02-01,NSE:HMT,84.0,86.900002,80.75,80.849998,221391.0,-4.882355294117648,-4.974843095858344
2199,2008-02-04,NSE:HMT,84.0,84.900002,84.0,84.900002,38738.0,5.009281509196823,-4.882355294117648
2200,2008-02-05,NSE:HMT,87.900002,89.150002,86.0,89.150002,134265.0,5.005889163583294,5.009281509196823
2201,2008-02-06,NSE:HMT,85.349998,93.650002,85.349998,93.650002,384683.0,5.047672348902471,5.005889163583294
2202,2008-02-07,NSE:HMT,96.400002,98.349998,90.199997,91.599998,341241.0,-2.1890058261824716,5.047672348902471
2203,2008-02-08,NSE:HMT,92.0,95.0,87.050003,88.349998,185081.0,-3.5480350119658297,-2.1890058261824716
2204,2008-02-11,NSE:HMT,88.0,89.0,83.949997,83.949997,56507.0,-4.980193661124931,-3.5480350119658297
2205,2008-02-12,NSE:HMT,83.050003,84.900002,79.75,79.75,51348.0,-5.0029745683016476,-4.980193661124931
2206,2008-02-13,NSE:HMT,81.0,81.449997,75.800003,75.849998,64735.0,-4.890284639498434,-5.0029745683016476
2207,2008-02-14,NSE:HMT,78.0,79.650002,77.150002,79.650002,78738.0,5.009893342383478,-4.890284639498434
2208,2008-02-15,NSE:HMT,83.0,83.650002,80.050003,83.650002,80314.0,5.021970997565072,5.009893342383478
2209,2008-02-18,NSE:HMT,87.849998,87.849998,81.0,85.199997,217535.0,1.8529527351356136,5.021970997565072
2210,2008-02-19,NSE:HMT,88.5,88.699997,83.5,84.449997,91170.0,-0.8802817211366804,1.8529527351356136
2211,2008-02-20,NSE:HMT,84.5,84.5,80.300003,81.300003,62695.0,-3.730010789698421,-0.8802817211366804
2212,2008-02-21,NSE:HMT,83.0,85.400002,81.199997,83.300003,95710.0,2.4600245094701902,-3.730010789698421
2213,2008-02-22,NSE:HMT,81.5,85.0,81.150002,83.199997,62138.0,-0.12005521776512731,2.4600245094701902
2214,2008-02-25,NSE:HMT,85.0,87.400002,85.0,87.400002,193027.0,5.048083114714541,-0.12005521776512731
2215,2008-02-26,NSE:HMT,89.900002,91.800003,89.0,91.800003,155055.0,5.034325971754558,5.048083114714541
2216,2008-02-27,NSE:HMT,95.400002,96.400002,92.5,94.0,156277.0,2.396510814928836,5.034325971754558
2217,2008-02-28,NSE:HMT,94.0,98.699997,94.0,95.150002,256063.0,1.223406382978724,2.396510814928836
2218,2008-02-29,NSE:HMT,95.0,97.0,90.400002,90.849998,184010.0,-4.519184350621455,1.223406382978724
2219,2008-03-03,NSE:HMT,87.0,88.949997,86.349998,86.349998,87312.0,-4.953219701776988,-4.519184350621455
2220,2008-03-04,NSE:HMT,86.0,87.5,82.050003,82.050003,33779.0,-4.97972796710429,-4.953219701776988
2221,2008-03-05,NSE:HMT,78.75,80.0,77.949997,77.949997,69464.0,-4.996960207301891,-4.97972796710429
2222,2008-03-07,NSE:HMT,74.050003,77.949997,74.050003,74.050003,12544.0,-5.003199679404725,-4.996960207301891
2223,2008-03-10,NSE:HMT,69.0,72.5,66.650002,70.599998,111166.0,-4.659020743051157,-5.003199679404725
2224,2008-03-11,NSE:HMT,68.0,77.699997,66.0,77.699997,141901.0,10.056656092256542,-4.659020743051157
2225,2008-03-12,NSE:HMT,82.400002,85.5,79.550003,80.699997,188619.0,3.861004010077375,10.056656092256542
2226,2008-03-13,NSE:HMT,78.400002,78.400002,72.75,73.550003,114901.0,-8.859968111275137,3.861004010077375
2227,2008-03-14,NSE:HMT,75.0,75.699997,71.199997,73.400002,86099.0,-0.20394424728983782,-8.859968111275137
2228,2008-03-17,NSE:HMT,67.0,72.0,66.099998,66.400002,105965.0,-9.536784481286526,-0.20394424728983782
2229,2008-03-18,NSE:HMT,66.099998,70.199997,62.950001,64.300003,117270.0,-3.162649001125025,-9.536784481286526
2230,2008-03-19,NSE:HMT,67.0,70.400002,61.400002,62.650002,88574.0,-2.566097858502437,-3.162649001125025
2231,2008-03-24,NSE:HMT,63.299999,64.0,56.400002,56.799999,74491.0,-9.337594274937135,-2.566097858502437
2232,2008-03-25,NSE:HMT,58.099998,61.0,57.0,59.0,196294.0,3.8732412653739665,-9.337594274937135
2233,2008-03-26,NSE:HMT,59.549999,61.900002,58.049999,59.75,101643.0,1.2711864406779663,3.8732412653739665
2234,2008-03-27,NSE:HMT,59.0,65.449997,58.0,63.0,207886.0,5.439330543933055,1.2711864406779663
2235,2008-03-28,NSE:HMT,64.900002,69.300003,64.0,69.300003,169003.0,10.00000476190477,5.439330543933055
2236,2008-03-31,NSE:HMT,70.699997,76.25,69.800003,70.550003,367586.0,1.8037517256673135,10.00000476190477
2237,2008-04-01,NSE:HMT,73.900002,76.0,71.400002,74.199997,256543.0,5.173626994742994,1.8037517256673135
2238,2008-04-02,NSE:HMT,77.599998,77.949997,72.0,72.800003,189384.0,-1.8867844428618945,5.173626994742994
2239,2008-04-03,NSE:HMT,73.900002,73.900002,69.699997,70.949997,66913.0,-2.5412169282465653,-1.8867844428618945
2240,2008-04-04,NSE:HMT,71.0,71.599998,68.050003,68.599998,61191.0,-3.312190414891768,-2.5412169282465653
2241,2008-04-07,NSE:HMT,67.25,72.0,65.550003,69.5,105762.0,1.3119563064710302,-3.312190414891768
2242,2008-04-08,NSE:HMT,67.599998,71.5,67.599998,69.199997,40726.0,-0.4316589928057608,1.3119563064710302
2243,2008-04-09,NSE:HMT,67.599998,70.900002,67.400002,69.050003,45830.0,-0.21675434465696933,-0.4316589928057608
2244,2008-04-10,NSE:HMT,70.800003,71.5,68.5,69.800003,56662.0,1.0861693952424594,-0.21675434465696933
2245,2008-04-11,NSE:HMT,70.449997,72.0,69.599998,69.949997,66255.0,0.2148911082424916,1.0861693952424594
2246,2008-04-15,NSE:HMT,69.199997,73.449997,69.0,72.900002,108395.0,4.217305398883727,0.2148911082424916
2247,2008-04-16,NSE:HMT,76.550003,76.550003,75.0,76.550003,131789.0,5.006859944942119,4.217305398883727
2248,2008-04-17,NSE:HMT,77.0,80.400002,76.0,80.400002,328019.0,5.029391050448419,5.006859944942119
2249,2008-04-21,NSE:HMT,84.449997,84.449997,83.5,84.449997,28890.0,5.037307088624196,5.029391050448419
2250,2008-04-22,NSE:HMT,88.699997,88.699997,85.0,88.699997,380179.0,5.032563825905169,5.037307088624196
2251,2008-04-23,NSE:HMT,92.400002,92.400002,85.0,86.0,236166.0,-3.0439651536854013,5.032563825905169
2252,2008-04-24,NSE:HMT,88.900002,88.900002,84.0,84.800003,96026.0,-1.395345348837205,-3.0439651536854013
2253,2008-04-25,NSE:HMT,86.900002,86.900002,81.0,81.550003,74971.0,-3.8325470342259305,-1.395345348837205
2254,2008-04-28,NSE:HMT,82.150002,85.650002,80.599998,83.400002,143618.0,2.268545594044916,-3.8325470342259305
2255,2008-04-29,NSE:HMT,83.650002,85.550003,82.699997,83.199997,73611.0,-0.23981414293012177,2.268545594044916
2256,2008-04-30,NSE:HMT,83.699997,86.900002,83.300003,83.849998,145767.0,0.7812512300931973,-0.23981414293012177
2257,2008-05-02,NSE:HMT,84.550003,86.5,81.599998,82.5,98575.0,-1.610015542278247,0.7812512300931973
2258,2008-05-05,NSE:HMT,83.099998,85.900002,81.5,82.199997,157084.0,-0.3636400000000046,-1.610015542278247
2259,2008-05-06,NSE:HMT,83.0,83.0,79.099998,80.0,76666.0,-2.676395474807616,-0.3636400000000046
2260,2008-05-07,NSE:HMT,81.349998,83.5,79.349998,80.0,124833.0,0.0,-2.676395474807616
2261,2008-05-08,NSE:HMT,87.0,87.0,78.150002,78.849998,49885.0,-1.4375025000000008,0.0
2262,2008-05-09,NSE:HMT,77.0,82.400002,76.150002,77.150002,198656.0,-2.155987372377611,-1.4375025000000008
2263,2008-05-12,NSE:HMT,76.0,77.650002,70.199997,74.800003,139775.0,-3.0460128827994026,-2.155987372377611
2264,2008-05-13,NSE:HMT,75.599998,80.800003,75.050003,75.75,143903.0,1.2700494143028258,-3.0460128827994026
2265,2008-05-14,NSE:HMT,75.849998,79.5,73.5,76.400002,155032.0,0.8580884488448853,1.2700494143028258
2266,2008-05-15,NSE:HMT,77.800003,79.449997,76.699997,77.150002,157562.0,0.981675366971849,0.8580884488448853
2267,2008-05-16,NSE:HMT,77.5,78.5,76.0,76.650002,47916.0,-0.6480881231863092,0.981675366971849
2268,2008-05-20,NSE:HMT,77.099998,77.449997,75.199997,76.300003,39476.0,-0.45661968802035624,-0.6480881231863092
2269,2008-05-21,NSE:HMT,75.0,83.949997,74.25,83.949997,254085.0,10.026204061879254,-0.45661968802035624
2270,2008-05-22,NSE:HMT,83.400002,87.699997,80.5,81.75,558742.0,-2.6206040245599964,10.026204061879254
2271,2008-05-23,NSE:HMT,85.900002,85.900002,77.400002,78.050003,367425.0,-4.525990214067273,-2.6206040245599964
2272,2008-05-26,NSE:HMT,78.199997,78.199997,74.900002,75.150002,101782.0,-3.715568082681564,-4.525990214067273
2273,2008-05-27,NSE:HMT,77.0,79.400002,75.099998,75.75,156276.0,0.798400511020611,-3.715568082681564
2274,2008-05-28,NSE:HMT,76.050003,77.75,75.0,76.199997,74908.0,0.5940554455445495,0.798400511020611
2275,2008-05-29,NSE:HMT,77.0,78.0,74.050003,74.75,50713.0,-1.902883277016397,0.5940554455445495
2276,2008-05-30,NSE:HMT,75.900002,76.900002,71.050003,72.900002,171859.0,-2.474913712374581,-1.902883277016397
2277,2008-06-02,NSE:HMT,72.650002,76.0,70.0,70.75,132001.0,-2.949248204410201,-2.474913712374581
2278,2008-06-03,NSE:HMT,69.75,71.0,67.5,69.699997,83208.0,-1.4841031802120195,-2.949248204410201
2279,2008-06-04,NSE:HMT,71.400002,71.5,65.550003,66.949997,64780.0,-3.9454808010967346,-1.4841031802120195
2280,2008-06-05,NSE:HMT,66.5,67.900002,65.050003,66.949997,69912.0,0.0,-3.9454808010967346
2281,2008-06-06,NSE:HMT,68.0,68.5,65.199997,66.400002,101975.0,-0.8215011570500826,0.0
2282,2008-06-09,NSE:HMT,63.150002,64.0,60.849998,62.0,56813.0,-6.62650883655094,-0.8215011570500826
2283,2008-06-10,NSE:HMT,61.0,66.5,61.0,62.950001,107138.0,1.5322596774193553,-6.62650883655094
2284,2008-06-11,NSE:HMT,64.800003,65.0,63.0,63.650002,108695.0,1.1119952166482099,1.5322596774193553
2285,2008-06-12,NSE:HMT,61.25,67.5,61.25,66.349998,98175.0,4.241941736309763,1.1119952166482099
2286,2008-06-13,NSE:HMT,67.0,67.5,64.550003,66.300003,72762.0,-0.07535041674002096,4.241941736309763
2287,2008-06-16,NSE:HMT,67.25,68.0,65.099998,65.699997,53891.0,-0.9049863843897678,-0.07535041674002096
2288,2008-06-17,NSE:HMT,65.0,68.150002,65.0,67.050003,97185.0,2.054803746794703,-0.9049863843897678
2289,2008-06-18,NSE:HMT,67.800003,69.900002,65.599998,66.349998,103998.0,-1.0440044275613296,2.054803746794703
2290,2008-06-19,NSE:HMT,65.099998,67.800003,64.5,65.099998,78148.0,-1.883948813382029,-1.0440044275613296
2291,2008-06-20,NSE:HMT,67.0,67.0,61.400002,62.0,60004.0,-4.761901836003127,-1.883948813382029
2292,2008-06-23,NSE:HMT,61.0,61.5,58.299999,59.049999,48970.0,-4.758066129032259,-4.761901836003127
2293,2008-06-24,NSE:HMT,60.150002,61.25,56.0,57.549999,54918.0,-2.5402201954313326,-4.758066129032259
2294,2008-06-25,NSE:HMT,53.150002,59.0,53.150002,58.299999,66080.0,1.3032146186483862,-2.5402201954313326
2295,2008-06-26,NSE:HMT,59.0,61.0,56.75,58.700001,35522.0,0.6861097887840455,1.3032146186483862
2296,2008-06-27,NSE:HMT,53.200001,57.5,53.200001,56.25,35837.0,-4.173766538777402,0.6861097887840455
2297,2008-06-30,NSE:HMT,55.25,57.349998,52.650002,53.25,38362.0,-5.333333333333334,-4.173766538777402
2298,2008-07-01,NSE:HMT,52.650002,53.099998,48.049999,48.849998,45786.0,-8.262914553990612,-5.333333333333334
2299,2008-07-02,NSE:HMT,45.200001,50.650002,44.200001,49.5,68783.0,1.3306080381006375,-8.262914553990612
2300,2008-07-03,NSE:HMT,48.099998,48.900002,46.5,46.849998,32473.0,-5.353539393939395,1.3306080381006375
2301,2008-07-04,NSE:HMT,47.5,48.25,46.099998,47.400002,51228.0,1.1739680330402604,-5.353539393939395
2302,2008-07-07,NSE:HMT,48.0,56.900002,48.0,54.200001,265935.0,14.345988846160807,1.1739680330402604
2303,2008-07-08,NSE:HMT,54.049999,56.900002,51.0,54.599998,172462.0,0.7380018314021785,14.345988846160807
2304,2008-07-09,NSE:HMT,57.0,60.0,56.799999,58.450001,154649.0,7.051287804076479,0.7380018314021785
2305,2008-07-10,NSE:HMT,56.099998,59.0,56.099998,58.150002,62821.0,-0.5132574762488022,7.051287804076479
2306,2008-07-11,NSE:HMT,57.900002,60.849998,56.099998,56.799999,83782.0,-2.3215871944424022,-0.5132574762488022
2307,2008-07-14,NSE:HMT,57.950001,59.900002,55.400002,56.950001,57072.0,0.26408803281845245,-2.3215871944424022
2308,2008-07-15,NSE:HMT,56.450001,56.900002,53.349998,54.0,60195.0,-5.17998410570704,0.26408803281845245
2309,2008-07-16,NSE:HMT,54.049999,56.400002,51.0,51.75,36876.0,-4.166666666666666,-5.17998410570704
2310,2008-07-17,NSE:HMT,53.900002,56.0,52.400002,53.25,79247.0,2.898550724637681,-4.166666666666666
2311,2008-07-18,NSE:HMT,53.0,54.0,52.25,53.099998,41383.0,-0.2816938967136162,2.898550724637681
2312,2008-07-21,NSE:HMT,53.799999,53.799999,51.549999,52.5,37238.0,-1.129939778905452,-0.2816938967136162
2313,2008-07-22,NSE:HMT,53.799999,56.299999,52.599998,55.0,103306.0,4.761904761904762,-1.129939778905452
2314,2008-07-23,NSE:HMT,57.0,65.400002,57.0,60.700001,195484.0,10.363638181818184,4.761904761904762
2315,2008-07-24,NSE:HMT,62.5,72.849998,61.049999,72.099998,803589.0,18.780884369342925,10.363638181818184
2316,2008-07-25,NSE:HMT,72.400002,79.900002,70.150002,75.599998,1487679.0,4.854369066695397,18.780884369342925
2317,2008-07-28,NSE:HMT,75.0,78.800003,73.199997,76.050003,450510.0,0.5952447247419298,4.854369066695397
2318,2008-07-29,NSE:HMT,76.150002,76.150002,70.050003,71.150002,171774.0,-6.443130580810105,0.5952447247419298
2319,2008-07-30,NSE:HMT,73.400002,76.349998,72.099998,73.349998,303871.0,3.092053321375871,-6.443130580810105
2320,2008-07-31,NSE:HMT,74.0,74.0,70.150002,71.349998,123764.0,-2.7266531077478695,3.092053321375871
2321,2008-08-01,NSE:HMT,71.0,78.5,69.25,78.5,388597.0,10.021026209419096,-2.7266531077478695
2322,2008-08-04,NSE:HMT,80.099998,80.900002,75.099998,75.849998,415687.0,-3.3757987261146503,10.021026209419096
2323,2008-08-05,NSE:HMT,76.0,78.699997,75.050003,75.5,173159.0,-0.4614344221868,-3.3757987261146503
2324,2008-08-06,NSE:HMT,78.0,80.5,74.400002,75.900002,585649.0,0.5298039735099346,-0.4614344221868
2325,2008-08-07,NSE:HMT,76.5,79.699997,75.550003,77.199997,430907.0,1.7127733409018826,0.5298039735099346
2326,2008-08-08,NSE:HMT,76.5,80.25,76.0,77.199997,372103.0,0.0,1.7127733409018826
2327,2008-08-11,NSE:HMT,78.5,79.0,75.800003,76.449997,144273.0,-0.9715026284262679,0.0
2328,2008-08-12,NSE:HMT,77.050003,77.699997,74.400002,74.949997,129603.0,-1.9620667872622677,-0.9715026284262679
2329,2008-08-13,NSE:HMT,74.0,76.800003,72.5,73.75,94158.0,-1.6010634396689785,-1.9620667872622677
2330,2008-08-14,NSE:HMT,74.0,74.5,70.25,71.150002,56158.0,-3.525421016949152,-1.6010634396689785
2331,2008-08-18,NSE:HMT,73.0,73.400002,69.599998,70.099998,75541.0,-1.4757610266827557,-3.525421016949152
2332,2008-08-19,NSE:HMT,69.699997,70.400002,67.5,68.650002,62833.0,-2.0684679620104967,-1.4757610266827557
2333,2008-08-20,NSE:HMT,68.900002,72.699997,68.900002,71.5,165951.0,4.151490046569845,-2.0684679620104967
2334,2008-08-21,NSE:HMT,70.599998,73.75,68.800003,70.099998,99116.0,-1.9580447552447562,4.151490046569845
2335,2008-12-01,NSE:HMT,22.0,23.85,21.9,23.700001,9524.0,-66.19115310103147,-1.9580447552447562
2336,2008-12-02,NSE:HMT,23.15,23.75,22.700001,22.799999,7424.0,-3.797476633017866,-66.19115310103147
2337,2008-12-03,NSE:HMT,23.799999,23.950001,23.0,23.9,19379.0,4.824566001077452,-3.797476633017866
2338,2008-12-04,NSE:HMT,24.0,25.1,23.85,25.1,20331.0,5.020920502092062,4.824566001077452
2339,2008-12-05,NSE:HMT,26.4,26.4,25.200001,26.299999,51572.0,4.780872509960153,5.020920502092062
2340,2008-12-08,NSE:HMT,27.65,27.65,25.4,25.799999,25122.0,-1.901140756697367,4.780872509960153
2341,2008-12-10,NSE:HMT,26.049999,27.0,25.200001,26.65,10033.0,3.2945776470766486,-1.901140756697367
2342,2008-12-11,NSE:HMT,26.700001,28.0,25.85,28.0,37102.0,5.0656660412758026,3.2945776470766486
2343,2008-12-12,NSE:HMT,28.5,29.4,27.0,29.4,20738.0,4.999999999999995,5.0656660412758026
2344,2008-12-15,NSE:HMT,30.6,30.9,30.6,30.9,12625.0,5.1020408163265305,4.999999999999995
2345,2008-12-16,NSE:HMT,32.400002,32.450001,31.0,32.450001,12961.0,5.016184466019424,5.1020408163265305
2346,2008-12-17,NSE:HMT,34.099998,34.099998,31.0,31.5,44811.0,-2.9275838851283864,5.016184466019424
2347,2008-12-18,NSE:HMT,30.549999,33.099998,30.0,33.099998,22340.0,5.079358730158728,-2.9275838851283864
2348,2008-12-19,NSE:HMT,34.450001,34.799999,32.0,34.799999,55279.0,5.135954993109064,5.079358730158728
2349,2008-12-22,NSE:HMT,35.0,35.950001,33.099998,33.099998,21466.0,-4.885060485202889,5.135954993109064
2350,2008-12-23,NSE:HMT,32.0,33.700001,31.450001,31.65,14665.0,-4.3806588749642845,-4.885060485202889
2351,2008-12-24,NSE:HMT,31.5,32.0,30.5,31.0,16369.0,-2.05371248025276,-4.3806588749642845
2352,2008-12-26,NSE:HMT,31.0,32.400002,29.450001,30.049999,17934.0,-3.0645193548387106,-2.05371248025276
2353,2008-12-29,NSE:HMT,29.6,30.549999,28.549999,28.9,25187.0,-3.826951874440998,-3.0645193548387106
2354,2008-12-30,NSE:HMT,30.35,30.35,28.450001,28.85,40923.0,-0.17301038062282756,-3.826951874440998
2355,2008-12-31,NSE:HMT,29.0,30.200001,28.75,29.65,38222.0,2.7729636048526762,-0.17301038062282756
2356,2009-01-01,NSE:HMT,30.4,31.15,30.0,31.15,14971.0,5.059021922428331,2.7729636048526762
2357,2009-01-02,NSE:HMT,32.5,32.75,32.5,32.75,22002.0,5.136436597110759,5.059021922428331
2358,2009-01-05,NSE:HMT,33.599998,34.25,31.5,32.099998,34760.0,-1.984738931297712,5.136436597110759
2359,2009-01-06,NSE:HMT,32.75,33.200001,31.6,31.9,0.0,-0.6230467677910783,-1.984738931297712
2360,2009-01-07,NSE:HMT,31.700001,32.900002,28.75,28.85,36730.0,-9.56112852664576,-0.6230467677910783
2361,2009-01-09,NSE:HMT,27.549999,28.25,26.0,26.049999,38221.0,-9.705376083188915,-9.56112852664576
2362,2009-01-12,NSE:HMT,26.450001,28.4,25.1,26.700001,22069.0,2.495209308837212,-9.705376083188915
2363,2009-01-13,NSE:HMT,26.1,28.0,25.700001,25.85,8503.0,-3.1835242253361673,2.495209308837212
2364,2009-01-14,NSE:HMT,27.5,27.5,26.200001,27.25,13219.0,5.415860735009665,-3.1835242253361673
2365,2009-01-15,NSE:HMT,26.0,27.0,25.049999,26.4,12278.0,-3.119266055045877,5.415860735009665
2366,2009-01-16,NSE:HMT,26.5,27.9,26.200001,26.549999,21772.0,0.5681780303030345,-3.119266055045877
2367,2009-01-19,NSE:HMT,26.9,27.6,26.75,27.1,6859.0,2.0715669330157103,0.5681780303030345
2368,2009-01-20,NSE:HMT,25.950001,27.200001,25.950001,26.700001,7404.0,-1.476011070110705,2.0715669330157103
2369,2009-01-21,NSE:HMT,26.25,29.4,26.25,28.1,61451.0,5.243441751181961,-1.476011070110705
2370,2009-01-22,NSE:HMT,28.450001,29.0,25.799999,26.15,25671.0,-6.93950177935944,5.243441751181961
2371,2009-01-23,NSE:HMT,27.200001,27.299999,25.5,25.950001,15236.0,-0.7648145315487506,-6.93950177935944
2372,2009-01-27,NSE:HMT,26.0,26.799999,25.25,25.549999,21309.0,-1.5414334666114295,-0.7648145315487506
2373,2009-01-28,NSE:HMT,25.65,27.799999,25.6,26.25,37982.0,2.739730048521725,-1.5414334666114295
2374,2009-01-29,NSE:HMT,27.549999,28.35,25.85,26.65,73561.0,1.5238095238095184,2.739730048521725
2375,2009-01-30,NSE:HMT,25.200001,27.4,25.200001,26.700001,22961.0,0.1876210131332148,1.5238095238095184
2376,2009-02-02,NSE:HMT,26.75,27.5,26.549999,26.700001,16511.0,0.0,0.1876210131332148
2377,2009-02-03,NSE:HMT,27.9,27.9,25.5,26.0,6859.0,-2.621726493568297,0.0
2378,2009-02-04,NSE:HMT,26.85,26.85,25.6,25.950001,12365.0,-0.19230384615384494,-2.621726493568297
2379,2009-02-05,NSE:HMT,25.15,27.5,25.049999,26.049999,25465.0,0.38534873274185755,-0.19230384615384494
2380,2009-02-06,NSE:HMT,26.200001,28.65,25.799999,28.1,54125.0,7.869485906698122,0.38534873274185755
2381,2009-02-09,NSE:HMT,28.1,29.1,27.299999,27.5,20361.0,-2.1352313167259838,7.869485906698122
2382,2009-02-10,NSE:HMT,27.549999,30.0,27.549999,29.75,54038.0,8.181818181818182,-2.1352313167259838
2383,2009-02-11,NSE:HMT,29.049999,32.75,27.1,31.799999,93332.0,6.89075294117647,8.181818181818182
2384,2009-02-12,NSE:HMT,31.5,34.450001,31.5,32.400002,163738.0,1.8868019461258503,6.89075294117647
2385,2009-02-13,NSE:HMT,33.0,34.200001,31.6,32.950001,123277.0,1.697527672992118,1.8868019461258503
2386,2009-02-16,NSE:HMT,33.0,33.5,30.5,30.799999,27789.0,-6.525043808041161,1.697527672992118
2387,2009-02-17,NSE:HMT,29.700001,30.5,29.0,29.15,11208.0,-5.357139784322724,-6.525043808041161
2388,2009-02-18,NSE:HMT,28.25,32.099998,28.25,32.099998,167403.0,10.120061749571187,-5.357139784322724
2389,2009-02-19,NSE:HMT,32.900002,34.0,31.25,31.85,164730.0,-0.7788100173713343,10.120061749571187
2390,2009-02-20,NSE:HMT,31.049999,31.450001,30.200001,30.6,23390.0,-3.924646781789639,-0.7788100173713343
2391,2009-02-24,NSE:HMT,30.0,30.450001,28.0,29.1,19640.0,-4.901960784313726,-3.924646781789639
2392,2009-02-25,NSE:HMT,29.25,30.5,29.15,29.450001,18771.0,1.2027525773195837,-4.901960784313726
2393,2009-02-26,NSE:HMT,29.75,30.200001,28.549999,29.4,27722.0,-0.16978267674762298,1.2027525773195837
2394,2009-02-27,NSE:HMT,29.200001,29.85,28.6,28.950001,13423.0,-1.5306088435374092,-0.16978267674762298
2395,2009-03-02,NSE:HMT,29.950001,31.85,29.549999,31.85,184512.0,10.017267356916502,-1.5306088435374092
2396,2009-03-03,NSE:HMT,32.0,33.400002,30.450001,30.85,149736.0,-3.139717425431711,10.017267356916502
2397,2009-03-04,NSE:HMT,30.0,31.65,28.4,29.0,51640.0,-5.9967585089141044,-3.139717425431711
2398,2009-03-05,NSE:HMT,29.25,30.0,27.35,27.799999,0.0,-4.137934482758622,-5.9967585089141044
2399,2009-03-06,NSE:HMT,27.25,28.85,26.5,27.5,70613.0,-1.0791331323429174,-4.137934482758622
2400,2009-03-09,NSE:HMT,26.299999,27.5,26.15,26.700001,40571.0,-2.9090872727272714,-1.0791331323429174
2401,2009-03-12,NSE:HMT,27.5,27.6,26.35,26.65,19201.0,-0.18726965590751002,-2.9090872727272714
2402,2009-03-13,NSE:HMT,27.75,27.9,26.5,27.049999,21395.0,1.5009343339587284,-0.18726965590751002
2403,2009-03-16,NSE:HMT,27.25,27.9,27.049999,27.6,24439.0,2.0332754910637956,1.5009343339587284
2404,2009-03-17,NSE:HMT,27.6,30.299999,27.1,28.450001,43507.0,3.079713768115938,2.0332754910637956
2405,2009-03-18,NSE:HMT,29.85,29.85,28.85,29.25,34617.0,2.8119471770844564,3.079713768115938
2406,2009-03-19,NSE:HMT,30.0,30.35,28.200001,28.700001,15807.0,-1.8803384615384604,2.8119471770844564
2407,2009-03-20,NSE:HMT,28.6,31.200001,28.049999,28.5,81147.0,-0.6968675715377164,-1.8803384615384604
2408,2009-03-23,NSE:HMT,29.0,34.200001,28.6,34.200001,245328.0,20.00000350877193,-0.6968675715377164
2409,2009-03-24,NSE:HMT,35.5,37.599998,31.299999,32.400002,382465.0,-5.263154816866817,20.00000350877193
2410,2009-03-25,NSE:HMT,32.0,37.25,30.700001,34.849998,298576.0,7.561715582610145,-5.263154816866817
2411,2009-03-26,NSE:HMT,37.700001,38.75,36.049999,36.75,726152.0,5.451942924071332,7.561715582610145
2412,2009-03-27,NSE:HMT,37.799999,39.200001,36.599998,37.049999,176263.0,0.8163238095238087,5.451942924071332
2413,2009-03-30,NSE:HMT,35.0,37.299999,33.0,36.599998,97008.0,-1.214577630622879,0.8163238095238087
2414,2009-03-31,NSE:HMT,36.799999,37.0,35.150002,35.650002,46105.0,-2.595617628175823,-1.214577630622879
2415,2009-04-01,NSE:HMT,36.0,38.5,32.349998,36.549999,109317.0,2.524535622746947,-2.595617628175823
2416,2009-04-02,NSE:HMT,37.900002,37.950001,36.75,37.0,82207.0,1.231192920142078,2.524535622746947
2417,2009-04-06,NSE:HMT,38.200001,39.150002,37.0,38.200001,107284.0,3.243245945945947,1.231192920142078
2418,2009-04-08,NSE:HMT,36.0,41.150002,36.0,39.650002,225124.0,3.7958140367587956,3.243245945945947
2419,2009-04-09,NSE:HMT,40.700001,47.599998,40.700001,42.549999,374331.0,7.31398954280002,3.7958140367587956
2420,2009-04-15,NSE:HMT,47.5,50.900002,47.0,48.299999,479620.0,13.513513831104909,7.31398954280002
2421,2009-04-16,NSE:HMT,48.5,49.700001,43.5,43.549999,227109.0,-9.834368733630823,13.513513831104909
2422,2009-04-17,NSE:HMT,43.75,45.799999,40.650002,41.650002,182473.0,-4.362794589271974,-9.834368733630823
2423,2009-04-20,NSE:HMT,43.400002,43.75,42.0,42.950001,95104.0,3.1212459485596176,-4.362794589271974
2424,2009-04-21,NSE:HMT,42.099998,42.299999,41.099998,41.400002,61121.0,-3.608845084776598,3.1212459485596176
2425,2009-04-22,NSE:HMT,41.150002,43.0,40.049999,40.349998,46052.0,-2.5362414233699826,-3.608845084776598
2426,2009-04-23,NSE:HMT,40.200001,41.0,40.099998,40.25,42539.0,-0.24782653025162324,-2.5362414233699826
2427,2009-04-24,NSE:HMT,40.150002,42.0,40.0,40.150002,42598.0,-0.24844223602484314,-0.24782653025162324
2428,2009-04-27,NSE:HMT,40.799999,41.849998,39.25,39.799999,46759.0,-0.8717384372733056,-0.24844223602484314
2429,2009-04-28,NSE:HMT,39.0,40.25,37.0,37.25,42065.0,-6.407032824297307,-0.8717384372733056
2430,2009-04-29,NSE:HMT,39.299999,39.450001,36.700001,37.849998,33109.0,1.6107328859060386,-6.407032824297307
2431,2009-05-04,NSE:HMT,39.799999,39.900002,38.150002,39.599998,59785.0,4.62351411484883,1.6107328859060386
2432,2009-05-05,NSE:HMT,39.75,41.0,39.5,39.849998,51326.0,0.6313131631976345,4.62351411484883
2433,2009-05-06,NSE:HMT,38.700001,41.849998,38.700001,39.950001,80680.0,0.2509485696837449,0.6313131631976345
2434,2009-05-07,NSE:HMT,40.900002,42.700001,40.299999,41.75,122131.0,4.505629424139438,0.2509485696837449
2435,2009-05-08,NSE:HMT,43.0,45.200001,41.0,42.25,189851.0,1.1976047904191618,4.505629424139438
2436,2009-05-11,NSE:HMT,43.900002,43.900002,40.299999,40.75,34400.0,-3.5502958579881656,1.1976047904191618
2437,2009-05-12,NSE:HMT,40.0,41.200001,39.799999,40.700001,27354.0,-0.12269693251533666,-3.5502958579881656
2438,2009-05-13,NSE:HMT,41.0,44.5,40.400002,42.25,133702.0,3.8083512577800667,-0.12269693251533666
2439,2009-05-14,NSE:HMT,40.650002,42.700001,39.5,41.5,94429.0,-1.7751479289940828,3.8083512577800667
2440,2009-05-15,NSE:HMT,41.0,46.799999,41.0,44.150002,738188.0,6.385546987951808,-1.7751479289940828
2441,2009-05-19,NSE:HMT,56.049999,61.900002,53.5,56.299999,726508.0,27.519810757879466,6.385546987951808
2442,2009-05-20,NSE:HMT,56.700001,61.5,55.5,60.299999,412968.0,7.104795863317865,27.519810757879466
2443,2009-05-21,NSE:HMT,59.099998,64.0,59.099998,60.849998,236010.0,0.9121044927380507,7.104795863317865
2444,2009-05-22,NSE:HMT,61.400002,61.900002,57.049999,59.75,133403.0,-1.8077206839020759,0.9121044927380507
2445,2009-05-25,NSE:HMT,60.450001,65.75,60.450001,65.75,266561.0,10.0418410041841,-1.8077206839020759
2446,2009-05-26,NSE:HMT,68.0,71.800003,65.0,66.300003,469084.0,0.8365064638783328,10.0418410041841
2447,2009-05-27,NSE:HMT,67.0,72.949997,67.0,72.949997,705895.0,10.030156408891855,0.8365064638783328
2448,2009-05-28,NSE:HMT,75.400002,77.650002,73.949997,74.75,404921.0,2.467447668298059,10.030156408891855
2449,2009-05-29,NSE:HMT,78.5,81.949997,76.0,76.5,0.0,2.341137123745819,2.467447668298059
2450,2009-06-01,NSE:HMT,79.0,80.300003,77.099998,77.949997,179816.0,1.8954209150326746,2.341137123745819
2451,2009-06-02,NSE:HMT,80.5,80.5,74.050003,75.900002,185686.0,-2.6298846425869593,1.8954209150326746
2452,2009-06-03,NSE:HMT,76.900002,76.900002,74.0,74.650002,143218.0,-1.6469037774201902,-2.6298846425869593
2453,2009-06-04,NSE:HMT,78.400002,78.400002,78.400002,78.400002,55253.0,5.023442598166307,-1.6469037774201902
2454,2009-06-05,NSE:HMT,82.349998,82.349998,78.400002,80.099998,348445.0,2.1683621895825955,5.023442598166307
2455,2009-06-08,NSE:HMT,81.900002,81.900002,76.099998,76.099998,69596.0,-4.993757927434655,2.1683621895825955
2456,2009-06-09,NSE:HMT,72.349998,77.0,72.300003,75.199997,109203.0,-1.1826557472445705,-4.993757927434655
2457,2009-06-10,NSE:HMT,76.050003,78.75,73.0,73.650002,71156.0,-2.0611636460570546,-1.1826557472445705
2458,2009-06-11,NSE:HMT,74.0,74.0,70.150002,71.800003,62743.0,-2.5118790899693346,-2.0611636460570546
2459,2009-06-12,NSE:HMT,73.199997,73.199997,68.300003,69.050003,52829.0,-3.8300834054282697,-2.5118790899693346
2460,2009-06-15,NSE:HMT,70.0,70.400002,65.949997,66.349998,35921.0,-3.910217064002161,-3.8300834054282697
2461,2009-06-16,NSE:HMT,64.900002,68.900002,63.049999,68.199997,52727.0,2.7882427366463474,-3.910217064002161
2462,2009-06-17,NSE:HMT,68.800003,69.900002,65.099998,65.800003,39155.0,-3.519052940720793,2.7882427366463474
2463,2009-06-18,NSE:HMT,64.599998,68.949997,62.549999,67.5,70440.0,2.5835819490768053,-3.519052940720793
2464,2009-06-19,NSE:HMT,68.900002,69.0,64.25,65.25,63860.0,-3.3333333333333335,2.5835819490768053
2465,2009-06-22,NSE:HMT,67.0,67.0,62.0,63.700001,24901.0,-2.375477394636015,-3.3333333333333335
2466,2009-06-23,NSE:HMT,62.900002,66.5,61.0,65.199997,58449.0,2.3547817526721797,-2.375477394636015
2467,2009-06-24,NSE:HMT,65.0,66.699997,65.0,65.650002,26818.0,0.690191749548707,2.3547817526721797
2468,2009-06-25,NSE:HMT,65.0,67.0,63.599998,64.25,23328.0,-2.1325239258941693,0.690191749548707
2469,2009-06-26,NSE:HMT,66.0,67.5,64.599998,67.5,57825.0,5.058365758754864,-2.1325239258941693
2470,2009-06-29,NSE:HMT,68.0,69.5,65.900002,66.599998,45728.0,-1.3333362962962974,5.058365758754864
2471,2009-06-30,NSE:HMT,67.050003,67.5,63.549999,64.150002,20875.0,-3.6786727831433246,-1.3333362962962974
2472,2009-07-01,NSE:HMT,64.900002,67.400002,63.0,64.150002,96201.0,0.0,-3.6786727831433246
2473,2009-07-02,NSE:HMT,65.550003,67.400002,64.699997,67.349998,228178.0,4.9883022606920555,0.0
2474,2009-07-03,NSE:HMT,66.900002,69.400002,66.400002,68.449997,116672.0,1.6332576580031923,4.9883022606920555
2475,2009-07-06,NSE:HMT,70.099998,71.900002,65.050003,65.099998,0.0,-4.894082026037192,1.6332576580031923
2476,2009-07-07,NSE:HMT,65.400002,65.400002,59.5,62.049999,56610.0,-4.685098454227295,-4.894082026037192
2477,2009-07-08,NSE:HMT,60.049999,63.0,57.150002,58.950001,81582.0,-4.995967848444283,-4.685098454227295
2478,2009-07-09,NSE:HMT,59.0,60.150002,57.200001,58.700001,44967.0,-0.42408820315372003,-4.995967848444283
2479,2009-07-10,NSE:HMT,59.099998,59.400002,53.25,56.25,35302.0,-4.173766538777402,-0.42408820315372003
2480,2009-07-13,NSE:HMT,55.900002,56.0,50.650002,51.150002,50880.0,-9.06666311111111,-4.173766538777402
2481,2009-07-14,NSE:HMT,54.0,54.5,51.599998,53.099998,42052.0,3.812308746341787,-9.06666311111111
2482,2009-07-15,NSE:HMT,54.75,58.450001,54.5,58.450001,40165.0,10.07533559605784,3.812308746341787
2483,2009-07-16,NSE:HMT,60.400002,63.0,59.0,60.099998,118150.0,2.8229203965283065,10.07533559605784
2484,2009-07-17,NSE:HMT,60.0,62.0,59.150002,59.700001,62736.0,-0.6655524347937566,2.8229203965283065
2485,2009-07-20,NSE:HMT,60.0,62.849998,60.0,62.349998,75580.0,4.438855872045964,-0.6655524347937566
2486,2009-07-21,NSE:HMT,62.349998,68.599998,60.099998,67.75,0.0,8.66078937163719,4.438855872045964
2487,2009-07-22,NSE:HMT,68.599998,68.900002,64.400002,64.849998,97305.0,-4.280445756457565,8.66078937163719
2488,2009-07-23,NSE:HMT,66.0,67.849998,65.099998,65.599998,35314.0,1.1565150703628395,-4.280445756457565
2489,2009-07-24,NSE:HMT,66.099998,67.400002,65.099998,65.349998,33408.0,-0.38109757259443816,1.1565150703628395
2490,2009-07-27,NSE:HMT,66.400002,67.900002,64.800003,65.949997,42725.0,0.9181316271807642,-0.38109757259443816
2491,2009-07-28,NSE:HMT,66.0,68.900002,65.349998,67.199997,51045.0,1.8953753705250358,0.9181316271807642
2492,2009-07-29,NSE:HMT,66.5,68.5,63.849998,66.949997,80899.0,-0.37202382613201607,1.8953753705250358
2493,2009-07-30,NSE:HMT,65.75,70.300003,65.300003,70.300003,316640.0,5.003743316075142,-0.37202382613201607
2494,2009-07-31,NSE:HMT,71.75,72.300003,67.099998,67.650002,145230.0,-3.7695602943288677,5.003743316075142
2495,2009-08-03,NSE:HMT,68.0,69.900002,67.099998,69.25,76871.0,2.3651115339213136,-3.7695602943288677
2496,2009-08-04,NSE:HMT,70.25,70.449997,67.199997,67.699997,60465.0,-2.2382714801444097,2.3651115339213136
2497,2009-08-05,NSE:HMT,67.900002,70.300003,67.099998,67.650002,87979.0,-0.0738478614703566,-2.2382714801444097
2498,2009-08-06,NSE:HMT,68.0,68.699997,64.699997,65.199997,91012.0,-3.6215889542767563,-0.0738478614703566
2499,2009-08-07,NSE:HMT,63.25,66.199997,62.099998,62.549999,51854.0,-4.0644142974423705,-3.6215889542767563
2500,2009-08-10,NSE:HMT,63.75,64.75,61.150002,61.450001,21365.0,-1.7585899561725002,-4.0644142974423705
2501,2009-08-11,NSE:HMT,60.099998,64.0,59.450001,62.099998,27778.0,1.0577656459273272,-1.7585899561725002
2502,2009-08-12,NSE:HMT,60.200001,62.400002,60.0,61.650002,33535.0,-0.7246312632731465,1.0577656459273272
2503,2009-08-13,NSE:HMT,64.599998,64.75,62.200001,64.75,44989.0,5.028382643037058,-0.7246312632731465
2504,2009-08-14,NSE:HMT,65.900002,66.699997,63.25,63.599998,43417.0,-1.776064864864866,5.028382643037058
2505,2009-08-17,NSE:HMT,62.0,63.25,61.25,61.549999,28662.0,-3.2232689692851877,-1.776064864864866
2506,2009-08-18,NSE:HMT,61.599998,62.950001,59.299999,62.049999,19315.0,0.8123476980072738,-3.2232689692851877
2507,2009-08-19,NSE:HMT,63.0,63.599998,60.0,60.200001,31352.0,-2.9814633840687077,0.8123476980072738
2508,2009-08-20,NSE:HMT,60.200001,62.200001,60.200001,61.299999,24726.0,1.8272391723049959,-2.9814633840687077
2509,2009-08-21,NSE:HMT,60.099998,63.349998,60.099998,62.049999,40845.0,1.2234910476915342,1.8272391723049959
2510,2009-08-24,NSE:HMT,63.099998,64.5,61.799999,62.099998,45218.0,0.08057856697145101,1.2234910476915342
2511,2009-08-25,NSE:HMT,61.5,62.700001,61.150002,62.0,27233.0,-0.16102738038735423,0.08057856697145101
2512,2009-08-26,NSE:HMT,63.0,64.199997,62.0,63.25,37973.0,2.0161290322580645,-0.16102738038735423
2513,2009-08-27,NSE:HMT,62.599998,63.900002,62.599998,63.25,36490.0,0.0,2.0161290322580645
2514,2009-08-28,NSE:HMT,65.0,65.900002,62.700001,64.550003,54712.0,2.0553407114624567,0.0
2515,2009-08-31,NSE:HMT,63.900002,67.150002,63.5,65.800003,84396.0,1.9364832562440002,2.0553407114624567
2516,2009-09-01,NSE:HMT,66.800003,66.849998,63.200001,63.549999,47836.0,-3.4194588106629777,1.9364832562440002
2517,2009-09-02,NSE:HMT,63.900002,65.0,62.099998,62.75,26347.0,-1.2588497444350861,-3.4194588106629777
2518,2009-09-03,NSE:HMT,63.900002,65.0,62.700001,63.0,23409.0,0.398406374501992,-1.2588497444350861
2519,2009-09-04,NSE:HMT,63.5,63.5,62.5,62.75,0.0,-0.3968253968253968,0.398406374501992
2520,2009-09-07,NSE:HMT,63.099998,65.150002,63.099998,64.5,36267.0,2.788844621513944,-0.3968253968253968
2521,2009-09-08,NSE:HMT,65.400002,67.949997,64.050003,64.75,71210.0,0.3875968992248062,2.788844621513944
2522,2009-09-09,NSE:HMT,64.75,65.75,62.700001,63.75,36503.0,-1.5444015444015444,0.3875968992248062
2523,2009-09-10,NSE:HMT,64.550003,64.900002,62.200001,62.75,23484.0,-1.5686274509803921,-1.5444015444015444
2524,2009-09-11,NSE:HMT,63.150002,63.549999,61.799999,62.5,27099.0,-0.398406374501992,-1.5686274509803921
2525,2009-09-14,NSE:HMT,61.900002,68.75,61.900002,66.800003,409206.0,6.880004800000005,-0.398406374501992
2526,2009-09-15,NSE:HMT,67.650002,67.650002,64.199997,64.550003,108094.0,-3.3682633217845814,6.880004800000005
2527,2009-09-16,NSE:HMT,65.300003,67.0,64.0,64.400002,123486.0,-0.23237953993588992,-3.3682633217845814
2528,2009-09-17,NSE:HMT,65.5,65.5,63.5,64.699997,59208.0,0.46583073087481514,-0.23237953993588992
2529,2009-09-18,NSE:HMT,64.25,66.400002,64.0,64.25,50440.0,-0.6955131698074054,0.46583073087481514
2530,2009-09-22,NSE:HMT,64.900002,67.900002,60.5,65.650002,126022.0,2.178991439688717,-0.6955131698074054
2531,2009-09-23,NSE:HMT,65.5,66.75,64.0,64.300003,45979.0,-2.0563578962267157,2.178991439688717
2532,2009-09-24,NSE:HMT,64.849998,66.0,63.299999,64.349998,59659.0,0.07775271798975744,-2.0563578962267157
2533,2009-09-25,NSE:HMT,64.699997,69.900002,63.849998,68.199997,196232.0,5.982904614853286,0.07775271798975744
2534,2009-09-29,NSE:HMT,70.0,71.349998,67.150002,68.150002,170524.0,-0.07330645483752085,5.982904614853286
2535,2009-09-30,NSE:HMT,70.400002,75.0,70.400002,75.0,1578740.0,10.05135407039313,-0.07330645483752085
2536,2009-10-01,NSE:HMT,77.300003,77.300003,71.699997,72.800003,481479.0,-2.9333293333333286,10.05135407039313
2537,2009-10-05,NSE:HMT,70.0,72.900002,68.25,68.800003,84274.0,-5.494505268083573,-2.9333293333333286
2538,2009-10-06,NSE:HMT,70.5,70.900002,66.5,67.949997,76641.0,-1.2354737833369098,-5.494505268083573
2539,2009-10-07,NSE:HMT,69.900002,70.0,66.5,67.050003,84479.0,-1.324494539712772,-1.2354737833369098
2540,2009-10-08,NSE:HMT,68.25,70.5,65.400002,66.400002,119200.0,-0.9694272496900606,-1.324494539712772
2541,2009-10-09,NSE:HMT,67.449997,69.5,65.599998,66.25,89045.0,-0.2259066197016088,-0.9694272496900606
2542,2009-10-12,NSE:HMT,66.949997,67.75,66.150002,66.75,43568.0,0.7547169811320755,-0.2259066197016088
2543,2009-10-14,NSE:HMT,67.050003,69.5,67.0,67.599998,96667.0,1.273405243445692,0.7547169811320755
2544,2009-10-15,NSE:HMT,68.099998,68.449997,66.599998,67.050003,42319.0,-0.8136020950769784,1.273405243445692
2545,2009-10-16,NSE:HMT,67.099998,70.099998,66.300003,67.349998,80826.0,0.4474198159245355,-0.8136020950769784
2546,2009-10-20,NSE:HMT,68.900002,69.099998,66.400002,66.800003,69470.0,-0.816622147486917,0.4474198159245355
2547,2009-10-21,NSE:HMT,66.800003,70.550003,66.650002,67.900002,215672.0,1.6467050158665362,-0.816622147486917
2548,2009-10-22,NSE:HMT,67.599998,69.800003,65.599998,66.25,98046.0,-2.4300470565523704,1.6467050158665362
2549,2009-10-23,NSE:HMT,67.75,68.199997,65.650002,66.150002,33164.0,-0.1509403773584896,-2.4300470565523704
2550,2009-10-26,NSE:HMT,66.300003,66.699997,64.449997,65.050003,39545.0,-1.6628858151810741,-0.1509403773584896
2551,2009-10-27,NSE:HMT,64.599998,65.0,59.049999,59.950001,115512.0,-7.840125695305507,-1.6628858151810741
2552,2009-10-28,NSE:HMT,60.0,60.5,58.5,59.25,42142.0,-1.167641348329586,-7.840125695305507
2553,2009-10-29,NSE:HMT,58.25,58.700001,57.0,57.549999,22418.0,-2.8692000000000006,-1.167641348329586
2554,2009-10-30,NSE:HMT,58.700001,62.0,57.200001,57.950001,38593.0,0.6950512718514568,-2.8692000000000006
2555,2009-11-03,NSE:HMT,57.0,57.0,54.150002,54.75,30409.0,-5.522003355961979,0.6950512718514568
2556,2009-11-04,NSE:HMT,55.599998,59.849998,55.099998,56.25,35812.0,2.73972602739726,-5.522003355961979
2557,2009-11-05,NSE:HMT,56.650002,58.5,55.099998,57.700001,61931.0,2.5777795555555563,2.73972602739726
2558,2009-11-06,NSE:HMT,59.599998,63.5,59.599998,63.5,83649.0,10.05199116027745,2.5777795555555563
2559,2009-11-09,NSE:HMT,65.699997,67.599998,64.050003,64.400002,151709.0,1.4173259842519694,10.05199116027745
2560,2009-11-10,NSE:HMT,65.900002,77.300003,63.849998,75.949997,2162645.0,17.93477428773992,1.4173259842519694
2561,2009-11-11,NSE:HMT,78.050003,82.349998,76.5,79.800003,3568429.0,5.069132524126378,17.93477428773992
2562,2009-11-12,NSE:HMT,80.0,80.0,73.300003,74.400002,821581.0,-6.766918291970494,5.069132524126378
2563,2009-11-13,NSE:HMT,71.199997,77.699997,70.349998,73.699997,2257130.0,-0.9408669101917557,-6.766918291970494
2564,2009-11-16,NSE:HMT,74.050003,75.0,72.599998,74.150002,448946.0,0.6105902555192838,-0.9408669101917557
2565,2009-11-17,NSE:HMT,74.949997,76.349998,73.400002,73.949997,415513.0,-0.26973026919136756,0.6105902555192838
2566,2009-11-18,NSE:HMT,74.5,75.699997,71.400002,72.449997,263919.0,-2.028397648210858,-0.26973026919136756
2567,2009-11-19,NSE:HMT,72.0,75.300003,70.0,70.949997,571069.0,-2.070393460471779,-2.028397648210858
2568,2009-11-20,NSE:HMT,70.300003,70.650002,68.5,69.400002,270998.0,-2.1846301135150092,-2.070393460471779
2569,2009-11-23,NSE:HMT,71.349998,76.349998,71.050003,73.0,476696.0,5.187316853391445,-2.1846301135150092
2570,2009-11-24,NSE:HMT,73.5,73.599998,70.699997,71.650002,131342.0,-1.8493123287671225,5.187316853391445
2571,2009-11-25,NSE:HMT,72.550003,72.650002,69.300003,69.650002,99254.0,-2.791346746926818,-1.8493123287671225
2572,2009-11-26,NSE:HMT,69.0,69.949997,67.25,67.800003,100066.0,-2.656136319996081,-2.791346746926818
2573,2009-11-27,NSE:HMT,66.099998,66.5,63.200001,65.050003,156327.0,-4.056047018169011,-2.656136319996081
2574,2009-11-30,NSE:HMT,66.0,69.5,65.849998,67.25,169139.0,3.3820090677013437,-4.056047018169011
2575,2009-12-01,NSE:HMT,65.5,69.800003,65.150002,68.349998,143715.0,1.6356847583643113,3.3820090677013437
2576,2009-12-02,NSE:HMT,69.900002,69.900002,68.099998,68.25,75270.0,-0.1463028572436818,1.6356847583643113
2577,2009-12-03,NSE:HMT,68.25,70.400002,67.099998,68.150002,126218.0,-0.1465172161172152,-0.1463028572436818
2578,2009-12-04,NSE:HMT,67.25,69.949997,67.25,67.849998,118786.0,-0.4402112856871248,-0.1465172161172152
2579,2009-12-07,NSE:HMT,68.300003,70.150002,67.0,67.5,44443.0,-0.5158408405553665,-0.4402112856871248
2580,2009-12-08,NSE:HMT,67.5,69.849998,66.599998,68.900002,200024.0,2.074077037037038,-0.5158408405553665
2581,2009-12-09,NSE:HMT,68.050003,70.699997,68.050003,68.550003,151320.0,-0.5079811173300065,2.074077037037038
2582,2009-12-10,NSE:HMT,69.75,69.75,67.75,68.099998,53842.0,-0.6564624074487705,-0.5079811173300065
2583,2009-12-11,NSE:HMT,68.949997,69.199997,67.199997,67.5,64557.0,-0.8810543577402151,-0.6564624074487705
2584,2009-12-14,NSE:HMT,67.199997,68.550003,66.0,66.400002,47513.0,-1.6296266666666657,-0.8810543577402151
2585,2009-12-15,NSE:HMT,66.849998,67.199997,64.099998,64.849998,50684.0,-2.3343433031824325,-1.6296266666666657
2586,2009-12-16,NSE:HMT,64.900002,67.0,63.5,65.099998,95004.0,0.38550502345427984,-2.3343433031824325
2587,2009-12-17,NSE:HMT,65.0,67.699997,65.0,66.650002,177478.0,2.3809585984933537,0.38550502345427984
2588,2009-12-18,NSE:HMT,65.5,67.800003,65.099998,65.349998,83593.0,-1.9504935648764141,2.3809585984933537
2589,2009-12-21,NSE:HMT,65.75,66.0,61.150002,63.299999,115867.0,-3.136953424237289,-1.9504935648764141
2590,2009-12-22,NSE:HMT,61.599998,68.75,61.599998,67.650002,418721.0,6.872042762591514,-3.136953424237289
2591,2009-12-23,NSE:HMT,68.199997,69.699997,67.199997,67.849998,261747.0,0.2956333985030758,6.872042762591514
2592,2009-12-24,NSE:HMT,68.699997,73.949997,67.400002,71.150002,1197703.0,4.863675898708209,0.2956333985030758
2593,2009-12-29,NSE:HMT,71.699997,71.800003,68.300003,69.150002,175092.0,-2.810962675728386,4.863675898708209
2594,2009-12-30,NSE:HMT,69.699997,72.400002,68.199997,70.099998,322349.0,1.3738191938157844,-2.810962675728386
2595,2009-12-31,NSE:HMT,71.150002,72.199997,69.150002,69.449997,142046.0,-0.9272482432881141,1.3738191938157844
2596,2010-01-04,NSE:HMT,70.199997,71.449997,69.0,69.849998,106071.0,0.5759553884502013,-0.9272482432881141
2597,2010-01-05,NSE:HMT,71.849998,72.849998,70.550003,70.800003,283466.0,1.3600644627076501,0.5759553884502013
2598,2010-01-06,NSE:HMT,71.400002,71.800003,70.099998,70.5,153793.0,-0.4237330328926734,1.3600644627076501
2599,2010-01-07,NSE:HMT,70.349998,71.949997,70.199997,70.550003,131787.0,0.07092624113475715,-0.4237330328926734
2600,2010-01-08,NSE:HMT,70.550003,73.5,70.550003,71.349998,310049.0,1.133940419534774,0.07092624113475715
2601,2010-01-11,NSE:HMT,72.699997,81.849998,72.0,79.699997,1313857.0,11.702872086976088,1.133940419534774
2602,2010-01-12,NSE:HMT,78.900002,86.0,78.650002,79.349998,1721960.0,-0.43914556232667973,11.702872086976088
2603,2010-01-13,NSE:HMT,78.75,81.150002,76.199997,78.400002,598084.0,-1.1972224624378678,-0.43914556232667973
2604,2010-01-14,NSE:HMT,78.949997,81.599998,78.199997,79.400002,456145.0,1.2755101715431079,-1.1972224624378678
2605,2010-01-15,NSE:HMT,80.5,88.400002,79.400002,85.900002,3017167.0,8.186397778680158,1.2755101715431079
2606,2010-01-18,NSE:HMT,85.400002,91.949997,84.75,90.25,3482848.0,5.064025493270651,8.186397778680158
2607,2010-01-19,NSE:HMT,91.0,106.35,90.400002,103.5,10538313.0,14.681440443213297,5.064025493270651
2608,2010-01-20,NSE:HMT,104.0,105.4,94.150002,95.150002,3451854.0,-8.067630917874395,14.681440443213297
2609,2010-01-21,NSE:HMT,95.150002,95.849998,89.5,90.650002,2438619.0,-4.729374572162384,-8.067630917874395
2610,2010-01-22,NSE:HMT,88.0,96.449997,84.0,94.5,3500900.0,4.247101947113029,-4.729374572162384
2611,2010-01-25,NSE:HMT,91.800003,98.150002,90.099998,93.199997,3106858.0,-1.3756645502645544,4.247101947113029
2612,2010-01-27,NSE:HMT,92.0,94.550003,81.099998,83.400002,1262441.0,-10.51501643288679,-1.3756645502645544
2613,2010-01-28,NSE:HMT,84.400002,88.0,82.050003,83.599998,1140360.0,0.23980335156346724,-10.51501643288679
2614,2010-01-29,NSE:HMT,79.900002,87.5,79.900002,86.449997,1080505.0,3.409089794475829,0.23980335156346724
2615,2010-02-01,NSE:HMT,86.900002,91.900002,84.5,90.199997,1757063.0,4.337767646192052,3.409089794475829
2616,2010-02-02,NSE:HMT,91.0,92.800003,86.199997,86.849998,1346897.0,-3.7139679727483768,4.337767646192052
2617,2010-02-03,NSE:HMT,88.0,89.5,85.699997,86.5,574202.0,-0.40299137370158533,-3.7139679727483768
2618,2010-02-04,NSE:HMT,86.449997,89.5,83.5,84.25,704487.0,-2.601156069364162,-0.40299137370158533
2619,2010-02-05,NSE:HMT,81.900002,81.900002,79.0,79.650002,431200.0,-5.45993827893175,-2.601156069364162
2620,2010-02-08,NSE:HMT,82.5,84.5,80.550003,81.75,505484.0,2.6365322627361634,-5.45993827893175
2621,2010-02-09,NSE:HMT,82.0,92.0,80.449997,90.75,2479810.0,11.009174311926607,2.6365322627361634
2622,2010-02-10,NSE:HMT,92.0,105.35,90.5,101.2,12587725.0,11.51515151515152,11.009174311926607
2623,2010-02-11,NSE:HMT,102.3,103.7,98.449997,99.5,8913852.0,-1.6798418972332043,11.51515151515152
2624,2010-02-15,NSE:HMT,99.599998,101.6,96.099998,97.349998,2133544.0,-2.1608060301507543,-1.6798418972332043
2625,2010-02-16,NSE:HMT,98.0,101.2,94.5,99.599998,3434566.0,2.3112481214432075,-2.1608060301507543
2626,2010-02-17,NSE:HMT,99.900002,100.8,95.800003,96.75,1788700.0,-2.8614438325591127,2.3112481214432075
2627,2010-02-18,NSE:HMT,96.849998,99.199997,94.099998,94.75,1405197.0,-2.0671834625323,-2.8614438325591127
2628,2010-02-19,NSE:HMT,95.050003,97.199997,92.599998,93.400002,1668946.0,-1.4247999999999994,-2.0671834625323
2629,2010-02-22,NSE:HMT,95.5,95.5,86.900002,87.599998,1009407.0,-6.209854256748304,-1.4247999999999994
2630,2010-02-23,NSE:HMT,86.599998,88.849998,84.599998,85.949997,1645942.0,-1.8835628283918489,-6.209854256748304
2631,2010-02-24,NSE:HMT,85.0,86.699997,82.0,82.800003,738779.0,-3.664914613086016,-1.8835628283918489
2632,2010-02-25,NSE:HMT,81.25,86.25,78.25,80.199997,1633788.0,-3.1401037509624334,-3.664914613086016
2633,2010-02-26,NSE:HMT,80.199997,83.699997,79.699997,80.449997,1645156.0,0.3117207099147398,-3.1401037509624334
2634,2010-03-02,NSE:HMT,81.0,84.25,81.0,81.75,762885.0,1.6159142927003514,0.3117207099147398
2635,2010-03-03,NSE:HMT,82.599998,84.150002,82.150002,82.449997,587076.0,0.8562654434250718,1.6159142927003514
2636,2010-03-04,NSE:HMT,82.449997,85.150002,82.449997,83.400002,968889.0,1.1522195689103596,0.8562654434250718
2637,2010-03-05,NSE:HMT,84.199997,85.650002,83.150002,83.599998,750134.0,0.23980335156346724,1.1522195689103596
2638,2010-03-08,NSE:HMT,85.0,85.0,82.550003,82.949997,312410.0,-0.7775131764955343,0.23980335156346724
2639,2010-03-09,NSE:HMT,82.900002,83.900002,80.599998,81.0,237302.0,-2.3508102116025347,-0.7775131764955343
2640,2010-03-10,NSE:HMT,81.550003,83.300003,80.0,81.650002,520600.0,0.8024716049382723,-2.3508102116025347
2641,2010-03-11,NSE:HMT,81.900002,82.449997,79.050003,79.849998,259122.0,-2.2045363820076833,0.8024716049382723
2642,2010-03-12,NSE:HMT,80.599998,81.449997,78.0,78.400002,438566.0,-1.8158998576305523,-2.2045363820076833
2643,2010-03-15,NSE:HMT,78.800003,79.099998,75.0,75.25,300527.0,-4.017859591381134,-1.8158998576305523
2644,2010-03-16,NSE:HMT,74.0,75.800003,72.800003,74.650002,657091.0,-0.7973395348837201,-4.017859591381134
2645,2010-03-17,NSE:HMT,75.650002,82.800003,74.849998,81.699997,2294627.0,9.444065386629187,-0.7973395348837201
2646,2010-03-18,NSE:HMT,83.199997,85.449997,80.0,81.0,2764515.0,-0.8567895051452649,9.444065386629187
2647,2010-03-19,NSE:HMT,81.699997,82.599998,80.099998,80.550003,555127.0,-0.5555518518518472,-0.8567895051452649
2648,2010-03-22,NSE:HMT,79.0,81.25,78.199997,78.699997,540457.0,-2.296717481189923,-0.5555518518518472
2649,2010-03-23,NSE:HMT,79.400002,80.25,77.599998,78.0,240368.0,-0.8894498433081214,-2.296717481189923
2650,2010-03-25,NSE:HMT,78.199997,79.5,76.550003,77.400002,252171.0,-0.7692282051282042,-0.8894498433081214
2651,2010-03-26,NSE:HMT,77.949997,78.599998,75.550003,76.150002,245754.0,-1.6149870383724279,-0.7692282051282042
2652,2010-03-29,NSE:HMT,76.900002,76.900002,74.0,74.150002,236471.0,-2.62639520350899,-1.6149870383724279
2653,2010-03-30,NSE:HMT,74.050003,79.800003,74.050003,77.599998,1212054.0,4.652725430809832,-2.62639520350899
2654,2010-03-31,NSE:HMT,78.5,80.400002,77.599998,77.949997,660538.0,0.45102965079972923,4.652725430809832
2655,2010-04-01,NSE:HMT,78.949997,79.449997,77.5,78.150002,234955.0,0.25658115163237843,0.45102965079972923
2656,2010-04-05,NSE:HMT,80.400002,80.400002,77.5,78.349998,208480.0,0.25591298129461176,0.25658115163237843
2657,2010-04-06,NSE:HMT,78.900002,81.449997,76.5,79.099998,574362.0,0.9572431641925505,0.25591298129461176
2658,2010-04-07,NSE:HMT,79.0,81.400002,78.550003,79.199997,443505.0,0.12642098929003368,0.9572431641925505
2659,2010-04-08,NSE:HMT,80.0,80.0,77.300003,77.900002,178309.0,-1.6414078904573641,0.12642098929003368
2660,2010-04-09,NSE:HMT,78.75,79.25,76.599998,77.400002,149028.0,-0.6418485072696146,-1.6414078904573641
2661,2010-04-12,NSE:HMT,78.050003,83.599998,78.0,82.5,1290364.0,6.589144532580243,-0.6418485072696146
2662,2010-04-13,NSE:HMT,84.0,85.599998,82.0,82.349998,1020321.0,-0.18182060606060682,6.589144532580243
2663,2010-04-15,NSE:HMT,83.099998,84.900002,81.599998,82.050003,511710.0,-0.3642926621564649,-0.18182060606060682
2664,2010-04-16,NSE:HMT,82.099998,82.25,79.099998,80.099998,171869.0,-2.376605641318507,-0.3642926621564649
2665,2010-04-19,NSE:HMT,79.0,79.5,77.199997,77.849998,193965.0,-2.8089888341819935,-2.376605641318507
2666,2010-04-20,NSE:HMT,80.0,84.400002,78.900002,83.25,1027626.0,6.936418932213718,-2.8089888341819935
2667,2010-04-21,NSE:HMT,83.800003,83.800003,81.25,81.449997,349206.0,-2.1621657657657702,6.936418932213718
2668,2010-04-22,NSE:HMT,81.900002,82.349998,80.199997,80.699997,338093.0,-0.920810346991173,-2.1621657657657702
2669,2010-04-23,NSE:HMT,81.199997,81.5,79.5,80.099998,162095.0,-0.7434932122735975,-0.920810346991173
2670,2010-04-26,NSE:HMT,80.199997,82.650002,80.050003,80.900002,301634.0,0.99875657924486,-0.7434932122735975
2671,2010-04-27,NSE:HMT,81.0,82.400002,78.199997,80.050003,657462.0,-1.050678589600031,0.99875657924486
2672,2010-04-28,NSE:HMT,79.5,79.5,76.699997,77.150002,232934.0,-3.622736903582631,-1.050678589600031
2673,2010-04-29,NSE:HMT,77.900002,79.25,77.800003,78.449997,146057.0,1.6850226394031664,-3.622736903582631
2674,2010-04-30,NSE:HMT,79.300003,80.5,78.550003,78.849998,202298.0,0.5098801979559071,1.6850226394031664
2675,2010-05-03,NSE:HMT,78.75,79.449997,77.5,78.550003,134666.0,-0.3804629138988635,0.5098801979559071
2676,2010-05-04,NSE:HMT,79.900002,80.199997,76.650002,77.099998,176227.0,-1.845964283413209,-0.3804629138988635
2677,2010-05-05,NSE:HMT,75.0,75.900002,73.150002,75.199997,213399.0,-2.4643333972589767,-1.845964283413209
2678,2010-05-06,NSE:HMT,73.199997,82.150002,71.25,79.599998,941512.0,5.851065392994634,-2.4643333972589767
2679,2010-05-07,NSE:HMT,78.0,78.0,74.650002,75.300003,291141.0,-5.4020039045729575,5.851065392994634
2680,2010-05-10,NSE:HMT,77.0,77.400002,76.0,76.800003,133766.0,1.9920317931461435,-5.4020039045729575
2681,2010-05-11,NSE:HMT,77.400002,79.050003,76.099998,76.699997,324856.0,-0.1302161407467752,1.9920317931461435
2682,2010-05-12,NSE:HMT,76.5,79.150002,75.900002,76.300003,321381.0,-0.5215045836311994,-0.1302161407467752
2683,2010-05-13,NSE:HMT,77.400002,77.900002,75.650002,76.25,134275.0,-0.06553472874700123,-0.5215045836311994
2684,2010-05-14,NSE:HMT,76.25,77.300003,74.0,74.5,163637.0,-2.2950819672131146,-0.06553472874700123
2685,2010-05-17,NSE:HMT,73.699997,73.699997,72.199997,73.099998,155964.0,-1.8791973154362425,-2.2950819672131146
2686,2010-05-18,NSE:HMT,73.0,74.800003,72.300003,73.400002,125329.0,0.41040220001100586,-1.8791973154362425
2687,2010-05-19,NSE:HMT,73.0,74.300003,69.800003,70.449997,200844.0,-4.019080271959671,0.41040220001100586
2688,2010-05-20,NSE:HMT,71.0,71.900002,67.650002,68.199997,135901.0,-3.1937545717709543,-4.019080271959671
2689,2010-05-21,NSE:HMT,67.400002,67.400002,65.099998,66.0,123256.0,-3.2258021946833755,-3.1937545717709543
2690,2010-05-24,NSE:HMT,68.0,69.300003,66.25,67.25,119543.0,1.893939393939394,-3.2258021946833755
2691,2010-05-25,NSE:HMT,67.0,67.0,63.700001,64.099998,77962.0,-4.684017843866172,1.893939393939394
2692,2010-05-26,NSE:HMT,65.25,66.199997,64.199997,65.199997,88215.0,1.7160671362267388,-4.684017843866172
2693,2010-05-27,NSE:HMT,65.25,67.0,64.5,66.349998,132779.0,1.7638052958806167,1.7160671362267388
2694,2010-05-28,NSE:HMT,68.150002,68.75,61.400002,67.099998,202853.0,1.1303692880292175,1.7638052958806167
2695,2010-05-31,NSE:HMT,66.099998,74.849998,66.099998,73.599998,1743135.0,9.687034565932477,1.1303692880292175
2696,2010-06-01,NSE:HMT,73.0,75.349998,70.099998,70.599998,851436.0,-4.076087067284974,9.687034565932477
2697,2010-06-02,NSE:HMT,73.0,73.0,70.0,71.300003,253671.0,0.9915085266716359,-4.076087067284974
2698,2010-06-03,NSE:HMT,72.25,73.699997,71.5,71.949997,249408.0,0.9116325002118055,0.9915085266716359
2699,2010-06-04,NSE:HMT,72.5,72.5,70.400002,70.75,95135.0,-1.667820778366393,0.9116325002118055
2700,2010-06-07,NSE:HMT,68.099998,69.75,65.099998,68.199997,144528.0,-3.604244522968203,-1.667820778366393
2701,2010-06-08,NSE:HMT,68.5,72.300003,68.5,69.400002,443093.0,1.759538200566203,-3.604244522968203
2702,2010-06-09,NSE:HMT,70.5,74.199997,69.199997,70.550003,561367.0,1.6570619119002377,1.759538200566203
2703,2010-06-10,NSE:HMT,70.650002,71.75,69.650002,70.800003,165795.0,0.35435859584584284,1.6570619119002377
2704,2010-06-11,NSE:HMT,71.849998,73.650002,70.449997,70.949997,551390.0,0.21185592322643323,0.35435859584584284
2705,2010-06-14,NSE:HMT,71.5,72.150002,70.800003,71.099998,126083.0,0.21141790886897877,0.21185592322643323
2706,2010-06-15,NSE:HMT,71.650002,75.0,71.400002,73.050003,910760.0,2.7426231432524153,0.21141790886897877
2707,2010-06-16,NSE:HMT,74.050003,74.300003,70.050003,72.0,217851.0,-1.4373757109907357,2.7426231432524153
2708,2010-06-17,NSE:HMT,72.800003,73.900002,70.25,71.300003,204992.0,-0.9722180555555503,-1.4373757109907357
2709,2010-06-18,NSE:HMT,71.5,73.0,70.5,70.650002,205897.0,-0.9116423178832168,-0.9722180555555503
2710,2010-06-21,NSE:HMT,71.699997,72.0,70.800003,71.099998,95945.0,0.6369369954157945,-0.9116423178832168
2711,2010-06-22,NSE:HMT,71.599998,72.5,70.550003,71.150002,150682.0,0.07032911590236791,0.6369369954157945
2712,2010-06-23,NSE:HMT,71.050003,71.599998,70.5,70.900002,130525.0,-0.35137033446604826,0.07032911590236791
2713,2010-06-24,NSE:HMT,70.550003,72.25,70.5,70.849998,147335.0,-0.07052750153660259,-0.35137033446604826
2714,2010-06-25,NSE:HMT,70.5,72.800003,70.199997,70.5,262635.0,-0.49399860251230965,-0.07052750153660259
2715,2010-06-28,NSE:HMT,70.5,71.800003,70.5,70.900002,103708.0,0.5673787234042562,-0.49399860251230965
2716,2010-06-29,NSE:HMT,71.0,71.650002,69.25,69.800003,129543.0,-1.551479504894791,0.5673787234042562
2717,2010-06-30,NSE:HMT,69.099998,71.699997,69.0,70.650002,294184.0,1.2177635579757737,-1.551479504894791
2718,2010-07-01,NSE:HMT,70.599998,71.75,70.5,70.949997,165708.0,0.424621360944895,1.2177635579757737
2719,2010-07-02,NSE:HMT,71.199997,73.25,70.5,71.349998,534551.0,0.5637787412450534,0.424621360944895
2720,2010-07-05,NSE:HMT,71.300003,72.300003,70.699997,71.199997,170481.0,-0.21023266181451492,0.5637787412450534
2721,2010-07-06,NSE:HMT,70.75,71.949997,70.650002,70.849998,125294.0,-0.4915716499257674,-0.21023266181451492
2722,2010-07-07,NSE:HMT,70.699997,71.5,70.400002,70.800003,136654.0,-0.07056457503357386,-0.4915716499257674
2723,2010-07-08,NSE:HMT,71.5,71.5,70.300003,70.5,100234.0,-0.4237330328926734,-0.07056457503357386
2724,2010-07-09,NSE:HMT,70.699997,71.650002,70.5,70.900002,121177.0,0.5673787234042562,-0.4237330328926734
2725,2010-07-12,NSE:HMT,71.349998,71.5,70.5,70.699997,83086.0,-0.2820944913372561,0.5673787234042562
2726,2010-07-13,NSE:HMT,70.699997,71.199997,70.5,70.75,85405.0,0.07072560413263355,-0.2820944913372561
2727,2010-07-14,NSE:HMT,71.449997,76.300003,70.800003,75.400002,1749247.0,6.572440989399294,0.07072560413263355
2728,2010-07-15,NSE:HMT,76.199997,78.400002,75.699997,76.449997,1580940.0,1.392566276059244,6.572440989399294
2729,2010-07-16,NSE:HMT,76.599998,76.599998,74.5,75.099998,208480.0,-1.765858800491512,1.392566276059244
2730,2010-07-19,NSE:HMT,74.0,76.349998,72.699997,75.449997,441759.0,0.46604395382273756,-1.765858800491512
2731,2010-07-20,NSE:HMT,76.650002,76.650002,73.349998,73.949997,267857.0,-1.9880716496251154,0.46604395382273756
2732,2010-07-21,NSE:HMT,74.25,74.650002,73.099998,73.400002,114361.0,-0.7437390430184813,-1.9880716496251154
2733,2010-07-22,NSE:HMT,73.400002,73.800003,72.75,72.949997,113996.0,-0.6130858143573408,-0.7437390430184813
2734,2010-07-23,NSE:HMT,73.400002,73.900002,72.099998,72.300003,115089.0,-0.8910130592602936,-0.6130858143573408
2735,2010-07-26,NSE:HMT,73.400002,73.400002,70.900002,71.150002,110021.0,-1.5905960612477472,-0.8910130592602936
2736,2010-07-27,NSE:HMT,71.5,72.199997,70.300003,70.900002,141774.0,-0.35137033446604826,-1.5905960612477472
2737,2010-07-28,NSE:HMT,71.050003,71.900002,70.25,70.75,125129.0,-0.21156840023784573,-0.35137033446604826
2738,2010-07-29,NSE:HMT,71.349998,71.800003,70.199997,70.400002,96750.0,-0.494696819787985,-0.21156840023784573
2739,2010-07-30,NSE:HMT,70.25,71.400002,70.0,70.349998,89182.0,-0.07102840707305842,-0.494696819787985
2740,2010-08-02,NSE:HMT,71.150002,74.650002,70.150002,72.650002,784901.0,3.2693732272742944,-0.07102840707305842
2741,2010-08-03,NSE:HMT,72.900002,86.5,71.75,83.199997,6302913.0,14.521672002156304,3.2693732272742944
2742,2010-08-04,NSE:HMT,85.75,88.800003,83.349998,84.0,4623990.0,0.9615421019786862,14.521672002156304
2743,2010-08-05,NSE:HMT,84.0,84.400002,80.5,80.949997,875572.0,-3.630955952380957,0.9615421019786862
2744,2010-08-06,NSE:HMT,80.800003,81.5,77.650002,78.25,574807.0,-3.3353886350360162,-3.630955952380957
2745,2010-08-09,NSE:HMT,78.099998,80.349998,77.0,79.050003,428115.0,1.0223680511182158,-3.3353886350360162
2746,2010-08-10,NSE:HMT,78.099998,79.449997,76.300003,76.599998,262873.0,-3.099310445313967,1.0223680511182158
2747,2010-08-11,NSE:HMT,76.699997,77.699997,74.800003,75.25,268065.0,-1.7623995238224408,-3.099310445313967
2748,2010-08-12,NSE:HMT,74.800003,75.199997,73.550003,73.699997,226390.0,-2.059804651162796,-1.7623995238224408
2749,2010-08-13,NSE:HMT,74.900002,78.400002,72.650002,75.599998,615884.0,2.5780204577213257,-2.059804651162796
2750,2010-08-16,NSE:HMT,75.599998,76.150002,73.199997,73.550003,146972.0,-2.7116336696199324,2.5780204577213257
2751,2010-08-17,NSE:HMT,73.900002,78.449997,73.0,76.199997,560530.0,3.6029828577981053,-2.7116336696199324
2752,2010-08-18,NSE:HMT,76.400002,76.5,74.25,74.849998,217411.0,-1.7716523007212153,3.6029828577981053
2753,2010-08-19,NSE:HMT,75.650002,77.599998,74.0,75.25,360221.0,0.5344048238985933,-1.7716523007212153
2754,2010-08-20,NSE:HMT,75.900002,77.5,75.0,75.650002,390129.0,0.5315641196013298,0.5344048238985933
2755,2010-08-23,NSE:HMT,75.699997,78.0,75.0,76.199997,307439.0,0.7270257573819966,0.5315641196013298
2756,2010-08-24,NSE:HMT,76.5,76.849998,74.650002,74.900002,138879.0,-1.7060302508935736,0.7270257573819966
2757,2010-08-25,NSE:HMT,75.800003,75.800003,72.650002,73.050003,135449.0,-2.4699585455284727,-1.7060302508935736
2758,2010-08-26,NSE:HMT,73.400002,75.099998,72.099998,72.5,339679.0,-0.7529130423170602,-2.4699585455284727
2759,2010-08-27,NSE:HMT,72.900002,75.199997,72.099998,72.400002,420788.0,-0.1379282758620681,-0.7529130423170602
2760,2010-08-30,NSE:HMT,73.199997,74.25,71.599998,71.900002,175302.0,-0.6906077157290686,-0.1379282758620681
2761,2010-08-31,NSE:HMT,72.300003,73.599998,71.25,72.150002,300892.0,0.3477051363642521,-0.6906077157290686
2762,2010-09-01,NSE:HMT,72.5,79.199997,72.400002,77.949997,3341196.0,8.038800885965319,0.3477051363642521
2763,2010-09-02,NSE:HMT,79.5,81.800003,77.050003,77.650002,2734707.0,-0.38485569152747445,8.038800885965319
2764,2010-09-03,NSE:HMT,78.400002,79.949997,77.550003,77.949997,662032.0,0.38634255283083646,-0.38485569152747445
2765,2010-09-06,NSE:HMT,78.699997,79.150002,77.099998,77.300003,240928.0,-0.8338601988656811,0.38634255283083646
2766,2010-09-07,NSE:HMT,77.949997,79.599998,76.5,77.150002,591886.0,-0.1940504452503102,-0.8338601988656811
2767,2010-09-08,NSE:HMT,77.949997,78.599998,76.650002,76.849998,231567.0,-0.38885805861677264,-0.1940504452503102
2768,2010-09-09,NSE:HMT,77.050003,78.449997,76.050003,76.400002,198046.0,-0.5855510887586474,-0.38885805861677264
2769,2010-09-13,NSE:HMT,77.0,77.699997,75.5,75.650002,188670.0,-0.981675366971849,-0.5855510887586474
2770,2010-09-14,NSE:HMT,76.0,77.699997,74.550003,76.849998,530728.0,1.5862471490747598,-0.981675366971849
2771,2010-09-15,NSE:HMT,78.699997,79.699997,75.849998,76.349998,526831.0,-0.65061810411498,1.5862471490747598
2772,2010-09-16,NSE:HMT,76.550003,76.599998,74.5,75.050003,210154.0,-1.7026784990878396,-0.65061810411498
2773,2010-09-17,NSE:HMT,75.25,76.199997,75.099998,75.699997,173727.0,0.8660812445270554,-1.7026784990878396
2774,2010-09-20,NSE:HMT,76.449997,76.900002,75.349998,75.75,173556.0,0.06605416378022286,0.8660812445270554
2775,2010-09-21,NSE:HMT,76.5,77.75,75.050003,75.699997,687070.0,-0.06601056105611061,0.06605416378022286
2776,2010-09-22,NSE:HMT,76.0,76.25,75.0,75.199997,173574.0,-0.6605020076817176,-0.06601056105611061
2777,2010-09-23,NSE:HMT,75.5,76.0,74.25,74.650002,151121.0,-0.7313763589644765,-0.6605020076817176
2778,2010-09-24,NSE:HMT,74.300003,75.5,74.099998,74.550003,102777.0,-0.13395712969973778,-0.7313763589644765
2779,2010-09-27,NSE:HMT,75.300003,75.550003,74.25,74.349998,82086.0,-0.26828302072637666,-0.13395712969973778
2780,2010-09-28,NSE:HMT,74.550003,75.5,74.0,74.199997,117367.0,-0.20174983730329507,-0.26828302072637666
2781,2010-09-29,NSE:HMT,74.599998,75.5,73.349998,73.650002,169101.0,-0.7412331836078048,-0.20174983730329507
2782,2010-09-30,NSE:HMT,73.800003,74.199997,72.599998,72.949997,142744.0,-0.9504480393632636,-0.7412331836078048
2783,2010-10-01,NSE:HMT,73.599998,74.900002,73.099998,74.050003,165767.0,1.5078903978570524,-0.9504480393632636
2784,2010-10-04,NSE:HMT,74.5,76.25,74.099998,74.5,249232.0,0.6076934257517804,1.5078903978570524
2785,2010-10-05,NSE:HMT,74.099998,75.0,74.099998,74.550003,105076.0,0.06711812080537422,0.6076934257517804
2786,2010-10-06,NSE:HMT,75.400002,77.900002,75.400002,76.099998,672755.0,2.0791347251857193,0.06711812080537422
2787,2010-10-07,NSE:HMT,76.449997,76.900002,74.5,74.800003,148930.0,-1.7082720554079327,2.0791347251857193
2788,2010-10-08,NSE:HMT,74.650002,74.800003,73.199997,73.5,112136.0,-1.7379718554289412,-1.7082720554079327
2789,2010-10-11,NSE:HMT,74.0,75.5,74.0,74.400002,139744.0,1.2244925170068037,-1.7379718554289412
2790,2010-10-12,NSE:HMT,74.099998,74.800003,73.5,73.75,83073.0,-0.8736585786650928,1.2244925170068037
2791,2010-10-13,NSE:HMT,74.300003,76.099998,74.199997,74.75,221263.0,1.3559322033898304,-0.8736585786650928
2792,2010-10-14,NSE:HMT,74.900002,78.0,72.550003,75.300003,534340.0,0.735789966555189,1.3559322033898304
2793,2010-10-15,NSE:HMT,75.5,76.349998,73.5,73.75,130240.0,-2.058436836981273,0.735789966555189
2794,2010-10-18,NSE:HMT,74.25,74.25,72.5,72.849998,71172.0,-1.2203416949152552,-2.058436836981273
2795,2010-10-19,NSE:HMT,73.849998,74.699997,72.650002,72.949997,94676.0,0.13726699072798443,-1.2203416949152552
2796,2010-10-20,NSE:HMT,73.599998,73.949997,72.349998,72.550003,94412.0,-0.5483125653863872,0.13726699072798443
2797,2010-10-21,NSE:HMT,73.150002,73.800003,72.599998,72.800003,68852.0,0.34458992372474473,-0.5483125653863872
2798,2010-10-22,NSE:HMT,73.0,73.699997,72.599998,72.75,78971.0,-0.06868543673000095,0.34458992372474473
2799,2010-10-25,NSE:HMT,73.349998,74.150002,72.800003,73.050003,132697.0,0.412375257731964,-0.06868543673000095
2800,2010-10-26,NSE:HMT,73.449997,74.400002,72.75,73.0,126889.0,-0.06845037364338477,0.412375257731964
2801,2010-10-27,NSE:HMT,73.0,74.150002,72.300003,72.599998,106840.0,-0.5479479452054803,-0.06845037364338477
2802,2010-10-28,NSE:HMT,73.300003,73.949997,72.050003,72.199997,111881.0,-0.5509655799164116,-0.5479479452054803
2803,2010-10-29,NSE:HMT,71.449997,72.449997,70.0,70.599998,103413.0,-2.2160651890331753,-0.5509655799164116
2804,2010-11-01,NSE:HMT,70.650002,72.349998,70.650002,71.349998,117934.0,1.0623229762697728,-2.2160651890331753
2805,2010-11-02,NSE:HMT,71.150002,71.75,70.449997,71.300003,78076.0,-0.07007007904890981,1.0623229762697728
2806,2010-11-03,NSE:HMT,71.900002,81.5,71.050003,75.050003,1825615.0,5.2594668193772725,-0.07007007904890981
2807,2010-11-04,NSE:HMT,75.199997,76.050003,74.0,74.449997,306870.0,-0.7994749846978788,5.2594668193772725
2808,2010-11-05,NSE:HMT,75.0,75.25,74.0,74.150002,33809.0,-0.40294830367823326,-0.7994749846978788
2809,2010-11-08,NSE:HMT,73.800003,77.300003,72.199997,76.050003,709192.0,2.56237484659812,-0.40294830367823326
2810,2010-11-09,NSE:HMT,76.599998,78.199997,76.25,76.75,372961.0,0.9204430932106553,2.56237484659812
2811,2010-11-10,NSE:HMT,76.699997,79.099998,75.699997,76.550003,515246.0,-0.2605824104234478,0.9204430932106553
2812,2010-11-11,NSE:HMT,77.400002,78.0,73.550003,74.0,184308.0,-3.3311598955783235,-0.2605824104234478
2813,2010-11-12,NSE:HMT,73.550003,74.900002,72.050003,72.5,135143.0,-2.027027027027027,-3.3311598955783235
2814,2010-11-15,NSE:HMT,73.800003,81.199997,72.0,77.050003,3406839.0,6.275866206896557,-2.027027027027027
2815,2010-11-16,NSE:HMT,77.800003,77.800003,72.0,72.400002,610282.0,-6.035043243281902,6.275866206896557
2816,2010-11-18,NSE:HMT,76.900002,76.900002,69.800003,71.050003,376519.0,-1.8646394512530493,-6.035043243281902
2817,2010-11-19,NSE:HMT,71.5,72.699997,68.5,69.0,247559.0,-2.885296148404109,-1.8646394512530493
2818,2010-11-22,NSE:HMT,70.0,71.300003,69.150002,69.5,365695.0,0.7246376811594203,-2.885296148404109
2819,2010-11-23,NSE:HMT,69.949997,69.949997,64.5,66.800003,208956.0,-3.884887769784167,0.7246376811594203
2820,2010-11-24,NSE:HMT,66.199997,69.5,66.150002,66.699997,175163.0,-0.14970957411485084,-3.884887769784167
2821,2010-11-25,NSE:HMT,67.599998,67.599998,64.0,64.900002,122565.0,-2.6986432997890475,-0.14970957411485084
2822,2010-11-26,NSE:HMT,65.0,65.949997,60.049999,60.549999,190669.0,-6.702623830427619,-2.6986432997890475
2823,2010-11-29,NSE:HMT,60.900002,61.849998,57.349998,60.400002,137429.0,-0.24772419897149633,-6.702623830427619
2824,2010-11-30,NSE:HMT,60.0,62.299999,59.549999,61.75,154725.0,2.235095952480265,-0.24772419897149633
2825,2010-12-01,NSE:HMT,61.200001,74.099998,61.200001,68.849998,5095518.0,11.497972469635627,2.235095952480265
2826,2010-12-02,NSE:HMT,70.0,73.900002,68.0,72.449997,1455886.0,5.228756869390174,11.497972469635627
2827,2010-12-03,NSE:HMT,78.099998,84.0,74.0,74.650002,7795201.0,3.0365839766701503,5.228756869390174
2828,2010-12-06,NSE:HMT,75.0,75.0,71.150002,71.75,814663.0,-3.884798288417997,3.0365839766701503
2829,2010-12-07,NSE:HMT,71.400002,73.300003,70.050003,71.550003,591439.0,-0.27874146341462885,-3.884798288417997
2830,2010-12-08,NSE:HMT,71.0,72.199997,69.300003,69.650002,271943.0,-2.65548696063647,-0.27874146341462885
2831,2010-12-09,NSE:HMT,69.949997,70.349998,63.0,63.549999,311217.0,-8.75808015052175,-2.65548696063647
2832,2010-12-10,NSE:HMT,62.5,65.699997,61.5,64.550003,354698.0,1.5735704417556389,-8.75808015052175
2833,2010-12-13,NSE:HMT,65.5,67.75,65.0,66.449997,389141.0,2.943445254371239,1.5735704417556389
2834,2010-12-14,NSE:HMT,66.800003,67.75,65.800003,66.75,204873.0,0.451471803678191,2.943445254371239
2835,2010-12-15,NSE:HMT,66.599998,69.300003,65.050003,65.650002,306218.0,-1.6479370786516845,0.451471803678191
2836,2010-12-16,NSE:HMT,65.5,67.900002,65.5,65.900002,194640.0,0.3808072998992445,-1.6479370786516845
2837,2010-12-20,NSE:HMT,66.0,67.449997,65.300003,66.449997,283725.0,0.8345902629866317,0.3808072998992445
2838,2010-12-21,NSE:HMT,66.5,68.150002,66.400002,66.900002,237192.0,0.6772084579627663,0.8345902629866317
2839,2010-12-22,NSE:HMT,67.400002,67.900002,66.5,66.849998,152036.0,-0.074744392384325,0.6772084579627663
2840,2010-12-23,NSE:HMT,67.099998,68.300003,66.099998,66.900002,333853.0,0.07480030141511937,-0.074744392384325
2841,2010-12-24,NSE:HMT,67.0,67.400002,66.449997,66.599998,136602.0,-0.44843645894061596,0.07480030141511937
2842,2010-12-27,NSE:HMT,66.949997,67.800003,65.550003,66.0,191050.0,-0.9008979249518887,-0.44843645894061596
2843,2010-12-28,NSE:HMT,68.0,68.0,66.5,66.800003,255129.0,1.2121257575757634,-0.9008979249518887
2844,2010-12-29,NSE:HMT,67.5,67.800003,66.5,66.949997,198230.0,0.22454190608343594,1.2121257575757634
2845,2010-12-30,NSE:HMT,67.349998,73.300003,67.0,69.849998,1980273.0,4.331592427106462,0.22454190608343594
2846,2010-12-31,NSE:HMT,70.0,70.800003,68.25,69.25,322960.0,-0.8589806974654449,4.331592427106462
2847,2011-01-03,NSE:HMT,70.0,71.5,69.150002,69.650002,294940.0,0.5776202166064991,-0.8589806974654449
2848,2011-01-04,NSE:HMT,70.0,70.400002,68.199997,68.449997,213568.0,-1.72290734464014,0.5776202166064991
2849,2011-01-05,NSE:HMT,69.0,69.5,67.25,67.5,303078.0,-1.3878700389132175,-1.72290734464014
2850,2011-01-06,NSE:HMT,68.349998,71.0,67.349998,68.75,672370.0,1.8518518518518516,-1.3878700389132175
2851,2011-01-07,NSE:HMT,69.449997,70.400002,66.150002,66.599998,297897.0,-3.127275636363637,1.8518518518518516
2852,2011-01-10,NSE:HMT,66.699997,66.900002,63.650002,63.950001,145769.0,-3.9789745939632,-3.127275636363637
2853,2011-01-11,NSE:HMT,64.449997,64.849998,62.950001,63.25,111746.0,-1.0946067068865257,-3.9789745939632
2854,2011-01-12,NSE:HMT,64.0,64.849998,63.0,64.5,128669.0,1.9762845849802373,-1.0946067068865257
2855,2011-01-13,NSE:HMT,64.949997,66.599998,63.650002,64.0,167954.0,-0.7751937984496124,1.9762845849802373
2856,2011-01-14,NSE:HMT,64.300003,64.949997,62.900002,63.099998,105037.0,-1.406253125000001,-0.7751937984496124
2857,2011-01-17,NSE:HMT,63.25,63.849998,61.799999,62.200001,83255.0,-1.426302739343984,-1.406253125000001
2858,2011-01-18,NSE:HMT,62.700001,63.5,60.349998,61.200001,145610.0,-1.6077170159531025,-1.426302739343984
2859,2011-01-19,NSE:HMT,61.900002,66.449997,61.200001,64.650002,574950.0,5.637256443835679,-1.6077170159531025
2860,2011-01-20,NSE:HMT,64.300003,69.5,62.0,67.099998,1132068.0,3.789630199856759,5.637256443835679
2861,2011-01-21,NSE:HMT,65.25,72.0,65.150002,69.099998,2167001.0,2.9806260202869157,3.789630199856759
2862,2011-01-24,NSE:HMT,70.0,74.849998,69.300003,70.199997,4067346.0,1.5918944020808754,2.9806260202869157
2863,2011-01-25,NSE:HMT,70.5,70.800003,67.349998,67.650002,475494.0,-3.6324716652053355,1.5918944020808754
2864,2011-01-27,NSE:HMT,68.449997,68.849998,66.050003,66.449997,286419.0,-1.7738432587186093,-3.6324716652053355
2865,2011-01-28,NSE:HMT,66.849998,66.849998,62.450001,62.950001,233869.0,-5.2671123521645855,-1.7738432587186093
2866,2011-01-31,NSE:HMT,62.0,62.900002,60.599998,62.450001,246251.0,-0.7942811629184883,-5.2671123521645855
2867,2011-02-01,NSE:HMT,62.900002,64.400002,61.099998,61.650002,225488.0,-1.2810231980620779,-0.7942811629184883
2868,2011-02-02,NSE:HMT,62.5,62.900002,61.0,61.200001,192505.0,-0.7299286056795267,-1.2810231980620779
2869,2011-02-03,NSE:HMT,61.5,62.849998,61.0,62.150002,230403.0,1.5522891903220726,-0.7299286056795267
2870,2011-02-04,NSE:HMT,62.450001,68.650002,61.650002,65.050003,2188491.0,4.666131788700511,1.5522891903220726
2871,2011-02-07,NSE:HMT,66.0,66.0,62.900002,63.400002,218809.0,-2.536511796932589,4.666131788700511
2872,2011-02-08,NSE:HMT,64.5,64.949997,61.349998,61.75,335276.0,-2.602526731781492,-2.536511796932589
2873,2011-02-09,NSE:HMT,62.0,62.0,56.150002,57.0,268395.0,-7.6923076923076925,-2.602526731781492
2874,2011-02-10,NSE:HMT,57.099998,60.150002,54.5,55.650002,200374.0,-2.368417543859648,-7.6923076923076925
2875,2011-02-11,NSE:HMT,56.099998,57.900002,55.299999,57.25,188511.0,2.875108611855934,-2.368417543859648
2876,2011-02-14,NSE:HMT,58.400002,60.599998,58.25,60.0,286930.0,4.8034934497816595,2.875108611855934
2877,2011-02-15,NSE:HMT,60.799999,64.699997,60.5,63.200001,902040.0,5.333335000000001,4.8034934497816595
2878,2011-02-16,NSE:HMT,63.799999,64.400002,62.5,62.900002,311631.0,-0.47468195451452555,5.333335000000001
2879,2011-02-17,NSE:HMT,63.200001,64.400002,62.650002,62.900002,192433.0,0.0,-0.47468195451452555
2880,2011-02-18,NSE:HMT,64.0,68.400002,63.650002,64.699997,3009172.0,2.8616771745094627,0.0
2881,2011-02-21,NSE:HMT,64.900002,64.900002,61.799999,63.0,305943.0,-2.627507077009596,2.8616771745094627
2882,2011-02-22,NSE:HMT,63.0,67.5,63.0,64.900002,1083882.0,3.0158761904761913,-2.627507077009596
2883,2011-02-23,NSE:HMT,65.300003,67.300003,64.5,64.900002,549702.0,0.0,3.0158761904761913
2884,2011-02-24,NSE:HMT,64.699997,65.300003,60.200001,61.25,272440.0,-5.624039888319265,0.0
2885,2011-02-25,NSE:HMT,62.0,63.0,58.5,60.799999,262015.0,-0.7346955102040822,-5.624039888319265
2886,2011-02-28,NSE:HMT,61.150002,63.650002,59.299999,59.700001,472179.0,-1.8092072665988026,-0.7346955102040822
2887,2011-03-01,NSE:HMT,60.700001,61.950001,60.299999,61.450001,217725.0,2.9313232339811854,-1.8092072665988026
2888,2011-03-03,NSE:HMT,61.900002,62.400002,60.900002,61.599998,195446.0,0.24409600904644257,2.9313232339811854
2889,2011-03-04,NSE:HMT,62.299999,65.050003,61.150002,61.400002,408311.0,-0.32466884171002525,0.24409600904644257
2890,2011-03-07,NSE:HMT,61.0,61.400002,59.5,60.700001,203296.0,-1.1400667381085758,-0.32466884171002525
2891,2011-03-08,NSE:HMT,61.349998,62.5,60.599998,61.400002,254471.0,1.1532141490409535,-1.1400667381085758
2892,2011-03-09,NSE:HMT,61.900002,62.549999,60.599998,61.349998,137980.0,-0.0814397367609227,1.1532141490409535
2893,2011-03-10,NSE:HMT,61.299999,61.900002,60.650002,61.049999,128186.0,-0.48899594096156235,-0.0814397367609227
2894,2011-03-11,NSE:HMT,60.799999,61.349998,59.049999,59.75,115708.0,-2.129400526280106,-0.48899594096156235
2895,2011-03-14,NSE:HMT,60.049999,61.200001,59.25,60.200001,125433.0,0.7531397489539755,-2.129400526280106
2896,2011-03-15,NSE:HMT,58.900002,59.299999,58.299999,58.549999,124054.0,-2.740867064105199,0.7531397489539755
2897,2011-03-16,NSE:HMT,59.549999,60.349998,59.099998,59.450001,97063.0,1.5371511791144532,-2.740867064105199
2898,2011-03-17,NSE:HMT,59.5,60.75,58.650002,59.150002,145656.0,-0.5046240453385353,1.5371511791144532
2899,2011-03-18,NSE:HMT,59.599998,60.549999,58.799999,59.049999,164611.0,-0.1690667736579298,-0.5046240453385353
2900,2011-03-21,NSE:HMT,59.450001,59.700001,58.200001,58.599998,63922.0,-0.7620677521095306,-0.1690667736579298
2901,2011-03-22,NSE:HMT,59.0,62.400002,58.849998,59.599998,499333.0,1.7064846998800238,-0.7620677521095306
2902,2011-03-23,NSE:HMT,54.25,60.849998,54.25,59.799999,136607.0,0.33557215891181796,1.7064846998800238
2903,2011-03-24,NSE:HMT,60.099998,60.75,60.0,60.150002,123702.0,0.585289307446311,0.33557215891181796
2904,2011-03-25,NSE:HMT,60.700001,61.450001,60.099998,60.400002,183852.0,0.4156275838527819,0.585289307446311
2905,2011-03-28,NSE:HMT,60.599998,61.099998,59.349998,59.799999,97013.0,-0.9933824174376698,0.4156275838527819
2906,2011-03-29,NSE:HMT,59.849998,60.25,58.349998,58.599998,128260.0,-2.0066906690082056,-0.9933824174376698
2907,2011-03-30,NSE:HMT,58.849998,60.599998,58.849998,59.150002,165891.0,0.9385734108728148,-2.0066906690082056
2908,2011-03-31,NSE:HMT,59.400002,60.5,59.0,59.150002,129358.0,0.0,0.9385734108728148
2909,2011-04-01,NSE:HMT,59.200001,61.200001,59.200001,60.5,240612.0,2.2823295931587615,0.0
2910,2011-04-04,NSE:HMT,60.099998,63.0,60.099998,61.900002,323355.0,2.3140528925619845,2.2823295931587615
2911,2011-04-05,NSE:HMT,62.0,62.5,61.349998,62.299999,164008.0,0.6461986867140959,2.3140528925619845
2912,2011-04-06,NSE:HMT,62.700001,66.699997,62.150002,64.150002,762057.0,2.9695072707786094,0.6461986867140959
2913,2011-04-07,NSE:HMT,64.650002,65.25,63.549999,63.75,214514.0,-0.6235416797025207,2.9695072707786094
2914,2011-04-08,NSE:HMT,64.599998,64.599998,61.599998,61.950001,149145.0,-2.8235278431372546,-0.6235416797025207
2915,2011-04-11,NSE:HMT,61.150002,63.799999,61.150002,62.099998,197252.0,0.24212590408190476,-2.8235278431372546
2916,2011-04-13,NSE:HMT,61.799999,63.150002,61.450001,62.700001,163616.0,0.966188436914283,0.24212590408190476
2917,2011-04-15,NSE:HMT,62.150002,68.699997,62.099998,67.349998,1901984.0,7.416263039613027,0.966188436914283
2918,2011-04-18,NSE:HMT,67.5,68.400002,63.650002,64.599998,785813.0,-4.08314785696059,7.416263039613027
2919,2011-04-19,NSE:HMT,66.0,67.949997,65.0,66.849998,844531.0,3.482972244054868,-4.08314785696059
2920,2011-04-20,NSE:HMT,67.400002,67.900002,65.599998,66.099998,250848.0,-1.1219147680453183,3.482972244054868
2921,2011-04-21,NSE:HMT,66.650002,67.150002,65.050003,65.25,193753.0,-1.2859274216619483,-1.1219147680453183
2922,2011-04-25,NSE:HMT,65.800003,65.800003,63.700001,64.5,162965.0,-1.1494252873563218,-1.2859274216619483
2923,2011-04-26,NSE:HMT,65.0,65.0,63.200001,63.700001,105483.0,-1.2403085271317826,-1.1494252873563218
2924,2011-04-27,NSE:HMT,64.300003,65.300003,63.299999,63.5,139619.0,-0.313973307472947,-1.2403085271317826
2925,2011-04-28,NSE:HMT,63.75,64.400002,62.599998,62.849998,76411.0,-1.0236251968503947,-0.313973307472947
2926,2011-04-29,NSE:HMT,62.799999,63.799999,61.75,61.900002,76207.0,-1.5115290854901837,-1.0236251968503947
2927,2011-05-02,NSE:HMT,63.0,65.699997,61.200001,63.099998,841180.0,1.9386041376864556,-1.5115290854901837
2928,2011-05-03,NSE:HMT,63.5,63.700001,60.349998,60.650002,120716.0,-3.882719615934059,1.9386041376864556
2929,2011-05-04,NSE:HMT,60.799999,61.150002,59.549999,59.950001,87810.0,-1.1541648424018194,-3.882719615934059
2930,2011-05-05,NSE:HMT,60.25,61.25,59.0,59.400002,90964.0,-0.9174295093005914,-1.1541648424018194
2931,2011-05-06,NSE:HMT,59.799999,60.700001,59.400002,60.200001,103668.0,1.3467996179528743,-0.9174295093005914
2932,2011-05-09,NSE:HMT,63.0,63.0,59.450001,59.950001,60006.0,-0.4152823851281996,1.3467996179528743
2933,2011-05-10,NSE:HMT,60.0,61.200001,59.650002,59.950001,95751.0,0.0,-0.4152823851281996
2934,2011-05-11,NSE:HMT,60.349998,60.700001,59.799999,60.0,44639.0,0.08340116624852047,0.0
2935,2011-05-12,NSE:HMT,59.700001,60.950001,59.549999,59.650002,60379.0,-0.5833299999999989,0.08340116624852047
2936,2011-05-13,NSE:HMT,59.900002,60.75,59.599998,59.75,58953.0,0.16764123494916122,-0.5833299999999989
2937,2011-05-16,NSE:HMT,60.0,60.650002,59.349998,59.599998,95239.0,-0.2510493723849383,0.16764123494916122
2938,2011-05-17,NSE:HMT,59.700001,60.5,58.5,58.700001,110523.0,-1.510062131210137,-0.2510493723849383
2939,2011-05-18,NSE:HMT,58.900002,59.049999,57.400002,57.650002,65804.0,-1.7887546543653376,-1.510062131210137
2940,2011-05-19,NSE:HMT,57.650002,60.700001,57.650002,59.799999,679590.0,3.729396227948091,-1.7887546543653376
2941,2011-05-20,NSE:HMT,61.0,61.0,58.549999,58.849998,201588.0,-1.5886304613483362,3.729396227948091
2942,2011-05-23,NSE:HMT,58.099998,58.150002,56.25,57.200001,194725.0,-2.8037333153350303,-1.5886304613483362
2943,2011-05-24,NSE:HMT,57.599998,57.900002,56.349998,56.650002,62500.0,-0.9615366964766306,-2.8037333153350303
2944,2011-05-25,NSE:HMT,60.75,60.75,58.099998,59.25,514142.0,4.589581479626425,-0.9615366964766306
2945,2011-05-26,NSE:HMT,59.299999,59.799999,57.799999,58.950001,127176.0,-0.506327426160337,4.589581479626425
2946,2011-05-27,NSE:HMT,59.599998,59.599998,58.549999,58.700001,72453.0,-0.42408820315372003,-0.506327426160337
2947,2011-05-30,NSE:HMT,59.25,60.400002,58.049999,59.049999,134274.0,0.5962487121593053,-0.42408820315372003
2948,2011-05-31,NSE:HMT,59.799999,60.299999,59.0,59.5,94370.0,0.7620677521095306,0.5962487121593053
2949,2011-06-01,NSE:HMT,59.849998,61.700001,59.5,60.400002,249062.0,1.5126084033613456,0.7620677521095306
2950,2011-06-02,NSE:HMT,60.049999,60.25,59.0,59.25,50165.0,-1.903976758146466,1.5126084033613456
2951,2011-06-03,NSE:HMT,59.25,60.400002,58.75,59.049999,58400.0,-0.33755443037974736,-1.903976758146466
2952,2011-06-06,NSE:HMT,58.099998,59.349998,58.099998,58.599998,54067.0,-0.7620677521095306,-0.33755443037974736
2953,2011-06-07,NSE:HMT,58.799999,59.299999,58.5,58.900002,68581.0,0.5119522359028089,-0.7620677521095306
2954,2011-06-08,NSE:HMT,59.0,60.599998,58.900002,59.5,152047.0,1.0186722913863389,0.5119522359028089
2955,2011-06-09,NSE:HMT,59.349998,59.700001,58.700001,58.849998,36381.0,-1.0924403361344548,1.0186722913863389
2956,2011-06-10,NSE:HMT,59.400002,59.450001,57.549999,58.150002,49624.0,-1.1894579843486126,-1.0924403361344548
2957,2011-06-13,NSE:HMT,58.25,58.599998,57.5,57.700001,59344.0,-0.7738623981474675,-1.1894579843486126
2958,2011-06-14,NSE:HMT,58.599998,62.799999,58.25,61.599998,1047202.0,6.759093470379661,-0.7738623981474675
2959,2011-06-15,NSE:HMT,61.099998,65.650002,60.5,63.549999,1721497.0,3.1655861417398103,6.759093470379661
2960,2011-06-16,NSE:HMT,61.450001,63.5,61.450001,61.700001,164392.0,-2.9110905257449327,3.1655861417398103
2961,2011-06-17,NSE:HMT,61.700001,62.200001,59.25,60.099998,106785.0,-2.5931976889271056,-2.9110905257449327
2962,2011-06-20,NSE:HMT,63.400002,63.400002,57.349998,57.900002,121322.0,-3.6605591900352454,-2.5931976889271056
2963,2011-06-21,NSE:HMT,58.549999,59.299999,57.049999,57.549999,97412.0,-0.6044956613300306,-3.6605591900352454
2964,2011-06-22,NSE:HMT,58.450001,63.0,57.0,61.599998,2328929.0,7.037357203081792,-0.6044956613300306
2965,2011-06-23,NSE:HMT,61.900002,61.900002,58.599998,58.950001,426604.0,-4.301943321491665,7.037357203081792
2966,2011-06-24,NSE:HMT,59.900002,61.0,58.650002,59.900002,163716.0,1.6115368683369495,-4.301943321491665
2967,2011-06-27,NSE:HMT,59.299999,60.25,58.950001,59.099998,75150.0,-1.335565898645548,1.6115368683369495
2968,2011-06-28,NSE:HMT,59.700001,61.900002,59.299999,60.299999,347459.0,2.0304586135518994,-1.335565898645548
2969,2011-06-29,NSE:HMT,60.25,61.200001,59.75,60.150002,113606.0,-0.24875124790632094,2.0304586135518994
2970,2011-06-30,NSE:HMT,60.200001,61.200001,59.5,59.75,99898.0,-0.6650074591851229,-0.24875124790632094
2971,2011-07-01,NSE:HMT,60.700001,60.900002,59.549999,59.849998,63744.0,0.16736066945606587,-0.6650074591851229
2972,2011-07-04,NSE:HMT,60.799999,61.049999,59.900002,60.200001,125162.0,0.5848003537109575,0.16736066945606587
2973,2011-07-05,NSE:HMT,60.599998,62.549999,59.75,60.650002,265829.0,0.7475099543603003,0.5848003537109575
2974,2011-07-06,NSE:HMT,60.650002,61.25,60.0,60.25,81579.0,-0.6595251225218437,0.7475099543603003
2975,2011-07-07,NSE:HMT,60.75,61.200001,60.099998,60.450001,74271.0,0.33195186721991754,-0.6595251225218437
2976,2011-07-08,NSE:HMT,60.25,61.349998,59.450001,59.849998,84980.0,-0.9925607776251335,0.33195186721991754
2977,2011-07-11,NSE:HMT,60.400002,61.049999,59.299999,59.599998,74272.0,-0.4177109579853286,-0.9925607776251335
2978,2011-07-12,NSE:HMT,59.299999,60.400002,58.650002,58.950001,68192.0,-1.090599029885872,-0.4177109579853286
2979,2011-07-13,NSE:HMT,59.400002,60.200001,58.700001,59.049999,116150.0,0.16963188855586173,-1.090599029885872
2980,2011-07-14,NSE:HMT,59.0,59.75,58.450001,58.950001,105437.0,-0.16934462606849388,0.16963188855586173
2981,2011-07-15,NSE:HMT,59.099998,59.799999,58.5,58.700001,48911.0,-0.42408820315372003,-0.16934462606849388
2982,2011-07-18,NSE:HMT,59.0,59.700001,58.849998,59.099998,55190.0,0.6814258827695745,-0.42408820315372003
2983,2011-07-19,NSE:HMT,58.549999,59.700001,58.549999,59.049999,57572.0,-0.08460067968191756,0.6814258827695745
2984,2011-07-20,NSE:HMT,59.650002,61.200001,59.200001,59.549999,281770.0,0.8467400651437775,-0.08460067968191756
2985,2011-07-21,NSE:HMT,59.200001,60.349998,58.299999,59.150002,116463.0,-0.6716994235381919,0.8467400651437775
2986,2011-07-22,NSE:HMT,59.450001,59.75,58.599998,59.099998,53836.0,-0.08453761337151142,-0.6716994235381919
2987,2011-07-25,NSE:HMT,59.349998,60.200001,58.799999,58.900002,86117.0,-0.33840271872767025,-0.08453761337151142
2988,2011-07-26,NSE:HMT,59.299999,59.5,58.150002,58.25,74086.0,-1.1035687231385842,-0.33840271872767025
2989,2011-07-27,NSE:HMT,58.599998,58.599998,57.549999,57.950001,54661.0,-0.5150197424892698,-1.1035687231385842
2990,2011-07-28,NSE:HMT,57.299999,58.25,57.200001,57.400002,44174.0,-0.9490923045885705,-0.5150197424892698
2991,2011-07-29,NSE:HMT,57.700001,58.0,56.599998,56.799999,45253.0,-1.0453013573065746,-0.9490923045885705
2992,2011-08-01,NSE:HMT,56.599998,57.599998,56.400002,56.650002,45715.0,-0.2640792300013932,-1.0453013573065746
2993,2011-08-02,NSE:HMT,56.700001,56.700001,55.5,55.849998,49265.0,-1.412187064000459,-0.2640792300013932
2994,2011-08-03,NSE:HMT,55.700001,55.700001,54.150002,54.700001,56677.0,-2.059081541954575,-1.412187064000459
2995,2011-08-04,NSE:HMT,54.849998,56.950001,54.25,54.849998,128372.0,0.2742175452611034,-2.059081541954575
2996,2011-08-05,NSE:HMT,52.400002,53.400002,51.5,52.150002,70757.0,-4.922508839471605,0.2742175452611034
2997,2011-08-08,NSE:HMT,49.0,51.0,49.0,49.650002,59123.0,-4.7938636704175,-4.922508839471605
2998,2011-08-09,NSE:HMT,47.099998,48.5,46.599998,47.049999,87824.0,-5.236662427526189,-4.7938636704175
2999,2011-08-10,NSE:HMT,48.400002,50.650002,48.099998,49.549999,171793.0,5.313496393485577,-5.236662427526189
3000,2011-08-11,NSE:HMT,49.0,50.150002,48.700001,49.700001,69421.0,0.30272856312267665,5.313496393485577
3001,2011-08-12,NSE:HMT,51.0,51.400002,49.0,49.549999,83942.0,-0.3018148832632833,0.30272856312267665
3002,2011-08-16,NSE:HMT,49.599998,50.900002,46.599998,47.299999,87750.0,-4.540867901934771,-0.3018148832632833
3003,2011-08-17,NSE:HMT,47.75,47.75,46.25,46.400002,33656.0,-1.902742112108711,-4.540867901934771
3004,2011-08-18,NSE:HMT,47.0,47.0,44.299999,44.950001,39430.0,-3.125002020474051,-1.902742112108711
3005,2011-08-19,NSE:HMT,42.950001,45.200001,42.299999,43.049999,115305.0,-4.2269231540172845,-3.125002020474051
3006,2011-08-22,NSE:HMT,42.799999,43.700001,42.099998,43.049999,55392.0,0.0,-4.2269231540172845
3007,2011-08-23,NSE:HMT,43.099998,44.700001,43.049999,44.099998,76705.0,2.439022124019096,0.0
3008,2011-08-24,NSE:HMT,44.0,45.0,43.299999,43.75,39195.0,-0.7936462944964291,2.439022124019096
3009,2011-08-25,NSE:HMT,44.400002,44.400002,42.200001,42.450001,59080.0,-2.9714262857142852,-0.7936462944964291
3010,2011-08-26,NSE:HMT,42.099998,43.0,41.049999,41.200001,28694.0,-2.944640684460761,-2.9714262857142852
3011,2011-08-29,NSE:HMT,42.0,43.200001,41.5,42.75,55122.0,3.7621334038317125,-2.944640684460761
3012,2011-08-30,NSE:HMT,43.75,44.700001,42.950001,43.349998,100374.0,1.40350409356725,3.7621334038317125
3013,2011-09-02,NSE:HMT,43.799999,43.799999,42.650002,42.950001,35171.0,-0.9227151521437188,1.40350409356725
3014,2011-09-05,NSE:HMT,42.5,44.799999,42.5,43.549999,125365.0,1.3969685355769825,-0.9227151521437188
3015,2011-09-06,NSE:HMT,43.549999,44.900002,43.099998,43.950001,89555.0,0.9184891140870075,1.3969685355769825
3016,2011-09-07,NSE:HMT,44.450001,45.799999,44.150002,45.049999,139493.0,2.502839533496255,0.9184891140870075
3017,2011-09-08,NSE:HMT,45.599998,46.25,44.25,45.450001,62332.0,0.887906789964636,2.502839533496255
3018,2011-09-09,NSE:HMT,45.25,47.700001,45.200001,45.599998,137540.0,0.3300263953789551,0.887906789964636
3019,2011-09-12,NSE:HMT,45.0,45.150002,43.549999,44.0,26476.0,-3.508767697752968,0.3300263953789551
3020,2011-09-13,NSE:HMT,44.150002,45.25,42.299999,43.049999,66457.0,-2.1590931818181827,-3.508767697752968
3021,2011-09-14,NSE:HMT,43.25,43.650002,42.799999,43.200001,37486.0,0.34843670960364165,-2.1590931818181827
3022,2011-09-15,NSE:HMT,43.799999,46.950001,43.400002,45.549999,260667.0,5.439810059263654,0.34843670960364165
3023,2011-09-16,NSE:HMT,45.849998,46.5,44.299999,45.049999,74041.0,-1.097694864932928,5.439810059263654
3024,2011-09-19,NSE:HMT,44.150002,45.450001,43.599998,44.099998,24818.0,-2.1087703020814725,-1.097694864932928
3025,2011-09-20,NSE:HMT,44.549999,45.200001,44.5,44.849998,20462.0,1.700680349237204,-2.1087703020814725
3026,2011-09-21,NSE:HMT,45.099998,45.700001,44.5,44.799999,31565.0,-0.11148049549522764,1.700680349237204
3027,2011-09-22,NSE:HMT,44.0,44.5,41.400002,41.700001,60771.0,-6.919638547313359,-0.11148049549522764
3028,2011-09-23,NSE:HMT,41.299999,42.599998,41.200001,41.650002,74660.0,-0.11990167578173362,-6.919638547313359
3029,2011-09-26,NSE:HMT,42.5,42.5,40.400002,41.349998,21525.0,-0.7202976844995139,-0.11990167578173362
3030,2011-09-27,NSE:HMT,42.799999,43.599998,41.799999,41.900002,145993.0,1.3301185649392322,-0.7202976844995139
3031,2011-09-28,NSE:HMT,42.599998,42.599998,41.200001,41.299999,23092.0,-1.4319879984731287,1.3301185649392322
3032,2011-09-29,NSE:HMT,41.0,41.700001,40.799999,41.0,30629.0,-0.7263898480966058,-1.4319879984731287
3033,2011-09-30,NSE:HMT,41.349998,41.349998,40.0,40.349998,51024.0,-1.5853707317073185,-0.7263898480966058
3034,2011-10-03,NSE:HMT,39.950001,39.950001,38.900002,39.150002,23227.0,-2.9739679293168706,-1.5853707317073185
3035,2011-10-04,NSE:HMT,39.200001,39.75,38.349998,38.5,28793.0,-1.6602859943659791,-2.9739679293168706
3036,2011-10-05,NSE:HMT,38.799999,38.849998,36.200001,37.0,87372.0,-3.896103896103896,-1.6602859943659791
3037,2011-10-07,NSE:HMT,37.799999,38.25,37.25,37.549999,37592.0,1.486483783783783,-3.896103896103896
3038,2011-10-10,NSE:HMT,37.900002,39.200001,37.400002,38.849998,51689.0,3.4620480282835686,1.486483783783783
3039,2011-10-11,NSE:HMT,39.0,44.299999,38.950001,42.299999,604044.0,8.880311911470368,3.4620480282835686
3040,2011-10-12,NSE:HMT,42.5,43.349998,41.25,41.849998,80539.0,-1.0638321764499339,8.880311911470368
3041,2011-10-13,NSE:HMT,41.799999,44.299999,41.799999,42.700001,179225.0,2.031070586908991,-1.0638321764499339
3042,2011-10-14,NSE:HMT,42.799999,43.400002,41.650002,42.650002,61857.0,-0.11709367407274694,2.031070586908991
3043,2011-10-17,NSE:HMT,42.900002,44.349998,42.200001,42.450001,155931.0,-0.46893549969821885,-0.11709367407274694
3044,2011-10-18,NSE:HMT,42.5,44.450001,41.75,42.75,238176.0,0.7067114085580344,-0.46893549969821885
3045,2011-10-19,NSE:HMT,43.299999,43.700001,42.25,42.799999,46277.0,0.11695672514619808,0.7067114085580344
3046,2011-10-20,NSE:HMT,42.299999,42.849998,41.849998,42.049999,24092.0,-1.7523364895405722,0.11695672514619808
3047,2011-10-21,NSE:HMT,42.400002,42.650002,41.25,41.549999,24284.0,-1.1890606703700517,-1.7523364895405722
3048,2011-10-24,NSE:HMT,42.200001,42.299999,41.0,41.099998,26653.0,-1.0830349237794212,-1.1890606703700517
3049,2011-10-25,NSE:HMT,41.0,41.900002,40.849998,40.950001,61183.0,-0.3649562221389866,-1.0830349237794212
3050,2011-10-26,NSE:HMT,41.099998,41.5,40.950001,41.200001,12254.0,0.610500595592171,-0.3649562221389866
3051,2011-10-28,NSE:HMT,42.5,42.5,41.700001,42.099998,67676.0,2.1844586848432335,0.610500595592171
3052,2011-10-31,NSE:HMT,42.200001,42.900002,41.849998,42.25,59161.0,0.35629930433726065,2.1844586848432335
3053,2011-11-01,NSE:HMT,41.950001,42.599998,41.450001,41.75,24019.0,-1.183431952662722,0.35629930433726065
3054,2011-11-02,NSE:HMT,41.900002,44.400002,41.799999,43.549999,364591.0,4.3113748502994005,-1.183431952662722
3055,2011-11-03,NSE:HMT,43.5,44.400002,42.549999,42.900002,83195.0,-1.4925304590707316,4.3113748502994005
3056,2011-11-04,NSE:HMT,43.5,43.799999,42.799999,43.0,34061.0,0.23309556022864372,-1.4925304590707316
3057,2011-11-08,NSE:HMT,43.0,43.299999,42.150002,42.299999,34593.0,-1.6279093023255822,0.23309556022864372
3058,2011-11-09,NSE:HMT,42.799999,43.0,41.400002,41.549999,28485.0,-1.7730496873061392,-1.6279093023255822
3059,2011-11-11,NSE:HMT,41.099998,41.450001,40.0,40.299999,55849.0,-3.008423658445816,-1.7730496873061392
3060,2011-11-14,NSE:HMT,40.5,41.25,39.0,39.200001,39215.0,-2.7295236409311063,-3.008423658445816
3061,2011-11-15,NSE:HMT,38.700001,39.5,36.900002,37.200001,26915.0,-5.1020406861724314,-2.7295236409311063
3062,2011-11-16,NSE:HMT,37.099998,37.650002,36.0,36.950001,43669.0,-0.6720429926870163,-5.1020406861724314
3063,2011-11-17,NSE:HMT,36.549999,37.299999,36.299999,36.5,22549.0,-1.2178646490429061,-0.6720429926870163
3064,2011-11-18,NSE:HMT,35.950001,35.950001,33.0,33.799999,47047.0,-7.397263013698631,-1.2178646490429061
3065,2011-11-21,NSE:HMT,34.799999,35.200001,33.549999,34.200001,60625.0,1.1834379048354429,-7.397263013698631
3066,2011-11-22,NSE:HMT,34.400002,34.900002,32.75,33.150002,36261.0,-3.0701724248487583,1.1834379048354429
3067,2011-11-23,NSE:HMT,32.900002,33.0,32.099998,32.25,17323.0,-2.714937996082174,-3.0701724248487583
3068,2011-11-24,NSE:HMT,32.299999,32.599998,31.35,31.9,27489.0,-1.0852713178294617,-2.714937996082174
3069,2011-11-25,NSE:HMT,31.450001,33.799999,31.35,32.549999,123088.0,2.0376144200626998,-1.0852713178294617
3070,2011-11-28,NSE:HMT,33.25,33.900002,32.549999,33.25,60322.0,2.1505407726740646,2.0376144200626998
3071,2011-11-29,NSE:HMT,33.549999,35.099998,33.25,33.950001,145026.0,2.1052661654135347,2.1505407726740646
3072,2011-11-30,NSE:HMT,33.900002,34.650002,33.099998,33.5,43555.0,-1.3254815515322085,2.1052661654135347
3073,2011-12-01,NSE:HMT,34.0,34.349998,33.5,33.599998,41859.0,0.2985014925373115,-1.3254815515322085
3074,2011-12-02,NSE:HMT,33.25,34.599998,33.25,34.200001,77795.0,1.785723320578772,0.2985014925373115
3075,2011-12-05,NSE:HMT,34.900002,34.900002,33.150002,33.400002,31194.0,-2.3391782941760724,1.785723320578772
3076,2011-12-07,NSE:HMT,35.0,35.0,33.900002,34.299999,94827.0,2.6946016350537914,-2.3391782941760724
3077,2011-12-08,NSE:HMT,34.049999,34.150002,32.599998,32.75,34279.0,-4.518947653613633,2.6946016350537914
3078,2011-12-09,NSE:HMT,32.599998,32.599998,31.0,31.6,48104.0,-3.5114503816793854,-4.518947653613633
3079,2011-12-12,NSE:HMT,31.4,32.450001,30.1,30.5,64102.0,-3.481012658227853,-3.5114503816793854
3080,2011-12-13,NSE:HMT,30.049999,30.75,29.200001,29.799999,30944.0,-2.2950852459016406,-3.481012658227853
3081,2011-12-14,NSE:HMT,30.0,30.5,29.1,29.299999,29557.0,-1.6778524052970607,-2.2950852459016406
3082,2011-12-15,NSE:HMT,29.450001,29.450001,28.15,28.35,23614.0,-3.2423175168026397,-1.6778524052970607
3083,2011-12-16,NSE:HMT,30.700001,31.450001,29.65,30.6,757934.0,7.936507936507936,-3.2423175168026397
3084,2011-12-19,NSE:HMT,31.0,31.950001,28.5,29.049999,52009.0,-5.065362745098045,7.936507936507936
3085,2011-12-20,NSE:HMT,29.049999,29.049999,26.799999,27.65,54057.0,-4.8192738319887765,-5.065362745098045
3086,2011-12-21,NSE:HMT,28.0,28.5,27.5,28.0,35933.0,1.2658227848101318,-4.8192738319887765
3087,2011-12-22,NSE:HMT,28.200001,30.65,27.5,29.799999,198714.0,6.4285678571428555,1.2658227848101318
3088,2011-12-23,NSE:HMT,30.4,31.450001,29.4,29.799999,115437.0,0.0,6.4285678571428555
3089,2011-12-26,NSE:HMT,29.35,30.25,29.35,29.6,26207.0,-0.6711376064140079,0.0
3090,2011-12-27,NSE:HMT,30.4,30.549999,29.5,29.65,59284.0,0.1689189189189093,-0.6711376064140079
3091,2011-12-28,NSE:HMT,29.700001,29.9,28.299999,29.0,38171.0,-2.192242833052272,0.1689189189189093
3092,2011-12-29,NSE:HMT,28.549999,29.75,28.4,28.6,20851.0,-1.3793103448275814,-2.192242833052272
3093,2011-12-30,NSE:HMT,28.75,31.950001,28.700001,30.700001,558716.0,7.342660839160835,-1.3793103448275814
3094,2012-01-02,NSE:HMT,31.4,31.4,29.5,30.35,212914.0,-1.1400683667730136,7.342660839160835
3095,2012-01-03,NSE:HMT,30.549999,34.0,30.4,32.900002,604293.0,8.401983525535417,-1.1400683667730136
3096,2012-01-04,NSE:HMT,33.200001,38.0,31.65,36.549999,1239118.0,11.094215131050749,8.401983525535417
3097,2012-01-05,NSE:HMT,37.0,38.799999,35.099998,37.700001,756235.0,3.146380387041873,11.094215131050749
3098,2012-01-06,NSE:HMT,37.0,38.599998,36.849998,37.150002,557665.0,-1.4588832504274991,3.146380387041873
3099,2012-01-09,NSE:HMT,43.849998,48.400002,42.099998,46.349998,3381441.0,24.764456271092524,-1.4588832504274991
3100,2012-01-10,NSE:HMT,46.950001,47.599998,44.25,44.849998,882115.0,-3.236246094336401,24.764456271092524
3101,2012-01-11,NSE:HMT,44.700001,45.900002,42.150002,42.900002,668455.0,-4.347817362221507,-3.236246094336401
3102,2012-01-12,NSE:HMT,43.400002,45.599998,42.5,43.599998,911560.0,1.631692231622737,-4.347817362221507
3103,2012-01-13,NSE:HMT,43.75,45.0,43.049999,43.400002,427072.0,-0.4587064430599257,1.631692231622737
3104,2012-01-16,NSE:HMT,43.099998,44.5,42.5,43.150002,171120.0,-0.5760368398139706,-0.4587064430599257
3105,2012-01-17,NSE:HMT,43.25,44.099998,42.599998,42.849998,138906.0,-0.6952583687018167,-0.5760368398139706
3106,2012-01-18,NSE:HMT,42.849998,43.25,41.0,41.349998,109943.0,-3.500583593959561,-0.6952583687018167
3107,2012-01-19,NSE:HMT,41.799999,43.400002,41.5,42.25,286222.0,2.1765466590832743,-3.500583593959561
3108,2012-01-20,NSE:HMT,43.299999,43.299999,41.049999,41.299999,112531.0,-2.2485230769230777,2.1765466590832743
3109,2012-01-23,NSE:HMT,41.0,41.849998,40.849998,41.150002,76146.0,-0.3631888707793892,-2.2485230769230777
3110,2012-01-24,NSE:HMT,40.650002,42.200001,40.650002,41.099998,104509.0,-0.12151639749616845,-0.3631888707793892
3111,2012-01-25,NSE:HMT,40.099998,42.200001,39.099998,41.150002,315846.0,0.12166423949704637,-0.12151639749616845
3112,2012-01-27,NSE:HMT,41.5,41.950001,41.099998,41.25,118120.0,0.2430084936569368,0.12166423949704637
3113,2012-01-30,NSE:HMT,42.0,44.400002,42.0,43.650002,765626.0,5.8181866666666675,0.2430084936569368
3114,2012-01-31,NSE:HMT,44.5,44.700001,43.25,43.900002,449200.0,0.5727376598974726,5.8181866666666675
3115,2012-02-01,NSE:HMT,43.900002,47.799999,43.400002,47.0,1669764.0,7.061498539339473,0.5727376598974726
3116,2012-02-02,NSE:HMT,47.900002,49.150002,45.799999,46.400002,865785.0,-1.2765914893617007,7.061498539339473
3117,2012-02-03,NSE:HMT,46.299999,46.5,44.799999,45.25,159915.0,-2.4784524793770495,-1.2765914893617007
3118,2012-02-06,NSE:HMT,45.900002,47.200001,45.049999,45.349998,191259.0,0.2209900552486174,-2.4784524793770495
3119,2012-02-07,NSE:HMT,46.799999,47.0,45.599998,46.0,195770.0,1.4333010554928816,0.2209900552486174
3120,2012-02-08,NSE:HMT,46.349998,50.599998,46.049999,49.700001,1735291.0,8.04348043478261,1.4333010554928816
3121,2012-02-09,NSE:HMT,52.5,53.700001,51.0,51.700001,1110171.0,4.024144788246583,8.04348043478261
3122,2012-02-10,NSE:HMT,51.549999,52.25,48.099998,49.5,249857.0,-4.255321000864198,4.024144788246583
3123,2012-02-13,NSE:HMT,50.5,51.75,48.549999,50.450001,324107.0,1.91919393939394,-4.255321000864198
3124,2012-02-14,NSE:HMT,51.099998,51.950001,50.049999,50.25,328583.0,-0.3964340853035866,1.91919393939394
3125,2012-02-15,NSE:HMT,52.5,52.5,50.25,50.400002,247337.0,0.2985114427860709,-0.3964340853035866
3126,2012-02-16,NSE:HMT,50.5,51.25,49.049999,49.400002,140546.0,-1.9841269053917896,0.2985114427860709
3127,2012-02-17,NSE:HMT,50.0,51.700001,50.0,50.25,309768.0,1.7206436550346687,-1.9841269053917896
3128,2012-02-21,NSE:HMT,50.049999,52.299999,49.900002,50.349998,410737.0,0.19900099502487434,1.7206436550346687
3129,2012-02-22,NSE:HMT,50.900002,50.900002,46.549999,46.950001,175220.0,-6.752725193752737,0.19900099502487434
3130,2012-02-23,NSE:HMT,47.0,47.5,45.299999,46.299999,101530.0,-1.3844557745589838,-6.752725193752737
3131,2012-02-24,NSE:HMT,46.349998,46.799999,43.700001,44.349998,82465.0,-4.211665317746552,-1.3844557745589838
3132,2012-02-27,NSE:HMT,44.150002,44.349998,40.549999,41.049999,107176.0,-7.440809805673497,-4.211665317746552
3133,2012-02-28,NSE:HMT,41.049999,45.150002,40.099998,45.150002,420286.0,9.987827283503712,-7.440809805673497
3134,2012-02-29,NSE:HMT,46.900002,48.349998,44.25,45.599998,449655.0,0.9966688373568592,9.987827283503712
3135,2012-03-01,NSE:HMT,46.099998,49.5,44.700001,47.700001,647583.0,4.605269938827631,0.9966688373568592
3136,2012-03-02,NSE:HMT,49.900002,50.5,45.549999,45.950001,295627.0,-3.6687630258120962,4.605269938827631
3137,2012-03-05,NSE:HMT,48.900002,49.299999,46.0,46.150002,205423.0,0.43525787953737005,-3.6687630258120962
3138,2012-03-06,NSE:HMT,46.099998,48.599998,44.049999,44.950001,296544.0,-2.600218738885429,0.43525787953737005
3139,2012-03-07,NSE:HMT,44.5,46.349998,43.900002,44.700001,178337.0,-0.5561735137669964,-2.600218738885429
3140,2012-03-09,NSE:HMT,45.200001,46.299999,45.0,45.400002,118703.0,1.565997727830029,-0.5561735137669964
3141,2012-03-12,NSE:HMT,46.5,46.599998,44.650002,44.849998,151813.0,-1.2114625016976899,1.565997727830029
3142,2012-03-13,NSE:HMT,45.849998,46.200001,45.0,45.200001,81959.0,0.7803857650116305,-1.2114625016976899
3143,2012-03-14,NSE:HMT,46.0,47.450001,45.799999,46.0,206945.0,1.7699092528781133,0.7803857650116305
3144,2012-03-15,NSE:HMT,47.299999,47.75,45.299999,46.950001,292255.0,2.065219565217392,1.7699092528781133
3145,2012-03-16,NSE:HMT,48.099998,49.799999,44.650002,45.25,1011689.0,-3.6208753222390784,2.065219565217392
3146,2012-03-19,NSE:HMT,45.0,45.400002,43.5,44.200001,116639.0,-2.320439779005524,-3.6208753222390784
3147,2012-03-20,NSE:HMT,44.400002,45.150002,43.200001,43.5,96401.0,-1.5837126338526561,-2.320439779005524
3148,2012-03-21,NSE:HMT,44.400002,44.400002,43.299999,43.700001,109164.0,0.4597724137931042,-1.5837126338526561
3149,2012-03-22,NSE:HMT,43.900002,46.599998,43.599998,44.049999,495069.0,0.8009107368212632,0.4597724137931042
3150,2012-03-23,NSE:HMT,44.25,45.200001,43.75,44.0,90273.0,-0.11350511040874185,0.8009107368212632
3151,2012-03-26,NSE:HMT,44.0,44.900002,42.150002,42.450001,82524.0,-3.5227249999999994,-0.11350511040874185
3152,2012-03-27,NSE:HMT,42.650002,43.200001,41.0,41.200001,87069.0,-2.944640684460761,-3.5227249999999994
3153,2012-03-28,NSE:HMT,40.5,42.25,39.700001,40.099998,76368.0,-2.6699101293711154,-2.944640684460761
3154,2012-03-29,NSE:HMT,38.450001,40.450001,38.049999,39.5,88157.0,-1.4962544387159307,-2.6699101293711154
3155,2012-03-30,NSE:HMT,39.950001,41.549999,39.950001,40.900002,100064.0,3.5443088607594952,-1.4962544387159307
3156,2012-04-02,NSE:HMT,40.950001,42.349998,40.900002,42.049999,91997.0,2.8117284688641315,3.5443088607594952
3157,2012-04-03,NSE:HMT,42.200001,43.299999,42.200001,42.349998,124336.0,0.7134340241006895,2.8117284688641315
3158,2012-04-04,NSE:HMT,42.0,43.200001,41.349998,41.849998,118402.0,-1.180637600030111,0.7134340241006895
3159,2012-04-09,NSE:HMT,42.5,48.049999,42.299999,46.900002,2237830.0,12.066915749912345,-1.180637600030111
3160,2012-04-10,NSE:HMT,47.450001,47.549999,44.5,44.799999,387980.0,-4.477618145943791,12.066915749912345
3161,2012-04-11,NSE:HMT,45.200001,46.0,43.799999,44.099998,402025.0,-1.5625022670201407,-4.477618145943791
3162,2012-04-12,NSE:HMT,44.700001,46.150002,44.25,44.450001,233434.0,0.7936576323654276,-1.5625022670201407
3163,2012-04-13,NSE:HMT,44.75,44.900002,42.099998,42.599998,180243.0,-4.161986408054301,0.7936576323654276
3164,2012-04-16,NSE:HMT,42.5,44.400002,42.099998,43.549999,250806.0,2.2300494004718034,-4.161986408054301
3165,2012-04-17,NSE:HMT,43.900002,43.900002,42.849998,43.099998,93613.0,-1.0332973830837524,2.2300494004718034
3166,2012-04-18,NSE:HMT,43.450001,43.900002,43.200001,43.25,87098.0,0.3480324987486093,-1.0332973830837524
3167,2012-04-19,NSE:HMT,43.299999,43.799999,42.700001,42.849998,60232.0,-0.9248601156069378,0.3480324987486093
3168,2012-04-20,NSE:HMT,43.0,43.700001,42.25,42.400002,98421.0,-1.0501657432982814,-0.9248601156069378
3169,2012-04-23,NSE:HMT,42.950001,42.950001,40.700001,40.950001,46531.0,-3.4198135179333256,-1.0501657432982814
3170,2012-04-24,NSE:HMT,40.950001,41.700001,40.700001,40.900002,50582.0,-0.12209767711605106,-3.4198135179333256
3171,2012-04-25,NSE:HMT,40.599998,41.299999,39.200001,39.700001,76961.0,-2.9339876315898477,-0.12209767711605106
3172,2012-04-26,NSE:HMT,39.799999,40.75,38.549999,39.599998,106839.0,-0.2518967190958029,-2.9339876315898477
3173,2012-04-27,NSE:HMT,40.099998,40.650002,39.299999,39.549999,49290.0,-0.12626010738687332,-0.2518967190958029
3174,2012-04-30,NSE:HMT,43.700001,43.700001,41.150002,41.75,247321.0,5.562581682998274,-0.12626010738687332
3175,2012-05-02,NSE:HMT,42.5,43.25,41.349998,41.799999,302944.0,0.11975808383233456,5.562581682998274
3176,2012-05-03,NSE:HMT,41.299999,42.75,41.0,41.200001,129979.0,-1.4354019482153562,0.11975808383233456
3177,2012-05-04,NSE:HMT,41.5,41.650002,39.400002,39.650002,88351.0,-3.7621334038317125,-1.4354019482153562
3178,2012-05-07,NSE:HMT,38.549999,39.950001,38.200001,39.650002,83045.0,0.0,-3.7621334038317125
3179,2012-05-08,NSE:HMT,40.349998,42.099998,39.049999,39.400002,294124.0,-0.6305169921555112,0.0
3180,2012-05-09,NSE:HMT,39.150002,40.099998,38.349998,38.5,84361.0,-2.2842689195802595,-0.6305169921555112
3181,2012-05-10,NSE:HMT,38.950001,39.5,37.200001,37.549999,97121.0,-2.467535064935066,-2.2842689195802595
3182,2012-05-11,NSE:HMT,37.900002,38.299999,36.049999,36.349998,98578.0,-3.195741762869289,-2.467535064935066
3183,2012-05-14,NSE:HMT,37.25,37.25,35.25,35.700001,67921.0,-1.7881624092523993,-3.195741762869289
3184,2012-05-15,NSE:HMT,35.599998,37.0,35.349998,36.349998,157743.0,1.8207198369546238,-1.7881624092523993
3185,2012-05-16,NSE:HMT,36.0,36.700001,35.150002,35.450001,73245.0,-2.475920356309233,1.8207198369546238
3186,2012-05-17,NSE:HMT,35.799999,36.650002,35.299999,35.5,81124.0,0.14104089870124314,-2.475920356309233
3187,2012-05-18,NSE:HMT,34.799999,35.0,34.099998,34.599998,56448.0,-2.5352169014084525,0.14104089870124314
3188,2012-05-21,NSE:HMT,34.950001,35.799999,34.5,35.200001,68466.0,1.7341128170007436,-2.5352169014084525
3189,2012-05-22,NSE:HMT,35.5,36.400002,35.25,35.349998,80455.0,0.426127828803184,1.7341128170007436
3190,2012-05-23,NSE:HMT,35.099998,35.5,34.650002,34.75,37557.0,-1.6973070267217536,0.426127828803184
3191,2012-05-24,NSE:HMT,35.0,35.5,34.799999,35.299999,36094.0,1.5827309352517978,-1.6973070267217536
3192,2012-05-25,NSE:HMT,35.099998,35.799999,35.049999,35.25,52039.0,-0.1416402306413654,1.5827309352517978
3193,2012-05-28,NSE:HMT,35.099998,38.25,35.099998,36.299999,172336.0,2.9787205673758854,-0.1416402306413654
3194,2012-05-29,NSE:HMT,36.299999,37.299999,36.099998,36.25,110879.0,-0.13773829580546182,2.9787205673758854
3195,2012-05-30,NSE:HMT,36.150002,36.650002,35.25,35.400002,52765.0,-2.3448220689655153,-0.13773829580546182
3196,2012-05-31,NSE:HMT,35.400002,36.25,34.75,35.0,85279.0,-1.1299490887034431,-2.3448220689655153
3197,2012-06-01,NSE:HMT,35.150002,35.549999,34.099998,34.349998,38036.0,-1.8571485714285734,-1.1299490887034431
3198,2012-06-04,NSE:HMT,34.049999,34.900002,34.0,34.200001,50649.0,-0.4366725145078584,-1.8571485714285734
3199,2012-06-05,NSE:HMT,34.5,35.200001,34.049999,34.150002,45704.0,-0.14619590215801362,-0.4366725145078584
3200,2012-06-06,NSE:HMT,34.799999,35.450001,34.299999,35.150002,56785.0,2.928257515182576,-0.14619590215801362
3201,2012-06-07,NSE:HMT,35.75,35.900002,35.099998,35.349998,38196.0,0.5689786304990786,2.928257515182576
3202,2012-06-08,NSE:HMT,35.150002,35.299999,34.599998,35.0,29243.0,-0.9900934082089604,0.5689786304990786
3203,2012-06-11,NSE:HMT,35.900002,36.700001,35.5,35.650002,149387.0,1.8571485714285734,-0.9900934082089604
3204,2012-06-12,NSE:HMT,35.650002,36.0,35.299999,35.700001,22398.0,0.14024964150072047,1.8571485714285734
3205,2012-06-13,NSE:HMT,36.0,36.400002,35.450001,35.650002,34379.0,-0.1400532173654552,0.14024964150072047
3206,2012-06-14,NSE:HMT,35.950001,39.150002,35.349998,38.25,542737.0,7.293121610484059,-0.1400532173654552
3207,2012-06-15,NSE:HMT,39.400002,42.200001,39.400002,40.900002,1896579.0,6.92810980392157,7.293121610484059
3208,2012-06-18,NSE:HMT,41.400002,41.400002,38.150002,38.450001,260438.0,-5.99022220096713,6.92810980392157
3209,2012-06-19,NSE:HMT,37.799999,39.700001,37.799999,38.349998,105715.0,-0.2600858189834662,-5.99022220096713
3210,2012-06-20,NSE:HMT,38.700001,39.400002,38.0,38.299999,102805.0,-0.13037549571710455,-0.2600858189834662
3211,2012-06-21,NSE:HMT,38.900002,39.349998,38.150002,38.5,101067.0,0.5221958360886649,-0.13037549571710455
3212,2012-06-22,NSE:HMT,38.0,38.650002,37.400002,37.549999,85550.0,-2.467535064935066,0.5221958360886649
3213,2012-06-25,NSE:HMT,37.75,38.900002,37.75,38.0,132483.0,1.1984048255234316,-2.467535064935066
3214,2012-06-26,NSE:HMT,37.75,38.650002,37.299999,37.400002,106332.0,-1.5789421052631565,1.1984048255234316
3215,2012-06-27,NSE:HMT,37.700001,38.25,37.150002,37.5,61198.0,0.2673743172527086,-1.5789421052631565
3216,2012-06-28,NSE:HMT,37.900002,44.5,37.5,42.349998,875815.0,12.933328,0.2673743172527086
3217,2012-06-29,NSE:HMT,44.5,45.5,42.200001,42.75,1023615.0,0.9445148025744905,12.933328
3218,2012-07-02,NSE:HMT,42.200001,43.900002,41.400002,42.25,322773.0,-1.1695906432748537,0.9445148025744905
3219,2012-07-03,NSE:HMT,42.849998,44.799999,42.450001,43.299999,434681.0,2.48520473372781,-1.1695906432748537
3220,2012-07-04,NSE:HMT,43.650002,44.299999,42.799999,43.25,183152.0,-0.11547113430649197,2.48520473372781
3221,2012-07-05,NSE:HMT,43.200001,44.5,43.0,44.049999,372723.0,1.8497086705202306,-0.11547113430649197
3222,2012-07-06,NSE:HMT,44.450001,44.75,42.700001,43.049999,199418.0,-2.270147611127074,1.8497086705202306
3223,2012-07-09,NSE:HMT,42.700001,42.849998,40.849998,41.25,93561.0,-4.181182443233041,-2.270147611127074
3224,2012-07-10,NSE:HMT,40.5,48.900002,40.5,47.099998,2640231.0,14.181813333333332,-4.181182443233041
3225,2012-07-11,NSE:HMT,47.5,48.799999,45.150002,45.700001,1134963.0,-2.972392907532605,14.181813333333332
3226,2012-07-12,NSE:HMT,45.599998,46.5,44.0,44.200001,393139.0,-3.2822756393375134,-2.972392907532605
3227,2012-07-13,NSE:HMT,44.5,46.299999,44.099998,44.299999,369464.0,0.22623981388597564,-3.2822756393375134
3228,2012-07-16,NSE:HMT,44.5,45.150002,43.25,43.549999,249421.0,-1.6930022955530994,0.22623981388597564
3229,2012-07-17,NSE:HMT,43.950001,44.700001,42.349998,42.549999,197410.0,-2.2962113041609946,-1.6930022955530994
3230,2012-07-18,NSE:HMT,42.700001,42.849998,41.700001,42.099998,163903.0,-1.0575816934801816,-2.2962113041609946
3231,2012-07-19,NSE:HMT,42.349998,43.799999,42.349998,42.650002,230583.0,1.3064228649132033,-1.0575816934801816
3232,2012-07-20,NSE:HMT,42.950001,43.299999,42.049999,42.400002,182502.0,-0.5861664437905536,1.3064228649132033
3233,2012-07-23,NSE:HMT,44.099998,44.799999,43.099998,43.349998,692855.0,2.2405564980869546,-0.5861664437905536
3234,2012-07-24,NSE:HMT,43.400002,43.950001,42.5,42.650002,150248.0,-1.6147543997579856,2.2405564980869546
3235,2012-07-25,NSE:HMT,42.25,43.349998,41.599998,42.200001,245147.0,-1.0551019434887725,-1.6147543997579856
3236,2012-07-26,NSE:HMT,42.549999,42.75,40.049999,40.299999,146149.0,-4.502374300891606,-1.0551019434887725
3237,2012-07-27,NSE:HMT,40.900002,42.400002,39.150002,39.450001,128759.0,-2.109176230996927,-4.502374300891606
3238,2012-07-30,NSE:HMT,39.950001,40.5,39.099998,40.049999,103704.0,1.520907439267237,-2.109176230996927
3239,2012-07-31,NSE:HMT,40.950001,41.25,39.700001,40.400002,110574.0,0.8739151279379581,1.520907439267237
3240,2012-08-01,NSE:HMT,40.950001,41.400002,40.25,41.049999,122684.0,1.6089033856978499,0.8739151279379581
3241,2012-08-02,NSE:HMT,41.049999,42.349998,41.0,41.599998,207181.0,1.339827072833789,1.6089033856978499
3242,2012-08-03,NSE:HMT,41.0,41.299999,40.650002,40.799999,61862.0,-1.9230746116862787,1.339827072833789
3243,2012-08-06,NSE:HMT,41.25,42.150002,41.150002,41.349998,131196.0,1.348036797745999,-1.9230746116862787
3244,2012-08-07,NSE:HMT,41.700001,42.900002,41.400002,41.650002,275415.0,0.7255236142937692,1.348036797745999
3245,2012-08-08,NSE:HMT,42.150002,45.5,41.75,43.900002,1526876.0,5.402160604938267,0.7255236142937692
3246,2012-08-09,NSE:HMT,44.200001,44.900002,42.200001,42.349998,367406.0,-3.530760659190861,5.402160604938267
3247,2012-08-10,NSE:HMT,42.5,43.5,41.349998,41.75,424879.0,-1.4167603974857315,-3.530760659190861
3248,2012-08-13,NSE:HMT,42.0,42.599998,41.25,41.950001,274526.0,0.4790443113772463,-1.4167603974857315
3249,2012-08-14,NSE:HMT,41.950001,42.700001,41.799999,41.950001,138768.0,0.0,0.4790443113772463
3250,2012-08-16,NSE:HMT,42.25,43.450001,42.0,42.099998,214279.0,0.357561374074816,0.0
3251,2012-08-17,NSE:HMT,42.5,42.900002,41.0,41.099998,183969.0,-2.375297024954728,0.357561374074816
3252,2012-08-21,NSE:HMT,41.400002,42.5,40.799999,41.450001,167743.0,0.8515888492257371,-2.375297024954728
3253,2012-08-22,NSE:HMT,42.0,42.400002,41.450001,41.650002,269646.0,0.48251144794906115,0.8515888492257371
3254,2012-08-23,NSE:HMT,41.599998,44.75,41.599998,43.25,980278.0,3.8415316282577834,0.48251144794906115
3255,2012-08-24,NSE:HMT,42.549999,42.900002,41.150002,41.349998,300129.0,-4.393068208092487,3.8415316282577834
3256,2012-08-27,NSE:HMT,41.5,42.650002,40.799999,41.0,283378.0,-0.8464280941440419,-4.393068208092487
3257,2012-08-28,NSE:HMT,41.200001,41.299999,38.700001,39.150002,161596.0,-4.512190243902438,-0.8464280941440419
3258,2012-08-29,NSE:HMT,39.75,40.0,38.349998,38.599998,132260.0,-1.40486327433649,-4.512190243902438
3259,2012-08-30,NSE:HMT,38.400002,39.400002,38.0,38.700001,166605.0,0.25907514295726375,-1.40486327433649
3260,2012-08-31,NSE:HMT,38.900002,40.25,38.700001,38.849998,358871.0,0.38758913727159605,0.25907514295726375
3261,2012-09-03,NSE:HMT,39.049999,40.049999,38.849998,39.0,118393.0,0.38610555398226953,0.38758913727159605
3262,2012-09-04,NSE:HMT,39.099998,39.75,38.5,38.799999,150774.0,-0.5128230769230777,0.38610555398226953
3263,2012-09-05,NSE:HMT,38.900002,39.299999,38.5,38.599998,95005.0,-0.5154665081305809,-0.5128230769230777
3264,2012-09-06,NSE:HMT,38.799999,39.849998,38.700001,39.150002,151410.0,1.4248809028435734,-0.5154665081305809
3265,2012-09-07,NSE:HMT,39.650002,40.849998,39.400002,40.400002,359165.0,3.1928478573257797,1.4248809028435734
3266,2012-09-10,NSE:HMT,42.0,42.900002,40.599998,41.0,397151.0,1.485143490834479,3.1928478573257797
3267,2012-09-11,NSE:HMT,40.5,41.200001,40.5,40.650002,206766.0,-0.8536536585365838,1.485143490834479
3268,2012-09-12,NSE:HMT,40.75,41.5,40.75,40.950001,171312.0,0.7380048837389963,-0.8536536585365838
3269,2012-09-13,NSE:HMT,41.099998,41.799999,41.099998,41.200001,195642.0,0.610500595592171,0.7380048837389963
3270,2012-09-14,NSE:HMT,41.599998,42.099998,40.849998,41.049999,285544.0,-0.36408251543489195,0.610500595592171
3271,2012-09-17,NSE:HMT,41.549999,41.599998,40.75,40.900002,145042.0,-0.3654007397174335,-0.36408251543489195
3272,2012-09-18,NSE:HMT,41.299999,42.799999,41.0,42.450001,447613.0,3.789728421040174,-0.3654007397174335
3273,2012-09-20,NSE:HMT,41.150002,41.950001,41.150002,41.400002,120650.0,-2.473495819234491,3.789728421040174
3274,2012-09-21,NSE:HMT,41.049999,42.5,40.900002,41.799999,149118.0,0.9661762818272305,-2.473495819234491
3275,2012-09-24,NSE:HMT,42.099998,44.150002,41.150002,42.650002,382431.0,2.0335000486483286,0.9661762818272305
3276,2012-09-25,NSE:HMT,43.0,44.75,42.0,44.25,494261.0,3.7514605509279915,2.0335000486483286
3277,2012-09-26,NSE:HMT,46.0,47.799999,45.5,46.099998,1011067.0,4.180786440677965,3.7514605509279915
3278,2012-09-27,NSE:HMT,46.5,46.5,44.049999,44.299999,226621.0,-3.904553314731163,4.180786440677965
3279,2012-09-28,NSE:HMT,44.5,44.950001,43.400002,43.5,199146.0,-1.8058668579202444,-3.904553314731163
3280,2012-10-01,NSE:HMT,43.700001,43.799999,43.299999,43.450001,94215.0,-0.11494022988505674,-1.8058668579202444
3281,2012-10-03,NSE:HMT,43.549999,44.900002,43.5,44.299999,197252.0,1.95626692850939,-0.11494022988505674
3282,2012-10-04,NSE:HMT,44.200001,46.150002,43.849998,44.900002,381604.0,1.3544086084516638,1.95626692850939
3283,2012-10-05,NSE:HMT,45.5,46.549999,43.5,44.150002,295694.0,-1.6703785447492854,1.3544086084516638
3284,2012-10-08,NSE:HMT,44.349998,45.450001,43.549999,43.849998,134153.0,-0.6795107279949869,-1.6703785447492854
3285,2012-10-09,NSE:HMT,44.0,44.599998,43.349998,43.5,220005.0,-0.7981710740328867,-0.6795107279949869
3286,2012-10-10,NSE:HMT,43.5,43.5,42.25,42.400002,112688.0,-2.528731034482757,-0.7981710740328867
3287,2012-10-11,NSE:HMT,42.400002,42.849998,42.049999,42.549999,109685.0,0.3537664927468613,-2.528731034482757
3288,2012-10-12,NSE:HMT,42.549999,43.200001,42.150002,42.299999,112672.0,-0.5875440796132568,0.3537664927468613
3289,2012-10-15,NSE:HMT,42.299999,42.75,42.0,42.25,95786.0,-0.11820094842082546,-0.5875440796132568
3290,2012-10-16,NSE:HMT,42.549999,43.349998,42.200001,42.299999,139895.0,0.11834082840236611,-0.11820094842082546
3291,2012-10-17,NSE:HMT,42.599998,47.099998,41.799999,46.25,1232777.0,9.33806405054525,0.11834082840236611
3292,2012-10-18,NSE:HMT,47.549999,50.150002,46.900002,48.0,2883341.0,3.783783783783784,9.33806405054525
3293,2012-10-19,NSE:HMT,47.849998,48.450001,45.349998,45.650002,439999.0,-4.895829166666665,3.783783783783784
3294,2012-10-22,NSE:HMT,45.099998,45.700001,43.799999,44.150002,227781.0,-3.285870611790992,-4.895829166666665
3295,2012-10-23,NSE:HMT,46.0,47.450001,44.799999,45.549999,403518.0,3.171000988856125,-3.285870611790992
3296,2012-10-25,NSE:HMT,45.25,45.450001,43.650002,43.799999,191071.0,-3.8419320272652477,3.171000988856125
3297,2012-10-26,NSE:HMT,44.200001,44.799999,43.099998,43.599998,272411.0,-0.4566232980964231,-3.8419320272652477
3298,2012-10-29,NSE:HMT,43.799999,44.299999,42.650002,42.799999,247029.0,-1.8348601759110166,-0.4566232980964231
3299,2012-10-30,NSE:HMT,42.75,43.349998,42.400002,42.549999,164346.0,-0.5841121631801907,-1.8348601759110166
3300,2012-10-31,NSE:HMT,42.75,42.900002,41.900002,42.25,120554.0,-0.705050545359589,-0.5841121631801907
3301,2012-11-01,NSE:HMT,42.150002,43.700001,41.799999,43.200001,204265.0,2.2485230769230777,-0.705050545359589
3302,2012-11-02,NSE:HMT,43.299999,44.849998,43.099998,44.25,431808.0,2.430553184477935,2.2485230769230777
3303,2012-11-05,NSE:HMT,43.900002,44.299999,43.099998,43.299999,128848.0,-2.146894915254238,2.430553184477935
3304,2012-11-06,NSE:HMT,43.150002,43.849998,43.150002,43.349998,75395.0,0.11547113430649197,-2.146894915254238
3305,2012-11-07,NSE:HMT,43.400002,43.950001,43.099998,43.400002,103480.0,0.11534948629063667,0.11547113430649197
3306,2012-11-08,NSE:HMT,43.450001,43.650002,42.650002,42.799999,90821.0,-1.3824953279956091,0.11534948629063667
3307,2012-11-09,NSE:HMT,42.75,43.25,42.25,42.349998,104845.0,-1.051404230172997,-1.3824953279956091
3308,2012-11-12,NSE:HMT,42.400002,42.799999,41.849998,42.5,82770.0,0.35419600255943495,-1.051404230172997
3309,2012-11-13,NSE:HMT,42.599998,42.799999,42.5,42.5,18293.0,0.0,0.35419600255943495
3310,2012-11-15,NSE:HMT,42.400002,42.700001,41.599998,42.299999,71597.0,-0.4705905882352948,0.0
3311,2012-11-16,NSE:HMT,43.049999,43.799999,42.099998,42.25,380733.0,-0.11820094842082546,-0.4705905882352948
3312,2012-11-19,NSE:HMT,42.400002,42.599998,41.549999,41.799999,103211.0,-1.0650911242603558,-0.11820094842082546
3313,2012-11-20,NSE:HMT,42.099998,42.450001,40.75,40.799999,76866.0,-2.392344554840779,-1.0650911242603558
3314,2012-11-21,NSE:HMT,41.0,41.349998,40.599998,40.799999,54896.0,0.0,-2.392344554840779
3315,2012-11-22,NSE:HMT,41.25,42.75,40.849998,41.75,413242.0,2.3284338805988702,0.0
3316,2012-11-23,NSE:HMT,42.150002,42.150002,40.599998,40.75,79898.0,-2.3952095808383236,2.3284338805988702
3317,2012-11-26,NSE:HMT,41.200001,41.200001,40.599998,40.700001,73678.0,-0.12269693251533666,-2.3952095808383236
3318,2012-11-27,NSE:HMT,41.0,41.450001,40.950001,41.049999,98172.0,0.8599459248170519,-0.12269693251533666
3319,2012-11-29,NSE:HMT,41.0,41.75,41.0,41.150002,82945.0,0.24361267341322215,0.8599459248170519
3320,2012-11-30,NSE:HMT,41.150002,42.25,40.849998,41.5,112202.0,0.8505418784669788,0.24361267341322215
3321,2012-12-03,NSE:HMT,42.400002,42.799999,41.799999,42.349998,180711.0,2.0481879518072272,0.8505418784669788
3322,2012-12-04,NSE:HMT,42.400002,42.900002,42.049999,42.200001,91691.0,-0.3541841961834309,2.0481879518072272
3323,2012-12-05,NSE:HMT,42.099998,42.950001,42.099998,42.400002,100193.0,0.47393600772663563,-0.3541841961834309
3324,2012-12-06,NSE:HMT,42.950001,42.950001,42.200001,42.549999,88471.0,0.3537664927468613,0.47393600772663563
3325,2012-12-07,NSE:HMT,42.900002,43.549999,42.25,42.5,93474.0,-0.11750646574633218,0.3537664927468613
3326,2012-12-10,NSE:HMT,42.599998,42.900002,42.099998,42.200001,50896.0,-0.7058799999999993,-0.11750646574633218
3327,2012-12-11,NSE:HMT,42.799999,43.400002,41.599998,41.950001,115936.0,-0.5924170475730558,-0.7058799999999993
3328,2012-12-12,NSE:HMT,42.200001,42.5,41.650002,41.799999,35870.0,-0.3575732930256679,-0.5924170475730558
3329,2012-12-13,NSE:HMT,42.099998,42.25,40.75,40.950001,44314.0,-2.033488086925551,-0.3575732930256679
3330,2012-12-14,NSE:HMT,41.650002,41.650002,40.799999,40.900002,37636.0,-0.12209767711605106,-2.033488086925551
3331,2012-12-17,NSE:HMT,41.0,41.799999,41.0,41.150002,34675.0,0.6112469138754565,-0.12209767711605106
3332,2012-12-18,NSE:HMT,42.0,42.049999,41.049999,41.25,57995.0,0.2430084936569368,0.6112469138754565
3333,2012-12-19,NSE:HMT,41.299999,41.799999,41.150002,41.299999,60197.0,0.1212096969696962,0.2430084936569368
3334,2012-12-20,NSE:HMT,41.349998,41.75,41.25,41.299999,41655.0,0.0,0.1212096969696962
3335,2012-12-21,NSE:HMT,41.200001,41.700001,40.5,40.599998,57979.0,-1.694917716583965,0.0
3336,2012-12-24,NSE:HMT,40.799999,41.650002,40.650002,40.799999,55242.0,0.4926133247592779,-1.694917716583965
3337,2012-12-26,NSE:HMT,41.0,41.200001,40.700001,40.75,36103.0,-0.12254657163104264,0.4926133247592779
3338,2012-12-27,NSE:HMT,40.849998,41.150002,40.349998,40.450001,29955.0,-0.7361938650306741,-0.12254657163104264
3339,2012-12-28,NSE:HMT,40.700001,40.849998,40.150002,40.299999,41807.0,-0.3708331181499863,-0.7361938650306741
3340,2012-12-31,NSE:HMT,40.299999,41.5,40.299999,40.650002,88980.0,0.868493818076772,-0.3708331181499863
3341,2013-01-01,NSE:HMT,40.849998,41.400002,40.849998,41.200001,41113.0,1.3530110035418934,0.868493818076772
3342,2013-01-02,NSE:HMT,41.450001,42.450001,41.25,41.549999,120129.0,0.8495096881186954,1.3530110035418934
3343,2013-01-03,NSE:HMT,42.200001,42.200001,41.349998,41.450001,70168.0,-0.24066907919781025,0.8495096881186954
3344,2013-01-04,NSE:HMT,41.349998,42.25,41.200001,41.799999,88927.0,0.8443859868664403,-0.24066907919781025
3345,2013-01-07,NSE:HMT,41.950001,42.950001,41.849998,42.25,217380.0,1.0765574420229063,0.8443859868664403
3346,2013-01-08,NSE:HMT,42.450001,43.0,41.0,42.150002,198331.0,-0.23668165680473222,1.0765574420229063
3347,2013-01-09,NSE:HMT,42.950001,42.950001,42.0,42.150002,116238.0,0.0,-0.23668165680473222
3348,2013-01-10,NSE:HMT,42.349998,44.150002,41.799999,42.400002,331095.0,0.5931197820583733,0.0
3349,2013-01-11,NSE:HMT,42.700001,42.700001,40.799999,41.049999,95867.0,-3.183969189435418,0.5931197820583733
3350,2013-01-14,NSE:HMT,41.200001,41.5,40.75,40.950001,93326.0,-0.24360049314495566,-3.183969189435418
3351,2013-01-15,NSE:HMT,41.150002,41.450001,40.849998,40.950001,65255.0,0.0,-0.24360049314495566
3352,2013-01-16,NSE:HMT,41.0,41.200001,40.099998,40.299999,51872.0,-1.5873064325444108,0.0
3353,2013-01-17,NSE:HMT,40.349998,40.900002,40.200001,40.299999,37418.0,0.0,-1.5873064325444108
3354,2013-01-18,NSE:HMT,40.299999,40.75,39.950001,40.049999,46726.0,-0.6203474099341789,0.0
3355,2013-01-21,NSE:HMT,41.700001,42.900002,40.150002,42.599998,325954.0,6.36703886060022,-0.6203474099341789
3356,2013-01-22,NSE:HMT,42.900002,43.25,40.599998,40.950001,343952.0,-3.8732325762081,6.36703886060022
3357,2013-01-23,NSE:HMT,41.25,41.5,40.200001,40.650002,72433.0,-0.7325982727082221,-3.8732325762081
3358,2013-01-24,NSE:HMT,40.75,40.75,38.700001,39.200001,97201.0,-3.5670379548812825,-0.7325982727082221
3359,2013-01-25,NSE:HMT,39.5,39.700001,38.0,39.200001,90569.0,0.0,-3.5670379548812825
3360,2013-01-28,NSE:HMT,39.799999,39.799999,39.150002,39.25,64359.0,0.1275484661339669,0.0
3361,2013-01-29,NSE:HMT,39.299999,39.400002,38.299999,38.650002,51739.0,-1.5286573248407627,0.1275484661339669
3362,2013-01-30,NSE:HMT,39.150002,39.25,38.599998,38.75,39646.0,0.25872702412796605,-1.5286573248407627
3363,2013-01-31,NSE:HMT,39.0,40.200001,38.400002,38.849998,57008.0,0.25805935483870807,0.25872702412796605
3364,2013-02-01,NSE:HMT,39.299999,39.400002,38.450001,38.549999,55790.0,-0.7721982379510025,0.25805935483870807
3365,2013-02-04,NSE:HMT,38.799999,39.150002,38.0,38.200001,55309.0,-0.9079066383373949,-0.7721982379510025
3366,2013-02-05,NSE:HMT,38.0,38.099998,37.349998,37.450001,40097.0,-1.963350733943698,-0.9079066383373949
3367,2013-02-06,NSE:HMT,37.599998,40.25,37.599998,38.5,131102.0,2.8037355726639355,-1.963350733943698
3368,2013-02-07,NSE:HMT,38.599998,38.900002,37.549999,37.700001,42773.0,-2.07791948051948,2.8037355726639355
3369,2013-02-08,NSE:HMT,37.299999,37.900002,37.049999,37.150002,47427.0,-1.4588832504274991,-2.07791948051948
3370,2013-02-11,NSE:HMT,37.0,39.849998,37.0,39.200001,499576.0,5.518166593907585,-1.4588832504274991
3371,2013-02-12,NSE:HMT,39.5,39.599998,37.25,37.549999,139082.0,-4.209188668132944,5.518166593907585
3372,2013-02-13,NSE:HMT,38.200001,40.299999,37.799999,38.849998,480859.0,3.4620480282835686,-4.209188668132944
3373,2013-02-14,NSE:HMT,39.0,39.0,37.299999,37.450001,83054.0,-3.6035960671091902,3.4620480282835686
3374,2013-02-15,NSE:HMT,37.5,38.900002,37.299999,37.700001,165535.0,0.6675567244978178,-3.6035960671091902
3375,2013-02-18,NSE:HMT,38.049999,39.299999,37.799999,38.299999,189279.0,1.591506589084704,0.6675567244978178
3376,2013-02-19,NSE:HMT,38.400002,40.799999,37.700001,39.150002,274672.0,2.219329039669168,1.591506589084704
3377,2013-02-20,NSE:HMT,40.200001,40.349998,38.900002,39.099998,196410.0,-0.1277241314061779,2.219329039669168
3378,2013-02-21,NSE:HMT,39.150002,40.900002,39.0,39.549999,494632.0,1.15089775707917,-0.1277241314061779
3379,2013-02-22,NSE:HMT,40.75,40.75,38.75,39.049999,190199.0,-1.264222535125728,1.15089775707917
3380,2013-02-25,NSE:HMT,39.099998,39.299999,37.599998,37.75,79801.0,-3.329062825328113,-1.264222535125728
3381,2013-02-26,NSE:HMT,38.799999,38.799999,36.900002,37.049999,90887.0,-1.8543072847682127,-3.329062825328113
3382,2013-02-27,NSE:HMT,37.150002,37.549999,36.25,37.150002,65603.0,0.26991363751454067,-1.8543072847682127
3383,2013-02-28,NSE:HMT,37.450001,38.349998,35.299999,35.549999,159280.0,-4.306871908109187,0.26991363751454067
3384,2013-03-01,NSE:HMT,36.799999,36.799999,34.150002,34.349998,76492.0,-3.3755303340514873,-4.306871908109187
3385,2013-03-04,NSE:HMT,35.849998,35.849998,32.799999,32.950001,58426.0,-4.075682915614723,-3.3755303340514873
3386,2013-03-05,NSE:HMT,33.5,33.5,32.650002,33.150002,46500.0,0.6069832896211454,-4.075682915614723
3387,2013-03-06,NSE:HMT,33.400002,34.900002,33.349998,33.700001,122692.0,1.6591220718478379,0.6069832896211454
3388,2013-03-07,NSE:HMT,33.700001,34.099998,33.450001,33.849998,45679.0,0.4450949422820464,1.6591220718478379
3389,2013-03-08,NSE:HMT,34.099998,34.549999,33.900002,34.049999,69583.0,0.5908449388977817,0.4450949422820464
3390,2013-03-11,NSE:HMT,34.299999,34.450001,33.650002,33.799999,33899.0,-0.7342144121648874,0.5908449388977817
3391,2013-03-12,NSE:HMT,34.25,35.299999,33.5,34.299999,169081.0,1.479289984594378,-0.7342144121648874
3392,2013-03-13,NSE:HMT,33.299999,34.349998,33.0,33.5,40280.0,-2.3323586685818847,1.479289984594378
3393,2013-03-14,NSE:HMT,33.299999,33.900002,33.25,33.700001,34994.0,0.5970179104477622,-2.3323586685818847
3394,2013-03-15,NSE:HMT,33.299999,34.049999,33.150002,33.349998,30633.0,-1.0385845389144084,0.5970179104477622
3395,2013-03-18,NSE:HMT,33.200001,33.799999,32.299999,32.549999,32496.0,-2.398797745055336,-1.0385845389144084
3396,2013-03-19,NSE:HMT,32.700001,32.75,30.700001,30.950001,81792.0,-4.915508599554793,-2.398797745055336
3397,2013-03-20,NSE:HMT,30.5,30.9,28.549999,28.700001,64194.0,-7.269789748956712,-4.915508599554793
3398,2013-03-21,NSE:HMT,29.5,29.5,28.0,28.299999,65619.0,-1.3937351430754328,-7.269789748956712
3399,2013-03-22,NSE:HMT,28.049999,28.700001,26.6,27.700001,92278.0,-2.1201343505347805,-1.3937351430754328
3400,2013-03-25,NSE:HMT,28.700001,28.700001,26.799999,27.200001,64293.0,-1.8050540864601412,-2.1201343505347805
3401,2013-03-26,NSE:HMT,27.0,27.0,26.049999,26.4,25758.0,-2.941180038927211,-1.8050540864601412
3402,2013-03-28,NSE:HMT,26.0,26.15,24.65,25.35,74762.0,-3.977272727272717,-2.941180038927211
3403,2013-04-01,NSE:HMT,26.4,28.450001,25.5,27.799999,162694.0,9.664690335305712,-3.977272727272717
3404,2013-04-02,NSE:HMT,26.700001,30.25,26.700001,29.549999,162045.0,6.294964255214541,9.664690335305712
3405,2013-04-03,NSE:HMT,29.0,29.9,28.9,29.299999,60649.0,-0.8460237172935268,6.294964255214541
3406,2013-04-04,NSE:HMT,29.0,29.9,28.0,28.799999,91287.0,-1.7064846998800238,-0.8460237172935268
3407,2013-04-05,NSE:HMT,29.35,29.4,28.25,28.35,21641.0,-1.5624965820311252,-1.7064846998800238
3408,2013-04-08,NSE:HMT,28.0,29.049999,27.799999,28.0,29859.0,-1.234567901234573,-1.5624965820311252
3409,2013-04-09,NSE:HMT,28.5,28.85,27.5,27.75,32884.0,-0.8928571428571428,-1.234567901234573
3410,2013-04-10,NSE:HMT,27.25,28.200001,27.15,27.65,34016.0,-0.3603603603603655,-0.8928571428571428
3411,2013-04-11,NSE:HMT,28.9,30.4,28.049999,29.35,196945.0,6.148282097649197,-0.3603603603603655
3412,2013-04-12,NSE:HMT,29.299999,29.299999,28.1,28.450001,59276.0,-3.0664361158432745,6.148282097649197
3413,2013-04-15,NSE:HMT,28.700001,28.700001,27.700001,28.0,26939.0,-1.581725779201204,-3.0664361158432745
3414,2013-04-16,NSE:HMT,27.4,29.25,27.4,28.5,63432.0,1.7857142857142856,-1.581725779201204
3415,2013-04-17,NSE:HMT,30.25,34.200001,30.200001,34.200001,1539380.0,20.00000350877193,1.7857142857142856
3416,2013-04-18,NSE:HMT,34.900002,37.200001,34.599998,36.400002,2240440.0,6.432751273896163,20.00000350877193
3417,2013-04-22,NSE:HMT,38.0,39.900002,37.0,38.950001,1693941.0,7.005491373324649,6.432751273896163
3418,2013-04-23,NSE:HMT,38.0,38.5,35.650002,35.849998,377900.0,-7.958929192325312,7.005491373324649
3419,2013-04-25,NSE:HMT,34.299999,36.75,33.599998,34.0,196259.0,-5.160385225126092,-7.958929192325312
3420,2013-04-26,NSE:HMT,34.0,35.25,33.700001,33.900002,172315.0,-0.2941117647058805,-5.160385225126092
3421,2013-04-29,NSE:HMT,33.5,35.200001,33.5,34.200001,130478.0,0.8849527501502794,-0.2941117647058805
3422,2013-04-30,NSE:HMT,34.950001,34.950001,32.25,32.799999,68411.0,-4.09357297972009,0.8849527501502794
3423,2013-05-02,NSE:HMT,33.849998,34.200001,32.400002,33.5,113817.0,2.134149455309436,-4.09357297972009
3424,2013-05-03,NSE:HMT,33.0,33.849998,32.549999,33.049999,65459.0,-1.34328656716418,2.134149455309436
3425,2013-05-06,NSE:HMT,33.349998,33.950001,33.049999,33.150002,59735.0,0.3025809471280195,-1.34328656716418
3426,2013-05-07,NSE:HMT,34.099998,34.849998,32.650002,34.5,298325.0,4.072391911167907,0.3025809471280195
3427,2013-05-08,NSE:HMT,34.599998,34.849998,33.799999,34.400002,92828.0,-0.28984927536231697,4.072391911167907
3428,2013-05-09,NSE:HMT,34.0,34.75,33.599998,34.299999,99001.0,-0.29070637844730635,-0.28984927536231697
3429,2013-05-10,NSE:HMT,35.5,38.0,35.5,36.5,818595.0,6.41399727154511,-0.29070637844730635
3430,2013-05-13,NSE:HMT,36.400002,36.400002,34.099998,34.349998,147904.0,-5.890416438356167,6.41399727154511
3431,2013-05-14,NSE:HMT,34.25,35.799999,34.25,34.799999,115748.0,1.3100466556067931,-5.890416438356167
3432,2013-05-15,NSE:HMT,35.25,35.450001,34.0,34.099998,95867.0,-2.0114971842384257,1.3100466556067931
3433,2013-05-16,NSE:HMT,34.349998,34.75,33.799999,34.200001,107633.0,0.29326394681900264,-2.0114971842384257
3434,2013-05-17,NSE:HMT,34.099998,34.400002,33.5,33.75,49754.0,-1.3157923591873588,0.29326394681900264
3435,2013-05-20,NSE:HMT,34.599998,35.5,33.75,34.0,121396.0,0.7407407407407408,-1.3157923591873588
3436,2013-05-21,NSE:HMT,33.5,34.700001,33.25,33.700001,70573.0,-0.8823499999999991,0.7407407407407408
3437,2013-05-22,NSE:HMT,33.700001,34.0,32.950001,33.049999,50306.0,-1.9287892602733177,-0.8823499999999991
3438,2013-05-23,NSE:HMT,33.099998,33.099998,30.65,31.200001,98358.0,-5.597573543043071,-1.9287892602733177
3439,2013-05-24,NSE:HMT,32.299999,32.299999,30.5,30.799999,127322.0,-1.2820576512161028,-5.597573543043071
3440,2013-05-27,NSE:HMT,31.15,31.25,30.65,31.1,43007.0,0.9740292524035528,-1.2820576512161028
3441,2013-05-28,NSE:HMT,31.200001,31.5,30.9,31.25,48634.0,0.4823151125401884,0.9740292524035528
3442,2013-05-29,NSE:HMT,31.0,31.200001,30.25,30.299999,34474.0,-3.040003200000001,0.4823151125401884
3443,2013-05-30,NSE:HMT,30.299999,30.65,29.549999,29.799999,34608.0,-1.6501650709625435,-3.040003200000001
3444,2013-05-31,NSE:HMT,29.5,30.35,28.6,28.85,52589.0,-3.1879162143595985,-1.6501650709625435
3445,2013-06-03,NSE:HMT,29.0,29.799999,28.0,28.1,63714.0,-2.5996533795493932,-3.1879162143595985
3446,2013-06-04,NSE:HMT,28.0,29.1,28.0,28.85,43425.0,2.669039145907473,-2.5996533795493932
3447,2013-06-05,NSE:HMT,29.9,31.5,29.9,31.25,751754.0,8.318890814558054,2.669039145907473
3448,2013-06-06,NSE:HMT,30.9,35.799999,28.75,34.200001,2391263.0,9.440003200000001,8.318890814558054
3449,2013-06-07,NSE:HMT,33.549999,34.0,32.0,32.150002,358613.0,-5.994148947539504,9.440003200000001
3450,2013-06-10,NSE:HMT,33.0,33.5,31.200001,31.5,141457.0,-2.021779034414992,-5.994148947539504
3451,2013-06-11,NSE:HMT,31.5,31.9,29.1,30.1,161783.0,-4.444444444444439,-2.021779034414992
3452,2013-06-12,NSE:HMT,29.1,30.299999,29.1,29.35,120948.0,-2.4916943521594686,-4.444444444444439
3453,2013-06-13,NSE:HMT,29.1,29.799999,28.25,29.6,117276.0,0.8517887563884157,-2.4916943521594686
3454,2013-06-14,NSE:HMT,29.0,29.799999,28.65,28.85,68738.0,-2.5337837837837838,0.8517887563884157
3455,2013-06-17,NSE:HMT,29.0,29.15,28.5,28.950001,57146.0,0.346623916811088,-2.5337837837837838
3456,2013-06-18,NSE:HMT,28.200001,30.0,28.200001,29.049999,58996.0,0.3454162229562595,0.346623916811088
3457,2013-06-19,NSE:HMT,29.299999,29.4,28.799999,28.85,49662.0,-0.6884647397061813,0.3454162229562595
3458,2013-06-20,NSE:HMT,28.5,28.85,28.1,28.299999,39474.0,-1.9064159445407336,-0.6884647397061813
3459,2013-06-21,NSE:HMT,28.25,28.700001,27.0,27.049999,49211.0,-4.41696128681842,-1.9064159445407336
3460,2013-06-24,NSE:HMT,27.0,29.5,26.75,26.85,207091.0,-0.7393678646716336,-4.41696128681842
3461,2013-06-25,NSE:HMT,27.5,27.700001,26.200001,27.0,41630.0,0.5586592178770896,-0.7393678646716336
3462,2013-06-26,NSE:HMT,26.9,27.450001,26.5,26.5,23478.0,-1.8518518518518516,0.5586592178770896
3463,2013-06-27,NSE:HMT,26.549999,27.1,26.549999,26.65,38641.0,0.5660377358490513,-1.8518518518518516
3464,2013-06-28,NSE:HMT,26.35,28.700001,26.35,28.5,118389.0,6.941838649155728,0.5660377358490513
3465,2013-07-01,NSE:HMT,29.5,30.950001,29.25,30.1,388702.0,5.614035087719303,6.941838649155728
3466,2013-07-02,NSE:HMT,30.1,30.1,29.1,29.200001,45807.0,-2.9900299003322295,5.614035087719303
3467,2013-07-03,NSE:HMT,29.0,29.0,27.65,27.799999,57433.0,-4.794527233064138,-2.9900299003322295
3468,2013-07-04,NSE:HMT,27.799999,28.700001,27.75,27.9,93362.0,0.3597158402775442,-4.794527233064138
3469,2013-07-05,NSE:HMT,28.35,28.9,27.799999,27.85,64095.0,-0.17921146953404002,0.3597158402775442
3470,2013-07-08,NSE:HMT,28.0,30.25,27.0,28.65,261373.0,2.8725314183123776,-0.17921146953404002
3471,2013-07-09,NSE:HMT,29.0,29.4,28.6,28.85,120282.0,0.6980802792321217,2.8725314183123776
3472,2013-07-10,NSE:HMT,28.950001,29.0,28.049999,28.25,76189.0,-2.0797227036395194,0.6980802792321217
3473,2013-07-11,NSE:HMT,28.200001,28.75,28.15,28.25,41465.0,0.0,-2.0797227036395194
3474,2013-07-12,NSE:HMT,28.299999,28.6,27.65,27.700001,40822.0,-1.9468991150442465,0.0
3475,2013-07-15,NSE:HMT,27.299999,28.200001,27.299999,28.1,28327.0,1.444039659059944,-1.9468991150442465
3476,2013-07-16,NSE:HMT,27.5,28.0,27.25,27.4,30327.0,-2.4911032028469853,1.444039659059944
3477,2013-07-17,NSE:HMT,27.799999,28.0,27.1,27.25,37881.0,-0.5474452554744473,-2.4911032028469853
3478,2013-07-18,NSE:HMT,27.700001,27.700001,27.15,27.200001,35067.0,-0.18348256880733826,-0.5474452554744473
3479,2013-07-19,NSE:HMT,27.1,28.700001,27.1,27.549999,99519.0,1.2867573056339203,-0.18348256880733826
3480,2013-07-22,NSE:HMT,27.200001,27.950001,27.200001,27.25,35169.0,-1.0889256293620908,1.2867573056339203
3481,2013-07-23,NSE:HMT,27.75,27.75,27.049999,27.1,21860.0,-0.5504587155963251,-1.0889256293620908
3482,2013-07-24,NSE:HMT,27.799999,27.799999,26.25,26.4,57780.0,-2.583025830258313,-0.5504587155963251
3483,2013-07-25,NSE:HMT,26.299999,27.200001,26.0,26.200001,32454.0,-0.7575719696969632,-2.583025830258313
3484,2013-07-26,NSE:HMT,26.15,26.9,25.6,26.25,24414.0,0.19083587057878235,-0.7575719696969632
3485,2013-07-29,NSE:HMT,25.799999,25.85,25.049999,25.15,22471.0,-4.190476190476196,0.19083587057878235
3486,2013-07-30,NSE:HMT,25.0,27.4,24.65,25.1,171525.0,-0.1988071570576428,-4.190476190476196
3487,2013-07-31,NSE:HMT,25.0,25.25,23.6,24.200001,39102.0,-3.585653386454187,-0.1988071570576428
3488,2013-08-01,NSE:HMT,24.299999,25.9,23.65,24.25,103611.0,0.20660742947903052,-3.585653386454187
3489,2013-08-02,NSE:HMT,24.450001,24.450001,21.5,21.65,173866.0,-10.721649484536089,0.20660742947903052
3490,2013-08-05,NSE:HMT,21.0,22.85,20.700001,21.1,49544.0,-2.540415704387978,-10.721649484536089
3491,2013-08-06,NSE:HMT,21.200001,22.450001,20.65,20.700001,168542.0,-1.8957298578199104,-2.540415704387978
3492,2013-08-07,NSE:HMT,21.0,22.5,20.65,21.299999,115079.0,2.8985409227757977,-1.8957298578199104
3493,2013-08-08,NSE:HMT,21.65,23.5,21.65,22.700001,262089.0,6.572779651304211,2.8985409227757977
3494,2013-08-12,NSE:HMT,23.0,24.5,22.85,23.9,225170.0,5.286338974170081,6.572779651304211
3495,2013-08-13,NSE:HMT,23.15,24.200001,23.15,23.4,70409.0,-2.0920502092050213,5.286338974170081
3496,2013-08-14,NSE:HMT,24.0,25.200001,23.450001,24.1,171401.0,2.991452991453004,-2.0920502092050213
3497,2013-08-16,NSE:HMT,24.5,24.5,22.1,22.25,61814.0,-7.676348547717849,2.991452991453004
3498,2013-08-19,NSE:HMT,22.0,22.049999,20.25,21.5,45662.0,-3.3707865168539324,-7.676348547717849
3499,2013-08-20,NSE:HMT,21.049999,22.950001,20.950001,22.049999,83395.0,2.558134883720929,-3.3707865168539324
3500,2013-08-21,NSE:HMT,22.299999,23.299999,21.4,21.5,50255.0,-2.494326643733633,2.558134883720929
3501,2013-08-22,NSE:HMT,21.5,22.35,21.0,22.0,38278.0,2.3255813953488373,-2.494326643733633
3502,2013-08-23,NSE:HMT,22.0,22.5,21.85,22.15,43649.0,0.6818181818181753,2.3255813953488373
3503,2013-08-26,NSE:HMT,22.9,22.9,21.6,22.35,40010.0,0.9029345372460627,0.6818181818181753
3504,2013-08-27,NSE:HMT,22.1,22.450001,21.5,21.5,31190.0,-3.80313199105146,0.9029345372460627
3505,2013-08-28,NSE:HMT,21.6,21.6,20.799999,21.299999,33202.0,-0.9302372093023271,-3.80313199105146
3506,2013-08-29,NSE:HMT,21.5,21.9,21.35,21.6,28172.0,1.4084554651857106,-0.9302372093023271
3507,2013-08-30,NSE:HMT,21.85,22.35,21.4,21.6,40907.0,0.0,1.4084554651857106
3508,2013-09-02,NSE:HMT,22.0,22.1,21.6,21.65,15373.0,0.23148148148146833,0.0
3509,2013-09-03,NSE:HMT,22.0,22.4,21.200001,21.5,40558.0,-0.6928406466512637,0.23148148148146833
3510,2013-09-04,NSE:HMT,21.799999,21.9,21.299999,21.4,24725.0,-0.46511627906977404,-0.6928406466512637
3511,2013-09-05,NSE:HMT,22.25,23.0,21.85,22.299999,117208.0,4.205602803738323,-0.46511627906977404
3512,2013-09-06,NSE:HMT,22.9,25.200001,22.299999,24.25,379338.0,8.744399495264553,4.205602803738323
3513,2013-09-10,NSE:HMT,24.5,24.799999,23.4,23.65,156391.0,-2.474226804123717,8.744399495264553
3514,2013-09-11,NSE:HMT,23.5,23.9,22.950001,23.25,86698.0,-1.6913319238900577,-2.474226804123717
3515,2013-09-12,NSE:HMT,23.6,25.6,23.6,24.15,371995.0,3.8709677419354778,-1.6913319238900577
3516,2013-09-13,NSE:HMT,24.450001,25.049999,23.85,24.0,149888.0,-0.6211180124223544,3.8709677419354778
3517,2013-09-16,NSE:HMT,24.9,26.65,24.200001,26.0,448344.0,8.333333333333332,-0.6211180124223544
3518,2013-09-17,NSE:HMT,26.0,26.25,25.200001,25.4,43460.0,-2.307692307692313,8.333333333333332
3519,2013-09-18,NSE:HMT,25.1,25.9,25.0,25.0,40050.0,-1.5748031496062938,-2.307692307692313
3520,2013-09-19,NSE:HMT,25.75,27.9,25.200001,27.35,292631.0,9.400000000000006,-1.5748031496062938
3521,2013-09-20,NSE:HMT,28.5,29.4,27.0,27.450001,569774.0,0.36563436928701604,9.400000000000006
3522,2013-09-23,NSE:HMT,28.299999,28.299999,26.700001,26.85,82230.0,-2.185795913085755,0.36563436928701604
3523,2013-09-24,NSE:HMT,27.4,27.4,25.75,26.0,36719.0,-3.1657355679702097,-2.185795913085755
3524,2013-09-25,NSE:HMT,26.700001,26.700001,25.25,25.299999,39469.0,-2.6923115384615395,-3.1657355679702097
3525,2013-09-26,NSE:HMT,25.799999,26.75,25.049999,25.5,100392.0,0.7905178178070297,-2.6923115384615395
3526,2013-09-27,NSE:HMT,26.4,26.6,25.25,25.25,57687.0,-0.9803921568627451,0.7905178178070297
3527,2013-09-30,NSE:HMT,25.1,25.75,24.65,24.65,29284.0,-2.376237623762382,-0.9803921568627451
3528,2013-10-01,NSE:HMT,25.0,25.35,24.549999,24.799999,35202.0,0.6085152129817489,-2.376237623762382
3529,2013-10-03,NSE:HMT,24.200001,25.75,24.200001,25.25,98201.0,1.8145202344564622,0.6085152129817489
3530,2013-10-04,NSE:HMT,24.799999,25.799999,24.799999,25.1,42922.0,-0.5940594059405885,1.8145202344564622
3531,2013-10-07,NSE:HMT,25.25,26.35,25.15,25.450001,167023.0,1.3944262948207127,-0.5940594059405885
3532,2013-10-08,NSE:HMT,25.25,26.1,25.15,25.35,72961.0,-0.3929312222816765,1.3944262948207127
3533,2013-10-09,NSE:HMT,25.4,25.9,25.0,25.700001,43248.0,1.3806745562130134,-0.3929312222816765
3534,2013-10-10,NSE:HMT,25.4,27.950001,25.200001,27.700001,300914.0,7.782100864509695,1.3806745562130134
3535,2013-10-11,NSE:HMT,28.799999,29.9,28.25,28.549999,894525.0,3.0685847267658923,7.782100864509695
3536,2013-10-14,NSE:HMT,28.799999,29.450001,27.25,27.6,100828.0,-3.3274922356389514,3.0685847267658923
3537,2013-10-15,NSE:HMT,28.200001,28.200001,26.5,27.0,60627.0,-2.173913043478266,-3.3274922356389514
3538,2013-10-17,NSE:HMT,27.799999,29.049999,26.25,27.9,356483.0,3.3333333333333277,-2.173913043478266
3539,2013-10-18,NSE:HMT,28.4,28.4,27.200001,27.299999,89454.0,-2.150541218637989,3.3333333333333277
3540,2013-10-21,NSE:HMT,27.700001,27.85,27.450001,27.549999,34908.0,0.9157509492949066,-2.150541218637989
3541,2013-10-22,NSE:HMT,27.799999,28.0,27.25,27.299999,35828.0,-0.9074410492719074,0.9157509492949066
3542,2013-10-23,NSE:HMT,27.549999,29.75,27.549999,29.0,436461.0,6.227110118209163,-0.9074410492719074
3543,2013-10-24,NSE:HMT,29.200001,29.25,27.799999,27.9,184072.0,-3.793103448275867,6.227110118209163
3544,2013-10-25,NSE:HMT,28.0,28.5,27.5,27.799999,64334.0,-0.3584265232974871,-3.793103448275867
3545,2013-10-28,NSE:HMT,27.799999,29.299999,27.35,28.5,278385.0,2.5179892992082493,-0.3584265232974871
3546,2013-10-29,NSE:HMT,28.4,28.5,27.799999,28.049999,51370.0,-1.5789508771929837,2.5179892992082493
3547,2013-10-30,NSE:HMT,28.0,30.549999,28.0,30.549999,595426.0,8.912656289221259,-1.5789508771929837
3548,2013-10-31,NSE:HMT,31.299999,31.75,29.4,29.549999,866614.0,-3.273322529404993,8.912656289221259
3549,2013-11-01,NSE:HMT,29.85,30.75,29.5,29.799999,205604.0,0.8460237172935268,-3.273322529404993
3550,2013-11-05,NSE:HMT,29.1,30.25,29.1,29.700001,143501.0,-0.3355637696497888,0.8460237172935268
3551,2013-11-06,NSE:HMT,30.0,31.299999,29.700001,30.0,304023.0,1.0100976090876215,-0.3355637696497888
3552,2013-11-07,NSE:HMT,30.450001,30.450001,29.0,29.1,139592.0,-2.9999999999999956,1.0100976090876215
3553,2013-11-08,NSE:HMT,29.299999,29.299999,28.25,28.299999,66753.0,-2.749144329896913,-2.9999999999999956
3554,2013-11-11,NSE:HMT,28.299999,28.65,27.1,27.549999,58748.0,-2.650176772091052,-2.749144329896913
3555,2013-11-12,NSE:HMT,27.200001,27.799999,27.200001,27.200001,50610.0,-1.2704102094522738,-2.650176772091052
3556,2013-11-13,NSE:HMT,27.1,27.549999,26.75,27.0,40619.0,-0.7352977670846421,-1.2704102094522738
3557,2013-11-14,NSE:HMT,26.9,30.0,26.700001,29.700001,307713.0,10.000003703703705,-0.7352977670846421
3558,2013-11-18,NSE:HMT,30.85,31.200001,29.200001,29.700001,586336.0,0.0,10.000003703703705
3559,2013-11-19,NSE:HMT,29.15,30.799999,28.9,29.700001,202715.0,0.0,0.0
3560,2013-11-20,NSE:HMT,29.65,30.15,29.15,29.299999,82363.0,-1.346808035461011,0.0
3561,2013-11-21,NSE:HMT,29.049999,29.5,28.4,28.4,66923.0,-3.0716690468146473,-1.346808035461011
3562,2013-11-22,NSE:HMT,28.85,29.35,28.200001,28.200001,92022.0,-0.7042218309859094,-3.0716690468146473
3563,2013-11-25,NSE:HMT,28.15,29.299999,28.15,28.65,98833.0,1.5957410781652037,-0.7042218309859094
3564,2013-11-26,NSE:HMT,28.6,28.9,28.15,28.450001,44249.0,-0.6980767888307096,1.5957410781652037
3565,2013-11-27,NSE:HMT,28.5,29.299999,28.299999,28.4,77620.0,-0.17575043318979758,-0.6980767888307096
3566,2013-11-28,NSE:HMT,28.799999,28.85,28.4,28.4,46261.0,0.0,-0.17575043318979758
3567,2013-11-29,NSE:HMT,28.85,28.950001,28.25,28.35,70051.0,-0.176056338028159,0.0
3568,2013-12-02,NSE:HMT,28.700001,29.200001,28.5,28.799999,80621.0,1.5872980599647206,-0.176056338028159
3569,2013-12-03,NSE:HMT,29.0,29.0,28.4,28.4,51247.0,-1.3888854648918603,1.5872980599647206
3570,2013-12-04,NSE:HMT,28.75,29.700001,28.5,28.700001,166199.0,1.0563415492957808,-1.3888854648918603
3571,2013-12-05,NSE:HMT,29.4,29.4,28.799999,29.299999,88543.0,2.090585293010963,1.0563415492957808
3572,2013-12-06,NSE:HMT,29.35,30.0,29.049999,29.700001,97829.0,1.3651945858428207,2.090585293010963
3573,2013-12-09,NSE:HMT,30.0,30.25,28.75,29.25,64633.0,-1.515154831139569,1.3651945858428207
3574,2013-12-10,NSE:HMT,29.4,29.5,28.6,28.700001,57790.0,-1.8803384615384604,-1.515154831139569
3575,2013-12-11,NSE:HMT,29.049999,29.049999,28.200001,28.299999,61646.0,-1.3937351430754328,-1.8803384615384604
3576,2013-12-12,NSE:HMT,28.200001,28.65,28.200001,28.25,40825.0,-0.17667491790370624,-1.3937351430754328
3577,2013-12-13,NSE:HMT,28.0,28.35,27.4,27.6,55961.0,-2.3008849557522075,-0.17667491790370624
3578,2013-12-16,NSE:HMT,27.35,28.4,27.35,27.549999,29013.0,-0.18116304347826714,-2.3008849557522075
3579,2013-12-17,NSE:HMT,27.950001,28.15,27.549999,27.85,28160.0,1.0889328888904923,-0.18116304347826714
3580,2013-12-18,NSE:HMT,27.799999,28.200001,27.4,27.549999,63292.0,-1.0772028725314247,1.0889328888904923
3581,2013-12-19,NSE:HMT,27.9,27.9,27.299999,27.35,30241.0,-0.7259492096533225,-1.0772028725314247
3582,2013-12-20,NSE:HMT,27.4,28.0,27.35,27.65,51234.0,1.0968921389396604,-0.7259492096533225
3583,2013-12-23,NSE:HMT,28.0,28.75,27.799999,28.1,85237.0,1.6274864376130305,1.0968921389396604
3584,2013-12-24,NSE:HMT,28.549999,29.049999,28.15,28.35,126445.0,0.889679715302491,1.6274864376130305
3585,2013-12-26,NSE:HMT,28.65,31.4,28.549999,29.299999,893143.0,3.3509664902998173,0.889679715302491
3586,2013-12-27,NSE:HMT,29.700001,29.950001,28.65,28.75,170955.0,-1.8771297568986254,3.3509664902998173
3587,2013-12-30,NSE:HMT,29.299999,31.299999,28.700001,29.75,705706.0,3.4782608695652173,-1.8771297568986254
3588,2013-12-31,NSE:HMT,29.950001,30.200001,29.1,29.25,139796.0,-1.680672268907563,3.4782608695652173
3589,2014-01-01,NSE:HMT,29.35,29.799999,29.15,29.299999,91640.0,0.17093675213675105,-1.680672268907563
3590,2014-01-02,NSE:HMT,29.700001,30.299999,28.6,28.85,148383.0,-1.5358328169226159,0.17093675213675105
3591,2014-01-03,NSE:HMT,28.75,29.1,28.5,28.9,63396.0,0.17331022530328305,-1.5358328169226159
3592,2014-01-06,NSE:HMT,28.9,29.4,28.6,29.0,88006.0,0.3460207612456797,0.17331022530328305
3593,2014-01-07,NSE:HMT,29.15,30.4,28.9,29.5,242375.0,1.7241379310344827,0.3460207612456797
3594,2014-01-08,NSE:HMT,30.0,30.5,29.75,29.9,185314.0,1.3559322033898256,1.7241379310344827
3595,2014-01-09,NSE:HMT,30.15,30.5,29.200001,29.200001,122560.0,-2.3411337792642084,1.3559322033898256
3596,2014-01-10,NSE:HMT,29.700001,30.0,28.700001,29.0,64546.0,-0.6849349080501754,-2.3411337792642084
3597,2014-01-13,NSE:HMT,28.6,29.35,28.5,28.5,44659.0,-1.7241379310344827,-0.6849349080501754
3598,2014-01-14,NSE:HMT,28.4,29.4,28.4,28.9,67583.0,1.4035087719298196,-1.7241379310344827
3599,2014-01-15,NSE:HMT,28.799999,30.5,28.700001,29.35,293845.0,1.5570934256055464,1.4035087719298196
3600,2014-01-16,NSE:HMT,29.700001,29.85,28.799999,28.85,142226.0,-1.7035775127768313,1.5570934256055464
3601,2014-01-17,NSE:HMT,28.9,29.1,28.299999,28.450001,68153.0,-1.386478336221841,-1.7035775127768313
3602,2014-01-20,NSE:HMT,28.35,28.700001,28.35,28.5,36278.0,0.1757434033130603,-1.386478336221841
3603,2014-01-21,NSE:HMT,28.450001,29.0,28.450001,28.5,44604.0,0.0,0.1757434033130603
3604,2014-01-22,NSE:HMT,28.299999,28.75,28.299999,28.549999,33073.0,0.17543508771929714,0.0
3605,2014-01-23,NSE:HMT,28.5,28.799999,28.35,28.35,100337.0,-0.7005219159552274,0.17543508771929714
3606,2014-01-24,NSE:HMT,28.35,28.549999,26.9,27.200001,93484.0,-4.056433862433866,-0.7005219159552274
3607,2014-01-27,NSE:HMT,27.5,27.5,25.85,26.15,51910.0,-3.8602976521949453,-4.056433862433866
3608,2014-01-28,NSE:HMT,26.200001,26.5,26.0,26.35,46462.0,0.7648183556405462,-3.8602976521949453
3609,2014-01-29,NSE:HMT,26.5,27.049999,26.15,26.75,60624.0,1.5180265654648901,0.7648183556405462
3610,2014-01-30,NSE:HMT,25.9,26.4,25.5,25.75,28265.0,-3.7383177570093453,1.5180265654648901
3611,2014-01-31,NSE:HMT,25.85,26.450001,25.799999,26.25,34437.0,1.9417475728155338,-3.7383177570093453
3612,2014-02-03,NSE:HMT,26.1,26.450001,25.35,25.700001,37578.0,-2.0952342857142847,1.9417475728155338
3613,2014-02-04,NSE:HMT,25.299999,25.5,24.549999,25.25,56816.0,-1.7509765855651147,-2.0952342857142847
3614,2014-02-05,NSE:HMT,25.200001,25.9,25.200001,25.75,29576.0,1.9801980198019802,-1.7509765855651147
3615,2014-02-06,NSE:HMT,26.15,26.5,25.799999,26.0,51063.0,0.9708737864077669,1.9801980198019802
3616,2014-02-07,NSE:HMT,26.200001,26.450001,26.0,26.299999,37413.0,1.1538423076923063,0.9708737864077669
3617,2014-02-10,NSE:HMT,26.299999,26.700001,25.85,25.85,132823.0,-1.7110228787461106,1.1538423076923063
3618,2014-02-11,NSE:HMT,26.049999,26.9,25.950001,26.200001,263942.0,1.353969052224367,-1.7110228787461106
3619,2014-02-12,NSE:HMT,26.25,26.6,26.049999,26.1,227923.0,-0.38168319153880526,1.353969052224367
3620,2014-02-13,NSE:HMT,26.549999,27.799999,26.1,26.450001,178176.0,1.3409999999999958,-0.38168319153880526
3621,2014-02-14,NSE:HMT,26.299999,26.5,25.6,25.75,270151.0,-2.646506516200133,1.3409999999999958
3622,2014-02-17,NSE:HMT,26.200001,26.200001,25.200001,25.299999,237903.0,-1.7475766990291273,-2.646506516200133
3623,2014-02-18,NSE:HMT,26.299999,30.299999,25.299999,27.4,1493513.0,8.300399537565195,-1.7475766990291273
3624,2014-02-19,NSE:HMT,28.35,30.15,28.200001,29.700001,1502510.0,8.39416423357665,8.300399537565195
3625,2014-02-20,NSE:HMT,30.0,32.349998,29.6,31.15,2901316.0,4.882151350769308,8.39416423357665
3626,2014-02-21,NSE:HMT,30.799999,31.0,29.200001,29.35,493049.0,-5.7784911717495895,4.882151350769308
3627,2014-02-24,NSE:HMT,29.6,29.799999,28.4,28.65,110921.0,-2.3850085178875733,-5.7784911717495895
3628,2014-02-25,NSE:HMT,29.4,29.4,27.9,27.950001,92134.0,-2.443277486910989,-2.3850085178875733
3629,2014-02-26,NSE:HMT,29.0,29.0,27.799999,28.1,184738.0,0.5366690326773194,-2.443277486910989
3630,2014-02-28,NSE:HMT,28.450001,29.0,27.4,28.15,535514.0,0.1779359430604881,0.5366690326773194
3631,2014-03-03,NSE:HMT,28.75,28.75,27.4,27.5,69122.0,-2.3090586145648264,0.1779359430604881
3632,2014-03-04,NSE:HMT,27.200001,32.700001,27.200001,31.75,1372296.0,15.454545454545453,-2.3090586145648264
3633,2014-03-05,NSE:HMT,31.6,33.549999,29.700001,30.299999,1487639.0,-4.566932283464568,15.454545454545453
3634,2014-03-06,NSE:HMT,30.0,30.75,29.6,29.799999,174877.0,-1.6501650709625435,-4.566932283464568
3635,2014-03-07,NSE:HMT,30.299999,30.799999,29.450001,29.799999,211427.0,0.0,-1.6501650709625435
3636,2014-03-10,NSE:HMT,29.299999,30.5,29.049999,29.65,119184.0,-0.5033523658843113,0.0
3637,2014-03-11,NSE:HMT,29.549999,32.950001,29.549999,30.200001,446670.0,1.8549780775716753,-0.5033523658843113
3638,2014-03-12,NSE:HMT,30.200001,30.75,29.200001,29.549999,200824.0,-2.1523244320422394,1.8549780775716753
3639,2014-03-13,NSE:HMT,29.6,31.549999,29.35,29.9,497903.0,1.184436588305803,-2.1523244320422394
3640,2014-03-14,NSE:HMT,29.700001,30.65,29.450001,29.75,157369.0,-0.5016722408026708,1.184436588305803
3641,2014-03-18,NSE:HMT,29.75,30.35,29.450001,29.65,110607.0,-0.3361344537815174,-0.5016722408026708
3642,2014-03-19,NSE:HMT,29.700001,30.200001,29.299999,29.5,221737.0,-0.5059021922428283,-0.3361344537815174
3643,2014-03-20,NSE:HMT,29.299999,29.85,29.0,29.049999,92778.0,-1.5254271186440689,-0.5059021922428283
3644,2014-03-21,NSE:HMT,29.35,30.0,29.15,29.75,131930.0,2.409642079505753,-1.5254271186440689
3645,2014-03-24,NSE:HMT,29.5,29.5,28.65,28.85,102988.0,-3.0252100840336085,2.409642079505753
3646,2014-03-25,NSE:HMT,28.85,29.049999,28.5,28.549999,42525.0,-1.0398648180242693,-3.0252100840336085
3647,2014-03-26,NSE:HMT,28.700001,29.0,28.15,28.35,75758.0,-0.7005219159552274,-1.0398648180242693
3648,2014-03-27,NSE:HMT,28.5,28.700001,27.799999,28.15,117390.0,-0.7054673721340489,-0.7005219159552274
3649,2014-03-28,NSE:HMT,28.15,28.75,28.15,28.549999,72122.0,1.420955595026647,-0.7054673721340489
3650,2014-03-31,NSE:HMT,29.0,29.549999,28.799999,29.0,85733.0,1.5761856944373285,1.420955595026647
3651,2014-04-01,NSE:HMT,29.450001,29.450001,28.85,29.0,57085.0,0.0,1.5761856944373285
3652,2014-04-02,NSE:HMT,29.25,29.6,28.75,29.0,195144.0,0.0,0.0
3653,2014-04-03,NSE:HMT,28.85,29.35,28.700001,28.9,55534.0,-0.34482758620690146,0.0
3654,2014-04-04,NSE:HMT,29.200001,31.4,28.549999,30.5,632976.0,5.536332179930801,-0.34482758620690146
3655,2014-04-07,NSE:HMT,30.6,31.4,29.1,30.049999,326133.0,-1.4754131147540994,5.536332179930801
3656,2014-04-09,NSE:HMT,30.5,31.1,30.0,30.5,147731.0,1.4975075373546614,-1.4754131147540994
3657,2014-04-10,NSE:HMT,30.9,31.6,30.25,30.549999,176741.0,0.16393114754098256,1.4975075373546614
3658,2014-04-11,NSE:HMT,30.299999,32.400002,30.15,31.049999,461464.0,1.6366612647024965,0.16393114754098256
3659,2014-04-15,NSE:HMT,31.200001,31.25,30.299999,30.5,81589.0,-1.7713333903811066,1.6366612647024965
3660,2014-04-16,NSE:HMT,30.799999,31.25,29.200001,29.5,106503.0,-3.278688524590164,-1.7713333903811066
3661,2014-04-17,NSE:HMT,29.950001,30.200001,29.299999,29.9,62963.0,1.3559322033898256,-3.278688524590164
3662,2014-04-21,NSE:HMT,29.9,30.799999,29.9,30.200001,53406.0,1.0033478260869624,1.3559322033898256
3663,2014-04-22,NSE:HMT,30.5,31.299999,29.65,30.25,243869.0,0.1655595971668997,1.0033478260869624
3664,2014-04-23,NSE:HMT,30.299999,31.15,30.299999,30.5,146942.0,0.8264462809917356,0.1655595971668997
3665,2014-04-25,NSE:HMT,30.200001,31.1,30.200001,30.450001,133869.0,-0.16393114754098256,0.8264462809917356
3666,2014-04-28,NSE:HMT,30.700001,31.75,30.35,31.049999,154937.0,1.970436716898628,-0.16393114754098256
3667,2014-04-29,NSE:HMT,31.299999,31.35,30.299999,30.5,89467.0,-1.7713333903811066,1.970436716898628
3668,2014-04-30,NSE:HMT,31.15,31.15,28.9,29.35,87779.0,-3.770491803278684,-1.7713333903811066
3669,2014-05-02,NSE:HMT,30.15,30.15,29.25,29.299999,38584.0,-0.1703611584327146,-3.770491803278684
3670,2014-05-05,NSE:HMT,29.35,29.6,28.6,28.799999,51865.0,-1.7064846998800238,-0.1703611584327146
3671,2014-05-06,NSE:HMT,29.1,29.4,28.799999,28.9,34355.0,0.34722570650088874,-1.7064846998800238
3672,2014-05-07,NSE:HMT,29.200001,29.35,28.700001,28.9,30614.0,0.0,0.34722570650088874
3673,2014-05-08,NSE:HMT,29.200001,29.35,28.549999,28.6,47022.0,-1.0380622837370144,0.0
3674,2014-05-09,NSE:HMT,28.700001,29.799999,28.5,29.6,131764.0,3.4965034965034962,-1.0380622837370144
3675,2014-05-12,NSE:HMT,30.049999,30.75,29.700001,29.85,138465.0,0.8445945945945945,3.4965034965034962
3676,2014-05-13,NSE:HMT,30.299999,32.75,30.15,31.700001,597707.0,6.197658291457282,0.8445945945945945
3677,2014-05-14,NSE:HMT,32.0,34.150002,31.049999,33.25,746851.0,4.889586596543008,6.197658291457282
3678,2014-05-15,NSE:HMT,32.75,32.900002,31.35,31.65,144356.0,-4.812030075187974,4.889586596543008
3679,2014-05-16,NSE:HMT,32.450001,33.0,30.85,31.4,282155.0,-0.7898894154818327,-4.812030075187974
3680,2014-05-19,NSE:HMT,32.099998,35.700001,31.85,35.099998,735604.0,11.783433121019112,-0.7898894154818327
3681,2014-05-20,NSE:HMT,35.150002,36.75,35.0,35.5,718127.0,1.1396069025417057,11.783433121019112
3682,2014-05-21,NSE:HMT,35.900002,42.599998,34.650002,42.599998,1674123.0,19.999994366197182,1.1396069025417057
3683,2014-05-22,NSE:HMT,44.0,47.799999,42.900002,44.25,1901995.0,3.8732443132978562,19.999994366197182
3684,2014-05-23,NSE:HMT,44.0,48.5,44.0,47.799999,1381684.0,8.022596610169492,3.8732443132978562
3685,2014-05-26,NSE:HMT,51.0,52.549999,43.549999,46.950001,2242174.0,-1.7782385309254911,8.022596610169492
3686,2014-05-27,NSE:HMT,47.0,47.0,42.299999,44.849998,493125.0,-4.4728497449872275,-1.7782385309254911
3687,2014-05-28,NSE:HMT,45.650002,46.599998,44.150002,44.950001,356244.0,0.22297213926297377,-4.4728497449872275
3688,2014-05-29,NSE:HMT,45.0,45.0,43.599998,43.950001,127534.0,-2.2246940550679857,0.22297213926297377
3689,2014-05-30,NSE:HMT,44.650002,45.650002,43.0,44.049999,264187.0,0.22752672974910595,-2.2246940550679857
3690,2014-06-02,NSE:HMT,44.200001,44.650002,43.25,43.75,145636.0,-0.6810420131905104,0.22752672974910595
3691,2014-06-03,NSE:HMT,44.099998,46.799999,42.299999,44.75,401310.0,2.2857142857142856,-0.6810420131905104
3692,2014-06-04,NSE:HMT,44.400002,49.200001,44.400002,48.150002,680480.0,7.5977698324022365,2.2857142857142856
3693,2014-06-05,NSE:HMT,48.849998,48.849998,45.5,47.0,719178.0,-2.3883737325701473,7.5977698324022365
3694,2014-06-06,NSE:HMT,47.5,49.25,46.099998,47.400002,298945.0,0.8510680851063844,-2.3883737325701473
3695,2014-06-09,NSE:HMT,47.349998,49.349998,47.349998,48.75,355769.0,2.8480969262406344,0.8510680851063844
3696,2014-06-10,NSE:HMT,48.75,49.0,47.0,47.549999,147972.0,-2.4615405128205134,2.8480969262406344
3697,2014-06-11,NSE:HMT,49.0,52.299999,48.799999,50.299999,1057093.0,5.783386031196342,-2.4615405128205134
3698,2014-06-12,NSE:HMT,51.25,51.25,48.400002,48.650002,247078.0,-3.280312192451533,5.783386031196342
3699,2014-06-13,NSE:HMT,49.150002,49.150002,44.049999,44.549999,267334.0,-8.427549499381318,-3.280312192451533
3700,2014-06-16,NSE:HMT,44.950001,44.950001,42.099998,43.549999,177351.0,-2.2446689617209645,-8.427549499381318
3701,2014-06-17,NSE:HMT,43.700001,47.900002,43.549999,47.900002,356714.0,9.988526061734241,-2.2446689617209645
3702,2014-06-18,NSE:HMT,48.799999,49.099998,45.599998,47.0,405089.0,-1.8789185019240724,9.988526061734241
3703,2014-06-19,NSE:HMT,47.5,51.0,45.5,48.599998,784853.0,3.404251063829786,-1.8789185019240724
3704,2014-06-20,NSE:HMT,48.599998,48.900002,47.200001,47.700001,245080.0,-1.851845755219988,3.404251063829786
3705,2014-06-23,NSE:HMT,48.150002,49.200001,47.400002,47.900002,204802.0,0.41928929938596926,-1.851845755219988
3706,2014-06-24,NSE:HMT,48.0,49.799999,47.599998,48.049999,221828.0,0.3131461247120596,0.41928929938596926
3707,2014-06-25,NSE:HMT,48.700001,50.400002,48.150002,48.849998,287382.0,1.6649303156072899,0.3131461247120596
3708,2014-06-26,NSE:HMT,48.900002,50.5,47.349998,47.75,683071.0,-2.251787195569587,1.6649303156072899
3709,2014-06-27,NSE:HMT,47.5,48.700001,47.099998,47.549999,127506.0,-0.41885026178010537,-2.251787195569587
3710,2014-06-30,NSE:HMT,47.5,48.75,47.5,48.049999,113751.0,1.0515247329447892,-0.41885026178010537
3711,2014-07-01,NSE:HMT,48.349998,52.0,48.200001,50.900002,896174.0,5.931327906999543,1.0515247329447892
3712,2014-07-02,NSE:HMT,51.099998,52.299999,49.349998,51.799999,816848.0,1.7681669246299814,5.931327906999543
3713,2014-07-03,NSE:HMT,52.599998,52.700001,49.700001,50.049999,823702.0,-3.3783784435980393,1.7681669246299814
3714,2014-07-04,NSE:HMT,50.0,52.349998,49.349998,50.900002,528655.0,1.6983077262399164,-3.3783784435980393
3715,2014-07-07,NSE:HMT,51.299999,58.400002,51.150002,57.450001,4020389.0,12.868366881400123,1.6983077262399164
3716,2014-07-08,NSE:HMT,57.799999,59.150002,49.700001,50.650002,1990804.0,-11.83637751372711,12.868366881400123
3717,2014-07-09,NSE:HMT,51.0,53.5,50.0,51.0,764827.0,0.6910128058830074,-11.83637751372711
3718,2014-07-10,NSE:HMT,51.299999,51.75,45.25,47.450001,1072116.0,-6.960782352941177,0.6910128058830074
3719,2014-07-11,NSE:HMT,47.5,48.799999,44.299999,44.549999,410950.0,-6.111700608815584,-6.960782352941177
3720,2014-07-14,NSE:HMT,45.0,45.700001,42.5,43.5,350478.0,-2.35690016513805,-6.111700608815584
3721,2014-07-15,NSE:HMT,44.25,45.349998,43.5,44.799999,289296.0,2.988503448275861,-2.35690016513805
3722,2014-07-16,NSE:HMT,44.799999,46.900002,44.799999,45.849998,374277.0,2.3437478201729416,2.988503448275861
3723,2014-07-17,NSE:HMT,46.099998,47.349998,45.900002,46.599998,202014.0,1.6357688826943897,2.3437478201729416
3724,2014-07-18,NSE:HMT,46.400002,47.349998,45.700001,46.150002,171674.0,-0.9656566938050056,1.6357688826943897
3725,2014-07-21,NSE:HMT,46.650002,47.25,46.25,46.5,134089.0,0.758392166483545,-0.9656566938050056
3726,2014-07-22,NSE:HMT,46.75,51.450001,46.25,49.5,1036815.0,6.451612903225806,0.758392166483545
3727,2014-07-23,NSE:HMT,49.75,49.900002,47.299999,47.950001,203945.0,-3.1313111111111103,6.451612903225806
3728,2014-07-24,NSE:HMT,47.799999,48.400002,47.0,47.200001,142610.0,-1.5641292687355732,-3.1313111111111103
3729,2014-07-25,NSE:HMT,47.5,47.700001,44.799999,45.900002,200544.0,-2.754235111139086,-1.5641292687355732
3730,2014-07-28,NSE:HMT,46.200001,46.700001,44.75,44.900002,74070.0,-2.178649142542521,-2.754235111139086
3731,2014-07-30,NSE:HMT,45.0,45.0,43.799999,44.299999,80967.0,-1.3363095173136095,-2.178649142542521
3732,2014-07-31,NSE:HMT,44.400002,45.200001,43.900002,44.099998,95478.0,-0.4514695361505546,-1.3363095173136095
3733,2014-08-01,NSE:HMT,43.900002,44.900002,43.049999,43.799999,98790.0,-0.6802698721210819,-0.4514695361505546
3734,2014-08-04,NSE:HMT,43.799999,45.5,43.799999,44.400002,104599.0,1.369869894289269,-0.6802698721210819
3735,2014-08-05,NSE:HMT,44.400002,46.400002,43.099998,45.299999,229397.0,2.027020178963053,1.369869894289269
3736,2014-08-06,NSE:HMT,45.049999,46.25,44.549999,44.75,169282.0,-1.2141258546164642,2.027020178963053
3737,2014-08-07,NSE:HMT,44.599998,45.5,44.0,44.349998,58222.0,-0.8938592178770963,-1.2141258546164642
3738,2014-08-08,NSE:HMT,44.299999,46.0,42.900002,43.349998,203490.0,-2.254791533474252,-0.8938592178770963
3739,2014-08-11,NSE:HMT,43.950001,44.150002,43.299999,43.549999,52304.0,0.4613633430848147,-2.254791533474252
3740,2014-08-12,NSE:HMT,43.799999,46.0,43.700001,45.400002,262458.0,4.2479978013317545,0.4613633430848147
3741,2014-08-13,NSE:HMT,46.150002,46.150002,43.200001,43.349998,325790.0,-4.5154271138578395,4.2479978013317545
3742,2014-08-14,NSE:HMT,43.900002,44.0,43.0,43.299999,94000.0,-0.11533795226472603,-4.5154271138578395
3743,2014-08-18,NSE:HMT,43.150002,45.5,43.150002,44.950001,139544.0,3.810628263524904,-0.11533795226472603
3744,2014-08-19,NSE:HMT,45.200001,46.0,44.150002,44.549999,111939.0,-0.8898820714153057,3.810628263524904
3745,2014-08-20,NSE:HMT,44.5,45.25,44.099998,44.349998,95390.0,-0.4489360370131553,-0.8898820714153057
3746,2014-08-21,NSE:HMT,44.400002,45.400002,44.099998,44.299999,105411.0,-0.11273732188217839,-0.4489360370131553
3747,2014-08-22,NSE:HMT,44.599998,44.700001,42.799999,43.049999,259719.0,-2.821670492588499,-0.11273732188217839
3748,2014-08-25,NSE:HMT,43.400002,43.400002,41.900002,42.200001,125437.0,-1.9744437160149513,-2.821670492588499
3749,2014-08-26,NSE:HMT,41.799999,42.200001,40.599998,41.0,69015.0,-2.8436041980188587,-1.9744437160149513
3750,2014-08-27,NSE:HMT,41.75,43.450001,41.0,42.299999,308828.0,3.1707292682926824,-2.8436041980188587
3751,2014-08-28,NSE:HMT,42.700001,43.549999,41.25,42.0,259513.0,-0.7092175108562052,3.1707292682926824
3752,2014-09-01,NSE:HMT,41.599998,42.950001,41.599998,41.900002,164628.0,-0.2380904761904747,-0.7092175108562052
3753,2014-09-02,NSE:HMT,42.700001,43.200001,42.200001,42.400002,169773.0,1.1933173654741114,-0.2380904761904747
3754,2014-09-03,NSE:HMT,42.849998,43.700001,42.049999,42.25,169264.0,-0.353778285199139,1.1933173654741114
3755,2014-09-04,NSE:HMT,42.349998,43.299999,40.799999,42.400002,372241.0,0.3550343195266287,-0.353778285199139
3756,2014-09-05,NSE:HMT,42.299999,42.900002,41.599998,41.75,171431.0,-1.5330235125932319,0.3550343195266287
3757,2014-09-08,NSE:HMT,42.200001,43.25,42.150002,42.299999,169462.0,1.3173628742514962,-1.5330235125932319
3758,2014-09-09,NSE:HMT,42.849998,42.849998,41.75,41.849998,95587.0,-1.0638321764499339,1.3173628742514962
3759,2014-09-10,NSE:HMT,42.0,42.900002,41.5,41.849998,159063.0,0.0,-1.0638321764499339
3760,2014-09-11,NSE:HMT,42.200001,43.0,41.599998,41.950001,266290.0,0.23895580592381616,0.0
3761,2014-09-12,NSE:HMT,41.349998,41.349998,38.650002,39.0,712271.0,-7.032183384214938,0.23895580592381616
3762,2014-09-15,NSE:HMT,38.0,38.0,35.549999,36.0,481286.0,-7.6923076923076925,-7.032183384214938
3763,2014-09-16,NSE:HMT,35.450001,36.599998,34.599998,35.049999,218425.0,-2.6388916666666673,-7.6923076923076925
3764,2014-09-17,NSE:HMT,35.150002,35.75,34.5,34.599998,72152.0,-1.2838830608811154,-2.6388916666666673
3765,2014-09-18,NSE:HMT,35.0,35.799999,34.299999,35.099998,147336.0,1.4450867887333403,-1.2838830608811154
3766,2014-09-19,NSE:HMT,35.200001,35.599998,34.299999,34.700001,71642.0,-1.1395926575266444,1.4450867887333403
3767,2014-09-22,NSE:HMT,34.5,36.900002,33.900002,36.0,305731.0,3.746394704714849,-1.1395926575266444
3768,2014-09-23,NSE:HMT,36.150002,36.599998,34.5,34.650002,62961.0,-3.7499944444444426,3.746394704714849
3769,2014-09-24,NSE:HMT,34.75,35.25,34.099998,34.25,54538.0,-1.1544068597744976,-3.7499944444444426
3770,2014-09-25,NSE:HMT,34.0,34.349998,32.0,32.150002,75457.0,-6.131381021897808,-1.1544068597744976
3771,2014-09-26,NSE:HMT,32.0,32.049999,30.299999,31.1,161554.0,-3.265946919692257,-6.131381021897808
3772,2014-09-29,NSE:HMT,31.1,31.950001,30.549999,31.450001,77659.0,1.1254051446945301,-3.265946919692257
3773,2014-09-30,NSE:HMT,31.549999,32.400002,31.4,31.549999,70054.0,0.3179586544369247,1.1254051446945301
3774,2014-10-01,NSE:HMT,30.799999,31.5,30.549999,30.700001,27912.0,-2.6941300378488107,0.3179586544369247
3775,2014-10-07,NSE:HMT,32.599998,32.599998,28.25,28.65,74681.0,-6.677527469787384,-2.6941300378488107
3776,2014-10-08,NSE:HMT,28.75,29.4,28.75,28.950001,60684.0,1.0471239092495699,-6.677527469787384
3777,2014-10-09,NSE:HMT,28.700001,29.75,28.700001,29.5,93119.0,1.8998237685725803,1.0471239092495699
3778,2014-10-10,NSE:HMT,29.5,29.5,28.549999,28.9,40565.0,-2.0338983050847506,1.8998237685725803
3779,2014-10-13,NSE:HMT,28.700001,31.299999,27.1,30.15,117085.0,4.325259515570934,-2.0338983050847506
3780,2014-10-14,NSE:HMT,30.15,31.75,30.15,30.450001,117319.0,0.9950281923714819,4.325259515570934
3781,2014-10-16,NSE:HMT,29.5,30.85,29.15,29.35,44311.0,-3.6124826399841465,0.9950281923714819
3782,2014-10-17,NSE:HMT,29.799999,31.549999,29.0,30.450001,81382.0,3.7478739352640504,-3.6124826399841465
3783,2014-10-20,NSE:HMT,31.0,31.0,29.0,29.4,55125.0,-3.448279032897246,3.7478739352640504
3784,2014-10-21,NSE:HMT,29.5,30.15,29.0,29.299999,76178.0,-0.3401394557823092,-3.448279032897246
3785,2014-10-22,NSE:HMT,29.15,30.25,29.15,29.65,152604.0,1.1945427028854128,-0.3401394557823092
3786,2014-10-23,NSE:HMT,30.5,31.4,29.799999,30.65,68056.0,3.372681281618887,1.1945427028854128
3787,2014-10-27,NSE:HMT,31.0,36.75,31.0,36.75,1425901.0,19.902120717781408,3.372681281618887
3788,2014-10-28,NSE:HMT,38.0,41.299999,36.900002,39.400002,3430334.0,7.210889795918369,19.902120717781408
3789,2014-10-29,NSE:HMT,39.5,40.450001,38.299999,39.549999,927556.0,0.38070302636025005,7.210889795918369
3790,2014-10-30,NSE:HMT,39.849998,39.849998,37.650002,38.200001,325120.0,-3.4133957879493226,0.38070302636025005
3791,2014-10-31,NSE:HMT,39.650002,39.650002,37.200001,38.099998,276643.0,-0.261787951262098,-3.4133957879493226
3792,2014-11-03,NSE:HMT,38.849998,38.849998,37.200001,37.549999,245055.0,-1.443567004911653,-0.261787951262098
3793,2014-11-05,NSE:HMT,37.900002,39.650002,37.400002,37.5,339330.0,-0.13315313270713983,-1.443567004911653
3794,2014-11-07,NSE:HMT,37.099998,38.5,36.650002,36.950001,138637.0,-1.466663999999999,-0.13315313270713983
3795,2014-11-10,NSE:HMT,37.0,39.650002,37.0,37.950001,251740.0,2.7063598726289615,-1.466663999999999
3796,2014-11-11,NSE:HMT,38.0,38.700001,37.25,37.450001,193511.0,-1.3175230219361522,2.7063598726289615
3797,2014-11-12,NSE:HMT,37.849998,41.650002,37.599998,39.700001,1391577.0,6.00801052048036,-1.3175230219361522
3798,2014-11-13,NSE:HMT,38.799999,40.0,37.700001,38.049999,146000.0,-4.156176217728561,6.00801052048036
3799,2014-11-14,NSE:HMT,38.75,39.900002,38.150002,38.950001,147780.0,2.365314122610097,-4.156176217728561
3800,2014-11-17,NSE:HMT,38.150002,38.799999,37.299999,37.700001,156873.0,-3.209242536348073,2.365314122610097
3801,2014-11-18,NSE:HMT,38.150002,38.650002,37.5,37.75,120559.0,0.13262333865720502,-3.209242536348073
3802,2014-11-19,NSE:HMT,38.25,38.349998,36.849998,37.25,80034.0,-1.3245033112582782,0.13262333865720502
3803,2014-11-20,NSE:HMT,37.049999,37.75,33.900002,35.400002,170331.0,-4.966437583892615,-1.3245033112582782
3804,2014-11-21,NSE:HMT,35.049999,36.599998,34.75,35.049999,153316.0,-0.9887089836887606,-4.966437583892615
3805,2014-11-24,NSE:HMT,35.799999,37.700001,34.900002,35.849998,240704.0,2.2824508497132903,-0.9887089836887606
3806,2014-11-25,NSE:HMT,36.200001,37.400002,36.049999,36.849998,207350.0,2.789400434555115,2.2824508497132903
3807,2014-11-26,NSE:HMT,37.299999,40.75,37.0,39.299999,907607.0,6.648578379841433,2.789400434555115
3808,2014-11-27,NSE:HMT,39.549999,40.450001,38.25,39.049999,244462.0,-0.6361323317082018,6.648578379841433
3809,2014-11-28,NSE:HMT,38.700001,39.700001,37.650002,39.200001,226693.0,0.38412805080993895,-0.6361323317082018
3810,2014-12-01,NSE:HMT,37.799999,38.75,37.099998,37.450001,138770.0,-4.464285600400878,0.38412805080993895
3811,2014-12-02,NSE:HMT,37.5,40.799999,37.150002,40.0,205807.0,6.809075919650843,-4.464285600400878
3812,2014-12-03,NSE:HMT,40.650002,41.900002,40.25,40.799999,340373.0,1.9999974999999992,6.809075919650843
3813,2014-12-04,NSE:HMT,40.900002,47.099998,39.5,44.450001,1143050.0,8.946083552600088,1.9999974999999992
3814,2014-12-05,NSE:HMT,44.0,52.0,43.400002,49.549999,2197484.0,11.473561046714035,8.946083552600088
3815,2014-12-08,NSE:HMT,49.900002,59.450001,49.700001,58.450001,3802122.0,17.961659292869008,11.473561046714035
3816,2014-12-09,NSE:HMT,59.5,62.700001,56.25,57.299999,3431796.0,-1.9674969723268279,17.961659292869008
3817,2014-12-10,NSE:HMT,56.700001,59.400002,53.400002,56.849998,1839754.0,-0.7853420730426197,-1.9674969723268279
3818,2014-12-11,NSE:HMT,57.099998,59.0,55.0,55.650002,1060755.0,-2.1108109801516592,-0.7853420730426197
3819,2014-12-12,NSE:HMT,56.049999,57.200001,50.349998,50.900002,677355.0,-8.535489360809008,-2.1108109801516592
3820,2014-12-15,NSE:HMT,49.5,53.349998,48.299999,52.049999,956052.0,2.2593260408909197,-8.535489360809008
3821,2014-12-16,NSE:HMT,51.5,51.900002,47.150002,48.0,460594.0,-7.780978055350202,2.2593260408909197
3822,2014-12-17,NSE:HMT,48.150002,48.549999,43.200001,45.599998,924359.0,-5.000004166666669,-7.780978055350202
3823,2014-12-18,NSE:HMT,47.5,48.400002,45.650002,46.5,516091.0,1.9736886830565226,-5.000004166666669
3824,2014-12-19,NSE:HMT,47.5,48.0,44.700001,45.25,412798.0,-2.6881720430107525,1.9736886830565226
3825,2014-12-22,NSE:HMT,45.650002,46.799999,45.25,45.700001,213981.0,0.9944773480662991,-2.6881720430107525
3826,2014-12-23,NSE:HMT,46.099998,48.400002,45.200001,46.549999,516422.0,1.8599518192570705,0.9944773480662991
3827,2014-12-24,NSE:HMT,47.25,48.799999,46.049999,47.650002,697883.0,2.3630569787982187,1.8599518192570705
3828,2014-12-26,NSE:HMT,47.200001,47.700001,46.150002,46.5,242114.0,-2.4134353656480445,2.3630569787982187
3829,2014-12-29,NSE:HMT,47.0,48.0,46.549999,46.900002,330736.0,0.8602193548387111,-2.4134353656480445
3830,2014-12-30,NSE:HMT,47.049999,48.400002,46.599998,47.950001,381667.0,2.238803742481716,0.8602193548387111
3831,2014-12-31,NSE:HMT,48.0,48.900002,47.549999,47.799999,235857.0,-0.31283002475849925,2.238803742481716
3832,2015-01-01,NSE:HMT,47.799999,48.400002,46.0,47.549999,274982.0,-0.5230125632429407,-0.31283002475849925
3833,2015-01-02,NSE:HMT,48.400002,52.700001,47.700001,50.450001,1142475.0,6.098847657178711,-0.5230125632429407
3834,2015-01-05,NSE:HMT,50.900002,53.0,50.599998,51.900002,539914.0,2.8741347299477757,6.098847657178711
3835,2015-01-06,NSE:HMT,52.950001,59.900002,52.0,55.599998,4380494.0,7.129086430478362,2.8741347299477757
3836,2015-01-07,NSE:HMT,56.0,58.0,54.650002,55.5,1056717.0,-0.17985252445512565,7.129086430478362
3837,2015-01-08,NSE:HMT,56.599998,66.599998,56.150002,64.75,5901572.0,16.666666666666664,-0.17985252445512565
3838,2015-01-09,NSE:HMT,65.349998,65.650002,60.549999,61.099998,1371445.0,-5.637068725868727,16.666666666666664
3839,2015-01-12,NSE:HMT,61.400002,66.5,60.799999,65.550003,2436616.0,7.28315081123244,-5.637068725868727
3840,2015-01-13,NSE:HMT,66.599998,74.349998,66.0,71.900002,6610693.0,9.68725966343586,7.28315081123244
3841,2015-01-14,NSE:HMT,72.349998,77.75,72.150002,74.650002,4787206.0,3.8247565000067736,9.68725966343586
3842,2015-01-15,NSE:HMT,77.0,77.5,70.650002,71.25,1744578.0,-4.554590634840172,3.8247565000067736
3843,2015-01-16,NSE:HMT,71.5,73.900002,69.349998,71.0,1283158.0,-0.3508771929824561,-4.554590634840172
3844,2015-01-19,NSE:HMT,71.599998,73.75,70.400002,71.699997,970498.0,0.9859112676056285,-0.3508771929824561
3845,2015-01-20,NSE:HMT,72.150002,72.800003,68.300003,68.900002,585329.0,-3.9051535804108832,0.9859112676056285
3846,2015-01-21,NSE:HMT,69.349998,69.5,64.400002,65.449997,835211.0,-5.007264005594665,-3.9051535804108832
3847,2015-01-22,NSE:HMT,65.25,68.800003,65.25,66.599998,1003743.0,1.757068071370581,-5.007264005594665
3848,2015-01-23,NSE:HMT,67.199997,67.949997,65.050003,65.650002,422877.0,-1.426420463255868,1.757068071370581
3849,2015-01-27,NSE:HMT,66.199997,66.25,62.200001,62.799999,390076.0,-4.341207788538988,-1.426420463255868
3850,2015-01-28,NSE:HMT,62.950001,65.800003,62.099998,63.75,761578.0,1.5127404699480973,-4.341207788538988
3851,2015-01-29,NSE:HMT,64.300003,68.699997,63.950001,66.349998,1062919.0,4.078428235294116,1.5127404699480973
3852,2015-01-30,NSE:HMT,67.0,67.25,64.0,64.400002,342303.0,-2.9389541202397607,4.078428235294116
3853,2015-02-02,NSE:HMT,64.199997,66.5,63.400002,65.650002,535669.0,1.9409937285405674,-2.9389541202397607
3854,2015-02-03,NSE:HMT,66.0,66.699997,63.549999,64.0,333815.0,-2.5133312257934137,1.9409937285405674
3855,2015-02-04,NSE:HMT,64.599998,66.800003,62.799999,64.349998,566504.0,0.546871874999999,-2.5133312257934137
3856,2015-02-05,NSE:HMT,64.550003,64.550003,60.25,60.849998,368906.0,-5.439005608049903,0.546871874999999
3857,2015-02-06,NSE:HMT,61.0,61.950001,57.099998,57.650002,396479.0,-5.258826795688636,-5.439005608049903
3858,2015-02-09,NSE:HMT,57.75,58.0,55.150002,55.549999,287830.0,-3.642676369725019,-5.258826795688636
3859,2015-02-10,NSE:HMT,54.849998,57.450001,54.0,56.099998,309389.0,0.9900972275445039,-3.642676369725019
3860,2015-02-11,NSE:HMT,56.0,61.200001,56.0,59.400002,478433.0,5.8823602810110645,0.9900972275445039
3861,2015-02-12,NSE:HMT,59.799999,64.5,59.799999,62.450001,916970.0,5.13467827829366,5.8823602810110645
3862,2015-02-13,NSE:HMT,62.75,63.299999,60.549999,61.200001,291848.0,-2.001601248973559,5.13467827829366
3863,2015-02-16,NSE:HMT,61.5,61.700001,58.5,59.150002,222794.0,-3.3496715138942554,-2.001601248973559
3864,2015-02-18,NSE:HMT,59.5,63.599998,59.299999,61.900002,529837.0,4.649196799689034,-3.3496715138942554
3865,2015-02-19,NSE:HMT,61.900002,67.75,61.700001,64.300003,1530369.0,3.877222814952418,4.649196799689034
3866,2015-02-20,NSE:HMT,64.699997,64.699997,62.049999,62.599998,414477.0,-2.643864573381131,3.877222814952418
3867,2015-02-23,NSE:HMT,63.049999,64.0,60.549999,61.099998,348537.0,-2.3961662107401347,-2.643864573381131
3868,2015-02-24,NSE:HMT,61.5,63.5,59.299999,61.200001,490314.0,0.16367103645404532,-2.3961662107401347
3869,2015-02-25,NSE:HMT,61.599998,63.0,60.799999,61.200001,289921.0,0.0,0.16367103645404532
3870,2015-02-26,NSE:HMT,61.450001,61.599998,58.599998,59.25,248358.0,-3.1862760917275157,0.0
3871,2015-02-27,NSE:HMT,59.599998,67.449997,59.450001,66.099998,2042092.0,11.561178059071729,-3.1862760917275157
3872,2015-02-28,NSE:HMT,66.400002,66.599998,60.150002,60.75,1034723.0,-8.093794496030089,11.561178059071729
3873,2015-03-02,NSE:HMT,60.75,61.25,57.900002,58.200001,588063.0,-4.197529218106996,-8.093794496030089
3874,2015-03-03,NSE:HMT,58.5,60.799999,57.599998,59.200001,569954.0,1.7182130288966833,-4.197529218106996
3875,2015-03-04,NSE:HMT,59.700001,60.0,56.25,57.099998,384871.0,-3.5473023049442194,1.7182130288966833
3876,2015-03-05,NSE:HMT,57.200001,58.5,56.599998,57.150002,286213.0,0.08757268257697884,-3.5473023049442194
3877,2015-03-09,NSE:HMT,56.5,56.849998,53.400002,54.150002,274539.0,-5.249343648316933,0.08757268257697884
3878,2015-03-10,NSE:HMT,54.700001,56.0,54.099998,54.549999,459158.0,0.7386832598824263,-5.249343648316933
3879,2015-03-11,NSE:HMT,54.5,54.799999,47.299999,48.200001,992182.0,-11.640693155649736,0.7386832598824263
3880,2015-03-12,NSE:HMT,49.0,49.450001,46.5,47.700001,494432.0,-1.0373443768185813,-11.640693155649736
3881,2015-03-13,NSE:HMT,47.5,50.599998,47.5,48.099998,550592.0,0.8385681165918615,-1.0373443768185813
3882,2015-03-16,NSE:HMT,48.5,48.650002,44.950001,45.349998,246654.0,-5.717255954979458,0.8385681165918615
3883,2015-03-17,NSE:HMT,45.799999,46.299999,40.0,42.049999,523577.0,-7.2767346097788135,-5.717255954979458
3884,2015-03-18,NSE:HMT,42.25,50.450001,42.25,49.549999,1839264.0,17.835910055550773,-7.2767346097788135
3885,2015-03-19,NSE:HMT,51.549999,53.5,50.0,50.549999,1249335.0,2.018163511971009,17.835910055550773
3886,2015-03-20,NSE:HMT,49.0,49.0,42.5,44.450001,1482520.0,-12.067256420717237,2.018163511971009
3887,2015-03-23,NSE:HMT,45.400002,45.599998,42.400002,42.799999,289483.0,-3.712040411427664,-12.067256420717237
3888,2015-03-24,NSE:HMT,42.5,46.900002,41.299999,43.599998,628145.0,1.869156585727957,-3.712040411427664
3889,2015-03-25,NSE:HMT,44.0,44.700001,42.200001,42.549999,204683.0,-2.4082546976263615,1.869156585727957
3890,2015-03-26,NSE:HMT,42.299999,42.549999,40.849998,41.349998,229056.0,-2.820213932319952,-2.4082546976263615
3891,2015-03-27,NSE:HMT,41.5,43.049999,39.200001,39.75,327379.0,-3.8694028473713575,-2.820213932319952
3892,2015-03-30,NSE:HMT,39.75,42.0,39.75,41.450001,284565.0,4.276732075471699,-3.8694028473713575
3893,2015-03-31,NSE:HMT,42.700001,44.349998,41.549999,41.950001,387337.0,1.2062725885097083,4.276732075471699
3894,2015-04-01,NSE:HMT,42.25,43.799999,41.700001,43.049999,249325.0,2.622164419018725,1.2062725885097083
3895,2015-04-06,NSE:HMT,43.25,44.25,42.700001,43.450001,264472.0,0.9291568160082898,2.622164419018725
3896,2015-04-07,NSE:HMT,43.599998,45.25,43.099998,44.400002,542248.0,2.186423424938472,0.9291568160082898
3897,2015-04-08,NSE:HMT,44.700001,46.0,44.5,45.0,322291.0,1.3513467859753687,2.186423424938472
3898,2015-04-09,NSE:HMT,45.400002,47.400002,44.099998,46.5,511708.0,3.3333333333333335,1.3513467859753687
3899,2015-04-10,NSE:HMT,47.0,48.700001,46.549999,47.349998,414075.0,1.8279526881720416,3.3333333333333335
3900,2015-04-13,NSE:HMT,47.650002,48.299999,46.799999,47.299999,199400.0,-0.10559451343588164,1.8279526881720416
3901,2015-04-15,NSE:HMT,47.700001,48.599998,45.799999,46.450001,247313.0,-1.7970359787956853,-0.10559451343588164
3902,2015-04-16,NSE:HMT,49.0,50.400002,46.900002,48.099998,833529.0,3.5522001388116204,-1.7970359787956853
3903,2015-04-17,NSE:HMT,48.0,48.200001,46.099998,46.650002,175115.0,-3.014544823889595,3.5522001388116204
3904,2015-04-20,NSE:HMT,46.650002,50.200001,44.75,45.400002,591662.0,-2.6795282881231173,-3.014544823889595
3905,2015-04-21,NSE:HMT,45.5,46.75,44.349998,44.799999,161144.0,-1.321592452793286,-2.6795282881231173
3906,2015-04-22,NSE:HMT,45.0,46.099998,44.150002,44.700001,218247.0,-0.2232098264109322,-1.321592452793286
3907,2015-04-23,NSE:HMT,45.0,45.799999,44.5,44.950001,122258.0,0.5592841038191475,-0.2232098264109322
3908,2015-04-24,NSE:HMT,45.099998,45.150002,42.549999,42.900002,134763.0,-4.560620588195315,0.5592841038191475
3909,2015-04-27,NSE:HMT,43.0,43.0,41.099998,41.450001,133496.0,-3.3799555533820262,-4.560620588195315
3910,2015-04-28,NSE:HMT,41.0,42.799999,40.799999,41.599998,126241.0,0.36187453891737914,-3.3799555533820262
3911,2015-04-29,NSE:HMT,41.25,42.799999,41.25,42.150002,105300.0,1.322125063563708,0.36187453891737914
3912,2015-04-30,NSE:HMT,42.099998,42.150002,41.099998,41.349998,92970.0,-1.8979927925033107,1.322125063563708
3913,2015-05-04,NSE:HMT,40.25,43.0,40.25,42.400002,97163.0,2.539308466230159,-1.8979927925033107
3914,2015-05-05,NSE:HMT,42.75,43.0,41.549999,41.849998,50320.0,-1.2971791840953244,2.539308466230159
3915,2015-05-06,NSE:HMT,41.950001,42.200001,40.5,40.650002,71081.0,-2.867374091630778,-1.2971791840953244
3916,2015-05-07,NSE:HMT,40.150002,41.25,39.0,39.299999,112408.0,-3.321040427009083,-2.867374091630778
3917,2015-05-08,NSE:HMT,40.200001,41.0,39.75,40.099998,69095.0,2.035620916936918,-3.321040427009083
3918,2015-05-11,NSE:HMT,39.849998,42.299999,39.849998,41.299999,138378.0,2.992521346260417,2.035620916936918
3919,2015-05-12,NSE:HMT,41.650002,42.900002,40.349998,40.599998,79875.0,-1.694917716583965,2.992521346260417
3920,2015-05-13,NSE:HMT,41.150002,44.5,40.349998,42.400002,516180.0,4.433507607561955,-1.694917716583965
3921,2015-05-14,NSE:HMT,41.700001,41.700001,41.049999,41.299999,86515.0,-2.5943465757383715,4.433507607561955
3922,2015-05-15,NSE:HMT,41.099998,42.799999,40.549999,41.0,98137.0,-0.7263898480966058,-2.5943465757383715
3923,2015-05-18,NSE:HMT,41.700001,41.700001,41.0,41.25,63951.0,0.6097560975609756,-0.7263898480966058
3924,2015-05-19,NSE:HMT,41.75,42.5,40.799999,41.349998,86851.0,0.2424193939393924,0.6097560975609756
3925,2015-05-20,NSE:HMT,41.799999,44.349998,41.0,42.75,404437.0,3.3857365603742,0.2424193939393924
3926,2015-05-21,NSE:HMT,42.049999,43.0,41.400002,41.650002,86076.0,-2.5730947368421035,3.3857365603742
3927,2015-05-22,NSE:HMT,41.900002,42.099998,40.5,40.75,83148.0,-2.1608690438958456,-2.5730947368421035
3928,2015-05-25,NSE:HMT,40.200001,41.200001,40.200001,40.700001,45048.0,-0.12269693251533666,-2.1608690438958456
3929,2015-05-26,NSE:HMT,40.75,40.900002,40.099998,40.200001,33188.0,-1.2285011983169238,-0.12269693251533666
3930,2015-05-27,NSE:HMT,40.0,40.849998,39.75,40.049999,68648.0,-0.37313929420051667,-1.2285011983169238
3931,2015-05-28,NSE:HMT,40.0,41.400002,39.849998,40.099998,72679.0,0.12484145130690187,-0.37313929420051667
3932,2015-05-29,NSE:HMT,40.599998,40.599998,39.099998,39.650002,61308.0,-1.1221845946226698,0.12484145130690187
3933,2015-06-01,NSE:HMT,39.950001,40.950001,39.5,40.099998,101873.0,1.1349204976080423,-1.1221845946226698
3934,2015-06-02,NSE:HMT,39.650002,40.299999,38.299999,38.549999,67498.0,-3.8653343573732837,1.1349204976080423
3935,2015-06-03,NSE:HMT,38.150002,38.849998,35.099998,36.950001,106249.0,-4.150448875498023,-3.8653343573732837
3936,2015-06-04,NSE:HMT,37.799999,38.200001,36.200001,36.599998,60717.0,-0.9472340744997569,-4.150448875498023
3937,2015-06-05,NSE:HMT,35.200001,37.900002,35.200001,36.799999,58158.0,0.5464508495328342,-0.9472340744997569
3938,2015-06-08,NSE:HMT,37.400002,37.400002,35.25,35.400002,41223.0,-3.8043397772918395,0.5464508495328342
3939,2015-06-09,NSE:HMT,35.25,35.549999,33.5,33.75,76536.0,-4.6610223355354625,-3.8043397772918395
3940,2015-06-10,NSE:HMT,33.849998,37.200001,33.849998,35.549999,168375.0,5.333330370370369,-4.6610223355354625
3941,2015-06-11,NSE:HMT,35.25,37.0,34.5,34.700001,67184.0,-2.390993034908382,5.333330370370369
3942,2015-06-12,NSE:HMT,34.5,36.400002,34.299999,34.599998,61173.0,-0.28819307526821386,-2.390993034908382
3943,2015-06-15,NSE:HMT,34.900002,36.299999,34.900002,35.5,40686.0,2.6011620000671694,-0.28819307526821386
3944,2015-06-16,NSE:HMT,35.200001,35.5,34.599998,35.0,27862.0,-1.4084507042253522,2.6011620000671694
3945,2015-06-17,NSE:HMT,35.5,36.700001,35.049999,35.650002,103597.0,1.8571485714285734,-1.4084507042253522
3946,2015-06-18,NSE:HMT,35.150002,39.099998,35.150002,37.5,235567.0,5.189334912239274,1.8571485714285734
3947,2015-06-19,NSE:HMT,38.0,42.200001,36.549999,40.849998,834147.0,8.933328,5.189334912239274
3948,2015-06-22,NSE:HMT,40.349998,41.25,39.200001,40.049999,221718.0,-1.9583819808265346,8.933328
3949,2015-06-23,NSE:HMT,40.650002,42.0,39.650002,40.450001,167999.0,0.99875657924486,-1.9583819808265346
3950,2015-06-24,NSE:HMT,40.5,41.849998,40.0,40.75,276602.0,0.7416538753608428,0.99875657924486
3951,2015-06-25,NSE:HMT,40.75,43.5,40.75,42.900002,830642.0,5.276078527607363,0.7416538753608428
3952,2015-06-26,NSE:HMT,44.0,44.950001,41.700001,42.400002,579020.0,-1.1655011111654492,5.276078527607363
3953,2015-06-29,NSE:HMT,41.75,41.75,38.700001,40.150002,172132.0,-5.306603523273418,-1.1655011111654492
3954,2015-06-30,NSE:HMT,40.799999,41.450001,40.0,40.799999,123475.0,1.6189214635655536,-5.306603523273418
3955,2015-07-01,NSE:HMT,42.0,43.299999,41.599998,41.900002,230331.0,2.6960858503942635,1.6189214635655536
3956,2015-07-02,NSE:HMT,41.900002,43.200001,41.0,41.450001,262481.0,-1.073988015561432,2.6960858503942635
3957,2015-07-03,NSE:HMT,41.700001,44.400002,41.5,42.049999,380812.0,1.4475222811212944,-1.073988015561432
3958,2015-07-06,NSE:HMT,41.0,42.450001,40.75,41.849998,70784.0,-0.47562664626936213,1.4475222811212944
3959,2015-07-07,NSE:HMT,42.5,42.799999,41.0,41.900002,111902.0,0.1194838766778466,-0.47562664626936213
3960,2015-07-08,NSE:HMT,42.0,42.150002,40.5,40.799999,101841.0,-2.6253053639472403,0.1194838766778466
3961,2015-07-09,NSE:HMT,40.799999,41.5,40.549999,40.799999,92282.0,0.0,-2.6253053639472403
3962,2015-07-10,NSE:HMT,41.0,41.599998,40.599998,40.849998,71564.0,0.12254657163104264,0.0
3963,2015-07-13,NSE:HMT,41.5,47.450001,41.049999,46.950001,1237661.0,14.932688613595529,0.12254657163104264
3964,2015-07-14,NSE:HMT,49.799999,51.099998,48.5,49.150002,2050374.0,4.685838025860745,14.932688613595529
3965,2015-07-15,NSE:HMT,48.599998,49.849998,47.200001,47.599998,307889.0,-3.15361940371844,4.685838025860745
3966,2015-07-16,NSE:HMT,47.150002,48.349998,46.650002,46.900002,176313.0,-1.4705798937218417,-3.15361940371844
3967,2015-07-17,NSE:HMT,46.950001,47.25,44.599998,44.849998,188696.0,-4.371010474583778,-1.4705798937218417
3968,2015-07-20,NSE:HMT,44.0,53.799999,44.0,51.799999,1312393.0,15.49610102546716,-4.371010474583778
3969,2015-07-21,NSE:HMT,50.5,51.75,46.700001,47.5,543186.0,-8.301156530910356,15.49610102546716
3970,2015-07-22,NSE:HMT,47.0,49.799999,46.599998,49.049999,384258.0,3.263155789473684,-8.301156530910356
3971,2015-07-23,NSE:HMT,48.700001,49.900002,47.5,47.849998,234528.0,-2.4464852690414944,3.263155789473684
3972,2015-07-24,NSE:HMT,47.849998,49.5,46.150002,46.549999,212917.0,-2.716821430170174,-2.4464852690414944
3973,2015-07-27,NSE:HMT,49.0,49.75,47.049999,48.150002,506470.0,3.437170857941374,-2.716821430170174
3974,2015-07-28,NSE:HMT,47.650002,48.5,46.650002,47.150002,132186.0,-2.0768431120729756,3.437170857941374
3975,2015-07-29,NSE:HMT,47.150002,49.0,47.150002,47.549999,223365.0,0.8483499109925786,-2.0768431120729756
3976,2015-07-30,NSE:HMT,48.0,48.650002,47.299999,47.849998,115447.0,0.630912736717407,0.8483499109925786
3977,2015-07-31,NSE:HMT,48.099998,49.400002,47.099998,47.349998,249486.0,-1.0449321230901618,0.630912736717407
3978,2015-08-03,NSE:HMT,47.700001,50.599998,47.450001,48.950001,523643.0,3.3790983475859937,-1.0449321230901618
3979,2015-08-04,NSE:HMT,48.549999,49.900002,47.799999,48.5,322256.0,-0.919307437807816,3.3790983475859937
3980,2015-08-05,NSE:HMT,49.5,49.549999,48.0,48.75,257042.0,0.5154639175257731,-0.919307437807816
3981,2015-08-06,NSE:HMT,48.849998,49.75,48.25,48.549999,135758.0,-0.4102584615384622,0.5154639175257731
3982,2015-08-07,NSE:HMT,48.849998,49.5,47.150002,47.599998,279813.0,-1.9567477231050001,-0.4102584615384622
3983,2015-08-10,NSE:HMT,47.75,50.799999,47.549999,48.75,599585.0,2.4159706897466693,-1.9567477231050001
3984,2015-08-11,NSE:HMT,48.5,51.299999,48.0,49.75,914638.0,2.051282051282051,2.4159706897466693
3985,2015-08-12,NSE:HMT,49.0,49.5,44.0,45.650002,234130.0,-8.24120201005025,2.051282051282051
3986,2015-08-13,NSE:HMT,46.5,47.349998,42.700001,44.049999,179471.0,-3.504935224318283,-8.24120201005025
3987,2015-08-14,NSE:HMT,44.400002,45.900002,43.299999,45.549999,138736.0,3.405221416690611,-3.504935224318283
3988,2015-08-17,NSE:HMT,46.0,46.200001,45.0,45.200001,61208.0,-0.7683820146735884,3.405221416690611
3989,2015-08-18,NSE:HMT,45.75,47.150002,45.299999,45.599998,166763.0,0.884949095465726,-0.7683820146735884
3990,2015-08-19,NSE:HMT,45.900002,46.299999,45.0,45.25,60851.0,-0.7675395073482226,0.884949095465726
3991,2015-08-20,NSE:HMT,45.25,45.5,43.200001,43.700001,92806.0,-3.425412154696132,-0.7675395073482226
3992,2015-08-21,NSE:HMT,43.200001,43.200001,41.799999,42.950001,61570.0,-1.7162471003147117,-3.425412154696132
3993,2015-08-24,NSE:HMT,42.200001,42.200001,35.200001,36.549999,155606.0,-14.901052039556415,-1.7162471003147117
3994,2015-08-25,NSE:HMT,37.900002,39.0,35.099998,37.950001,124107.0,3.830374933799589,-14.901052039556415
3995,2015-08-26,NSE:HMT,37.5,40.0,36.5,38.099998,111125.0,0.3952490014427115,3.830374933799589
3996,2015-08-27,NSE:HMT,39.75,39.75,38.799999,39.150002,90318.0,2.7559161551662057,0.3952490014427115
3997,2015-08-28,NSE:HMT,39.650002,40.599998,39.0,39.200001,110539.0,0.12771136001474453,2.7559161551662057
3998,2015-08-31,NSE:HMT,39.0,40.099998,38.650002,39.150002,66855.0,-0.1275484661339669,0.12771136001474453
3999,2015-09-01,NSE:HMT,38.700001,39.400002,36.549999,37.099998,92145.0,-5.236280703127425,-0.1275484661339669
4000,2015-09-02,NSE:HMT,37.549999,38.400002,36.450001,36.849998,95858.0,-0.6738544837657403,-5.236280703127425
4001,2015-09-03,NSE:HMT,37.400002,38.299999,37.150002,37.650002,52386.0,2.170974337637688,-0.6738544837657403
4002,2015-09-04,NSE:HMT,37.950001,37.950001,35.400002,35.950001,62217.0,-4.51527466054318,2.170974337637688
4003,2015-09-07,NSE:HMT,36.799999,36.900002,35.099998,35.299999,41933.0,-1.8080722723762945,-4.51527466054318
4004,2015-09-08,NSE:HMT,35.25,36.200001,34.299999,35.299999,70401.0,0.0,-1.8080722723762945
4005,2015-09-09,NSE:HMT,35.950001,37.650002,35.599998,37.0,125547.0,4.815866991950908,0.0
4006,2015-09-10,NSE:HMT,36.700001,36.799999,35.450001,36.5,37934.0,-1.3513513513513513,4.815866991950908
4007,2015-09-11,NSE:HMT,36.549999,37.650002,36.5,36.700001,54118.0,0.5479479452054803,-1.3513513513513513
4008,2015-09-14,NSE:HMT,36.049999,37.900002,36.049999,36.900002,50271.0,0.5449618380119399,0.5479479452054803
4009,2015-09-15,NSE:HMT,36.900002,37.650002,36.349998,36.700001,43368.0,-0.5420081007041688,0.5449618380119399
4010,2015-09-16,NSE:HMT,37.049999,38.299999,36.5,36.799999,97096.0,0.2724741070170526,-0.5420081007041688
4011,2015-09-18,NSE:HMT,36.849998,37.799999,36.849998,37.650002,79131.0,2.309790823635623,0.2724741070170526
4012,2015-09-21,NSE:HMT,37.599998,43.799999,37.0,42.799999,791270.0,13.678610163154836,2.309790823635623
4013,2015-09-22,NSE:HMT,44.0,44.200001,40.5,41.299999,221737.0,-3.5046729790811444,13.678610163154836
4014,2015-09-23,NSE:HMT,41.049999,42.200001,40.099998,41.349998,99161.0,0.12106295692646309,-3.5046729790811444
4015,2015-09-24,NSE:HMT,41.349998,41.900002,40.25,40.950001,55701.0,-0.9673446658933309,0.12106295692646309
4016,2015-09-28,NSE:HMT,41.0,42.0,40.599998,41.0,59898.0,0.12209767711605106,-0.9673446658933309
4017,2015-09-29,NSE:HMT,40.700001,41.150002,40.099998,40.450001,70995.0,-1.3414609756097553,0.12209767711605106
4018,2015-09-30,NSE:HMT,40.849998,41.200001,40.400002,40.700001,61749.0,0.6180469562905573,-1.3414609756097553
4019,2015-10-01,NSE:HMT,41.349998,41.400002,40.5,40.599998,44573.0,-0.245707610670577,0.6180469562905573
4020,2015-10-05,NSE:HMT,41.349998,43.150002,41.0,41.650002,89400.0,2.586216876168322,-0.245707610670577
4021,2015-10-06,NSE:HMT,42.900002,49.950001,42.849998,49.950001,1993832.0,19.92796783058978,2.586216876168322
4022,2015-10-07,NSE:HMT,55.400002,59.900002,53.049999,59.549999,4257828.0,19.21921483044615,19.92796783058978
4023,2015-10-08,NSE:HMT,60.0,60.099998,54.549999,55.75,1575105.0,-6.381190703294553,19.21921483044615
4024,2015-10-09,NSE:HMT,55.900002,57.450001,53.650002,54.200001,700054.0,-2.78026726457399,-6.381190703294553
4025,2015-10-12,NSE:HMT,54.0,54.5,52.0,53.049999,273030.0,-2.121774868601941,-2.78026726457399
4026,2015-10-13,NSE:HMT,53.0,55.5,52.549999,54.25,512094.0,2.2620188927807523,-2.121774868601941
4027,2015-10-14,NSE:HMT,53.5,56.099998,52.799999,55.5,498672.0,2.3041474654377883,2.2620188927807523
4028,2015-10-15,NSE:HMT,57.0,59.299999,56.299999,57.349998,1354596.0,3.333329729729729,2.3041474654377883
4029,2015-10-16,NSE:HMT,57.599998,57.700001,55.049999,55.400002,247978.0,-3.4001675117756736,3.333329729729729
4030,2015-10-19,NSE:HMT,55.700001,56.700001,54.049999,54.700001,269300.0,-1.263539665576186,-3.4001675117756736
4031,2015-10-20,NSE:HMT,55.0,55.200001,53.0,53.400002,251548.0,-2.3765977627678647,-1.263539665576186
4032,2015-10-21,NSE:HMT,53.400002,53.950001,49.799999,50.549999,361900.0,-5.337084069772134,-2.3765977627678647
4033,2015-10-23,NSE:HMT,51.400002,52.400002,50.5,51.0,231013.0,0.8902097109833776,-5.337084069772134
4034,2015-10-26,NSE:HMT,50.900002,53.900002,49.700001,50.099998,411894.0,-1.76470980392157,0.8902097109833776
4035,2015-10-27,NSE:HMT,50.0,50.400002,49.099998,49.450001,161746.0,-1.2973992533891898,-1.76470980392157
4036,2015-10-28,NSE:HMT,49.0,50.799999,48.349998,49.200001,187533.0,-0.5055611626782374,-1.2973992533891898
4037,2015-10-29,NSE:HMT,49.0,49.450001,48.150002,48.299999,124283.0,-1.8292723205432466,-0.5055611626782374
4038,2015-10-30,NSE:HMT,48.75,48.900002,46.299999,47.150002,143886.0,-2.3809462190672077,-1.8292723205432466
4039,2015-11-02,NSE:HMT,47.799999,48.5,44.799999,45.849998,159534.0,-2.757166372972797,-2.3809462190672077
4040,2015-11-03,NSE:HMT,46.150002,50.400002,44.549999,49.75,572101.0,8.506002552061181,-2.757166372972797
4041,2015-11-04,NSE:HMT,49.799999,50.900002,47.549999,47.849998,449918.0,-3.8190994974874384,8.506002552061181
4042,2015-11-05,NSE:HMT,48.299999,48.349998,46.0,46.400002,103043.0,-3.0302947975044825,-3.8190994974874384
4043,2015-11-06,NSE:HMT,47.900002,47.900002,45.599998,46.049999,103854.0,-0.7543167778311755,-3.0302947975044825
4044,2015-11-09,NSE:HMT,45.0,48.799999,42.349998,47.849998,495224.0,3.908792701602447,-0.7543167778311755
4045,2015-11-10,NSE:HMT,48.0,50.25,47.150002,47.700001,529954.0,-0.31347336733430803,3.908792701602447
4046,2015-11-11,NSE:HMT,48.349998,49.049999,47.549999,47.950001,40027.0,0.5241090036874422,-0.31347336733430803
4047,2015-11-13,NSE:HMT,47.5,49.049999,47.0,47.150002,132914.0,-1.6684024678122522,0.5241090036874422
4048,2015-11-16,NSE:HMT,47.700001,52.799999,46.25,52.150002,995972.0,10.604453420807914,-1.6684024678122522
4049,2015-11-17,NSE:HMT,54.0,54.0,50.450001,50.849998,866415.0,-2.4928167787989755,10.604453420807914
4050,2015-11-18,NSE:HMT,50.75,51.400002,49.5,50.150002,182818.0,-1.3765900246446396,-2.4928167787989755
4051,2015-11-19,NSE:HMT,50.75,51.650002,49.900002,51.049999,190008.0,1.7946100979218287,-1.3765900246446396
4052,2015-11-20,NSE:HMT,51.150002,51.700001,49.650002,50.349998,235930.0,-1.3712066869971933,1.7946100979218287
4053,2015-11-23,NSE:HMT,51.349998,51.599998,48.849998,50.25,223971.0,-0.1986057675712308,-1.3712066869971933
4054,2015-11-24,NSE:HMT,50.549999,51.799999,49.799999,50.049999,261676.0,-0.3980119402985081,-0.1986057675712308
4055,2015-11-26,NSE:HMT,50.549999,53.900002,50.299999,51.700001,674315.0,3.296707358575573,-0.3980119402985081
4056,2015-11-27,NSE:HMT,51.599998,56.799999,51.0,53.400002,1728119.0,3.2882030311759576,3.296707358575573
4057,2015-11-30,NSE:HMT,53.099998,54.650002,53.0,53.650002,402582.0,0.46816477647322935,3.2882030311759576
4058,2015-12-01,NSE:HMT,53.299999,56.0,52.5,54.25,454483.0,1.1183559694927865,0.46816477647322935
4059,2015-12-02,NSE:HMT,54.25,56.299999,53.900002,54.799999,556267.0,1.0138230414746536,1.1183559694927865
4060,2015-12-03,NSE:HMT,54.549999,57.349998,53.650002,54.799999,780591.0,0.0,1.0138230414746536
4061,2015-12-04,NSE:HMT,54.099998,55.549999,53.049999,53.299999,230600.0,-2.737226327321648,0.0
4062,2015-12-07,NSE:HMT,53.299999,54.5,53.299999,53.950001,149641.0,1.2195159703473928,-2.737226327321648
4063,2015-12-08,NSE:HMT,53.549999,54.349998,50.849998,51.599998,137229.0,-4.355890558741605,1.2195159703473928
4064,2015-12-09,NSE:HMT,51.0,51.849998,48.5,48.799999,158992.0,-5.426354861486622,-4.355890558741605
4065,2015-12-10,NSE:HMT,49.5,50.200001,47.799999,49.25,144650.0,0.9221332156174846,-5.426354861486622
4066,2015-12-11,NSE:HMT,49.650002,51.900002,47.950001,49.049999,363976.0,-0.40609340101522906,0.9221332156174846
4067,2015-12-14,NSE:HMT,48.400002,50.299999,47.349998,47.950001,273124.0,-2.242605550307961,-0.40609340101522906
4068,2015-12-15,NSE:HMT,48.599998,49.400002,48.099998,49.049999,273650.0,2.2940520898007892,-2.242605550307961
4069,2015-12-16,NSE:HMT,49.200001,49.950001,48.5,49.0,142271.0,-0.10193476252670194,2.2940520898007892
4070,2015-12-17,NSE:HMT,49.799999,50.400002,49.049999,50.099998,174886.0,2.244893877551019,-0.10193476252670194
4071,2015-12-18,NSE:HMT,50.400002,51.400002,49.599998,50.400002,232490.0,0.5988104031461264,2.244893877551019
4072,2015-12-21,NSE:HMT,50.650002,51.75,50.450001,50.650002,149118.0,0.4960317263479474,0.5988104031461264
4073,2015-12-22,NSE:HMT,51.0,52.049999,50.200001,50.650002,133385.0,0.0,0.4960317263479474
4074,2015-12-23,NSE:HMT,50.900002,52.0,50.25,50.599998,196041.0,-0.09872457655579416,0.0
4075,2015-12-24,NSE:HMT,50.849998,52.0,50.200001,50.5,314931.0,-0.1976245137400981,-0.09872457655579416
4076,2015-12-28,NSE:HMT,50.900002,51.349998,50.200001,50.75,83708.0,0.49504950495049505,-0.1976245137400981
4077,2015-12-29,NSE:HMT,51.150002,53.400002,51.049999,51.599998,428923.0,1.6748729064039396,0.49504950495049505
4078,2015-12-30,NSE:HMT,51.849998,51.900002,50.099998,50.25,147593.0,-2.616275295204468,1.6748729064039396
4079,2015-12-31,NSE:HMT,50.650002,50.950001,49.849998,50.5,99835.0,0.4975124378109453,-2.616275295204468
4080,2016-01-01,NSE:HMT,51.0,52.200001,50.900002,51.799999,398623.0,2.574255445544554,0.4975124378109453
4081,2016-01-04,NSE:HMT,51.799999,52.400002,49.650002,50.150002,220219.0,-3.185322455315104,2.574255445544554
4082,2016-01-05,NSE:HMT,50.849998,51.900002,50.200001,50.849998,267812.0,1.395804530576088,-3.185322455315104
4083,2016-01-06,NSE:HMT,51.0,60.349998,50.650002,55.700001,4601929.0,9.537862715353501,1.395804530576088
4084,2016-01-07,NSE:HMT,54.900002,54.900002,50.900002,51.25,652973.0,-7.989229659080258,9.537862715353501
4085,2016-01-08,NSE:HMT,51.950001,52.799999,51.299999,51.849998,354750.0,1.1707278048780476,-7.989229659080258
4086,2016-01-11,NSE:HMT,50.099998,52.0,50.099998,51.200001,261782.0,-1.2536104630129379,1.1707278048780476
4087,2016-01-12,NSE:HMT,51.450001,52.0,49.0,49.5,174938.0,-3.32031438827511,-1.2536104630129379
4088,2016-01-13,NSE:HMT,50.549999,52.0,46.099998,47.150002,443855.0,-4.747470707070706,-3.32031438827511
4089,2016-01-14,NSE:HMT,46.25,46.400002,44.25,45.049999,198570.0,-4.453876799411378,-4.747470707070706
4090,2016-01-15,NSE:HMT,45.5,46.25,42.400002,42.900002,158708.0,-4.772468474416612,-4.453876799411378
4091,2016-01-18,NSE:HMT,43.400002,43.400002,39.599998,40.099998,169463.0,-6.526815546535408,-4.772468474416612
4092,2016-01-19,NSE:HMT,40.150002,42.599998,40.0,41.299999,184827.0,2.992521346260417,-6.526815546535408
4093,2016-01-20,NSE:HMT,41.400002,41.400002,39.0,39.700001,94033.0,-3.874087260873782,2.992521346260417
4094,2016-01-21,NSE:HMT,40.950001,41.450001,40.0,40.400002,121949.0,1.7632266558381202,-3.874087260873782
4095,2016-01-22,NSE:HMT,41.299999,43.200001,40.599998,41.950001,119010.0,3.836630998186583,1.7632266558381202
4096,2016-01-25,NSE:HMT,42.049999,44.900002,42.0,43.900002,174394.0,4.648393214579424,3.836630998186583
4097,2016-01-27,NSE:HMT,44.049999,44.5,43.400002,43.599998,99532.0,-0.6833803788892795,4.648393214579424
4098,2016-01-28,NSE:HMT,44.200001,44.400002,43.049999,43.5,74056.0,-0.22935322152996285,-0.6833803788892795
4099,2016-01-29,NSE:HMT,43.900002,47.799999,43.200001,46.099998,424759.0,5.977006896551722,-0.22935322152996285
4100,2016-02-01,NSE:HMT,46.650002,47.349998,45.5,45.900002,157817.0,-0.43383082142432794,5.977006896551722
4101,2016-02-02,NSE:HMT,45.900002,47.700001,45.599998,46.299999,180602.0,0.8714531210695786,-0.43383082142432794
4102,2016-02-03,NSE:HMT,44.299999,46.0,44.299999,44.5,91930.0,-3.887686909021315,0.8714531210695786
4103,2016-02-04,NSE:HMT,45.900002,46.099998,43.200001,43.599998,69390.0,-2.0224764044943835,-3.887686909021315
4104,2016-02-05,NSE:HMT,44.799999,44.799999,43.0,44.349998,61395.0,1.7201835651460349,-2.0224764044943835
4105,2016-02-08,NSE:HMT,44.049999,45.400002,43.650002,44.200001,91428.0,-0.3382119656465352,1.7201835651460349
4106,2016-02-09,NSE:HMT,43.25,44.0,42.650002,43.0,51570.0,-2.714934327716419,-0.3382119656465352
4107,2016-02-10,NSE:HMT,43.299999,43.650002,42.099998,42.950001,108072.0,-0.11627674418604578,-2.714934327716419
4108,2016-02-11,NSE:HMT,42.549999,43.799999,38.700001,39.150002,89295.0,-8.84749455535519,-0.11627674418604578
4109,2016-02-12,NSE:HMT,39.599998,40.0,34.25,37.099998,182881.0,-5.236280703127425,-8.84749455535519
4110,2016-02-15,NSE:HMT,37.299999,43.0,37.299999,40.25,248612.0,8.4905718862842,-5.236280703127425
4111,2016-02-16,NSE:HMT,42.200001,42.200001,38.900002,39.200001,102157.0,-2.6086931677018628,8.4905718862842
4112,2016-02-17,NSE:HMT,39.299999,39.599998,38.099998,38.950001,84538.0,-0.6377550857715539,-2.6086931677018628
4113,2016-02-18,NSE:HMT,39.799999,40.5,39.099998,39.450001,72259.0,1.2836970145392292,-0.6377550857715539
4114,2016-02-19,NSE:HMT,40.150002,41.450001,39.650002,40.25,172361.0,2.0278808104466197,1.2836970145392292
4115,2016-02-22,NSE:HMT,40.75,41.150002,39.950001,40.299999,93817.0,0.12422111801242157,2.0278808104466197
4116,2016-02-23,NSE:HMT,40.5,40.700001,38.200001,38.950001,73882.0,-3.349871050865285,0.12422111801242157
4117,2016-02-24,NSE:HMT,38.950001,39.5,38.5,38.849998,92484.0,-0.25674710508993553,-3.349871050865285
4118,2016-02-25,NSE:HMT,39.349998,39.849998,37.299999,37.75,77757.0,-2.831397829158188,-0.25674710508993553
4119,2016-02-26,NSE:HMT,38.25,38.849998,36.299999,36.849998,118009.0,-2.384111258278147,-2.831397829158188
4120,2016-02-29,NSE:HMT,37.25,38.900002,36.150002,37.0,185906.0,0.4070610804375095,-2.384111258278147
4121,2016-03-01,NSE:HMT,37.299999,38.599998,35.150002,38.25,167379.0,3.3783783783783785,0.4070610804375095
4122,2016-03-02,NSE:HMT,38.799999,40.299999,38.799999,39.450001,167636.0,3.1372575163398704,3.3783783783783785
4123,2016-03-03,NSE:HMT,40.5,42.0,40.099998,41.650002,371049.0,5.576681734431389,3.1372575163398704
4124,2016-03-04,NSE:HMT,45.200001,49.950001,45.200001,47.75,1857066.0,14.645852838134315,5.576681734431389
4125,2016-03-08,NSE:HMT,48.0,49.0,45.200001,47.200001,579953.0,-1.1518303664921459,14.645852838134315
4126,2016-03-09,NSE:HMT,47.950001,48.099998,45.849998,46.200001,367626.0,-2.1186440229100842,-1.1518303664921459
4127,2016-03-10,NSE:HMT,46.900002,46.900002,44.099998,44.599998,145679.0,-3.4632098817487056,-2.1186440229100842
4128,2016-03-11,NSE:HMT,44.799999,45.5,43.400002,43.900002,122814.0,-1.5694978282285994,-3.4632098817487056
4129,2016-03-14,NSE:HMT,44.400002,45.849998,43.549999,44.049999,201984.0,0.3416787999235149,-1.5694978282285994
4130,2016-03-15,NSE:HMT,44.450001,44.450001,43.049999,43.299999,118314.0,-1.7026107083453055,0.3416787999235149
4131,2016-03-16,NSE:HMT,43.799999,43.849998,41.849998,42.5,134888.0,-1.8475727909370152,-1.7026107083453055
4132,2016-03-17,NSE:HMT,43.049999,45.799999,43.049999,43.599998,458553.0,2.5882305882352923,-1.8475727909370152
4133,2016-03-18,NSE:HMT,44.099998,46.5,44.099998,44.549999,333351.0,2.178901476096399,2.5882305882352923
4134,2016-03-21,NSE:HMT,44.700001,45.5,44.0,44.900002,201825.0,0.7856408706092247,2.178901476096399
4135,2016-03-22,NSE:HMT,45.150002,45.200001,44.25,44.400002,108056.0,-1.1135856964995237,0.7856408706092247
4136,2016-03-23,NSE:HMT,44.549999,45.5,43.950001,44.599998,138635.0,0.45044142115128444,-1.1135856964995237
4137,2016-03-28,NSE:HMT,45.0,45.099998,42.549999,42.950001,105174.0,-3.6995450089482045,0.45044142115128444
4138,2016-03-29,NSE:HMT,43.450001,44.25,42.5,43.75,110718.0,1.8626285945837338,-3.6995450089482045
4139,2016-03-30,NSE:HMT,44.049999,44.799999,43.700001,43.950001,109957.0,0.4571451428571436,1.8626285945837338
4140,2016-03-31,NSE:HMT,44.049999,45.5,44.049999,44.400002,190808.0,1.0238930369990213,0.4571451428571436
4141,2016-04-01,NSE:HMT,44.650002,45.200001,44.200001,44.849998,89720.0,1.0135044588511477,1.0238930369990213
4142,2016-04-04,NSE:HMT,45.099998,46.299999,44.349998,44.849998,84963.0,0.0,1.0135044588511477
4143,2016-04-05,NSE:HMT,44.75,45.099998,43.799999,43.849998,86149.0,-2.229654502994627,0.0
4144,2016-04-06,NSE:HMT,44.349998,45.25,44.200001,44.849998,106573.0,2.2805018143900484,-2.229654502994627
4145,2016-04-07,NSE:HMT,45.049999,45.700001,44.549999,44.900002,134296.0,0.11149164376774615,2.2805018143900484
4146,2016-04-08,NSE:HMT,44.950001,45.0,44.400002,44.650002,92536.0,-0.5567928482497618,0.11149164376774615
4147,2016-04-11,NSE:HMT,44.900002,50.0,44.549999,45.700001,578305.0,2.3516213952241247,-0.5567928482497618
4148,2016-04-12,NSE:HMT,45.900002,47.200001,45.200001,45.650002,119971.0,-0.10940699979415686,2.3516213952241247
4149,2016-04-13,NSE:HMT,45.950001,47.950001,45.5,45.799999,284675.0,0.3285804894378735,-0.10940699979415686
4150,2016-04-18,NSE:HMT,46.099998,47.25,45.400002,46.200001,145191.0,0.8733668312962205,0.3285804894378735
4151,2016-04-20,NSE:HMT,46.650002,48.0,46.0,46.650002,195177.0,0.9740281174452796,0.8733668312962205
4152,2016-04-21,NSE:HMT,46.950001,48.400002,46.0,46.450001,217246.0,-0.42872666972233,0.9740281174452796
4153,2016-04-22,NSE:HMT,46.5,46.900002,46.049999,46.450001,108299.0,0.0,-0.42872666972233
4154,2016-04-25,NSE:HMT,46.900002,47.0,45.099998,45.950001,112488.0,-1.0764262416269916,0.0
4155,2016-04-26,NSE:HMT,46.25,47.849998,45.099998,47.400002,237662.0,3.155606024905201,-1.0764262416269916
4156,2016-04-27,NSE:HMT,48.5,49.5,47.650002,48.400002,786778.0,2.1097045523331412,3.155606024905201
4157,2016-04-28,NSE:HMT,48.450001,48.450001,45.849998,46.200001,189672.0,-4.545456423741471,2.1097045523331412
4158,2016-04-29,NSE:HMT,46.0,46.849998,45.200001,45.700001,121022.0,-1.0822510588257346,-4.545456423741471
4159,2016-05-02,NSE:HMT,45.799999,46.400002,45.400002,45.549999,103729.0,-0.32823194030127184,-1.0822510588257346
4160,2016-05-03,NSE:HMT,45.549999,46.349998,44.549999,44.799999,142397.0,-1.6465422973993917,-0.32823194030127184
4161,2016-05-04,NSE:HMT,44.799999,45.150002,43.099998,43.5,110172.0,-2.9017835469148103,-1.6465422973993917
4162,2016-05-05,NSE:HMT,43.799999,44.0,43.0,43.400002,84115.0,-0.22988045977011348,-2.9017835469148103
4163,2016-05-06,NSE:HMT,43.25,46.299999,42.75,44.950001,286287.0,3.5714261026992573,-0.22988045977011348
4164,2016-05-09,NSE:HMT,45.349998,45.349998,44.099998,44.299999,127490.0,-1.446055585182302,3.5714261026992573
4165,2016-05-10,NSE:HMT,44.599998,45.150002,44.099998,44.299999,57710.0,0.0,-1.446055585182302
4166,2016-05-11,NSE:HMT,44.0,44.700001,43.0,43.450001,86247.0,-1.9187314202873895,0.0
4167,2016-05-12,NSE:HMT,43.900002,44.650002,43.400002,43.75,86998.0,0.6904464743280436,-1.9187314202873895
4168,2016-05-13,NSE:HMT,43.799999,44.0,43.049999,43.299999,52056.0,-1.028573714285715,0.6904464743280436
4169,2016-05-16,NSE:HMT,43.450001,43.700001,42.799999,43.450001,73888.0,0.3464249502638571,-1.028573714285715
4170,2016-05-17,NSE:HMT,43.75,44.75,43.299999,43.599998,90949.0,0.3452174834242214,0.3464249502638571
4171,2016-05-18,NSE:HMT,43.349998,43.900002,43.0,43.299999,45020.0,-0.6880711324803265,0.3452174834242214
4172,2016-05-19,NSE:HMT,43.349998,43.5,42.150002,42.400002,58981.0,-2.078515059549999,-0.6880711324803265
4173,2016-05-20,NSE:HMT,42.200001,42.75,41.349998,41.650002,77859.0,-1.7688678410911394,-2.078515059549999
4174,2016-05-23,NSE:HMT,43.0,43.0,41.400002,41.900002,36918.0,0.6002400672153629,-1.7688678410911394
4175,2016-05-24,NSE:HMT,43.0,43.0,41.450001,41.599998,24153.0,-0.7159999658233936,0.6002400672153629
4176,2016-05-25,NSE:HMT,42.5,42.5,41.0,41.099998,12288.0,-1.201923134707843,-0.7159999658233936
4177,2016-05-26,NSE:HMT,41.0,41.0,39.150002,39.799999,23300.0,-3.1630147524581385,-1.201923134707843
4178,2016-05-27,NSE:HMT,39.200001,41.5,39.200001,40.150002,20477.0,0.8794045447086594,-3.1630147524581385
4179,2016-05-30,NSE:HMT,39.599998,41.049999,39.599998,40.75,15052.0,1.4943909591835123,0.8794045447086594
4180,2016-05-31,NSE:HMT,41.900002,42.349998,41.150002,41.849998,33690.0,2.699381595092023,1.4943909591835123
4181,2016-06-01,NSE:HMT,42.200001,43.900002,41.950001,43.900002,63111.0,4.8984566259716456,2.699381595092023
4182,2016-06-02,NSE:HMT,44.5,44.5,41.900002,42.150002,44956.0,-3.9863323924222143,4.8984566259716456
4183,2016-06-03,NSE:HMT,42.5,42.5,40.75,41.0,19508.0,-2.7283557424267753,-3.9863323924222143
4184,2016-06-06,NSE:HMT,41.0,42.5,40.25,41.200001,11928.0,0.48780731707317154,-2.7283557424267753
4185,2016-06-07,NSE:HMT,41.950001,41.950001,40.5,40.650002,19028.0,-1.3349489967245383,0.48780731707317154
4186,2016-06-08,NSE:HMT,40.299999,41.5,40.200001,41.099998,22519.0,1.1070011755472946,-1.3349489967245383
4187,2016-06-09,NSE:HMT,41.0,43.150002,41.0,42.599998,78807.0,3.6496352140941712,1.1070011755472946
4188,2016-06-10,NSE:HMT,42.950001,42.950001,41.099998,41.75,27433.0,-1.9953005631596494,3.6496352140941712
4189,2016-06-13,NSE:HMT,41.849998,41.849998,41.0,41.150002,13278.0,-1.4371209580838307,-1.9953005631596494
4190,2016-06-14,NSE:HMT,41.900002,42.099998,41.049999,41.450001,8881.0,0.7290376316385104,-1.4371209580838307
4191,2016-06-15,NSE:HMT,42.799999,42.799999,41.25,41.700001,20889.0,0.6031362942548542,0.7290376316385104
4192,2016-06-16,NSE:HMT,42.25,42.25,40.599998,41.349998,13075.0,-0.8393357112869158,0.6031362942548542
4193,2016-06-17,NSE:HMT,42.0,42.0,41.0,41.200001,11501.0,-0.36274971524786787,-0.8393357112869158
4194,2016-06-20,NSE:HMT,41.650002,41.75,41.0,41.650002,11833.0,1.0922354103826364,-0.36274971524786787
4195,2016-06-21,NSE:HMT,42.0,43.200001,41.5,42.150002,20623.0,1.2004801344307259,1.0922354103826364
4196,2016-06-22,NSE:HMT,42.900002,43.700001,41.200001,42.299999,41262.0,0.35586475179763705,1.2004801344307259
4197,2016-06-23,NSE:HMT,42.299999,43.0,41.200001,41.5,16327.0,-1.8912506357269647,0.35586475179763705
4198,2016-06-24,NSE:HMT,41.25,42.5,39.450001,40.25,51822.0,-3.0120481927710845,-1.8912506357269647
4199,2016-06-27,NSE:HMT,39.400002,41.0,39.400002,40.599998,18562.0,0.8695602484472034,-3.0120481927710845
4200,2016-06-28,NSE:HMT,41.5,42.049999,41.0,41.099998,28729.0,1.2315271542624213,0.8695602484472034
4201,2016-06-29,NSE:HMT,41.900002,42.0,41.349998,41.549999,21278.0,1.0948929973183947,1.2315271542624213
4202,2016-06-30,NSE:HMT,41.700001,42.349998,41.549999,41.849998,20608.0,0.7220192712880683,1.0948929973183947
4203,2016-07-01,NSE:HMT,42.099998,42.900002,41.700001,41.950001,28283.0,0.23895580592381616,0.7220192712880683
4204,2016-07-04,NSE:HMT,42.0,43.0,42.0,42.650002,17069.0,1.6686555025350305,0.23895580592381616
4205,2016-07-05,NSE:HMT,42.900002,43.0,42.0,42.349998,43842.0,-0.703409111211768,1.6686555025350305
4206,2016-07-07,NSE:HMT,42.950001,42.950001,42.0,42.549999,16437.0,0.47225740128724525,-0.703409111211768
4207,2016-07-08,NSE:HMT,42.799999,42.799999,41.299999,42.200001,7214.0,-0.8225570111059212,0.47225740128724525
4208,2016-07-11,NSE:HMT,43.25,43.25,42.099998,42.599998,31375.0,0.947860167112316,-0.8225570111059212
4209,2016-07-12,NSE:HMT,43.200001,43.200001,42.099998,42.5,11705.0,-0.23473710022239758,0.947860167112316
4210,2016-07-13,NSE:HMT,42.099998,44.599998,42.099998,44.099998,133727.0,3.764701176470587,-0.23473710022239758
4211,2016-07-14,NSE:HMT,43.0,43.900002,43.0,43.450001,16913.0,-1.4739161666175111,3.764701176470587
4212,2016-07-15,NSE:HMT,44.0,44.0,42.5,42.549999,15244.0,-2.071350930463731,-1.4739161666175111
4213,2016-07-18,NSE:HMT,42.200001,43.400002,42.099998,42.25,17392.0,-0.705050545359589,-2.071350930463731
4214,2016-07-19,NSE:HMT,42.849998,42.849998,41.700001,41.849998,10954.0,-0.9467502958579896,-0.705050545359589
4215,2016-07-20,NSE:HMT,41.25,43.0,41.25,42.299999,14156.0,1.0752712580774804,-0.9467502958579896
4216,2016-07-21,NSE:HMT,43.0,43.0,42.150002,42.200001,4048.0,-0.23640189684165092,1.0752712580774804
4217,2016-07-22,NSE:HMT,42.849998,42.849998,41.75,41.950001,5604.0,-0.5924170475730558,-0.23640189684165092
4218,2016-07-25,NSE:HMT,42.400002,42.400002,41.0,41.0,45893.0,-2.264603044943909,-0.5924170475730558
4219,2016-07-26,NSE:HMT,41.700001,41.700001,40.299999,40.549999,25972.0,-1.097563414634147,-2.264603044943909
4220,2016-07-27,NSE:HMT,40.849998,41.299999,40.099998,40.400002,13510.0,-0.3699062976549002,-1.097563414634147
4221,2016-07-28,NSE:HMT,41.0,41.799999,41.0,41.5,25107.0,2.7227671919422165,-0.3699062976549002
4222,2016-07-29,NSE:HMT,41.5,41.5,40.549999,40.700001,24513.0,-1.927708433734939,2.7227671919422165
4223,2016-08-01,NSE:HMT,40.5,41.299999,40.349998,40.599998,5616.0,-0.245707610670577,-1.927708433734939
4224,2016-08-02,NSE:HMT,40.299999,40.75,39.900002,40.049999,35790.0,-1.3546774066343543,-0.245707610670577
4225,2016-08-03,NSE:HMT,40.0,40.75,39.450001,39.950001,17935.0,-0.24968290261380374,-1.3546774066343543
4226,2016-08-04,NSE:HMT,40.0,40.900002,39.5,40.049999,5096.0,0.2503078785905396,-0.24968290261380374
4227,2016-08-05,NSE:HMT,40.650002,40.650002,39.900002,40.400002,20868.0,0.8739151279379581,0.2503078785905396
4228,2016-08-08,NSE:HMT,40.5,40.599998,39.700001,40.049999,15984.0,-0.8663440165176253,0.8739151279379581
4229,2016-08-09,NSE:HMT,39.650002,40.599998,39.200001,39.349998,22293.0,-1.7478177714810936,-0.8663440165176253
4230,2016-08-10,NSE:HMT,39.25,39.650002,38.299999,38.599998,38209.0,-1.9059721426161191,-1.7478177714810936
4231,2016-08-11,NSE:HMT,38.599998,39.299999,38.5,38.75,11778.0,0.3886062377516202,-1.9059721426161191
4232,2016-08-12,NSE:HMT,38.75,39.950001,38.599998,38.799999,24236.0,0.12902967741935403,0.3886062377516202
4233,2016-08-16,NSE:HMT,39.5,39.5,38.0,38.150002,23159.0,-1.675250043176545,0.12902967741935403
4234,2016-08-17,NSE:HMT,38.25,39.450001,38.25,38.700001,12085.0,1.4416748916553128,-1.675250043176545
4235,2016-08-18,NSE:HMT,38.099998,39.25,38.099998,38.549999,11302.0,-0.38760205716790713,1.4416748916553128
4236,2016-08-19,NSE:HMT,39.0,39.5,38.0,39.25,30864.0,1.8158262468437425,-0.38760205716790713
4237,2016-08-22,NSE:HMT,39.5,39.5,38.5,38.700001,10807.0,-1.401271337579617,1.8158262468437425
4238,2016-08-23,NSE:HMT,39.200001,39.200001,38.200001,38.400002,6493.0,-0.7751911944395032,-1.401271337579617
4239,2016-08-24,NSE:HMT,38.200001,39.650002,38.200001,39.0,12122.0,1.5624947102867321,-0.7751911944395032
4240,2016-08-25,NSE:HMT,39.0,39.0,38.349998,38.349998,16832.0,-1.6666717948717966,1.5624947102867321
4241,2016-08-26,NSE:HMT,39.900002,39.900002,38.200001,38.400002,7322.0,0.1303885335274366,-1.6666717948717966
4242,2016-08-29,NSE:HMT,39.0,39.0,38.099998,38.200001,3945.0,-0.5208359103731305,0.1303885335274366
4243,2016-08-30,NSE:HMT,39.75,39.75,38.5,38.549999,9732.0,0.9162251069051003,-0.5208359103731305
4244,2016-08-31,NSE:HMT,38.75,39.5,38.299999,38.5,18829.0,-0.1296990954526346,0.9162251069051003
4245,2016-09-01,NSE:HMT,38.400002,39.299999,36.900002,37.450001,44909.0,-2.7272701298701287,-0.1296990954526346
4246,2016-09-02,NSE:HMT,38.75,39.299999,37.0,38.0,56387.0,1.4686221236683001,-2.7272701298701287
4247,2016-09-06,NSE:HMT,38.0,38.799999,38.0,38.349998,11295.0,0.921047368421051,1.4686221236683001
4248,2016-09-07,NSE:HMT,38.599998,38.950001,38.200001,38.700001,16475.0,0.9126545456403959,0.921047368421051
4249,2016-09-08,NSE:HMT,38.049999,39.5,38.0,39.0,22474.0,0.7751911944395032,0.9126545456403959
4250,2016-09-09,NSE:HMT,39.549999,40.950001,38.75,40.900002,74078.0,4.871800000000002,0.7751911944395032
4251,2016-09-12,NSE:HMT,39.099998,40.950001,39.099998,39.599998,13156.0,-3.178493732102999,4.871800000000002
4252,2016-09-14,NSE:HMT,39.049999,39.849998,38.599998,39.599998,22453.0,0.0,-3.178493732102999
4253,2016-09-15,NSE:HMT,40.0,40.0,38.650002,39.150002,7290.0,-1.1363535927451278,0.0
4254,2016-09-16,NSE:HMT,39.700001,39.700001,38.799999,39.049999,10277.0,-0.25543549142092237,-1.1363535927451278
4255,2016-09-19,NSE:HMT,39.200001,39.200001,38.450001,38.549999,4731.0,-1.2804097639029388,-0.25543549142092237
4256,2016-09-20,NSE:HMT,39.0,39.349998,38.25,38.599998,14621.0,0.1296990954526346,-1.2804097639029388
4257,2016-09-21,NSE:HMT,39.299999,39.299999,38.5,38.5,11367.0,-0.25906218958871285,0.1296990954526346
4258,2016-09-22,NSE:HMT,39.799999,40.0,38.5,39.0,14579.0,1.2987012987012987,-0.25906218958871285
4259,2016-09-23,NSE:HMT,39.5,39.5,38.200001,38.599998,13600.0,-1.0256461538461554,1.2987012987012987
4260,2016-09-26,NSE:HMT,38.599998,39.0,37.700001,38.099998,9368.0,-1.295336854680666,-1.0256461538461554
4261,2016-09-27,NSE:HMT,38.75,38.75,37.700001,38.0,10072.0,-0.26246195603474665,-1.295336854680666
4262,2016-09-28,NSE:HMT,37.700001,38.650002,37.700001,38.049999,17924.0,0.13157631578947285,-0.26246195603474665
4263,2016-09-29,NSE:HMT,38.5,38.5,36.150002,36.450001,43671.0,-4.204988283968153,0.13157631578947285
4264,2016-09-30,NSE:HMT,36.450001,37.0,35.25,36.599998,24351.0,0.411514392002346,-4.204988283968153
4265,2016-10-03,NSE:HMT,36.25,37.900002,36.25,37.150002,15545.0,1.5027432515160282,0.411514392002346
4266,2016-10-04,NSE:HMT,36.650002,38.0,36.5,37.75,12858.0,1.615068553697519,1.5027432515160282
4267,2016-10-05,NSE:HMT,38.0,38.599998,37.200001,37.900002,7013.0,0.39735629139073014,1.615068553697519
4268,2016-10-06,NSE:HMT,37.5,38.599998,37.200001,37.200001,12022.0,-1.846968240265529,0.39735629139073014
4269,2016-10-07,NSE:HMT,37.299999,37.599998,36.900002,37.0,16189.0,-0.5376370823215846,-1.846968240265529
4270,2016-10-10,NSE:HMT,38.299999,38.299999,37.0,37.900002,16534.0,2.4324378378378397,-0.5376370823215846
4271,2016-10-13,NSE:HMT,37.900002,37.900002,37.0,37.400002,8845.0,-1.3192611441023143,2.4324378378378397
4272,2016-10-14,NSE:HMT,37.0,37.900002,35.549999,37.099998,13370.0,-0.8021496897246189,-1.3192611441023143
4273,2016-10-17,NSE:HMT,37.75,37.75,36.25,37.150002,8147.0,0.13478167842489175,-0.8021496897246189
4274,2016-10-18,NSE:HMT,37.599998,38.5,36.049999,38.400002,23606.0,3.3647373693277327,0.13478167842489175
4275,2016-10-19,NSE:HMT,38.5,40.299999,37.799999,39.700001,30275.0,3.385413886176359,3.3647373693277327
4276,2016-10-20,NSE:HMT,39.799999,41.0,38.700001,40.400002,71163.0,1.7632266558381202,3.385413886176359
4277,2016-10-21,NSE:HMT,40.799999,40.799999,39.5,40.400002,13503.0,0.0,1.7632266558381202
4278,2016-10-24,NSE:HMT,40.349998,41.400002,39.0,41.200001,32308.0,1.980195446524977,0.0
4279,2016-10-25,NSE:HMT,41.349998,41.349998,40.049999,40.599998,11624.0,-1.4563179258175285,1.980195446524977
4280,2016-10-26,NSE:HMT,40.599998,41.0,39.200001,40.299999,16344.0,-0.7389138295031435,-1.4563179258175285
4281,2016-10-27,NSE:HMT,40.799999,42.299999,38.5,41.849998,60161.0,3.846151460202268,-0.7389138295031435
4282,2016-10-28,NSE:HMT,42.0,42.0,40.700001,40.900002,37133.0,-2.270002497969053,3.846151460202268
4283,2016-11-01,NSE:HMT,40.099998,42.25,40.099998,41.799999,19819.0,2.200481554988675,-2.270002497969053
4284,2016-11-02,NSE:HMT,40.0,41.5,39.799999,40.099998,14148.0,-4.0669881355738795,2.200481554988675
4285,2016-11-03,NSE:HMT,40.150002,40.200001,39.0,39.150002,8407.0,-2.3690674498287976,-4.0669881355738795
4286,2016-11-04,NSE:HMT,40.200001,40.200001,37.549999,38.049999,11403.0,-2.809713777281546,-2.3690674498287976
4287,2016-11-07,NSE:HMT,39.25,39.25,38.0,38.599998,6675.0,1.4454639013262514,-2.809713777281546
4288,2016-11-08,NSE:HMT,39.900002,39.900002,38.0,38.700001,4012.0,0.25907514295726375,1.4454639013262514
4289,2016-11-09,NSE:HMT,37.349998,37.900002,36.799999,37.200001,31936.0,-3.875968892093827,0.25907514295726375
4290,2016-11-10,NSE:HMT,38.900002,38.900002,37.25,38.049999,13350.0,2.2849407987919124,-3.875968892093827
4291,2016-11-11,NSE:HMT,37.900002,38.799999,37.150002,37.549999,7532.0,-1.31406048131565,2.2849407987919124
4292,2016-11-15,NSE:HMT,37.0,38.0,35.700001,35.900002,11873.0,-4.394133272813134,-1.31406048131565
4293,2016-11-16,NSE:HMT,37.400002,37.400002,35.349998,35.549999,8034.0,-0.9749386643488236,-4.394133272813134
4294,2016-11-17,NSE:HMT,35.5,36.349998,34.549999,35.099998,9218.0,-1.2658256333565587,-0.9749386643488236
4295,2016-11-18,NSE:HMT,36.0,36.0,34.799999,34.950001,14007.0,-0.42734190469184374,-1.2658256333565587
4296,2016-11-21,NSE:HMT,36.599998,36.650002,33.299999,34.150002,42055.0,-2.288981336509832,-0.42734190469184374
4297,2016-11-22,NSE:HMT,35.599998,35.599998,32.450001,33.25,11708.0,-2.6354376201793506,-2.288981336509832
4298,2016-11-23,NSE:HMT,33.900002,34.900002,32.799999,34.799999,12795.0,4.661651127819548,-2.6354376201793506
4299,2016-11-24,NSE:HMT,35.849998,35.849998,33.099998,34.0,7694.0,-2.2988477672082683,4.661651127819548
4300,2016-11-25,NSE:HMT,35.5,35.5,33.299999,34.950001,2984.0,2.794120588235295,-2.2988477672082683
4301,2016-11-28,NSE:HMT,35.0,35.950001,34.950001,35.200001,3776.0,0.7153075617937751,2.794120588235295
4302,2016-11-29,NSE:HMT,35.0,36.950001,35.0,36.0,9877.0,2.2727243672521475,0.7153075617937751
4303,2016-11-30,NSE:HMT,36.900002,37.5,35.5,35.950001,8279.0,-0.1388861111111102,2.2727243672521475
4304,2016-12-01,NSE:HMT,36.799999,36.799999,35.200001,36.400002,4392.0,1.2517412725523993,-0.1388861111111102
4305,2016-12-02,NSE:HMT,37.450001,37.450001,35.75,35.849998,7458.0,-1.51099991697803,1.2517412725523993
4306,2016-12-05,NSE:HMT,35.900002,37.25,35.25,35.450001,6169.0,-1.1157518056207396,-1.51099991697803
4307,2016-12-06,NSE:HMT,36.5,36.5,35.299999,35.900002,4492.0,1.2693962970551123,-1.1157518056207396
4308,2016-12-07,NSE:HMT,36.5,37.650002,35.25,37.650002,28853.0,4.874651539016627,1.2693962970551123
4309,2016-12-08,NSE:HMT,39.200001,39.5,38.799999,39.25,50983.0,4.249662456857238,4.874651539016627
4310,2016-12-09,NSE:HMT,39.900002,41.200001,39.099998,41.200001,59826.0,4.96815541401274,4.249662456857238
4311,2016-12-12,NSE:HMT,41.200001,42.5,41.200001,41.5,55341.0,0.7281528949477445,4.96815541401274
4312,2016-12-13,NSE:HMT,40.5,41.5,39.450001,39.5,9555.0,-4.819277108433735,0.7281528949477445
4313,2016-12-14,NSE:HMT,40.0,40.0,38.099998,38.349998,15062.0,-2.9113974683544317,-4.819277108433735
4314,2016-12-15,NSE:HMT,38.0,39.200001,37.75,38.25,14521.0,-0.2607509914342091,-2.9113974683544317
4315,2016-12-16,NSE:HMT,39.5,39.5,38.099998,38.299999,10937.0,0.13071633986928022,-0.2607509914342091
4316,2016-12-19,NSE:HMT,39.299999,39.5,37.099998,38.400002,6850.0,0.26110444545964856,0.13071633986928022
4317,2016-12-20,NSE:HMT,40.299999,40.299999,38.599998,39.150002,35303.0,1.9531248982747447,0.26110444545964856
4318,2016-12-21,NSE:HMT,40.0,40.0,38.0,38.099998,16186.0,-2.6820024172668018,1.9531248982747447
4319,2016-12-22,NSE:HMT,38.400002,38.400002,36.25,36.950001,29647.0,-3.018364987840679,-2.6820024172668018
4320,2016-12-23,NSE:HMT,37.799999,38.75,36.799999,38.450001,29106.0,4.059539808943442,-3.018364987840679
4321,2016-12-26,NSE:HMT,39.950001,39.950001,37.0,39.549999,36325.0,2.8608529815122745,4.059539808943442
4322,2016-12-27,NSE:HMT,38.599998,41.5,38.0,41.5,70922.0,4.930470415435409,2.8608529815122745
4323,2016-12-28,NSE:HMT,42.0,42.0,40.0,40.099998,9350.0,-3.3734987951807245,4.930470415435409
4324,2016-12-29,NSE:HMT,40.400002,41.75,39.549999,41.150002,42822.0,2.6184639709957125,-3.3734987951807245
4325,2016-12-30,NSE:HMT,41.25,41.700001,40.0,40.849998,11117.0,-0.7290497823062104,2.6184639709957125
4326,2017-01-02,NSE:HMT,41.400002,42.849998,40.099998,42.849998,51880.0,4.895961072017678,-0.7290497823062104
4327,2017-01-03,NSE:HMT,44.0,44.0,41.049999,41.950001,20181.0,-2.1003431552085465,4.895961072017678
4328,2017-01-04,NSE:HMT,42.799999,42.799999,41.25,41.450001,5673.0,-1.1918950848177572,-2.1003431552085465
4329,2017-01-05,NSE:HMT,42.200001,43.5,41.349998,43.349998,37941.0,4.583828598701358,-1.1918950848177572
4330,2017-01-06,NSE:HMT,42.0,43.349998,42.0,42.849998,16536.0,-1.1534025906990815,4.583828598701358
4331,2017-01-09,NSE:HMT,43.5,43.5,42.0,43.299999,13016.0,1.050177411910265,-1.1534025906990815
4332,2017-01-10,NSE:HMT,43.5,45.450001,41.849998,45.400002,115491.0,4.849891566972094,1.050177411910265
4333,2017-01-11,NSE:HMT,46.450001,46.450001,43.700001,45.0,43214.0,-0.8810616351955242,4.849891566972094
4334,2017-01-12,NSE:HMT,45.0,45.799999,43.549999,44.349998,26175.0,-1.4444488888888904,-0.8810616351955242
4335,2017-01-13,NSE:HMT,45.0,45.0,42.799999,43.799999,20613.0,-1.2401330886193043,-1.4444488888888904
4336,2017-01-16,NSE:HMT,43.0,44.099998,41.650002,42.849998,13523.0,-2.168952104313976,-1.2401330886193043
4337,2017-01-17,NSE:HMT,43.900002,43.900002,42.049999,42.799999,9299.0,-0.11668378607625532,-2.168952104313976
4338,2017-01-18,NSE:HMT,43.900002,43.900002,42.0,42.5,7133.0,-0.7009322593675754,-0.11668378607625532
4339,2017-01-19,NSE:HMT,41.5,44.599998,41.0,44.599998,53289.0,4.941171764705881,-0.7009322593675754
4340,2017-01-20,NSE:HMT,46.5,46.5,43.299999,43.849998,35649.0,-1.6816144251845033,4.941171764705881
4341,2017-01-23,NSE:HMT,43.950001,44.700001,43.0,44.099998,9822.0,0.5701254535975121,-1.6816144251845033
4342,2017-01-24,NSE:HMT,42.5,44.849998,42.200001,43.650002,5501.0,-1.0203991392471237,0.5701254535975121
4343,2017-01-25,NSE:HMT,43.700001,44.75,43.150002,44.0,18682.0,0.801828141955181,-1.0203991392471237
4344,2017-01-27,NSE:HMT,45.099998,45.099998,43.349998,43.75,8424.0,-0.5681818181818182,0.801828141955181
4345,2017-01-30,NSE:HMT,43.0,45.099998,43.0,43.849998,10678.0,0.2285668571428557,-0.5681818181818182
4346,2017-01-31,NSE:HMT,45.0,45.0,43.099998,43.349998,7069.0,-1.1402509071950242,0.2285668571428557
4347,2017-02-01,NSE:HMT,44.900002,44.900002,42.549999,42.799999,45835.0,-1.2687405429638077,-1.1402509071950242
4348,2017-02-02,NSE:HMT,42.799999,43.950001,42.450001,42.549999,19090.0,-0.5841121631801907,-1.2687405429638077
4349,2017-02-03,NSE:HMT,43.5,43.5,42.5,42.650002,9032.0,0.23502468237426036,-0.5841121631801907
4350,2017-02-06,NSE:HMT,41.049999,43.450001,41.049999,41.950001,11654.0,-1.6412683872793261,0.23502468237426036
4351,2017-02-07,NSE:HMT,43.0,43.0,41.25,42.349998,18447.0,0.9535089164836946,-1.6412683872793261
4352,2017-02-08,NSE:HMT,43.0,43.349998,41.650002,41.849998,10021.0,-1.180637600030111,0.9535089164836946
4353,2017-02-09,NSE:HMT,42.5,42.5,41.400002,41.75,4378.0,-0.23894385849193914,-1.180637600030111
4354,2017-02-10,NSE:HMT,41.75,42.799999,41.5,41.599998,5728.0,-0.3592862275449117,-0.23894385849193914
4355,2017-02-13,NSE:HMT,43.0,43.0,40.549999,40.799999,10014.0,-1.9230746116862787,-0.3592862275449117
4356,2017-02-14,NSE:HMT,40.799999,42.0,40.099998,41.200001,2835.0,0.9803970828528713,-1.9230746116862787
4357,2017-02-15,NSE:HMT,40.200001,40.900002,39.5,39.799999,9427.0,-3.39806302431886,0.9803970828528713
4358,2017-02-16,NSE:HMT,39.5,40.700001,39.0,40.200001,5306.0,1.005030176005785,-3.39806302431886
4359,2017-02-17,NSE:HMT,40.200001,40.950001,39.5,40.049999,3355.0,-0.37313929420051667,1.005030176005785
4360,2017-02-20,NSE:HMT,40.25,41.450001,39.299999,40.299999,3085.0,0.6242197409293319,-0.37313929420051667
4361,2017-02-21,NSE:HMT,39.700001,41.0,39.700001,40.200001,5565.0,-0.24813400119439052,0.6242197409293319
4362,2017-02-22,NSE:HMT,42.099998,42.099998,39.599998,39.900002,5441.0,-0.7462661505903935,-0.24813400119439052
4363,2017-02-23,NSE:HMT,39.599998,40.849998,39.599998,40.450001,13971.0,1.3784435399276413,-0.7462661505903935
4364,2017-02-27,NSE:HMT,39.0,40.450001,39.0,39.25,4007.0,-2.966627862382501,1.3784435399276413
4365,2017-02-28,NSE:HMT,40.799999,40.799999,39.0,39.099998,1531.0,-0.3821707006369443,-2.966627862382501
4366,2017-03-01,NSE:HMT,39.099998,40.900002,38.099998,40.099998,1360.0,2.5575448878539584,-0.3821707006369443
4367,2017-03-02,NSE:HMT,38.200001,40.700001,38.200001,39.0,3548.0,-2.7431372939220577,2.5575448878539584
4368,2017-03-03,NSE:HMT,38.25,39.299999,38.0,38.849998,1118.0,-0.38462051282051446,-2.7431372939220577
4369,2017-03-06,NSE:HMT,40.200001,40.200001,38.0,38.099998,5900.0,-1.9305020298842746,-0.38462051282051446
4370,2017-03-07,NSE:HMT,38.200001,39.25,37.150002,37.200001,5840.0,-2.3621969743935396,-1.9305020298842746
4371,2017-03-08,NSE:HMT,37.25,37.950001,37.25,37.950001,3001.0,2.0161289780610487,-2.3621969743935396
4372,2017-03-09,NSE:HMT,37.799999,38.0,37.599998,37.599998,526.0,-0.9222740204934406,2.0161289780610487
4373,2017-03-10,NSE:HMT,37.900002,37.900002,36.799999,37.299999,938.0,-0.7978697232909419,-0.9222740204934406
4374,2017-03-14,NSE:HMT,38.099998,38.299999,36.799999,37.650002,1542.0,0.9383458696607498,-0.7978697232909419
4375,2017-03-15,NSE:HMT,36.549999,37.900002,36.549999,37.900002,560.0,0.6640105888971798,0.9383458696607498
4376,2017-03-16,NSE:HMT,36.599998,37.650002,36.599998,37.299999,3790.0,-1.5831212884896442,0.6640105888971798
4377,2017-03-17,NSE:HMT,37.950001,38.450001,36.599998,36.900002,8634.0,-1.07237804483587,-1.5831212884896442
4378,2017-03-20,NSE:HMT,36.599998,38.700001,36.099998,37.0,5466.0,0.2709972752846988,-1.07237804483587
4379,2017-03-21,NSE:HMT,36.450001,38.849998,36.450001,38.599998,8224.0,4.324318918918917,0.2709972752846988
4380,2017-03-22,NSE:HMT,38.700001,38.700001,36.849998,37.450001,17349.0,-2.9792669937444014,4.324318918918917
4381,2017-03-23,NSE:HMT,37.0,39.299999,36.650002,39.299999,14581.0,4.939914420830053,-2.9792669937444014
4382,2017-03-24,NSE:HMT,38.900002,41.25,38.900002,39.25,18972.0,-0.12722392181231273,4.939914420830053
4383,2017-03-27,NSE:HMT,38.299999,39.799999,37.400002,37.799999,4970.0,-3.694270063694268,-0.12722392181231273
4384,2017-03-28,NSE:HMT,38.799999,39.549999,36.950001,37.799999,6293.0,0.0,-3.694270063694268
4385,2017-03-29,NSE:HMT,38.799999,39.599998,36.099998,37.5,8697.0,-0.7936481691441306,0.0
4386,2017-03-30,NSE:HMT,36.900002,38.400002,36.799999,37.700001,5183.0,0.5333360000000008,-0.7936481691441306
4387,2017-03-31,NSE:HMT,36.700001,38.349998,36.700001,38.0,2727.0,0.795753294542352,0.5333360000000008
4388,2017-04-03,NSE:HMT,38.799999,39.900002,38.799999,39.900002,7568.0,5.000005263157896,0.795753294542352
4389,2017-04-05,NSE:HMT,41.849998,41.849998,39.700001,40.200001,19637.0,0.7518771552943774,5.000005263157896
4390,2017-04-06,NSE:HMT,41.5,41.5,39.549999,39.549999,3742.0,-1.6169203577880524,0.7518771552943774
4391,2017-04-07,NSE:HMT,39.5,40.0,38.0,39.75,2871.0,0.5056915424953622,-1.6169203577880524
4392,2017-04-10,NSE:HMT,40.650002,40.650002,38.200001,39.799999,2956.0,0.12578364779874132,0.5056915424953622
4393,2017-04-11,NSE:HMT,38.849998,39.349998,38.400002,38.849998,2141.0,-2.3869372459029465,0.12578364779874132
4394,2017-04-12,NSE:HMT,39.0,39.0,38.0,38.349998,4191.0,-1.287001353256183,-2.3869372459029465
4395,2017-04-13,NSE:HMT,38.349998,40.0,38.099998,39.0,6551.0,1.6949205577533555,-1.287001353256183
4396,2017-04-17,NSE:HMT,39.0,40.099998,37.5,38.900002,1512.0,-0.2564051282051266,1.6949205577533555
4397,2017-04-18,NSE:HMT,39.700001,39.700001,37.549999,39.25,2399.0,0.8997377429440732,-0.2564051282051266
4398,2017-04-19,NSE:HMT,39.700001,40.650002,38.049999,39.650002,6081.0,1.0191133757961799,0.8997377429440732
4399,2017-04-20,NSE:HMT,40.799999,40.799999,38.700001,38.799999,3413.0,-2.143765339532646,1.0191133757961799
4400,2017-04-21,NSE:HMT,38.0,39.799999,38.0,38.900002,4139.0,0.25773969736442764,-2.143765339532646
4401,2017-04-24,NSE:HMT,39.349998,40.799999,39.299999,40.75,26900.0,4.7557786757954394,0.25773969736442764
4402,2017-04-25,NSE:HMT,41.599998,41.950001,40.599998,41.950001,20192.0,2.9447877300613503,4.7557786757954394
4403,2017-04-26,NSE:HMT,42.0,44.0,42.0,44.0,38288.0,4.886767463962634,2.9447877300613503
4404,2017-04-27,NSE:HMT,45.0,46.200001,44.5,46.200001,34066.0,5.000002272727273,4.886767463962634
4405,2017-04-28,NSE:HMT,48.349998,48.5,46.200001,47.450001,68176.0,2.7056276470643366,5.000002272727273
4406,2017-05-02,NSE:HMT,45.099998,48.950001,45.099998,45.099998,20495.0,-4.952587882980236,2.7056276470643366
4407,2017-05-03,NSE:HMT,46.75,46.75,43.150002,45.450001,11360.0,0.7760599013773813,-4.952587882980236
4408,2017-05-04,NSE:HMT,46.0,47.349998,45.0,47.049999,18778.0,3.520347557308083,0.7760599013773813
4409,2017-05-05,NSE:HMT,47.049999,47.950001,45.0,46.650002,13839.0,-0.8501530467620181,3.520347557308083
4410,2017-05-08,NSE:HMT,47.849998,47.849998,44.5,45.849998,3505.0,-1.71490667888932,-0.8501530467620181
4411,2017-05-09,NSE:HMT,47.450001,47.450001,44.099998,45.299999,9255.0,-1.1995616662840416,-1.71490667888932
4412,2017-05-10,NSE:HMT,43.099998,47.400002,43.099998,45.099998,3733.0,-0.44150332100448897,-1.1995616662840416
4413,2017-05-11,NSE:HMT,46.299999,46.299999,44.799999,45.0,6598.0,-0.2217250652649682,-0.44150332100448897
4414,2017-05-12,NSE:HMT,45.0,45.099998,44.0,44.900002,3271.0,-0.22221777777777638,-0.2217250652649682
4415,2017-05-15,NSE:HMT,42.75,45.0,42.75,43.900002,2419.0,-2.2271713929990473,-0.22221777777777638
4416,2017-05-16,NSE:HMT,44.0,44.900002,42.549999,43.5,3736.0,-0.9111662455049561,-2.2271713929990473
4417,2017-05-17,NSE:HMT,42.900002,43.849998,42.900002,43.450001,3081.0,-0.11494022988505674,-0.9111662455049561
4418,2017-05-18,NSE:HMT,45.0,45.0,42.0,43.75,13380.0,0.6904464743280436,-0.11494022988505674
4419,2017-05-19,NSE:HMT,41.700001,44.450001,41.700001,43.049999,20180.0,-1.6000022857142864,0.6904464743280436
4420,2017-05-22,NSE:HMT,41.900002,44.349998,41.0,41.450001,8542.0,-3.716604035228896,-1.6000022857142864
4421,2017-05-23,NSE:HMT,42.0,42.0,40.0,40.5,3978.0,-2.2919203307136238,-3.716604035228896
4422,2017-05-24,NSE:HMT,38.700001,41.5,38.700001,39.5,4106.0,-2.4691358024691357,-2.2919203307136238
4423,2017-05-25,NSE:HMT,38.0,40.349998,38.0,39.599998,2875.0,0.2531594936708845,-2.4691358024691357
4424,2017-05-26,NSE:HMT,40.950001,41.0,39.650002,40.0,10709.0,1.0101061116215224,0.2531594936708845
4425,2017-05-29,NSE:HMT,40.0,40.5,38.549999,38.799999,1627.0,-3.000002500000001,1.0101061116215224
4426,2017-05-30,NSE:HMT,38.75,39.0,37.099998,38.75,4914.0,-0.12886340538307664,-3.000002500000001
4427,2017-05-31,NSE:HMT,37.650002,39.0,37.25,38.400002,6724.0,-0.9032206451612887,-0.12886340538307664
4428,2017-06-01,NSE:HMT,38.5,38.900002,38.099998,38.700001,1350.0,0.7812473551433661,-0.9032206451612887
4429,2017-06-02,NSE:HMT,38.0,38.75,38.0,38.599998,2388.0,-0.25840567807737513,0.7812473551433661
4430,2017-06-05,NSE:HMT,37.099998,38.400002,37.099998,38.0,1323.0,-1.554399044269379,-0.25840567807737513
4431,2017-06-06,NSE:HMT,38.5,38.5,37.5,38.0,457.0,0.0,-1.554399044269379
4432,2017-06-07,NSE:HMT,37.0,39.900002,36.799999,38.599998,3391.0,1.5789421052631565,0.0
4433,2017-06-08,NSE:HMT,38.599998,39.599998,38.599998,39.150002,1128.0,1.4248809028435734,1.5789421052631565
4434,2017-06-09,NSE:HMT,38.049999,39.599998,38.049999,39.599998,906.0,1.1494150115241342,1.4248809028435734
4435,2017-06-12,NSE:HMT,39.599998,39.599998,38.099998,38.700001,630.0,-2.2727198117535234,1.1494150115241342
4436,2017-06-13,NSE:HMT,37.900002,39.450001,37.5,37.849998,3151.0,-2.1963901241242887,-2.2727198117535234
4437,2017-06-14,NSE:HMT,37.799999,38.0,37.049999,37.599998,1875.0,-0.6605020164069757,-2.1963901241242887
4438,2017-06-15,NSE:HMT,36.5,38.5,36.5,37.849998,1051.0,0.6648936523879603,-0.6605020164069757
4439,2017-06-16,NSE:HMT,37.700001,39.5,37.650002,38.099998,117796.0,0.6605020164069757,0.6648936523879603
4440,2017-06-19,NSE:HMT,40.0,40.0,39.900002,40.0,5831.0,4.986882151542372,0.6605020164069757
4441,2017-06-20,NSE:HMT,41.0,42.0,40.599998,40.950001,12839.0,2.375002500000001,4.986882151542372
4442,2017-06-21,NSE:HMT,40.599998,41.049999,39.799999,39.900002,897.0,-2.564100059484735,2.375002500000001
4443,2017-06-22,NSE:HMT,40.099998,40.099998,39.0,39.200001,2493.0,-1.7543883832386784,-2.564100059484735
4444,2017-06-23,NSE:HMT,38.549999,39.5,37.349998,38.25,3983.0,-2.4234718769522487,-1.7543883832386784
4445,2017-06-27,NSE:HMT,37.599998,39.200001,37.099998,37.5,3531.0,-1.9607843137254901,-2.4234718769522487
4446,2017-06-28,NSE:HMT,36.150002,38.150002,36.150002,37.5,3173.0,0.0,-1.9607843137254901
4447,2017-06-29,NSE:HMT,37.5,37.799999,37.0,37.549999,853.0,0.13333066666666582,0.0
4448,2017-06-30,NSE:HMT,36.650002,38.0,36.549999,37.5,3091.0,-0.13315313270713983,0.13333066666666582
4449,2017-07-03,NSE:HMT,37.5,38.700001,37.5,38.200001,1264.0,1.8666693333333342,-0.13315313270713983
4450,2017-07-04,NSE:HMT,37.549999,38.700001,37.0,37.150002,1236.0,-2.748688409720198,1.8666693333333342
4451,2017-07-05,NSE:HMT,38.599998,39.0,37.599998,38.349998,2587.0,3.230137107395038,-2.748688409720198
4452,2017-07-06,NSE:HMT,38.0,38.900002,37.549999,38.049999,1950.0,-0.7822660121129594,3.230137107395038
4453,2017-07-07,NSE:HMT,36.25,39.5,36.25,38.099998,4368.0,0.1314034200106015,-0.7822660121129594
4454,2017-07-10,NSE:HMT,37.25,38.5,37.25,38.5,210.0,1.0498740708595329,0.1314034200106015
4455,2017-07-11,NSE:HMT,38.049999,38.049999,37.5,38.0,4940.0,-1.2987012987012987,1.0498740708595329
4456,2017-07-12,NSE:HMT,37.400002,39.400002,37.400002,38.450001,8091.0,1.1842131578947377,-1.2987012987012987
4457,2017-07-13,NSE:HMT,37.0,38.799999,37.0,37.799999,2198.0,-1.6905123097396033,1.1842131578947377
4458,2017-07-14,NSE:HMT,37.799999,38.400002,37.150002,37.5,1911.0,-0.7936481691441306,-1.6905123097396033
4459,2017-07-17,NSE:HMT,38.75,38.75,36.799999,37.25,2231.0,-0.6666666666666667,-0.7936481691441306
4460,2017-07-18,NSE:HMT,38.0,38.0,36.700001,37.099998,7599.0,-0.40268993288590776,-0.6666666666666667
4461,2017-07-19,NSE:HMT,37.0,37.849998,36.849998,37.0,2659.0,-0.2695364026704243,-0.40268993288590776
4462,2017-07-20,NSE:HMT,37.900002,37.900002,36.650002,37.900002,3295.0,2.4324378378378397,-0.2695364026704243
4463,2017-07-21,NSE:HMT,37.200001,37.200001,36.950001,36.950001,1467.0,-2.5065988123166862,2.4324378378378397
4464,2017-07-24,NSE:HMT,37.0,37.400002,37.0,37.099998,12240.0,0.40594586181472375,-2.5065988123166862
4465,2017-07-25,NSE:HMT,36.900002,38.0,36.900002,38.0,2340.0,2.425881532392537,0.40594586181472375
4466,2017-07-26,NSE:HMT,37.5,37.599998,37.0,37.099998,2224.0,-2.3684263157894754,2.425881532392537
4467,2017-07-27,NSE:HMT,37.049999,37.099998,36.849998,37.049999,2510.0,-0.13476820133521214,-2.3684263157894754
4468,2017-07-28,NSE:HMT,37.0,37.400002,35.650002,37.400002,3541.0,0.9446774883853599,-0.13476820133521214
4469,2017-07-31,NSE:HMT,36.25,37.75,35.849998,37.5,4235.0,0.2673743172527086,0.9446774883853599
4470,2017-08-01,NSE:HMT,37.5,37.700001,36.150002,36.25,1534.0,-3.3333333333333335,0.2673743172527086
4471,2017-08-02,NSE:HMT,36.400002,37.0,36.400002,36.700001,2110.0,1.2413820689655182,-3.3333333333333335
4472,2017-08-03,NSE:HMT,36.400002,36.5,36.400002,36.5,140.0,-0.5449618380119399,1.2413820689655182
4473,2017-08-04,NSE:HMT,36.0,37.400002,35.400002,37.049999,3356.0,1.506846575342465,-0.5449618380119399
4474,2017-08-07,NSE:HMT,37.5,37.5,36.049999,36.200001,2255.0,-2.2941916948499763,1.506846575342465
4475,2017-08-08,NSE:HMT,35.099998,36.400002,35.099998,36.200001,1605.0,0.0,-2.2941916948499763
4476,2017-08-09,NSE:HMT,35.099998,35.299999,34.400002,34.599998,9321.0,-4.41989766795863,0.0
4477,2017-08-10,NSE:HMT,34.5,34.5,33.0,33.25,3971.0,-3.901728549232862,-4.41989766795863
4478,2017-08-11,NSE:HMT,33.5,33.5,31.6,32.200001,2481.0,-3.1578917293233073,-3.901728549232862
4479,2017-08-14,NSE:HMT,32.0,33.5,31.6,33.049999,1429.0,2.639745259635238,-3.1578917293233073
4480,2017-08-16,NSE:HMT,32.049999,33.299999,32.0,32.950001,2215.0,-0.30256581853451603,2.639745259635238
4481,2017-08-17,NSE:HMT,33.0,33.0,31.700001,31.75,11152.0,-3.6418845632204997,-0.30256581853451603
4482,2017-08-18,NSE:HMT,32.0,33.299999,31.75,33.0,6346.0,3.937007874015748,-3.6418845632204997
4483,2017-08-21,NSE:HMT,33.0,33.400002,31.6,31.950001,2864.0,-3.181815151515151,3.937007874015748
4484,2017-08-22,NSE:HMT,32.599998,33.5,31.25,33.0,4150.0,3.2863817437752187,-3.181815151515151
4485,2017-08-23,NSE:HMT,32.5,34.400002,31.35,32.200001,14764.0,-2.4242393939393927,3.2863817437752187
4486,2017-08-24,NSE:HMT,33.400002,33.400002,31.799999,32.400002,2036.0,0.6211210987229482,-2.4242393939393927
4487,2017-08-28,NSE:HMT,32.0,33.400002,31.200001,33.400002,3411.0,3.0864195625666935,0.6211210987229482
4488,2017-08-29,NSE:HMT,33.5,33.5,32.049999,33.299999,1338.0,-0.2994101617119692,3.0864195625666935
4489,2017-08-30,NSE:HMT,32.150002,33.450001,32.049999,33.299999,3741.0,0.0,-0.2994101617119692
4490,2017-08-31,NSE:HMT,32.0,33.0,31.700001,33.0,4362.0,-0.9008979249518887,0.0
4491,2017-09-01,NSE:HMT,33.0,33.5,33.0,33.0,3661.0,0.0,-0.9008979249518887
4492,2017-09-04,NSE:HMT,32.5,33.450001,32.400002,32.400002,791.0,-1.8181757575757556,0.0
4493,2017-09-05,NSE:HMT,34.0,34.0,32.299999,33.599998,1817.0,3.7036911294017782,-1.8181757575757556
4494,2017-09-06,NSE:HMT,33.0,35.25,32.599998,34.900002,10249.0,3.8690597541107032,3.7036911294017782
4495,2017-09-07,NSE:HMT,34.950001,36.599998,33.25,35.75,9987.0,2.4355242157292696,3.8690597541107032
4496,2017-09-08,NSE:HMT,36.0,37.5,35.950001,36.599998,14408.0,2.3776167832167814,2.4355242157292696
4497,2017-09-11,NSE:HMT,38.0,38.400002,36.299999,37.700001,12120.0,3.0054728418291194,2.3776167832167814
4498,2017-09-12,NSE:HMT,36.5,38.0,36.400002,37.5,1161.0,-0.530506617227942,3.0054728418291194
4499,2017-09-13,NSE:HMT,36.799999,38.5,36.099998,36.799999,3089.0,-1.8666693333333342,-0.530506617227942
4500,2017-09-14,NSE:HMT,37.0,37.950001,36.0,36.0,4557.0,-2.173910385160607,-1.8666693333333342
4501,2017-09-15,NSE:HMT,34.5,36.650002,34.5,35.5,5015.0,-1.3888888888888888,-2.173910385160607
4502,2017-09-18,NSE:HMT,37.0,37.0,34.599998,35.099998,1355.0,-1.1267661971831004,-1.3888888888888888
4503,2017-09-19,NSE:HMT,35.099998,36.5,35.0,36.150002,3475.0,2.991464557918212,-1.1267661971831004
4504,2017-09-20,NSE:HMT,36.450001,36.450001,35.349998,35.849998,3785.0,-0.8298865377656169,2.991464557918212
4505,2017-09-21,NSE:HMT,35.5,37.599998,35.200001,37.349998,7657.0,4.184100651832672,-0.8298865377656169
4506,2017-09-22,NSE:HMT,37.400002,38.200001,36.5,36.900002,4758.0,-1.2048086321182634,4.184100651832672
4507,2017-09-25,NSE:HMT,37.0,37.0,35.200001,36.0,1806.0,-2.4390296781013743,-1.2048086321182634
4508,2017-09-26,NSE:HMT,36.0,36.0,35.049999,35.849998,2054.0,-0.416672222222224,-2.4390296781013743
4509,2017-09-27,NSE:HMT,35.5,35.5,35.0,35.0,1088.0,-2.3709847905709767,-0.416672222222224
4510,2017-09-28,NSE:HMT,35.049999,36.400002,35.049999,36.0,1600.0,2.857142857142857,-2.3709847905709767
4511,2017-09-29,NSE:HMT,36.25,36.400002,35.0,35.400002,3355.0,-1.6666611111111094,2.857142857142857
4512,2017-10-03,NSE:HMT,37.0,37.0,35.099998,35.25,976.0,-0.42373443933703914,-1.6666611111111094
4513,2017-10-04,NSE:HMT,35.049999,35.900002,35.049999,35.099998,1668.0,-0.4255375886524841,-0.42373443933703914
4514,2017-10-05,NSE:HMT,35.200001,35.950001,34.650002,34.75,711.0,-0.9971453559626966,-0.4255375886524841
4515,2017-10-06,NSE:HMT,34.900002,35.950001,34.75,35.650002,2131.0,2.589933812949642,-0.9971453559626966
4516,2017-10-09,NSE:HMT,34.900002,36.75,34.849998,36.0,7923.0,0.9817615157497027,2.589933812949642
4517,2017-10-10,NSE:HMT,34.549999,36.950001,34.549999,35.349998,1000.0,-1.805561111111113,0.9817615157497027
4518,2017-10-11,NSE:HMT,35.049999,36.349998,34.5,34.650002,2665.0,-1.9801868164179208,-1.805561111111113
4519,2017-10-12,NSE:HMT,33.599998,35.700001,33.599998,34.349998,2666.0,-0.8658123598376741,-1.9801868164179208
4520,2017-10-13,NSE:HMT,34.200001,36.049999,34.150002,35.75,2639.0,4.075697471656333,-0.8658123598376741
4521,2017-10-16,NSE:HMT,35.200001,36.450001,34.5,36.200001,5294.0,1.2587440559440568,4.075697471656333
4522,2017-10-17,NSE:HMT,35.049999,36.349998,35.049999,36.099998,1790.0,-0.2762513735842188,1.2587440559440568
4523,2017-10-18,NSE:HMT,35.0,36.0,34.849998,36.0,3200.0,-0.27700278542951545,-0.2762513735842188
4524,2017-10-19,NSE:HMT,36.799999,36.799999,35.049999,35.049999,35.0,-2.6388916666666673,-0.27700278542951545
4525,2017-10-23,NSE:HMT,35.049999,36.450001,35.0,36.25,1450.0,3.423683407237758,-2.6388916666666673
4526,2017-10-24,NSE:HMT,35.049999,36.5,35.049999,35.599998,914.0,-1.7931089655172432,3.423683407237758
4527,2017-10-25,NSE:HMT,35.450001,36.950001,35.349998,36.25,2144.0,1.8258484171824974,-1.7931089655172432
4528,2017-10-26,NSE:HMT,35.5,38.049999,35.5,38.049999,14368.0,4.9655144827586195,1.8258484171824974
4529,2017-10-27,NSE:HMT,39.200001,39.950001,39.200001,39.950001,7453.0,4.993435085241397,4.9655144827586195
4530,2017-10-30,NSE:HMT,39.950001,41.299999,38.5,39.900002,11581.0,-0.1251539392952698,4.993435085241397
4531,2017-10-31,NSE:HMT,39.5,40.700001,39.0,39.0,2389.0,-2.2556439972108286,-0.1251539392952698
4532,2017-11-01,NSE:HMT,39.0,40.950001,37.049999,40.950001,30496.0,5.000002564102565,-2.2556439972108286
4533,2017-11-02,NSE:HMT,42.950001,42.950001,41.549999,42.950001,20132.0,4.884004764737368,5.000002564102565
4534,2017-11-03,NSE:HMT,45.049999,45.049999,43.099998,43.650002,54719.0,1.6298043858019942,4.884004764737368
4535,2017-11-06,NSE:HMT,44.0,45.650002,42.200001,42.75,11143.0,-2.061860157532182,1.6298043858019942
4536,2017-11-07,NSE:HMT,44.5,44.75,42.0,42.0,296772.0,-1.7543859649122806,-2.061860157532182
4537,2017-11-08,NSE:HMT,42.049999,43.0,41.099998,41.25,56291.0,-1.7857142857142856,-1.7543859649122806
4538,2017-11-09,NSE:HMT,41.0,41.799999,40.5,41.099998,2953.0,-0.36364121212121364,-1.7857142857142856
4539,2017-11-10,NSE:HMT,41.849998,42.0,40.0,40.799999,2183.0,-0.7299246097286908,-0.36364121212121364
4540,2017-11-13,NSE:HMT,39.150002,40.349998,39.099998,39.549999,1184.0,-3.0637255652873914,-0.7299246097286908
4541,2017-11-14,NSE:HMT,40.0,41.5,39.599998,40.700001,8125.0,2.907716887679316,-3.0637255652873914
4542,2017-11-15,NSE:HMT,41.950001,41.950001,39.0,39.549999,9442.0,-2.82555767013372,2.907716887679316
4543,2017-11-16,NSE:HMT,40.0,41.5,39.5,41.450001,10216.0,4.804050690367908,-2.82555767013372
4544,2017-11-17,NSE:HMT,40.299999,43.25,40.150002,40.849998,3440.0,-1.4475343438471833,4.804050690367908
4545,2017-11-20,NSE:HMT,40.0,42.5,40.0,40.950001,4283.0,0.24480539754249425,-1.4475343438471833
4546,2017-11-21,NSE:HMT,39.099998,42.5,39.099998,42.0,2002.0,2.564100059484735,0.24480539754249425
4547,2017-11-22,NSE:HMT,42.849998,42.849998,41.25,41.349998,1700.0,-1.547623809523811,2.564100059484735
4548,2017-11-23,NSE:HMT,41.049999,43.0,40.0,40.25,6323.0,-2.6602129460804314,-1.547623809523811
4549,2017-11-24,NSE:HMT,40.5,42.25,40.299999,40.5,2375.0,0.6211180124223602,-2.6602129460804314
4550,2017-11-27,NSE:HMT,40.5,40.5,39.299999,40.0,1431.0,-1.2345679012345678,0.6211180124223602
4551,2017-11-28,NSE:HMT,40.299999,40.5,39.049999,39.700001,1919.0,-0.7499974999999992,-1.2345679012345678
4552,2017-11-29,NSE:HMT,39.150002,39.950001,39.0,39.349998,6352.0,-0.8816196251481226,-0.7499974999999992
4553,2017-11-30,NSE:HMT,39.150002,41.299999,39.0,40.799999,4892.0,3.684882017020688,-0.8816196251481226
4554,2017-12-01,NSE:HMT,40.049999,40.799999,39.700001,39.950001,3878.0,-2.08332848243452,3.684882017020688
4555,2017-12-04,NSE:HMT,41.0,41.0,39.0,39.049999,3424.0,-2.252820969891842,-2.08332848243452
4556,2017-12-05,NSE:HMT,39.049999,40.299999,39.049999,39.150002,4209.0,0.25608963523917366,-2.252820969891842
4557,2017-12-06,NSE:HMT,39.150002,39.75,39.150002,39.400002,859.0,0.6385695714651559,0.25608963523917366
4558,2017-12-07,NSE:HMT,40.599998,40.599998,38.150002,39.299999,2574.0,-0.25381470792818983,0.6385695714651559
4559,2017-12-08,NSE:HMT,39.299999,39.799999,39.0,39.049999,2381.0,-0.6361323317082018,-0.25381470792818983
4560,2017-12-11,NSE:HMT,39.0,40.0,38.049999,39.349998,5690.0,0.7682432975222347,-0.6361323317082018
4561,2017-12-12,NSE:HMT,41.299999,41.299999,38.0,39.150002,5274.0,-0.5082490728462012,0.7682432975222347
4562,2017-12-13,NSE:HMT,38.599998,38.599998,38.099998,38.099998,4676.0,-2.6820024172668018,-0.5082490728462012
4563,2017-12-14,NSE:HMT,38.0,38.5,37.5,38.5,2563.0,1.0498740708595329,-2.6820024172668018
4564,2017-12-15,NSE:HMT,38.599998,39.299999,37.5,39.150002,1516.0,1.6883168831168847,1.0498740708595329
4565,2017-12-18,NSE:HMT,39.0,39.5,38.150002,38.25,1602.0,-2.298855565831135,1.6883168831168847
4566,2017-12-19,NSE:HMT,37.0,39.099998,37.0,38.849998,6417.0,1.5686222222222206,-2.298855565831135
4567,2017-12-20,NSE:HMT,38.0,40.75,38.0,40.549999,15205.0,4.37580717507373,1.5686222222222206
4568,2017-12-21,NSE:HMT,41.0,41.400002,39.799999,41.099998,4705.0,1.3563477523143705,4.37580717507373
4569,2017-12-22,NSE:HMT,42.200001,42.200001,39.25,40.75,5908.0,-0.8515766837750196,1.3563477523143705
4570,2017-12-26,NSE:HMT,39.599998,41.349998,39.599998,40.650002,3348.0,-0.2453938650306733,-0.8515766837750196
4571,2017-12-27,NSE:HMT,39.650002,40.5,39.650002,39.75,5878.0,-2.214026951339389,-0.2453938650306733
4572,2017-12-28,NSE:HMT,39.5,40.900002,39.099998,40.0,5596.0,0.628930817610063,-2.214026951339389
4573,2017-12-29,NSE:HMT,39.599998,41.450001,39.5,40.099998,5055.0,0.24999499999999844,0.628930817610063
4574,2018-01-01,NSE:HMT,40.099998,41.799999,40.0,40.200001,3640.0,0.2493840523383591,0.24999499999999844
4575,2018-01-02,NSE:HMT,39.299999,42.200001,39.299999,42.150002,16734.0,4.850748635553518,0.2493840523383591
4576,2018-01-03,NSE:HMT,42.5,44.200001,42.5,43.650002,43495.0,3.55871869235024,4.850748635553518
4577,2018-01-04,NSE:HMT,45.0,45.0,43.0,43.0,9769.0,-1.4891224976347095,3.55871869235024
4578,2018-01-05,NSE:HMT,44.299999,44.299999,41.799999,41.950001,5437.0,-2.4418581395348826,-1.4891224976347095
4579,2018-01-08,NSE:HMT,42.0,42.900002,41.25,42.599998,12415.0,1.5494564588925732,-2.4418581395348826
4580,2018-01-09,NSE:HMT,41.400002,42.0,41.400002,42.0,2752.0,-1.4084460755138988,1.5494564588925732
4581,2018-01-10,NSE:HMT,41.0,42.0,40.799999,41.900002,2525.0,-0.2380904761904747,-1.4084460755138988
4582,2018-01-11,NSE:HMT,41.5,42.0,40.700001,41.099998,4199.0,-1.909317331297505,-0.2380904761904747
4583,2018-01-12,NSE:HMT,41.049999,41.299999,40.900002,41.299999,2024.0,0.486620461636033,-1.909317331297505
4584,2018-01-15,NSE:HMT,41.0,43.349998,41.0,42.049999,38928.0,1.815980673510428,0.486620461636033
4585,2018-01-16,NSE:HMT,43.0,43.0,41.0,41.349998,5784.0,-1.6646873166394138,1.815980673510428
4586,2018-01-17,NSE:HMT,41.450001,41.450001,39.75,40.549999,10612.0,-1.9347014236856788,-1.6646873166394138
4587,2018-01-18,NSE:HMT,40.049999,40.950001,39.0,39.299999,25725.0,-3.082614132740176,-1.9347014236856788
4588,2018-01-19,NSE:HMT,39.299999,39.900002,38.200001,38.799999,7535.0,-1.2722646634164037,-3.082614132740176
4589,2018-01-22,NSE:HMT,37.099998,39.849998,37.099998,38.549999,1946.0,-0.6443299135136576,-1.2722646634164037
4590,2018-01-23,NSE:HMT,38.0,39.0,37.700001,37.900002,4747.0,-1.6861141812221554,-0.6443299135136576
4591,2018-01-24,NSE:HMT,37.349998,38.849998,37.349998,37.599998,1685.0,-0.7915672405505447,-1.6861141812221554
4592,2018-01-25,NSE:HMT,36.700001,38.75,36.700001,37.549999,2121.0,-0.13297607090298166,-0.7915672405505447
4593,2018-01-29,NSE:HMT,37.150002,38.0,37.150002,37.549999,1004.0,0.0,-0.13297607090298166
4594,2018-01-30,NSE:HMT,37.25,37.299999,37.25,37.299999,1631.0,-0.6657789791152857,0.0
4595,2018-01-31,NSE:HMT,37.299999,37.849998,37.0,37.049999,13029.0,-0.6702413048322066,-0.6657789791152857
4596,2018-02-01,NSE:HMT,38.0,38.900002,37.049999,37.700001,3607.0,1.7543914103749385,-0.6702413048322066
4597,2018-02-02,NSE:HMT,36.049999,37.5,35.849998,35.849998,35691.0,-4.907169631109562,1.7543914103749385
4598,2018-02-05,NSE:HMT,34.150002,36.299999,34.150002,34.700001,4800.0,-3.2078021315370755,-4.907169631109562
4599,2018-02-06,NSE:HMT,33.049999,34.200001,33.0,33.0,14603.0,-4.899138187344722,-3.2078021315370755
4600,2018-02-07,NSE:HMT,33.0,34.5,33.0,34.0,1384.0,3.0303030303030303,-4.899138187344722
4601,2018-02-08,NSE:HMT,34.0,35.400002,34.0,34.700001,1973.0,2.058826470588236,3.0303030303030303
4602,2018-02-09,NSE:HMT,34.75,35.400002,33.75,35.200001,1134.0,1.4409221486765953,2.058826470588236
4603,2018-02-12,NSE:HMT,34.5,36.450001,33.599998,36.0,2215.0,2.2727243672521475,1.4409221486765953
4604,2018-02-14,NSE:HMT,36.200001,36.25,34.650002,36.25,1731.0,0.6944444444444444,2.2727243672521475
4605,2018-02-15,NSE:HMT,35.0,35.5,34.5,34.950001,4814.0,-3.5862041379310337,0.6944444444444444
4606,2018-02-16,NSE:HMT,36.549999,36.549999,33.700001,34.400002,1514.0,-1.573673774716057,-3.5862041379310337
4607,2018-02-19,NSE:HMT,34.0,34.400002,33.75,33.75,1001.0,-1.8895405878174096,-1.573673774716057
4608,2018-02-20,NSE:HMT,32.25,34.0,32.25,33.0,501.0,-2.2222222222222223,-1.8895405878174096
4609,2018-02-21,NSE:HMT,33.0,34.650002,32.349998,34.599998,1609.0,4.848478787878785,-2.2222222222222223
4610,2018-02-22,NSE:HMT,34.599998,35.0,34.549999,34.799999,1292.0,0.5780376056669145,4.848478787878785
4611,2018-02-23,NSE:HMT,33.450001,36.349998,33.400002,34.099998,828.0,-2.0114971842384257,0.5780376056669145
4612,2018-02-26,NSE:HMT,34.5,35.5,34.0,34.900002,2332.0,2.346052923522169,-2.0114971842384257
4613,2018-02-27,NSE:HMT,34.5,34.5,33.349998,33.450001,3427.0,-4.1547304209323555,2.346052923522169
4614,2018-02-28,NSE:HMT,32.5,33.0,32.0,33.0,6090.0,-1.345294429139181,-4.1547304209323555
4615,2018-03-01,NSE:HMT,34.349998,34.650002,33.0,34.549999,3519.0,4.696966666666666,-1.345294429139181
4616,2018-03-05,NSE:HMT,33.049999,33.5,32.849998,32.900002,10573.0,-4.775678864708502,4.696966666666666
4617,2018-03-06,NSE:HMT,32.900002,32.900002,32.0,32.049999,7506.0,-2.5835955876233716,-4.775678864708502
4618,2018-03-07,NSE:HMT,30.549999,32.25,30.549999,31.0,1451.0,-3.276128027336287,-2.5835955876233716
4619,2018-03-08,NSE:HMT,31.0,31.25,30.35,31.0,2000.0,0.0,-3.276128027336287
4620,2018-03-09,NSE:HMT,31.0,31.0,30.299999,30.299999,1445.0,-2.258067741935485,0.0
4621,2018-03-12,NSE:HMT,30.0,31.0,29.4,29.950001,84385.0,-1.1551089490134945,-2.258067741935485
4622,2018-03-13,NSE:HMT,31.15,31.15,29.25,29.549999,1342.0,-1.335565898645548,-1.1551089490134945
4623,2018-03-14,NSE:HMT,31.0,31.0,30.15,31.0,52169.0,4.906940944397325,-1.335565898645548
4624,2018-03-15,NSE:HMT,31.5,32.0,30.15,31.049999,2935.0,0.1612870967741925,4.906940944397325
4625,2018-03-16,NSE:HMT,30.049999,32.0,30.049999,31.299999,3043.0,0.8051530049968761,0.1612870967741925
4626,2018-03-19,NSE:HMT,29.75,31.0,29.75,29.85,3381.0,-4.63258481254264,0.8051530049968761
4627,2018-03-20,NSE:HMT,30.700001,31.299999,29.1,30.85,3913.0,3.350083752093802,-4.63258481254264
4628,2018-03-21,NSE:HMT,31.6,31.6,30.0,30.1,7309.0,-2.4311183144246353,3.350083752093802
4629,2018-03-22,NSE:HMT,29.9,30.9,29.0,29.299999,2467.0,-2.6578106312292413,-2.4311183144246353
4630,2018-03-23,NSE:HMT,29.299999,30.0,28.1,28.6,52487.0,-2.3890751668626278,-2.6578106312292413
4631,2018-03-26,NSE:HMT,29.299999,29.299999,27.25,28.65,1916.0,0.17482517482516488,-2.3890751668626278
4632,2018-03-27,NSE:HMT,29.950001,29.950001,27.6,28.35,1715.0,-1.0471204188481578,0.17482517482516488
4633,2018-03-28,NSE:HMT,28.75,28.75,27.700001,28.0,882.0,-1.234567901234573,-1.0471204188481578
4634,2018-04-02,NSE:HMT,29.25,29.25,28.4,28.4,1239.0,1.4285714285714235,-1.234567901234573
4635,2018-04-03,NSE:HMT,28.799999,29.799999,28.450001,29.799999,1472.0,4.929573943661976,1.4285714285714235
4636,2018-04-04,NSE:HMT,29.799999,30.950001,29.200001,29.5,2093.0,-1.0067080874734247,4.929573943661976
4637,2018-04-05,NSE:HMT,30.950001,30.950001,28.700001,29.450001,1997.0,-0.16948813559321926,-1.0067080874734247
4638,2018-04-06,NSE:HMT,29.299999,29.950001,28.9,29.5,3100.0,0.16977588557636952,-0.16948813559321926
4639,2018-04-09,NSE:HMT,29.5,30.450001,28.700001,30.0,843.0,1.694915254237288,0.16977588557636952
4640,2018-04-10,NSE:HMT,30.0,30.0,29.5,29.5,407.0,-1.6666666666666667,1.694915254237288
4641,2018-04-11,NSE:HMT,29.5,29.5,28.6,28.6,1124.0,-3.050847457627114,-1.6666666666666667
4642,2018-04-12,NSE:HMT,29.6,29.85,27.6,29.6,4752.0,3.4965034965034962,-3.050847457627114
4643,2018-04-13,NSE:HMT,29.6,29.65,28.299999,29.25,2054.0,-1.1824324324324371,3.4965034965034962
4644,2018-04-16,NSE:HMT,28.0,29.35,28.0,28.9,763.0,-1.1965811965812014,-1.1824324324324371
4645,2018-04-17,NSE:HMT,29.450001,30.299999,28.0,29.5,4785.0,2.0761245674740536,-1.1965811965812014
4646,2018-04-18,NSE:HMT,29.0,30.950001,28.200001,30.799999,5102.0,4.406776271186439,2.0761245674740536
4647,2018-04-19,NSE:HMT,30.799999,32.299999,30.1,32.099998,1426.0,4.220776111064159,4.406776271186439
4648,2018-04-20,NSE:HMT,33.700001,33.700001,30.5,31.799999,2587.0,-0.934576382216596,4.220776111064159
4649,2018-04-23,NSE:HMT,32.950001,32.950001,30.25,30.4,1120.0,-4.4025127170601515,-0.934576382216596
4650,2018-04-24,NSE:HMT,29.049999,31.200001,29.049999,30.85,624.0,1.4802631578947463,-4.4025127170601515
4651,2018-04-25,NSE:HMT,29.35,31.75,29.35,29.35,1940.0,-4.862236628849271,1.4802631578947463
4652,2018-04-26,NSE:HMT,30.65,30.65,29.200001,29.25,445.0,-0.3407155025553711,-4.862236628849271
4653,2018-04-27,NSE:HMT,30.700001,30.700001,29.200001,29.6,4158.0,1.1965811965812014,-0.3407155025553711
4654,2018-04-30,NSE:HMT,29.6,29.950001,28.25,28.9,2061.0,-2.3648648648648742,1.1965811965812014
4655,2018-05-02,NSE:HMT,30.200001,30.200001,28.799999,29.0,454.0,0.3460207612456797,-2.3648648648648742
4656,2018-05-03,NSE:HMT,30.0,30.15,28.5,29.799999,2710.0,2.758617241379309,0.3460207612456797
4657,2018-05-04,NSE:HMT,29.200001,29.5,28.35,28.35,4481.0,-4.865768619656659,2.758617241379309
4658,2018-05-07,NSE:HMT,28.0,29.15,28.0,28.65,440.0,1.0582010582010482,-4.865768619656659
4659,2018-05-08,NSE:HMT,29.799999,29.799999,28.0,28.15,1950.0,-1.7452006980802792,1.0582010582010482
4660,2018-05-09,NSE:HMT,28.0,29.4,28.0,29.0,1880.0,3.0195381882770924,-1.7452006980802792
4661,2018-05-10,NSE:HMT,28.049999,28.950001,28.0,28.5,4015.0,-1.7241379310344827,3.0195381882770924
4662,2018-05-11,NSE:HMT,28.1,29.0,28.0,28.65,437.0,0.5263157894736793,-1.7241379310344827
4663,2018-05-14,NSE:HMT,27.5,28.15,27.25,27.25,2786.0,-4.886561954624777,0.5263157894736793
4664,2018-05-15,NSE:HMT,27.049999,28.1,27.049999,27.049999,1145.0,-0.7339486238532122,-4.886561954624777
4665,2018-05-16,NSE:HMT,27.049999,27.950001,26.85,27.200001,1423.0,0.5545360648627035,-0.7339486238532122
4666,2018-05-17,NSE:HMT,28.4,28.4,26.799999,28.15,1190.0,3.492643253946933,0.5545360648627035
4667,2018-05-18,NSE:HMT,26.85,27.799999,26.85,27.0,317.0,-4.085257548845466,3.492643253946933
4668,2018-05-21,NSE:HMT,27.1,28.15,27.1,27.9,78.0,3.3333333333333277,-4.085257548845466
4669,2018-05-22,NSE:HMT,26.6,27.700001,26.6,27.299999,834.0,-2.150541218637989,3.3333333333333277
4670,2018-05-23,NSE:HMT,26.0,28.35,26.0,26.5,724.0,-2.9303993747399026,-2.150541218637989
4671,2018-05-24,NSE:HMT,26.0,27.0,26.0,26.049999,662.0,-1.6981169811320769,-2.9303993747399026
4672,2018-05-25,NSE:HMT,25.25,27.0,25.200001,26.0,3086.0,-0.19193474825085285,-1.6981169811320769
4673,2018-05-28,NSE:HMT,26.200001,27.1,26.200001,27.0,392.0,3.8461538461538463,-0.19193474825085285
4674,2018-05-29,NSE:HMT,26.9,27.9,26.549999,26.75,2585.0,-0.9259259259259258,3.8461538461538463
4675,2018-05-30,NSE:HMT,27.85,27.85,26.6,26.65,2133.0,-0.3738317757009399,-0.9259259259259258
4676,2018-05-31,NSE:HMT,26.049999,27.4,26.049999,26.049999,102.0,-2.2514108818011214,-0.3738317757009399
4677,2018-06-01,NSE:HMT,26.5,26.85,26.0,26.799999,2245.0,2.8790788053389176,-2.2514108818011214
4678,2018-06-04,NSE:HMT,25.9,26.65,25.5,25.75,1753.0,-3.917906862608464,2.8790788053389176
4679,2018-06-05,NSE:HMT,25.85,25.9,24.5,24.6,2281.0,-4.466019417475723,-3.917906862608464
4680,2018-06-06,NSE:HMT,24.549999,25.700001,24.4,25.0,7244.0,1.6260162601625958,-4.466019417475723
4681,2018-06-07,NSE:HMT,25.450001,26.25,25.200001,26.0,24756.0,4.0,1.6260162601625958
4682,2018-06-08,NSE:HMT,25.5,27.299999,25.5,27.1,8123.0,4.230769230769236,4.0
4683,2018-06-11,NSE:HMT,28.35,28.450001,27.35,28.35,9259.0,4.612546125461255,4.230769230769236
4684,2018-06-12,NSE:HMT,27.0,27.9,27.0,27.6,3365.0,-2.6455026455026456,4.612546125461255
4685,2018-06-13,NSE:HMT,28.0,28.35,27.0,27.1,6625.0,-1.8115942028985508,-2.6455026455026456
4686,2018-06-14,NSE:HMT,26.75,27.950001,26.0,27.299999,2059.0,0.7380036900368939,-1.8115942028985508
4687,2018-06-15,NSE:HMT,27.0,27.85,26.25,27.299999,3035.0,0.0,0.7380036900368939
4688,2018-06-18,NSE:HMT,26.0,27.85,26.0,26.9,1309.0,-1.4651978558680574,0.0
4689,2018-06-19,NSE:HMT,27.5,27.5,26.9,27.1,1350.0,0.7434944237918322,-1.4651978558680574
4690,2018-06-20,NSE:HMT,27.5,27.5,25.75,26.799999,3409.0,-1.1070147601476077,0.7434944237918322
4691,2018-06-21,NSE:HMT,26.049999,26.5,25.5,26.0,1440.0,-2.9850710069056334,-1.1070147601476077
4692,2018-06-22,NSE:HMT,25.15,26.85,25.15,26.75,1273.0,2.8846153846153846,-2.9850710069056334
4693,2018-06-25,NSE:HMT,25.75,26.799999,25.450001,25.549999,3290.0,-4.485985046728973,2.8846153846153846
4694,2018-06-26,NSE:HMT,25.450001,25.700001,25.450001,25.5,370.0,-0.19569081000746685,-4.485985046728973
4695,2018-06-27,NSE:HMT,24.299999,26.0,24.299999,24.549999,3031.0,-3.7254941176470604,-0.19569081000746685
4696,2018-06-28,NSE:HMT,24.75,24.950001,24.0,24.25,1415.0,-1.221991903136125,-3.7254941176470604
4697,2018-06-29,NSE:HMT,24.0,24.5,23.65,24.299999,1675.0,0.20618144329896776,-1.221991903136125
4698,2018-07-02,NSE:HMT,23.5,24.5,23.5,24.25,1606.0,-0.20575721011346412,0.20618144329896776
4699,2018-07-03,NSE:HMT,23.5,24.450001,23.5,24.299999,719.0,0.20618144329896776,-0.20575721011346412
4700,2018-07-04,NSE:HMT,24.35,24.35,24.0,24.0,200.0,-1.2345638368133254,0.20618144329896776
4701,2018-07-05,NSE:HMT,23.6,23.799999,22.799999,23.15,2919.0,-3.5416666666666727,-1.2345638368133254
4702,2018-07-06,NSE:HMT,23.0,24.299999,23.0,24.299999,2030.0,4.967598272138234,-3.5416666666666727
4703,2018-07-09,NSE:HMT,24.4,25.5,24.4,24.700001,2298.0,1.646098833172794,4.967598272138234
4704,2018-07-10,NSE:HMT,23.799999,25.35,23.799999,24.85,2009.0,0.6072833762233496,1.646098833172794
4705,2018-07-11,NSE:HMT,24.4,25.4,23.65,24.299999,4882.0,-2.2132837022132863,0.6072833762233496
4706,2018-07-12,NSE:HMT,25.5,25.5,24.25,24.25,720.0,-0.20575721011346412,-2.2132837022132863
4707,2018-07-13,NSE:HMT,25.0,25.0,23.549999,24.200001,992.0,-0.20618144329896776,-0.20575721011346412
4708,2018-07-16,NSE:HMT,24.75,24.75,23.1,23.35,614.0,-3.5124006813057522,-0.20618144329896776
4709,2018-07-17,NSE:HMT,23.0,23.5,22.700001,23.200001,465.0,-0.6423940042826599,-3.5124006813057522
4710,2018-07-18,NSE:HMT,23.15,23.950001,23.0,23.5,801.0,1.2930990821940036,-0.6423940042826599
4711,2018-07-19,NSE:HMT,23.0,23.5,22.5,23.4,718.0,-0.4255319148936231,1.2930990821940036
4712,2018-07-20,NSE:HMT,23.4,23.700001,22.25,23.0,1504.0,-1.7094017094017033,-0.4255319148936231
4713,2018-07-23,NSE:HMT,22.0,23.450001,22.0,23.450001,1142.0,1.956526086956523,-1.7094017094017033
4714,2018-07-24,NSE:HMT,23.5,24.25,22.549999,24.25,3214.0,3.4115094494025806,1.956526086956523
4715,2018-07-25,NSE:HMT,23.85,24.25,23.299999,23.299999,697.0,-3.917529896907218,3.4115094494025806
4716,2018-07-26,NSE:HMT,23.049999,23.799999,23.0,23.0,2404.0,-1.2875494114828059,-3.917529896907218
4717,2018-07-27,NSE:HMT,23.0,23.0,22.549999,22.65,1271.0,-1.5217391304347887,-1.2875494114828059
4718,2018-07-30,NSE:HMT,22.75,23.35,22.75,23.0,7874.0,1.5452538631346642,-1.5217391304347887
4719,2018-07-31,NSE:HMT,22.5,23.799999,22.5,23.700001,3742.0,3.0434826086956535,1.5452538631346642
4720,2018-08-01,NSE:HMT,23.700001,24.0,23.200001,23.299999,3794.0,-1.6877720806847252,3.0434826086956535
4721,2018-08-02,NSE:HMT,23.75,23.75,22.15,23.0,24834.0,-1.2875494114828059,-1.6877720806847252
4722,2018-08-03,NSE:HMT,22.549999,23.700001,22.549999,23.5,1711.0,2.1739130434782608,-1.2875494114828059
4723,2018-08-06,NSE:HMT,24.5,24.65,23.049999,24.5,8403.0,4.25531914893617,2.1739130434782608
4724,2018-08-07,NSE:HMT,25.0,25.0,24.549999,25.0,1067.0,2.0408163265306123,4.25531914893617
4725,2018-08-08,NSE:HMT,25.0,25.5,24.1,25.0,2223.0,0.0,2.0408163265306123
4726,2018-08-09,NSE:HMT,25.75,25.75,24.5,25.0,1814.0,0.0,0.0
4727,2018-08-10,NSE:HMT,25.299999,25.299999,24.1,25.0,1144.0,0.0,0.0
4728,2018-08-13,NSE:HMT,24.0,25.0,24.0,24.950001,2596.0,-0.19999599999999873,0.0
4729,2018-08-14,NSE:HMT,24.049999,25.4,24.049999,24.9,2020.0,-0.20040480158698887,-0.19999599999999873
4730,2018-08-16,NSE:HMT,24.299999,24.299999,23.700001,23.950001,3243.0,-3.8152570281124434,-0.20040480158698887
4731,2018-08-17,NSE:HMT,23.049999,23.700001,22.799999,23.049999,4456.0,-3.757837003848145,-3.8152570281124434
4732,2018-08-20,NSE:HMT,22.950001,22.950001,21.9,21.950001,12676.0,-4.772225803567277,-3.757837003848145
4733,2018-08-21,NSE:HMT,21.950001,22.0,20.9,21.1,8516.0,-3.872441737018595,-4.772225803567277
4734,2018-08-23,NSE:HMT,20.15,22.1,20.15,21.5,4683.0,1.8957345971563913,-3.872441737018595
4735,2018-08-24,NSE:HMT,22.0,22.5,21.5,21.950001,8418.0,2.0930279069767455,1.8957345971563913
4736,2018-08-27,NSE:HMT,22.0,22.5,21.25,21.6,9493.0,-1.5945375127773294,2.0930279069767455
4737,2018-08-28,NSE:HMT,21.9,22.200001,21.0,21.35,6709.0,-1.1574074074074074,-1.5945375127773294
4738,2018-08-29,NSE:HMT,21.35,21.700001,20.9,21.049999,7330.0,-1.4051569086651134,-1.1574074074074074
4739,2018-08-30,NSE:HMT,21.5,21.85,21.0,21.15,7527.0,0.47506415558499027,-1.4051569086651134
4740,2018-08-31,NSE:HMT,21.1,22.200001,21.1,21.549999,11015.0,1.89124822695036,0.47506415558499027
4741,2018-09-03,NSE:HMT,22.15,22.6,21.6,22.5,11835.0,4.408357513148841,1.89124822695036
4742,2018-09-04,NSE:HMT,23.299999,23.299999,21.700001,22.049999,2962.0,-2.000004444444446,4.408357513148841
4743,2018-09-05,NSE:HMT,22.049999,22.15,21.799999,21.799999,1520.0,-1.1337868994914693,-2.000004444444446
4744,2018-09-06,NSE:HMT,21.85,22.5,21.85,22.15,1790.0,1.6055092479591349,-1.1337868994914693
4745,2018-09-07,NSE:HMT,22.0,22.9,21.65,21.700001,2603.0,-2.031598194130918,1.6055092479591349
4746,2018-09-10,NSE:HMT,21.65,22.5,21.4,21.5,1350.0,-0.9216635519970727,-2.031598194130918
4747,2018-09-11,NSE:HMT,20.6,22.299999,20.6,21.049999,858.0,-2.0930279069767455,-0.9216635519970727
4748,2018-09-12,NSE:HMT,21.25,22.0,21.25,21.9,2286.0,4.038009693017083,-2.0930279069767455
4749,2018-09-14,NSE:HMT,22.450001,22.450001,21.549999,21.65,1997.0,-1.1415525114155252,4.038009693017083
4750,2018-09-17,NSE:HMT,21.549999,21.85,21.549999,21.75,255.0,0.4618937644341867,-1.1415525114155252
4751,2018-09-18,NSE:HMT,21.75,21.85,21.25,21.299999,772.0,-2.0689701149425304,0.4618937644341867
4752,2018-09-19,NSE:HMT,21.4,21.75,20.700001,21.5,8063.0,0.9389718750691035,-2.0689701149425304
4753,2018-09-21,NSE:HMT,21.1,21.85,21.1,21.5,10117.0,0.0,0.9389718750691035
4754,2018-09-24,NSE:HMT,21.049999,21.25,20.700001,21.049999,16211.0,-2.0930279069767455,0.0
4755,2018-09-25,NSE:HMT,20.5,21.299999,20.5,20.75,4748.0,-1.4251734643787854,-2.0930279069767455
4756,2018-09-26,NSE:HMT,20.200001,21.0,20.049999,21.0,4128.0,1.2048192771084338,-1.4251734643787854
4757,2018-09-27,NSE:HMT,20.25,20.9,20.0,20.799999,1255.0,-0.9523857142857158,1.2048192771084338
4758,2018-09-28,NSE:HMT,20.1,20.950001,19.799999,20.25,4501.0,-2.6442260886647144,-0.9523857142857158
4759,2018-10-01,NSE:HMT,20.950001,20.950001,19.4,19.700001,2788.0,-2.7160444444444427,-2.6442260886647144
4760,2018-10-03,NSE:HMT,19.75,20.4,19.65,20.15,1226.0,2.2842587672965005,-2.7160444444444427
4761,2018-10-04,NSE:HMT,19.450001,19.950001,19.15,19.9,5262.0,-1.240694789081886,2.2842587672965005
4762,2018-10-05,NSE:HMT,19.15,19.9,19.0,19.1,345.0,-4.020100502512549,-1.240694789081886
4763,2018-10-08,NSE:HMT,18.700001,19.25,18.700001,18.9,3767.0,-1.0471204188481824,-4.020100502512549
4764,2018-10-09,NSE:HMT,18.4,18.75,18.0,18.5,2515.0,-2.116402116402109,-1.0471204188481824
4765,2018-10-10,NSE:HMT,17.9,18.25,17.9,18.0,516.0,-2.7027027027027026,-2.116402116402109
4766,2018-10-11,NSE:HMT,18.4,18.450001,17.5,18.4,907.0,2.2222222222222143,-2.7027027027027026
4767,2018-10-12,NSE:HMT,19.0,19.0,18.35,18.75,1280.0,1.902173913043486,2.2222222222222143
4768,2018-10-15,NSE:HMT,18.75,19.25,18.0,19.0,6759.0,1.3333333333333335,1.902173913043486
4769,2018-10-16,NSE:HMT,19.950001,19.950001,19.5,19.950001,3233.0,5.000005263157896,1.3333333333333335
4770,2018-10-17,NSE:HMT,20.9,20.9,19.15,19.700001,459.0,-1.2531327692665277,5.000005263157896
4771,2018-10-19,NSE:HMT,20.65,20.65,19.4,19.549999,276.0,-0.7614314334298796,-1.2531327692665277
4772,2018-10-22,NSE:HMT,18.75,20.4,18.75,19.950001,1243.0,2.0460461404627215,-0.7614314334298796
4773,2018-10-23,NSE:HMT,20.5,20.5,19.0,19.049999,1481.0,-4.511287994421657,2.0460461404627215
4774,2018-10-24,NSE:HMT,19.450001,19.450001,18.1,18.200001,3442.0,-4.461931992752333,-4.511287994421657
4775,2018-10-25,NSE:HMT,18.5,18.5,17.5,17.75,1567.0,-2.4725328311795165,-4.461931992752333
4776,2018-10-26,NSE:HMT,18.6,18.6,17.0,18.6,5967.0,4.788732394366205,-2.4725328311795165
4777,2018-10-29,NSE:HMT,19.5,19.5,17.75,18.0,6672.0,-3.2258064516129106,4.788732394366205
4778,2018-10-30,NSE:HMT,18.9,18.9,18.0,18.9,1956.0,4.999999999999992,-3.2258064516129106
4779,2018-10-31,NSE:HMT,18.950001,18.950001,18.549999,18.950001,1732.0,0.2645555555555648,4.999999999999992
4780,2018-11-01,NSE:HMT,18.950001,19.85,18.950001,18.950001,2383.0,0.0,0.2645555555555648
4781,2018-11-02,NSE:HMT,19.5,19.5,18.5,19.450001,3170.0,2.6385222882046286,0.0
4782,2018-11-05,NSE:HMT,20.0,20.4,18.549999,20.4,16391.0,4.884313373557144,2.6385222882046286
4783,2018-11-06,NSE:HMT,21.35,21.35,20.0,20.5,409.0,0.4901960784313796,4.884313373557144
4784,2018-11-07,NSE:HMT,20.200001,20.9,19.549999,20.9,641.0,1.951219512195115,0.4901960784313796
4785,2018-11-09,NSE:HMT,20.9,21.5,20.0,21.450001,8480.0,2.631583732057425,1.951219512195115
4786,2018-11-12,NSE:HMT,22.5,22.5,22.5,22.5,8025.0,4.895100004890441,2.631583732057425
4787,2018-11-13,NSE:HMT,22.5,23.6,22.5,23.6,15998.0,4.8888888888888955,4.895100004890441
4788,2018-11-14,NSE:HMT,23.6,24.75,23.200001,23.25,5325.0,-1.4830508474576332,4.8888888888888955
4789,2018-11-15,NSE:HMT,23.049999,23.049999,22.1,22.1,4103.0,-4.946236559139779,-1.4830508474576332
4790,2018-11-16,NSE:HMT,21.1,22.200001,21.1,21.200001,4657.0,-4.072393665158375,-4.946236559139779
4791,2018-11-19,NSE:HMT,20.200001,22.200001,20.200001,20.5,947.0,-3.301891353684371,-4.072393665158375
4792,2018-11-20,NSE:HMT,19.75,21.049999,19.75,20.15,3772.0,-1.7073170731707388,-3.301891353684371
4793,2018-11-21,NSE:HMT,19.85,21.0,19.85,21.0,1759.0,4.218362282878419,-1.7073170731707388
4794,2018-11-22,NSE:HMT,20.049999,20.5,20.0,20.15,3001.0,-4.047619047619054,4.218362282878419
4795,2018-11-26,NSE:HMT,21.0,21.0,19.799999,20.0,2362.0,-0.7444168734491244,-4.047619047619054
4796,2018-11-27,NSE:HMT,20.0,20.9,19.5,20.549999,1649.0,2.7499949999999984,-0.7444168734491244
4797,2018-11-28,NSE:HMT,21.450001,21.450001,20.0,21.4,2112.0,4.136258108820341,2.7499949999999984
4798,2018-11-29,NSE:HMT,20.65,22.35,20.65,20.799999,520.0,-2.8037429906542006,4.136258108820341
4799,2018-11-30,NSE:HMT,21.0,21.799999,20.0,21.0,1900.0,0.9615433154588148,-2.8037429906542006
4800,2018-12-03,NSE:HMT,21.9,22.0,20.0,21.0,3687.0,0.0,0.9615433154588148
4801,2018-12-04,NSE:HMT,20.15,21.0,20.15,20.950001,2055.0,-0.2380904761904747,0.0
4802,2018-12-05,NSE:HMT,20.049999,20.75,19.950001,19.950001,1917.0,-4.7732694618964455,-0.2380904761904747
4803,2018-12-06,NSE:HMT,20.450001,20.450001,19.0,19.9,1749.0,-0.2506315663843913,-4.7732694618964455
4804,2018-12-07,NSE:HMT,20.450001,20.450001,19.200001,20.0,1452.0,0.5025125628140775,-0.2506315663843913
4805,2018-12-10,NSE:HMT,19.049999,19.9,19.0,19.9,597.0,-0.5000000000000071,0.5025125628140775
4806,2018-12-11,NSE:HMT,19.0,19.799999,18.950001,19.799999,112.0,-0.502517587939693,-0.5000000000000071
4807,2018-12-12,NSE:HMT,19.5,20.450001,19.450001,19.950001,1008.0,0.7575858968477758,-0.502517587939693
4808,2018-12-13,NSE:HMT,19.950001,20.5,19.4,20.049999,533.0,0.5012430826444538,0.7575858968477758
4809,2018-12-14,NSE:HMT,20.049999,20.549999,19.6,19.6,849.0,-2.2443841518395997,0.5012430826444538
4810,2018-12-17,NSE:HMT,20.049999,20.549999,19.25,20.25,6860.0,3.3163265306122374,-2.2443841518395997
4811,2018-12-18,NSE:HMT,20.0,20.1,19.75,20.1,295.0,-0.7407407407407337,3.3163265306122374
4812,2018-12-19,NSE:HMT,20.1,20.6,20.1,20.200001,859.0,0.49751741293531787,-0.7407407407407337
4813,2018-12-20,NSE:HMT,20.200001,20.75,20.0,20.0,6181.0,-0.990103911380996,0.49751741293531787
4814,2018-12-21,NSE:HMT,19.549999,20.450001,19.549999,20.0,370.0,0.0,-0.990103911380996
4815,2018-12-24,NSE:HMT,19.25,20.25,19.25,20.25,143.0,1.25,0.0
4816,2018-12-26,NSE:HMT,20.25,20.25,19.5,19.950001,306.0,-1.4814765432098749,1.25
4817,2018-12-27,NSE:HMT,20.200001,20.5,19.6,20.049999,1362.0,0.5012430826444538,-1.4814765432098749
4818,2018-12-28,NSE:HMT,20.450001,20.6,20.0,20.299999,2989.0,1.2468828552061275,0.5012430826444538
4819,2018-12-31,NSE:HMT,20.200001,21.15,20.200001,20.950001,113.0,3.201980453299533,1.2468828552061275
4820,2019-01-01,NSE:HMT,20.9,21.299999,20.0,20.450001,2047.0,-2.3866347309482228,3.201980453299533
4821,2019-01-02,NSE:HMT,20.450001,20.950001,20.15,20.950001,917.0,2.444987655501826,-2.3866347309482228
4822,2019-01-03,NSE:HMT,20.049999,21.0,20.0,20.1,3200.0,-4.057283815881436,2.444987655501826
4823,2019-01-04,NSE:HMT,19.5,20.700001,19.5,20.700001,2430.0,2.9850796019900443,-4.057283815881436
4824,2019-01-07,NSE:HMT,20.700001,20.700001,20.0,20.0,1956.0,-3.3816471796305723,2.9850796019900443
4825,2019-01-08,NSE:HMT,20.0,20.950001,19.65,19.65,1951.0,-1.750000000000007,-3.3816471796305723
4826,2019-01-09,NSE:HMT,19.700001,19.950001,19.700001,19.9,762.0,1.272264631043257,-1.750000000000007
4827,2019-01-10,NSE:HMT,19.299999,19.950001,19.299999,19.450001,700.0,-2.26130150753768,1.272264631043257
4828,2019-01-11,NSE:HMT,19.6,19.6,19.5,19.5,1910.0,0.25706425413551226,-2.26130150753768
4829,2019-01-14,NSE:HMT,19.1,20.4,19.1,19.450001,1751.0,-0.2564051282051266,0.25706425413551226
4830,2019-01-15,NSE:HMT,19.4,19.950001,19.15,19.25,2111.0,-1.0282827234816097,-0.2564051282051266
4831,2019-01-16,NSE:HMT,19.950001,20.0,19.049999,20.0,1171.0,3.896103896103896,-1.0282827234816097
4832,2019-01-17,NSE:HMT,19.950001,19.950001,19.049999,19.25,7354.0,-3.75,3.896103896103896
4833,2019-01-18,NSE:HMT,19.0,19.5,18.5,18.5,2668.0,-3.896103896103896,-3.75
4834,2019-01-21,NSE:HMT,18.5,18.5,18.0,18.25,8186.0,-1.3513513513513513,-3.896103896103896
4835,2019-01-22,NSE:HMT,18.25,18.450001,17.5,17.700001,1006.0,-3.01369315068493,-1.3513513513513513
4836,2019-01-23,NSE:HMT,17.5,18.049999,16.85,17.5,2535.0,-1.1299490887034431,-3.01369315068493
4837,2019-01-24,NSE:HMT,17.950001,17.950001,17.049999,17.75,1685.0,1.4285714285714286,-1.1299490887034431
4838,2019-01-25,NSE:HMT,17.5,18.0,16.9,16.950001,6395.0,-4.507036619718308,1.4285714285714286
4839,2019-01-28,NSE:HMT,16.9,17.4,16.15,16.35,20268.0,-3.5398286997151143,-4.507036619718308
4840,2019-01-29,NSE:HMT,16.700001,16.700001,16.25,16.65,2356.0,1.8348623853210833,-3.5398286997151143
4841,2019-01-30,NSE:HMT,16.9,17.200001,16.299999,17.200001,1805.0,3.30330930930932,1.8348623853210833
4842,2019-01-31,NSE:HMT,16.5,17.700001,16.5,17.5,4857.0,1.7441801311523162,3.30330930930932
4843,2019-02-01,NSE:HMT,18.0,18.0,17.1,17.9,1655.0,2.2857142857142776,1.7441801311523162
4844,2019-02-04,NSE:HMT,17.1,18.0,17.1,17.700001,2905.0,-1.1173128491620015,2.2857142857142776
4845,2019-02-05,NSE:HMT,17.200001,17.950001,17.1,17.1,4095.0,-3.3898359666759275,-1.1173128491620015
4846,2019-02-06,NSE:HMT,17.25,17.799999,17.0,17.0,1074.0,-0.5847953216374352,-3.3898359666759275
4847,2019-02-07,NSE:HMT,17.700001,17.700001,16.75,17.700001,183.0,4.117652941176472,-0.5847953216374352
4848,2019-02-08,NSE:HMT,17.200001,18.1,17.049999,18.0,6805.0,1.6949095087621726,4.117652941176472
4849,2019-02-11,NSE:HMT,18.0,18.0,17.5,17.549999,312.0,-2.5000055555555574,1.6949095087621726
4850,2019-02-12,NSE:HMT,17.450001,17.85,16.700001,16.85,1907.0,-3.9885985178688514,-2.5000055555555574
4851,2019-02-13,NSE:HMT,16.049999,16.799999,16.049999,16.700001,2376.0,-0.8902017804154368,-3.9885985178688514
4852,2019-02-14,NSE:HMT,16.700001,17.0,15.95,16.15,4451.0,-3.2934189644659404,-0.8902017804154368
4853,2019-02-15,NSE:HMT,16.1,16.9,16.1,16.9,2666.0,4.643962848297214,-3.2934189644659404
4854,2019-02-18,NSE:HMT,16.9,17.5,16.1,17.200001,4981.0,1.7751538461538565,4.643962848297214
4855,2019-02-19,NSE:HMT,17.9,17.9,16.549999,16.75,704.0,-2.6162847316113544,1.7751538461538565
4856,2019-02-20,NSE:HMT,16.75,16.85,16.0,16.75,3515.0,0.0,-2.6162847316113544
4857,2019-02-21,NSE:HMT,16.950001,17.549999,16.9,17.549999,4674.0,4.776113432835819,0.0
4858,2019-02-22,NSE:HMT,17.6,18.4,17.6,18.4,7604.0,4.843310817282662,4.776113432835819
4859,2019-02-25,NSE:HMT,17.700001,18.35,17.5,17.700001,1811.0,-3.8043423913043384,4.843310817282662
4860,2019-02-26,NSE:HMT,17.15,18.35,17.15,18.299999,348.0,3.3898190175243452,-3.8043423913043384
4861,2019-02-27,NSE:HMT,17.700001,18.6,17.450001,18.35,3937.0,0.27322952312730586,3.3898190175243452
4862,2019-02-28,NSE:HMT,18.6,18.6,17.75,18.6,310.0,1.3623978201634876,0.27322952312730586
4863,2019-03-01,NSE:HMT,19.0,19.450001,17.75,19.299999,9555.0,3.7634354838709583,1.3623978201634876
4864,2019-03-05,NSE:HMT,19.299999,20.25,18.35,20.25,9373.0,4.922285229133951,3.7634354838709583
4865,2019-03-06,NSE:HMT,21.0,21.0,19.25,19.4,6123.0,-4.197530864197538,4.922285229133951
4866,2019-03-07,NSE:HMT,18.6,19.9,18.450001,18.65,4972.0,-3.865979381443299,-4.197530864197538
4867,2019-03-08,NSE:HMT,19.549999,19.549999,19.450001,19.549999,2322.0,4.825731903485261,-3.865979381443299
4868,2019-03-11,NSE:HMT,20.5,20.5,20.5,20.5,2665.0,4.8593404020122986,4.825731903485261
4869,2019-03-12,NSE:HMT,21.5,21.5,20.799999,21.5,6471.0,4.878048780487805,4.8593404020122986
4870,2019-03-13,NSE:HMT,22.5,22.549999,21.75,22.549999,14987.0,4.883716279069765,4.878048780487805
4871,2019-03-14,NSE:HMT,23.65,23.65,21.9,21.9,6315.0,-2.8824790635245754,4.883716279069765
4872,2019-03-15,NSE:HMT,20.85,22.950001,20.85,22.299999,8017.0,1.8264794520547998,-2.8824790635245754
4873,2019-03-18,NSE:HMT,23.0,23.0,22.0,22.450001,1411.0,0.6726547386840719,1.8264794520547998
4874,2019-03-19,NSE:HMT,23.200001,23.200001,21.450001,22.450001,3708.0,0.0,0.6726547386840719
4875,2019-03-20,NSE:HMT,23.0,23.0,21.450001,22.0,1785.0,-2.00445870804193,0.0
4876,2019-03-22,NSE:HMT,22.549999,22.549999,20.9,21.1,3217.0,-4.090909090909085,-2.00445870804193
4877,2019-03-25,NSE:HMT,21.950001,21.950001,20.200001,20.950001,1337.0,-0.7108957345971616,-4.090909090909085
4878,2019-03-26,NSE:HMT,20.049999,20.799999,19.950001,20.5,3626.0,-2.147976031122864,-0.7108957345971616
4879,2019-03-27,NSE:HMT,20.5,20.9,19.6,20.0,3472.0,-2.4390243902439024,-2.147976031122864
4880,2019-03-28,NSE:HMT,20.0,20.450001,19.049999,19.200001,3065.0,-3.9999949999999984,-2.4390243902439024
4881,2019-03-29,NSE:HMT,19.5,19.5,18.25,19.0,5604.0,-1.041671820746261,-3.9999949999999984
4882,2019-04-01,NSE:HMT,18.700001,19.950001,18.700001,18.700001,3545.0,-1.5789421052631565,-1.041671820746261
4883,2019-04-02,NSE:HMT,19.4,19.4,18.549999,18.65,1546.0,-0.26738501243931345,-1.5789421052631565
4884,2019-04-03,NSE:HMT,19.299999,19.299999,18.799999,18.799999,1033.0,0.8042841823056359,-0.26738501243931345
4885,2019-04-04,NSE:HMT,18.5,19.0,18.4,18.9,1101.0,0.5319202410595815,0.8042841823056359
4886,2019-04-05,NSE:HMT,19.4,19.4,18.549999,18.75,4275.0,-0.7936507936507862,0.5319202410595815
4887,2019-04-08,NSE:HMT,18.75,19.200001,18.75,18.799999,1926.0,0.26666133333333164,-0.7936507936507862
4888,2019-04-09,NSE:HMT,19.5,19.5,18.549999,19.0,1260.0,1.0638351629699572,0.26666133333333164
4889,2019-04-10,NSE:HMT,18.299999,19.0,18.299999,18.549999,1006.0,-2.3684263157894754,1.0638351629699572
4890,2019-04-11,NSE:HMT,18.549999,19.1,18.1,19.0,549.0,2.425881532392537,-2.3684263157894754
4891,2019-04-12,NSE:HMT,18.5,19.9,18.5,18.6,1825.0,-2.1052631578947296,2.425881532392537
4892,2019-04-15,NSE:HMT,19.35,19.35,18.0,18.6,1859.0,0.0,-2.1052631578947296
4893,2019-04-16,NSE:HMT,18.75,19.5,18.6,19.0,5206.0,2.1505376344085945,0.0
4894,2019-04-18,NSE:HMT,18.549999,19.9,18.5,18.799999,4730.0,-1.052636842105265,2.1505376344085945
4895,2019-04-22,NSE:HMT,19.0,19.049999,18.200001,18.200001,1311.0,-3.1914788931637674,-1.052636842105265
4896,2019-04-23,NSE:HMT,18.200001,18.25,18.200001,18.25,343.0,0.2747197651252859,-3.1914788931637674
4897,2019-04-24,NSE:HMT,18.4,19.0,17.6,19.0,362.0,4.10958904109589,0.2747197651252859
4898,2019-04-25,NSE:HMT,18.1,18.799999,18.1,18.5,1494.0,-2.631578947368421,4.10958904109589
4899,2019-04-26,NSE:HMT,18.1,19.1,18.1,18.799999,606.0,1.6216162162162144,-2.631578947368421
4900,2019-04-30,NSE:HMT,18.5,19.200001,18.25,18.299999,1760.0,-2.659574609551841,1.6216162162162144
4901,2019-05-02,NSE:HMT,17.5,18.950001,17.5,18.049999,1105.0,-1.3661202932306171,-2.659574609551841
4902,2019-05-03,NSE:HMT,18.0,18.0,17.6,17.6,1609.0,-2.4930693901977405,-1.3661202932306171
4903,2019-05-06,NSE:HMT,17.049999,18.4,17.049999,18.200001,211.0,3.4090965909090847,-2.4930693901977405
4904,2019-05-07,NSE:HMT,18.200001,18.200001,17.299999,17.549999,760.0,-3.571439364206632,3.4090965909090847
4905,2019-05-08,NSE:HMT,18.35,18.35,17.0,17.9,331.0,1.9943078059434585,-3.571439364206632
4906,2019-05-09,NSE:HMT,17.049999,17.950001,17.049999,17.049999,3475.0,-4.74860893854748,1.9943078059434585
4907,2019-05-10,NSE:HMT,17.700001,17.700001,17.0,17.049999,664.0,0.0,-4.74860893854748
4908,2019-05-13,NSE:HMT,17.6,17.700001,16.5,16.65,728.0,-2.3460353282132225,0.0
4909,2019-05-14,NSE:HMT,16.65,17.1,16.65,17.1,749.0,2.70270270270272,-2.3460353282132225
4910,2019-05-15,NSE:HMT,17.299999,17.450001,16.4,16.5,1501.0,-3.5087719298245696,2.70270270270272
4911,2019-05-16,NSE:HMT,17.299999,17.299999,15.8,16.0,455.0,-3.0303030303030303,-3.5087719298245696
4912,2019-05-17,NSE:HMT,16.1,16.799999,16.0,16.799999,625.0,4.999993749999998,-3.0303030303030303
4913,2019-05-20,NSE:HMT,17.0,17.549999,16.6,17.0,5513.0,1.1904822137191813,4.999993749999998
4914,2019-05-21,NSE:HMT,16.299999,17.85,16.299999,17.6,3534.0,3.5294117647058907,1.1904822137191813
4915,2019-05-22,NSE:HMT,17.200001,17.5,17.0,17.5,1048.0,-0.5681818181818262,3.5294117647058907
4916,2019-05-23,NSE:HMT,17.0,18.15,17.0,17.799999,2289.0,1.7142799999999982,-0.5681818181818262
4917,2019-05-24,NSE:HMT,18.25,18.5,16.950001,18.15,5021.0,1.9662978632751547,1.7142799999999982
4918,2019-05-27,NSE:HMT,18.950001,18.950001,17.299999,18.9,3789.0,4.132231404958678,1.9662978632751547
4919,2019-05-28,NSE:HMT,19.25,19.25,18.0,19.0,2077.0,0.5291005291005366,4.132231404958678
4920,2019-05-29,NSE:HMT,18.049999,18.35,18.049999,18.1,2452.0,-4.73684210526315,0.5291005291005366
4921,2019-05-30,NSE:HMT,18.1,18.1,17.6,17.700001,2240.0,-2.2099392265193427,-4.73684210526315
4922,2019-05-31,NSE:HMT,18.5,18.5,17.0,17.950001,1267.0,1.412429298732808,-2.2099392265193427
4923,2019-06-03,NSE:HMT,18.0,18.4,17.25,17.950001,5595.0,0.0,1.412429298732808
4924,2019-06-04,NSE:HMT,17.950001,18.299999,17.4,17.4,3297.0,-3.0640722526979345,0.0
4925,2019-06-06,NSE:HMT,17.1,18.25,17.1,17.950001,1068.0,3.1609252873563323,-3.0640722526979345
4926,2019-06-07,NSE:HMT,17.200001,18.0,17.200001,17.200001,858.0,-4.1782727477285375,3.1609252873563323
4927,2019-06-10,NSE:HMT,17.85,17.85,16.6,17.450001,816.0,1.4534882875878903,-4.1782727477285375
4928,2019-06-11,NSE:HMT,17.4,17.9,17.049999,17.6,645.0,0.8595930739488272,1.4534882875878903
4929,2019-06-12,NSE:HMT,17.799999,17.799999,17.15,17.799999,376.0,1.1363579545454445,0.8595930739488272
4930,2019-06-13,NSE:HMT,17.049999,17.25,16.950001,16.950001,1500.0,-4.775269931194936,1.1363579545454445
4931,2019-06-14,NSE:HMT,17.049999,17.15,16.25,16.25,520.0,-4.129799166383532,-4.775269931194936
4932,2019-06-17,NSE:HMT,16.0,16.700001,16.0,16.1,2319.0,-0.9230769230769144,-4.129799166383532
4933,2019-06-18,NSE:HMT,15.6,16.9,15.5,15.9,3365.0,-1.242236024844727,-0.9230769230769144
4934,2019-06-19,NSE:HMT,15.6,16.6,15.45,15.75,2362.0,-0.9433962264150966,-1.242236024844727
4935,2019-06-20,NSE:HMT,15.5,16.5,15.5,15.6,935.0,-0.9523809523809548,-0.9433962264150966
4936,2019-06-21,NSE:HMT,16.35,16.35,15.55,16.049999,3252.0,2.884608974358975,-0.9523809523809548
4937,2019-06-24,NSE:HMT,15.7,16.85,15.7,16.5,1116.0,2.803744722974751,2.884608974358975
4938,2019-06-25,NSE:HMT,16.85,16.85,16.25,16.5,149.0,0.0,2.803744722974751
4939,2019-06-26,NSE:HMT,17.0,17.0,15.8,16.700001,5134.0,1.2121272727272747,0.0
4940,2019-06-27,NSE:HMT,16.1,16.5,16.0,16.049999,4502.0,-3.89222731184268,1.2121272727272747
4941,2019-06-28,NSE:HMT,16.200001,16.200001,15.6,16.0,2013.0,-0.31152026863054433,-3.89222731184268
4942,2019-07-01,NSE:HMT,15.5,16.5,15.3,15.3,3754.0,-4.374999999999996,-0.31152026863054433
4943,2019-07-02,NSE:HMT,15.0,15.9,15.0,15.25,3209.0,-0.3267973856209197,-4.374999999999996
4944,2019-07-03,NSE:HMT,15.25,15.4,15.0,15.15,2766.0,-0.6557377049180304,-0.3267973856209197
4945,2019-07-04,NSE:HMT,15.1,15.7,14.5,15.3,1994.0,0.9900990099009923,-0.6557377049180304
4946,2019-07-05,NSE:HMT,15.05,16.049999,14.8,15.95,7264.0,4.248366013071886,0.9900990099009923
4947,2019-07-08,NSE:HMT,15.35,15.95,15.25,15.4,5560.0,-3.448275862068959,4.248366013071886
4948,2019-07-09,NSE:HMT,15.45,15.8,15.3,15.5,1978.0,0.649350649350647,-3.448275862068959
4949,2019-07-10,NSE:HMT,15.25,16.1,15.0,15.9,4096.0,2.580645161290325,0.649350649350647
4950,2019-07-11,NSE:HMT,15.6,16.0,15.35,16.0,3063.0,0.6289308176100606,2.580645161290325
4951,2019-07-12,NSE:HMT,15.45,16.25,15.45,16.25,2028.0,1.5625,0.6289308176100606
4952,2019-07-15,NSE:HMT,16.0,16.25,15.45,15.55,1646.0,-4.307692307692303,1.5625
4953,2019-07-16,NSE:HMT,16.0,16.0,15.0,15.1,512.0,-2.893890675241164,-4.307692307692303
4954,2019-07-17,NSE:HMT,14.85,15.0,14.55,14.8,450.0,-1.9867549668874103,-2.893890675241164
4955,2019-07-18,NSE:HMT,14.6,15.0,14.25,14.8,1330.0,0.0,-1.9867549668874103
4956,2019-07-19,NSE:HMT,15.05,15.05,14.3,14.4,6284.0,-2.702702702702705,0.0
4957,2019-07-22,NSE:HMT,14.2,14.85,14.2,14.25,47.0,-1.041666666666669,-2.702702702702705
4958,2019-07-23,NSE:HMT,14.1,14.4,13.55,13.55,2172.0,-4.912280701754381,-1.041666666666669
4959,2019-07-24,NSE:HMT,13.1,13.4,12.95,13.4,913.0,-1.1070110701107037,-4.912280701754381
4960,2019-07-25,NSE:HMT,13.05,13.65,12.75,12.8,1128.0,-4.477611940298504,-1.1070110701107037
4961,2019-07-26,NSE:HMT,12.35,13.4,12.35,13.15,2331.0,2.7343749999999973,-4.477611940298504
4962,2019-07-29,NSE:HMT,13.15,13.15,12.9,12.9,2890.0,-1.9011406844106464,2.7343749999999973
4963,2019-07-30,NSE:HMT,12.95,13.3,12.5,12.55,3757.0,-2.7131782945736407,-1.9011406844106464
4964,2019-07-31,NSE:HMT,12.3,13.0,11.95,11.95,3813.0,-4.780876494023915,-2.7131782945736407
4965,2019-08-01,NSE:HMT,11.5,12.5,11.4,11.6,3950.0,-2.9288702928870265,-4.780876494023915
4966,2019-08-02,NSE:HMT,11.95,12.15,11.95,12.1,2520.0,4.310344827586207,-2.9288702928870265
4967,2019-08-05,NSE:HMT,12.25,12.4,11.5,12.2,2086.0,0.8264462809917326,4.310344827586207
4968,2019-08-06,NSE:HMT,12.5,12.8,12.5,12.75,2768.0,4.5081967213114815,0.8264462809917326
4969,2019-08-07,NSE:HMT,12.95,13.2,12.35,12.7,4881.0,-0.3921568627451036,4.5081967213114815
4970,2019-08-08,NSE:HMT,12.25,12.8,12.1,12.6,649.0,-0.7874015748031469,-0.3921568627451036
4971,2019-08-09,NSE:HMT,12.25,13.0,12.1,12.95,1228.0,2.777777777777775,-0.7874015748031469
4972,2019-08-13,NSE:HMT,12.65,13.4,12.35,12.4,1030.0,-4.2471042471042395,2.777777777777775
4973,2019-08-14,NSE:HMT,13.0,13.0,11.9,12.15,1393.0,-2.0161290322580645,-4.2471042471042395
4974,2019-08-16,NSE:HMT,11.85,12.75,11.65,12.75,1578.0,4.938271604938269,-2.0161290322580645
4975,2019-08-19,NSE:HMT,13.3,13.3,12.25,13.1,507.0,2.7450980392156836,4.938271604938269
4976,2019-08-20,NSE:HMT,13.1,13.4,12.5,12.8,3051.0,-2.2900763358778544,2.7450980392156836
4977,2019-08-21,NSE:HMT,12.5,13.1,12.35,12.45,1792.0,-2.734375000000011,-2.2900763358778544
4978,2019-08-22,NSE:HMT,12.05,12.2,11.85,12.2,3156.0,-2.0080321285140563,-2.734375000000011
4979,2019-08-23,NSE:HMT,11.95,12.15,11.6,12.15,2726.0,-0.40983606557376173,-2.0080321285140563
4980,2019-08-26,NSE:HMT,12.5,12.5,11.55,11.7,1545.0,-3.7037037037037126,-0.40983606557376173
4981,2019-08-27,NSE:HMT,11.45,12.15,11.45,12.0,920.0,2.56410256410257,-3.7037037037037126
4982,2019-08-28,NSE:HMT,12.35,12.6,11.4,12.15,3487.0,1.250000000000003,2.56410256410257
4983,2019-08-29,NSE:HMT,11.85,11.9,11.55,11.6,1775.0,-4.526748971193421,1.250000000000003
4984,2019-08-30,NSE:HMT,11.5,11.8,11.05,11.8,198.0,1.7241379310344922,-4.526748971193421
4985,2019-09-03,NSE:HMT,11.4,12.35,11.25,11.4,4493.0,-3.3898305084745792,1.7241379310344922
4986,2019-09-04,NSE:HMT,11.3,11.95,11.1,11.75,2743.0,3.070175438596488,-3.3898305084745792
4987,2019-09-05,NSE:HMT,12.2,12.3,11.75,11.75,251.0,0.0,3.070175438596488
4988,2019-09-06,NSE:HMT,11.65,11.9,11.2,11.2,2869.0,-4.6808510638297935,0.0
4989,2019-09-09,NSE:HMT,11.25,11.75,11.25,11.75,1276.0,4.910714285714293,-4.6808510638297935
4990,2019-09-11,NSE:HMT,11.5,12.3,11.25,12.3,2698.0,4.6808510638297935,4.910714285714293
4991,2019-09-12,NSE:HMT,12.9,12.9,12.9,12.9,3617.0,4.878048780487801,4.6808510638297935
4992,2019-09-13,NSE:HMT,13.1,13.5,13.1,13.5,1196.0,4.651162790697672,4.878048780487801
4993,2019-09-16,NSE:HMT,14.15,14.15,14.15,14.15,2614.0,4.8148148148148175,4.651162790697672
4994,2019-09-17,NSE:HMT,14.15,14.85,13.5,14.55,2953.0,2.826855123674914,4.8148148148148175
4995,2019-09-18,NSE:HMT,14.6,15.2,14.25,15.2,2236.0,4.467353951890024,2.826855123674914
4996,2019-09-19,NSE:HMT,14.85,14.95,14.5,14.65,1363.0,-3.618421052631572,4.467353951890024
4997,2019-09-20,NSE:HMT,14.5,14.5,13.95,13.95,3201.0,-4.778156996587038,-3.618421052631572
4998,2019-09-23,NSE:HMT,13.95,14.6,13.3,14.35,2007.0,2.8673835125448055,-4.778156996587038
4999,2019-09-24,NSE:HMT,15.05,15.05,14.0,14.25,2019.0,-0.6968641114982554,2.8673835125448055
5000,2019-09-25,NSE:HMT,14.9,14.95,14.0,14.15,4413.0,-0.7017543859649098,-0.6968641114982554
5001,2019-09-26,NSE:HMT,14.15,14.15,14.0,14.0,17.0,-1.0600706713780943,-0.7017543859649098
5002,2019-09-27,NSE:HMT,13.6,14.1,13.55,13.6,1438.0,-2.85714285714286,-1.0600706713780943
5003,2019-09-30,NSE:HMT,13.6,13.6,13.0,13.0,1549.0,-4.411764705882351,-2.85714285714286
5004,2019-10-01,NSE:HMT,12.35,13.0,12.35,12.5,1994.0,-3.8461538461538463,-4.411764705882351
5005,2019-10-03,NSE:HMT,12.5,13.1,12.1,12.1,3204.0,-3.200000000000003,-3.8461538461538463
5006,2019-10-04,NSE:HMT,12.1,12.7,11.55,12.65,6685.0,4.545454545454551,-3.200000000000003
5007,2019-10-07,NSE:HMT,12.5,13.2,12.5,12.9,486.0,1.9762845849802373,4.545454545454551
5008,2019-10-09,NSE:HMT,12.95,13.3,12.3,12.3,1486.0,-4.651162790697672,1.9762845849802373
5009,2019-10-10,NSE:HMT,11.8,11.8,11.8,11.8,11.0,-4.0650406504065035,-4.651162790697672
5010,2019-10-11,NSE:HMT,11.6,11.75,11.25,11.25,3341.0,-4.661016949152548,-4.0650406504065035
5011,2019-10-14,NSE:HMT,11.75,11.75,10.75,10.8,830.0,-3.999999999999994,-4.661016949152548
5012,2019-10-15,NSE:HMT,10.3,11.3,10.3,10.3,3256.0,-4.62962962962963,-3.999999999999994
5013,2019-10-16,NSE:HMT,9.95,10.75,9.9,10.75,1634.0,4.368932038834944,-4.62962962962963
5014,2019-10-17,NSE:HMT,10.75,11.25,10.25,11.25,4894.0,4.651162790697675,4.368932038834944
5015,2019-10-18,NSE:HMT,11.25,11.8,11.25,11.8,1493.0,4.8888888888888955,4.651162790697675
5016,2019-10-22,NSE:HMT,12.3,12.35,11.35,12.25,3630.0,3.813559322033892,4.8888888888888955
5017,2019-10-23,NSE:HMT,12.25,12.85,12.25,12.5,8966.0,2.0408163265306123,3.813559322033892
5018,2019-10-24,NSE:HMT,13.1,13.1,12.95,13.1,12963.0,4.799999999999997,2.0408163265306123
5019,2019-10-25,NSE:HMT,13.75,14.0,13.75,13.8,1408.0,5.343511450381688,4.799999999999997
5020,2019-10-29,NSE:HMT,13.8,14.45,13.5,14.45,2168.0,4.710144927536222,5.343511450381688
5021,2019-10-30,NSE:HMT,15.15,15.15,15.15,15.15,2493.0,4.844290657439454,4.710144927536222
5022,2019-10-31,NSE:HMT,15.9,15.9,15.9,15.9,546.0,4.9504950495049505,4.844290657439454
5023,2019-11-01,NSE:HMT,16.65,16.65,16.15,16.65,12873.0,4.71698113207546,4.9504950495049505
5024,2019-11-04,NSE:HMT,17.450001,17.450001,17.450001,17.450001,3002.0,4.804810810810822,4.71698113207546
5025,2019-11-05,NSE:HMT,18.299999,18.299999,17.4,17.5,9124.0,0.28652720421047356,4.804810810810822
5026,2019-11-06,NSE:HMT,17.299999,17.4,16.65,16.65,2188.0,-4.857142857142866,0.28652720421047356
5027,2019-11-07,NSE:HMT,16.049999,16.450001,15.85,15.95,2798.0,-4.2042042042042,-4.857142857142866
5028,2019-11-08,NSE:HMT,16.0,16.4,15.2,16.4,902.0,2.8213166144200583,-4.2042042042042
5029,2019-11-11,NSE:HMT,16.0,17.049999,15.6,16.450001,2618.0,0.30488414634147404,2.8213166144200583
5030,2019-11-13,NSE:HMT,16.450001,16.450001,16.0,16.450001,559.0,0.0,0.30488414634147404
5031,2019-11-14,NSE:HMT,16.450001,16.450001,15.65,15.7,844.0,-4.559276318585033,0.0
5032,2019-11-15,NSE:HMT,15.0,16.4,14.95,14.95,2527.0,-4.777070063694268,-4.559276318585033
5033,2019-11-18,NSE:HMT,14.95,15.65,14.25,15.15,3837.0,1.3377926421404756,-4.777070063694268
5034,2019-11-19,NSE:HMT,15.9,15.9,14.5,15.1,2563.0,-0.3300330033003347,1.3377926421404756
5035,2019-11-20,NSE:HMT,15.2,15.85,14.6,14.8,6125.0,-1.9867549668874103,-0.3300330033003347
5036,2019-11-21,NSE:HMT,14.8,15.5,14.8,15.2,4608.0,2.7027027027026933,-1.9867549668874103
5037,2019-11-22,NSE:HMT,15.0,15.5,14.6,14.75,884.0,-2.960526315789469,2.7027027027026933
5038,2019-11-25,NSE:HMT,15.45,15.45,14.5,14.9,2319.0,1.0169491525423753,-2.960526315789469
5039,2019-11-26,NSE:HMT,14.9,15.5,14.9,15.5,316.0,4.02684563758389,1.0169491525423753
5040,2019-11-27,NSE:HMT,14.9,15.5,14.75,14.75,8121.0,-4.838709677419355,4.02684563758389
5041,2019-11-28,NSE:HMT,14.35,15.3,14.15,15.0,1456.0,1.694915254237288,-4.838709677419355
5042,2019-11-29,NSE:HMT,15.75,15.75,14.8,15.75,4409.0,5.0,1.694915254237288
5043,2019-12-02,NSE:HMT,15.75,16.4,15.1,16.200001,2622.0,2.8571492063492085,5.0
5044,2019-12-03,NSE:HMT,15.9,17.0,15.9,16.450001,3688.0,1.5432097812833467,2.8571492063492085
5045,2019-12-04,NSE:HMT,17.1,17.1,15.65,16.1,5519.0,-2.1276655241540645,1.5432097812833467
5046,2019-12-05,NSE:HMT,16.5,16.5,15.6,15.9,716.0,-1.242236024844727,-2.1276655241540645
5047,2019-12-06,NSE:HMT,16.5,16.5,15.5,15.5,1666.0,-2.5157232704402537,-1.242236024844727
5048,2019-12-09,NSE:HMT,15.1,16.25,14.75,14.85,3079.0,-4.193548387096777,-2.5157232704402537
5049,2019-12-10,NSE:HMT,14.75,15.4,14.5,14.55,3339.0,-2.0202020202020132,-4.193548387096777
5050,2019-12-11,NSE:HMT,15.0,15.0,14.0,14.05,1534.0,-3.4364261168384878,-2.0202020202020132
5051,2019-12-12,NSE:HMT,14.05,14.45,13.5,14.0,916.0,-0.3558718861210015,-3.4364261168384878
5052,2019-12-13,NSE:HMT,13.4,14.7,13.4,14.5,2393.0,3.571428571428571,-0.3558718861210015
5053,2019-12-16,NSE:HMT,14.5,14.5,13.8,13.85,2167.0,-4.4827586206896575,3.571428571428571
5054,2019-12-17,NSE:HMT,14.45,14.45,13.4,13.6,5303.0,-1.8050541516245486,-4.4827586206896575
5055,2019-12-18,NSE:HMT,13.65,13.65,13.1,13.2,4545.0,-2.941176470588238,-1.8050541516245486
5056,2019-12-19,NSE:HMT,12.9,13.85,12.7,13.65,2524.0,3.409090909090917,-2.941176470588238
5057,2019-12-20,NSE:HMT,13.15,14.2,13.15,13.8,1249.0,1.0989010989011014,3.409090909090917
5058,2019-12-23,NSE:HMT,13.8,14.1,13.15,13.95,672.0,1.08695652173912,1.0989010989011014
5059,2019-12-24,NSE:HMT,13.35,13.85,13.3,13.3,2230.0,-4.659498207885295,1.08695652173912
5060,2019-12-26,NSE:HMT,13.65,13.95,13.3,13.9,2662.0,4.5112781954887184,-4.659498207885295
5061,2019-12-27,NSE:HMT,13.9,13.9,13.5,13.9,1211.0,0.0,4.5112781954887184
5062,2019-12-30,NSE:HMT,13.25,13.4,13.25,13.3,901.0,-4.316546762589925,0.0
5063,2019-12-31,NSE:HMT,13.25,13.8,12.8,13.8,1506.0,3.7593984962406015,-4.316546762589925
5064,2020-01-01,NSE:HMT,13.25,13.8,13.15,13.5,7479.0,-2.173913043478266,3.7593984962406015
5065,2020-01-02,NSE:HMT,13.4,14.0,13.1,13.5,1138.0,0.0,-2.173913043478266
5066,2020-01-03,NSE:HMT,13.1,14.15,13.0,13.9,2278.0,2.9629629629629655,0.0
5067,2020-01-06,NSE:HMT,13.35,14.4,13.35,13.6,1566.0,-2.158273381294969,2.9629629629629655
5068,2020-01-07,NSE:HMT,14.25,14.25,13.3,14.15,953.0,4.044117647058829,-2.158273381294969
5069,2020-01-08,NSE:HMT,13.45,14.5,13.45,13.65,1479.0,-3.53356890459364,4.044117647058829
5070,2020-01-09,NSE:HMT,14.3,14.3,13.95,14.1,1047.0,3.296703296703291,-3.53356890459364
5071,2020-01-10,NSE:HMT,13.7,14.25,13.6,13.6,3572.0,-3.546099290780142,3.296703296703291
5072,2020-01-13,NSE:HMT,14.0,14.0,13.45,13.95,1033.0,2.5735294117647034,-3.546099290780142
5073,2020-01-14,NSE:HMT,13.45,14.25,13.3,14.05,2875.0,0.7168458781362109,2.5735294117647034
5074,2020-01-15,NSE:HMT,14.0,14.0,13.4,13.65,416.0,-2.846975088967974,0.7168458781362109
5075,2020-01-16,NSE:HMT,13.9,13.9,13.0,13.5,4374.0,-1.0989010989011014,-2.846975088967974
5076,2020-01-17,NSE:HMT,13.5,13.5,13.1,13.25,3411.0,-1.8518518518518516,-1.0989010989011014
5077,2020-01-20,NSE:HMT,13.75,13.85,13.2,13.6,3017.0,2.6415094339622613,-1.8518518518518516
5078,2020-01-21,NSE:HMT,13.25,13.6,13.25,13.55,1270.0,-0.3676470588235216,2.6415094339622613
5079,2020-01-22,NSE:HMT,13.4,13.6,13.05,13.6,268.0,0.3690036900368925,-0.3676470588235216
5080,2020-01-23,NSE:HMT,13.05,13.55,13.05,13.5,1597.0,-0.7352941176470562,0.3690036900368925
5081,2020-01-24,NSE:HMT,13.6,13.8,13.1,13.4,1595.0,-0.740740740740738,-0.7352941176470562
5082,2020-01-27,NSE:HMT,13.9,13.9,12.75,13.35,2078.0,-0.37313432835821425,-0.740740740740738
5083,2020-01-28,NSE:HMT,13.05,13.45,13.05,13.4,463.0,0.37453183520599787,-0.37313432835821425
5084,2020-01-29,NSE:HMT,13.15,13.5,13.15,13.5,2126.0,0.7462686567164152,0.37453183520599787
5085,2020-01-30,NSE:HMT,13.25,14.0,13.0,13.8,1976.0,2.2222222222222276,0.7462686567164152
5086,2020-01-31,NSE:HMT,13.25,13.9,13.15,13.75,377.0,-0.36231884057971525,2.2222222222222276
5087,2020-02-01,NSE:HMT,13.1,14.2,13.1,13.1,2118.0,-4.72727272727273,-0.36231884057971525
5088,2020-02-03,NSE:HMT,13.1,13.3,12.45,13.0,1358.0,-0.7633587786259515,-4.72727272727273
5089,2020-02-04,NSE:HMT,12.95,12.95,12.35,12.35,703.0,-5.000000000000003,-0.7633587786259515
5090,2020-02-05,NSE:HMT,12.35,12.8,11.75,12.05,3779.0,-2.4291497975708416,-5.000000000000003
5091,2020-02-06,NSE:HMT,11.75,12.6,11.55,12.4,88.0,2.904564315352694,-2.4291497975708416
5092,2020-02-07,NSE:HMT,12.4,12.55,12.0,12.5,2232.0,0.8064516129032229,2.904564315352694
5093,2020-02-10,NSE:HMT,12.1,12.45,11.9,12.05,775.0,-3.5999999999999943,0.8064516129032229
5094,2020-02-11,NSE:HMT,12.0,12.45,12.0,12.05,2505.0,0.0,-3.5999999999999943
5095,2020-02-12,NSE:HMT,11.6,12.5,11.5,11.5,1646.0,-4.5643153526971005,0.0
5096,2020-02-13,NSE:HMT,11.1,12.0,11.1,11.95,1612.0,3.913043478260864,-4.5643153526971005
5097,2020-02-14,NSE:HMT,12.5,12.5,11.65,12.4,917.0,3.765690376569047,3.913043478260864
5098,2020-02-17,NSE:HMT,12.7,12.7,11.8,11.9,321.0,-4.032258064516129,3.765690376569047
5099,2020-02-18,NSE:HMT,11.85,11.85,11.4,11.4,901.0,-4.201680672268907,-4.032258064516129
5100,2020-02-19,NSE:HMT,11.4,11.8,11.0,11.5,3335.0,0.8771929824561372,-4.201680672268907
5101,2020-02-20,NSE:HMT,11.05,11.95,11.05,11.25,1176.0,-2.1739130434782608,0.8771929824561372
5102,2020-02-24,NSE:HMT,11.25,11.25,10.75,11.25,2541.0,0.0,-2.1739130434782608
5103,2020-02-25,NSE:HMT,10.7,11.75,10.7,11.6,2460.0,3.111111111111108,0.0
5104,2020-02-26,NSE:HMT,11.05,11.2,11.05,11.05,508.0,-4.7413793103448185,3.111111111111108
5105,2020-02-27,NSE:HMT,11.0,11.0,10.5,10.95,1229.0,-0.9049773755656236,-4.7413793103448185
5106,2020-02-28,NSE:HMT,10.55,11.3,10.5,10.5,3459.0,-4.109589041095884,-0.9049773755656236
5107,2020-03-02,NSE:HMT,10.5,11.0,10.5,10.55,537.0,0.476190476190483,-4.109589041095884
5108,2020-03-03,NSE:HMT,10.55,11.0,10.4,10.6,2055.0,0.47393364928908943,0.476190476190483
5109,2020-03-04,NSE:HMT,10.4,10.6,10.3,10.35,1105.0,-2.358490566037736,0.47393364928908943
5110,2020-03-05,NSE:HMT,10.85,10.85,10.0,10.1,976.0,-2.4154589371980677,-2.358490566037736
5111,2020-03-06,NSE:HMT,10.6,10.6,9.6,9.65,9724.0,-4.455445544554449,-2.4154589371980677
5112,2020-03-09,NSE:HMT,9.2,10.0,9.2,9.2,3487.0,-4.663212435233172,-4.455445544554449
5113,2020-03-11,NSE:HMT,9.65,9.65,8.75,8.95,3189.0,-2.717391304347826,-4.663212435233172
5114,2020-03-12,NSE:HMT,8.95,9.25,8.55,8.6,3226.0,-3.9106145251396613,-2.717391304347826
5115,2020-03-13,NSE:HMT,8.9,9.0,8.2,8.5,17957.0,-1.1627906976744147,-3.9106145251396613
5116,2020-03-16,NSE:HMT,8.2,8.2,8.15,8.15,5036.0,-4.117647058823525,-1.1627906976744147
5117,2020-03-17,NSE:HMT,8.15,8.5,7.75,8.45,3247.0,3.6809815950920117,-4.117647058823525
5118,2020-03-18,NSE:HMT,8.85,8.85,8.05,8.05,2121.0,-4.733727810650871,3.6809815950920117
5119,2020-03-19,NSE:HMT,8.4,8.4,7.65,8.0,6248.0,-0.6211180124223691,-4.733727810650871
5120,2020-03-20,NSE:HMT,7.6,8.4,7.6,8.1,3604.0,1.2499999999999956,-0.6211180124223691
5121,2020-03-23,NSE:HMT,8.1,8.3,7.7,7.75,685.0,-4.320987654320983,1.2499999999999956
5122,2020-03-24,NSE:HMT,7.75,8.1,7.4,7.55,6394.0,-2.580645161290325,-4.320987654320983
5123,2020-03-25,NSE:HMT,7.5,7.9,7.5,7.9,2144.0,4.63576158940398,-2.580645161290325
5124,2020-03-26,NSE:HMT,7.9,8.25,7.55,8.25,3206.0,4.430379746835438,4.63576158940398
5125,2020-03-27,NSE:HMT,8.1,8.65,7.85,8.35,2568.0,1.2121212121212077,4.430379746835438
5126,2020-03-30,NSE:HMT,8.4,8.75,8.35,8.65,4142.0,3.592814371257494,1.2121212121212077
5127,2020-03-31,NSE:HMT,8.35,9.0,8.35,8.35,11919.0,-3.468208092485557,3.592814371257494
5128,2020-04-01,NSE:HMT,8.35,8.35,8.35,8.35,6.0,0.0,-3.468208092485557
5129,2020-04-03,NSE:HMT,8.4,8.75,8.4,8.75,2283.0,4.790419161676651,0.0
5130,2020-04-07,NSE:HMT,9.15,9.15,9.0,9.15,1282.0,4.571428571428576,4.790419161676651
5131,2020-04-08,NSE:HMT,9.3,9.6,9.3,9.6,705.0,4.918032786885238,4.571428571428576
5132,2020-04-09,NSE:HMT,9.6,10.05,9.6,10.05,324.0,4.687500000000011,4.918032786885238
5133,2020-04-13,NSE:HMT,10.55,10.55,10.55,10.55,1500.0,4.975124378109452,4.687500000000011
5134,2020-04-15,NSE:HMT,11.05,11.05,10.1,11.0,9502.0,4.265402843601889,4.975124378109452
5135,2020-04-16,NSE:HMT,11.55,11.55,10.75,11.5,10840.0,4.545454545454546,4.265402843601889
5136,2020-04-17,NSE:HMT,11.5,12.0,11.0,11.5,4822.0,0.0,4.545454545454546
5137,2020-04-20,NSE:HMT,11.5,12.05,11.5,12.05,5598.0,4.78260869565218,0.0
5138,2020-04-21,NSE:HMT,12.05,12.05,11.45,11.45,2493.0,-4.979253112033207,4.78260869565218
5139,2020-04-22,NSE:HMT,12.0,12.0,10.9,11.05,1395.0,-3.493449781659377,-4.979253112033207
5140,2020-04-23,NSE:HMT,11.05,11.6,10.6,11.1,2223.0,0.4524886877827958,-3.493449781659377
5141,2020-04-24,NSE:HMT,11.65,11.65,10.65,10.75,12080.0,-3.1531531531531503,0.4524886877827958
5142,2020-04-27,NSE:HMT,10.55,10.6,10.25,10.25,3347.0,-4.651162790697675,-3.1531531531531503
5143,2020-04-28,NSE:HMT,10.1,10.75,10.0,10.65,2411.0,3.9024390243902474,-4.651162790697675
5144,2020-04-29,NSE:HMT,10.5,11.15,10.4,11.15,5056.0,4.694835680751173,3.9024390243902474
5145,2020-04-30,NSE:HMT,11.5,11.5,10.6,10.9,7804.0,-2.242152466367713,4.694835680751173
5146,2020-05-04,NSE:HMT,11.1,11.1,10.5,11.0,2954.0,0.9174311926605472,-2.242152466367713
5147,2020-05-05,NSE:HMT,10.5,11.15,10.5,10.55,6133.0,-4.090909090909085,0.9174311926605472
5148,2020-05-06,NSE:HMT,10.55,11.0,10.5,10.7,243.0,1.421800947867285,-4.090909090909085
5149,2020-05-07,NSE:HMT,11.05,11.05,10.3,10.3,1020.0,-3.738317757009333,1.421800947867285
5150,2020-05-08,NSE:HMT,10.75,10.75,10.0,10.2,1773.0,-0.9708737864077808,-3.738317757009333
5151,2020-05-11,NSE:HMT,10.2,10.7,10.0,10.6,1979.0,3.921568627450984,-0.9708737864077808
5152,2020-05-12,NSE:HMT,11.0,11.0,10.3,10.65,2620.0,0.4716981132075539,3.921568627450984
5153,2020-05-13,NSE:HMT,11.05,11.15,10.5,11.0,6627.0,3.2863849765258184,0.4716981132075539
5154,2020-05-14,NSE:HMT,11.5,11.55,10.5,11.2,7628.0,1.818181818181812,3.2863849765258184
5155,2020-05-15,NSE:HMT,11.4,11.75,10.65,11.0,12078.0,-1.7857142857142794,1.818181818181812
5156,2020-05-18,NSE:HMT,11.5,11.5,10.5,11.3,3579.0,2.7272727272727337,-1.7857142857142794
5157,2020-05-19,NSE:HMT,11.5,11.5,11.05,11.2,1632.0,-0.8849557522124019,2.7272727272727337
5158,2020-05-20,NSE:HMT,11.5,11.75,10.7,11.5,2247.0,2.678571428571435,-0.8849557522124019
5159,2020-05-21,NSE:HMT,11.5,11.5,10.95,11.0,1818.0,-4.3478260869565215,2.678571428571435
5160,2020-05-22,NSE:HMT,10.45,11.0,10.45,10.5,2998.0,-4.545454545454546,-4.3478260869565215
5161,2020-05-26,NSE:HMT,10.05,11.0,10.0,10.5,1758.0,0.0,-4.545454545454546
5162,2020-05-27,NSE:HMT,11.0,11.0,10.5,11.0,1582.0,4.761904761904762,0.0
5163,2020-05-28,NSE:HMT,10.5,11.55,10.5,10.75,12882.0,-2.272727272727273,4.761904761904762
5164,2020-05-29,NSE:HMT,11.1,11.1,10.75,10.85,2436.0,0.9302325581395315,-2.272727272727273
5165,2020-06-01,NSE:HMT,10.85,11.35,10.75,11.25,3403.0,3.6866359447004644,0.9302325581395315
5166,2020-06-02,NSE:HMT,10.75,11.8,10.75,11.75,4983.0,4.444444444444445,3.6866359447004644
5167,2020-06-03,NSE:HMT,11.8,12.3,11.8,11.85,10103.0,0.8510638297872309,4.444444444444445
5168,2020-06-04,NSE:HMT,11.5,12.4,11.5,12.35,2876.0,4.219409282700422,0.8510638297872309
5169,2020-06-05,NSE:HMT,12.35,12.95,12.2,12.95,12325.0,4.858299595141697,4.219409282700422
5170,2020-06-08,NSE:HMT,13.55,13.55,13.55,13.55,10102.0,4.633204633204644,4.858299595141697
5171,2020-06-09,NSE:HMT,14.2,14.2,14.2,14.2,11501.0,4.797047970479694,4.633204633204644
5172,2020-06-10,NSE:HMT,14.9,14.9,14.9,14.9,8875.0,4.92957746478874,4.797047970479694
5173,2020-06-11,NSE:HMT,15.6,15.6,15.0,15.55,32211.0,4.362416107382552,4.92957746478874
5174,2020-06-12,NSE:HMT,15.95,15.95,14.8,14.95,17568.0,-3.858520900321552,4.362416107382552
5175,2020-06-15,NSE:HMT,15.65,15.65,14.95,15.6,8270.0,4.347826086956524,-3.858520900321552
5176,2020-06-16,NSE:HMT,16.25,16.35,15.65,16.0,16691.0,2.5641025641025665,4.347826086956524
5177,2020-06-17,NSE:HMT,15.5,15.6,15.2,15.2,7308.0,-5.000000000000004,2.5641025641025665
5178,2020-06-18,NSE:HMT,15.0,15.5,14.45,14.9,11777.0,-1.9736842105263088,-5.000000000000004
5179,2020-06-19,NSE:HMT,15.0,15.5,14.6,15.3,8512.0,2.684563758389264,-1.9736842105263088
5180,2020-06-22,NSE:HMT,14.6,15.2,14.6,15.2,12525.0,-0.6535947712418394,2.684563758389264
5181,2020-06-23,NSE:HMT,15.2,15.5,14.5,15.4,10512.0,1.3157894736842175,-0.6535947712418394
5182,2020-06-24,NSE:HMT,15.6,16.15,15.05,15.25,9835.0,-0.9740259740259762,1.3157894736842175
5183,2020-06-25,NSE:HMT,15.95,15.95,14.55,15.45,3785.0,1.3114754098360608,-0.9740259740259762
5184,2020-06-26,NSE:HMT,16.0,16.0,14.75,15.5,6227.0,0.32362459546926026,1.3114754098360608
5185,2020-06-29,NSE:HMT,15.5,16.1,14.75,15.1,6963.0,-2.580645161290325,0.32362459546926026
5186,2020-06-30,NSE:HMT,14.4,15.45,14.4,15.2,6073.0,0.6622516556291367,-2.580645161290325
5187,2020-07-01,NSE:HMT,15.15,15.2,14.45,15.05,6833.0,-0.9868421052631486,0.6622516556291367
5188,2020-07-02,NSE:HMT,15.0,15.3,14.5,15.2,4789.0,0.9966777408637779,-0.9868421052631486
5189,2020-07-03,NSE:HMT,15.3,15.3,14.5,14.85,7144.0,-2.3026315789473664,0.9966777408637779
5190,2020-07-06,NSE:HMT,14.5,15.45,14.5,15.35,8533.0,3.3670033670033668,-2.3026315789473664
5191,2020-07-07,NSE:HMT,15.0,16.1,14.75,16.1,30776.0,4.8859934853420315,3.3670033670033668
5192,2020-07-08,NSE:HMT,16.9,16.9,16.9,16.9,15862.0,4.968944099378864,4.8859934853420315
5193,2020-07-09,NSE:HMT,17.700001,17.700001,17.700001,17.700001,13444.0,4.7337337278106615,4.968944099378864
5194,2020-07-10,NSE:HMT,18.549999,18.549999,17.0,18.200001,52856.0,2.824858597465616,4.7337337278106615
5195,2020-07-13,NSE:HMT,18.200001,19.1,18.15,18.85,27771.0,3.5714228806910566,2.824858597465616
5196,2020-07-14,NSE:HMT,19.049999,19.700001,19.0,19.299999,18479.0,2.3872625994694867,3.5714228806910566
5197,2020-07-15,NSE:HMT,20.0,20.25,19.0,19.35,18887.0,0.2590725522835609,2.3872625994694867
5198,2020-07-16,NSE:HMT,19.0,19.0,18.4,18.4,4681.0,-4.909560723514226,0.2590725522835609
5199,2020-07-17,NSE:HMT,17.5,18.4,17.5,17.5,11837.0,-4.89130434782608,-4.909560723514226
5200,2020-07-20,NSE:HMT,17.5,18.299999,16.65,17.0,8713.0,-2.857142857142857,-4.89130434782608
5201,2020-07-21,NSE:HMT,17.5,17.799999,16.25,17.1,6084.0,0.5882352941176554,-2.857142857142857
5202,2020-07-22,NSE:HMT,17.1,17.950001,16.299999,17.35,8032.0,1.461988304093567,0.5882352941176554
5203,2020-07-23,NSE:HMT,16.5,17.5,16.5,17.0,8954.0,-2.0172910662824286,1.461988304093567
5204,2020-07-24,NSE:HMT,17.0,17.5,16.299999,16.950001,10596.0,-0.2941117647058805,-2.0172910662824286
5205,2020-07-27,NSE:HMT,16.549999,16.950001,16.15,16.799999,7440.0,-0.8849674994119507,-0.2941117647058805
5206,2020-07-28,NSE:HMT,16.799999,16.799999,16.0,16.1,4367.0,-4.166660962301238,-0.8849674994119507
5207,2020-07-29,NSE:HMT,16.1,16.9,15.85,16.25,10940.0,0.9316770186335316,-4.166660962301238
5208,2020-07-30,NSE:HMT,17.0,17.049999,16.5,16.9,5287.0,3.999999999999991,0.9316770186335316
5209,2020-07-31,NSE:HMT,17.4,17.4,16.5,16.549999,2273.0,-2.07101183431952,3.999999999999991
5210,2020-08-03,NSE:HMT,16.0,17.0,15.75,16.9,5148.0,2.114809795456779,-2.07101183431952
5211,2020-08-04,NSE:HMT,17.0,17.0,16.1,16.1,8799.0,-4.733727810650871,2.114809795456779
5212,2020-08-05,NSE:HMT,16.5,16.9,15.3,15.7,38558.0,-2.484472049689454,-4.733727810650871
5213,2020-08-06,NSE:HMT,16.4,16.4,15.9,16.0,9251.0,1.9108280254777117,-2.484472049689454
5214,2020-08-07,NSE:HMT,15.65,16.0,15.25,15.9,9055.0,-0.6249999999999978,1.9108280254777117
5215,2020-08-10,NSE:HMT,15.25,16.65,15.15,16.1,25802.0,1.2578616352201324,-0.6249999999999978
5216,2020-08-11,NSE:HMT,16.049999,16.6,16.0,16.15,6076.0,0.31055900621116245,1.2578616352201324
5217,2020-08-12,NSE:HMT,16.450001,16.9,16.0,16.700001,12349.0,3.4055789473684324,0.31055900621116245
5218,2020-08-13,NSE:HMT,16.75,17.299999,16.549999,17.049999,4685.0,2.0957962816888416,3.4055789473684324
5219,2020-08-14,NSE:HMT,17.049999,17.4,16.5,16.549999,3976.0,-2.9325514916452486,2.0957962816888416
5220,2020-08-17,NSE:HMT,16.0,17.1,16.0,17.0,5230.0,2.719039439216887,-2.9325514916452486
5221,2020-08-18,NSE:HMT,16.75,16.9,16.299999,16.35,7524.0,-3.8235294117646976,2.719039439216887
5222,2020-08-19,NSE:HMT,16.950001,17.15,16.950001,17.15,21448.0,4.892966360856251,-3.8235294117646976
5223,2020-08-20,NSE:HMT,17.35,17.549999,16.75,17.25,8377.0,0.5830903790087547,4.892966360856251
5224,2020-08-21,NSE:HMT,17.0,17.799999,17.0,17.75,5330.0,2.898550724637681,0.5830903790087547
5225,2020-08-24,NSE:HMT,18.0,18.5,16.950001,18.35,15539.0,3.380281690140853,2.898550724637681
5226,2020-08-25,NSE:HMT,18.9,18.9,17.5,18.4,4940.0,0.27247956403268203,3.380281690140853
5227,2020-08-26,NSE:HMT,18.799999,18.950001,17.799999,18.1,14627.0,-1.6304347826086802,0.27247956403268203
5228,2020-08-27,NSE:HMT,18.700001,18.700001,18.0,18.1,8386.0,0.0,-1.6304347826086802
5229,2020-08-28,NSE:HMT,17.5,18.15,17.5,18.049999,5047.0,-0.27624861878453993,0.0
5230,2020-08-31,NSE:HMT,18.049999,18.049999,17.15,17.15,9459.0,-4.986144320562018,-0.27624861878453993
5231,2020-09-01,NSE:HMT,17.15,17.5,16.35,17.4,2580.0,1.457725947521866,-4.986144320562018
5232,2020-09-02,NSE:HMT,16.6,18.0,16.6,17.1,3430.0,-1.7241379310344664,1.457725947521866
5233,2020-09-03,NSE:HMT,17.75,17.85,16.299999,17.25,3542.0,0.877192982456132,-1.7241379310344664
5234,2020-09-04,NSE:HMT,17.700001,17.799999,16.799999,17.1,5675.0,-0.869565217391296,0.877192982456132
5235,2020-09-07,NSE:HMT,17.0,17.6,16.5,17.450001,4437.0,2.046789473684204,-0.869565217391296
5236,2020-09-08,NSE:HMT,18.0,18.0,16.799999,17.049999,6978.0,-2.2922749402707807,2.046789473684204
5237,2020-09-09,NSE:HMT,17.049999,17.049999,16.200001,16.200001,6050.0,-4.985325805590953,-2.2922749402707807
5238,2020-09-10,NSE:HMT,16.200001,17.0,16.200001,16.950001,4405.0,4.62962934385004,-4.985325805590953
5239,2020-09-11,NSE:HMT,17.75,17.75,16.9,17.5,11989.0,3.2448316669715807,4.62962934385004
5240,2020-09-14,NSE:HMT,17.299999,17.4,16.799999,17.15,2380.0,-2.000000000000008,3.2448316669715807
5241,2020-09-15,NSE:HMT,17.4,18.0,16.799999,17.200001,10893.0,0.29155102040817343,-2.000000000000008
5242,2020-09-16,NSE:HMT,17.200001,17.75,16.799999,17.4,3555.0,1.1627848161171517,0.29155102040817343
5243,2020-09-17,NSE:HMT,16.85,17.6,16.85,16.9,4764.0,-2.873563218390805,1.1627848161171517
5244,2020-09-18,NSE:HMT,16.700001,17.65,16.700001,16.950001,2585.0,0.2958639053254541,-2.873563218390805
5245,2020-09-21,NSE:HMT,17.5,17.5,16.65,16.65,3339.0,-1.7699172997099042,0.2958639053254541
5246,2020-09-22,NSE:HMT,17.200001,17.200001,15.85,16.450001,1010.0,-1.201195195195185,-1.7699172997099042
5247,2020-09-23,NSE:HMT,16.0,16.0,15.65,15.65,7133.0,-4.8632276678888955,-1.201195195195185
5248,2020-09-24,NSE:HMT,16.0,16.0,14.9,14.9,2834.0,-4.792332268370607,-4.8632276678888955
5249,2020-09-25,NSE:HMT,15.5,15.5,14.2,14.9,2168.0,0.0,-4.792332268370607
5250,2020-09-28,NSE:HMT,15.5,15.6,14.5,15.6,5096.0,4.6979865771812035,0.0
5251,2020-09-29,NSE:HMT,16.25,16.25,15.0,15.25,9828.0,-2.2435897435897414,4.6979865771812035
5252,2020-09-30,NSE:HMT,15.8,15.8,15.0,15.05,1683.0,-1.3114754098360608,-2.2435897435897414
5253,2020-10-01,NSE:HMT,15.7,15.7,14.9,14.9,298.0,-0.9966777408637897,-1.3114754098360608
5254,2020-10-05,NSE:HMT,15.2,15.2,14.6,14.7,2420.0,-1.342281879194638,-0.9966777408637897
5255,2020-10-06,NSE:HMT,15.1,15.4,14.85,15.3,2985.0,4.081632653061234,-1.342281879194638
5256,2020-10-07,NSE:HMT,15.95,15.95,15.0,15.75,1569.0,2.94117647058823,4.081632653061234
5257,2020-10-08,NSE:HMT,15.25,15.75,15.0,15.0,4855.0,-4.761904761904762,2.94117647058823
5258,2020-10-09,NSE:HMT,15.5,15.5,14.3,14.85,6138.0,-1.0000000000000024,-4.761904761904762
5259,2020-10-12,NSE:HMT,15.0,15.0,14.5,14.6,465.0,-1.6835016835016834,-1.0000000000000024
5260,2020-10-13,NSE:HMT,14.25,14.85,14.25,14.55,3116.0,-0.34246575342465024,-1.6835016835016834
5261,2020-10-14,NSE:HMT,15.0,15.1,14.3,14.5,1034.0,-0.3436426116838536,-0.34246575342465024
5262,2020-10-15,NSE:HMT,14.4,14.9,14.4,14.4,1773.0,-0.6896551724137907,-0.3436426116838536
5263,2020-10-16,NSE:HMT,15.0,15.0,14.0,14.85,5673.0,3.124999999999995,-0.6896551724137907
5264,2020-10-19,NSE:HMT,15.0,15.0,14.3,14.35,652.0,-3.3670033670033668,3.124999999999995
5265,2020-10-20,NSE:HMT,14.35,14.85,14.0,14.7,3686.0,2.4390243902439,-3.3670033670033668
5266,2020-10-21,NSE:HMT,14.45,14.7,14.1,14.7,4351.0,0.0,2.4390243902439
5267,2020-10-22,NSE:HMT,14.7,14.7,14.1,14.3,2728.0,-2.7210884353741402,0.0
5268,2020-10-23,NSE:HMT,14.7,14.7,14.4,14.65,4897.0,2.447552447552445,-2.7210884353741402
5269,2020-10-26,NSE:HMT,14.7,15.15,14.1,14.6,1355.0,-0.3412969283276499,2.447552447552445
5270,2020-10-27,NSE:HMT,14.6,14.85,14.4,14.55,1626.0,-0.34246575342465024,-0.3412969283276499
5271,2020-10-28,NSE:HMT,14.75,14.75,14.45,14.5,315.0,-0.3436426116838536,-0.34246575342465024
5272,2020-10-29,NSE:HMT,14.5,15.0,13.8,14.75,4800.0,1.7241379310344827,-0.3436426116838536
5273,2020-10-30,NSE:HMT,15.0,15.2,14.3,14.85,3663.0,0.6779661016949128,1.7241379310344827
5274,2020-11-02,NSE:HMT,14.85,15.0,14.15,14.25,2946.0,-4.040404040404038,0.6779661016949128
5275,2020-11-03,NSE:HMT,14.75,14.75,14.0,14.2,3142.0,-0.3508771929824611,-4.040404040404038
5276,2020-11-04,NSE:HMT,14.2,14.9,14.2,14.3,1021.0,0.7042253521126861,-0.3508771929824611
5277,2020-11-05,NSE:HMT,14.75,14.75,14.15,14.15,1154.0,-1.0489510489510514,0.7042253521126861
5278,2020-11-06,NSE:HMT,14.65,14.65,14.0,14.25,8099.0,0.7067137809187254,-1.0489510489510514
5279,2020-11-09,NSE:HMT,14.45,14.45,14.2,14.3,1132.0,0.3508771929824611,0.7067137809187254
5280,2020-11-10,NSE:HMT,14.5,14.95,14.05,14.7,2114.0,2.7972027972027873,0.3508771929824611
5281,2020-11-11,NSE:HMT,14.9,14.9,14.5,14.5,1100.0,-1.3605442176870701,2.7972027972027873
5282,2020-11-12,NSE:HMT,14.6,14.75,14.1,14.5,2939.0,0.0,-1.3605442176870701
5283,2020-11-13,NSE:HMT,14.5,14.95,14.45,14.8,2425.0,2.0689655172413843,0.0
5284,2020-11-14,NSE:HMT,14.9,15.25,14.1,14.4,1699.0,-2.702702702702705,2.0689655172413843
5285,2020-11-17,NSE:HMT,14.95,14.95,14.3,14.5,3515.0,0.694444444444442,-2.702702702702705
5286,2020-11-18,NSE:HMT,15.0,15.0,14.1,14.15,3680.0,-2.4137931034482736,0.694444444444442
5287,2020-11-19,NSE:HMT,14.4,14.85,14.25,14.35,9257.0,1.4134275618374508,-2.4137931034482736
5288,2020-11-20,NSE:HMT,14.9,15.0,14.25,14.5,4658.0,1.0452961672473893,1.4134275618374508
5289,2020-11-23,NSE:HMT,14.9,15.0,14.2,14.7,5363.0,1.3793103448275814,1.0452961672473893
5290,2020-11-24,NSE:HMT,15.25,15.25,14.2,14.6,11831.0,-0.6802721088435351,1.3793103448275814
5291,2020-11-25,NSE:HMT,14.1,15.05,14.1,14.55,4130.0,-0.34246575342465024,-0.6802721088435351
5292,2020-11-26,NSE:HMT,15.0,15.0,14.4,14.5,5366.0,-0.3436426116838536,-0.34246575342465024
5293,2020-11-27,NSE:HMT,14.3,15.0,14.3,14.95,4396.0,3.103448275862064,-0.3436426116838536
5294,2020-12-01,NSE:HMT,14.95,15.1,14.8,15.0,3650.0,0.33444816053512183,3.103448275862064
5295,2020-12-02,NSE:HMT,15.25,15.5,14.75,15.3,9685.0,2.000000000000005,0.33444816053512183
5296,2020-12-03,NSE:HMT,15.7,15.75,14.55,15.55,8908.0,1.6339869281045754,2.000000000000005
5297,2020-12-04,NSE:HMT,15.25,16.200001,15.25,16.0,12008.0,2.893890675241153,1.6339869281045754
5298,2020-12-07,NSE:HMT,16.799999,16.799999,16.799999,16.799999,17234.0,4.999993749999998,2.893890675241153
5299,2020-12-08,NSE:HMT,17.6,17.6,17.6,17.6,13774.0,4.761910997732808,4.999993749999998
5300,2020-12-09,NSE:HMT,18.450001,18.450001,18.450001,18.450001,23071.0,4.829551136363629,4.761910997732808
5301,2020-12-10,NSE:HMT,19.35,19.35,19.35,19.35,28787.0,4.878043096041031,4.829551136363629
5302,2020-12-11,NSE:HMT,20.299999,20.299999,20.299999,20.299999,33284.0,4.909555555555547,4.878043096041031
5303,2020-12-14,NSE:HMT,21.299999,21.299999,21.299999,21.299999,12684.0,4.926108617049685,4.909555555555547
5304,2020-12-15,NSE:HMT,22.35,22.35,22.35,22.35,18439.0,4.929582391060214,4.926108617049685
5305,2020-12-16,NSE:HMT,23.450001,23.450001,22.0,23.35,120986.0,4.474272930648769,4.929582391060214
5306,2020-12-17,NSE:HMT,23.450001,23.700001,22.200001,22.4,30675.0,-4.068522483940055,4.474272930648769
5307,2020-12-18,NSE:HMT,22.950001,23.5,21.299999,21.299999,13229.0,-4.910718749999996,-4.068522483940055
5308,2020-12-21,NSE:HMT,21.35,21.35,20.25,20.25,5937.0,-4.929573001388402,-4.910718749999996
5309,2020-12-22,NSE:HMT,19.25,19.299999,19.25,19.25,12981.0,-4.938271604938271,-4.929573001388402
5310,2020-12-23,NSE:HMT,18.299999,20.200001,18.299999,20.200001,20103.0,4.935070129870132,-4.938271604938271
5311,2020-12-24,NSE:HMT,21.200001,21.200001,20.25,21.200001,15755.0,4.95049480443095,4.935070129870132
5312,2020-12-28,NSE:HMT,21.200001,22.25,20.200001,22.15,17192.0,4.481127147116635,4.95049480443095
5313,2020-12-29,NSE:HMT,22.950001,23.0,21.5,22.4,18307.0,1.1286681715575622,4.481127147116635
5314,2020-12-30,NSE:HMT,22.4,22.5,21.299999,21.450001,11456.0,-4.241066964285707,1.1286681715575622
5315,2020-12-31,NSE:HMT,20.6,21.85,20.6,21.4,11028.0,-0.23310488423754264,-4.241066964285707
5316,2021-01-01,NSE:HMT,22.35,22.450001,21.25,21.299999,9539.0,-0.46729439252335936,-0.23310488423754264
5317,2021-01-04,NSE:HMT,22.25,22.25,20.6,21.950001,13564.0,3.0516527254297086,-0.46729439252335936
5318,2021-01-05,NSE:HMT,21.950001,22.35,21.0,21.75,9855.0,-0.9111662455049561,3.0516527254297086
5319,2021-01-06,NSE:HMT,21.5,22.25,21.1,21.549999,21388.0,-0.9195448275862084,-0.9111662455049561
5320,2021-01-07,NSE:HMT,22.6,22.6,21.9,22.6,12375.0,4.872394657651732,-0.9195448275862084
5321,2021-01-08,NSE:HMT,23.700001,23.700001,23.700001,23.700001,18296.0,4.8672610619468974,4.872394657651732
5322,2021-01-11,NSE:HMT,24.85,24.85,24.0,24.85,30922.0,4.8523162509571245,4.8672610619468974
5323,2021-01-12,NSE:HMT,26.0,26.049999,25.049999,26.049999,16386.0,4.828969818913474,4.8523162509571245
5324,2021-01-13,NSE:HMT,27.35,27.35,26.65,26.85,29409.0,3.071021231133259,4.828969818913474
5325,2021-01-14,NSE:HMT,26.950001,28.0,25.549999,25.6,21191.0,-4.655493482309125,3.071021231133259
5326,2021-01-15,NSE:HMT,25.0,25.9,24.35,24.35,20244.0,-4.8828125,-4.655493482309125
5327,2021-01-18,NSE:HMT,24.950001,24.950001,23.15,24.35,9074.0,0.0,-4.8828125
5328,2021-01-19,NSE:HMT,24.0,25.0,23.15,23.15,23980.0,-4.928131416837793,0.0
5329,2021-01-20,NSE:HMT,23.15,23.799999,22.0,22.9,3238.0,-1.0799136069114472,-4.928131416837793
5330,2021-01-21,NSE:HMT,22.5,23.5,21.799999,21.950001,16761.0,-4.14846724890829,-1.0799136069114472
5331,2021-01-22,NSE:HMT,22.700001,22.700001,21.0,21.549999,3588.0,-1.8223324910099121,-4.14846724890829
5332,2021-01-25,NSE:HMT,22.0,22.6,21.0,21.9,5549.0,1.624134646131533,-1.8223324910099121
5333,2021-01-27,NSE:HMT,21.9,21.9,21.1,21.200001,3208.0,-3.196342465753417,1.624134646131533
5334,2021-01-28,NSE:HMT,20.6,21.5,20.549999,21.15,6247.0,-0.23585376245973638,-3.196342465753417
5335,2021-01-29,NSE:HMT,21.15,22.200001,20.200001,21.049999,3345.0,-0.47281796690306804,-0.23585376245973638
5336,2021-02-01,NSE:HMT,22.0,22.1,21.0,22.0,8595.0,4.513069098008034,-0.47281796690306804
5337,2021-02-02,NSE:HMT,22.0,22.25,21.200001,22.0,2778.0,0.0,4.513069098008034
5338,2021-02-03,NSE:HMT,21.9,23.1,21.5,22.6,28201.0,2.7272727272727337,0.0
5339,2021-02-04,NSE:HMT,22.0,23.700001,22.0,23.5,39309.0,3.982300884955746,2.7272727272727337
5340,2021-02-05,NSE:HMT,23.75,24.65,23.75,24.65,27280.0,4.893617021276589,3.982300884955746
5341,2021-02-08,NSE:HMT,25.85,25.85,25.85,25.85,15757.0,4.868154158215022,4.893617021276589
5342,2021-02-09,NSE:HMT,27.1,27.1,27.1,27.1,14879.0,4.835589941972921,4.868154158215022
5343,2021-02-10,NSE:HMT,28.4,28.4,25.75,26.0,26320.0,-4.059040590405909,4.835589941972921
5344,2021-02-11,NSE:HMT,26.0,26.0,24.700001,25.65,12196.0,-1.3461538461538516,-4.059040590405909
5345,2021-02-12,NSE:HMT,25.700001,25.700001,24.4,24.4,8475.0,-4.873294346978558,-1.3461538461538516
5346,2021-02-15,NSE:HMT,24.4,24.950001,23.200001,23.200001,19127.0,-4.918028688524583,-4.873294346978558
5347,2021-02-16,NSE:HMT,23.200001,23.75,22.049999,22.049999,26308.0,-4.956904958754099,-4.918028688524583
5348,2021-02-17,NSE:HMT,22.049999,23.15,20.950001,23.15,12531.0,4.988666892910058,-4.956904958754099
5349,2021-02-18,NSE:HMT,24.200001,24.299999,23.049999,24.25,6656.0,4.751619870410374,4.988666892910058
5350,2021-02-19,NSE:HMT,24.299999,24.299999,23.049999,23.5,18369.0,-3.0927835051546393,4.751619870410374
5351,2021-02-22,NSE:HMT,22.5,24.200001,22.5,23.0,6462.0,-2.127659574468085,-3.0927835051546393
5352,2021-02-23,NSE:HMT,22.6,23.700001,22.5,22.700001,4280.0,-1.3043434782608683,-2.127659574468085
5353,2021-02-24,NSE:HMT,22.5,23.75,22.5,23.5,3608.0,3.5242245143513413,-1.3043434782608683
5354,2021-02-25,NSE:HMT,23.5,24.65,22.65,24.15,52258.0,2.7659574468085046,3.5242245143513413
5355,2021-02-26,NSE:HMT,25.0,25.35,23.6,25.35,69308.0,4.968944099378894,2.7659574468085046
5356,2021-03-01,NSE:HMT,25.5,26.6,25.5,26.6,35712.0,4.930966469428007,4.968944099378894
5357,2021-03-02,NSE:HMT,27.9,27.9,26.049999,26.450001,45800.0,-0.5639060150375981,4.930966469428007
5358,2021-03-03,NSE:HMT,25.25,27.75,25.15,27.299999,34087.0,3.2136029030773927,-0.5639060150375981
5359,2021-03-04,NSE:HMT,28.65,28.65,28.65,28.65,17278.0,4.945058789196289,3.2136029030773927
5360,2021-03-05,NSE:HMT,30.049999,30.049999,30.049999,30.049999,9819.0,4.8865584642233895,4.945058789196289
5361,2021-03-08,NSE:HMT,31.549999,31.549999,28.549999,31.549999,24625.0,4.991680698558426,4.8865584642233895
5362,2021-03-09,NSE:HMT,33.099998,33.099998,33.099998,33.099998,13172.0,4.91283375318015,4.991680698558426
5363,2021-03-10,NSE:HMT,34.75,34.75,34.75,34.75,6067.0,4.984900603317259,4.91283375318015
5364,2021-03-12,NSE:HMT,36.450001,36.450001,36.450001,36.450001,6472.0,4.892089208633094,4.984900603317259
5365,2021-03-15,NSE:HMT,38.25,38.25,36.049999,37.900002,106471.0,3.9780547605471956,4.892089208633094
5366,2021-03-16,NSE:HMT,38.5,39.5,36.049999,36.049999,24610.0,-4.88127414874543,3.9780547605471956
5367,2021-03-17,NSE:HMT,34.5,35.0,34.25,34.25,4180.0,-4.993062551818656,-4.88127414874543
5368,2021-03-18,NSE:HMT,32.549999,33.700001,32.549999,32.549999,19462.0,-4.963506569343067,-4.993062551818656
5369,2021-03-19,NSE:HMT,31.0,34.099998,30.950001,33.25,30029.0,2.1505407726740646,-4.963506569343067
5370,2021-03-22,NSE:HMT,34.900002,34.900002,32.0,34.25,37359.0,3.007518796992481,2.1505407726740646
5371,2021-03-23,NSE:HMT,33.0,35.400002,32.650002,33.150002,26061.0,-3.211672992700728,3.007518796992481
5372,2021-03-24,NSE:HMT,34.5,34.5,31.549999,32.349998,27245.0,-2.413284922275423,-3.211672992700728
5373,2021-03-25,NSE:HMT,33.5,33.5,31.0,31.25,6565.0,-3.40030314685027,-2.413284922275423
5374,2021-03-26,NSE:HMT,31.25,32.799999,30.1,32.400002,25613.0,3.680006400000002,-3.40030314685027
5375,2021-03-30,NSE:HMT,33.0,33.0,30.799999,30.950001,6528.0,-4.47531145214127,3.680006400000002
5376,2021-03-31,NSE:HMT,31.4,31.85,30.049999,30.700001,10593.0,-0.8077544165507458,-4.47531145214127
5377,2021-04-01,NSE:HMT,30.35,32.099998,29.200001,31.85,21917.0,3.745924959416129,-0.8077544165507458
5378,2021-04-05,NSE:HMT,32.0,32.0,30.299999,30.5,3813.0,-4.238618524332814,3.745924959416129
5379,2021-04-06,NSE:HMT,30.65,31.4,29.700001,30.1,8304.0,-1.3114754098360608,-4.238618524332814
5380,2021-04-07,NSE:HMT,31.0,31.6,30.1,31.6,6366.0,4.983388704318937,-1.3114754098360608
5381,2021-04-08,NSE:HMT,32.5,32.5,30.1,30.1,15412.0,-4.746835443037974,4.983388704318937
5382,2021-04-09,NSE:HMT,31.450001,31.450001,28.6,30.700001,20737.0,1.9933588039867074,-4.746835443037974
5383,2021-04-12,NSE:HMT,29.299999,29.299999,29.200001,29.200001,7199.0,-4.885993326189142,1.9933588039867074
5384,2021-04-13,NSE:HMT,27.75,29.950001,27.75,29.25,3524.0,0.1712294461907713,-4.885993326189142
5385,2021-04-15,NSE:HMT,28.0,30.0,27.799999,28.1,8797.0,-3.9316239316239265,0.1712294461907713
5386,2021-04-16,NSE:HMT,28.1,28.299999,26.9,27.0,18602.0,-3.9145907473309656,-3.9316239316239265
5387,2021-04-19,NSE:HMT,28.0,28.0,25.65,26.25,16764.0,-2.7777777777777777,-3.9145907473309656
5388,2021-04-20,NSE:HMT,26.950001,27.549999,26.5,27.049999,17206.0,3.047615238095237,-2.7777777777777777
5389,2021-04-22,NSE:HMT,27.049999,28.4,26.0,26.6,7539.0,-1.6635823165834434,3.047615238095237
5390,2021-04-23,NSE:HMT,26.25,27.85,25.299999,26.6,9940.0,0.0,-1.6635823165834434
5391,2021-04-26,NSE:HMT,27.5,27.5,26.0,26.950001,8486.0,1.3157932330827027,0.0
5392,2021-04-27,NSE:HMT,27.0,27.5,25.65,27.0,6099.0,0.18552503949814209,1.3157932330827027
5393,2021-04-28,NSE:HMT,27.0,27.5,26.1,26.450001,7942.0,-2.037033333333332,0.18552503949814209
5394,2021-04-29,NSE:HMT,27.5,27.5,26.049999,27.4,3980.0,3.5916785031501446,-2.037033333333332
5395,2021-04-30,NSE:HMT,27.6,27.6,26.25,26.549999,10552.0,-3.1021934306569308,3.5916785031501446
5396,2021-05-03,NSE:HMT,26.0,27.75,25.25,26.35,12500.0,-0.753291930444134,-3.1021934306569308
5397,2021-05-04,NSE:HMT,27.0,27.5,26.0,27.0,4777.0,2.46679316888045,-0.753291930444134
5398,2021-05-05,NSE:HMT,26.9,27.0,26.0,26.15,6530.0,-3.1481481481481532,2.46679316888045
5399,2021-05-06,NSE:HMT,27.0,27.0,25.9,26.1,4366.0,-0.19120458891012299,-3.1481481481481532
5400,2021-05-07,NSE:HMT,26.1,27.4,25.9,26.450001,8510.0,1.3409999999999958,-0.19120458891012299
5401,2021-05-10,NSE:HMT,26.5,27.0,26.0,26.950001,10123.0,1.8903590967728128,1.3409999999999958
5402,2021-05-11,NSE:HMT,27.0,28.25,27.0,28.25,13484.0,4.823743791326759,1.8903590967728128
5403,2021-05-12,NSE:HMT,28.0,29.65,27.450001,28.9,43255.0,2.3008849557522075,4.823743791326759
5404,2021-05-14,NSE:HMT,29.0,30.0,27.700001,28.35,17710.0,-1.9031141868512014,2.3008849557522075
5405,2021-05-17,NSE:HMT,29.0,29.0,27.049999,27.799999,14856.0,-1.9400388007054732,-1.9031141868512014
5406,2021-05-18,NSE:HMT,27.0,28.75,27.0,28.1,12712.0,1.079140326587788,-1.9400388007054732
5407,2021-05-19,NSE:HMT,29.5,29.5,27.25,28.0,23325.0,-0.3558718861210015,1.079140326587788
5408,2021-05-20,NSE:HMT,29.0,29.0,27.0,27.799999,18113.0,-0.7142892857142868,-0.3558718861210015
5409,2021-05-21,NSE:HMT,28.0,28.299999,27.0,28.049999,8021.0,0.8992806078877917,-0.7142892857142868
5410,2021-05-24,NSE:HMT,28.5,28.5,27.5,27.799999,4406.0,-0.8912656289221258,0.8992806078877917
5411,2021-05-25,NSE:HMT,28.5,28.5,27.0,27.950001,17347.0,0.5395755589775404,-0.8912656289221258
5412,2021-05-26,NSE:HMT,27.15,28.200001,27.15,27.6,4558.0,-1.252239668971743,0.5395755589775404
5413,2021-05-27,NSE:HMT,28.25,28.4,27.299999,27.85,8026.0,0.9057971014492754,-1.252239668971743
5414,2021-05-28,NSE:HMT,29.0,29.200001,29.0,29.200001,17089.0,4.847400359066423,0.9057971014492754
5415,2021-05-31,NSE:HMT,30.65,30.65,30.65,30.65,18999.0,4.965749829940068,4.847400359066423
5416,2021-06-01,NSE:HMT,32.150002,32.150002,30.65,31.950001,49417.0,4.241438825448619,4.965749829940068
5417,2021-06-02,NSE:HMT,32.0,32.099998,30.799999,31.950001,15006.0,0.0,4.241438825448619
5418,2021-06-03,NSE:HMT,32.5,33.0,31.0,31.5,22013.0,-1.408453790032746,0.0
5419,2021-06-04,NSE:HMT,33.0,33.0,31.0,31.950001,11936.0,1.4285746031746043,-1.408453790032746
5420,2021-06-07,NSE:HMT,31.0,33.0,31.0,31.799999,18765.0,-0.46948981316151017,1.4285746031746043
5421,2021-06-08,NSE:HMT,32.0,32.0,31.049999,31.75,12393.0,-0.15722956469275262,-0.46948981316151017
5422,2021-06-09,NSE:HMT,31.1,33.0,31.1,31.25,18296.0,-1.574803149606299,-0.15722956469275262
5423,2021-06-10,NSE:HMT,32.0,32.0,31.0,31.799999,15296.0,1.759996799999999,-1.574803149606299
5424,2021-06-11,NSE:HMT,31.9,32.950001,31.0,31.15,30671.0,-2.0440220768560438,1.759996799999999
5425,2021-06-14,NSE:HMT,31.200001,31.799999,31.200001,31.450001,3497.0,0.9630850722311454,-2.0440220768560438
5426,2021-06-15,NSE:HMT,31.450001,32.450001,31.1,31.9,12797.0,1.4308393821672638,0.9630850722311454
5427,2021-06-16,NSE:HMT,31.950001,32.349998,31.25,32.099998,11151.0,0.6269529780564288,1.4308393821672638
5428,2021-06-17,NSE:HMT,32.349998,32.349998,31.1,31.25,10566.0,-2.647969012334516,0.6269529780564288
5429,2021-06-18,NSE:HMT,32.0,32.0,30.0,30.4,9565.0,-2.7200000000000046,-2.647969012334516
5430,2021-06-21,NSE:HMT,31.1,31.4,29.549999,30.450001,6805.0,0.16447697368421624,-2.7200000000000046
5431,2021-06-22,NSE:HMT,31.299999,31.299999,30.0,30.15,20130.0,-0.9852249265936041,0.16447697368421624
5432,2021-06-23,NSE:HMT,30.75,31.0,29.4,30.6,13097.0,1.4925373134328452,-0.9852249265936041
5433,2021-06-24,NSE:HMT,30.0,31.6,30.0,31.0,3102.0,1.3071895424836555,1.4925373134328452
5434,2021-06-25,NSE:HMT,30.950001,30.950001,30.0,30.5,5736.0,-1.6129032258064515,1.3071895424836555
5435,2021-06-28,NSE:HMT,31.0,31.0,29.549999,30.049999,10543.0,-1.4754131147540994,-1.6129032258064515
5436,2021-06-29,NSE:HMT,30.049999,31.0,29.5,30.049999,8067.0,0.0,-1.4754131147540994
5437,2021-06-30,NSE:HMT,30.0,31.549999,29.75,31.4,44251.0,4.492515956489712,0.0
5438,2021-07-01,NSE:HMT,31.4,32.950001,31.35,31.950001,24666.0,1.7515955414012796,4.492515956489712
5439,2021-07-02,NSE:HMT,32.5,33.0,30.4,32.450001,37997.0,1.564945177935988,1.7515955414012796
5440,2021-07-05,NSE:HMT,32.5,33.5,30.85,33.25,21230.0,2.46532812125337,1.564945177935988
5441,2021-07-06,NSE:HMT,33.25,34.0,32.150002,32.599998,24425.0,-1.9548932330827087,2.46532812125337
5442,2021-07-07,NSE:HMT,33.5,34.200001,32.0,34.200001,25586.0,4.907984963680062,-1.9548932330827087
5443,2021-07-08,NSE:HMT,35.900002,35.900002,35.900002,35.900002,25260.0,4.97076301255079,4.907984963680062
5444,2021-07-09,NSE:HMT,36.400002,37.0,34.200001,36.25,47193.0,0.9749247367729934,4.97076301255079
5445,2021-07-12,NSE:HMT,37.200001,38.0,36.099998,37.849998,40117.0,4.413787586206895,0.9749247367729934
5446,2021-07-13,NSE:HMT,36.5,38.0,36.049999,36.5,13752.0,-3.566705604581536,4.413787586206895
5447,2021-07-14,NSE:HMT,36.200001,37.0,35.099998,35.700001,28354.0,-2.19177808219178,-3.566705604581536
5448,2021-07-15,NSE:HMT,35.900002,36.799999,34.799999,36.25,18730.0,1.5406134022237132,-2.19177808219178
5449,2021-07-16,NSE:HMT,37.900002,38.049999,37.099998,38.049999,43374.0,4.9655144827586195,1.5406134022237132
5450,2021-07-19,NSE:HMT,39.950001,39.950001,36.299999,38.650002,28860.0,1.5768804619416703,4.9655144827586195
5451,2021-07-20,NSE:HMT,39.299999,39.299999,36.75,36.75,29987.0,-4.915916951310897,1.5768804619416703
5452,2021-07-22,NSE:HMT,37.5,38.5,36.049999,37.099998,10828.0,0.95237551020408,-4.915916951310897
5453,2021-07-23,NSE:HMT,37.299999,37.299999,35.900002,36.0,10263.0,-2.964954337733386,0.95237551020408
5454,2021-07-26,NSE:HMT,36.0,36.599998,34.25,35.099998,22809.0,-2.5000055555555574,-2.964954337733386
5455,2021-07-27,NSE:HMT,36.400002,36.400002,33.549999,34.099998,10456.0,-2.849003011339203,-2.5000055555555574
5456,2021-07-28,NSE:HMT,35.0,35.0,32.549999,33.25,9496.0,-2.4926629027954763,-2.849003011339203
5457,2021-07-29,NSE:HMT,34.450001,34.900002,33.0,34.099998,9304.0,2.556384962406013,-2.4926629027954763
5458,2021-07-30,NSE:HMT,33.5,35.5,32.5,34.400002,8883.0,0.879777177699545,2.556384962406013
5459,2021-08-02,NSE:HMT,34.0,34.400002,33.0,33.349998,15060.0,-3.0523370318408736,0.879777177699545
5460,2021-08-03,NSE:HMT,34.0,34.0,32.0,33.849998,16213.0,1.4992504647226668,-3.0523370318408736
5461,2021-08-04,NSE:HMT,33.849998,34.0,32.200001,32.549999,16218.0,-3.8404699462611482,1.4992504647226668
5462,2021-08-05,NSE:HMT,32.5,32.5,31.200001,32.0,3737.0,-1.6897051210354865,-3.8404699462611482
5463,2021-08-06,NSE:HMT,32.0,33.549999,31.5,32.200001,6132.0,0.625003125000001,-1.6897051210354865
5464,2021-08-09,NSE:HMT,33.5,33.5,32.0,32.0,11309.0,-0.6211210987229482,0.625003125000001
5465,2021-08-10,NSE:HMT,32.0,32.5,30.4,30.4,9895.0,-5.000000000000004,-0.6211210987229482
5466,2021-08-11,NSE:HMT,29.5,30.9,28.9,30.25,14451.0,-0.4934210526315743,-5.000000000000004
5467,2021-08-12,NSE:HMT,30.299999,31.0,29.5,30.25,9265.0,0.0,-0.4934210526315743
5468,2021-08-13,NSE:HMT,30.0,31.4,30.0,30.5,3958.0,0.8264462809917356,0.0
5469,2021-08-16,NSE:HMT,30.5,31.0,29.0,30.0,4891.0,-1.639344262295082,0.8264462809917356
5470,2021-08-17,NSE:HMT,30.0,30.5,29.5,29.9,1936.0,-0.3333333333333381,-1.639344262295082
5471,2021-08-18,NSE:HMT,30.0,30.0,28.549999,28.75,8735.0,-3.8461538461538414,-0.3333333333333381
5472,2021-08-20,NSE:HMT,28.5,29.0,28.049999,28.35,4438.0,-1.391304347826082,-3.8461538461538414
5473,2021-08-23,NSE:HMT,29.0,29.0,27.0,27.700001,11001.0,-2.2927654320987694,-1.391304347826082
5474,2021-08-24,NSE:HMT,28.0,29.049999,26.35,28.75,10825.0,3.7906099714581227,-2.2927654320987694
5475,2021-08-25,NSE:HMT,28.200001,29.5,28.200001,28.4,2629.0,-1.217391304347831,3.7906099714581227
5476,2021-08-26,NSE:HMT,29.25,29.25,27.25,28.85,5135.0,1.5845070422535312,-1.217391304347831
5477,2021-08-27,NSE:HMT,29.0,30.0,27.5,28.5,11182.0,-1.2131715771230551,1.5845070422535312
5478,2021-08-30,NSE:HMT,27.549999,28.950001,27.549999,28.65,3310.0,0.5263157894736793,-1.2131715771230551
5479,2021-08-31,NSE:HMT,29.0,29.0,27.75,28.15,3539.0,-1.7452006980802792,0.5263157894736793
5480,2021-09-01,NSE:HMT,29.0,29.0,28.0,28.6,951.0,1.5985790408525855,-1.7452006980802792
5481,2021-09-02,NSE:HMT,27.200001,29.0,27.200001,28.549999,9110.0,-0.1748286713286774,1.5985790408525855
5482,2021-09-03,NSE:HMT,29.0,29.25,28.549999,28.6,6686.0,0.1751348572726806,-0.1748286713286774
5483,2021-09-06,NSE:HMT,29.0,29.0,27.75,28.35,3308.0,-0.8741258741258741,0.1751348572726806
5484,2021-09-07,NSE:HMT,28.35,28.35,27.299999,28.0,6622.0,-1.234567901234573,-0.8741258741258741
5485,2021-09-08,NSE:HMT,28.0,28.5,27.15,28.0,1660.0,0.0,-1.234567901234573
5486,2021-09-09,NSE:HMT,27.5,28.25,27.5,27.9,1955.0,-0.3571428571428622,0.0
5487,2021-09-13,NSE:HMT,28.25,29.15,26.6,28.5,11053.0,2.1505376344086073,-0.3571428571428622
5488,2021-09-14,NSE:HMT,28.0,29.1,27.5,28.15,6723.0,-1.2280701754386014,2.1505376344086073
5489,2021-09-15,NSE:HMT,28.15,29.0,28.1,28.35,3398.0,0.710479573712266,-1.2280701754386014
5490,2021-09-16,NSE:HMT,29.25,29.25,28.25,28.65,5214.0,1.0582010582010482,0.710479573712266
5491,2021-09-17,NSE:HMT,28.0,29.0,28.0,28.25,8452.0,-1.3961605584642185,1.0582010582010482
5492,2021-09-20,NSE:HMT,29.0,29.0,27.549999,27.700001,4672.0,-1.9468991150442465,-1.3961605584642185
5493,2021-09-21,NSE:HMT,27.700001,28.5,27.5,28.299999,2371.0,2.166057683535821,-1.9468991150442465
5494,2021-09-22,NSE:HMT,28.299999,28.299999,27.5,27.799999,3146.0,-1.7667845147273682,2.166057683535821
5495,2021-09-23,NSE:HMT,27.5,29.0,27.5,27.700001,5367.0,-0.3597050489102513,-1.7667845147273682
5496,2021-09-24,NSE:HMT,27.700001,28.4,27.6,28.0,2461.0,1.0830288417679106,-0.3597050489102513
5497,2021-09-27,NSE:HMT,28.5,28.9,27.0,28.85,5779.0,3.035714285714291,1.0830288417679106
5498,2021-09-28,NSE:HMT,27.700001,28.75,27.700001,27.799999,3905.0,-3.639518197573663,3.035714285714291
5499,2021-09-29,NSE:HMT,29.0,29.0,28.0,28.25,12357.0,1.6187086913204578,-3.639518197573663
5500,2021-09-30,NSE:HMT,29.5,29.5,28.200001,29.0,3078.0,2.6548672566371683,1.6187086913204578
5501,2021-10-01,NSE:HMT,29.0,29.0,28.25,28.9,2709.0,-0.34482758620690146,2.6548672566371683
5502,2021-10-04,NSE:HMT,29.5,29.5,28.0,28.799999,6252.0,-0.3460242214532834,-0.34482758620690146
5503,2021-10-05,NSE:HMT,28.1,29.9,28.1,29.450001,6076.0,2.2569514672552615,-0.3460242214532834
5504,2021-10-06,NSE:HMT,29.450001,30.450001,28.549999,29.450001,6989.0,0.0,2.2569514672552615
5505,2021-10-07,NSE:HMT,30.0,30.9,29.0,30.4,29415.0,3.2258029464922537,0.0
5506,2021-10-08,NSE:HMT,31.9,31.9,30.5,31.549999,15918.0,3.782891447368425,3.2258029464922537
5507,2021-10-11,NSE:HMT,32.0,32.299999,30.25,31.799999,8654.0,0.7923930520568321,3.782891447368425
5508,2021-10-12,NSE:HMT,32.5,33.0,30.25,31.700001,11011.0,-0.31445912938550524,0.7923930520568321
5509,2021-10-13,NSE:HMT,31.700001,32.299999,31.200001,31.35,6894.0,-1.1041040661165873,-0.31445912938550524
5510,2021-10-14,NSE:HMT,31.299999,31.6,31.0,31.5,3559.0,0.47846889952152655,-1.1041040661165873
5511,2021-10-18,NSE:HMT,31.5,32.0,30.1,31.0,9590.0,-1.5873015873015872,0.47846889952152655
5512,2021-10-19,NSE:HMT,31.0,31.5,30.0,30.200001,4656.0,-2.58064193548387,-1.5873015873015872
5513,2021-10-20,NSE:HMT,30.049999,30.799999,29.549999,29.549999,3447.0,-2.1523244320422394,-2.58064193548387
5514,2021-10-21,NSE:HMT,31.0,31.0,29.0,29.450001,8172.0,-0.33840271872767025,-2.1523244320422394
5515,2021-10-22,NSE:HMT,30.0,30.0,28.5,28.85,4257.0,-2.0373547695295455,-0.33840271872767025
5516,2021-10-25,NSE:HMT,29.950001,29.950001,28.0,28.6,6682.0,-0.8665511265164645,-2.0373547695295455
5517,2021-10-26,NSE:HMT,29.0,29.0,28.0,28.4,1539.0,-0.6993006993007091,-0.8665511265164645
5518,2021-10-27,NSE:HMT,28.6,28.9,28.0,28.4,5050.0,0.0,-0.6993006993007091
5519,2021-10-28,NSE:HMT,28.75,28.75,27.799999,27.9,2805.0,-1.7605633802816902,0.0
5520,2021-10-29,NSE:HMT,27.9,28.950001,27.049999,28.700001,6466.0,2.8673870967741997,-1.7605633802816902
5521,2021-11-01,NSE:HMT,29.0,29.0,27.35,28.0,5468.0,-2.4390277895809143,2.8673870967741997
5522,2021-11-02,NSE:HMT,28.75,28.75,27.5,27.6,5951.0,-1.4285714285714235,-2.4390277895809143
5523,2021-11-03,NSE:HMT,28.0,28.5,27.75,28.200001,2313.0,2.1739166666666625,-1.4285714285714235
5524,2021-11-04,NSE:HMT,28.200001,29.4,28.0,28.35,2330.0,0.5319113286556306,2.1739166666666625
5525,2021-11-08,NSE:HMT,28.799999,29.75,27.5,29.15,12680.0,2.821869488536145,0.5319113286556306
5526,2021-11-09,NSE:HMT,29.0,29.35,28.5,28.799999,3138.0,-1.2006895368782124,2.821869488536145
5527,2021-11-10,NSE:HMT,28.799999,29.5,28.049999,29.200001,6160.0,1.388895881558887,-1.2006895368782124
5528,2021-11-11,NSE:HMT,28.15,29.200001,28.0,28.549999,9803.0,-2.226034170341298,1.388895881558887
5529,2021-11-12,NSE:HMT,29.0,29.950001,28.049999,28.6,21072.0,0.1751348572726806,-2.226034170341298
5530,2021-11-15,NSE:HMT,29.0,29.9,28.0,29.0,12708.0,1.3986013986013937,0.1751348572726806
5531,2021-11-16,NSE:HMT,29.0,30.450001,28.200001,29.0,9971.0,0.0,1.3986013986013937
5532,2021-11-17,NSE:HMT,29.0,29.9,28.0,28.65,6016.0,-1.2068965517241428,0.0
5533,2021-11-18,NSE:HMT,28.65,29.5,28.0,28.9,10133.0,0.8726003490401396,-1.2068965517241428
5534,2021-11-22,NSE:HMT,29.5,29.5,27.5,27.950001,8159.0,-3.2871937716262916,0.8726003490401396
5535,2021-11-23,NSE:HMT,27.799999,28.5,27.5,27.700001,3890.0,-0.8944543508245313,-3.2871937716262916
5536,2021-11-24,NSE:HMT,28.0,28.5,26.549999,27.25,11189.0,-1.624552287922301,-0.8944543508245313
5537,2021-11-25,NSE:HMT,27.65,27.9,27.25,27.65,2264.0,1.4678899082568755,-1.624552287922301
5538,2021-11-26,NSE:HMT,27.65,27.65,27.0,27.0,4630.0,-2.3508137432188017,1.4678899082568755
5539,2021-11-29,NSE:HMT,27.200001,27.200001,26.0,26.25,6334.0,-2.7777777777777777,-2.3508137432188017
5540,2021-11-30,NSE:HMT,26.9,27.0,26.25,26.5,2133.0,0.9523809523809524,-2.7777777777777777
5541,2021-12-01,NSE:HMT,26.549999,27.0,26.549999,26.549999,1023.0,0.18867547169811202,0.9523809523809524
5542,2021-12-02,NSE:HMT,26.6,26.9,26.5,26.9,3810.0,1.3182712360930744,0.18867547169811202
5543,2021-12-03,NSE:HMT,27.299999,28.200001,26.0,27.75,4470.0,3.159851301115247,1.3182712360930744
5544,2021-12-06,NSE:HMT,27.0,27.75,26.75,27.35,4402.0,-1.4414414414414363,3.159851301115247
5545,2021-12-07,NSE:HMT,27.35,28.700001,26.25,28.25,17888.0,3.2906764168190072,-1.4414414414414363
5546,2021-12-08,NSE:HMT,27.799999,29.4,27.799999,28.15,6727.0,-0.3539823008849608,3.2906764168190072
5547,2021-12-09,NSE:HMT,29.0,29.0,28.0,28.25,4823.0,0.355239786856133,-0.3539823008849608
5548,2021-12-10,NSE:HMT,29.0,29.5,28.049999,28.450001,2996.0,0.7079681415929214,0.355239786856133
5549,2021-12-13,NSE:HMT,29.0,29.700001,28.0,28.700001,9307.0,0.878734591257132,0.7079681415929214
5550,2021-12-14,NSE:HMT,28.700001,29.6,27.6,28.200001,6739.0,-1.7421602180431979,0.878734591257132
5551,2021-12-15,NSE:HMT,28.200001,29.0,28.0,28.700001,3708.0,1.773049582515972,-1.7421602180431979
5552,2021-12-16,NSE:HMT,28.700001,29.0,27.700001,28.0,2761.0,-2.4390277895809143,1.773049582515972
5553,2021-12-17,NSE:HMT,27.799999,28.85,27.35,27.549999,4254.0,-1.6071464285714296,-2.4390277895809143
5554,2021-12-20,NSE:HMT,28.0,28.0,26.700001,27.450001,6364.0,-0.3629691601803665,-1.6071464285714296
5555,2021-12-21,NSE:HMT,28.0,28.0,26.5,27.35,3644.0,-0.3643023546702198,-0.3629691601803665
5556,2021-12-22,NSE:HMT,27.299999,28.0,27.1,27.25,4737.0,-0.36563071297989547,-0.3643023546702198
5557,2021-12-23,NSE:HMT,27.15,28.0,27.15,27.65,4978.0,1.4678899082568755,-0.36563071297989547
5558,2021-12-24,NSE:HMT,27.950001,27.950001,27.1,27.799999,6828.0,0.5424918625678159,1.4678899082568755
5559,2021-12-27,NSE:HMT,27.9,27.9,27.1,27.5,6171.0,-1.0791331323429174,0.5424918625678159
5560,2021-12-28,NSE:HMT,27.5,28.6,27.5,28.5,8165.0,3.6363636363636362,-1.0791331323429174
5561,2021-12-29,NSE:HMT,28.5,28.700001,27.799999,28.35,8570.0,-0.5263157894736793,3.6363636363636362
5562,2021-12-30,NSE:HMT,28.35,28.35,27.6,28.25,4012.0,-0.35273368606702443,-0.5263157894736793
5563,2021-12-31,NSE:HMT,29.0,29.0,27.549999,28.85,12725.0,2.1238938053097396,-0.35273368606702443
5564,2022-01-03,NSE:HMT,28.75,28.75,28.15,28.35,12911.0,-1.733102253032929,2.1238938053097396
5565,2022-01-04,NSE:HMT,28.700001,28.9,28.35,28.35,6946.0,0.0,-1.733102253032929
5566,2022-01-05,NSE:HMT,29.0,29.0,28.0,28.450001,8989.0,0.35273721340387615,0.0
5567,2022-01-06,NSE:HMT,29.0,29.0,28.1,29.0,3339.0,1.9332125858273246,0.35273721340387615
5568,2022-01-07,NSE:HMT,28.15,28.950001,28.15,28.700001,10942.0,-1.0344793103448264,1.9332125858273246
5569,2022-01-10,NSE:HMT,28.700001,29.450001,28.450001,29.0,12484.0,1.0452926465054815,-1.0344793103448264
5570,2022-01-11,NSE:HMT,29.0,29.9,28.6,28.799999,7578.0,-0.6896586206896563,1.0452926465054815
5571,2022-01-12,NSE:HMT,29.299999,29.299999,28.299999,28.6,9256.0,-0.6944409963347508,-0.6896586206896563
5572,2022-01-13,NSE:HMT,29.25,29.25,28.35,28.950001,3217.0,1.2237797202797165,-0.6944409963347508
5573,2022-01-14,NSE:HMT,28.6,29.5,28.5,29.200001,3625.0,0.8635578285472253,1.2237797202797165
5574,2022-01-17,NSE:HMT,29.299999,29.9,28.9,29.450001,14880.0,0.8561643542409467,0.8635578285472253
5575,2022-01-18,NSE:HMT,29.299999,29.75,29.0,29.049999,3989.0,-1.3582410404671994,0.8561643542409467
5576,2022-01-19,NSE:HMT,28.0,29.35,28.0,28.950001,6885.0,-0.3442272063417261,-1.3582410404671994
5577,2022-01-20,NSE:HMT,28.6,29.15,28.4,28.799999,5175.0,-0.5181416055909658,-0.3442272063417261
5578,2022-01-21,NSE:HMT,29.4,29.4,28.049999,28.049999,2977.0,-2.6041667570891236,-0.5181416055909658
5579,2022-01-24,NSE:HMT,28.1,29.0,27.4,28.049999,8553.0,0.0,-2.6041667570891236
5580,2022-01-25,NSE:HMT,28.950001,28.950001,27.1,27.950001,6449.0,-0.3564991214438167,0.0
5581,2022-01-27,NSE:HMT,27.200001,28.5,27.200001,28.35,4436.0,1.4311233835018506,-0.3564991214438167
5582,2022-01-28,NSE:HMT,28.35,29.5,28.0,28.049999,9775.0,-1.058204585537925,1.4311233835018506
5583,2022-01-31,NSE:HMT,28.9,28.950001,27.25,27.4,13298.0,-2.3172870701350154,-1.058204585537925
5584,2022-02-01,NSE:HMT,27.9,28.5,27.35,28.35,6724.0,3.4671532846715434,-2.3172870701350154
5585,2022-02-02,NSE:HMT,28.4,29.75,27.799999,29.549999,25268.0,4.2328007054673655,3.4671532846715434
5586,2022-02-03,NSE:HMT,29.799999,31.0,29.25,30.950001,36077.0,4.737739585033491,4.2328007054673655
5587,2022-02-04,NSE:HMT,30.950001,32.450001,30.0,32.450001,44164.0,4.846526499304475,4.737739585033491
5588,2022-02-07,NSE:HMT,34.049999,34.049999,32.299999,32.650002,35931.0,0.6163358823933482,4.846526499304475
5589,2022-02-08,NSE:HMT,34.0,34.0,31.049999,31.85,26118.0,-2.4502356845184856,0.6163358823933482
5590,2022-02-09,NSE:HMT,33.0,33.0,31.15,31.799999,7164.0,-0.15698901098901644,-2.4502356845184856
5591,2022-02-10,NSE:HMT,32.5,32.5,31.049999,31.85,9727.0,0.15723585400113296,-0.15698901098901644
5592,2022-02-11,NSE:HMT,30.5,31.450001,30.299999,30.35,11868.0,-4.7095761381475665,0.15723585400113296
5593,2022-02-14,NSE:HMT,29.0,30.0,28.85,28.85,11264.0,-4.942339373970346,-4.7095761381475665
5594,2022-02-15,NSE:HMT,28.85,29.5,28.0,29.049999,5741.0,0.6932374350086594,-4.942339373970346
5595,2022-02-16,NSE:HMT,29.049999,30.5,29.049999,29.950001,14941.0,3.098113703893761,0.6932374350086594
5596,2022-02-17,NSE:HMT,31.4,31.4,29.299999,29.65,2022.0,-1.0016727545351392,3.098113703893761
5597,2022-02-18,NSE:HMT,29.0,30.4,29.0,29.299999,6559.0,-1.1804418212478884,-1.0016727545351392
5598,2022-02-21,NSE:HMT,28.549999,28.9,27.9,28.85,7966.0,-1.5358328169226159,-1.1804418212478884
5599,2022-02-22,NSE:HMT,27.9,28.5,27.450001,27.65,5351.0,-4.159445407279039,-1.5358328169226159
5600,2022-02-23,NSE:HMT,27.65,28.4,27.5,28.200001,2233.0,1.9891537070524477,-4.159445407279039
5601,2022-02-24,NSE:HMT,28.15,28.15,26.799999,26.799999,5019.0,-4.964545923243055,1.9891537070524477
5602,2022-02-25,NSE:HMT,26.0,27.799999,26.0,27.4,3077.0,2.2388097850302118,-4.964545923243055
5603,2022-02-28,NSE:HMT,28.0,28.0,27.0,27.65,2321.0,0.9124087591240877,2.2388097850302118
5604,2022-03-02,NSE:HMT,28.0,28.25,26.5,26.799999,15040.0,-3.0741446654611173,0.9124087591240877
5605,2022-03-03,NSE:HMT,27.65,27.9,26.85,27.0,2834.0,0.7462724159056884,-3.0741446654611173
5606,2022-03-04,NSE:HMT,27.0,27.5,26.549999,27.450001,7776.0,1.6666703703703716,0.7462724159056884
5607,2022-03-07,NSE:HMT,28.4,28.799999,26.1,26.85,18060.0,-2.185795913085755,1.6666703703703716
5608,2022-03-08,NSE:HMT,25.75,27.5,25.75,27.1,1893.0,0.9310986964618249,-2.185795913085755
5609,2022-03-09,NSE:HMT,27.1,28.450001,26.5,28.450001,15421.0,4.981553505535051,0.9310986964618249
5610,2022-03-10,NSE:HMT,29.85,29.85,28.65,29.1,10166.0,2.2847064223301823,4.981553505535051
5611,2022-03-11,NSE:HMT,29.1,30.549999,28.700001,29.0,14326.0,-0.3436426116838536,2.2847064223301823
5612,2022-03-14,NSE:HMT,29.5,29.5,27.549999,27.85,9990.0,-3.9655172413793056,-0.3436426116838536
5613,2022-03-15,NSE:HMT,28.4,28.450001,27.5,27.5,4596.0,-1.2567324955116748,-3.9655172413793056
5614,2022-03-16,NSE:HMT,28.5,28.75,27.0,27.9,7907.0,1.4545454545454493,-1.2567324955116748
5615,2022-03-17,NSE:HMT,28.5,29.25,27.35,28.450001,12411.0,1.9713297491039492,1.4545454545454493
5616,2022-03-21,NSE:HMT,28.549999,28.9,27.549999,28.299999,2962.0,-0.5272477846310115,1.9713297491039492
5617,2022-03-22,NSE:HMT,28.0,28.799999,26.9,27.5,23887.0,-2.826851689994758,-0.5272477846310115
5618,2022-03-23,NSE:HMT,27.5,28.0,27.200001,27.299999,6547.0,-0.7272763636363648,-2.826851689994758
5619,2022-03-24,NSE:HMT,27.25,28.0,26.799999,26.9,4135.0,-1.4651978558680574,-0.7272763636363648
5620,2022-03-25,NSE:HMT,27.5,28.200001,27.0,27.049999,6632.0,0.5576171003717514,-1.4651978558680574
5621,2022-03-28,NSE:HMT,27.0,27.75,26.0,27.0,35617.0,-0.1848391935245531,0.5576171003717514
5622,2022-03-29,NSE:HMT,27.799999,27.799999,26.4,26.700001,21788.0,-1.1111074074074063,-0.1848391935245531
5623,2022-03-30,NSE:HMT,27.0,27.0,25.4,26.700001,11313.0,0.0,-1.1111074074074063
5624,2022-03-31,NSE:HMT,26.5,26.9,25.5,25.85,9089.0,-3.1835242253361673,0.0
5625,2022-04-01,NSE:HMT,26.75,27.1,26.0,27.049999,5152.0,4.642162475822043,-3.1835242253361673
5626,2022-04-04,NSE:HMT,27.5,28.4,26.299999,27.799999,7922.0,2.772643355735429,4.642162475822043
5627,2022-04-05,NSE:HMT,28.0,28.0,27.450001,27.700001,11525.0,-0.3597050489102513,2.772643355735429
5628,2022-04-06,NSE:HMT,27.700001,28.450001,27.15,28.15,6851.0,1.6245450677059479,-0.3597050489102513
5629,2022-04-07,NSE:HMT,28.5,28.5,27.549999,27.65,3478.0,-1.7761989342806397,1.6245450677059479
5630,2022-04-08,NSE:HMT,28.0,28.0,27.5,27.5,1432.0,-0.5424954792043348,-1.7761989342806397
5631,2022-04-11,NSE:HMT,27.799999,28.450001,27.5,28.35,7008.0,3.090909090909096,-0.5424954792043348
5632,2022-04-12,NSE:HMT,27.5,28.5,27.450001,27.700001,1722.0,-2.2927654320987694,3.090909090909096
5633,2022-04-13,NSE:HMT,28.4,29.0,27.65,28.0,2287.0,1.0830288417679106,-2.2927654320987694
5634,2022-04-18,NSE:HMT,28.0,29.200001,27.75,27.85,13350.0,-0.5357142857142806,1.0830288417679106
5635,2022-04-19,NSE:HMT,27.85,28.85,27.5,28.1,8877.0,0.8976660682226212,-0.5357142857142806
5636,2022-04-20,NSE:HMT,28.1,28.450001,27.799999,28.25,4691.0,0.5338078291814896,0.8976660682226212
5637,2022-04-21,NSE:HMT,28.25,29.25,28.25,28.450001,23320.0,0.7079681415929214,0.5338078291814896
5638,2022-04-22,NSE:HMT,29.0,29.0,27.6,27.700001,9912.0,-2.6362037737713964,0.7079681415929214
5639,2022-04-25,NSE:HMT,27.6,28.5,27.6,27.700001,3189.0,0.0,-2.6362037737713964
5640,2022-04-26,NSE:HMT,28.5,28.5,27.5,27.85,7292.0,0.5415126158298734,0.0
5641,2022-04-27,NSE:HMT,28.299999,28.299999,27.5,27.799999,5575.0,-0.17953680430880337,0.5415126158298734
5642,2022-04-28,NSE:HMT,27.5,28.4,27.5,28.35,16608.0,1.9784209344755794,-0.17953680430880337
5643,2022-04-29,NSE:HMT,27.700001,28.35,27.5,27.950001,6706.0,-1.4109312169312207,1.9784209344755794
5644,2022-05-02,NSE:HMT,27.950001,27.950001,26.6,27.35,3828.0,-2.1466940197962745,-1.4109312169312207
5645,2022-05-04,NSE:HMT,27.049999,27.85,26.65,26.9,1630.0,-1.6453382084095167,-2.1466940197962745
5646,2022-05-05,NSE:HMT,26.9,27.25,26.1,26.65,2252.0,-0.929368029739777,-1.6453382084095167
5647,2022-05-06,NSE:HMT,25.5,26.1,25.450001,25.65,7067.0,-3.75234521575985,-0.929368029739777
5648,2022-05-09,NSE:HMT,25.6,26.5,25.5,26.25,3189.0,2.3391812865497132,-3.75234521575985
5649,2022-05-10,NSE:HMT,26.35,26.5,25.6,25.9,2226.0,-1.3333333333333388,2.3391812865497132
5650,2022-05-11,NSE:HMT,26.299999,26.299999,24.700001,25.450001,2405.0,-1.7374478764478698,-1.3333333333333388
5651,2022-05-12,NSE:HMT,25.5,25.75,24.5,25.35,3779.0,-0.3929312222816765,-1.7374478764478698
5652,2022-05-13,NSE:HMT,26.0,26.0,24.1,25.049999,9498.0,-1.1834358974359043,-0.3929312222816765
5653,2022-05-16,NSE:HMT,25.25,25.9,24.700001,25.0,4812.0,-0.19959681435516097,-1.1834358974359043
5654,2022-05-17,NSE:HMT,25.5,25.950001,25.15,25.200001,3747.0,0.8000040000000012,-0.19959681435516097
5655,2022-05-18,NSE:HMT,26.4,26.4,25.200001,25.549999,958.0,1.3888808972666284,0.8000040000000012
5656,2022-05-19,NSE:HMT,25.1,25.5,24.65,25.35,4759.0,-0.7827749817132997,1.3888808972666284
5657,2022-05-20,NSE:HMT,25.5,25.5,24.65,25.200001,6178.0,-0.5917120315581897,-0.7827749817132997
5658,2022-05-23,NSE:HMT,25.1,26.0,24.700001,25.85,6900.0,2.57936100875552,-0.5917120315581897
5659,2022-05-24,NSE:HMT,25.1,25.75,24.700001,25.5,12023.0,-1.3539651837524231,2.57936100875552
5660,2022-05-25,NSE:HMT,25.5,25.5,24.6,25.200001,3114.0,-1.1764666666666654,-1.3539651837524231
5661,2022-05-26,NSE:HMT,24.5,25.35,23.950001,24.549999,5010.0,-2.5793729135169503,-1.1764666666666654
5662,2022-05-27,NSE:HMT,25.200001,25.75,24.549999,24.75,1383.0,0.8146680576239548,-2.5793729135169503
5663,2022-05-30,NSE:HMT,25.5,25.950001,25.5,25.950001,479.0,4.84848888888889,0.8146680576239548
5664,2022-05-31,NSE:HMT,25.299999,26.0,24.799999,25.6,2451.0,-1.3487513931116955,4.84848888888889
5665,2022-06-01,NSE:HMT,25.6,25.85,25.0,25.6,1124.0,0.0,-1.3487513931116955
5666,2022-06-02,NSE:HMT,26.0,26.75,24.75,25.950001,5748.0,1.3671914062499957,0.0
5667,2022-06-03,NSE:HMT,27.0,27.0,25.75,26.0,3989.0,0.19267436637092877,1.3671914062499957
5668,2022-06-06,NSE:HMT,26.75,27.25,26.0,26.700001,3115.0,2.6923115384615395,0.19267436637092877
5669,2022-06-07,NSE:HMT,26.700001,26.700001,25.4,26.0,2247.0,-2.621726493568297,2.6923115384615395
5670,2022-06-08,NSE:HMT,26.0,26.0,25.4,25.4,2934.0,-2.307692307692313,-2.621726493568297
5671,2022-06-09,NSE:HMT,25.5,25.9,24.799999,25.799999,3719.0,1.5747992125984296,-2.307692307692313
5672,2022-06-10,NSE:HMT,26.0,26.0,24.799999,24.799999,4792.0,-3.8759691424794243,1.5747992125984296
5673,2022-06-13,NSE:HMT,25.5,25.5,24.200001,24.799999,2351.0,0.0,-3.8759691424794243
5674,2022-06-14,NSE:HMT,24.799999,24.799999,24.299999,24.5,8086.0,-1.2096734358739276,0.0
5675,2022-06-15,NSE:HMT,24.549999,25.700001,24.5,24.65,10509.0,0.6122448979591778,-1.2096734358739276
5676,2022-06-16,NSE:HMT,24.6,25.5,23.450001,24.35,4052.0,-1.217038539553741,0.6122448979591778
5677,2022-06-17,NSE:HMT,24.299999,24.299999,23.15,23.15,5379.0,-4.928131416837793,-1.217038539553741
5678,2022-06-20,NSE:HMT,22.549999,23.0,22.25,22.700001,8013.0,-1.9438401727861696,-4.928131416837793
5679,2022-06-21,NSE:HMT,22.9,23.0,22.5,22.700001,4001.0,0.0,-1.9438401727861696
5680,2022-06-22,NSE:HMT,23.5,23.5,22.0,22.200001,3250.0,-2.202643074773433,0.0
5681,2022-06-23,NSE:HMT,23.25,23.299999,23.15,23.25,9630.0,4.729725012174548,-2.202643074773433
5682,2022-06-24,NSE:HMT,24.0,24.25,23.25,23.65,3149.0,1.7204301075268755,4.729725012174548
5683,2022-06-27,NSE:HMT,24.5,24.5,23.0,23.85,6893.0,0.8456659619450437,1.7204301075268755
5684,2022-06-28,NSE:HMT,23.799999,23.799999,22.85,22.9,3821.0,-3.98322851153041,0.8456659619450437
5685,2022-06-29,NSE:HMT,22.299999,23.25,22.299999,23.0,1655.0,0.4366812227074298,-3.98322851153041
5686,2022-06-30,NSE:HMT,23.4,23.5,22.9,22.9,2328.0,-0.4347826086956583,0.4366812227074298
5687,2022-07-01,NSE:HMT,23.5,23.5,22.5,23.4,455.0,2.183406113537118,-0.4347826086956583
5688,2022-07-04,NSE:HMT,23.25,23.950001,22.9,23.1,1677.0,-1.28205128205127,2.183406113537118
5689,2022-07-05,NSE:HMT,23.9,23.9,22.9,23.25,551.0,0.6493506493506431,-1.28205128205127
5690,2022-07-06,NSE:HMT,23.0,24.0,22.450001,23.25,4138.0,0.0,0.6493506493506431
5691,2022-07-07,NSE:HMT,23.5,24.0,22.75,22.9,3682.0,-1.5053763440860277,0.0
5692,2022-07-08,NSE:HMT,22.9,24.0,22.9,24.0,6993.0,4.803493449781666,-1.5053763440860277
5693,2022-07-11,NSE:HMT,23.9,25.0,23.799999,24.549999,4742.0,2.2916624999999984,4.803493449781666
5694,2022-07-12,NSE:HMT,25.299999,25.299999,24.0,25.049999,5334.0,2.0366599607600797,2.2916624999999984
5695,2022-07-13,NSE:HMT,24.5,25.950001,24.200001,24.35,3814.0,-2.7944072971819214,2.0366599607600797
5696,2022-07-14,NSE:HMT,24.049999,24.85,24.049999,24.75,4240.0,1.642710472279255,-2.7944072971819214
5697,2022-07-15,NSE:HMT,24.799999,24.950001,24.15,24.75,1436.0,0.0,1.642710472279255
5698,2022-07-18,NSE:HMT,23.700001,25.0,23.700001,24.5,4423.0,-1.0101010101010102,0.0
5699,2022-07-19,NSE:HMT,25.0,25.5,24.25,24.75,2403.0,1.0204081632653061,-1.0101010101010102
5700,2022-07-20,NSE:HMT,24.799999,25.200001,24.200001,24.299999,5516.0,-1.81818585858586,1.0204081632653061
5701,2022-07-21,NSE:HMT,24.6,25.25,24.200001,24.549999,3160.0,1.0288066266998612,-1.81818585858586
5702,2022-07-22,NSE:HMT,24.950001,25.200001,24.0,24.25,5069.0,-1.221991903136125,1.0288066266998612
5703,2022-07-25,NSE:HMT,24.0,24.950001,24.0,24.200001,6565.0,-0.20618144329896776,-1.221991903136125
5704,2022-07-26,NSE:HMT,24.6,24.6,24.15,24.200001,1548.0,0.0,-0.20618144329896776
5705,2022-07-27,NSE:HMT,24.9,24.9,24.15,24.299999,2874.0,0.41321485895806104,0.0
5706,2022-07-28,NSE:HMT,24.6,24.6,23.799999,24.1,7103.0,-0.8230411861333751,0.41321485895806104
5707,2022-07-29,NSE:HMT,24.049999,24.549999,23.1,23.450001,10271.0,-2.6970912863070584,-0.8230411861333751
5708,2022-08-01,NSE:HMT,24.0,24.299999,22.299999,22.6,23664.0,-3.6247375852990324,-2.6970912863070584
5709,2022-08-02,NSE:HMT,23.4,23.700001,22.75,23.700001,6931.0,4.8672610619468974,-3.6247375852990324
5710,2022-08-03,NSE:HMT,24.0,24.25,23.5,24.0,3947.0,1.2658185119907788,4.8672610619468974
5711,2022-08-04,NSE:HMT,23.5,24.200001,23.0,24.0,7122.0,0.0,1.2658185119907788
5712,2022-08-05,NSE:HMT,24.200001,24.200001,23.15,23.799999,7871.0,-0.8333375000000013,0.0
5713,2022-08-08,NSE:HMT,23.799999,24.0,23.5,23.85,3192.0,0.2100882441213621,-0.8333375000000013
5714,2022-08-10,NSE:HMT,23.9,23.9,23.15,23.75,4670.0,-0.41928721174004785,0.2100882441213621
5715,2022-08-11,NSE:HMT,23.85,24.4,23.85,24.35,8800.0,2.52631578947369,-0.41928721174004785
5716,2022-08-12,NSE:HMT,24.0,24.6,23.5,23.950001,2878.0,-1.6427063655030845,2.52631578947369
5717,2022-08-16,NSE:HMT,23.950001,24.4,23.4,23.700001,708.0,-1.0438412925327225,-1.6427063655030845
5718,2022-08-17,NSE:HMT,23.700001,24.549999,23.5,23.65,14988.0,-0.21097467464242614,-1.0438412925327225
5719,2022-08-18,NSE:HMT,23.5,24.299999,23.4,23.5,20395.0,-0.6342494714587678,-0.21097467464242614
5720,2022-08-19,NSE:HMT,23.5,24.200001,23.35,24.0,22979.0,2.127659574468085,-0.6342494714587678
5721,2022-08-22,NSE:HMT,23.25,24.0,23.25,23.549999,15260.0,-1.875004166666668,2.127659574468085
5722,2022-08-23,NSE:HMT,23.6,23.700001,23.0,23.65,3542.0,0.42463271442176664,-1.875004166666668
5723,2022-08-24,NSE:HMT,23.5,23.950001,23.049999,23.299999,3990.0,-1.4799196617336106,0.42463271442176664
5724,2022-08-25,NSE:HMT,24.0,24.0,23.25,23.299999,5320.0,0.0,-1.4799196617336106
5725,2022-08-26,NSE:HMT,23.5,23.700001,23.049999,23.65,9150.0,1.502150279062239,0.0
5726,2022-08-29,NSE:HMT,23.5,24.0,22.9,23.85,6533.0,0.8456659619450437,1.502150279062239
5727,2022-08-30,NSE:HMT,23.25,24.0,23.25,24.0,8801.0,0.6289308176100569,0.8456659619450437
5728,2022-09-01,NSE:HMT,25.200001,25.200001,23.25,24.049999,13007.0,0.20832916666666534,0.6289308176100569
5729,2022-09-02,NSE:HMT,24.0,24.5,23.25,24.049999,11911.0,0.0,0.20832916666666534
5730,2022-09-05,NSE:HMT,24.0,24.5,23.75,23.950001,6910.0,-0.41579211708075065,0.0
5731,2022-09-06,NSE:HMT,24.4,24.4,23.65,23.9,8636.0,-0.20877243387172192,-0.41579211708075065
5732,2022-09-07,NSE:HMT,23.799999,23.950001,23.700001,23.700001,2319.0,-0.8368158995815828,-0.20877243387172192
5733,2022-09-08,NSE:HMT,23.700001,24.299999,23.200001,24.0,4031.0,1.2658185119907788,-0.8368158995815828
5734,2022-09-09,NSE:HMT,23.950001,24.1,23.299999,23.75,2515.0,-1.0416666666666665,1.2658185119907788
5735,2022-09-12,NSE:HMT,23.9,24.25,23.4,24.049999,12257.0,1.263153684210525,-1.0416666666666665
5736,2022-09-13,NSE:HMT,24.049999,25.0,23.549999,24.799999,25657.0,3.118503248170613,1.263153684210525
5737,2022-09-14,NSE:HMT,24.0,25.75,24.0,25.65,17612.0,3.4274235252993313,3.118503248170613
5738,2022-09-15,NSE:HMT,26.799999,26.799999,25.5,26.25,20933.0,2.3391812865497132,3.4274235252993313
5739,2022-09-16,NSE:HMT,26.25,27.4,25.0,25.950001,22930.0,-1.142853333333332,2.3391812865497132
5740,2022-09-19,NSE:HMT,26.9,27.200001,25.75,27.200001,25269.0,4.8169554983832175,-1.142853333333332
5741,2022-09-20,NSE:HMT,28.549999,28.549999,28.549999,28.549999,33250.0,4.96322775870486,4.8169554983832175
5742,2022-09-21,NSE:HMT,29.950001,29.950001,28.75,29.0,38144.0,1.5761856944373285,4.96322775870486
5743,2022-09-22,NSE:HMT,28.85,29.700001,28.1,28.299999,14776.0,-2.413796551724139,1.5761856944373285
5744,2022-09-23,NSE:HMT,28.4,28.6,26.9,27.799999,10146.0,-1.7667845147273682,-2.413796551724139
5745,2022-09-26,NSE:HMT,26.450001,27.799999,26.450001,26.450001,14613.0,-4.85610808834921,-1.7667845147273682
5746,2022-09-27,NSE:HMT,27.1,27.1,25.75,26.450001,3607.0,0.0,-4.85610808834921
5747,2022-09-28,NSE:HMT,25.9,26.85,25.5,25.700001,3944.0,-2.8355386451592195,0.0
5748,2022-09-29,NSE:HMT,25.5,25.950001,25.0,25.950001,2414.0,0.9727626080637118,-2.8355386451592195
5749,2022-09-30,NSE:HMT,26.4,26.4,25.5,26.299999,1559.0,1.3487398324185012,0.9727626080637118
5750,2022-10-03,NSE:HMT,26.5,27.0,26.0,26.0,6216.0,-1.1406806517369057,1.3487398324185012
5751,2022-10-04,NSE:HMT,26.0,27.299999,26.0,27.299999,6585.0,4.999996153846153,-1.1406806517369057
5752,2022-10-06,NSE:HMT,28.65,28.65,28.65,28.65,4981.0,4.945058789196289,4.999996153846153
5753,2022-10-07,NSE:HMT,30.049999,30.049999,30.049999,30.049999,10388.0,4.8865584642233895,4.945058789196289
5754,2022-10-10,NSE:HMT,31.299999,31.549999,30.0,31.4,43276.0,4.492515956489712,4.8865584642233895
5755,2022-10-11,NSE:HMT,32.599998,32.599998,30.0,30.200001,27729.0,-3.8216528662420326,4.492515956489712
5756,2022-10-12,NSE:HMT,31.299999,31.299999,29.200001,29.85,4205.0,-1.1589436702336495,-3.8216528662420326
5757,2022-10-13,NSE:HMT,29.200001,30.0,28.549999,29.6,11249.0,-0.8375209380234505,-1.1589436702336495
5758,2022-10-14,NSE:HMT,29.6,30.5,29.0,29.799999,3796.0,0.6756722972972914,-0.8375209380234505
5759,2022-10-17,NSE:HMT,29.799999,29.799999,28.700001,29.049999,4014.0,-2.5167786079455907,0.6756722972972914
5760,2022-10-18,NSE:HMT,29.549999,29.549999,28.0,28.1,7238.0,-3.270220422382797,-2.5167786079455907
5761,2022-10-19,NSE:HMT,28.1,29.200001,28.1,29.049999,6806.0,3.380779359430599,-3.270220422382797
5762,2022-10-20,NSE:HMT,29.0,29.549999,28.0,28.5,5445.0,-1.8932840582886068,3.380779359430599
5763,2022-10-21,NSE:HMT,28.85,29.799999,28.1,29.25,8536.0,2.631578947368421,-1.8932840582886068
5764,2022-10-24,NSE:HMT,29.25,29.25,28.10000038,29.0,5157.0,-0.8547008547008548,2.631578947368421
5765,2022-10-25,NSE:HMT,29.5,29.5,28.1,29.450001,4775.0,1.5517275862068975,-0.8547008547008548
5766,2022-10-27,NSE:HMT,28.5,30.4,28.5,29.299999,15576.0,-0.5093446346572302,1.5517275862068975
5767,2022-10-28,NSE:HMT,29.0,29.5,28.799999,28.950001,1231.0,-1.194532463977215,-0.5093446346572302
5768,2022-10-31,NSE:HMT,29.9,29.9,28.25,28.700001,9062.0,-0.8635578285472253,-1.194532463977215
5769,2022-11-01,NSE:HMT,28.549999,30.1,27.4,30.049999,23296.0,4.70382562007576,-0.8635578285472253
5770,2022-11-02,NSE:HMT,30.049999,30.5,29.25,29.4,2915.0,-2.163058308254856,4.70382562007576
5771,2022-11-03,NSE:HMT,29.4,30.85,29.4,30.85,12782.0,4.9319727891156555,-2.163058308254856
5772,2022-11-04,NSE:HMT,30.799999,32.349998,30.799999,32.349998,34801.0,4.862230145867092,4.9319727891156555
5773,2022-11-07,NSE:HMT,32.5,33.950001,32.5,33.5,39167.0,3.5548750265765108,4.862230145867092
5774,2022-11-09,NSE:HMT,32.5,33.599998,31.85,31.9,14855.0,-4.776119402985079,3.5548750265765108
5775,2022-11-10,NSE:HMT,31.9,31.9,30.35,30.5,15542.0,-4.388714733542316,-4.776119402985079
5776,2022-11-11,NSE:HMT,29.5,31.0,29.5,29.65,11773.0,-2.7868852459016438,-4.388714733542316
5777,2022-11-14,NSE:HMT,29.799999,29.799999,29.049999,29.5,4479.0,-0.5059021922428283,-2.7868852459016438
5778,2022-11-15,NSE:HMT,29.799999,30.35,28.9,29.6,6937.0,0.33898305084746244,-0.5059021922428283
5779,2022-11-16,NSE:HMT,29.6,29.75,28.700001,28.85,4782.0,-2.5337837837837838,0.33898305084746244
5780,2022-11-17,NSE:HMT,28.9,30.15,28.549999,29.5,10986.0,2.2530329289428024,-2.5337837837837838
5781,2022-11-18,NSE:HMT,30.5,30.950001,29.549999,30.35,11889.0,2.8813559322033946,2.2530329289428024
5782,2022-11-21,NSE:HMT,30.35,31.0,29.200001,29.9,3595.0,-1.482701812191113,2.8813559322033946
5783,2022-11-22,NSE:HMT,29.9,31.35,29.4,30.5,17005.0,2.006688963210707,-1.482701812191113
5784,2022-11-23,NSE:HMT,30.5,31.5,30.25,30.25,9047.0,-0.819672131147541,2.006688963210707
5785,2022-11-24,NSE:HMT,29.6,31.75,29.0,31.75,17190.0,4.958677685950414,-0.819672131147541
5786,2022-11-25,NSE:HMT,33.299999,33.299999,33.299999,33.299999,39279.0,4.881886614173228,4.958677685950414
5787,2022-11-28,NSE:HMT,34.75,34.950001,33.349998,34.950001,85553.0,4.954961109758594,4.881886614173228
5788,2022-11-29,NSE:HMT,36.650002,36.650002,36.0,36.650002,68498.0,4.864094281427919,4.954961109758594
5789,2022-11-30,NSE:HMT,38.450001,38.450001,38.450001,38.450001,30501.0,4.911320332260827,4.864094281427919
5790,2022-12-01,NSE:HMT,40.349998,40.349998,36.650002,36.950001,88756.0,-3.9011702496444665,4.911320332260827
5791,2022-12-02,NSE:HMT,37.450001,38.450001,35.150002,36.799999,37650.0,-0.40595939361409117,-3.9011702496444665
5792,2022-12-05,NSE:HMT,36.799999,37.599998,35.400002,35.799999,10697.0,-2.717391378189983,-0.40595939361409117
5793,2022-12-06,NSE:HMT,36.5,37.549999,35.049999,37.099998,25638.0,3.6312822243374914,-2.717391378189983
5794,2022-12-07,NSE:HMT,37.549999,37.549999,35.650002,36.049999,3122.0,-2.830186136398174,3.6312822243374914
5795,2022-12-08,NSE:HMT,36.099998,37.5,36.099998,37.0,4577.0,2.6352316958455404,-2.830186136398174
5796,2022-12-09,NSE:HMT,37.0,37.0,35.5,35.599998,10534.0,-3.7837891891891906,2.6352316958455404
5797,2022-12-12,NSE:HMT,36.200001,36.200001,34.049999,35.650002,9864.0,0.1404606820483565,-3.7837891891891906
5798,2022-12-13,NSE:HMT,36.0,36.950001,34.75,35.25,8088.0,-1.1220251824950827,0.1404606820483565
5799,2022-12-14,NSE:HMT,35.0,36.849998,35.0,36.400002,19463.0,3.262417021276597,-1.1220251824950827
5800,2022-12-15,NSE:HMT,36.400002,36.950001,35.099998,36.150002,28919.0,-0.6868131490762006,3.262417021276597
5801,2022-12-16,NSE:HMT,35.5,37.0,35.5,35.950001,4029.0,-0.55325308142445,-0.6868131490762006
5802,2022-12-19,NSE:HMT,37.450001,37.450001,35.299999,35.400002,6607.0,-1.5298998183616175,-0.55325308142445
5803,2022-12-20,NSE:HMT,35.400002,37.150002,35.400002,36.650002,24054.0,3.53107324683202,-1.5298998183616175
5804,2022-12-21,NSE:HMT,37.799999,38.450001,37.400002,38.450001,47745.0,4.911320332260827,3.53107324683202
5805,2022-12-22,NSE:HMT,38.299999,38.299999,36.549999,36.549999,19893.0,-4.941487517776659,4.911320332260827
5806,2022-12-23,NSE:HMT,34.75,35.099998,34.75,34.75,20718.0,-4.924758000677373,-4.941487517776659
5807,2022-12-26,NSE:HMT,35.950001,36.400002,34.049999,35.099998,10088.0,1.0071884892086314,-4.924758000677373
5808,2022-12-27,NSE:HMT,35.099998,35.450001,34.5,34.75,4254.0,-0.9971453559626966,1.0071884892086314
5809,2022-12-28,NSE:HMT,35.450001,35.900002,34.75,35.0,11367.0,0.7194244604316548,-0.9971453559626966
5810,2022-12-29,NSE:HMT,35.0,35.900002,35.0,35.5,2154.0,1.4285714285714286,0.7194244604316548
5811,2022-12-30,NSE:HMT,36.0,36.400002,34.5,34.650002,7485.0,-2.39436056338028,1.4285714285714286
5812,2023-01-02,NSE:HMT,35.25,35.849998,32.950001,34.25,18172.0,-1.1544068597744976,-2.39436056338028
5813,2023-01-03,NSE:HMT,34.599998,35.0,34.25,34.849998,6442.0,1.751818978102188,-1.1544068597744976
5814,2023-01-04,NSE:HMT,34.0,35.900002,34.0,34.549999,7370.0,-0.8608293176946514,1.751818978102188
5815,2023-01-05,NSE:HMT,34.599998,35.5,33.5,34.400002,311970.0,-0.4341447303659807,-0.8608293176946514
5816,2023-01-06,NSE:HMT,34.400002,34.650002,32.700001,33.650002,25217.0,-2.1802324313818353,-0.4341447303659807
5817,2023-01-09,NSE:HMT,33.799999,35.099998,33.799999,35.0,5697.0,4.0118808908243135,-2.1802324313818353
5818,2023-01-10,NSE:HMT,34.049999,35.5,33.25,33.450001,6340.0,-4.4285685714285705,4.0118808908243135
5819,2023-01-11,NSE:HMT,33.700001,33.700001,32.549999,32.900002,2180.0,-1.644242103311147,-4.4285685714285705
5820,2023-01-12,NSE:HMT,32.549999,33.950001,32.200001,32.5,4069.0,-1.2158114762424654,-1.644242103311147
5821,2023-01-13,NSE:HMT,33.400002,33.400002,31.6,32.150002,4736.0,-1.076916923076921,-1.2158114762424654
5822,2023-01-16,NSE:HMT,32.950001,33.75,32.950001,33.75,4799.0,4.976665320269651,-1.076916923076921
5823,2023-01-17,NSE:HMT,33.75,35.400002,33.75,34.25,13721.0,1.4814814814814816,4.976665320269651
5824,2023-01-18,NSE:HMT,34.299999,35.950001,34.299999,35.849998,14386.0,4.671527007299268,1.4814814814814816
5825,2023-01-19,NSE:HMT,35.400002,36.849998,34.5,34.900002,5956.0,-2.6499192552256177,4.671527007299268
5826,2023-01-20,NSE:HMT,35.599998,35.799999,34.549999,35.599998,5223.0,2.005719082766811,-2.6499192552256177
5827,2023-01-23,NSE:HMT,36.349998,37.25,35.599998,36.099998,10885.0,1.404494460926655,2.005719082766811
5828,2023-01-24,NSE:HMT,36.849998,37.700001,34.549999,34.950001,10938.0,-3.1855874341045642,1.404494460926655
5829,2023-01-25,NSE:HMT,35.650002,35.650002,34.049999,34.200001,4568.0,-2.145922685381325,-3.1855874341045642
5830,2023-01-27,NSE:HMT,34.200001,34.849998,33.049999,34.200001,4046.0,0.0,-2.145922685381325
5831,2023-01-30,NSE:HMT,34.900002,34.900002,32.5,32.950001,12732.0,-3.654970653363431,0.0
5832,2023-01-31,NSE:HMT,33.650002,34.049999,32.099998,33.599998,2865.0,1.9726767231357567,-3.654970653363431
5833,2023-02-01,NSE:HMT,33.450001,33.5,32.650002,32.950001,2484.0,-1.9345149961020804,1.9726767231357567
5834,2023-02-02,NSE:HMT,32.950001,33.299999,32.049999,32.349998,1253.0,-1.8209498688634362,-1.9345149961020804
5835,2023-02-03,NSE:HMT,32.349998,32.950001,31.25,31.700001,4351.0,-2.0092644209746138,-1.8209498688634362
5836,2023-02-06,NSE:HMT,31.700001,31.85,31.200001,31.4,3278.0,-0.9463753644676596,-2.0092644209746138
5837,2023-02-07,NSE:HMT,32.049999,32.5,31.0,32.400002,4899.0,3.1847197452229365,-0.9463753644676596
5838,2023-02-08,NSE:HMT,32.400002,32.450001,31.299999,31.85,2910.0,-1.6975369322508043,3.1847197452229365
5839,2023-02-09,NSE:HMT,32.0,32.0,30.6,31.299999,5983.0,-1.7268477237048718,-1.6975369322508043
5840,2023-02-10,NSE:HMT,31.950001,31.950001,30.65,31.0,7589.0,-0.9584632894077719,-1.7268477237048718
5841,2023-02-13,NSE:HMT,31.950001,31.950001,30.0,30.75,8448.0,-0.8064516129032258,-0.9584632894077719
5842,2023-02-14,NSE:HMT,30.1,30.950001,29.85,30.700001,5749.0,-0.1625983739837388,-0.8064516129032258
5843,2023-02-15,NSE:HMT,30.700001,30.85,29.5,29.700001,5829.0,-3.257328884126095,-0.1625983739837388
5844,2023-02-16,NSE:HMT,30.0,30.1,29.0,29.1,2639.0,-2.0202053191850022,-3.257328884126095
5845,2023-02-17,NSE:HMT,29.1,29.450001,28.0,28.4,5519.0,-2.4054982817869512,-2.0202053191850022
5846,2023-02-20,NSE:HMT,28.4,28.75,28.299999,28.4,1805.0,0.0,-2.4054982817869512
5847,2023-02-21,NSE:HMT,28.4,28.799999,27.0,27.4,6756.0,-3.5211267605633805,0.0
5848,2023-02-22,NSE:HMT,28.0,28.0,27.25,27.9,3775.0,1.8248175182481754,-3.5211267605633805
5849,2023-02-23,NSE:HMT,27.5,28.5,27.299999,28.049999,4855.0,0.5376308243727639,1.8248175182481754
5850,2023-02-24,NSE:HMT,28.950001,28.950001,27.35,27.5,2511.0,-1.9607808185661597,0.5376308243727639
5851,2023-02-27,NSE:HMT,27.5,27.5,26.5,27.450001,3829.0,-0.18181454545454429,-1.9607808185661597
5852,2023-02-28,NSE:HMT,27.5,27.700001,26.35,26.5,6076.0,-3.4608414039766346,-0.18181454545454429
5853,2023-03-01,NSE:HMT,27.0,27.0,25.450001,26.6,6112.0,0.3773584905660431,-3.4608414039766346
5854,2023-03-02,NSE:HMT,27.049999,27.1,25.5,25.799999,7621.0,-3.0075225563909838,0.3773584905660431
5855,2023-03-03,NSE:HMT,25.799999,26.5,25.5,26.4,10350.0,2.3255853614567927,-3.0075225563909838
5856,2023-03-06,NSE:HMT,26.0,27.0,26.0,26.700001,4277.0,1.1363674242424309,2.3255853614567927
5857,2023-03-08,NSE:HMT,26.9,26.9,26.049999,26.6,4413.0,-0.3745355664967911,1.1363674242424309
5858,2023-03-09,NSE:HMT,26.6,27.0,26.15,26.200001,1877.0,-1.5037556390977485,-0.3745355664967911
5859,2023-03-10,NSE:HMT,26.9,26.9,25.299999,26.0,10294.0,-0.7633625662838728,-1.5037556390977485
5860,2023-03-13,NSE:HMT,26.0,26.950001,25.0,25.700001,11474.0,-1.1538423076923063,-0.7633625662838728
5861,2023-03-14,NSE:HMT,25.5,25.799999,25.299999,25.450001,4559.0,-0.9727626080637118,-1.1538423076923063
5862,2023-03-15,NSE:HMT,25.0,25.25,24.5,24.549999,15294.0,-3.5363534956246196,-0.9727626080637118
5863,2023-03-16,NSE:HMT,24.75,25.0,24.25,24.75,6097.0,0.8146680576239548,-3.5363534956246196
5864,2023-03-17,NSE:HMT,25.25,25.75,24.1,24.35,6126.0,-1.6161616161616104,0.8146680576239548
5865,2023-03-20,NSE:HMT,24.0,25.5,23.299999,23.85,8564.0,-2.0533880903490758,-1.6161616161616104
5866,2023-03-21,NSE:HMT,24.0,24.950001,23.0,24.5,5065.0,2.7253668763102663,-2.0533880903490758
5867,2023-03-22,NSE:HMT,25.0,25.0,24.15,24.75,1471.0,1.0204081632653061,2.7253668763102663
5868,2023-03-23,NSE:HMT,24.5,25.5,24.5,24.5,2950.0,-1.0101010101010102,1.0204081632653061
5869,2023-03-24,NSE:HMT,24.5,25.15,23.4,24.049999,8571.0,-1.8367387755102054,-1.0101010101010102
5870,2023-03-27,NSE:HMT,24.4,25.0,23.1,23.6,4095.0,-1.8710977908980297,-1.8367387755102054
5871,2023-03-28,NSE:HMT,23.4,24.0,22.700001,23.200001,20749.0,-1.694911016949157,-1.8710977908980297
5872,2023-03-29,NSE:HMT,23.700001,24.15,23.25,23.85,5588.0,2.801719706822431,-1.694911016949157
5873,2023-03-31,NSE:HMT,24.15,24.5,23.75,24.299999,2169.0,1.8867882599580637,2.801719706822431
5874,2023-04-03,NSE:HMT,24.799999,24.799999,23.5,24.5,1038.0,0.823049416586397,1.8867882599580637
5875,2023-04-05,NSE:HMT,24.4,25.700001,24.1,25.700001,21295.0,4.897963265306124,0.823049416586397
5876,2023-04-06,NSE:HMT,26.5,26.950001,24.6,26.75,14446.0,4.085599062817156,4.897963265306124
5877,2023-04-10,NSE:HMT,27.85,28.0,26.5,27.049999,7968.0,1.1214915887850456,4.085599062817156
5878,2023-04-11,NSE:HMT,26.049999,27.5,26.049999,27.4,5330.0,1.293903929534337,1.1214915887850456
5879,2023-04-12,NSE:HMT,27.299999,27.950001,26.5,26.6,17453.0,-2.91970802919707,1.293903929534337
5880,2023-04-13,NSE:HMT,26.049999,27.0,26.0,26.799999,2009.0,0.7518759398496175,-2.91970802919707
5881,2023-04-17,NSE:HMT,25.85,26.700001,25.85,26.1,3914.0,-2.611936664624496,0.7518759398496175
5882,2023-04-18,NSE:HMT,26.1,26.799999,25.049999,26.0,7929.0,-0.38314176245211273,-2.611936664624496
5883,2023-04-19,NSE:HMT,26.049999,26.450001,25.0,25.4,5800.0,-2.307692307692313,-0.38314176245211273
5884,2023-04-20,NSE:HMT,25.5,25.6,25.15,25.6,4081.0,0.7874015748031609,-2.307692307692313
5885,2023-04-21,NSE:HMT,26.299999,26.299999,25.25,25.25,2048.0,-1.3671875000000056,0.7874015748031609
5886,2023-04-24,NSE:HMT,25.25,25.85,24.5,25.6,2736.0,1.3861386138613918,-1.3671875000000056
5887,2023-04-25,NSE:HMT,25.6,25.6,24.35,25.0,12024.0,-2.3437500000000053,1.3861386138613918
5888,2023-04-26,NSE:HMT,25.0,25.5,24.35,24.700001,2598.0,-1.1999959999999987,-2.3437500000000053
5889,2023-04-27,NSE:HMT,25.1,25.799999,24.6,25.450001,7351.0,3.036437124030886,-1.1999959999999987
5890,2023-04-28,NSE:HMT,25.5,26.0,25.0,25.4,10605.0,-0.19646757577731228,3.036437124030886
5891,2023-05-02,NSE:HMT,25.9,25.9,25.0,25.299999,7812.0,-0.3937047244094445,-0.19646757577731228
5892,2023-05-03,NSE:HMT,25.9,26.25,25.25,25.85,8793.0,2.173917081973014,-0.3937047244094445
5893,2023-05-04,NSE:HMT,25.85,26.950001,25.85,26.15,8267.0,1.16054158607349,2.173917081973014
5894,2023-05-05,NSE:HMT,26.4,27.0,26.15,26.25,16004.0,0.3824091778202731,1.16054158607349
5895,2023-05-08,NSE:HMT,27.0,27.0,26.0,26.35,7069.0,0.38095238095238637,0.3824091778202731
5896,2023-05-09,NSE:HMT,26.9,26.9,25.700001,25.85,5073.0,-1.8975332068311195,0.38095238095238637
5897,2023-05-10,NSE:HMT,26.5,26.5,25.5,26.25,5556.0,1.5473887814313292,-1.8975332068311195
5898,2023-05-11,NSE:HMT,26.25,26.25,25.5,26.15,2651.0,-0.38095238095238637,1.5473887814313292
5899,2023-05-12,NSE:HMT,26.450001,26.450001,25.799999,25.85,2440.0,-1.1472275334607922,-0.38095238095238637
5900,2023-05-15,NSE:HMT,26.0,26.15,25.549999,25.85,2764.0,0.0,-1.1472275334607922
5901,2023-05-16,NSE:HMT,26.1,26.1,25.549999,25.9,2006.0,0.19342359767890582,0.0
5902,2023-05-17,NSE:HMT,26.0,26.0,25.200001,25.25,7862.0,-2.509652509652504,0.19342359767890582
5903,2023-05-18,NSE:HMT,25.35,25.35,24.25,25.200001,6062.0,-0.19801584158415717,-2.509652509652504
5904,2023-05-19,NSE:HMT,25.200001,25.200001,24.700001,25.1,2097.0,-0.39682934933216424,-0.19801584158415717
5905,2023-05-22,NSE:HMT,25.9,25.9,24.799999,25.450001,7839.0,1.3944262948207127,-0.39682934933216424
5906,2023-05-23,NSE:HMT,25.0,26.700001,25.0,25.85,6810.0,1.5717052427620775,1.3944262948207127
5907,2023-05-24,NSE:HMT,26.4,26.4,25.049999,25.4,2778.0,-1.740812379110262,1.5717052427620775
5908,2023-05-25,NSE:HMT,25.4,26.25,24.75,25.35,5011.0,-0.1968503937007762,-1.740812379110262
5909,2023-05-26,NSE:HMT,25.65,25.950001,24.700001,25.049999,5634.0,-1.1834358974359043,-0.1968503937007762
5910,2023-05-29,NSE:HMT,26.25,26.299999,25.6,26.299999,9715.0,4.990020159282242,-1.1834358974359043
5911,2023-05-30,NSE:HMT,27.6,27.6,27.6,27.6,17493.0,4.942969769694675,4.990020159282242
5912,2023-05-31,NSE:HMT,28.950001,28.950001,28.950001,28.950001,5043.0,4.891307971014489,4.942969769694675
5913,2023-06-01,NSE:HMT,30.0,30.35,29.0,30.1,46413.0,3.9723625570859262,4.891307971014489
5914,2023-06-02,NSE:HMT,30.299999,31.6,30.299999,31.6,37615.0,4.983388704318937,3.9723625570859262
5915,2023-06-05,NSE:HMT,31.6,33.150002,31.5,33.150002,41603.0,4.905069620253162,4.983388704318937
5916,2023-06-06,NSE:HMT,33.150002,34.799999,32.549999,33.400002,36660.0,0.7541477674722312,4.905069620253162
5917,2023-06-07,NSE:HMT,34.0,34.0,32.150002,32.400002,17714.0,-2.9940117967657605,0.7541477674722312
5918,2023-06-08,NSE:HMT,32.299999,32.400002,30.799999,30.799999,14252.0,-4.9382805593654,-2.9940117967657605
5919,2023-06-09,NSE:HMT,31.5,31.5,29.4,30.299999,10096.0,-1.6233766760836585,-4.9382805593654
5920,2023-06-12,NSE:HMT,30.450001,31.4,30.0,30.5,19000.0,0.6600693287151604,-1.6233766760836585
5921,2023-06-13,NSE:HMT,31.0,31.1,30.299999,30.450001,14509.0,-0.16393114754098256,0.6600693287151604
5922,2023-06-14,NSE:HMT,30.9,31.049999,30.200001,30.700001,9760.0,0.8210180354345472,-0.16393114754098256
5923,2023-06-15,NSE:HMT,30.700001,31.049999,29.549999,30.0,16228.0,-2.2801334762171517,0.8210180354345472
5924,2023-06-16,NSE:HMT,30.0,30.15,29.5,29.75,10101.0,-0.8333333333333334,-2.2801334762171517
5925,2023-06-19,NSE:HMT,29.5,30.0,29.25,29.9,14125.0,0.5042016806722641,-0.8333333333333334
5926,2023-06-20,NSE:HMT,31.0,31.0,29.0,29.65,9167.0,-0.8361204013377926,0.5042016806722641
5927,2023-06-21,NSE:HMT,30.25,30.299999,29.0,29.4,10358.0,-0.8431703204047217,-0.8361204013377926
5928,2023-06-22,NSE:HMT,29.4,30.0,29.4,29.450001,9894.0,0.17007142857143448,-0.8431703204047217
5929,2023-06-23,NSE:HMT,30.0,30.0,28.4,28.950001,13664.0,-1.6977928116199383,0.17007142857143448
5930,2023-06-26,NSE:HMT,29.4,30.25,28.65,29.450001,5210.0,1.7271156570944506,-1.6977928116199383
5931,2023-06-27,NSE:HMT,29.85,29.85,29.1,29.200001,6880.0,-0.8488964058099692,1.7271156570944506
5932,2023-06-28,NSE:HMT,29.200001,29.75,27.799999,28.4,13146.0,-2.7397293582284528,-0.8488964058099692
5933,2023-06-30,NSE:HMT,29.200001,29.200001,28.049999,28.4,4915.0,0.0,-2.7397293582284528
5934,2023-07-03,NSE:HMT,28.0,29.0,27.799999,28.85,10425.0,1.5845070422535312,0.0
5935,2023-07-04,NSE:HMT,28.0,29.0,27.75,28.799999,6307.0,-0.17331369150780498,1.5845070422535312
5936,2023-07-05,NSE:HMT,28.799999,29.5,28.0,28.75,3312.0,-0.173607644916931,-0.17331369150780498
5937,2023-07-06,NSE:HMT,28.75,28.75,27.549999,28.75,2798.0,0.0,-0.173607644916931
5938,2023-07-07,NSE:HMT,29.25,29.25,28.049999,28.5,3529.0,-0.8695652173913043,0.0
5939,2023-07-10,NSE:HMT,29.0,29.0,28.0,28.5,8621.0,0.0,-0.8695652173913043
5940,2023-07-11,NSE:HMT,28.65,29.0,28.0,28.75,9137.0,0.8771929824561403,0.0
5941,2023-07-12,NSE:HMT,28.75,28.75,27.6,28.0,11523.0,-2.608695652173913,0.8771929824561403
5942,2023-07-13,NSE:HMT,28.799999,28.799999,27.549999,28.049999,4707.0,0.178567857142856,-2.608695652173913
5943,2023-07-14,NSE:HMT,28.5,28.5,27.6,28.15,6881.0,0.3565098166313621,0.178567857142856
5944,2023-07-17,NSE:HMT,27.5,28.450001,27.5,27.950001,3154.0,-0.710476021314381,0.3565098166313621
5945,2023-07-18,NSE:HMT,27.950001,28.450001,27.700001,28.25,4282.0,1.073341643172033,-0.710476021314381
5946,2023-07-19,NSE:HMT,28.0,28.5,27.0,27.5,13191.0,-2.6548672566371683,1.073341643172033
5947,2023-07-20,NSE:HMT,27.5,28.25,27.5,27.65,9942.0,0.5454545454545403,-2.6548672566371683
5948,2023-07-21,NSE:HMT,28.299999,28.35,27.0,27.6,3811.0,-0.18083182640143639,0.5454545454545403
5949,2023-07-24,NSE:HMT,27.799999,28.4,27.200001,27.5,2752.0,-0.36231884057971525,-0.18083182640143639
5950,2023-07-25,NSE:HMT,27.9,27.9,27.25,27.35,4951.0,-0.5454545454545403,-0.36231884057971525
5951,2023-07-26,NSE:HMT,27.35,27.950001,27.049999,27.4,2050.0,0.18281535648993474,-0.5454545454545403
5952,2023-07-27,NSE:HMT,27.5,27.9,27.15,27.4,1960.0,0.0,0.18281535648993474
5953,2023-07-28,NSE:HMT,28.0,28.0,27.0,27.1,4002.0,-1.0948905109488947,0.0
5954,2023-07-31,NSE:HMT,27.9,28.0,27.0,27.799999,10508.0,2.5830221402213955,-1.0948905109488947
5955,2023-08-01,NSE:HMT,28.4,29.0,27.950001,28.15,24838.0,1.258996448165336,2.5830221402213955
5956,2023-08-02,NSE:HMT,28.15,28.299999,27.9,28.25,6953.0,0.355239786856133,1.258996448165336
5957,2023-08-03,NSE:HMT,28.25,28.25,27.65,28.25,8160.0,0.0,0.355239786856133
5958,2023-08-04,NSE:HMT,27.700001,28.200001,27.6,28.200001,4336.0,-0.1769876106194679,0.0
5959,2023-08-07,NSE:HMT,28.5,28.5,27.25,27.6,3882.0,-2.127663045118328,-0.1769876106194679
5960,2023-08-08,NSE:HMT,27.5,28.200001,27.1,27.65,7219.0,0.18115942028984477,-2.127663045118328
5961,2023-08-09,NSE:HMT,28.0,28.0,27.5,27.549999,5983.0,-0.36166726943941735,0.18115942028984477
5962,2023-08-10,NSE:HMT,27.9,28.0,26.75,27.299999,4392.0,-0.9074410492719074,-0.36166726943941735
5963,2023-08-11,NSE:HMT,27.299999,28.65,27.1,28.4,18171.0,4.0293078399013815,-0.9074410492719074
5964,2023-08-14,NSE:HMT,28.4,29.75,27.799999,29.450001,20062.0,3.6971866197183165,4.0293078399013815
5965,2023-08-16,NSE:HMT,30.049999,30.35,29.450001,30.200001,22150.0,2.5466892174299076,3.6971866197183165
5966,2023-08-17,NSE:HMT,31.5,31.5,29.5,29.799999,36168.0,-1.3245098899168932,2.5466892174299076
5967,2023-08-18,NSE:HMT,30.5,30.5,28.5,28.75,18299.0,-3.5234866954190154,-1.3245098899168932
5968,2023-08-21,NSE:HMT,28.75,29.6,28.049999,28.6,4999.0,-0.5217391304347777,-3.5234866954190154
5969,2023-08-22,NSE:HMT,28.799999,30.0,28.0,29.950001,20404.0,4.720283216783213,-0.5217391304347777
5970,2023-08-23,NSE:HMT,29.950001,31.4,29.5,30.299999,19796.0,1.1686076404471553,4.720283216783213
5971,2023-08-24,NSE:HMT,31.5,31.5,30.1,30.5,17060.0,0.6600693287151604,1.1686076404471553
5972,2023-08-25,NSE:HMT,30.5,31.0,29.1,30.25,8259.0,-0.819672131147541,0.6600693287151604
5973,2023-08-28,NSE:HMT,30.9,30.9,29.6,30.200001,7697.0,-0.1652859504132221,-0.819672131147541
5974,2023-08-29,NSE:HMT,30.200001,30.25,29.5,29.950001,5103.0,-0.8278145421253463,-0.1652859504132221
5975,2023-08-30,NSE:HMT,29.950001,31.4,29.35,31.049999,43578.0,3.6727811795398586,-0.8278145421253463
5976,2023-08-31,NSE:HMT,31.049999,31.75,30.5,31.0,11724.0,-0.16102738038735423,3.6727811795398586
5977,2023-09-01,NSE:HMT,31.0,32.549999,30.549999,31.950001,30714.0,3.0645193548387106,-0.16102738038735423
5978,2023-09-04,NSE:HMT,32.599998,33.5,32.0,33.5,38909.0,4.851326921711206,3.0645193548387106
5979,2023-09-05,NSE:HMT,33.950001,35.150002,33.549999,35.150002,45590.0,4.925379104477614,4.851326921711206
5980,2023-09-06,NSE:HMT,36.75,36.900002,35.25,36.200001,58597.0,2.9871947091212103,4.925379104477614
5981,2023-09-07,NSE:HMT,36.5,38.0,36.200001,38.0,88015.0,4.97237279081843,2.9871947091212103
5982,2023-09-08,NSE:HMT,39.799999,39.799999,36.549999,38.049999,33343.0,0.13157631578947285,4.97237279081843
5983,2023-09-11,NSE:HMT,37.099998,39.0,37.0,37.299999,36198.0,-1.971090721973475,0.13157631578947285
5984,2023-09-12,NSE:HMT,38.0,38.0,35.450001,35.450001,23698.0,-4.9597802938278885,-1.971090721973475
5985,2023-09-13,NSE:HMT,35.950001,36.900002,33.700001,36.299999,24755.0,2.3977375910370196,-4.9597802938278885
5986,2023-09-14,NSE:HMT,37.900002,38.099998,37.200001,38.099998,49016.0,4.958675067732095,2.3977375910370196
5987,2023-09-15,NSE:HMT,39.349998,39.349998,38.0,38.549999,31191.0,1.1811050488769064,4.958675067732095
5988,2023-09-18,NSE:HMT,39.299999,40.0,37.049999,38.099998,26252.0,-1.1673177994116168,1.1811050488769064
5989,2023-09-20,NSE:HMT,39.400002,39.400002,37.0,37.299999,16935.0,-2.0997350183587926,-1.1673177994116168
5990,2023-09-21,NSE:HMT,37.25,37.299999,35.549999,36.0,17953.0,-3.4852521041622544,-2.0997350183587926
5991,2023-09-22,NSE:HMT,36.0,37.450001,35.0,36.349998,13075.0,0.972216666666665,-3.4852521041622544
5992,2023-09-25,NSE:HMT,37.700001,38.150002,37.599998,38.150002,26994.0,4.9518682229363575,0.972216666666665
5993,2023-09-26,NSE:HMT,39.099998,40.049999,39.099998,40.049999,37851.0,4.980332635369191,4.9518682229363575
5994,2023-09-27,NSE:HMT,42.049999,42.049999,42.049999,42.049999,42271.0,4.993757927434655,4.980332635369191
5995,2023-09-28,NSE:HMT,44.0,44.150002,43.5,44.150002,84323.0,4.994061949918241,4.993757927434655
5996,2023-09-29,NSE:HMT,46.299999,46.349998,45.900002,46.349998,45283.0,4.983003171777883,4.994061949918241
5997,2023-10-03,NSE:HMT,47.299999,48.650002,47.299999,48.650002,123104.0,4.962252641305403,4.983003171777883
5998,2023-10-04,NSE:HMT,51.0,51.049999,49.700001,51.049999,96823.0,4.933189930804112,4.962252641305403
5999,2023-10-05,NSE:HMT,53.599998,53.599998,53.599998,53.599998,38626.0,4.995100979335964,4.933189930804112
6000,2023-10-06,NSE:HMT,56.25,56.25,56.25,56.25,31587.0,4.944033766568425,4.995100979335964
6001,2023-10-09,NSE:HMT,59.049999,59.049999,59.049999,59.049999,50675.0,4.9777759999999995,4.944033766568425
6002,2023-10-10,NSE:HMT,62.0,62.0,62.0,62.0,26325.0,4.995768077828418,4.9777759999999995
6003,2023-10-11,NSE:HMT,65.099998,65.099998,65.099998,65.099998,44979.0,4.999996774193547,4.995768077828418
6004,2023-10-12,NSE:HMT,68.349998,68.349998,61.849998,68.349998,306333.0,4.992319661822417,4.999996774193547
6005,2023-10-13,NSE:HMT,69.699997,69.699997,69.0,69.699997,179223.0,1.9751266122933857,4.992319661822417
6006,2023-10-16,NSE:HMT,70.400002,70.400002,68.300003,68.300003,82099.0,-2.008599799509306,1.9751266122933857
6007,2023-10-17,NSE:HMT,66.949997,66.949997,66.949997,66.949997,7598.0,-1.97658263646051,-2.008599799509306
6008,2023-10-18,NSE:HMT,65.650002,65.650002,65.650002,65.650002,4615.0,-1.9417401915641546,-1.97658263646051
6009,2023-10-19,NSE:HMT,64.349998,64.349998,64.349998,64.349998,2834.0,-1.9802040523928717,-1.9417401915641546
6010,2023-10-20,NSE:HMT,63.099998,63.099998,63.099998,63.099998,3850.0,-1.9425020028749653,-1.9802040523928717
6011,2023-10-23,NSE:HMT,61.849998,61.849998,61.849998,61.849998,4855.0,-1.98098263014208,-1.9425020028749653
6012,2023-10-25,NSE:HMT,60.650002,60.650002,60.650002,60.650002,2561.0,-1.940171445114677,-1.98098263014208
6013,2023-10-26,NSE:HMT,59.450001,59.450001,59.450001,59.450001,7234.0,-1.978567123542717,-1.940171445114677
6014,2023-10-27,NSE:HMT,58.299999,58.299999,58.299999,58.299999,3455.0,-1.9344019859646437,-1.978567123542717
6015,2023-10-30,NSE:HMT,57.150002,57.150002,57.150002,57.150002,1443.0,-1.9725506341775394,-1.9344019859646437
6016,2023-10-31,NSE:HMT,56.0,56.0,56.0,56.0,2164.0,-2.012251898083924,-1.9725506341775394
6017,2023-11-01,NSE:HMT,54.900002,54.900002,54.900002,54.900002,1116.0,-1.9642821428571415,-2.012251898083924
6018,2023-11-02,NSE:HMT,53.799999,53.799999,53.799999,53.799999,2540.0,-2.0036483787377657,-1.9642821428571415
6019,2023-11-03,NSE:HMT,52.75,52.75,52.75,52.75,2556.0,-1.9516710399938848,-2.0036483787377657
6020,2023-11-06,NSE:HMT,51.700001,51.700001,51.700001,51.700001,4737.0,-1.9905194312796204,-1.9516710399938848
6021,2023-11-07,NSE:HMT,50.700001,50.700001,50.700001,50.700001,2013.0,-1.934235939376481,-1.9905194312796204
6022,2023-11-08,NSE:HMT,49.700001,51.700001,49.700001,51.700001,198166.0,1.9723865488681154,-1.934235939376481
6023,2023-11-09,NSE:HMT,52.0,52.700001,52.0,52.700001,39691.0,1.934235939376481,1.9723865488681154
6024,2023-11-10,NSE:HMT,53.75,53.75,53.75,53.75,8612.0,1.992407931832866,1.934235939376481
6025,2023-11-12,NSE:HMT,54.5,54.8,54.5,54.8,24145.0,1.9534883720930178,1.992407931832866
6026,2023-11-13,NSE:HMT,55.849998,55.849998,53.700001,53.799999,115592.0,-1.8248193430656887,1.9534883720930178
6027,2023-11-15,NSE:HMT,52.799999,54.650002,52.75,52.75,49157.0,-1.9516710399938848,-1.8248193430656887
6028,2023-11-16,NSE:HMT,51.700001,52.700001,51.700001,51.700001,17994.0,-1.9905194312796204,-1.9516710399938848
6029,2023-11-17,NSE:HMT,50.700001,50.700001,50.700001,50.700001,8737.0,-1.934235939376481,-1.9905194312796204
6030,2023-11-20,NSE:HMT,51.099998,51.099998,49.700001,49.700001,43592.0,-1.9723865488681154,-1.934235939376481
6031,2023-11-21,NSE:HMT,48.700001,48.75,48.700001,48.700001,32371.0,-2.0120723941232916,-1.9723865488681154
6032,2023-11-22,NSE:HMT,48.700001,48.700001,47.75,47.75,5617.0,-1.9507206991638464,-2.0120723941232916
6033,2023-11-23,NSE:HMT,46.799999,46.799999,46.799999,46.799999,13262.0,-1.9895308900523565,-1.9507206991638464
6034,2023-11-24,NSE:HMT,45.900002,47.700001,45.900002,47.700001,24994.0,1.9230812376726774,-1.9895308900523565
6035,2023-11-28,NSE:HMT,48.650002,48.650002,48.650002,48.650002,4540.0,1.991616310448296,1.9230812376726774
6036,2023-11-29,NSE:HMT,49.599998,49.599998,48.700001,49.5,30583.0,1.74716950679673,1.991616310448296
6037,2023-11-30,NSE:HMT,48.950001,48.950001,48.549999,48.549999,21005.0,-1.91919393939394,1.74716950679673
6038,2023-12-01,NSE:HMT,47.599998,49.5,47.599998,48.5,32573.0,-0.10298455412944435,-1.91919393939394
6039,2023-12-04,NSE:HMT,49.400002,49.400002,47.549999,47.700001,25108.0,-1.6494824742268033,-0.10298455412944435
6040,2023-12-05,NSE:HMT,47.700001,48.349998,46.75,47.25,28058.0,-0.9433983030734114,-1.6494824742268033
6041,2023-12-06,NSE:HMT,47.5,48.150002,47.049999,47.5,13119.0,0.5291005291005291,-0.9433983030734114
6042,2023-12-07,NSE:HMT,49.75,49.849998,48.099998,49.849998,17757.0,4.947364210526314,0.5291005291005291
6043,2023-12-08,NSE:HMT,52.25,52.299999,52.25,52.299999,23985.0,4.914746435897551,4.947364210526314
6044,2023-12-11,NSE:HMT,52.5,52.5,49.700001,49.950001,53149.0,-4.493304101210403,4.914746435897551
6045,2023-12-12,NSE:HMT,50.5,50.5,48.5,49.549999,17646.0,-0.8008047887726781,-4.493304101210403
6046,2023-12-13,NSE:HMT,49.599998,50.450001,47.950001,50.099998,19074.0,1.1099879134205424,-0.8008047887726781
6047,2023-12-14,NSE:HMT,50.099998,51.5,49.0,50.799999,19396.0,1.3972076406070921,1.1099879134205424
6048,2023-12-15,NSE:HMT,50.799999,51.5,48.5,49.599998,31850.0,-2.362206739413519,1.3972076406070921
6049,2023-12-18,NSE:HMT,50.5,52.049999,49.099998,52.049999,54123.0,4.939518344335418,-2.362206739413519
6050,2023-12-19,NSE:HMT,54.650002,54.650002,54.650002,54.650002,25014.0,4.995202785690737,4.939518344335418
6051,2023-12-20,NSE:HMT,57.349998,57.349998,52.049999,53.75,253386.0,-1.6468471492462171,4.995202785690737
6052,2023-12-21,NSE:HMT,51.099998,56.400002,51.099998,56.400002,120225.0,4.930236279069768,-1.6468471492462171
6053,2023-12-22,NSE:HMT,58.400002,58.5,53.799999,54.599998,76053.0,-3.1914963407270824,4.930236279069768
6054,2023-12-26,NSE:HMT,54.599998,56.5,53.0,53.650002,33329.0,-1.7399194776527258,-3.1914963407270824
6055,2023-12-27,NSE:HMT,54.5,55.950001,52.650002,52.799999,37892.0,-1.5843484963896197,-1.7399194776527258
6056,2023-12-28,NSE:HMT,52.0,54.200001,52.0,53.299999,17507.0,0.9469697149047295,-1.5843484963896197
6057,2023-12-29,NSE:HMT,52.900002,53.5,51.5,52.849998,28446.0,-0.8442795655587167,0.9469697149047295
6058,2024-01-01,NSE:HMT,53.5,53.950001,51.900002,52.299999,41943.0,-1.0406793203662934,-0.8442795655587167
6059,2024-01-02,NSE:HMT,53.5,53.5,52.0,53.049999,29271.0,1.4340344442454005,-1.0406793203662934
6060,2024-01-03,NSE:HMT,53.5,53.5,50.400002,50.549999,66232.0,-4.712535432847039,1.4340344442454005
6061,2024-01-04,NSE:HMT,50.549999,52.5,49.599998,51.049999,51560.0,0.9891197030488565,-4.712535432847039
6062,2024-01-05,NSE:HMT,51.900002,51.900002,50.0,50.599998,34471.0,-0.8814907126638736,0.9891197030488565
6063,2024-01-08,NSE:HMT,50.599998,51.0,49.5,50.799999,13194.0,0.39525890890351484,-0.8814907126638736
6064,2024-01-09,NSE:HMT,51.0,51.0,49.549999,50.349998,14667.0,-0.8858287575950549,0.39525890890351484
6065,2024-01-10,NSE:HMT,50.0,51.5,50.0,50.450001,23217.0,0.1986156980582223,-0.8858287575950549
6066,2024-01-11,NSE:HMT,51.0,52.950001,50.0,52.049999,53473.0,3.1714528608235293,0.1986156980582223
6067,2024-01-12,NSE:HMT,52.049999,53.5,51.0,52.299999,19955.0,0.48030740596171767,3.1714528608235293
6068,2024-01-15,NSE:HMT,53.349998,54.0,52.200001,52.849998,30342.0,1.0516233470673673,0.48030740596171767
6069,2024-01-16,NSE:HMT,52.849998,53.5,51.5,52.200001,20525.0,-1.229890301982602,1.0516233470673673
6070,2024-01-17,NSE:HMT,52.200001,52.450001,49.599998,50.200001,38977.0,-3.831417551122269,-1.229890301982602
6071,2024-01-18,NSE:HMT,52.700001,52.700001,50.549999,52.599998,83138.0,4.780870422691822,-3.831417551122269
6072,2024-01-19,NSE:HMT,52.650002,52.650002,51.049999,51.450001,37088.0,-2.1863061667797004,4.780870422691822
6073,2024-01-20,NSE:HMT,52.5,54.0,51.200001,53.950001,100918.0,4.859086397296668,-2.1863061667797004
6074,2024-01-23,NSE:HMT,54.5,56.599998,54.5,56.599998,88861.0,4.911949862614459,4.859086397296668
6075,2024-01-24,NSE:HMT,58.599998,59.400002,56.599998,59.400002,119645.0,4.947003708374691,4.911949862614459
6076,2024-01-25,NSE:HMT,62.349998,62.349998,61.150002,62.349998,75905.0,4.966323065106965,4.947003708374691
6077,2024-01-29,NSE:HMT,64.699997,65.449997,64.099998,65.449997,70580.0,4.971931193967315,4.966323065106965
6078,2024-01-30,NSE:HMT,68.699997,68.699997,62.200001,68.699997,300473.0,4.965622840288289,4.971931193967315
6079,2024-01-31,NSE:HMT,68.050003,72.099998,68.050003,72.050003,219848.0,4.8762826001288,4.965622840288289
6080,2024-02-01,NSE:HMT,73.400002,73.400002,68.449997,68.449997,151951.0,-4.996538306875584,4.8762826001288
6081,2024-02-02,NSE:HMT,67.050003,70.900002,65.099998,67.449997,86802.0,-1.4609204438679524,-4.996538306875584
6082,2024-02-05,NSE:HMT,70.0,70.800003,68.0,69.099998,41477.0,2.4462580776690075,-1.4609204438679524
6083,2024-02-06,NSE:HMT,70.0,71.900002,68.550003,71.300003,40498.0,3.1837989344080797,2.4462580776690075
6084,2024-02-07,NSE:HMT,71.300003,73.0,68.150002,70.599998,78543.0,-0.9817741522395229,3.1837989344080797
6085,2024-02-08,NSE:HMT,72.0,72.0,67.099998,67.5,86791.0,-4.3909321357204565,-0.9817741522395229
6086,2024-02-09,NSE:HMT,68.849998,69.0,64.150002,67.949997,66243.0,0.6666622222222166,-4.3909321357204565
6087,2024-02-12,NSE:HMT,69.800003,69.800003,64.550003,64.550003,32850.0,-5.003670566755128,0.6666622222222166
6088,2024-02-13,NSE:HMT,61.349998,62.650002,61.349998,61.799999,29584.0,-4.260269360483227,-5.003670566755128
6089,2024-02-14,NSE:HMT,61.799999,62.950001,58.75,59.150002,29940.0,-4.288021104984159,-4.260269360483227
6090,2024-02-15,NSE:HMT,60.0,62.099998,59.799999,62.099998,22414.0,4.987313440834709,-4.288021104984159
6091,2024-02-16,NSE:HMT,64.800003,64.800003,61.650002,62.549999,39951.0,0.7246393148031991,4.987313440834709
6092,2024-02-19,NSE:HMT,62.799999,64.0,60.599998,61.150002,22816.0,-2.238204672073614,0.7246393148031991
6093,2024-02-20,NSE:HMT,62.400002,63.349998,61.099998,62.349998,15269.0,1.9623809660709393,-2.238204672073614
6094,2024-02-21,NSE:HMT,63.0,63.0,60.0,60.450001,18295.0,-3.047308838726826,1.9623809660709393
6095,2024-02-22,NSE:HMT,60.0,61.349998,58.5,59.799999,10745.0,-1.0752721079359464,-3.047308838726826
6096,2024-02-23,NSE:HMT,59.099998,60.450001,58.0,59.75,17946.0,-0.08361036929114277,-1.0752721079359464
6097,2024-02-26,NSE:HMT,61.0,61.0,58.0,58.099998,33251.0,-2.761509623430963,-0.08361036929114277
6098,2024-02-27,NSE:HMT,59.049999,59.900002,56.0,56.950001,41975.0,-1.9793408598740383,-2.761509623430963
6099,2024-02-28,NSE:HMT,56.950001,57.450001,54.25,54.650002,27690.0,-4.038628550682553,-1.9793408598740383
6100,2024-02-29,NSE:HMT,55.0,56.950001,53.0,55.700001,23412.0,1.9213155747002528,-4.038628550682553
6101,2024-03-01,NSE:HMT,56.5,56.5,55.099998,56.049999,7993.0,0.6283626458103643,1.9213155747002528
6102,2024-03-02,NSE:HMT,56.5,57.75,54.5,56.299999,4523.0,0.44603033802016656,0.6283626458103643
6103,2024-03-04,NSE:HMT,57.450001,57.75,54.5,55.049999,15093.0,-2.2202487072868333,0.44603033802016656
6104,2024-03-05,NSE:HMT,55.049999,55.900002,53.0,53.900002,14555.0,-2.0890045792734693,-2.2202487072868333
6105,2024-03-06,NSE:HMT,54.5,54.5,51.200001,51.200001,23165.0,-5.009278107262408,-2.0890045792734693
6106,2024-03-07,NSE:HMT,52.0,53.0,49.099998,52.0,33927.0,1.56249801635746,-5.009278107262408
6107,2024-03-11,NSE:HMT,52.700001,52.700001,49.400002,49.700001,33592.0,-4.423074999999999,1.56249801635746
6108,2024-03-12,NSE:HMT,50.5,50.5,47.25,47.25,23264.0,-4.92957937767446,-4.423074999999999
6109,2024-03-13,NSE:HMT,47.25,48.0,44.900002,45.0,15141.0,-4.761904761904762,-4.92957937767446
6110,2024-03-14,NSE:HMT,45.0,47.25,43.5,46.700001,8854.0,3.777780000000001,-4.761904761904762
6111,2024-03-15,NSE:HMT,48.0,48.900002,46.900002,48.0,24353.0,2.783723709127971,3.777780000000001
6112,2024-03-18,NSE:HMT,49.5,50.0,46.5,47.150002,46772.0,-1.7708291666666653,2.783723709127971
6113,2024-03-19,NSE:HMT,48.0,48.0,44.799999,44.799999,25427.0,-4.984099470451774,-1.7708291666666653
6114,2024-03-20,NSE:HMT,45.950001,46.0,42.599998,42.799999,23751.0,-4.464285813934951,-4.984099470451774
6115,2024-03-21,NSE:HMT,41.049999,44.900002,41.049999,43.599998,17182.0,1.869156585727957,-4.464285813934951
6116,2024-03-22,NSE:HMT,43.0,44.900002,42.5,44.150002,8816.0,1.2614771220861094,1.869156585727957
6117,2024-03-26,NSE:HMT,45.799999,45.799999,44.25,44.549999,19034.0,0.9059954289469773,1.2614771220861094
6118,2024-03-27,NSE:HMT,45.400002,46.299999,44.200001,45.349998,26257.0,1.795732924707809,0.9059954289469773
6119,2024-03-28,NSE:HMT,45.299999,45.700001,43.099998,43.25,31615.0,-4.630646290215932,1.795732924707809
6120,2024-04-01,NSE:HMT,41.849998,45.400002,41.849998,45.400002,15843.0,4.971102890173412,-4.630646290215932
6121,2024-04-02,NSE:HMT,46.799999,47.650002,46.799999,47.650002,16857.0,4.955946918240224,4.971102890173412
6122,2024-04-03,NSE:HMT,49.700001,50.0,47.650002,50.0,26477.0,4.931789929410704,4.955946918240224
6123,2024-04-04,NSE:HMT,52.5,52.5,50.0,52.450001,38035.0,4.900002000000001,4.931789929410704
6124,2024-04-05,NSE:HMT,54.849998,55.049999,53.549999,55.049999,30450.0,4.957098094240264,4.900002000000001
6125,2024-04-08,NSE:HMT,57.400002,57.599998,53.5,55.099998,55434.0,0.09082470646366349,4.957098094240264
6126,2024-04-09,NSE:HMT,55.900002,57.25,53.0,56.549999,23052.0,2.6315808577706306,0.09082470646366349
6127,2024-04-10,NSE:HMT,57.0,59.349998,56.5,59.349998,48344.0,4.951368787822613,2.6315808577706306
6128,2024-04-12,NSE:HMT,61.799999,62.299999,59.0,62.299999,55799.0,4.970515753008113,4.951368787822613
6129,2024-04-15,NSE:HMT,61.299999,61.75,59.200001,61.0,51080.0,-2.0866757959338003,4.970515753008113
6130,2024-04-16,NSE:HMT,60.950001,61.25,58.5,60.700001,18733.0,-0.4918016393442618,-2.0866757959338003
6131,2024-04-18,NSE:HMT,60.700001,63.450001,60.150002,60.700001,15334.0,0.0,-0.4918016393442618
6132,2024-04-19,NSE:HMT,59.0,61.5,58.549999,60.299999,18578.0,-0.6589818672325897,0.0
6133,2024-04-22,NSE:HMT,58.25,61.75,58.049999,59.75,27226.0,-0.9121044927380507,-0.6589818672325897
6134,2024-04-23,NSE:HMT,60.0,61.5,58.5,59.299999,13332.0,-0.7531397489539755,-0.9121044927380507
6135,2024-04-24,NSE:HMT,60.0,60.0,58.049999,58.849998,31224.0,-0.758854987501771,-0.7531397489539755
6136,2024-04-25,NSE:HMT,58.0,60.0,58.0,58.650002,13765.0,-0.3398402834270253,-0.758854987501771
6137,2024-04-26,NSE:HMT,60.0,60.0,58.25,59.049999,8021.0,0.6820067968625116,-0.3398402834270253
6138,2024-04-29,NSE:HMT,60.0,60.0,58.0,59.0,11877.0,-0.08467231303424694,0.6820067968625116
6139,2024-04-30,NSE:HMT,59.0,60.0,58.200001,59.299999,14843.0,0.5084728813559316,-0.08467231303424694
6140,2024-05-02,NSE:HMT,60.0,60.0,58.099998,58.75,14760.0,-0.9274856817451206,0.5084728813559316
6141,2024-05-03,NSE:HMT,59.75,59.75,57.0,57.5,10228.0,-2.127659574468085,-0.9274856817451206
6142,2024-05-06,NSE:HMT,57.549999,58.950001,55.049999,56.549999,13911.0,-1.6521756521739137,-2.127659574468085
6143,2024-05-07,NSE:HMT,56.400002,56.900002,54.0,54.349998,10197.0,-3.890364348193888,-1.6521756521739137
6144,2024-05-08,NSE:HMT,54.200001,56.450001,53.0,55.150002,6748.0,1.4719485362262594,-3.890364348193888
6145,2024-05-09,NSE:HMT,56.450001,56.450001,52.400002,52.849998,15421.0,-4.170451344679917,1.4719485362262594
6146,2024-05-10,NSE:HMT,54.0,54.0,52.0,52.599998,3327.0,-0.4730369147790696,-4.170451344679917
6147,2024-05-13,NSE:HMT,51.049999,53.900002,51.049999,52.950001,4716.0,0.6654049682663504,-0.4730369147790696
6148,2024-05-14,NSE:HMT,54.0,55.450001,52.049999,53.799999,10593.0,1.6052842000890601,0.6654049682663504
6149,2024-05-15,NSE:HMT,55.0,56.450001,52.25,54.0,17538.0,0.37174907754180503,1.6052842000890601
6150,2024-05-16,NSE:HMT,55.0,55.0,53.0,54.0,13375.0,0.0,0.37174907754180503
6151,2024-05-17,NSE:HMT,54.0,54.450001,52.549999,53.950001,11800.0,-0.09259074074074015,0.0
6152,2024-05-18,NSE:HMT,54.5,56.0,53.450001,55.049999,3078.0,2.038921185562164,-0.09259074074074015
6153,2024-05-21,NSE:HMT,56.900002,57.0,55.049999,56.299999,16414.0,2.2706630748530987,2.038921185562164
6154,2024-05-22,NSE:HMT,57.450001,58.849998,57.0,57.650002,27217.0,2.3978739324666787,2.2706630748530987
6155,2024-05-23,NSE:HMT,57.700001,58.0,55.450001,55.599998,25199.0,-3.5559478384753587,2.3978739324666787
6156,2024-05-24,NSE:HMT,56.900002,58.349998,56.099998,58.099998,44182.0,4.496403039438959,-3.5559478384753587
6157,2024-05-27,NSE:HMT,59.099998,61.0,58.0,58.549999,33473.0,0.7745284259734403,4.496403039438959
6158,2024-05-28,NSE:HMT,59.75,60.0,57.5,57.799999,26695.0,-1.2809564693587783,0.7745284259734403
6159,2024-05-29,NSE:HMT,59.0,59.0,55.150002,56.25,21465.0,-2.6816592159456607,-1.2809564693587783
6160,2024-05-30,NSE:HMT,57.0,57.0,55.150002,55.200001,2774.0,-1.8666648888888884,-2.6816592159456607
6161,2024-05-31,NSE:HMT,57.0,57.0,54.549999,55.450001,11574.0,0.452898542519954,-1.8666648888888884
6162,2024-06-03,NSE:HMT,55.5,58.0,54.0,54.549999,36337.0,-1.6230874369145651,0.452898542519954
6163,2024-06-04,NSE:HMT,54.549999,55.5,51.849998,51.849998,35813.0,-4.949589458287617,-1.6230874369145651
6164,2024-06-05,NSE:HMT,49.5,51.0,49.25,50.099998,30854.0,-3.375120670207162,-4.949589458287617
6165,2024-06-06,NSE:HMT,51.0,52.599998,50.0,51.950001,17256.0,3.6926209058930524,-3.375120670207162
6166,2024-06-07,NSE:HMT,53.5,54.5,52.0,54.5,26004.0,4.908563909363544,3.6926209058930524
6167,2024-06-10,NSE:HMT,56.799999,56.950001,55.599998,56.689999,22784.0,4.018346788990826,4.908563909363544
6168,2024-06-11,NSE:HMT,57.220001,58.950001,57.0,57.869999,19236.0,2.0814958913652473,4.018346788990826
6169,2024-06-12,NSE:HMT,58.5,59.900002,57.0,57.93,16384.0,0.10368239335894881,2.0814958913652473
6170,2024-06-13,NSE:HMT,59.0,60.0,57.950001,58.830002,32501.0,1.5536026238563796,0.10368239335894881
6171,2024-06-14,NSE:HMT,59.0,59.0,57.0,57.849998,33879.0,-1.665823502776697,1.5536026238563796
6172,2024-06-18,NSE:HMT,59.0,59.900002,57.5,58.34,26693.0,0.8470216368892598,-1.665823502776697
6173,2024-06-19,NSE:HMT,58.029999,59.0,57.0,57.330002,17683.0,-1.7312272883099125,0.8470216368892598
6174,2024-06-20,NSE:HMT,58.0,58.0,56.900002,57.41,15098.0,0.13953950324299003,-1.7312272883099125
6175,2024-06-21,NSE:HMT,58.0,58.0,55.0,56.73,22791.0,-1.1844626371712241,0.13953950324299003
6176,2024-06-24,NSE:HMT,59.560001,59.560001,59.560001,59.560001,61049.0,4.988543980257365,-1.1844626371712241
6177,2024-06-25,NSE:HMT,62.529999,62.529999,62.529999,62.529999,45173.0,4.986564724872985,4.988543980257365
6178,2024-06-26,NSE:HMT,65.650002,65.650002,65.650002,65.650002,43047.0,4.989609867097558,4.986564724872985
6179,2024-06-27,NSE:HMT,68.93,68.93,67.510002,68.629997,224804.0,4.539215398653,4.989609867097558
6180,2024-06-28,NSE:HMT,71.0,71.0,65.599998,68.330002,121212.0,-0.43711935467520097,4.539215398653
6181,2024-07-01,NSE:HMT,65.0,70.5,65.0,67.43,41212.0,-1.317140309757325,-0.43711935467520097
6182,2024-07-02,NSE:HMT,68.489998,68.5,64.050003,64.230003,46826.0,-4.745657719116135,-1.317140309757325
6183,2024-07-03,NSE:HMT,64.230003,64.230003,61.25,62.75,57502.0,-2.3042237752970314,-4.745657719116135
6184,2024-07-04,NSE:HMT,63.0,65.879997,62.5,65.879997,68657.0,4.988043027888451,-2.3042237752970314
6185,2024-07-05,NSE:HMT,67.300003,69.169998,65.300003,69.169998,127091.0,4.993930099905747,4.988043027888451
6186,2024-07-08,NSE:HMT,71.300003,72.620003,68.5,72.620003,133452.0,4.987718808376993,4.993930099905747
6187,2024-07-09,NSE:HMT,72.620003,76.25,72.620003,76.25,50551.0,4.998618631288136,4.987718808376993
6188,2024-07-10,NSE:HMT,80.059998,80.059998,74.0,79.760002,249197.0,4.60328131147541,4.998618631288136
6189,2024-07-11,NSE:HMT,80.0,83.739998,79.0,83.739998,153309.0,4.98996476955956,4.60328131147541
6190,2024-07-12,NSE:HMT,86.400002,87.919998,85.410004,87.919998,89198.0,4.991640912148107,4.98996476955956
6191,2024-07-15,NSE:HMT,89.989998,92.309998,89.989998,92.309998,58943.0,4.9931757277792315,4.991640912148107
6192,2024-07-16,NSE:HMT,95.800003,96.919998,95.0,96.919998,102555.0,4.994041923822827,4.9931757277792315
6193,2024-07-18,NSE:HMT,101.76,101.76,92.07,100.36,362410.0,3.549321162800677,4.994041923822827
6194,2024-07-19,NSE:HMT,105.0,105.0,95.339996,95.339996,160449.0,-5.001996811478677,3.549321162800677
6195,2024-07-22,NSE:HMT,93.900002,93.900002,90.57,90.57,25049.0,-5.003142647499174,-5.001996811478677
6196,2024-07-23,NSE:HMT,86.040001,88.760002,86.040001,86.040001,34935.0,-5.00165507342386,-5.003142647499174
6197,2024-07-24,NSE:HMT,81.730003,90.339996,81.730003,90.339996,145409.0,4.997669630431542,-5.00165507342386
6198,2024-07-25,NSE:HMT,92.0,92.0,85.82,86.150002,101688.0,-4.638027657207333,4.997669630431542
6199,2024-07-26,NSE:HMT,82.099998,88.0,82.099998,85.43,63532.0,-0.8357538981833035,-4.638027657207333
6200,2024-07-29,NSE:HMT,86.0,87.849998,83.5,84.349998,51662.0,-1.2641952475711193,-0.8357538981833035
6201,2024-07-30,NSE:HMT,86.0,88.559998,84.0,88.559998,47182.0,4.9911085949284715,-1.2641952475711193
6202,2024-07-31,NSE:HMT,92.980003,92.980003,92.980003,92.980003,28262.0,4.990972334936146,4.9911085949284715
6203,2024-08-01,NSE:HMT,97.620003,97.620003,97.620003,97.620003,36862.0,4.990320338019349,4.990972334936146
6204,2024-08-02,NSE:HMT,97.0,99.300003,92.730003,96.419998,162891.0,-1.2292613840628444,4.990320338019349
6205,2024-08-05,NSE:HMT,91.599998,93.449997,91.589996,91.589996,67830.0,-5.009336341201757,-1.2292613840628444
6206,2024-08-06,NSE:HMT,87.5,92.980003,87.099998,87.290001,63473.0,-4.694830426676725,-5.009336341201757
6207,2024-08-07,NSE:HMT,89.0,91.0,86.25,89.5,29909.0,2.531789408502809,-4.694830426676725
6208,2024-08-08,NSE:HMT,93.5,93.5,88.260002,89.050003,35898.0,-0.502789944134074,2.531789408502809
6209,2024-08-09,NSE:HMT,91.900002,91.900002,86.150002,87.629997,31526.0,-1.5946164538590757,-0.502789944134074
6210,2024-08-12,NSE:HMT,86.0,90.400002,86.0,87.940002,50071.0,0.3537658457297492,-1.5946164538590757
6211,2024-08-13,NSE:HMT,89.0,89.0,86.0,86.379997,29300.0,-1.7739424204243297,0.3537658457297492
6212,2024-08-14,NSE:HMT,86.900002,87.699997,84.110001,85.650002,18962.0,-0.8450972740830293,-1.7739424204243297
6213,2024-08-16,NSE:HMT,86.0,87.599998,84.099998,85.82,16662.0,0.19847985526023987,-0.8450972740830293
6214,2024-08-19,NSE:HMT,87.550003,88.0,85.75,85.830002,22186.0,0.011654625961314457,0.19847985526023987
6215,2024-08-20,NSE:HMT,87.0,87.650002,82.5,84.519997,21175.0,-1.5262786548694123,0.011654625961314457
6216,2024-08-21,NSE:HMT,84.75,88.739998,82.5,88.739998,66564.0,4.992902448872539,-1.5262786548694123
6217,2024-08-22,NSE:HMT,93.0,93.169998,92.730003,93.169998,44275.0,4.992111899754614,4.992902448872539
6218,2024-08-23,NSE:HMT,97.0,97.0,88.550003,90.150002,71418.0,-3.2413824888136267,4.992111899754614
6219,2024-08-26,NSE:HMT,90.0,90.150002,87.269997,88.660004,32834.0,-1.6527986322174455,-3.2413824888136267
6220,2024-08-27,NSE:HMT,88.900002,88.900002,84.220001,85.739998,28245.0,-3.2934873316721265,-1.6527986322174455
6221,2024-08-28,NSE:HMT,85.0,87.300003,84.5,85.790001,20797.0,0.058319338892454595,-3.2934873316721265
6222,2024-08-29,NSE:HMT,85.690002,88.0,84.900002,85.300003,22933.0,-0.5711598021778784,0.058319338892454595
6223,2024-08-30,NSE:HMT,85.300003,86.300003,83.0,84.639999,11703.0,-0.773744404205942,-0.5711598021778784
6224,2024-09-02,NSE:HMT,86.0,86.5,84.0,84.360001,18741.0,-0.3308104954018326,-0.773744404205942
6225,2024-09-03,NSE:HMT,84.949997,84.949997,83.199997,83.660004,16791.0,-0.8297735795427459,-0.3308104954018326
6226,2024-09-04,NSE:HMT,83.05,87.84,83.05,85.05,40756.0,1.6614821103761799,-0.8297735795427459
6227,2024-09-05,NSE:HMT,84.0,86.0,83.349998,84.010002,22014.0,-1.22280776014109,1.6614821103761799
6228,2024-09-06,NSE:HMT,85.0,85.199997,83.050003,83.720001,19972.0,-0.34519818247356276,-1.22280776014109
6229,2024-09-09,NSE:HMT,83.0,85.75,79.53,80.12,38677.0,-4.3000489214040885,-0.34519818247356276
6230,2024-09-10,NSE:HMT,80.0,81.0,77.76,79.22,18598.0,-1.1233150274588188,-4.3000489214040885
6231,2024-09-11,NSE:HMT,80.9,83.18,80.0,83.18,28597.0,4.998737692501903,-1.1233150274588188
6232,2024-09-12,NSE:HMT,86.4,87.33,85.0,87.33,39382.0,4.989180091368107,4.998737692501903
6233,2024-09-13,NSE:HMT,88.0,91.5,88.0,90.79,77440.0,3.9619832818046583,4.989180091368107
6234,2024-09-16,NSE:HMT,91.8,95.32,90.79,92.54,49514.0,1.9275250578257515,3.9619832818046583
6235,2024-09-17,NSE:HMT,94.38,94.38,88.0,88.3,32652.0,-4.5818024637994474,1.9275250578257515
6236,2024-09-18,NSE:HMT,90.0,90.0,84.0,84.1,29929.0,-4.7565118912797315,-4.5818024637994474
6237,2024-09-19,NSE:HMT,84.1,84.1,80.11,80.89,33964.0,-3.8168846611177103,-4.7565118912797315
6238,2024-09-20,NSE:HMT,82.0,83.9,80.0,81.77,21148.0,1.0878971442699907,-3.8168846611177103
6239,2024-09-23,NSE:HMT,81.77,85.5,81.77,84.64,18312.0,3.5098446863152803,1.0878971442699907
6240,2024-09-24,NSE:HMT,85.0,86.6,85.0,85.84,23083.0,1.4177693761814778,3.5098446863152803
6241,2024-09-25,NSE:HMT,87.0,87.0,84.11,85.47,15050.0,-0.431034482758626,1.4177693761814778
6242,2024-09-26,NSE:HMT,85.45,86.5,83.0,84.47,19031.0,-1.1700011700011699,-0.431034482758626
6243,2024-09-27,NSE:HMT,85.0,85.0,82.5,83.56,11261.0,-1.077305552267073,-1.1700011700011699
6244,2024-09-30,NSE:HMT,84.0,84.5,82.1,82.72,13974.0,-1.0052656773575914,-1.077305552267073
6245,2024-10-01,NSE:HMT,84.0,84.0,82.51,82.83,19129.0,0.13297872340425465,-1.0052656773575914
6246,2024-10-03,NSE:HMT,82.0,84.5,80.5,81.37,19861.0,-1.7626463841603208,0.13297872340425465
6247,2024-10-04,NSE:HMT,80.0,82.45,80.0,81.5,19593.0,0.15976404080127252,-1.7626463841603208
6248,2024-10-07,NSE:HMT,82.0,82.0,77.42,77.91,34178.0,-4.404907975460127,0.15976404080127252
6249,2024-10-08,NSE:HMT,78.0,80.0,75.2,77.7,19878.0,-0.2695417789757332,-4.404907975460127
6250,2024-10-09,NSE:HMT,79.0,81.58,77.85,81.41,25686.0,4.774774774774766,-0.2695417789757332
6251,2024-10-10,NSE:HMT,82.0,82.5,80.0,81.28,9185.0,-0.15968554231666315,4.774774774774766
6252,2024-10-11,NSE:HMT,82.0,82.0,79.0,80.76,13269.0,-0.6397637795275541,-0.15968554231666315
6253,2024-10-14,NSE:HMT,83.0,83.0,79.2,79.66,6442.0,-1.3620604259534528,-0.6397637795275541
6254,2024-10-15,NSE:HMT,81.0,81.0,79.1,79.85,9979.0,0.23851368315339913,-1.3620604259534528
6255,2024-10-16,NSE:HMT,79.0,81.0,78.5,78.97,12255.0,-1.102066374452092,0.23851368315339913
6256,2024-10-17,NSE:HMT,79.58,80.9,76.0,76.85,10179.0,-2.6845637583892676,-1.102066374452092
6257,2024-10-18,NSE:HMT,76.55,80.69,74.05,78.84,10837.0,2.58945998698765,-2.6845637583892676
6258,2024-10-21,NSE:HMT,78.84,80.0,77.0,78.26,5889.0,-0.7356671740233361,2.58945998698765
6259,2024-10-22,NSE:HMT,79.0,79.0,74.34,74.34,13502.0,-5.0089445438282665,-0.7356671740233361
6260,2024-10-23,NSE:HMT,75.0,75.0,70.62,71.04,20408.0,-4.439063761097655,-5.0089445438282665
6261,2024-10-24,NSE:HMT,70.0,71.5,67.48,69.0,22125.0,-2.87162162162163,-4.439063761097655
6262,2024-10-25,NSE:HMT,69.0,70.9,67.2,67.9,11741.0,-1.5942028985507162,-2.87162162162163
6263,2024-10-28,NSE:HMT,69.0,69.6,67.0,68.41,11686.0,0.7511045655375418,-1.5942028985507162
6264,2024-10-29,NSE:HMT,69.0,69.0,65.2,67.07,13095.0,-1.9587779564391221,0.7511045655375418
6265,2024-10-30,NSE:HMT,67.07,68.9,67.0,68.02,7515.0,1.4164305949008542,-1.9587779564391221
6266,2024-10-31,NSE:HMT,69.38,71.42,69.07,70.93,9182.0,4.278153484269349,1.4164305949008542
6267,2024-11-01,NSE:HMT,72.0,74.44,71.99,74.11,5505.0,4.483293387847163,4.278153484269349
6268,2024-11-04,NSE:HMT,76.4,76.4,70.4,71.12,8279.0,-4.034543246525428,4.483293387847163
6269,2024-11-05,NSE:HMT,72.0,72.0,70.0,71.5,8256.0,0.5343082114735594,-4.034543246525428
6270,2024-11-06,NSE:HMT,72.0,73.95,70.0,72.89,15152.0,1.944055944055945,0.5343082114735594
6271,2024-11-07,NSE:HMT,74.0,74.0,71.0,71.52,11353.0,-1.879544519138434,1.944055944055945
6272,2024-11-08,NSE:HMT,73.0,73.0,70.1,71.09,7624.0,-0.6012304250559182,-1.879544519138434
6273,2024-11-11,NSE:HMT,72.0,72.0,70.2,70.91,13378.0,-0.2532001688001221,-0.6012304250559182
6274,2024-11-12,NSE:HMT,71.49,72.5,70.0,71.07,6701.0,0.22563813284444592,-0.2532001688001221
6275,2024-11-13,NSE:HMT,72.0,72.0,67.6,68.21,27816.0,-4.024201491487266,0.22563813284444592
6276,2024-11-14,NSE:HMT,67.0,70.3,65.11,69.76,9193.0,2.2723940771148095,-4.024201491487266
6277,2024-11-18,NSE:HMT,67.5,69.0,67.1,67.87,5797.0,-2.709288990825689,2.2723940771148095
6278,2024-11-19,NSE:HMT,69.23,70.0,66.0,66.55,14934.0,-1.9448946515397192,-2.709288990825689
6279,2024-11-21,NSE:HMT,65.88,67.2,63.22,63.22,21243.0,-5.003756574004505,-1.9448946515397192
6280,2024-11-22,NSE:HMT,63.0,64.49,60.56,61.94,16351.0,-2.024675735526734,-5.003756574004505
6281,2024-11-25,NSE:HMT,63.0,64.75,62.06,64.27,8119.0,3.7617048756861458,-2.024675735526734
6282,2024-11-26,NSE:HMT,64.0,65.7,62.55,64.19,12399.0,-0.12447487163528598,3.7617048756861458
6283,2024-11-27,NSE:HMT,65.0,65.8,62.1,63.68,26543.0,-0.7945162797943575,-0.12447487163528598
6284,2024-11-28,NSE:HMT,63.65,64.57,60.5,63.93,16723.0,0.3925879396984924,-0.7945162797943575
6285,2024-11-29,NSE:HMT,64.44,64.44,60.73,62.48,19418.0,-2.2681057406538447,0.3925879396984924
6286,2024-12-02,NSE:HMT,63.5,65.6,61.5,65.46,21199.0,4.769526248399483,-2.2681057406538447
6287,2024-12-03,NSE:HMT,66.0,66.0,62.5,65.67,20569.0,0.320806599450058,4.769526248399483
6288,2024-12-04,NSE:HMT,66.0,68.95,65.67,68.93,26471.0,4.964215014466278,0.320806599450058
6289,2024-12-05,NSE:HMT,70.0,71.8,69.05,70.9,20843.0,2.8579718555055833,4.964215014466278
6290,2024-12-06,NSE:HMT,70.9,72.0,68.0,69.84,24540.0,-1.4950634696756024,2.8579718555055833
6291,2024-12-09,NSE:HMT,69.99,70.6,69.06,69.78,16007.0,-0.08591065292096545,-1.4950634696756024
6292,2024-12-10,NSE:HMT,71.0,71.0,68.8,69.22,7980.0,-0.8025222126683896,-0.08591065292096545
6293,2024-12-11,NSE:HMT,69.3,69.5,68.0,68.75,9103.0,-0.6789945102571495,-0.8025222126683896
6294,2024-12-12,NSE:HMT,70.0,70.9,67.0,68.29,9780.0,-0.6690909090909,-0.6789945102571495
6295,2024-12-13,NSE:HMT,68.29,69.0,66.0,67.62,9031.0,-0.9811099721774809,-0.6690909090909
6296,2024-12-16,NSE:HMT,69.0,69.0,67.62,68.49,16036.0,1.2866015971605889,-0.9811099721774809
6297,2024-12-17,NSE:HMT,68.9,68.9,66.0,66.19,15058.0,-3.3581544751058514,1.2866015971605889
6298,2024-12-18,NSE:HMT,67.0,67.5,66.0,66.09,5726.0,-0.15108022359872234,-3.3581544751058514
6299,2024-12-19,NSE:HMT,66.99,68.0,65.15,66.38,6739.0,0.43879558178240585,-0.15108022359872234
6300,2024-12-20,NSE:HMT,67.0,67.0,63.21,63.83,12087.0,-3.8415185296776095,0.43879558178240585
6301,2024-12-23,NSE:HMT,64.2,65.0,62.9,63.89,14637.0,0.09399968666771467,-3.8415185296776095
6302,2024-12-24,NSE:HMT,66.5,66.5,63.0,64.48,8498.0,0.9234622006573853,0.09399968666771467
6303,2024-12-26,NSE:HMT,65.5,65.5,63.01,64.19,9410.0,-0.44975186104219333,0.9234622006573853
6304,2024-12-27,NSE:HMT,65.0,65.0,63.1,64.32,4862.0,0.20252375759463384,-0.44975186104219333
6305,2024-12-30,NSE:HMT,65.0,65.0,63.0,63.34,14799.0,-1.5236318407960041,0.20252375759463384
6306,2024-12-31,NSE:HMT,64.5,64.5,61.5,62.08,12538.0,-1.9892642879696953,-1.5236318407960041
6307,2025-01-01,NSE:HMT,63.0,64.4,62.08,63.25,16050.0,1.8846649484536109,-1.9892642879696953
6308,2025-01-02,NSE:HMT,63.25,65.0,62.25,64.05,8589.0,1.2648221343873471,1.8846649484536109
6309,2025-01-03,NSE:HMT,64.05,67.25,62.5,67.22,37062.0,4.9492583918813455,1.2648221343873471
