,datetime,symbol,open,high,low,close,volume,change (%),last day change (%)
0,2020-12-14,NSE:REPL,100.8,100.8,97.550003,99.849998,22756.0,,
1,2020-12-15,NSE:REPL,103.95,104.45,97.050003,98.650002,12812.0,-1.201798722119152,
2,2020-12-16,NSE:REPL,102.95,102.95,97.150002,101.6,4424.0,2.9903679069362754,-1.201798722119152
3,2020-12-17,NSE:REPL,103.7,106.65,101.0,106.55,32755.0,4.8720472440944915,2.9903679069362754
4,2020-12-18,NSE:REPL,111.0,111.85,108.6,111.0,50677.0,4.176442984514315,4.8720472440944915
5,2020-12-21,NSE:REPL,114.0,115.9,105.45,107.7,30218.0,-2.97297297297297,4.176442984514315
6,2020-12-22,NSE:REPL,107.0,113.05,102.35,109.25,30971.0,1.4391829155060325,-2.97297297297297
7,2020-12-23,NSE:REPL,112.95,114.7,110.0,114.65,25761.0,4.942791762013735,1.4391829155060325
8,2020-12-24,NSE:REPL,118.85,119.75,111.3,112.15,3864.0,-2.1805494984736153,4.942791762013735
9,2020-12-28,NSE:REPL,116.95,116.95,112.3,113.05,5730.0,0.8024966562639245,-2.1805494984736153
10,2020-12-29,NSE:REPL,112.0,117.35,107.55,112.9,109837.0,-0.1326846528084843,0.8024966562639245
11,2020-12-30,NSE:REPL,114.95,115.05,109.0,110.35,13874.0,-2.2586359610274678,-0.1326846528084843
12,2020-12-31,NSE:REPL,111.05,115.5,110.05,113.5,18347.0,2.8545536927956556,-2.2586359610274678
13,2021-01-01,NSE:REPL,115.55,118.9,112.3,118.05,19305.0,4.0088105726872225,2.8545536927956556
14,2021-01-04,NSE:REPL,119.9,123.8,117.35,120.3,30530.0,1.9059720457433291,4.0088105726872225
15,2021-01-05,NSE:REPL,122.45,122.5,116.5,119.9,49291.0,-0.33250207813798127,1.9059720457433291
16,2021-01-06,NSE:REPL,122.45,122.95,118.7,121.95,33440.0,1.709758131776478,-0.33250207813798127
17,2021-01-07,NSE:REPL,124.6,128.0,121.55,128.0,30971.0,4.961049610496103,1.709758131776478
18,2021-01-08,NSE:REPL,134.0,134.39999,131.95,134.39999,23901.0,4.999992187500002,4.961049610496103
19,2021-01-11,NSE:REPL,140.89999,141.10001,136.64999,141.10001,28484.0,4.985134299489155,4.999992187500002
20,2021-01-12,NSE:REPL,144.8,147.89999,140.14999,145.45,21049.0,3.082912609290383,4.985134299489155
21,2021-01-13,NSE:REPL,150.0,152.0,142.85001,144.7,22958.0,-0.5156411137848058,3.082912609290383
22,2021-01-14,NSE:REPL,148.05,149.95,140.25,141.25,14736.0,-2.384243261921209,-0.5156411137848058
23,2021-01-15,NSE:REPL,135.25,144.39999,135.25,140.89999,5677.0,-0.24779469026548492,-2.384243261921209
24,2021-01-18,NSE:REPL,147.0,147.8,136.0,136.3,9265.0,-3.2647198910376014,-0.24779469026548492
25,2021-01-19,NSE:REPL,142.95,142.95,136.60001,137.45,3919.0,0.8437270726338791,-3.2647198910376014
26,2021-01-20,NSE:REPL,140.05,140.89999,131.25,136.55,3404.0,-0.6547835576573134,0.8437270726338791
27,2021-01-21,NSE:REPL,132.5,138.55,132.0,135.8,3408.0,-0.5492493592090809,-0.6547835576573134
28,2021-01-22,NSE:REPL,137.60001,139.89999,133.14999,134.05,7259.0,-1.2886597938144329,-0.5492493592090809
29,2021-01-25,NSE:REPL,135.5,137.5,132.39999,135.55,6062.0,1.1189854531891084,-1.2886597938144329
30,2021-01-27,NSE:REPL,131.2,134.0,129.0,130.45,7620.0,-3.7624492807082426,1.1189854531891084
31,2021-01-28,NSE:REPL,125.85,133.5,125.65,131.0,3530.0,0.4216174779609133,-3.7624492807082426
32,2021-01-29,NSE:REPL,136.0,136.0,129.95,130.10001,2429.0,-0.6870152671755744,0.4216174779609133
33,2021-02-01,NSE:REPL,136.55,136.60001,127.05,136.60001,18767.0,4.9961564184353255,-0.6870152671755744
34,2021-02-02,NSE:REPL,143.39999,143.39999,143.39999,143.39999,14133.0,4.97802306163814,4.9961564184353255
35,2021-02-03,NSE:REPL,150.55,150.55,150.55,150.55,12717.0,4.986060319808955,4.97802306163814
36,2021-02-04,NSE:REPL,158.05,158.05,155.25,158.05,67752.0,4.981733643307871,4.986060319808955
37,2021-02-05,NSE:REPL,173.05,173.05,160.5,171.5,54865.0,8.50996520088579,4.981733643307871
38,2021-02-08,NSE:REPL,181.0,181.0,162.25,169.89999,31913.0,-0.9329504373177828,8.50996520088579
39,2021-02-09,NSE:REPL,165.05,170.89999,156.95,164.3,19186.0,-3.2960508120100487,-0.9329504373177828
40,2021-02-10,NSE:REPL,159.3,180.7,159.3,178.45,51400.0,8.612294583079718,-3.2960508120100487
41,2021-02-11,NSE:REPL,189.0,192.0,177.05,179.3,27001.0,0.4763239002521843,8.612294583079718
42,2021-02-12,NSE:REPL,181.95,184.75,173.0,181.95,16901.0,1.4779698828778456,0.4763239002521843
43,2021-02-15,NSE:REPL,189.75,189.75,175.2,177.75,22789.0,-2.308326463314091,1.4779698828778456
44,2021-02-16,NSE:REPL,186.0,187.39999,177.7,186.45,51998.0,4.894514767932483,-2.308326463314091
45,2021-02-17,NSE:REPL,189.89999,189.89999,183.75,187.35001,19846.0,0.4827085009385942,4.894514767932483
46,2021-02-18,NSE:REPL,187.35001,193.0,180.0,188.55,37563.0,0.6405070381368082,0.4827085009385942
47,2021-02-19,NSE:REPL,193.0,193.0,180.0,183.60001,22890.0,-2.6252930257226272,0.6405070381368082
48,2021-02-22,NSE:REPL,192.0,192.0,182.5,183.7,7718.0,0.05446078134744717,-2.6252930257226272
49,2021-02-23,NSE:REPL,189.89999,189.89999,181.14999,184.14999,11773.0,0.24495917256397054,0.05446078134744717
50,2021-02-24,NSE:REPL,187.95,198.0,181.0,185.85001,2330.0,0.9231713778534524,0.24495917256397054
51,2021-02-25,NSE:REPL,188.14999,189.85001,184.95,186.14999,11551.0,0.1614097303519139,0.9231713778534524
52,2021-02-26,NSE:REPL,188.0,188.0,180.25,184.25,8658.0,-1.0206769283200083,0.1614097303519139
53,2021-03-01,NSE:REPL,184.45,187.14999,180.95,181.75,7457.0,-1.3568521031207599,-1.0206769283200083
54,2021-03-02,NSE:REPL,184.89999,185.0,175.05,178.3,11155.0,-1.8982118294360324,-1.3568521031207599
55,2021-03-03,NSE:REPL,182.14999,182.2,174.2,179.25,66828.0,0.5328098710039195,-1.8982118294360324
56,2021-03-04,NSE:REPL,179.25,185.0,168.0,183.95,35282.0,2.6220362622036197,0.5328098710039195
57,2021-03-05,NSE:REPL,188.0,189.0,178.10001,183.39999,31368.0,-0.2989997281869998,2.6220362622036197
58,2021-03-08,NSE:REPL,187.5,201.7,184.14999,198.8,68234.0,8.396952475297304,-0.2989997281869998
59,2021-03-09,NSE:REPL,205.64999,214.8,196.7,200.05,28280.0,0.6287726358148893,8.396952475297304
60,2021-03-10,NSE:REPL,201.95,207.0,198.14999,201.39999,48717.0,0.6748262934266389,0.6287726358148893
61,2021-03-12,NSE:REPL,206.0,214.85001,201.2,209.10001,29088.0,3.8232474589497225,0.6748262934266389
62,2021-03-15,NSE:REPL,215.25,215.25,201.25,204.10001,16198.0,-2.3912002682352815,3.8232474589497225
63,2021-03-16,NSE:REPL,206.95,206.95,200.25,201.89999,6016.0,-1.0779127350361204,-2.3912002682352815
64,2021-03-17,NSE:REPL,204.89999,204.89999,195.0,196.25,6793.0,-2.7984102426156645,-1.0779127350361204
65,2021-03-18,NSE:REPL,191.0,198.85001,183.0,184.95,15901.0,-5.757961783439496,-2.7984102426156645
66,2021-03-19,NSE:REPL,185.14999,188.0,177.7,182.75,11121.0,-1.1895106785617675,-5.757961783439496
67,2021-03-22,NSE:REPL,187.8,198.0,184.25,196.8,12105.0,7.688098495212045,-1.1895106785617675
68,2021-03-23,NSE:REPL,203.95,203.95,191.05,197.05,4405.0,0.12703252032520324,7.688098495212045
69,2021-03-24,NSE:REPL,199.75,200.0,190.0,192.85001,6909.0,-2.131433646282676,0.12703252032520324
70,2021-03-25,NSE:REPL,193.45,193.45,184.0,185.3,24908.0,-3.9149647956979554,-2.131433646282676
71,2021-03-26,NSE:REPL,196.45,202.89999,184.55,194.14999,15990.0,4.776033459255256,-3.9149647956979554
72,2021-03-30,NSE:REPL,203.0,213.55,194.0,204.95,20697.0,5.562714682601831,4.776033459255256
73,2021-03-31,NSE:REPL,206.89999,210.89999,199.25,202.3,22803.0,-1.2929982922663954,5.562714682601831
74,2021-04-01,NSE:REPL,206.5,209.89999,203.0,207.05,12284.0,2.347998022738507,-1.2929982922663954
75,2021-04-05,NSE:REPL,209.60001,210.0,201.14999,203.5,11384.0,-1.7145617000724516,2.347998022738507
76,2021-04-06,NSE:REPL,203.7,219.64999,201.95,217.60001,49518.0,6.928751842751842,-1.7145617000724516
77,2021-04-07,NSE:REPL,228.05,228.95,216.10001,221.0,21887.0,1.5624953326059141,6.928751842751842
78,2021-04-08,NSE:REPL,221.0,231.0,208.0,223.39999,105894.0,1.0859683257918564,1.5624953326059141
79,2021-04-09,NSE:REPL,228.0,229.0,215.25,221.85001,44136.0,-0.6938138179862966,1.0859683257918564
80,2021-04-12,NSE:REPL,221.5,221.5,204.05,209.85001,35640.0,-5.4090599319783665,-0.6938138179862966
81,2021-04-13,NSE:REPL,209.75,215.0,203.05,209.39999,8361.0,-0.21444840531577528,-5.4090599319783665
82,2021-04-15,NSE:REPL,205.05,212.8,202.35001,209.85001,17195.0,0.21490927482852076,-0.21444840531577528
83,2021-04-16,NSE:REPL,211.95,211.95,206.60001,208.05,13161.0,-0.8577602641048176,0.21490927482852076
84,2021-04-19,NSE:REPL,201.10001,214.95,188.0,196.5,26813.0,-5.551550108147085,-0.8577602641048176
85,2021-04-20,NSE:REPL,204.85001,206.0,195.0,204.3,13894.0,3.9694656488549676,-5.551550108147085
86,2021-04-22,NSE:REPL,203.95,203.95,195.05,198.85001,5028.0,-2.667640724424872,3.9694656488549676
87,2021-04-23,NSE:REPL,196.0,204.7,195.10001,201.3,11816.0,1.2320793949168087,-2.667640724424872
88,2021-04-26,NSE:REPL,203.0,203.0,196.3,198.05,11026.0,-1.6145057128663685,1.2320793949168087
89,2021-04-27,NSE:REPL,203.25,203.8,197.5,198.7,8034.0,0.32819994950768855,-1.6145057128663685
90,2021-04-28,NSE:REPL,198.05,201.5,197.45,199.0,5304.0,0.1509813789632669,0.32819994950768855
91,2021-04-29,NSE:REPL,199.0,202.0,198.25,199.95,5710.0,0.47738693467336113,0.1509813789632669
92,2021-04-30,NSE:REPL,202.85001,203.0,195.0,196.25,12576.0,-1.850462615653908,0.47738693467336113
93,2021-05-03,NSE:REPL,193.25,210.0,193.25,208.3,21886.0,6.140127388535038,-1.850462615653908
94,2021-05-04,NSE:REPL,217.0,217.0,203.3,206.05,14146.0,-1.0801728276524243,6.140127388535038
95,2021-05-05,NSE:REPL,210.0,210.0,200.0,201.60001,12937.0,-2.1596651298228653,-1.0801728276524243
96,2021-05-06,NSE:REPL,198.05,203.95,189.75,192.39999,31338.0,-4.563501757762807,-2.1596651298228653
97,2021-05-07,NSE:REPL,193.0,199.95,193.0,196.14999,11880.0,1.9490645503671804,-4.563501757762807
98,2021-05-10,NSE:REPL,194.10001,203.0,186.0,190.8,92881.0,-2.727499501784319,1.9490645503671804
99,2021-05-11,NSE:REPL,197.95,197.95,191.14999,195.35001,9422.0,2.384701257861628,-2.727499501784319
100,2021-05-12,NSE:REPL,197.89999,200.0,193.85001,198.45,4985.0,1.5868901158489785,2.384701257861628
101,2021-05-14,NSE:REPL,200.0,200.0,195.0,195.55,6415.0,-1.461325270849069,1.5868901158489785
102,2021-05-17,NSE:REPL,199.39999,200.5,195.64999,198.55,5876.0,1.534134492457172,-1.461325270849069
103,2021-05-18,NSE:REPL,201.0,205.0,198.0,199.7,10620.0,0.5791991941576314,1.534134492457172
104,2021-05-19,NSE:REPL,200.0,201.0,198.14999,199.95,3530.0,0.12518778167250877,0.5791991941576314
105,2021-05-20,NSE:REPL,196.3,199.5,196.10001,196.75,3675.0,-1.6004001000250005,0.12518778167250877
106,2021-05-21,NSE:REPL,204.0,204.0,193.0,197.55,15367.0,0.4066073697585827,-1.6004001000250005
107,2021-05-24,NSE:REPL,198.0,203.0,194.0,197.45,73243.0,-0.05062009617819425,0.4066073697585827
108,2021-05-25,NSE:REPL,198.75,217.0,194.95,214.2,158650.0,8.483160293745252,-0.05062009617819425
109,2021-05-26,NSE:REPL,224.35001,235.60001,220.0,235.2,281064.0,9.803921568627452,8.483160293745252
110,2021-05-27,NSE:REPL,249.0,256.39999,236.0,241.39999,145650.0,2.636050170068033,9.803921568627452
111,2021-05-28,NSE:REPL,239.0,248.89999,235.0,235.55,41995.0,-2.4233596695675055,2.636050170068033
112,2021-05-31,NSE:REPL,233.05,240.0,227.05,230.8,17604.0,-2.0165569942687327,-2.4233596695675055
113,2021-06-01,NSE:REPL,234.89999,244.0,228.0,232.64999,49208.0,0.8015554592720933,-2.0165569942687327
114,2021-06-02,NSE:REPL,225.05,239.95,225.05,235.05,25226.0,1.0315968635975479,0.8015554592720933
115,2021-06-03,NSE:REPL,237.0,238.0,224.0,236.10001,83522.0,0.4467177196341145,1.0315968635975479
116,2021-06-04,NSE:REPL,232.5,239.0,232.5,233.8,12958.0,-0.9741676842792112,0.4467177196341145
117,2021-06-07,NSE:REPL,230.05,238.25,228.95,231.95,133706.0,-0.7912745936698129,-0.9741676842792112
118,2021-06-08,NSE:REPL,236.5,244.0,224.0,241.64999,140467.0,4.1819314507437015,-0.7912745936698129
119,2021-06-09,NSE:REPL,247.85001,247.85001,232.05,233.60001,145802.0,-3.331256086540705,4.1819314507437015
120,2021-06-10,NSE:REPL,239.89999,240.0,230.10001,234.89999,35182.0,0.5564982638485354,-3.331256086540705
121,2021-06-11,NSE:REPL,238.5,239.14999,230.25,236.0,32074.0,0.4682886533967062,0.5564982638485354
122,2021-06-14,NSE:REPL,236.0,240.45,230.55,237.39999,36447.0,0.5932161016949163,0.4682886533967062
123,2021-06-15,NSE:REPL,238.95,249.89999,238.95,247.5,89572.0,4.254427306420694,0.5932161016949163
124,2021-06-16,NSE:REPL,248.0,280.0,247.95,254.95,153142.0,3.0101010101010055,4.254427306420694
125,2021-06-17,NSE:REPL,253.0,262.0,248.05,254.3,59852.0,-0.2549519513630034,3.0101010101010055
126,2021-06-18,NSE:REPL,257.95001,257.95001,240.0,254.64999,82147.0,0.13762878489972125,-0.2549519513630034
127,2021-06-21,NSE:REPL,252.89999,254.0,245.60001,250.39999,59644.0,-1.6689574580387772,0.13762878489972125
128,2021-06-22,NSE:REPL,252.10001,258.25,249.0,252.05,45067.0,0.6589497068270684,-1.6689574580387772
129,2021-06-23,NSE:REPL,256.0,256.0,247.05,250.8,32426.0,-0.4959333465582225,0.6589497068270684
130,2021-06-24,NSE:REPL,252.0,253.95,247.55,248.55,14690.0,-0.8971291866028708,-0.4959333465582225
131,2021-06-25,NSE:REPL,252.0,252.0,242.0,244.8,25076.0,-1.508750754375377,-0.8971291866028708
132,2021-06-28,NSE:REPL,244.8,256.29999,240.0,254.2,63821.0,3.839869281045742,-1.508750754375377
133,2021-06-29,NSE:REPL,255.0,257.70001,246.0,247.5,30249.0,-2.635719905586148,3.839869281045742
134,2021-06-30,NSE:REPL,250.89999,250.89999,243.7,248.0,27627.0,0.20202020202020202,-2.635719905586148
135,2021-07-01,NSE:REPL,252.85001,259.45001,245.0,251.75,60094.0,1.5120967741935485,0.20202020202020202
136,2021-07-02,NSE:REPL,250.7,255.05,248.0,249.89999,29067.0,-0.7348599801390258,1.5120967741935485
137,2021-07-05,NSE:REPL,253.0,255.55,250.0,251.0,27007.0,0.4401800896430598,-0.7348599801390258
138,2021-07-06,NSE:REPL,253.89999,253.89999,245.0,248.10001,26397.0,-1.1553745019920327,0.4401800896430598
139,2021-07-07,NSE:REPL,252.0,252.0,247.0,249.2,14209.0,0.4433655605253668,-1.1553745019920327
140,2021-07-08,NSE:REPL,250.0,251.89999,240.95,242.5,19112.0,-2.688603531300156,0.4433655605253668
141,2021-07-09,NSE:REPL,248.89999,248.89999,238.60001,239.55,20106.0,-1.21649484536082,-2.688603531300156
142,2021-07-12,NSE:REPL,242.89999,244.75,231.85001,234.7,36450.0,-2.024629513671477,-1.21649484536082
143,2021-07-13,NSE:REPL,233.0,248.0,225.0,244.89999,96973.0,4.3459693225394185,-2.024629513671477
144,2021-07-14,NSE:REPL,248.0,248.0,235.5,237.39999,118015.0,-3.062474604429343,4.3459693225394185
145,2021-07-15,NSE:REPL,243.0,243.0,229.05,236.2,29647.0,-0.5054717988825584,-3.062474604429343
146,2021-07-16,NSE:REPL,238.0,245.0,234.35001,238.8,89718.0,1.1007620660457336,-0.5054717988825584
147,2021-07-19,NSE:REPL,238.0,242.95,233.5,238.89999,46935.0,0.0418718592964787,1.1007620660457336
148,2021-07-20,NSE:REPL,238.0,242.89999,235.05,238.2,18007.0,-0.29300545387214705,0.0418718592964787
149,2021-07-22,NSE:REPL,243.0,243.0,235.3,235.95,48378.0,-0.9445843828715366,-0.29300545387214705
150,2021-07-23,NSE:REPL,240.0,240.0,231.5,236.45,52711.0,0.21190930281839374,-0.9445843828715366
151,2021-07-26,NSE:REPL,242.5,242.5,233.60001,234.14999,23530.0,-0.9727257348276532,0.21190930281839374
152,2021-07-27,NSE:REPL,239.45,242.0,235.60001,240.0,52329.0,2.4984028399915785,-0.9727257348276532
153,2021-07-28,NSE:REPL,243.0,243.0,235.89999,236.39999,19882.0,-1.5000041666666657,2.4984028399915785
154,2021-07-29,NSE:REPL,239.95,240.45,232.05,236.85001,13707.0,0.19036379823873723,-1.5000041666666657
155,2021-07-30,NSE:REPL,239.89999,240.60001,234.0,239.25,21418.0,1.0132952918178058,0.19036379823873723
156,2021-08-02,NSE:REPL,243.3,245.0,235.10001,242.0,63562.0,1.1494252873563218,1.0132952918178058
157,2021-08-03,NSE:REPL,242.0,248.0,238.05,240.39999,84013.0,-0.6611611570247924,1.1494252873563218
158,2021-08-04,NSE:REPL,244.3,244.3,236.0,236.7,19726.0,-1.5390974017927428,-0.6611611570247924
159,2021-08-05,NSE:REPL,236.05,239.05,224.60001,231.85001,32505.0,-2.0490029573299497,-1.5390974017927428
160,2021-08-06,NSE:REPL,237.0,245.0,232.60001,242.8,22016.0,4.722876656334849,-2.0490029573299497
161,2021-08-09,NSE:REPL,245.60001,250.0,237.55,239.25,30299.0,-1.462108731466232,4.722876656334849
162,2021-08-10,NSE:REPL,246.39999,246.39999,234.10001,236.10001,20753.0,-1.3166102403343793,-1.462108731466232
163,2021-08-11,NSE:REPL,239.85001,241.0,218.05,239.75,125941.0,1.5459508027975106,-1.3166102403343793
164,2021-08-12,NSE:REPL,244.2,244.2,234.05,241.85001,26417.0,0.8759165797705933,1.5459508027975106
165,2021-08-13,NSE:REPL,241.85001,244.14999,239.0,239.5,12979.0,-0.971680753703503,0.8759165797705933
166,2021-08-16,NSE:REPL,243.45,243.45,236.05,239.05,11796.0,-0.1878914405010391,-0.971680753703503
167,2021-08-17,NSE:REPL,239.5,239.5,233.0,233.64999,7351.0,-2.2589458272328002,-0.1878914405010391
168,2021-08-18,NSE:REPL,239.2,239.25,233.60001,236.05,11746.0,1.0271817259654104,-2.2589458272328002
169,2021-08-20,NSE:REPL,235.0,235.55,210.0,221.64999,33652.0,-6.100406693497144,1.0271817259654104
170,2021-08-23,NSE:REPL,232.5,232.5,214.0,217.89999,13183.0,-1.6918566068963052,-6.100406693497144
171,2021-08-24,NSE:REPL,217.89999,225.25,215.2,218.64999,7812.0,0.3441946004678568,-1.6918566068963052
172,2021-08-25,NSE:REPL,223.0,223.0,219.85001,221.60001,5682.0,1.3491974090645944,0.3441946004678568
173,2021-08-26,NSE:REPL,220.2,229.0,216.0,218.25,9187.0,-1.5117372964017455,1.3491974090645944
174,2021-08-27,NSE:REPL,219.64999,223.35001,215.10001,216.2,11059.0,-0.9392898052691919,-1.5117372964017455
175,2021-08-30,NSE:REPL,221.55,226.14999,217.55,221.05,25756.0,2.243293246993535,-0.9392898052691919
176,2021-08-31,NSE:REPL,221.05,222.0,215.64999,218.14999,10697.0,-1.311924903867907,2.243293246993535
177,2021-09-01,NSE:REPL,224.95,224.95,212.0,214.0,17106.0,-1.9023562641465181,-1.311924903867907
178,2021-09-02,NSE:REPL,218.0,230.0,214.0,224.75,56081.0,5.0233644859813085,-1.9023562641465181
179,2021-09-03,NSE:REPL,228.5,235.14999,224.0,227.89999,26743.0,1.4015528364849845,5.0233644859813085
180,2021-09-06,NSE:REPL,230.95,232.0,227.05,228.89999,6897.0,0.438788961772223,1.4015528364849845
181,2021-09-07,NSE:REPL,231.85001,231.85001,226.0,227.55,4735.0,-0.5897728523273378,0.438788961772223
182,2021-09-08,NSE:REPL,232.95,234.0,221.0,222.35001,11009.0,-2.285207646671067,-0.5897728523273378
183,2021-09-09,NSE:REPL,222.35001,228.89999,221.10001,222.75,7181.0,0.17989205397382374,-2.285207646671067
184,2021-09-13,NSE:REPL,226.25,227.2,221.0,225.14999,26955.0,1.077436588103256,0.17989205397382374
185,2021-09-14,NSE:REPL,227.75,231.7,215.05,219.75,30070.0,-2.398396730996969,1.077436588103256
186,2021-09-15,NSE:REPL,218.05,224.85001,218.05,221.0,9239.0,0.5688282138794084,-2.398396730996969
187,2021-09-16,NSE:REPL,224.89999,224.89999,218.5,219.3,18251.0,-0.769230769230764,0.5688282138794084
188,2021-09-17,NSE:REPL,224.0,224.0,210.0,212.89999,30387.0,-2.9183812129503,-0.769230769230764
189,2021-09-20,NSE:REPL,217.10001,217.10001,201.95,204.89999,33736.0,-3.7576328679019664,-2.9183812129503
190,2021-09-21,NSE:REPL,204.89999,214.7,200.0,206.10001,22889.0,0.5856613267770266,-3.7576328679019664
191,2021-09-22,NSE:REPL,212.0,212.35001,206.3,210.2,12058.0,1.9893206215758994,0.5856613267770266
192,2021-09-23,NSE:REPL,213.95,218.0,213.25,216.10001,24783.0,2.8068553758325447,1.9893206215758994
193,2021-09-24,NSE:REPL,218.25,218.25,210.0,210.8,10807.0,-2.4525727694320727,2.8068553758325447
194,2021-09-27,NSE:REPL,215.14999,215.14999,210.0,211.45,8795.0,0.3083491461100461,-2.4525727694320727
195,2021-09-28,NSE:REPL,215.7,216.0,210.0,211.05,7974.0,-0.1891700165523657,0.3083491461100461
196,2021-09-29,NSE:REPL,213.7,215.95,211.10001,214.2,14115.0,1.492537313432825,-0.1891700165523657
197,2021-09-30,NSE:REPL,215.0,216.0,208.10001,210.3,21609.0,-1.820728291316516,1.492537313432825
198,2021-10-01,NSE:REPL,211.0,217.75,211.0,215.25,28373.0,2.35378031383737,-1.820728291316516
199,2021-10-04,NSE:REPL,214.39999,218.5,211.2,212.55,7829.0,-1.254355400696859,2.35378031383737
200,2021-10-05,NSE:REPL,217.2,217.2,210.55,211.35001,12917.0,-0.5645683368619213,-1.254355400696859
201,2021-10-06,NSE:REPL,213.0,217.3,210.55,215.7,26428.0,2.0581924741806215,-0.5645683368619213
202,2021-10-07,NSE:REPL,219.7,225.0,215.7,219.85001,34915.0,1.923973110802044,2.0581924741806215
203,2021-10-08,NSE:REPL,222.0,231.89999,220.10001,227.89999,60728.0,3.661578182325307,1.923973110802044
204,2021-10-11,NSE:REPL,232.45,233.0,204.55,208.0,147356.0,-8.73189595137762,3.661578182325307
205,2021-10-12,NSE:REPL,209.89999,249.60001,190.0,247.39999,734513.0,18.942302884615387,-8.73189595137762
206,2021-10-13,NSE:REPL,248.89999,254.39999,230.25,237.3,141653.0,-4.082453681586644,18.942302884615387
207,2021-10-14,NSE:REPL,240.45,240.45,226.55,229.39999,40721.0,-3.3291234723978125,-4.082453681586644
208,2021-10-18,NSE:REPL,240.0,240.0,230.10001,231.5,27866.0,0.9154359596964226,-3.3291234723978125
209,2021-10-19,NSE:REPL,229.25,235.75,224.0,225.55,27901.0,-2.570194384449239,0.9154359596964226
210,2021-10-20,NSE:REPL,229.85001,230.10001,212.05,218.64999,25179.0,-3.059193083573491,-2.570194384449239
211,2021-10-21,NSE:REPL,223.55,225.0,212.10001,214.14999,22375.0,-2.058083789530473,-3.059193083573491
212,2021-10-22,NSE:REPL,214.0,223.0,205.89999,208.75,48697.0,-2.521592459565374,-2.058083789530473
213,2021-10-25,NSE:REPL,215.0,226.95,206.95,218.10001,56329.0,4.479046706586825,-2.521592459565374
214,2021-10-26,NSE:REPL,221.0,222.7,211.05,212.55,23647.0,-2.5447087324755215,4.479046706586825
215,2021-10-27,NSE:REPL,213.0,217.7,211.0,213.89999,13694.0,0.6351399670665683,-2.5447087324755215
216,2021-10-28,NSE:REPL,214.5,217.0,210.05,211.45,19847.0,-1.1453904228794092,0.6351399670665683
217,2021-10-29,NSE:REPL,214.0,218.0,207.14999,209.5,20415.0,-0.9222038306928299,-1.1453904228794092
218,2021-11-01,NSE:REPL,205.55,216.25,205.55,211.14999,17239.0,0.7875847255369941,-0.9222038306928299
219,2021-11-02,NSE:REPL,213.64999,217.14999,209.5,212.3,21771.0,0.544641276090048,0.7875847255369941
220,2021-11-03,NSE:REPL,215.8,217.0,210.60001,214.45,9171.0,1.0127178520960796,0.544641276090048
221,2021-11-04,NSE:REPL,216.75,220.89999,216.10001,217.85001,11109.0,1.5854558172068125,1.0127178520960796
222,2021-11-08,NSE:REPL,219.95,220.0,206.64999,210.2,41353.0,-3.51159497307345,1.5854558172068125
223,2021-11-09,NSE:REPL,212.45,217.5,204.05,213.3,35177.0,1.4747859181731793,-3.51159497307345
224,2021-11-10,NSE:REPL,215.35001,215.39999,210.0,211.2,14696.0,-0.9845288326301092,1.4747859181731793
225,2021-11-11,NSE:REPL,214.7,214.7,208.60001,213.85001,13493.0,1.2547395833333375,-0.9845288326301092
226,2021-11-12,NSE:REPL,210.7,216.8,210.7,214.7,7619.0,0.3974701707986785,1.2547395833333375
227,2021-11-15,NSE:REPL,214.7,214.7,209.95,210.25,13461.0,-2.072659524918486,0.3974701707986785
228,2021-11-16,NSE:REPL,210.25,213.95,208.5,210.3,5196.0,0.02378121284186034,-2.072659524918486
229,2021-11-17,NSE:REPL,206.39999,211.89999,206.39999,210.60001,65958.0,0.14265810746551885,0.02378121284186034
230,2021-11-18,NSE:REPL,210.2,213.0,206.3,210.35001,16216.0,-0.11870844640510701,0.14265810746551885
231,2021-11-22,NSE:REPL,210.35001,211.10001,205.14999,208.0,11002.0,-1.117190343846429,-0.11870844640510701
232,2021-11-23,NSE:REPL,205.2,209.75,205.2,206.95,20362.0,-0.5048076923076978,-1.117190343846429
233,2021-11-24,NSE:REPL,210.85001,219.89999,205.14999,208.75,90455.0,0.8697753080454271,-0.5048076923076978
234,2021-11-25,NSE:REPL,210.0,210.85001,206.0,207.05,46697.0,-0.8143712574850245,0.8697753080454271
235,2021-11-26,NSE:REPL,207.05,209.0,196.0,199.95,26741.0,-3.429123400144903,-0.8143712574850245
236,2021-11-29,NSE:REPL,196.05,199.8,191.0,197.39999,18197.0,-1.2753238309577326,-3.429123400144903
237,2021-11-30,NSE:REPL,197.39999,206.10001,197.39999,202.10001,9252.0,2.380962633280779,-1.2753238309577326
238,2021-12-01,NSE:REPL,205.95,218.89999,202.14999,207.39999,102447.0,2.6224541008187012,2.380962633280779
239,2021-12-02,NSE:REPL,211.0,211.55,206.10001,208.8,9120.0,0.6750289621518347,2.6224541008187012
240,2021-12-03,NSE:REPL,212.0,212.0,206.2,207.89999,10029.0,-0.43103927203065556,0.6750289621518347
241,2021-12-06,NSE:REPL,205.10001,209.8,203.0,205.05,13349.0,-1.3708466267843453,-0.43103927203065556
242,2021-12-07,NSE:REPL,209.0,209.0,202.05,203.85001,24471.0,-0.5852182394537985,-1.3708466267843453
243,2021-12-08,NSE:REPL,207.89999,207.89999,200.0,204.14999,45459.0,0.1471572162297196,-0.5852182394537985
244,2021-12-09,NSE:REPL,205.0,207.95,202.14999,203.0,8768.0,-0.5633064199513321,0.1471572162297196
245,2021-12-10,NSE:REPL,206.95,206.95,200.64999,203.45,11005.0,0.22167487684728507,-0.5633064199513321
246,2021-12-13,NSE:REPL,204.0,206.45,200.0,201.55,15271.0,-0.9338903907593892,0.22167487684728507
247,2021-12-14,NSE:REPL,202.0,208.0,202.0,204.95,15616.0,1.6869263210121443,-0.9338903907593892
248,2021-12-15,NSE:REPL,208.0,208.0,201.10001,203.75,9376.0,-0.5855086606489333,1.6869263210121443
249,2021-12-16,NSE:REPL,206.7,206.7,201.64999,203.05,14324.0,-0.34355828220858337,-0.5855086606489333
250,2021-12-17,NSE:REPL,206.0,206.0,195.10001,200.0,10097.0,-1.5020930805220445,-0.34355828220858337
251,2021-12-20,NSE:REPL,200.0,206.39999,193.10001,205.05,22361.0,2.5250000000000057,-1.5020930805220445
252,2021-12-21,NSE:REPL,208.55,208.55,199.0,200.89999,18934.0,-2.0239014874420915,2.5250000000000057
253,2021-12-22,NSE:REPL,200.0,205.0,200.0,204.55,13746.0,1.8168293587272,-2.0239014874420915
254,2021-12-23,NSE:REPL,206.8,238.0,202.7,212.8,132388.0,4.033243705695429,1.8168293587272
255,2021-12-24,NSE:REPL,214.0,222.8,201.14999,212.5,180751.0,-0.1409774436090279,4.033243705695429
256,2021-12-27,NSE:REPL,217.0,217.0,206.7,208.2,26021.0,-2.023529411764711,-0.1409774436090279
257,2021-12-28,NSE:REPL,209.0,225.0,200.0,217.14999,749363.0,4.298746397694531,-2.023529411764711
258,2021-12-29,NSE:REPL,217.5,222.3,214.5,217.64999,76192.0,0.23025559430143194,4.298746397694531
259,2021-12-30,NSE:REPL,219.95,229.0,212.0,223.2,87500.0,2.5499702526979147,0.23025559430143194
260,2021-12-31,NSE:REPL,227.89999,234.0,223.5,230.39999,182596.0,3.225801971326171,2.5499702526979147
261,2022-01-03,NSE:REPL,235.0,236.45,227.45,232.39999,87230.0,0.8680555932315795,3.225801971326171
262,2022-01-04,NSE:REPL,232.0,243.05,227.75,237.3,71723.0,2.1084381285902847,0.8680555932315795
263,2022-01-05,NSE:REPL,239.45,275.0,237.95,263.79999,707779.0,11.167294563843221,2.1084381285902847
264,2022-01-06,NSE:REPL,264.0,279.45001,259.04999,263.75,263550.0,-0.01894996281083247,11.167294563843221
265,2022-01-07,NSE:REPL,263.85001,275.70001,261.04999,263.70001,96020.0,-0.018953554502362,-0.01894996281083247
266,2022-01-10,NSE:REPL,266.64999,277.0,255.25,271.70001,158289.0,3.0337503589779913,-0.018953554502362
267,2022-01-11,NSE:REPL,271.70001,273.35001,266.0,269.29999,68391.0,-0.8833345276652881,3.0337503589779913
268,2022-01-12,NSE:REPL,269.29999,273.20001,264.0,264.5,46218.0,-1.7823951645894902,-0.8833345276652881
269,2022-01-13,NSE:REPL,264.0,265.89999,255.0,256.10001,45521.0,-3.1757996219281672,-1.7823951645894902
270,2022-01-14,NSE:REPL,259.70001,266.39999,257.20001,259.45001,33541.0,1.3080827290869779,-3.1757996219281672
271,2022-01-17,NSE:REPL,259.45001,265.75,256.25,258.20001,55065.0,-0.481788379965759,1.3080827290869779
272,2022-01-18,NSE:REPL,263.64999,263.64999,247.60001,249.5,49183.0,-3.3694847649308843,-0.481788379965759
273,2022-01-19,NSE:REPL,249.5,255.0,245.10001,250.45,61977.0,0.3807615230460876,-3.3694847649308843
274,2022-01-20,NSE:REPL,250.5,253.8,250.0,251.7,29692.0,0.4991016170892394,0.3807615230460876
275,2022-01-21,NSE:REPL,249.05,250.95,245.05,245.64999,21826.0,-2.4036591179976106,0.4991016170892394
276,2022-01-24,NSE:REPL,243.39999,249.8,230.75,233.89999,53264.0,-4.783228364878012,-2.4036591179976106
277,2022-01-25,NSE:REPL,234.0,237.85001,226.0,233.35001,38295.0,-0.23513468298994156,-4.783228364878012
278,2022-01-27,NSE:REPL,233.0,234.14999,230.05,231.45,20070.0,-0.8142318056896629,-0.23513468298994156
279,2022-01-28,NSE:REPL,234.45,236.55,225.55,228.95,12617.0,-1.080146899978397,-0.8142318056896629
280,2022-01-31,NSE:REPL,230.0,235.89999,225.0,227.10001,12867.0,-0.8080323214675654,-1.080146899978397
281,2022-02-01,NSE:REPL,231.0,248.0,225.14999,243.75,95191.0,7.331567268535127,-0.8080323214675654
282,2022-02-02,NSE:REPL,250.55,259.0,243.05,249.05,111804.0,2.174358974358979,7.331567268535127
283,2022-02-03,NSE:REPL,251.64999,258.89999,241.25,243.25,35650.0,-2.3288496285886415,2.174358974358979
284,2022-02-04,NSE:REPL,246.89999,247.85001,235.25,238.7,23699.0,-1.870503597122307,-2.3288496285886415
285,2022-02-07,NSE:REPL,240.89999,240.89999,227.0,228.45,37970.0,-4.294093003770423,-1.870503597122307
286,2022-02-08,NSE:REPL,228.0,234.0,225.5,228.35001,27402.0,-0.04376887721601713,-4.294093003770423
287,2022-02-09,NSE:REPL,230.89999,234.0,226.05,230.5,20712.0,0.9415326936048753,-0.04376887721601713
288,2022-02-10,NSE:REPL,233.8,234.0,223.0,225.95,40132.0,-1.9739696312364476,0.9415326936048753
289,2022-02-11,NSE:REPL,230.5,230.5,220.5,222.85001,29174.0,-1.3719805266651877,-1.9739696312364476
290,2022-02-14,NSE:REPL,221.0,221.0,212.0,213.5,45067.0,-4.195651595438563,-1.3719805266651877
291,2022-02-15,NSE:REPL,217.89999,217.89999,206.3,214.45,27696.0,0.44496487119437406,-4.195651595438563
292,2022-02-16,NSE:REPL,219.89999,219.89999,214.0,215.60001,12223.0,0.5362602005129442,0.44496487119437406
293,2022-02-17,NSE:REPL,214.0,218.0,213.8,214.89999,12744.0,-0.3246845860535883,0.5362602005129442
294,2022-02-18,NSE:REPL,213.8,234.8,210.0,225.5,48335.0,4.932531639484951,-0.3246845860535883
295,2022-02-21,NSE:REPL,229.85001,229.85001,211.60001,214.0,24399.0,-5.099778270509978,4.932531639484951
296,2022-02-22,NSE:REPL,213.5,222.0,205.0,213.60001,34847.0,-0.1869112149532722,-5.099778270509978
297,2022-02-23,NSE:REPL,213.85001,224.39999,213.85001,217.89999,12825.0,2.013099156690117,-0.1869112149532722
298,2022-02-24,NSE:REPL,210.05,217.0,205.0,206.55,33785.0,-5.208807031152223,2.013099156690117
299,2022-02-25,NSE:REPL,219.89999,225.3,208.0,211.0,23253.0,2.154442023723064,-5.208807031152223
300,2022-02-28,NSE:REPL,214.8,219.8,208.05,217.75,13333.0,3.1990521327014214,2.154442023723064
301,2022-03-02,NSE:REPL,215.0,219.8,210.25,212.85001,14626.0,-2.250282433983928,3.1990521327014214
302,2022-03-03,NSE:REPL,212.10001,218.35001,212.0,213.35001,12638.0,0.2349072006151186,-2.250282433983928
303,2022-03-04,NSE:REPL,214.89999,214.89999,210.0,212.85001,17275.0,-0.23435667989891354,0.2349072006151186
304,2022-03-07,NSE:REPL,212.5,215.05,205.85001,206.95,76363.0,-2.771909665402416,-0.23435667989891354
305,2022-03-08,NSE:REPL,211.89999,211.89999,202.14999,205.05,25648.0,-0.9180961584923786,-2.771909665402416
306,2022-03-09,NSE:REPL,207.95,211.5,207.0,209.7,18712.0,2.2677395757132293,-0.9180961584923786
307,2022-03-10,NSE:REPL,215.0,216.95,207.95,209.5,110953.0,-0.09537434430137752,2.2677395757132293
308,2022-03-11,NSE:REPL,213.0,218.2,209.95,217.05,147770.0,3.6038186157517957,-0.09537434430137752
309,2022-03-14,NSE:REPL,217.5,226.75,217.45,224.25,72651.0,3.3172080165860347,3.6038186157517957
310,2022-03-15,NSE:REPL,221.25,227.0,216.14999,218.45,16899.0,-2.5863991081382434,3.3172080165860347
311,2022-03-16,NSE:REPL,224.14999,224.14999,214.05,216.05,30250.0,-1.098649576562132,-2.5863991081382434
312,2022-03-17,NSE:REPL,220.5,222.0,212.10001,215.25,17972.0,-0.3702846563295586,-1.098649576562132
313,2022-03-21,NSE:REPL,221.89999,221.89999,212.10001,214.7,23353.0,-0.2555168408826998,-0.3702846563295586
314,2022-03-22,NSE:REPL,217.75,221.3,214.2,216.75,22628.0,0.954820680018636,-0.2555168408826998
315,2022-03-23,NSE:REPL,219.89999,219.89999,211.0,212.85001,18924.0,-1.79930334486736,0.954820680018636
316,2022-03-24,NSE:REPL,216.45,217.25,210.14999,212.39999,14536.0,-0.21142587684162897,-1.79930334486736
317,2022-03-25,NSE:REPL,215.95,216.5,210.10001,211.95,14251.0,-0.21185970865630166,-0.21142587684162897
318,2022-03-28,NSE:REPL,211.95,233.2,210.05,225.0,167091.0,6.157112526539284,-0.21185970865630166
319,2022-03-29,NSE:REPL,228.0,229.3,211.55,214.3,98372.0,-4.75555555555555,6.157112526539284
320,2022-03-30,NSE:REPL,217.5,224.0,215.60001,220.35001,33652.0,2.8231497900139924,-4.75555555555555
321,2022-03-31,NSE:REPL,221.0,222.0,212.2,214.25,34259.0,-2.76832753490685,2.8231497900139924
322,2022-04-01,NSE:REPL,218.0,223.0,218.0,220.89999,25304.0,3.103845974329056,-2.76832753490685
323,2022-04-04,NSE:REPL,220.89999,225.0,220.45,223.64999,31010.0,1.2449072541832167,3.103845974329056
324,2022-04-05,NSE:REPL,228.0,228.0,220.8,221.89999,28760.0,-0.7824726484450101,1.2449072541832167
325,2022-04-06,NSE:REPL,220.0,230.0,220.0,226.75,93172.0,2.185673825402154,-0.7824726484450101
326,2022-04-07,NSE:REPL,229.0,230.0,224.5,226.3,44587.0,-0.19845644983461463,2.185673825402154
327,2022-04-08,NSE:REPL,226.3,228.5,223.55,224.25,21451.0,-0.9058771542200669,-0.19845644983461463
328,2022-04-11,NSE:REPL,227.89999,234.35001,221.64999,224.05,29920.0,-0.08918617614269281,-0.9058771542200669
329,2022-04-12,NSE:REPL,224.05,225.35001,220.0,222.64999,18652.0,-0.6248649854943132,-0.08918617614269281
330,2022-04-13,NSE:REPL,225.0,225.45,221.05,221.64999,13975.0,-0.4491354344996827,-0.6248649854943132
331,2022-04-18,NSE:REPL,220.05,221.60001,217.10001,218.3,16632.0,-1.511387390543077,-0.4491354344996827
332,2022-04-19,NSE:REPL,224.0,224.0,208.10001,213.89999,27261.0,-2.0155794777828717,-1.511387390543077
333,2022-04-20,NSE:REPL,217.0,217.7,211.2,212.64999,23732.0,-0.5843852540619567,-2.0155794777828717
334,2022-04-21,NSE:REPL,215.64999,217.2,209.0,210.3,26715.0,-1.105097630148015,-0.5843852540619567
335,2022-04-22,NSE:REPL,213.45,213.45,209.0,210.10001,18134.0,-0.09509747979078167,-1.105097630148015
336,2022-04-25,NSE:REPL,212.89999,213.45,209.0,209.64999,12243.0,-0.21419323111883476,-0.09509747979078167
337,2022-04-26,NSE:REPL,213.45,213.45,208.10001,209.25,14722.0,-0.1907894200233458,-0.21419323111883476
338,2022-04-27,NSE:REPL,206.95,212.0,206.0,207.55,13197.0,-0.8124253285543553,-0.1907894200233458
339,2022-04-28,NSE:REPL,210.64999,212.75,207.89999,209.0,7004.0,0.698626836906764,-0.8124253285543553
340,2022-04-29,NSE:REPL,211.5,211.5,206.75,207.75,17506.0,-0.5980861244019139,0.698626836906764
341,2022-05-02,NSE:REPL,210.39999,210.39999,205.2,206.55,11099.0,-0.5776173285198501,-0.5980861244019139
342,2022-05-04,NSE:REPL,210.5,210.5,195.25,201.7,27436.0,-2.3480997337206597,-0.5776173285198501
343,2022-05-05,NSE:REPL,202.10001,207.39999,195.64999,198.89999,16991.0,-1.3882052553296906,-2.3480997337206597
344,2022-05-06,NSE:REPL,195.0,215.89999,193.95,204.10001,65277.0,2.6143892717138875,-1.3882052553296906
345,2022-05-09,NSE:REPL,200.05,206.35001,198.75,201.10001,11912.0,-1.4698676398888957,2.6143892717138875
346,2022-05-10,NSE:REPL,201.10001,203.95,198.8,200.45,8789.0,-0.3232272340513603,-1.4698676398888957
347,2022-05-11,NSE:REPL,201.0,203.45,193.0,195.0,12665.0,-2.7188825143427233,-0.3232272340513603
348,2022-05-12,NSE:REPL,197.75,197.8,190.0,194.60001,16108.0,-0.2051230769230782,-2.7188825143427233
349,2022-05-13,NSE:REPL,197.45,204.45,195.0,197.7,5863.0,1.5930060846348317,-0.2051230769230782
350,2022-05-16,NSE:REPL,204.89999,204.89999,198.0,199.55,10667.0,0.9357612544259094,1.5930060846348317
351,2022-05-17,NSE:REPL,202.45,210.0,197.0,208.10001,18113.0,4.284645452267595,0.9357612544259094
352,2022-05-18,NSE:REPL,209.89999,209.89999,205.0,206.55,10950.0,-0.7448389839097009,4.284645452267595
353,2022-05-19,NSE:REPL,204.0,204.0,190.0,194.25,16812.0,-5.954974582425568,-0.7448389839097009
354,2022-05-20,NSE:REPL,198.0,201.0,192.7,193.5,10371.0,-0.3861003861003861,-5.954974582425568
355,2022-05-23,NSE:REPL,194.0,195.0,187.14999,189.0,16159.0,-2.3255813953488373,-0.3861003861003861
356,2022-05-24,NSE:REPL,190.25,190.25,175.55,177.39999,23282.0,-6.137571428571427,-2.3255813953488373
357,2022-05-25,NSE:REPL,180.05,182.0,168.0,168.85001,27016.0,-4.81960568317958,-6.137571428571427
358,2022-05-26,NSE:REPL,171.35001,175.45,163.7,165.05,21951.0,-2.2505240005612,-4.81960568317958
359,2022-05-27,NSE:REPL,172.0,183.8,165.64999,172.95,53288.0,4.7864283550439115,-2.2505240005612
360,2022-05-30,NSE:REPL,171.3,179.85001,171.3,176.7,16264.0,2.1682567215958373,4.7864283550439115
361,2022-05-31,NSE:REPL,178.85001,178.85001,169.0,171.14999,10463.0,-3.140922467458963,2.1682567215958373
362,2022-06-01,NSE:REPL,176.85001,176.85001,169.0,170.85001,10642.0,-0.17527316244657976,-3.140922467458963
363,2022-06-02,NSE:REPL,168.2,175.0,168.2,171.55,13877.0,0.4097102481878777,-0.17527316244657976
364,2022-06-03,NSE:REPL,174.0,176.0,170.10001,170.7,14385.0,-0.49548236665696455,0.4097102481878777
365,2022-06-06,NSE:REPL,173.85001,173.85001,168.14999,171.7,9391.0,0.5858230814294083,-0.49548236665696455
366,2022-06-07,NSE:REPL,171.7,174.8,169.05,173.95,4419.0,1.3104251601630752,0.5858230814294083
367,2022-06-08,NSE:REPL,174.95,174.95,171.64999,172.64999,10804.0,-0.7473469387755023,1.3104251601630752
368,2022-06-09,NSE:REPL,171.0,173.85001,168.05,169.14999,8256.0,-2.0272228223123556,-0.7473469387755023
369,2022-06-10,NSE:REPL,169.0,173.39999,168.0,172.8,3179.0,2.1578541033316108,-2.0272228223123556
370,2022-06-13,NSE:REPL,171.8,173.0,164.05,166.10001,14159.0,-3.8773090277777853,2.1578541033316108
371,2022-06-14,NSE:REPL,168.0,169.2,165.89999,167.60001,3627.0,0.9030703851252027,-3.8773090277777853
372,2022-06-15,NSE:REPL,169.60001,169.95,168.0,169.75,3675.0,1.282810185989847,0.9030703851252027
373,2022-06-16,NSE:REPL,174.5,174.5,165.10001,166.5,7235.0,-1.914580265095729,1.282810185989847
374,2022-06-17,NSE:REPL,168.85001,168.85001,155.25,157.5,31603.0,-5.405405405405405,-1.914580265095729
375,2022-06-20,NSE:REPL,164.7,164.7,153.0,156.89999,10994.0,-0.38095873015872855,-5.405405405405405
376,2022-06-21,NSE:REPL,162.89999,170.0,159.95,167.2,17400.0,6.56469767780099,-0.38095873015872855
377,2022-06-22,NSE:REPL,171.60001,174.0,166.0,169.75,10790.0,1.5251196172248873,6.56469767780099
378,2022-06-23,NSE:REPL,172.89999,176.85001,168.05,170.45,65091.0,0.4123711340206119,1.5251196172248873
379,2022-06-24,NSE:REPL,175.60001,175.60001,167.14999,170.10001,9754.0,-0.20533294221178716,0.4123711340206119
380,2022-06-27,NSE:REPL,172.64999,173.10001,166.2,168.05,6247.0,-1.2051792354391901,-0.20533294221178716
381,2022-06-28,NSE:REPL,169.95,174.7,169.75,173.95,3701.0,3.5108598631359573,-1.2051792354391901
382,2022-06-29,NSE:REPL,173.75,173.75,168.14999,168.75,5023.0,-2.989364759988496,3.5108598631359573
383,2022-06-30,NSE:REPL,169.5,172.75,165.25,168.60001,3307.0,-0.08888296296296445,-2.989364759988496
384,2022-07-01,NSE:REPL,168.64999,170.25,167.60001,168.35001,1775.0,-0.14827994375563797,-0.08888296296296445
385,2022-07-04,NSE:REPL,170.85001,175.0,168.5,173.95,7314.0,3.326397188809191,-0.14827994375563797
386,2022-07-05,NSE:REPL,175.0,177.25,167.0,170.14999,61939.0,-2.1845415349238206,3.326397188809191
387,2022-07-06,NSE:REPL,170.0,173.35001,165.95,168.35001,6103.0,-1.0578784048121337,-2.1845415349238206
388,2022-07-07,NSE:REPL,170.85001,174.5,169.5,172.89999,34940.0,2.70269066215084,-1.0578784048121337
389,2022-07-08,NSE:REPL,174.10001,175.0,170.2,170.85001,6937.0,-1.1856449500083863,2.70269066215084
390,2022-07-11,NSE:REPL,174.25,174.8,170.0,172.7,9506.0,1.082815271711129,-1.1856449500083863
391,2022-07-12,NSE:REPL,173.5,188.2,171.0,182.7,60864.0,5.790387955993052,1.082815271711129
392,2022-07-13,NSE:REPL,187.0,193.60001,182.0,186.89999,18401.0,2.298845101258902,5.790387955993052
393,2022-07-14,NSE:REPL,186.89999,189.5,177.0,180.25,6869.0,-3.5580472743738523,2.298845101258902
394,2022-07-15,NSE:REPL,180.3,184.95,180.10001,180.8,4834.0,0.30513176144244736,-3.5580472743738523
395,2022-07-18,NSE:REPL,183.45,185.2,180.0,180.64999,10940.0,-0.08297013274336773,0.30513176144244736
396,2022-07-19,NSE:REPL,183.0,184.89999,179.14999,180.5,7529.0,-0.08302795920442758,-0.08297013274336773
397,2022-07-20,NSE:REPL,183.0,184.0,175.85001,178.25,12391.0,-1.2465373961218837,-0.08302795920442758
398,2022-07-21,NSE:REPL,181.75,181.75,176.0,177.39999,7369.0,-0.4768639551192132,-1.2465373961218837
399,2022-07-22,NSE:REPL,179.89999,182.0,178.14999,180.7,7517.0,1.8602086730669973,-0.4768639551192132
400,2022-07-25,NSE:REPL,180.0,181.8,177.05,179.05,4688.0,-0.9131156613170877,1.8602086730669973
401,2022-07-26,NSE:REPL,181.39999,181.39999,172.55,174.8,9872.0,-2.373638648422228,-0.9131156613170877
402,2022-07-27,NSE:REPL,175.25,180.89999,175.25,180.60001,4550.0,3.318083524027452,-2.373638648422228
403,2022-07-28,NSE:REPL,183.25,183.7,177.5,179.14999,6945.0,-0.8028903209916739,3.318083524027452
404,2022-07-29,NSE:REPL,181.75,181.75,178.55,180.39999,4194.0,0.6977393635355491,-0.8028903209916739
405,2022-08-01,NSE:REPL,184.95,184.95,178.7,184.25,13719.0,2.134152003001773,0.6977393635355491
406,2022-08-02,NSE:REPL,185.7,185.7,179.0,180.35001,6597.0,-2.1166838534599743,2.134152003001773
407,2022-08-03,NSE:REPL,181.0,181.0,175.5,176.35001,8974.0,-2.217909497204907,-2.1166838534599743
408,2022-08-04,NSE:REPL,176.39999,179.89999,176.35001,177.60001,3576.0,0.7088176518957952,-2.217909497204907
409,2022-08-05,NSE:REPL,177.60001,181.89999,177.60001,180.8,4058.0,1.8017960697186974,0.7088176518957952
410,2022-08-08,NSE:REPL,180.8,182.45,177.3,179.2,8043.0,-0.8849557522124019,1.8017960697186974
411,2022-08-10,NSE:REPL,181.85001,204.89999,180.0,193.55,145632.0,8.007812500000014,-0.8849557522124019
412,2022-08-11,NSE:REPL,195.0,195.85001,186.25,189.14999,79832.0,-2.273319555670374,8.007812500000014
413,2022-08-12,NSE:REPL,190.5,193.75,187.0,191.05,33050.0,1.0044991279143123,-2.273319555670374
414,2022-08-16,NSE:REPL,193.8,194.89999,189.39999,192.10001,18879.0,0.5495995812614426,1.0044991279143123
415,2022-08-17,NSE:REPL,196.89999,196.89999,188.10001,190.0,11911.0,-1.0931857838008427,0.5495995812614426
416,2022-08-18,NSE:REPL,188.2,192.64999,185.0,185.89999,14757.0,-2.157899999999999,-1.0931857838008427
417,2022-08-19,NSE:REPL,187.45,192.5,184.7,189.85001,21183.0,2.1248091514152287,-2.157899999999999
418,2022-08-22,NSE:REPL,187.05,190.85001,184.3,184.95,8761.0,-2.5809901195159317,2.1248091514152287
419,2022-08-23,NSE:REPL,187.0,190.0,183.45,184.64999,17892.0,-0.16221140848877325,-2.5809901195159317
420,2022-08-24,NSE:REPL,183.0,185.85001,175.0,180.39999,279430.0,-2.301651898275218,-0.16221140848877325
421,2022-08-25,NSE:REPL,183.05,184.95,180.0,182.8,15506.0,1.3303825571165546,-2.301651898275218
422,2022-08-26,NSE:REPL,182.8,184.75,181.25,182.64999,17859.0,-0.08206236323851687,1.3303825571165546
423,2022-08-29,NSE:REPL,178.45,180.0,169.89999,176.10001,28317.0,-3.5860828681129435,-0.08206236323851687
424,2022-08-30,NSE:REPL,177.25,179.3,176.5,177.35001,12750.0,0.7098239233490106,-3.5860828681129435
425,2022-09-01,NSE:REPL,176.0,181.3,176.0,178.10001,15235.0,0.4228925614382542,0.7098239233490106
426,2022-09-02,NSE:REPL,180.5,180.64999,175.10001,177.75,21736.0,-0.19652441344612925,0.4228925614382542
427,2022-09-05,NSE:REPL,179.45,181.25,178.0,178.45,10433.0,0.393811533052033,-0.19652441344612925
428,2022-09-06,NSE:REPL,180.0,181.0,177.8,178.0,17537.0,-0.25217147660408445,0.393811533052033
429,2022-09-07,NSE:REPL,179.7,179.7,176.14999,177.10001,15889.0,-0.5056123595505632,-0.25217147660408445
430,2022-09-08,NSE:REPL,179.60001,179.60001,174.2,175.60001,16319.0,-0.8469790600237685,-0.5056123595505632
431,2022-09-09,NSE:REPL,176.0,178.0,173.95,174.7,13806.0,-0.5125341393773319,-0.8469790600237685
432,2022-09-12,NSE:REPL,177.0,178.0,176.0,176.8,11273.0,1.2020606754436307,-0.5125341393773319
433,2022-09-13,NSE:REPL,179.14999,179.2,157.35001,171.10001,61309.0,-3.2239762443438993,1.2020606754436307
434,2022-09-14,NSE:REPL,170.8,176.0,170.0,173.14999,17095.0,1.1981179895898342,-3.2239762443438993
435,2022-09-15,NSE:REPL,175.60001,175.60001,170.25,172.25,10000.0,-0.519774791786013,1.1981179895898342
436,2022-09-16,NSE:REPL,174.55,174.55,169.8,170.55,11400.0,-0.986937590711169,-0.519774791786013
437,2022-09-19,NSE:REPL,169.39999,172.95,166.0,168.55,14020.0,-1.1726766344180592,-0.986937590711169
438,2022-09-20,NSE:REPL,167.0,170.0,166.0,167.45,7438.0,-0.6526253337288772,-1.1726766344180592
439,2022-09-21,NSE:REPL,169.60001,185.89999,168.0,172.5,124778.0,3.0158256195879436,-0.6526253337288772
440,2022-09-22,NSE:REPL,173.14999,177.0,172.0,172.35001,22067.0,-0.08695072463768261,3.0158256195879436
441,2022-09-23,NSE:REPL,173.0,174.45,168.05,168.7,17285.0,-2.11778925919413,-0.08695072463768261
442,2022-09-26,NSE:REPL,170.25,170.95,165.0,166.35001,7975.0,-1.3929994072317673,-2.11778925919413
443,2022-09-27,NSE:REPL,168.75,168.75,163.0,164.60001,8663.0,-1.0519987344755795,-1.3929994072317673
444,2022-09-28,NSE:REPL,164.0,167.45,158.0,160.39999,11370.0,-2.5516523358655903,-1.0519987344755795
445,2022-09-29,NSE:REPL,166.0,166.0,155.25,157.60001,17055.0,-1.7456235502259103,-2.5516523358655903
446,2022-09-30,NSE:REPL,159.0,162.0,157.3,161.85001,8673.0,2.6967003365037856,-1.7456235502259103
447,2022-10-03,NSE:REPL,165.64999,165.64999,159.0,160.55,10474.0,-0.8032189803386396,2.6967003365037856
448,2022-10-04,NSE:REPL,162.95,163.39999,159.75,161.05,8629.0,0.311429461227032,-0.8032189803386396
449,2022-10-06,NSE:REPL,163.14999,163.14999,160.05,160.95,8327.0,-0.062092517851612995,0.311429461227032
450,2022-10-07,NSE:REPL,163.2,163.2,159.8,160.10001,14613.0,-0.5281081081081026,-0.062092517851612995
451,2022-10-10,NSE:REPL,161.5,161.5,160.0,160.8,6742.0,0.437220459886301,-0.5281081081081026
452,2022-10-11,NSE:REPL,161.8,163.2,158.55,159.3,13101.0,-0.9328358208955223,0.437220459886301
453,2022-10-12,NSE:REPL,160.95,164.95,157.39999,158.64999,16224.0,-0.40804143126177583,-0.9328358208955223
454,2022-10-13,NSE:REPL,160.35001,160.35001,155.5,156.55,11738.0,-1.3236622328182883,-0.40804143126177583
455,2022-10-14,NSE:REPL,158.85001,159.89999,157.0,158.95,12549.0,1.533056531459583,-1.3236622328182883
456,2022-10-17,NSE:REPL,159.89999,159.89999,154.60001,157.39999,8658.0,-0.9751557093425518,1.533056531459583
457,2022-10-18,NSE:REPL,155.5,159.60001,154.05,154.75,15474.0,-1.6836023941297598,-0.9751557093425518
458,2022-10-19,NSE:REPL,157.0,157.0,153.0,153.25,9407.0,-0.9693053311793215,-1.6836023941297598
459,2022-10-20,NSE:REPL,152.0,181.10001,152.0,172.60001,157654.0,12.6264339314845,-0.9693053311793215
460,2022-10-21,NSE:REPL,174.89999,177.45,169.0,170.85001,45682.0,-1.0139049238757287,12.6264339314845
461,2022-10-24,NSE:REPL,173.35001,177.95,171.10001,174.89999,6216.0,2.370488594059787,-1.0139049238757287
462,2022-10-25,NSE:REPL,176.0,176.0,169.5,170.7,6771.0,-2.4013666324394953,2.370488594059787
463,2022-10-27,NSE:REPL,171.10001,173.25,164.55,169.55,17417.0,-0.6736965436438063,-2.4013666324394953
464,2022-10-28,NSE:REPL,167.25,171.8,165.0,165.75,18239.0,-2.2412267767620238,-0.6736965436438063
465,2022-10-31,NSE:REPL,165.25,169.95,165.25,167.60001,15341.0,1.116144796380089,-2.2412267767620238
466,2022-11-01,NSE:REPL,167.5,167.95,165.85001,166.39999,9451.0,-0.7160023439139384,1.116144796380089
467,2022-11-02,NSE:REPL,169.0,169.64999,165.5,165.8,4370.0,-0.3605709351304595,-0.7160023439139384
468,2022-11-03,NSE:REPL,166.10001,167.8,164.05,164.64999,4579.0,-0.693612786489752,-0.3605709351304595
469,2022-11-04,NSE:REPL,162.14999,165.0,162.14999,163.3,12287.0,-0.8199150209483712,-0.693612786489752
470,2022-11-07,NSE:REPL,164.95,164.95,158.0,159.64999,23276.0,-2.2351561543172127,-0.8199150209483712
471,2022-11-09,NSE:REPL,163.89999,164.0,158.0,161.3,12999.0,1.0335171333239725,-2.2351561543172127
472,2022-11-10,NSE:REPL,162.05,164.75,160.3,162.60001,5898.0,0.8059578425294397,1.0335171333239725
473,2022-11-11,NSE:REPL,162.05,164.8,159.0,160.10001,6095.0,-1.5375152805956163,0.8059578425294397
474,2022-11-14,NSE:REPL,160.0,161.95,159.60001,160.64999,8337.0,0.34352277679433313,-1.5375152805956163
475,2022-11-15,NSE:REPL,161.05,161.05,157.0,158.25,7523.0,-1.4939247739760222,0.34352277679433313
476,2022-11-16,NSE:REPL,161.95,161.95,151.85001,156.7,16353.0,-0.9794628751974794,-1.4939247739760222
477,2022-11-17,NSE:REPL,159.39999,159.39999,155.0,156.14999,10861.0,-0.35099553286533897,-0.9794628751974794
478,2022-11-18,NSE:REPL,157.55,157.55,156.25,157.0,4432.0,0.5443548219247388,-0.35099553286533897
479,2022-11-21,NSE:REPL,157.75,159.25,153.0,156.75,9100.0,-0.15923566878980894,0.5443548219247388
480,2022-11-22,NSE:REPL,158.39999,158.39999,153.64999,155.64999,8430.0,-0.7017607655502377,-0.15923566878980894
481,2022-11-23,NSE:REPL,155.0,156.7,152.0,153.85001,9570.0,-1.1564279573676843,-0.7017607655502377
482,2022-11-24,NSE:REPL,156.05,156.05,151.0,153.0,9568.0,-0.5524926517716817,-1.1564279573676843
483,2022-11-25,NSE:REPL,152.0,155.95,152.0,153.85001,11003.0,0.5555620915032663,-0.5524926517716817
484,2022-11-28,NSE:REPL,153.85001,155.7,153.0,153.64999,14382.0,-0.13000974130583093,0.5555620915032663
485,2022-11-29,NSE:REPL,153.64999,157.64999,150.25,151.35001,13587.0,-1.4968956392382486,-0.13000974130583093
486,2022-11-30,NSE:REPL,152.0,153.2,150.0,150.7,23927.0,-0.4294746990766693,-1.4968956392382486
487,2022-12-01,NSE:REPL,152.95,152.95,150.0,150.89999,17999.0,0.13270736562708288,-0.4294746990766693
488,2022-12-02,NSE:REPL,153.75,154.0,150.0,150.3,30173.0,-0.3976077135591534,0.13270736562708288
489,2022-12-05,NSE:REPL,148.60001,155.0,148.60001,154.25,23435.0,2.6280771789753747,-0.3976077135591534
490,2022-12-06,NSE:REPL,156.2,158.0,151.14999,153.7,27367.0,-0.3565640194489539,2.6280771789753747
491,2022-12-07,NSE:REPL,151.5,154.95,149.89999,150.25,12785.0,-2.2446324007807346,-0.3565640194489539
492,2022-12-08,NSE:REPL,152.3,152.3,148.0,149.5,13719.0,-0.49916805324459235,-2.2446324007807346
493,2022-12-09,NSE:REPL,147.75,153.0,140.10001,144.39999,28672.0,-3.411377926421403,-0.49916805324459235
494,2022-12-12,NSE:REPL,143.95,151.5,142.05,150.05,16718.0,3.9127495784452675,-3.411377926421403
495,2022-12-13,NSE:REPL,148.60001,152.0,148.60001,151.05,7226.0,0.6664445184938353,3.9127495784452675
496,2022-12-14,NSE:REPL,150.10001,152.7,147.0,148.55,11848.0,-1.6550810989738496,0.6664445184938353
497,2022-12-15,NSE:REPL,150.0,151.85001,144.25,146.85001,11683.0,-1.1443890945809585,-1.6550810989738496
498,2022-12-16,NSE:REPL,145.10001,147.95,143.35001,145.60001,18537.0,-0.8512086584127573,-1.1443890945809585
499,2022-12-19,NSE:REPL,144.10001,147.2,144.10001,146.89999,9403.0,0.8928433452717518,-0.8512086584127573
500,2022-12-20,NSE:REPL,148.89999,148.89999,144.25,145.0,6336.0,-1.2933901493117885,0.8928433452717518
501,2022-12-21,NSE:REPL,144.0,146.89999,139.75,140.45,14051.0,-3.137931034482767,-1.2933901493117885
502,2022-12-22,NSE:REPL,141.0,141.95,137.0,138.35001,21946.0,-1.4951868992523967,-3.137931034482767
503,2022-12-23,NSE:REPL,140.0,140.0,130.0,131.95,27131.0,-4.6259555745605,-1.4951868992523967
504,2022-12-26,NSE:REPL,132.10001,139.45,131.60001,134.39999,16382.0,1.8567563471011854,-4.6259555745605
505,2022-12-27,NSE:REPL,136.35001,148.89999,134.8,142.55,22856.0,6.0639959869044695,1.8567563471011854
506,2022-12-28,NSE:REPL,142.0,144.45,138.10001,139.89999,10777.0,-1.859003858295341,6.0639959869044695
507,2022-12-29,NSE:REPL,139.89999,139.89999,138.0,138.55,3601.0,-0.964967903142803,-1.859003858295341
508,2022-12-30,NSE:REPL,140.55,140.55,135.60001,137.95,10599.0,-0.4330566582461369,-0.964967903142803
509,2023-01-02,NSE:REPL,139.95,141.5,138.8,140.05,9209.0,1.5222906850308249,-0.4330566582461369
510,2023-01-03,NSE:REPL,140.0,140.05,136.95,137.55,58154.0,-1.7850767583006066,1.5222906850308249
511,2023-01-04,NSE:REPL,137.55,139.2,135.85001,138.64999,12017.0,0.7997019265721491,-1.7850767583006066
512,2023-01-05,NSE:REPL,137.05,144.95,137.05,142.60001,11447.0,2.8489147384720295,0.7997019265721491
513,2023-01-06,NSE:REPL,143.7,143.7,138.0,138.89999,10152.0,-2.594684250022139,2.8489147384720295
514,2023-01-09,NSE:REPL,139.95,166.64999,139.95,161.85001,95628.0,16.522693774132016,-2.594684250022139
515,2023-01-10,NSE:REPL,162.0,166.0,154.05,154.95,38364.0,-4.263212588000463,16.522693774132016
516,2023-01-11,NSE:REPL,156.39999,156.39999,148.60001,150.39999,66063.0,-2.9364375605033795,-4.263212588000463
517,2023-01-12,NSE:REPL,149.95,150.35001,145.5,147.55,10240.0,-1.8949402855678321,-2.9364375605033795
518,2023-01-13,NSE:REPL,147.89999,162.0,146.10001,158.39999,34433.0,7.3534327346662085,-1.8949402855678321
519,2023-01-16,NSE:REPL,157.0,157.0,150.14999,151.10001,16534.0,-4.608573523268534,7.3534327346662085
520,2023-01-17,NSE:REPL,150.5,153.85001,149.7,151.89999,8607.0,0.5294374235977913,-4.608573523268534
521,2023-01-18,NSE:REPL,150.7,155.85001,149.0,153.14999,17224.0,0.8229098632593721,0.5294374235977913
522,2023-01-19,NSE:REPL,154.8,155.05,151.14999,153.10001,7600.0,-0.032634674021203014,0.8229098632593721
523,2023-01-20,NSE:REPL,152.2,160.0,150.8,156.55,16183.0,2.253422452421795,-0.032634674021203014
524,2023-01-23,NSE:REPL,156.5,158.89999,152.10001,154.10001,8757.0,-1.5649888214628003,2.253422452421795
525,2023-01-24,NSE:REPL,157.14999,157.14999,151.8,152.55,4384.0,-1.0058467874207058,-1.5649888214628003
526,2023-01-25,NSE:REPL,154.5,154.5,150.0,150.45,5438.0,-1.3765978367748426,-1.0058467874207058
527,2023-01-27,NSE:REPL,154.55,154.55,147.64999,149.95,6162.0,-0.33233632436025257,-1.3765978367748426
528,2023-01-30,NSE:REPL,148.35001,152.39999,147.25,148.5,9439.0,-0.9669889963321031,-0.33233632436025257
529,2023-01-31,NSE:REPL,146.14999,163.75,146.14999,159.14999,44757.0,7.1717104377104395,-0.9669889963321031
530,2023-02-01,NSE:REPL,161.0,162.25,152.2,152.7,18783.0,-4.052774367123751,7.1717104377104395
531,2023-02-02,NSE:REPL,152.7,154.39999,149.25,149.8,6763.0,-1.899148657498348,-4.052774367123751
532,2023-02-03,NSE:REPL,151.95,153.5,149.0,151.10001,9586.0,0.8678304405874406,-1.899148657498348
533,2023-02-06,NSE:REPL,152.2,155.45,150.0,150.39999,7981.0,-0.4632825636477423,0.8678304405874406
534,2023-02-07,NSE:REPL,150.3,152.5,145.05,146.85001,18985.0,-2.3603591994919713,-0.4632825636477423
535,2023-02-08,NSE:REPL,146.85001,149.05,144.10001,146.2,10955.0,-0.4426353120439072,-2.3603591994919713
536,2023-02-09,NSE:REPL,148.35001,162.0,146.05,158.35001,37201.0,8.31054035567716,-0.4426353120439072
537,2023-02-10,NSE:REPL,158.0,158.0,152.0,152.85001,15074.0,-3.473318378697924,8.31054035567716
538,2023-02-13,NSE:REPL,152.85001,152.85001,148.14999,150.35001,10454.0,-1.635590341145545,-3.473318378697924
539,2023-02-14,NSE:REPL,150.25,153.0,150.25,150.60001,10178.0,0.1662786720133906,-1.635590341145545
540,2023-02-15,NSE:REPL,153.0,153.0,145.35001,147.05,10081.0,-2.3572441993861664,0.1662786720133906
541,2023-02-16,NSE:REPL,149.14999,158.45,148.3,152.8,26151.0,3.910234614076844,-2.3572441993861664
542,2023-02-17,NSE:REPL,154.5,155.0,148.35001,149.60001,14497.0,-2.0942342931937263,3.910234614076844
543,2023-02-20,NSE:REPL,150.0,153.45,148.10001,148.85001,9600.0,-0.5013368648838995,-2.0942342931937263
544,2023-02-21,NSE:REPL,149.05,150.8,146.05,146.64999,15639.0,-1.4780113215981612,-0.5013368648838995
545,2023-02-22,NSE:REPL,149.89999,149.89999,142.25,144.14999,13067.0,-1.7047392911516734,-1.4780113215981612
546,2023-02-23,NSE:REPL,145.3,148.75,144.39999,146.05,2339.0,1.3180784820033695,-1.7047392911516734
547,2023-02-24,NSE:REPL,148.05,149.7,146.35001,146.7,2796.0,0.4450530640191559,1.3180784820033695
548,2023-02-27,NSE:REPL,146.7,148.64999,140.85001,142.14999,15160.0,-3.10157464212678,0.4450530640191559
549,2023-02-28,NSE:REPL,144.25,145.89999,141.10001,142.45,9617.0,0.21105172079152879,-3.10157464212678
550,2023-03-01,NSE:REPL,144.55,150.0,142.14999,147.75,13890.0,3.720603720603729,0.21105172079152879
551,2023-03-02,NSE:REPL,148.89999,150.25,145.25,148.5,11480.0,0.5076142131979695,3.720603720603729
552,2023-03-03,NSE:REPL,148.5,151.95,145.25,148.35001,13217.0,-0.1010033670033687,0.5076142131979695
553,2023-03-06,NSE:REPL,152.0,152.0,145.10001,146.0,8824.0,-1.5840983091271768,-0.1010033670033687
554,2023-03-08,NSE:REPL,147.89999,147.95,145.3,146.55,3228.0,0.37671232876713107,-1.5840983091271768
555,2023-03-09,NSE:REPL,147.3,147.7,144.05,144.75,14010.0,-1.2282497441146445,0.37671232876713107
556,2023-03-10,NSE:REPL,144.8,145.2,142.2,143.10001,9209.0,-1.1398894645941295,-1.2282497441146445
557,2023-03-13,NSE:REPL,144.05,144.2,138.25,139.14999,17172.0,-2.76032126063443,-1.1398894645941295
558,2023-03-14,NSE:REPL,141.14999,147.5,138.8,140.95,17096.0,1.2935753714391112,-2.76032126063443
559,2023-03-15,NSE:REPL,143.05,144.2,139.8,140.10001,11143.0,-0.6030436324937859,1.2935753714391112
560,2023-03-16,NSE:REPL,139.05,140.2,136.05,136.8,12634.0,-2.355467355070129,-0.6030436324937859
561,2023-03-17,NSE:REPL,138.85001,139.7,135.55,137.64999,18028.0,0.621337719298239,-2.355467355070129
562,2023-03-20,NSE:REPL,137.64999,142.45,135.0,140.10001,17845.0,1.779891157275053,0.621337719298239
563,2023-03-21,NSE:REPL,141.89999,142.0,134.0,136.60001,34621.0,-2.4982153819974746,1.779891157275053
564,2023-03-22,NSE:REPL,136.60001,138.95,136.60001,137.05,13130.0,0.329421644991105,-2.4982153819974746
565,2023-03-23,NSE:REPL,137.5,139.7,137.2,138.5,13260.0,1.0580080262677771,0.329421644991105
566,2023-03-24,NSE:REPL,138.05,140.95,137.05,139.10001,24479.0,0.4332202166064964,1.0580080262677771
567,2023-03-27,NSE:REPL,139.10001,139.10001,131.8,133.14999,53142.0,-4.2775122733636,0.4332202166064964
568,2023-03-28,NSE:REPL,135.05,136.2,132.0,135.39999,31634.0,1.689823634233844,-4.2775122733636
569,2023-03-29,NSE:REPL,135.25,137.35001,131.7,132.85001,48899.0,-1.8832940829611617,1.689823634233844
570,2023-03-31,NSE:REPL,132.2,138.0,132.2,135.0,43855.0,1.618358929743402,-1.8832940829611617
571,2023-04-03,NSE:REPL,136.0,142.0,135.35001,140.95,9147.0,4.407407407407399,1.618358929743402
572,2023-04-05,NSE:REPL,140.0,144.0,140.0,142.45,19220.0,1.0642071656615821,4.407407407407399
573,2023-04-06,NSE:REPL,142.45,158.64999,140.5,156.8,65064.0,10.07371007371009,1.0642071656615821
574,2023-04-10,NSE:REPL,156.0,164.5,156.0,161.14999,37112.0,2.774228316326525,10.07371007371009
575,2023-04-11,NSE:REPL,163.0,167.89999,161.10001,165.14999,39871.0,2.482159632774411,2.774228316326525
576,2023-04-12,NSE:REPL,165.75,165.8,159.0,160.0,17484.0,-3.1183713665377772,2.482159632774411
577,2023-04-13,NSE:REPL,158.95,160.89999,157.10001,158.60001,15486.0,-0.8749937500000017,-3.1183713665377772
578,2023-04-17,NSE:REPL,158.10001,160.0,155.14999,157.0,9346.0,-1.0088334798970047,-0.8749937500000017
579,2023-04-18,NSE:REPL,158.85001,160.39999,157.10001,159.75,6645.0,1.7515923566878981,-1.0088334798970047
580,2023-04-19,NSE:REPL,159.8,167.05,157.10001,162.89999,16046.0,1.971824726134587,1.7515923566878981
581,2023-04-20,NSE:REPL,165.0,184.89999,159.5,176.75,131015.0,8.502155218057409,1.971824726134587
582,2023-04-21,NSE:REPL,178.0,184.0,170.14999,182.5,83647.0,3.253182461103253,8.502155218057409
583,2023-04-24,NSE:REPL,186.85001,197.89999,186.85001,193.10001,124425.0,5.808224657534245,3.253182461103253
584,2023-04-25,NSE:REPL,195.0,204.0,190.8,197.7,114931.0,2.382180094138779,5.808224657534245
585,2023-04-26,NSE:REPL,200.5,205.0,197.7,198.14999,49253.0,0.22761254425898528,2.382180094138779
586,2023-04-27,NSE:REPL,203.0,204.95,183.95,188.8,87837.0,-4.7186426807288715,0.22761254425898528
587,2023-04-28,NSE:REPL,188.8,190.89999,182.0,183.14999,53146.0,-2.992590042372886,-4.7186426807288715
588,2023-05-02,NSE:REPL,179.05,185.85001,178.3,182.25,17789.0,-0.4913950582252298,-2.992590042372886
589,2023-05-03,NSE:REPL,182.05,184.95,177.5,179.14999,7527.0,-1.7009657064471866,-0.4913950582252298
590,2023-05-04,NSE:REPL,179.14999,188.35001,179.14999,184.39999,11834.0,2.9305053268493064,-1.7009657064471866
591,2023-05-05,NSE:REPL,185.0,186.5,181.10001,181.60001,4397.0,-1.5184274142314242,2.9305053268493064
592,2023-05-08,NSE:REPL,181.8,186.5,181.8,183.10001,18762.0,0.825991143943219,-1.5184274142314242
593,2023-05-09,NSE:REPL,185.75,187.5,182.0,182.8,11491.0,-0.16385034604858084,0.825991143943219
594,2023-05-10,NSE:REPL,182.0,184.7,181.14999,183.85001,11509.0,0.5744037199124651,-0.16385034604858084
595,2023-05-11,NSE:REPL,185.5,185.5,180.35001,182.60001,8492.0,-0.6799020571171033,0.5744037199124651
596,2023-05-12,NSE:REPL,182.60001,184.0,181.0,181.64999,6460.0,-0.5202737940704357,-0.6799020571171033
597,2023-05-15,NSE:REPL,183.95,183.95,180.0,180.45,13797.0,-0.6606055965100873,-0.5202737940704357
598,2023-05-16,NSE:REPL,186.0,188.0,183.55,184.95,22491.0,2.493765586034913,-0.6606055965100873
599,2023-05-17,NSE:REPL,185.5,192.85001,184.0,189.8,57100.0,2.6223303595566496,2.493765586034913
600,2023-05-18,NSE:REPL,191.5,193.39999,187.10001,188.55,43266.0,-0.6585879873551106,2.6223303595566496
601,2023-05-19,NSE:REPL,192.0,192.0,184.39999,186.0,25567.0,-1.352426412092289,-0.6585879873551106
602,2023-05-22,NSE:REPL,189.5,189.5,184.25,185.3,18927.0,-0.37634408602149927,-1.352426412092289
603,2023-05-23,NSE:REPL,184.10001,188.89999,184.0,185.55,20238.0,0.13491635186184567,-0.37634408602149927
604,2023-05-24,NSE:REPL,183.0,188.0,182.3,185.05,26011.0,-0.26946914578280784,0.13491635186184567
605,2023-05-25,NSE:REPL,183.25,183.25,176.55,177.14999,39118.0,-4.269121858957043,-0.26946914578280784
606,2023-05-26,NSE:REPL,177.39999,179.95,173.35001,174.7,12690.0,-1.38300318278314,-4.269121858957043
607,2023-05-29,NSE:REPL,173.0,177.8,173.0,176.55,13590.0,1.0589582140812954,-1.38300318278314
608,2023-05-30,NSE:REPL,176.55,176.55,171.60001,172.05,8751.0,-2.548853016142736,1.0589582140812954
609,2023-05-31,NSE:REPL,170.3,174.45,168.89999,171.35001,13924.0,-0.4068526591107317,-2.548853016142736
610,2023-06-01,NSE:REPL,171.35001,173.2,168.0,169.2,12593.0,-1.254747519419467,-0.4068526591107317
611,2023-06-02,NSE:REPL,168.3,180.0,165.35001,177.05,56674.0,4.639479905437366,-1.254747519419467
612,2023-06-05,NSE:REPL,179.64999,181.0,174.10001,175.25,17763.0,-1.0166619598983402,4.639479905437366
613,2023-06-06,NSE:REPL,178.85001,178.85001,173.55,176.0,9718.0,0.42796005706134094,-1.0166619598983402
614,2023-06-07,NSE:REPL,176.64999,178.45,175.5,176.10001,9958.0,0.05682386363636221,0.42796005706134094
615,2023-06-08,NSE:REPL,176.60001,178.45,175.25,176.10001,9221.0,0.0,0.05682386363636221
616,2023-06-09,NSE:REPL,177.7,177.8,173.25,174.3,15249.0,-1.022152128213954,0.0
617,2023-06-12,NSE:REPL,176.60001,176.60001,167.10001,171.2,20050.0,-1.778542742398177,-1.022152128213954
618,2023-06-13,NSE:REPL,171.0,174.35001,170.10001,171.14999,9375.0,-0.029211448598122736,-1.778542742398177
619,2023-06-14,NSE:REPL,177.7,177.7,172.0,172.35001,8879.0,0.7011510780690055,-0.029211448598122736
620,2023-06-15,NSE:REPL,173.8,175.55,168.95,171.39999,21218.0,-0.5512155177710724,0.7011510780690055
621,2023-06-16,NSE:REPL,171.64999,173.8,170.0,170.64999,9383.0,-0.4375729543508141,-0.5512155177710724
622,2023-06-19,NSE:REPL,170.75,172.7,167.89999,170.2,21375.0,-0.2636917822263065,-0.4375729543508141
623,2023-06-20,NSE:REPL,172.45,172.5,168.64999,169.55,10045.0,-0.38190364277319466,-0.2636917822263065
624,2023-06-21,NSE:REPL,171.55,175.45,169.0,173.25,28331.0,2.182247124741957,-0.38190364277319466
625,2023-06-22,NSE:REPL,174.5,175.05,171.10001,171.89999,10477.0,-0.7792265512265498,2.182247124741957
626,2023-06-23,NSE:REPL,171.10001,173.45,168.60001,169.95,8926.0,-1.1343747024069133,-0.7792265512265498
627,2023-06-26,NSE:REPL,172.35001,172.35001,167.10001,168.05,6704.0,-1.1179758752574154,-1.1343747024069133
628,2023-06-27,NSE:REPL,167.0,172.85001,167.0,169.14999,11206.0,0.6545611425171026,-1.1179758752574154
629,2023-06-28,NSE:REPL,170.75,174.05,169.2,173.55,15188.0,2.601247567321765,0.6545611425171026
630,2023-06-30,NSE:REPL,173.0,176.85001,171.39999,175.05,24656.0,0.8643042350907518,2.601247567321765
631,2023-07-03,NSE:REPL,175.05,176.05,171.10001,172.3,11921.0,-1.570979720079977,0.8643042350907518
632,2023-07-04,NSE:REPL,172.3,173.0,160.0,170.8,31085.0,-0.8705745792222866,-1.570979720079977
633,2023-07-05,NSE:REPL,172.0,173.85001,169.8,171.2,11620.0,0.23419203747071268,-0.8705745792222866
634,2023-07-06,NSE:REPL,170.55,172.8,165.55,172.0,44201.0,0.4672897196261749,0.23419203747071268
635,2023-07-07,NSE:REPL,172.0,172.95,167.05,171.05,16535.0,-0.5523255813953423,0.4672897196261749
636,2023-07-10,NSE:REPL,170.0,173.89999,169.35001,172.05,28688.0,0.5846243788365975,-0.5523255813953423
637,2023-07-11,NSE:REPL,172.0,182.89999,171.3,181.2,63980.0,5.318221447253692,0.5846243788365975
638,2023-07-12,NSE:REPL,184.5,184.75,178.75,180.10001,43550.0,-0.6070584988962424,5.318221447253692
639,2023-07-13,NSE:REPL,182.75,182.75,178.14999,179.85001,19923.0,-0.13881176353071828,-0.6070584988962424
640,2023-07-14,NSE:REPL,181.89999,182.75,179.39999,182.05,31815.0,1.2232359620107967,-0.13881176353071828
641,2023-07-17,NSE:REPL,184.0,184.7,179.3,183.95,31334.0,1.0436693216149284,1.2232359620107967
642,2023-07-18,NSE:REPL,184.0,194.3,180.8,186.75,78013.0,1.522152758901882,1.0436693216149284
643,2023-07-19,NSE:REPL,188.5,205.0,186.10001,202.7,186069.0,8.540829986613113,1.522152758901882
644,2023-07-20,NSE:REPL,209.0,211.39999,202.8,204.3,114260.0,0.7893438579181169,8.540829986613113
645,2023-07-21,NSE:REPL,200.75,208.95,200.05,201.60001,31910.0,-1.3215810083211033,0.7893438579181169
646,2023-07-24,NSE:REPL,206.0,206.8,196.25,197.39999,28031.0,-2.0833431506278175,-1.3215810083211033
647,2023-07-25,NSE:REPL,199.0,199.0,189.0,190.0,36568.0,-3.748728660016651,-2.0833431506278175
648,2023-07-26,NSE:REPL,190.05,192.35001,187.0,187.95,15542.0,-1.0789473684210587,-3.748728660016651
649,2023-07-27,NSE:REPL,189.0,192.95,186.05,189.2,17713.0,0.6650704974727322,-1.0789473684210587
650,2023-07-28,NSE:REPL,190.0,192.60001,185.3,187.25,17176.0,-1.0306553911205014,0.6650704974727322
651,2023-07-31,NSE:REPL,190.05,204.8,186.05,193.39999,98571.0,3.284373831775702,-1.0306553911205014
652,2023-08-01,NSE:REPL,192.95,201.3,192.55,197.10001,38675.0,1.913143842458314,3.284373831775702
653,2023-08-02,NSE:REPL,199.45,199.45,190.10001,192.75,20752.0,-2.207006483662785,1.913143842458314
654,2023-08-03,NSE:REPL,193.0,194.75,189.3,191.5,8420.0,-0.648508430609598,-2.207006483662785
655,2023-08-04,NSE:REPL,194.45,194.95,187.5,189.85001,22201.0,-0.8616135770234999,-0.648508430609598
656,2023-08-07,NSE:REPL,194.0,194.5,186.5,187.55,39344.0,-1.2114879530425025,-0.8616135770234999
657,2023-08-08,NSE:REPL,194.0,194.0,187.05,188.05,21456.0,0.26659557451346305,-1.2114879530425025
658,2023-08-09,NSE:REPL,189.5,189.85001,186.0,186.60001,8551.0,-0.7710662057963381,0.26659557451346305
659,2023-08-10,NSE:REPL,188.0,191.0,183.5,185.14999,12920.0,-0.7770739133400877,-0.7710662057963381
660,2023-08-11,NSE:REPL,185.14999,187.05,177.64999,179.35001,15104.0,-3.1325845602260123,-0.7770739133400877
661,2023-08-14,NSE:REPL,178.55,184.5,178.3,181.39999,21083.0,1.1430052331750664,-3.1325845602260123
662,2023-08-16,NSE:REPL,183.95,183.95,176.7,181.14999,10754.0,-0.13781698664922748,1.1430052331750664
663,2023-08-17,NSE:REPL,188.5,189.0,179.10001,181.89999,5400.0,0.41402155197469237,-0.13781698664922748
664,2023-08-18,NSE:REPL,184.60001,184.60001,179.64999,180.95,11682.0,-0.5222595119439061,0.41402155197469237
665,2023-08-21,NSE:REPL,178.5,194.45,178.0,185.25,45373.0,2.376347057198127,-0.5222595119439061
666,2023-08-22,NSE:REPL,187.89999,188.95,185.35001,188.10001,16174.0,1.5384669365721984,2.376347057198127
667,2023-08-23,NSE:REPL,188.05,192.0,185.45,187.05,31367.0,-0.5582190027528368,1.5384669365721984
668,2023-08-24,NSE:REPL,185.25,189.64999,183.14999,188.05,28984.0,0.5346164127238706,-0.5582190027528368
669,2023-08-25,NSE:REPL,188.45,188.45,181.64999,186.75,33206.0,-0.6913055038553636,0.5346164127238706
670,2023-08-28,NSE:REPL,185.0,190.0,183.60001,188.60001,31910.0,0.990634538152609,-0.6913055038553636
671,2023-08-29,NSE:REPL,188.64999,193.95,185.8,190.45,58795.0,0.9809066287960383,0.990634538152609
672,2023-08-30,NSE:REPL,193.75,193.95,185.05,187.3,44110.0,-1.6539774218954986,0.9809066287960383
673,2023-08-31,NSE:REPL,189.60001,189.60001,184.10001,185.05,15697.0,-1.2012813667912439,-1.6539774218954986
674,2023-09-01,NSE:REPL,185.05,186.75,183.05,185.85001,28705.0,0.4323209943258503,-1.2012813667912439
675,2023-09-04,NSE:REPL,186.10001,188.14999,183.05,184.95,16680.0,-0.48426685583713924,0.4323209943258503
676,2023-09-05,NSE:REPL,186.64999,188.5,183.0,185.0,22566.0,0.027034333603682816,-0.48426685583713924
677,2023-09-06,NSE:REPL,185.05,186.25,181.89999,183.05,18958.0,-1.054054054054048,0.027034333603682816
678,2023-09-07,NSE:REPL,183.05,186.0,181.35001,184.10001,14621.0,0.5736192297186484,-1.054054054054048
679,2023-09-08,NSE:REPL,184.64999,204.95,183.55,201.75,141576.0,9.587174927366926,0.5736192297186484
680,2023-09-11,NSE:REPL,203.95,207.89999,197.0,203.55,88473.0,0.8921933085501914,9.587174927366926
681,2023-09-12,NSE:REPL,203.0,207.89999,187.05,188.95,40135.0,-7.17268484401868,0.8921933085501914
682,2023-09-13,NSE:REPL,189.0,196.10001,185.8,194.0,27785.0,2.6726647261180267,-7.17268484401868
683,2023-09-14,NSE:REPL,198.0,198.0,191.0,193.35001,11057.0,-0.3350463917525786,2.6726647261180267
684,2023-09-15,NSE:REPL,193.39999,195.5,188.2,194.7,22281.0,0.6982104629836797,-0.3350463917525786
685,2023-09-18,NSE:REPL,192.39999,194.89999,188.60001,190.35001,17871.0,-2.2342013353877714,0.6982104629836797
686,2023-09-20,NSE:REPL,191.35001,192.85001,182.89999,184.10001,50499.0,-3.2834250967467775,-2.2342013353877714
687,2023-09-21,NSE:REPL,187.39999,191.0,184.95,189.5,14980.0,2.9331828933632336,-3.2834250967467775
688,2023-09-22,NSE:REPL,189.89999,190.89999,185.8,188.60001,20408.0,-0.47492875989446043,2.9331828933632336
689,2023-09-25,NSE:REPL,186.60001,191.0,183.5,184.64999,26153.0,-2.0943901328531185,-0.47492875989446043
690,2023-09-26,NSE:REPL,187.39999,189.14999,184.39999,185.35001,18295.0,0.37910643807778976,-2.0943901328531185
691,2023-09-27,NSE:REPL,184.25,187.95,183.05,185.14999,15132.0,-0.10791475004506068,0.37910643807778976
692,2023-09-28,NSE:REPL,185.39999,191.89999,184.14999,186.60001,19031.0,0.7831596426227163,-0.10791475004506068
693,2023-09-29,NSE:REPL,186.60001,190.75,186.0,187.35001,20689.0,0.40192923891054455,0.7831596426227163
694,2023-10-03,NSE:REPL,185.64999,189.85001,179.95,181.64999,56553.0,-3.0424444599709366,0.40192923891054455
695,2023-10-04,NSE:REPL,181.0,184.89999,178.3,180.7,51193.0,-0.5229782836762138,-3.0424444599709366
696,2023-10-05,NSE:REPL,184.7,184.7,181.8,183.3,7536.0,1.4388489208633222,-0.5229782836762138
697,2023-10-06,NSE:REPL,184.45,189.8,181.5,188.3,42999.0,2.7277686852154934,1.4388489208633222
698,2023-10-09,NSE:REPL,186.10001,186.10001,182.05,182.85001,47038.0,-2.894312267658,2.7277686852154934
699,2023-10-10,NSE:REPL,184.89999,191.05,182.5,189.95,39704.0,3.88295849696699,-2.894312267658
700,2023-10-11,NSE:REPL,194.8,194.8,185.55,186.3,22608.0,-1.9215583048170453,3.88295849696699
701,2023-10-12,NSE:REPL,189.0,190.39999,185.60001,187.60001,25416.0,0.6978046162104058,-1.9215583048170453
702,2023-10-13,NSE:REPL,186.5,189.7,185.64999,187.0,13847.0,-0.31983473774868004,0.6978046162104058
703,2023-10-16,NSE:REPL,191.39999,191.39999,185.95,188.14999,26937.0,0.6149679144385041,-0.31983473774868004
704,2023-10-17,NSE:REPL,186.5,208.2,186.5,200.60001,222283.0,6.617071837208173,0.6149679144385041
705,2023-10-18,NSE:REPL,202.89999,204.89999,196.10001,197.45,83209.0,-1.5702940393672011,6.617071837208173
706,2023-10-19,NSE:REPL,201.0,201.75,196.35001,200.10001,42218.0,1.3421169916434585,-1.5702940393672011
707,2023-10-20,NSE:REPL,201.0,204.55,195.8,201.8,62824.0,0.8495701724352807,1.3421169916434585
708,2023-10-23,NSE:REPL,201.8,207.2,194.0,196.89999,94949.0,-2.428151635282462,0.8495701724352807
709,2023-10-25,NSE:REPL,195.2,199.14999,191.0,198.05,52054.0,0.5840579270725249,-2.428151635282462
710,2023-10-26,NSE:REPL,199.5,199.5,185.95,193.55,61018.0,-2.2721534965917694,0.5840579270725249
711,2023-10-27,NSE:REPL,194.95,219.8,194.0,215.60001,405219.0,11.392410229914743,-2.2721534965917694
712,2023-10-30,NSE:REPL,224.89999,231.75,218.25,220.3,693916.0,2.1799581549184595,11.392410229914743
713,2023-10-31,NSE:REPL,222.39999,224.8,215.0,216.60001,104574.0,-1.679523377212898,2.1799581549184595
714,2023-11-01,NSE:REPL,218.5,223.64999,212.14999,213.64999,90718.0,-1.361966696123419,-1.679523377212898
715,2023-11-02,NSE:REPL,216.89999,223.0,216.2,219.05,92563.0,2.5275030436462966,-1.361966696123419
716,2023-11-03,NSE:REPL,227.0,232.25,221.0,223.2,206981.0,1.8945446245149404,2.5275030436462966
717,2023-11-06,NSE:REPL,226.55,226.55,215.35001,220.95,95061.0,-1.0080645161290323,1.8945446245149404
718,2023-11-07,NSE:REPL,220.95,222.89999,215.5,218.14999,50065.0,-1.2672595609866424,-1.0080645161290323
719,2023-11-08,NSE:REPL,221.39999,222.39999,217.0,218.75,26200.0,0.27504470662593083,-1.2672595609866424
720,2023-11-09,NSE:REPL,218.8,218.8,210.05,214.10001,50091.0,-2.1257097142857155,0.27504470662593083
721,2023-11-10,NSE:REPL,215.10001,218.85001,209.8,210.25,39640.0,-1.7982297151690922,-2.1257097142857155
722,2023-11-12,NSE:REPL,211.6,217.45,211.6,214.95,17289.0,2.2354340071343586,-1.7982297151690922
723,2023-11-13,NSE:REPL,214.75,219.75,208.35001,215.0,50752.0,0.023261223540363512,2.2354340071343586
724,2023-11-15,NSE:REPL,215.14999,218.14999,211.0,211.60001,36051.0,-1.5813906976744199,0.023261223540363512
725,2023-11-16,NSE:REPL,213.64999,218.95,212.05,214.95,47494.0,1.5831710026856762,-1.5813906976744199
726,2023-11-17,NSE:REPL,217.95,217.95,211.60001,214.0,31187.0,-0.441963247266801,1.5831710026856762
727,2023-11-20,NSE:REPL,212.25,224.0,212.25,220.25,75175.0,2.9205607476635516,-0.441963247266801
728,2023-11-21,NSE:REPL,223.89999,223.89999,215.0,215.85001,49841.0,-1.9977253121452907,2.9205607476635516
729,2023-11-22,NSE:REPL,215.55,217.85001,213.10001,214.55,23921.0,-0.6022746999177745,-1.9977253121452907
730,2023-11-23,NSE:REPL,216.89999,217.95,214.10001,215.05,17049.0,0.2330459100442787,-0.6022746999177745
731,2023-11-24,NSE:REPL,219.95,235.7,219.85001,228.25,451927.0,6.13810741687979,0.2330459100442787
732,2023-11-28,NSE:REPL,228.5,235.0,226.5,234.0,103238.0,2.5191675794085433,6.13810741687979
733,2023-11-29,NSE:REPL,233.0,234.45,227.05,228.64999,75998.0,-2.286329059829059,2.5191675794085433
734,2023-11-30,NSE:REPL,229.89999,230.35001,225.0,225.85001,23984.0,-1.2245703575145597,-2.286329059829059
735,2023-12-01,NSE:REPL,223.8,226.8,218.10001,220.0,40279.0,-2.5902190573292416,-1.2245703575145597
736,2023-12-04,NSE:REPL,225.89999,229.95,219.0,224.64999,55432.0,2.1136318181818194,-2.5902190573292416
737,2023-12-05,NSE:REPL,226.39999,227.14999,216.35001,221.0,41378.0,-1.6247452314598378,2.1136318181818194
738,2023-12-06,NSE:REPL,222.2,222.2,216.75,218.25,32570.0,-1.244343891402715,-1.6247452314598378
739,2023-12-07,NSE:REPL,217.95,221.7,216.35001,217.05,33305.0,-0.5498281786941528,-1.244343891402715
740,2023-12-08,NSE:REPL,217.45,222.10001,215.60001,218.64999,42421.0,0.7371527297857595,-0.5498281786941528
741,2023-12-11,NSE:REPL,220.0,220.0,212.75,214.7,44357.0,-1.8065356417350003,0.7371527297857595
742,2023-12-12,NSE:REPL,215.5,218.2,211.25,213.55,24093.0,-0.5356311131811725,-1.8065356417350003
743,2023-12-13,NSE:REPL,213.7,215.45,210.25,211.39999,21023.0,-1.0067946616717438,-0.5356311131811725
744,2023-12-14,NSE:REPL,213.0,221.95,212.10001,216.2,34262.0,2.2705819427900567,-1.0067946616717438
745,2023-12-15,NSE:REPL,215.0,217.39999,212.14999,213.64999,28823.0,-1.1794680851063766,2.2705819427900567
746,2023-12-18,NSE:REPL,212.0,216.0,209.0,211.10001,24378.0,-1.1935315325781224,-1.1794680851063766
747,2023-12-19,NSE:REPL,212.2,216.7,209.89999,210.8,21976.0,-0.14211747313512024,-1.1935315325781224
748,2023-12-20,NSE:REPL,211.89999,214.05,194.10001,199.25,58155.0,-5.4791271347248625,-0.14211747313512024
749,2023-12-21,NSE:REPL,200.2,207.0,199.64999,204.60001,25203.0,2.685074027603512,-5.4791271347248625
750,2023-12-22,NSE:REPL,204.60001,211.3,203.10001,209.7,27899.0,2.4926636122842765,2.685074027603512
751,2023-12-26,NSE:REPL,209.0,209.39999,202.05,202.60001,32386.0,-3.385784453981875,2.4926636122842765
752,2023-12-27,NSE:REPL,203.60001,205.14999,196.55,200.0,25113.0,-1.2833217530443348,-3.385784453981875
753,2023-12-28,NSE:REPL,200.0,214.85001,200.0,205.14999,48963.0,2.5749950000000013,-1.2833217530443348
754,2023-12-29,NSE:REPL,206.2,209.25,203.10001,204.75,15644.0,-0.19497441847304137,2.5749950000000013
755,2024-01-01,NSE:REPL,207.0,207.0,200.95,202.0,13227.0,-1.3431013431013432,-0.19497441847304137
756,2024-01-02,NSE:REPL,206.0,206.0,198.5,201.89999,22486.0,-0.04950990099009776,-1.3431013431013432
757,2024-01-03,NSE:REPL,201.0,208.5,201.0,204.3,19490.0,1.1887122926553928,-0.04950990099009776
758,2024-01-04,NSE:REPL,205.14999,206.10001,202.64999,204.05,11440.0,-0.12236906510034262,1.1887122926553928
759,2024-01-05,NSE:REPL,205.10001,209.60001,202.8,206.3,25302.0,1.1026709139916686,-0.12236906510034262
760,2024-01-08,NSE:REPL,205.5,206.60001,201.95,202.60001,12433.0,-1.7934997576345195,1.1026709139916686
761,2024-01-09,NSE:REPL,202.75,205.7,198.95,200.2,20469.0,-1.1846050747973846,-1.7934997576345195
762,2024-01-10,NSE:REPL,200.55,204.85001,198.10001,200.60001,30700.0,0.19980519480519923,-1.1846050747973846
763,2024-01-11,NSE:REPL,200.45,204.0,199.55,202.05,21954.0,0.7228264844054664,0.19980519480519923
764,2024-01-12,NSE:REPL,203.0,212.0,203.0,204.39999,53983.0,1.1630734966592382,0.7228264844054664
765,2024-01-15,NSE:REPL,207.0,207.0,198.85001,200.75,25659.0,-1.7857094807098584,1.1630734966592382
766,2024-01-16,NSE:REPL,200.14999,204.45,197.05,198.60001,30794.0,-1.0709788293897895,-1.7857094807098584
767,2024-01-17,NSE:REPL,199.0,206.3,196.60001,199.8,32131.0,0.6042245415798387,-1.0709788293897895
768,2024-01-18,NSE:REPL,200.8,205.0,194.60001,196.7,38464.0,-1.551551551551563,0.6042245415798387
769,2024-01-19,NSE:REPL,198.35001,204.5,197.3,201.75,32466.0,2.567361464158623,-1.551551551551563
770,2024-01-20,NSE:REPL,202.8,202.95,195.39999,199.25,29460.0,-1.2391573729863694,2.567361464158623
771,2024-01-23,NSE:REPL,199.25,201.95,192.0,193.45,25362.0,-2.910915934755338,-1.2391573729863694
772,2024-01-24,NSE:REPL,193.45,199.14999,189.0,193.35001,26913.0,-0.051687774618759966,-2.910915934755338
773,2024-01-25,NSE:REPL,195.0,197.7,191.39999,195.45,16876.0,1.0861080379566523,-0.051687774618759966
774,2024-01-29,NSE:REPL,199.89999,200.8,194.25,197.05,28316.0,0.8186236889230099,1.0861080379566523
775,2024-01-30,NSE:REPL,197.05,205.05,193.60001,199.39999,45136.0,1.1925856381628983,0.8186236889230099
776,2024-01-31,NSE:REPL,198.0,203.45,198.0,202.64999,22689.0,1.6298897507467276,1.1925856381628983
777,2024-02-01,NSE:REPL,203.7,203.7,198.0,198.7,15900.0,-1.9491686133317914,1.6298897507467276
778,2024-02-02,NSE:REPL,198.05,201.45,196.55,197.7,13496.0,-0.5032712632108707,-1.9491686133317914
779,2024-02-05,NSE:REPL,199.95,199.95,195.0,195.2,20805.0,-1.2645422357106728,-0.5032712632108707
780,2024-02-06,NSE:REPL,195.25,197.55,191.35001,193.55,11243.0,-0.8452868852458901,-1.2645422357106728
781,2024-02-07,NSE:REPL,194.5,201.0,194.0,196.14999,21243.0,1.3433169723585592,-0.8452868852458901
782,2024-02-08,NSE:REPL,198.95,199.35001,195.0,196.55,15424.0,0.20393067570383705,1.3433169723585592
783,2024-02-09,NSE:REPL,197.10001,197.5,192.5,195.25,14636.0,-0.6614093106079936,0.20393067570383705
784,2024-02-12,NSE:REPL,194.0,197.89999,185.7,188.35001,26968.0,-3.5339257362355965,-0.6614093106079936
785,2024-02-13,NSE:REPL,190.95,191.45,181.75,184.14999,29337.0,-2.22990166021228,-3.5339257362355965
786,2024-02-14,NSE:REPL,182.3,191.0,182.3,190.5,14738.0,3.448281479678602,-2.22990166021228
787,2024-02-15,NSE:REPL,191.0,197.45,190.60001,192.39999,28032.0,0.9973700787401588,3.448281479678602
788,2024-02-16,NSE:REPL,193.3,196.39999,192.0,193.2,18284.0,0.4158056349171256,0.9973700787401588
789,2024-02-19,NSE:REPL,191.39999,198.0,191.39999,196.55,22974.0,1.7339544513457674,0.4158056349171256
790,2024-02-20,NSE:REPL,196.55,196.7,193.39999,194.05,11432.0,-1.271940981938438,1.7339544513457674
791,2024-02-21,NSE:REPL,196.7,200.0,196.14999,197.7,34665.0,1.8809585158464193,-1.271940981938438
792,2024-02-22,NSE:REPL,197.7,229.0,195.60001,223.7,377042.0,13.151239251390997,1.8809585158464193
793,2024-02-23,NSE:REPL,226.39999,238.95,217.55,223.60001,328728.0,-0.044698256593648254,13.151239251390997
794,2024-02-26,NSE:REPL,226.89999,226.89999,214.0,216.14999,51319.0,-3.3318513715629954,-0.044698256593648254
795,2024-02-27,NSE:REPL,217.0,222.7,212.64999,214.85001,32244.0,-0.6014249642111966,-3.3318513715629954
796,2024-02-28,NSE:REPL,216.39999,217.85001,206.39999,207.89999,40207.0,-3.2348241454584965,-0.6014249642111966
797,2024-02-29,NSE:REPL,208.89999,215.0,205.10001,207.75,26236.0,-0.0721452656154541,-3.2348241454584965
798,2024-03-01,NSE:REPL,208.10001,212.0,206.05,210.7,20640.0,1.4199759326113062,-0.0721452656154541
799,2024-03-02,NSE:REPL,208.05,214.39999,208.0,209.85001,3925.0,-0.4034124347413342,1.4199759326113062
800,2024-03-04,NSE:REPL,210.89999,216.95,210.0,210.85001,17798.0,0.47653083266472085,-0.4034124347413342
801,2024-03-05,NSE:REPL,211.39999,211.39999,198.0,199.05,59565.0,-5.596400019141563,0.47653083266472085
802,2024-03-06,NSE:REPL,199.05,203.45,195.55,200.85001,23588.0,0.9043004270283779,-5.596400019141563
803,2024-03-07,NSE:REPL,201.5,204.2,200.14999,201.60001,7596.0,0.3734129761805837,0.9043004270283779
804,2024-03-11,NSE:REPL,204.0,204.0,190.64999,192.95,30974.0,-4.290679350660751,0.3734129761805837
805,2024-03-12,NSE:REPL,193.89999,197.45,184.39999,186.3,28865.0,-3.4464887276496388,-4.290679350660751
806,2024-03-13,NSE:REPL,188.0,189.14999,172.0,174.95,43235.0,-6.092324208266249,-3.4464887276496388
807,2024-03-14,NSE:REPL,175.8,185.5,168.35001,173.75,36058.0,-0.6859102600743004,-6.092324208266249
808,2024-03-15,NSE:REPL,173.10001,182.85001,173.10001,181.35001,21134.0,4.374106474820143,-0.6859102600743004
809,2024-03-18,NSE:REPL,182.3,185.55,180.35001,183.0,12951.0,0.9098372809574163,4.374106474820143
810,2024-03-19,NSE:REPL,183.89999,184.35001,176.0,179.39999,21961.0,-1.9672185792349712,0.9098372809574163
811,2024-03-20,NSE:REPL,180.45,183.35001,177.89999,179.3,9726.0,-0.05573578905996101,-1.9672185792349712
812,2024-03-21,NSE:REPL,179.5,183.60001,177.35001,180.05,18398.0,0.4182933630786392,-0.05573578905996101
813,2024-03-22,NSE:REPL,178.8,183.55,178.25,180.7,20488.0,0.3610108303248971,0.4182933630786392
814,2024-03-26,NSE:REPL,181.45,181.45,172.55,174.10001,46038.0,-3.652457111234085,0.3610108303248971
815,2024-03-27,NSE:REPL,175.05,176.60001,166.55,169.60001,39143.0,-2.5847212760068192,-3.652457111234085
816,2024-03-28,NSE:REPL,170.0,175.0,170.0,172.14999,26395.0,1.5035258547449408,-2.5847212760068192
817,2024-04-01,NSE:REPL,173.0,185.60001,173.0,180.89999,30434.0,5.082776943524656,1.5035258547449408
818,2024-04-02,NSE:REPL,184.8,188.0,182.0,186.7,14312.0,3.206196971044601,5.082776943524656
819,2024-04-03,NSE:REPL,183.35001,190.5,183.35001,187.0,24258.0,0.16068559185860276,3.206196971044601
820,2024-04-04,NSE:REPL,187.95,192.10001,187.55,189.10001,12799.0,1.1229999999999987,0.16068559185860276
821,2024-04-05,NSE:REPL,189.10001,202.8,186.14999,198.64999,23333.0,5.050227125847326,1.1229999999999987
822,2024-04-08,NSE:REPL,198.64999,201.95,187.0,189.45,25520.0,-4.6312562109869795,5.050227125847326
823,2024-04-09,NSE:REPL,189.89999,192.8,186.0,187.64999,14309.0,-0.950124043283181,-4.6312562109869795
824,2024-04-10,NSE:REPL,188.5,190.89999,184.60001,186.64999,4623.0,-0.532907036126141,-0.950124043283181
825,2024-04-12,NSE:REPL,186.64999,188.89999,183.0,183.95,16977.0,-1.4465524482481964,-0.532907036126141
826,2024-04-15,NSE:REPL,177.0,181.45,175.85001,180.55,19990.0,-1.8483283500951224,-1.4465524482481964
827,2024-04-16,NSE:REPL,180.55,184.0,178.95,180.5,8865.0,-0.02769315978953828,-1.8483283500951224
828,2024-04-18,NSE:REPL,181.3,184.55,178.0,178.8,7813.0,-0.9418282548476391,-0.02769315978953828
829,2024-04-19,NSE:REPL,180.0,183.0,175.0,182.14999,6856.0,1.8735961968680037,-0.9418282548476391
830,2024-04-22,NSE:REPL,183.0,193.45,181.05,190.45,20668.0,4.55668979174799,1.8735961968680037
831,2024-04-23,NSE:REPL,190.39999,192.0,184.5,185.35001,9134.0,-2.677862956156467,4.55668979174799
832,2024-04-24,NSE:REPL,186.0,188.35001,182.05,183.14999,9132.0,-1.1869543465360455,-2.677862956156467
833,2024-04-25,NSE:REPL,185.0,186.55,180.0,182.10001,21642.0,-0.5732896845913041,-1.1869543465360455
834,2024-04-26,NSE:REPL,182.45,185.89999,182.45,183.05,9117.0,0.5216858582270336,-0.5732896845913041
835,2024-04-29,NSE:REPL,184.05,186.0,182.14999,182.95,8813.0,-0.054629882545764945,0.5216858582270336
836,2024-04-30,NSE:REPL,183.85001,185.89999,182.95,183.95,6488.0,0.5465974309920744,-0.054629882545764945
837,2024-05-02,NSE:REPL,186.95,220.7,184.05,211.05,533022.0,14.732264202228878,0.5465974309920744
838,2024-05-03,NSE:REPL,214.5,214.5,200.60001,204.14999,82246.0,-3.2693721866856236,14.732264202228878
839,2024-05-06,NSE:REPL,205.14999,206.3,196.89999,198.39999,27651.0,-2.816556591553103,-3.2693721866856236
840,2024-05-07,NSE:REPL,200.39999,202.0,194.05,195.45,19276.0,-1.4868901959118113,-2.816556591553103
841,2024-05-08,NSE:REPL,195.5,200.3,191.64999,193.95,15354.0,-0.7674597083653109,-1.4868901959118113
842,2024-05-09,NSE:REPL,194.89999,196.05,186.8,187.60001,16763.0,-3.274034544985817,-0.7674597083653109
843,2024-05-10,NSE:REPL,188.5,192.14999,185.05,186.25,10725.0,-0.7196214968218805,-3.274034544985817
844,2024-05-13,NSE:REPL,187.2,193.85001,187.2,188.39999,9337.0,1.1543570469798672,-0.7196214968218805
845,2024-05-14,NSE:REPL,189.3,194.7,186.8,193.60001,12222.0,2.7600956879031657,1.1543570469798672
846,2024-05-15,NSE:REPL,193.95,195.45,193.5,194.7,6317.0,0.5681766235445913,2.7600956879031657
847,2024-05-16,NSE:REPL,192.8,205.0,192.8,197.7,24073.0,1.5408320493066257,0.5681766235445913
848,2024-05-17,NSE:REPL,196.2,200.60001,195.45,196.10001,19074.0,-0.8093019726858833,1.5408320493066257
849,2024-05-18,NSE:REPL,194.10001,199.3,192.55,193.5,5065.0,-1.3258591878705144,-0.8093019726858833
850,2024-05-21,NSE:REPL,193.5,198.89999,190.0,190.5,13600.0,-1.550387596899225,-1.3258591878705144
851,2024-05-22,NSE:REPL,191.5,192.5,186.25,187.64999,16607.0,-1.496068241469815,-1.550387596899225
852,2024-05-23,NSE:REPL,188.75,190.0,186.60001,187.5,13352.0,-0.07993072634856123,-1.496068241469815
853,2024-05-24,NSE:REPL,187.45,189.14999,185.60001,186.60001,10361.0,-0.47999466666666807,-0.07993072634856123
854,2024-05-27,NSE:REPL,189.0,189.0,181.5,182.7,14831.0,-2.090037401391355,-0.47999466666666807
855,2024-05-28,NSE:REPL,183.0,188.0,183.0,183.35001,17570.0,0.3557799671592824,-2.090037401391355
856,2024-05-29,NSE:REPL,185.35001,185.35001,181.60001,182.64999,7358.0,-0.3817943615056225,0.3557799671592824
857,2024-05-30,NSE:REPL,183.60001,183.60001,181.0,181.3,6532.0,-0.7391130982268278,-0.3817943615056225
858,2024-05-31,NSE:REPL,182.05,182.3,180.10001,181.10001,5382.0,-0.11030888030888795,-0.7391130982268278
859,2024-06-03,NSE:REPL,184.3,188.25,179.3,181.25,14189.0,0.08282164092647068,-0.11030888030888795
860,2024-06-04,NSE:REPL,184.0,184.0,162.05,167.45,55917.0,-7.613793103448282,0.08282164092647068
861,2024-06-05,NSE:REPL,174.89999,179.0,166.14999,174.0,24086.0,3.9116154075843608,-7.613793103448282
862,2024-06-06,NSE:REPL,176.0,186.45,176.0,179.75,27024.0,3.3045977011494254,3.9116154075843608
863,2024-06-07,NSE:REPL,180.10001,185.7,178.35001,183.5,16168.0,2.086230876216968,3.3045977011494254
864,2024-06-10,NSE:REPL,182.55,185.38,178.99001,182.13,13855.0,-0.7465940054495938,2.086230876216968
865,2024-06-11,NSE:REPL,181.0,185.88,181.0,183.78999,14199.0,0.9114313951573015,-0.7465940054495938
866,2024-06-12,NSE:REPL,184.75999,194.25,184.75999,189.62,27548.0,3.172104204369355,0.9114313951573015
867,2024-06-13,NSE:REPL,190.64999,203.5,190.64999,195.09,59141.0,2.8847168020251024,3.172104204369355
868,2024-06-14,NSE:REPL,195.09,199.84,191.0,191.33,26830.0,-1.927315597929156,2.8847168020251024
869,2024-06-18,NSE:REPL,192.3,194.98,185.85001,186.37,23283.0,-2.5923796581822023,-1.927315597929156
870,2024-06-19,NSE:REPL,187.39999,190.99001,183.99001,185.21001,29778.0,-0.6224124054300549,-2.5923796581822023
871,2024-06-20,NSE:REPL,186.14,192.98,184.0,185.17999,24192.0,-0.01620862716869757,-0.6224124054300549
872,2024-06-21,NSE:REPL,186.19,187.28,182.39999,182.89,13362.0,-1.2366292923981783,-0.01620862716869757
873,2024-06-24,NSE:REPL,182.89,185.59,180.3,181.53,17649.0,-0.7436163814314535,-1.2366292923981783
874,2024-06-25,NSE:REPL,182.0,184.0,180.0,182.71001,11280.0,0.6500358067537101,-0.7436163814314535
875,2024-06-26,NSE:REPL,183.7,184.12,180.48,181.53999,11060.0,-0.6403699501740612,0.6500358067537101
876,2024-06-27,NSE:REPL,182.0,188.38,180.0,180.87,13056.0,-0.3690591808449391,-0.6403699501740612
877,2024-06-28,NSE:REPL,186.0,186.0,179.0,179.87,26297.0,-0.552883286338254,-0.3690591808449391
878,2024-07-01,NSE:REPL,184.0,184.0,178.05,179.35001,16101.0,-0.2890921220881787,-0.552883286338254
879,2024-07-02,NSE:REPL,180.3,185.0,178.91,181.60001,14958.0,1.254530178169491,-0.2890921220881787
880,2024-07-03,NSE:REPL,180.35001,186.00999,180.35001,184.74001,13705.0,1.72907479465448,1.254530178169491
881,2024-07-04,NSE:REPL,185.7,187.14,181.33,182.97,20507.0,-0.958108641436153,1.72907479465448
882,2024-07-05,NSE:REPL,181.3,189.0,180.5,185.14999,33809.0,1.19144668524895,-0.958108641436153
883,2024-07-08,NSE:REPL,188.05,188.7,182.0,182.37,10361.0,-1.5014799622727486,1.19144668524895
884,2024-07-09,NSE:REPL,182.3,189.0,182.3,185.50999,26091.0,1.7217689312935147,-1.5014799622727486
885,2024-07-10,NSE:REPL,186.44,186.44,181.2,183.53,7855.0,-1.067322573840895,1.7217689312935147
886,2024-07-11,NSE:REPL,184.37,185.99001,181.8,182.92,6201.0,-0.33237072958100233,-1.067322573840895
887,2024-07-12,NSE:REPL,182.75,183.50999,180.45,180.78,24675.0,-1.1699103433194766,-0.33237072958100233
888,2024-07-15,NSE:REPL,181.7,183.88,176.8,178.0,18772.0,-1.5377807279566331,-1.1699103433194766
889,2024-07-16,NSE:REPL,181.35001,182.67,178.11,181.0,22138.0,1.6853932584269662,-1.5377807279566331
890,2024-07-18,NSE:REPL,179.66,180.78,175.85001,177.86,13366.0,-1.7348066298342468,1.6853932584269662
891,2024-07-19,NSE:REPL,177.05,181.94,172.0,173.00999,24451.0,-2.72686944788037,-1.7348066298342468
892,2024-07-22,NSE:REPL,171.39999,175.99001,170.10001,175.07001,10969.0,1.190694248349479,-2.72686944788037
893,2024-07-23,NSE:REPL,173.0,175.92,169.0,170.22,21573.0,-2.770325997011137,1.190694248349479
894,2024-07-24,NSE:REPL,171.10001,174.0,170.82001,172.14,20802.0,1.1279520620373562,-2.770325997011137
895,2024-07-25,NSE:REPL,172.53,175.39999,171.88,174.17,12581.0,1.1792726850238184,1.1279520620373562
896,2024-07-26,NSE:REPL,173.89999,184.0,173.5,183.25999,24068.0,5.219033128552565,1.1792726850238184
897,2024-07-29,NSE:REPL,184.14999,196.92,183.0,190.31,85410.0,3.8469990094400943,5.219033128552565
898,2024-07-30,NSE:REPL,190.0,191.28999,182.23,183.08,29295.0,-3.7990646839367295,3.8469990094400943
899,2024-07-31,NSE:REPL,184.0,187.89999,181.21001,184.81,30580.0,0.9449421018134093,-3.7990646839367295
900,2024-08-01,NSE:REPL,183.5,187.95,183.00999,183.53999,8372.0,-0.6871976624641596,0.9449421018134093
901,2024-08-02,NSE:REPL,181.89999,184.48,176.0,177.66,18551.0,-3.203656053375612,-0.6871976624641596
902,2024-08-05,NSE:REPL,173.0,174.11,169.2,170.91,29283.0,-3.7993920972644375,-3.203656053375612
903,2024-08-06,NSE:REPL,172.55,174.7,170.11,170.73,13085.0,-0.10531858873091501,-3.7993920972644375
904,2024-08-07,NSE:REPL,171.60001,175.07001,171.60001,173.47,6398.0,1.6048731915890642,-0.10531858873091501
905,2024-08-08,NSE:REPL,174.34,181.08,172.0,172.64999,32558.0,-0.4727099786706614,1.6048731915890642
906,2024-08-09,NSE:REPL,173.64999,178.19,172.8,175.39,13548.0,1.5870316586754414,-0.4727099786706614
907,2024-08-12,NSE:REPL,176.3,177.2,172.0,172.63,14666.0,-1.5736358971435036,1.5870316586754414
908,2024-08-13,NSE:REPL,173.5,176.38,170.25,171.97,12077.0,-0.38232057000521147,-1.5736358971435036
909,2024-08-14,NSE:REPL,172.89999,175.95,169.62,170.35001,20501.0,-0.9420189567947906,-0.38232057000521147
910,2024-08-16,NSE:REPL,171.2,173.94,171.2,171.84,6270.0,0.8746638758635858,-0.9420189567947906
911,2024-08-19,NSE:REPL,171.89999,173.0,170.61,171.2,8683.0,-0.3724394785847386,0.8746638758635858
912,2024-08-20,NSE:REPL,172.13,178.0,172.00999,176.60001,17368.0,3.154211448598136,-0.3724394785847386
913,2024-08-21,NSE:REPL,177.89999,179.91,175.61,177.06,13182.0,0.26046997392582527,3.154211448598136
914,2024-08-22,NSE:REPL,178.0,186.89,175.53,182.81,56660.0,3.247486727662939,0.26046997392582527
915,2024-08-23,NSE:REPL,185.95,185.95,180.31,180.74001,21106.0,-1.1323177069088068,3.247486727662939
916,2024-08-26,NSE:REPL,181.05,196.0,175.64999,192.27,113186.0,6.379323537715859,-1.1323177069088068
917,2024-08-27,NSE:REPL,209.0,210.0,196.25,198.56,413756.0,3.2714412024756805,6.379323537715859
918,2024-08-28,NSE:REPL,198.56,201.53,195.14999,196.41,58169.0,-1.0827961321514934,3.2714412024756805
919,2024-08-29,NSE:REPL,195.05,201.55,187.25,188.89,37883.0,-3.8287256249681842,-1.0827961321514934
920,2024-08-30,NSE:REPL,192.0,200.86,187.0,195.11,39247.0,3.2929218063423304,-3.8287256249681842
921,2024-09-02,NSE:REPL,195.81,196.62,187.95,188.62,30888.0,-3.3263287376351847,3.2929218063423304
922,2024-09-03,NSE:REPL,190.0,198.0,189.35001,195.36,57673.0,3.5733220231152627,-3.3263287376351847
923,2024-09-04,NSE:REPL,192.5,194.34,191.21,193.28,17517.0,-1.064701064701071,3.5733220231152627
924,2024-09-05,NSE:REPL,192.50999,200.67,191.92999,199.64,43498.0,3.2905629139072774,-1.064701064701071
925,2024-09-06,NSE:REPL,202.39,204.0,195.10001,196.84,45864.0,-1.4025245441795149,3.2905629139072774
926,2024-09-09,NSE:REPL,194.0,215.0,193.15,210.88,183179.0,7.132696606380813,-1.4025245441795149
927,2024-09-10,NSE:REPL,212.5,218.0,208.15,211.11,132321.0,0.10906676783005415,7.132696606380813
928,2024-09-11,NSE:REPL,211.0,214.9,206.1,209.16,40799.0,-0.9236890720477557,0.10906676783005415
929,2024-09-12,NSE:REPL,209.77,209.77,201.0,202.09,24665.0,-3.3801874163319914,-0.9236890720477557
930,2024-09-13,NSE:REPL,203.2,213.99,203.01,207.74,41589.0,2.7957840566084444,-3.3801874163319914
931,2024-09-16,NSE:REPL,208.8,215.9,203.83,210.42,59990.0,1.290074131125435,2.7957840566084444
932,2024-09-17,NSE:REPL,211.5,215.1,206.39,209.65,35120.0,-0.365934797072513,1.290074131125435
933,2024-09-18,NSE:REPL,210.45,214.9,205.0,205.58,21618.0,-1.9413307894109197,-0.365934797072513
934,2024-09-19,NSE:REPL,206.7,206.98,197.05,204.53,29204.0,-0.5107500729643016,-1.9413307894109197
935,2024-09-20,NSE:REPL,203.2,206.93,200.65,201.32,16985.0,-1.5694519141446281,-0.5107500729643016
936,2024-09-23,NSE:REPL,203.9,212.1,200.0,201.74,43205.0,0.2086230876217047,-1.5694519141446281
937,2024-09-24,NSE:REPL,202.0,207.8,192.0,195.39,69556.0,-3.147615743035601,0.2086230876217047
938,2024-09-25,NSE:REPL,198.0,198.7,192.11,193.97,17436.0,-0.7267516249552114,-3.147615743035601
939,2024-09-26,NSE:REPL,198.0,228.5,197.85,219.51,877880.0,13.166984585245137,-0.7267516249552114
940,2024-09-27,NSE:REPL,219.51,224.69,210.1,213.77,139948.0,-2.6149150380392605,13.166984585245137
941,2024-09-30,NSE:REPL,215.0,217.43,206.22,209.82,58072.0,-1.8477803246479942,-2.6149150380392605
942,2024-10-01,NSE:REPL,210.85,212.81,203.55,204.78,52307.0,-2.402058907635112,-1.8477803246479942
943,2024-10-03,NSE:REPL,204.78,207.89,200.0,201.72,37571.0,-1.4942865514210384,-2.402058907635112
944,2024-10-04,NSE:REPL,202.39,203.5,192.0,193.16,59299.0,-4.243505849692644,-1.4942865514210384
945,2024-10-07,NSE:REPL,194.4,196.9,183.99,188.49,36834.0,-2.4176848208738804,-4.243505849692644
946,2024-10-08,NSE:REPL,190.0,200.0,184.15,192.35,34037.0,2.0478539975595442,-2.4176848208738804
947,2024-10-09,NSE:REPL,192.0,199.78,191.24,196.98,26387.0,2.4070704445022075,2.0478539975595442
948,2024-10-10,NSE:REPL,197.99,197.99,192.6,193.9,21256.0,-1.5636105188343914,2.4070704445022075
949,2024-10-11,NSE:REPL,195.4,198.65,191.6,192.89,13715.0,-0.5208870551830941,-1.5636105188343914
950,2024-10-14,NSE:REPL,193.9,197.79,193.05,194.06,13711.0,0.606563326248129,-0.5208870551830941
951,2024-10-15,NSE:REPL,194.5,220.0,194.5,213.03,262539.0,9.775327218386066,0.606563326248129
952,2024-10-16,NSE:REPL,210.45,214.9,208.17,211.0,51504.0,-0.9529174294700283,9.775327218386066
953,2024-10-17,NSE:REPL,212.1,214.0,202.7,204.85,30269.0,-2.914691943127965,-0.9529174294700283
954,2024-10-18,NSE:REPL,204.2,205.71,200.2,202.63,18449.0,-1.0837197949719302,-2.914691943127965
955,2024-10-21,NSE:REPL,202.63,225.85,202.63,210.25,163441.0,3.760548783497017,-1.0837197949719302
956,2024-10-22,NSE:REPL,208.11,214.38,196.65,198.33,56558.0,-5.66944114149821,3.760548783497017
957,2024-10-23,NSE:REPL,201.3,203.7,195.6,197.3,15354.0,-0.5193364594362936,-5.66944114149821
958,2024-10-24,NSE:REPL,200.25,201.19,192.3,194.95,32642.0,-1.191079574252419,-0.5193364594362936
959,2024-10-25,NSE:REPL,197.21,197.99,188.01,189.66,14879.0,-2.7135162862272337,-1.191079574252419
960,2024-10-28,NSE:REPL,190.5,208.8,186.0,196.86,55019.0,3.7962670041126314,-2.7135162862272337
961,2024-10-29,NSE:REPL,198.6,199.06,191.5,194.38,22909.0,-1.259778522808096,3.7962670041126314
962,2024-10-30,NSE:REPL,194.2,203.88,194.2,200.2,19026.0,2.9941351990945537,-1.259778522808096
963,2024-10-31,NSE:REPL,199.0,202.35,196.1,197.15,6500.0,-1.523476523476515,2.9941351990945537
964,2024-11-01,NSE:REPL,199.0,209.8,199.0,204.04,20254.0,3.494800913010391,-1.523476523476515
965,2024-11-04,NSE:REPL,204.04,207.19,197.5,200.95,14652.0,-1.5144089394236442,3.494800913010391
966,2024-11-05,NSE:REPL,199.79,204.38,198.05,198.8,14993.0,-1.0699178900223825,-1.5144089394236442
967,2024-11-06,NSE:REPL,201.8,204.0,200.0,203.22,8102.0,2.223340040241442,-1.0699178900223825
968,2024-11-07,NSE:REPL,202.15,205.99,200.21,204.05,8013.0,0.4084243676803526,2.223340040241442
969,2024-11-08,NSE:REPL,202.99,204.88,200.0,200.7,7181.0,-1.641754471943162,0.4084243676803526
970,2024-11-11,NSE:REPL,204.4,204.4,193.55,194.98,14239.0,-2.8500249128051816,-1.641754471943162
971,2024-11-12,NSE:REPL,200.8,200.8,191.32,192.29,7513.0,-1.3796286798646005,-2.8500249128051816
972,2024-11-13,NSE:REPL,196.26,196.26,186.0,189.16,15463.0,-1.6277497529772718,-1.3796286798646005
973,2024-11-14,NSE:REPL,193.0,193.0,186.8,188.02,6765.0,-0.6026644110805595,-1.6277497529772718
974,2024-11-18,NSE:REPL,196.0,196.0,187.52,189.87,6477.0,0.9839378789490449,-0.6026644110805595
975,2024-11-19,NSE:REPL,192.0,195.49,190.3,192.79,3338.0,1.537894348764938,0.9839378789490449
976,2024-11-21,NSE:REPL,192.5,192.5,180.1,183.66,35709.0,-4.735722807199541,1.537894348764938
977,2024-11-22,NSE:REPL,186.04,189.0,182.89,186.19,6761.0,1.377545464445171,-4.735722807199541
978,2024-11-25,NSE:REPL,190.05,191.99,184.78,185.48,14970.0,-0.3813308985445018,1.377545464445171
979,2024-11-26,NSE:REPL,188.01,193.99,185.22,189.85,11630.0,2.3560491697218056,-0.3813308985445018
980,2024-11-27,NSE:REPL,190.86,197.03,190.86,192.96,11578.0,1.6381353700289776,2.3560491697218056
981,2024-11-28,NSE:REPL,195.0,205.0,193.55,204.65,48507.0,6.058250414593696,1.6381353700289776
982,2024-11-29,NSE:REPL,206.0,208.4,202.08,206.07,19400.0,0.6938675787930552,6.058250414593696
983,2024-12-02,NSE:REPL,207.24,224.5,206.43,222.35,96875.0,7.900228077837629,0.6938675787930552
984,2024-12-03,NSE:REPL,222.1,229.0,218.03,226.14,114473.0,1.7045199010568886,7.900228077837629
985,2024-12-04,NSE:REPL,225.9,226.89,216.53,219.26,76867.0,-3.042363137879188,1.7045199010568886
986,2024-12-05,NSE:REPL,221.0,221.68,218.06,218.15,12925.0,-0.5062482897017172,-3.042363137879188
987,2024-12-06,NSE:REPL,218.06,222.29,217.06,218.15,21389.0,0.0,-0.5062482897017172
988,2024-12-09,NSE:REPL,220.4,237.0,217.8,224.72,113322.0,3.0116892046756787,0.0
989,2024-12-10,NSE:REPL,223.0,224.98,220.5,222.57,18879.0,-0.9567461730153104,3.0116892046756787
990,2024-12-11,NSE:REPL,223.7,229.9,220.17,221.39,18299.0,-0.5301702835063157,-0.9567461730153104
991,2024-12-12,NSE:REPL,222.8,226.75,219.41,221.12,29125.0,-0.12195672794615016,-0.5301702835063157
992,2024-12-13,NSE:REPL,222.55,263.95,222.55,260.32,2268602.0,17.727930535455855,-0.12195672794615016
993,2024-12-16,NSE:REPL,260.0,272.0,248.0,255.85,416330.0,-1.7171173939766435,17.727930535455855
994,2024-12-17,NSE:REPL,259.65,304.0,259.25,292.58,1836012.0,14.356068008598784,-1.7171173939766435
995,2024-12-18,NSE:REPL,299.0,324.72,293.3,305.08,2201843.0,4.272335771412948,14.356068008598784
996,2024-12-19,NSE:REPL,290.0,307.0,283.01,289.26,434837.0,-5.185525108168347,4.272335771412948
997,2024-12-20,NSE:REPL,289.0,317.55,285.12,290.02,776278.0,0.26273940399640144,-5.185525108168347
998,2024-12-23,NSE:REPL,299.95,310.0,290.41,301.48,322688.0,3.9514516240259425,0.26273940399640144
999,2024-12-24,NSE:REPL,303.8,305.9,285.05,288.95,180523.0,-4.156162929547575,3.9514516240259425
1000,2024-12-26,NSE:REPL,286.15,299.6,286.15,294.16,186581.0,1.8030801176674291,-4.156162929547575
1001,2024-12-27,NSE:REPL,296.9,303.55,286.85,292.08,111197.0,-0.7070981778624017,1.8030801176674291
1002,2024-12-30,NSE:REPL,294.0,322.0,293.0,298.19,397207.0,2.0918926321555786,-0.7070981778624017
1003,2024-12-31,NSE:REPL,293.0,310.0,293.0,306.9,50044.0,2.9209564371709242,2.0918926321555786
1004,2025-01-01,NSE:REPL,310.0,319.9,308.0,317.0,76471.0,3.290974258716202,2.9209564371709242
1005,2025-01-02,NSE:REPL,322.0,332.85,310.0,332.85,127401.0,5.000000000000007,3.290974258716202
1006,2025-01-03,NSE:REPL,335.1,348.0,325.15,344.2,86280.0,3.409944419408131,5.000000000000007
