,datetime,symbol,open,high,low,close,volume,change (%),last day change (%)
0,2010-12-27,NSE:RKDL,72.0,91.0,72.0,80.050003,72966000.0,,
1,2010-12-28,NSE:RKDL,79.599998,83.400002,75.5,82.099998,19053240.0,2.5608930957816396,
2,2010-12-29,NSE:RKDL,82.0,83.900002,79.5,83.050003,11402930.0,1.1571315750823823,2.5608930957816396
3,2010-12-30,NSE:RKDL,82.75,83.300003,78.0,78.75,5030628.0,-5.177607278352541,1.1571315750823823
4,2010-12-31,NSE:RKDL,65.150002,93.800003,65.150002,80.449997,23986140.0,2.1587263492063444,-5.177607278352541
5,2011-01-03,NSE:RKDL,80.849998,82.5,64.400002,64.400002,17664820.0,-19.950274205728057,2.1587263492063444
6,2011-01-04,NSE:RKDL,57.900002,67.400002,52.150002,61.700001,30265400.0,-4.192548006442609,-19.950274205728057
7,2011-01-05,NSE:RKDL,60.349998,63.099998,51.349998,53.75,17889360.0,-12.884928478364207,-4.192548006442609
8,2011-01-06,NSE:RKDL,54.0,55.5,51.75,55.150002,9175711.0,2.6046548837209316,-12.884928478364207
9,2011-01-07,NSE:RKDL,55.5,59.25,53.799999,57.299999,13032180.0,3.8984531677804815,2.6046548837209316
10,2011-01-10,NSE:RKDL,57.299999,58.0,51.599998,51.599998,2390186.0,-9.947645897864676,3.8984531677804815
11,2011-01-11,NSE:RKDL,48.0,50.0,46.450001,46.450001,1082328.0,-9.980614727930801,-9.947645897864676
12,2011-01-12,NSE:RKDL,47.0,47.0,41.799999,41.799999,691206.0,-10.01076835283599,-9.980614727930801
13,2011-01-13,NSE:RKDL,39.75,40.900002,39.75,40.049999,1216777.0,-4.186602970971363,-10.01076835283599
14,2011-01-14,NSE:RKDL,39.0,39.700001,38.049999,38.049999,433300.0,-4.993757927434655,-4.186602970971363
15,2011-01-17,NSE:RKDL,37.0,37.849998,36.150002,36.150002,104423.0,-4.993421944636579,-4.993757927434655
16,2011-01-18,NSE:RKDL,34.349998,34.900002,34.349998,34.349998,161856.0,-4.979263901562167,-4.993421944636579
17,2011-01-19,NSE:RKDL,33.0,33.0,32.650002,32.650002,16711.0,-4.949042500672049,-4.979263901562167
18,2011-01-20,NSE:RKDL,31.049999,31.049999,31.049999,31.049999,28414.0,-4.90046830625003,-4.949042500672049
19,2011-01-21,NSE:RKDL,29.5,32.599998,29.5,32.599998,599322.0,4.991945410368611,-4.90046830625003
20,2011-01-24,NSE:RKDL,32.650002,34.25,31.0,32.349998,686098.0,-0.7668712126914855,4.991945410368611
21,2011-01-25,NSE:RKDL,32.799999,33.0,30.75,30.85,362558.0,-4.636779266570582,-0.7668712126914855
22,2011-01-27,NSE:RKDL,31.5,31.85,29.35,29.4,349609.0,-4.700162074554304,-4.636779266570582
23,2011-01-28,NSE:RKDL,29.5,29.5,27.950001,28.35,539929.0,-3.5714285714285623,-4.700162074554304
24,2011-01-31,NSE:RKDL,27.299999,28.700001,27.0,28.35,357577.0,0.0,-3.5714285714285623
25,2011-02-01,NSE:RKDL,29.5,29.5,28.0,28.450001,301247.0,0.35273721340387615,0.0
26,2011-02-02,NSE:RKDL,28.450001,29.9,28.049999,29.9,253841.0,5.096657114352995,0.35273721340387615
27,2011-02-03,NSE:RKDL,29.549999,31.0,29.549999,30.4,234571.0,1.6722408026755853,5.096657114352995
28,2011-02-04,NSE:RKDL,30.5,30.5,28.9,29.0,137293.0,-4.605263157894733,1.6722408026755853
29,2011-02-07,NSE:RKDL,28.5,29.0,27.549999,27.6,114551.0,-4.827586206896547,-4.605263157894733
30,2011-02-08,NSE:RKDL,28.4,28.4,26.25,26.25,104694.0,-4.891304347826092,-4.827586206896547
31,2011-02-09,NSE:RKDL,25.9,27.6,24.950001,27.549999,581066.0,4.9523771428571415,-4.891304347826092
32,2011-02-10,NSE:RKDL,27.0,28.950001,26.75,28.299999,717945.0,2.722323147815722,4.9523771428571415
33,2011-02-11,NSE:RKDL,28.799999,29.299999,28.0,28.950001,287265.0,2.2968269362836398,2.722323147815722
34,2011-02-14,NSE:RKDL,29.25,30.4,28.4,29.0,641290.0,0.17270811147812976,2.2968269362836398
35,2011-02-15,NSE:RKDL,29.5,29.5,28.5,28.9,388828.0,-0.34482758620690146,0.17270811147812976
36,2011-02-16,NSE:RKDL,30.0,30.35,28.75,29.0,62246.0,0.3460207612456797,-0.34482758620690146
37,2011-02-17,NSE:RKDL,28.799999,30.450001,28.549999,30.049999,346474.0,3.6206862068965506,0.3460207612456797
38,2011-02-18,NSE:RKDL,30.0,30.299999,29.1,29.549999,133585.0,-1.663893566186142,3.6206862068965506
39,2011-02-21,NSE:RKDL,29.549999,31.049999,29.0,30.799999,197575.0,4.2301185864676345,-1.663893566186142
40,2011-02-22,NSE:RKDL,31.35,31.35,29.799999,30.049999,53998.0,-2.4350650141254873,4.2301185864676345
41,2011-02-23,NSE:RKDL,29.6,30.25,28.549999,29.15,44822.0,-2.995005091347927,-2.4350650141254873
42,2011-02-24,NSE:RKDL,29.0,29.049999,27.700001,27.799999,58459.0,-4.631221269296738,-2.995005091347927
43,2011-02-25,NSE:RKDL,28.700001,28.700001,26.9,27.200001,172218.0,-2.158266264685835,-4.631221269296738
44,2011-02-28,NSE:RKDL,28.0,28.5,27.0,27.35,78316.0,0.5514668914901919,-2.158266264685835
45,2011-03-01,NSE:RKDL,27.9,28.75,26.0,28.75,193058.0,5.118829981718459,0.5514668914901919
46,2011-03-03,NSE:RKDL,29.0,30.200001,28.5,30.200001,184102.0,5.043481739130436,5.118829981718459
47,2011-03-04,NSE:RKDL,29.1,31.75,29.1,31.6,515917.0,4.635758124643774,5.043481739130436
48,2011-03-07,NSE:RKDL,31.549999,32.0,30.299999,30.65,121925.0,-3.0063291139240595,4.635758124643774
49,2011-03-08,NSE:RKDL,30.700001,31.5,30.6,30.799999,43896.0,0.4893931484502483,-3.0063291139240595
50,2011-03-09,NSE:RKDL,30.75,31.0,30.5,30.75,35413.0,-0.16233442085501262,0.4893931484502483
51,2011-03-10,NSE:RKDL,29.5,31.65,29.5,30.85,117030.0,0.325203252032525,-0.16233442085501262
52,2011-03-11,NSE:RKDL,30.0,31.5,30.0,30.25,75459.0,-1.944894651539713,0.325203252032525
53,2011-03-14,NSE:RKDL,30.299999,30.450001,29.799999,29.950001,29044.0,-0.9917322314049576,-1.944894651539713
54,2011-03-15,NSE:RKDL,28.1,29.5,27.700001,28.799999,61795.0,-3.8397394377382517,-0.9917322314049576
55,2011-03-16,NSE:RKDL,29.1,29.65,28.6,29.15,46984.0,1.2152812921972633,-3.8397394377382517
56,2011-03-17,NSE:RKDL,28.6,30.25,28.6,30.0,100778.0,2.9159519725557512,1.2152812921972633
57,2011-03-18,NSE:RKDL,30.450001,30.700001,29.799999,30.5,85316.0,1.6666666666666667,2.9159519725557512
58,2011-03-21,NSE:RKDL,30.6,33.5,30.299999,33.25,226362.0,9.01639344262295,1.6666666666666667
59,2011-03-22,NSE:RKDL,33.5,35.5,33.5,35.099998,349973.0,5.563903759398494,9.01639344262295
60,2011-03-23,NSE:RKDL,35.0,38.650002,35.0,38.650002,883137.0,10.11397208626622,5.563903759398494
61,2011-03-24,NSE:RKDL,40.0,40.349998,39.049999,39.299999,1034554.0,1.6817515300516648,10.11397208626622
62,2011-03-25,NSE:RKDL,39.450001,39.5,38.549999,38.599998,1184625.0,-1.7811730733122928,1.6817515300516648
63,2011-03-28,NSE:RKDL,38.599998,39.299999,38.099998,38.400002,612561.0,-0.5181243791774257,-1.7811730733122928
64,2011-03-29,NSE:RKDL,37.75,37.75,36.799999,37.049999,340156.0,-3.5156326293941365,-0.5181243791774257
65,2011-03-30,NSE:RKDL,37.200001,37.200001,35.650002,35.700001,250541.0,-3.643719396591615,-3.5156326293941365
66,2011-03-31,NSE:RKDL,36.650002,36.650002,34.799999,35.049999,92352.0,-1.8207338425564767,-3.643719396591615
67,2011-04-01,NSE:RKDL,34.950001,35.5,34.950001,35.400002,36176.0,0.9985820541678218,-1.8207338425564767
68,2011-04-04,NSE:RKDL,35.25,35.900002,35.150002,35.549999,34406.0,0.4237203150440473,0.9985820541678218
69,2011-04-05,NSE:RKDL,35.5,36.900002,34.900002,35.200001,47971.0,-0.9845232344450963,0.4237203150440473
70,2011-04-06,NSE:RKDL,35.0,35.299999,34.5,34.650002,73374.0,-1.5624971147017856,-0.9845232344450963
71,2011-04-07,NSE:RKDL,34.5,34.700001,34.049999,34.200001,16496.0,-1.2987041097429093,-1.5624971147017856
72,2011-04-08,NSE:RKDL,34.049999,34.299999,32.5,32.650002,43887.0,-4.532160686194131,-1.2987041097429093
73,2011-04-11,NSE:RKDL,32.099998,32.599998,32.0,32.5,31035.0,-0.45942416787601,-4.532160686194131
74,2011-04-13,NSE:RKDL,34.099998,34.150002,33.099998,34.150002,31092.0,5.076929230769233,-0.45942416787601
75,2011-04-15,NSE:RKDL,35.900002,35.900002,35.099998,35.450001,50999.0,3.8067318414798326,5.076929230769233
76,2011-04-18,NSE:RKDL,36.0,36.0,33.799999,34.799999,45789.0,-1.833573996232047,3.8067318414798326
77,2011-04-19,NSE:RKDL,34.0,35.299999,33.599998,33.75,16274.0,-3.0172385924493836,-1.833573996232047
78,2011-04-20,NSE:RKDL,33.150002,34.5,33.150002,33.900002,10560.0,0.44445037037037227,-3.0172385924493836
79,2011-04-21,NSE:RKDL,33.0,33.950001,33.0,33.099998,24471.0,-2.3598936660829732,0.44445037037037227
80,2011-04-25,NSE:RKDL,33.099998,34.099998,32.75,33.0,12951.0,-0.30210877958361015,-2.3598936660829732
81,2011-04-26,NSE:RKDL,33.0,33.599998,32.5,32.75,13893.0,-0.7575757575757576,-0.30210877958361015
82,2011-04-27,NSE:RKDL,32.700001,33.5,32.549999,32.900002,8663.0,0.45802137404580345,-0.7575757575757576
83,2011-04-28,NSE:RKDL,33.049999,33.200001,32.5,32.650002,20411.0,-0.7598783732596733,0.45802137404580345
84,2011-04-29,NSE:RKDL,34.0,34.0,32.099998,32.400002,14531.0,-0.7656967371701845,-0.7598783732596733
85,2011-05-02,NSE:RKDL,32.799999,33.0,32.150002,32.200001,13718.0,-0.6172869989329023,-0.7656967371701845
86,2011-05-03,NSE:RKDL,32.0,32.700001,31.549999,31.9,27908.0,-0.9316800952894434,-0.6172869989329023
87,2011-05-04,NSE:RKDL,31.5,31.5,30.299999,30.85,20447.0,-3.2915360501567315,-0.9316800952894434
88,2011-05-05,NSE:RKDL,31.0,31.6,30.5,30.65,12704.0,-0.6482982171799119,-3.2915360501567315
89,2011-05-06,NSE:RKDL,30.0,31.799999,30.0,31.0,25353.0,1.1419249592169705,-0.6482982171799119
90,2011-05-09,NSE:RKDL,30.9,31.5,30.549999,30.549999,5019.0,-1.4516161290322591,1.1419249592169705
91,2011-05-10,NSE:RKDL,31.1,31.1,30.35,30.5,12269.0,-0.1636628531477192,-1.4516161290322591
92,2011-05-11,NSE:RKDL,30.5,31.0,30.25,30.5,6514.0,0.0,-0.1636628531477192
93,2011-05-12,NSE:RKDL,30.1,31.25,30.1,30.299999,13901.0,-0.6557409836065584,0.0
94,2011-05-13,NSE:RKDL,29.1,31.799999,29.1,30.450001,6354.0,0.495056121949049,-0.6557409836065584
95,2011-05-16,NSE:RKDL,30.1,31.799999,30.1,30.700001,6419.0,0.8210180354345472,0.495056121949049
96,2011-05-17,NSE:RKDL,30.049999,31.0,30.049999,30.299999,11911.0,-1.3029380683082081,0.8210180354345472
97,2011-05-18,NSE:RKDL,30.1,31.5,29.9,30.0,17783.0,-0.9900957422473832,-1.3029380683082081
98,2011-05-19,NSE:RKDL,30.049999,30.950001,29.5,29.5,10415.0,-1.6666666666666667,-0.9900957422473832
99,2011-05-20,NSE:RKDL,30.0,30.0,29.049999,29.65,15029.0,0.5084745762711816,-1.6666666666666667
100,2011-05-23,NSE:RKDL,29.299999,29.950001,29.049999,29.15,24394.0,-1.6863406408094435,0.5084745762711816
101,2011-05-24,NSE:RKDL,28.75,30.0,28.5,28.700001,15341.0,-1.5437358490565978,-1.6863406408094435
102,2011-05-25,NSE:RKDL,27.549999,29.0,27.450001,27.6,16780.0,-3.8327559640154676,-1.5437358490565978
103,2011-05-26,NSE:RKDL,27.1,28.85,27.1,27.5,14555.0,-0.36231884057971525,-3.8327559640154676
104,2011-05-27,NSE:RKDL,27.0,28.549999,27.0,27.5,12652.0,0.0,-0.36231884057971525
105,2011-05-30,NSE:RKDL,27.0,28.15,26.5,27.799999,11752.0,1.0909054545454533,0.0
106,2011-05-31,NSE:RKDL,27.0,28.4,27.0,27.15,18226.0,-2.3381259833858308,1.0909054545454533
107,2011-06-01,NSE:RKDL,27.15,28.0,26.700001,27.200001,15838.0,0.18416574585636,-2.3381259833858308
108,2011-06-02,NSE:RKDL,26.0,27.9,26.0,27.6,17495.0,1.4705845047579267,0.18416574585636
109,2011-06-03,NSE:RKDL,26.5,27.799999,26.5,27.450001,11426.0,-0.5434746376811633,1.4705845047579267
110,2011-06-06,NSE:RKDL,27.85,27.85,26.799999,27.0,6832.0,-1.6393478455610997,-0.5434746376811633
111,2011-06-07,NSE:RKDL,26.549999,27.35,26.549999,26.75,13182.0,-0.9259259259259258,-1.6393478455610997
112,2011-06-08,NSE:RKDL,27.6,27.6,26.6,27.200001,9154.0,1.6822467289719638,-0.9259259259259258
113,2011-06-09,NSE:RKDL,26.65,27.450001,26.65,27.0,8321.0,-0.7352977670846421,1.6822467289719638
114,2011-06-10,NSE:RKDL,26.15,27.549999,26.15,26.65,16544.0,-1.2962962962963016,-0.7352977670846421
115,2011-06-13,NSE:RKDL,26.200001,26.75,26.200001,26.65,8839.0,0.0,-1.2962962962963016
116,2011-06-14,NSE:RKDL,26.65,26.9,26.0,26.200001,19190.0,-1.6885515947467102,0.0
117,2011-06-15,NSE:RKDL,26.15,26.6,25.700001,26.0,21872.0,-0.7633625662838728,-1.6885515947467102
118,2011-06-16,NSE:RKDL,25.799999,26.1,25.5,25.75,10224.0,-0.9615384615384616,-0.7633625662838728
119,2011-06-17,NSE:RKDL,25.25,26.65,25.200001,25.5,48239.0,-0.9708737864077669,-0.9615384615384616
120,2011-06-20,NSE:RKDL,25.9,25.950001,24.799999,24.950001,54348.0,-2.1568588235294106,-0.9708737864077669
121,2011-06-21,NSE:RKDL,25.0,25.0,24.0,24.299999,31994.0,-2.6052183324561815,-2.1568588235294106
122,2011-06-22,NSE:RKDL,24.549999,24.6,23.1,23.200001,64717.0,-4.526740927026373,-2.6052183324561815
123,2011-06-23,NSE:RKDL,22.75,23.75,22.25,22.6,49880.0,-2.586211095421931,-4.526740927026373
124,2011-06-24,NSE:RKDL,23.25,23.25,22.049999,22.15,41462.0,-1.9911504424778885,-2.586211095421931
125,2011-06-27,NSE:RKDL,22.1,22.85,21.25,21.549999,47206.0,-2.7088081264108306,-1.9911504424778885
126,2011-06-28,NSE:RKDL,22.5,22.5,21.5,21.799999,57181.0,1.1600928612572095,-2.7088081264108306
127,2011-06-29,NSE:RKDL,21.799999,22.15,21.049999,21.450001,48466.0,-1.6054954864906157,1.1600928612572095
128,2011-06-30,NSE:RKDL,21.5,21.75,21.25,21.6,38472.0,0.6992960046948301,-1.6054954864906157
129,2011-07-01,NSE:RKDL,21.200001,22.700001,20.700001,22.65,80132.0,4.861111111111097,0.6992960046948301
130,2011-07-04,NSE:RKDL,23.200001,23.200001,22.1,22.25,32651.0,-1.7660044150110312,4.861111111111097
131,2011-07-05,NSE:RKDL,22.049999,23.0,22.049999,22.9,15036.0,2.921348314606735,-1.7660044150110312
132,2011-07-06,NSE:RKDL,22.299999,24.049999,22.299999,23.700001,88583.0,3.4934541484716233,2.921348314606735
133,2011-07-07,NSE:RKDL,23.5,24.35,23.200001,23.9,94053.0,0.8438776015241446,3.4934541484716233
134,2011-07-08,NSE:RKDL,23.85,23.85,22.4,22.65,76170.0,-5.2301255230125525,0.8438776015241446
135,2011-07-11,NSE:RKDL,22.25,22.950001,22.25,22.799999,80343.0,0.6622472406181065,-5.2301255230125525
136,2011-07-12,NSE:RKDL,22.0,23.15,22.0,22.549999,14678.0,-1.0964912761618981,0.6622472406181065
137,2011-07-13,NSE:RKDL,22.549999,23.5,22.25,23.0,21536.0,1.995569933284699,-1.0964912761618981
138,2011-07-14,NSE:RKDL,22.700001,23.299999,22.700001,22.85,8722.0,-0.652173913043472,1.995569933284699
139,2011-07-15,NSE:RKDL,23.4,23.4,22.5,22.799999,33358.0,-0.21882275711160498,-0.652173913043472
140,2011-07-18,NSE:RKDL,23.0,23.0,22.5,22.5,13983.0,-1.3157851454291718,-0.21882275711160498
141,2011-07-19,NSE:RKDL,22.299999,22.9,22.299999,22.700001,83152.0,0.8888933333333346,-1.3157851454291718
142,2011-07-20,NSE:RKDL,22.9,23.0,22.6,22.6,15589.0,-0.44053302024083124,0.8888933333333346
143,2011-07-21,NSE:RKDL,22.25,22.9,22.049999,22.299999,67347.0,-1.3274380530973529,-0.44053302024083124
144,2011-07-22,NSE:RKDL,22.0,22.6,21.85,22.35,69579.0,0.22421974099640873,-1.3274380530973529
145,2011-07-25,NSE:RKDL,22.450001,22.450001,21.85,22.299999,7735.0,-0.2237181208053769,0.22421974099640873
146,2011-07-26,NSE:RKDL,21.9,22.5,21.9,22.049999,16592.0,-1.1210762834563357,-0.2237181208053769
147,2011-07-27,NSE:RKDL,21.799999,24.299999,21.5,24.25,174458.0,9.97732925067253,-1.1210762834563357
148,2011-07-28,NSE:RKDL,24.25,25.450001,22.9,24.549999,194199.0,1.2371092783505142,9.97732925067253
149,2011-07-29,NSE:RKDL,24.799999,24.950001,23.25,23.35,135913.0,-4.887979832504263,1.2371092783505142
150,2011-08-01,NSE:RKDL,22.450001,23.6,22.450001,23.0,37609.0,-1.4989293361884428,-4.887979832504263
151,2011-08-02,NSE:RKDL,22.799999,23.0,21.700001,21.9,113116.0,-4.78260869565218,-1.4989293361884428
152,2011-08-03,NSE:RKDL,21.65,22.200001,20.65,21.049999,86045.0,-3.8812831050228267,-4.78260869565218
153,2011-08-04,NSE:RKDL,21.4,22.049999,20.75,21.0,68509.0,-0.2375249519014214,-3.8812831050228267
154,2011-08-05,NSE:RKDL,20.5,21.299999,18.9,19.049999,170466.0,-9.28571904761905,-0.2375249519014214
155,2011-08-08,NSE:RKDL,18.0,18.5,17.200001,18.0,25956.0,-5.511806063611865,-9.28571904761905
156,2011-08-09,NSE:RKDL,17.700001,18.200001,17.1,17.65,20374.0,-1.9444444444444524,-5.511806063611865
157,2011-08-10,NSE:RKDL,19.35,19.35,18.15,18.700001,35826.0,5.949014164305959,-1.9444444444444524
158,2011-08-11,NSE:RKDL,18.0,19.15,18.0,18.5,11270.0,-1.0695240069773275,5.949014164305959
159,2011-08-12,NSE:RKDL,18.0,18.799999,18.0,18.25,8385.0,-1.3513513513513513,-1.0695240069773275
160,2011-08-16,NSE:RKDL,18.1,19.25,17.700001,17.9,19155.0,-1.9178082191780899,-1.3513513513513513
161,2011-08-17,NSE:RKDL,18.0,18.0,17.15,17.35,13891.0,-3.0726256983240066,-1.9178082191780899
162,2011-08-18,NSE:RKDL,17.049999,18.0,16.5,16.950001,17731.0,-2.305469740634012,-3.0726256983240066
163,2011-08-19,NSE:RKDL,16.049999,16.6,15.3,15.4,29540.0,-9.144548133065006,-2.305469740634012
164,2011-08-22,NSE:RKDL,15.4,15.95,14.9,15.35,21485.0,-0.3246753246753293,-9.144548133065006
165,2011-08-23,NSE:RKDL,15.05,15.95,15.05,15.45,8943.0,0.6514657980456003,-0.3246753246753293
166,2011-08-24,NSE:RKDL,15.25,16.1,14.8,15.85,12555.0,2.588996763754048,0.6514657980456003
167,2011-08-25,NSE:RKDL,15.7,16.5,15.7,16.25,11411.0,2.5236593059936934,2.588996763754048
168,2011-08-26,NSE:RKDL,16.1,16.35,15.5,15.65,11542.0,-3.69230769230769,2.5236593059936934
169,2011-08-29,NSE:RKDL,15.45,16.200001,15.45,16.049999,9486.0,2.555904153354628,-3.69230769230769
170,2011-08-30,NSE:RKDL,16.5,16.700001,16.0,16.5,4394.0,2.803744722974751,2.555904153354628
171,2011-09-02,NSE:RKDL,15.85,16.75,15.85,16.4,8244.0,-0.6060606060606146,2.803744722974751
172,2011-09-05,NSE:RKDL,15.95,16.85,15.95,16.4,7603.0,0.0,-0.6060606060606146
173,2011-09-06,NSE:RKDL,16.0,16.5,15.85,16.450001,13763.0,0.30488414634147404,0.0
174,2011-09-07,NSE:RKDL,16.049999,17.299999,16.0,17.049999,29705.0,3.647404033592456,0.30488414634147404
175,2011-09-08,NSE:RKDL,17.950001,18.299999,16.549999,18.1,19859.0,6.158363997558016,3.647404033592456
176,2011-09-09,NSE:RKDL,16.5,18.5,16.5,17.65,13839.0,-2.486187845303883,6.158363997558016
177,2011-09-12,NSE:RKDL,15.9,18.299999,15.9,17.200001,20259.0,-2.5495694050991404,-2.486187845303883
178,2011-09-13,NSE:RKDL,16.049999,17.9,16.049999,17.25,9134.0,0.29069184356442584,-2.5495694050991404
179,2011-09-14,NSE:RKDL,15.55,17.5,15.55,17.049999,21576.0,-1.1594260869565236,0.29069184356442584
180,2011-09-15,NSE:RKDL,16.049999,17.75,16.049999,17.25,4980.0,1.1730264617610846,-1.1594260869565236
181,2011-09-16,NSE:RKDL,15.55,17.549999,15.55,17.15,16454.0,-0.5797101449275445,1.1730264617610846
182,2011-09-19,NSE:RKDL,16.5,17.450001,16.200001,16.799999,5250.0,-2.040822157434396,-0.5797101449275445
183,2011-09-20,NSE:RKDL,16.950001,17.5,16.950001,17.4,7197.0,3.5714347363949184,-2.040822157434396
184,2011-09-21,NSE:RKDL,17.35,19.15,17.35,19.15,80418.0,10.057471264367816,3.5714347363949184
185,2011-09-22,NSE:RKDL,19.15,19.5,18.0,18.4,49356.0,-3.91644908616188,10.057471264367816
186,2011-09-23,NSE:RKDL,18.0,18.15,17.549999,17.9,10077.0,-2.717391304347826,-3.91644908616188
187,2011-09-26,NSE:RKDL,17.450001,18.25,17.450001,17.799999,11294.0,-0.5586648044692676,-2.717391304347826
188,2011-09-27,NSE:RKDL,18.049999,18.1,17.5,17.65,8277.0,-0.8426910585781556,-0.5586648044692676
189,2011-09-28,NSE:RKDL,17.200001,17.799999,16.75,17.0,16536.0,-3.682719546742202,-0.8426910585781556
190,2011-09-29,NSE:RKDL,16.5,16.9,16.5,16.799999,9701.0,-1.1764764705882371,-3.682719546742202
191,2011-09-30,NSE:RKDL,16.25,16.75,16.0,16.1,15913.0,-4.166660962301238,-1.1764764705882371
192,2011-10-03,NSE:RKDL,15.5,16.200001,15.5,15.9,10344.0,-1.242236024844727,-4.166660962301238
193,2011-10-04,NSE:RKDL,15.4,16.450001,15.4,16.15,3959.0,1.5723270440251462,-1.242236024844727
194,2011-10-05,NSE:RKDL,16.4,16.5,15.65,15.9,10648.0,-1.5479876160990602,1.5723270440251462
195,2011-10-07,NSE:RKDL,16.450001,16.6,16.049999,16.4,6390.0,3.1446540880503036,-1.5479876160990602
196,2011-10-10,NSE:RKDL,16.4,16.9,16.4,16.75,3791.0,2.1341463414634236,3.1446540880503036
197,2011-10-11,NSE:RKDL,16.75,17.049999,16.549999,16.85,4535.0,0.5970149253731428,2.1341463414634236
198,2011-10-12,NSE:RKDL,16.6,17.15,16.6,16.75,4934.0,-0.5934718100890292,0.5970149253731428
199,2011-10-13,NSE:RKDL,17.200001,17.200001,16.799999,16.799999,6387.0,0.2985014925373115,-0.5934718100890292
200,2011-10-14,NSE:RKDL,16.799999,17.15,16.549999,16.65,9068.0,-0.8928512436221046,0.2985014925373115
201,2011-10-17,NSE:RKDL,16.450001,16.9,16.450001,16.65,9187.0,0.0,-0.8928512436221046
202,2011-10-18,NSE:RKDL,16.85,16.85,16.049999,16.200001,6781.0,-2.7026966966966866,0.0
203,2011-10-19,NSE:RKDL,16.65,16.65,16.15,16.200001,5939.0,0.0,-2.7026966966966866
204,2011-10-20,NSE:RKDL,16.4,16.5,16.0,16.299999,5703.0,0.6172715668350846,0.0
205,2011-10-21,NSE:RKDL,16.0,16.4,15.95,16.1,4554.0,-1.2269878053366645,0.6172715668350846
206,2011-10-24,NSE:RKDL,15.75,16.6,15.75,16.15,17497.0,0.31055900621116245,-1.2269878053366645
207,2011-10-25,NSE:RKDL,16.1,16.700001,16.049999,16.1,4179.0,-0.30959752321979667,0.31055900621116245
208,2011-10-26,NSE:RKDL,15.05,16.950001,15.05,16.25,3680.0,0.9316770186335316,-0.30959752321979667
209,2011-10-28,NSE:RKDL,16.700001,17.0,16.200001,16.4,7338.0,0.9230769230769144,0.9316770186335316
210,2011-10-31,NSE:RKDL,16.1,16.700001,16.049999,16.299999,6705.0,-0.6097621951219445,0.9230769230769144
211,2011-11-01,NSE:RKDL,16.299999,16.4,16.1,16.200001,3831.0,-0.6134847002137814,-0.6097621951219445
212,2011-11-02,NSE:RKDL,15.55,16.549999,15.55,16.049999,7233.0,-0.9259382144482622,-0.6134847002137814
213,2011-11-03,NSE:RKDL,15.8,16.5,15.65,16.35,6064.0,1.8691652254931714,-0.9259382144482622
214,2011-11-04,NSE:RKDL,16.200001,16.65,16.0,16.0,12442.0,-2.1406727828746264,1.8691652254931714
215,2011-11-08,NSE:RKDL,16.450001,16.700001,16.299999,16.6,6507.0,3.750000000000009,-2.1406727828746264
216,2011-11-09,NSE:RKDL,16.5,18.5,16.5,18.0,47171.0,8.433734939759027,3.750000000000009
217,2011-11-11,NSE:RKDL,17.25,18.85,17.049999,17.9,15105.0,-0.5555555555555635,8.433734939759027
218,2011-11-14,NSE:RKDL,17.4,18.1,16.75,16.950001,16805.0,-5.307256983240214,-0.5555555555555635
219,2011-11-15,NSE:RKDL,16.25,16.85,15.85,16.1,11787.0,-5.014754866386137,-5.307256983240214
220,2011-11-16,NSE:RKDL,15.55,16.549999,14.35,15.8,16434.0,-1.863354037267085,-5.014754866386137
221,2011-11-17,NSE:RKDL,15.3,15.95,15.3,15.6,4806.0,-1.2658227848101333,-1.863354037267085
222,2011-11-18,NSE:RKDL,15.1,15.35,14.65,15.15,12860.0,-2.88461538461538,-1.2658227848101333
223,2011-11-21,NSE:RKDL,14.65,15.6,14.65,14.85,16329.0,-1.9801980198019846,-2.88461538461538
224,2011-11-22,NSE:RKDL,14.7,15.55,14.5,14.65,7827.0,-1.346801346801342,-1.9801980198019846
225,2011-11-23,NSE:RKDL,14.6,15.45,13.55,14.3,18431.0,-2.3890784982935127,-1.346801346801342
226,2011-11-24,NSE:RKDL,14.3,14.55,13.85,14.05,6845.0,-1.7482517482517481,-2.3890784982935127
227,2011-11-25,NSE:RKDL,13.7,15.0,13.15,15.0,9305.0,6.761565836298927,-1.7482517482517481
228,2011-11-28,NSE:RKDL,14.95,14.95,13.0,13.95,20982.0,-7.000000000000004,6.761565836298927
229,2011-11-29,NSE:RKDL,14.4,14.4,13.5,13.65,8637.0,-2.150537634408595,-7.000000000000004
230,2011-11-30,NSE:RKDL,13.45,14.2,13.45,13.7,6543.0,0.3663003663003585,-2.150537634408595
231,2011-12-01,NSE:RKDL,14.8,15.0,14.05,14.35,6557.0,4.744525547445258,0.3663003663003585
232,2011-12-02,NSE:RKDL,14.5,14.85,14.0,14.4,5813.0,0.3484320557491339,4.744525547445258
233,2011-12-05,NSE:RKDL,14.3,15.0,14.0,14.5,13006.0,0.694444444444442,0.3484320557491339
234,2011-12-07,NSE:RKDL,14.15,14.65,14.1,14.3,7678.0,-1.3793103448275814,0.694444444444442
235,2011-12-08,NSE:RKDL,14.0,14.3,13.85,14.0,4506.0,-2.097902097902103,-1.3793103448275814
236,2011-12-09,NSE:RKDL,13.35,13.85,13.35,13.55,8097.0,-3.214285714285709,-2.097902097902103
237,2011-12-12,NSE:RKDL,13.45,13.75,13.3,13.45,13109.0,-0.7380073800738112,-3.214285714285709
238,2011-12-13,NSE:RKDL,13.3,15.35,13.05,13.2,8625.0,-1.858736059479554,-0.7380073800738112
239,2011-12-14,NSE:RKDL,13.3,14.0,13.25,13.4,7756.0,1.5151515151515234,-1.858736059479554
240,2011-12-15,NSE:RKDL,12.95,13.4,12.85,13.0,11171.0,-2.9850746268656745,1.5151515151515234
241,2011-12-16,NSE:RKDL,13.05,13.3,13.0,13.0,15481.0,0.0,-2.9850746268656745
242,2011-12-19,NSE:RKDL,12.85,13.6,10.4,10.75,3186290.0,-17.307692307692307,0.0
243,2011-12-20,NSE:RKDL,10.95,12.5,8.65,9.0,1478936.0,-16.27906976744186,-17.307692307692307
244,2011-12-21,NSE:RKDL,9.7,9.9,9.3,9.9,82473.0,10.000000000000004,-16.27906976744186
245,2011-12-22,NSE:RKDL,10.85,10.85,10.85,10.85,6891.0,9.595959595959588,10.000000000000004
246,2011-12-23,NSE:RKDL,11.9,11.9,11.9,11.9,36805.0,9.677419354838717,9.595959595959588
247,2011-12-26,NSE:RKDL,12.5,12.5,12.5,12.5,4671.0,5.042016806722685,9.677419354838717
248,2011-12-27,NSE:RKDL,13.1,13.1,13.1,13.1,27254.0,4.799999999999997,5.042016806722685
249,2011-12-28,NSE:RKDL,13.75,13.75,13.75,13.75,11824.0,4.961832061068705,4.799999999999997
250,2011-12-29,NSE:RKDL,14.4,14.4,14.4,14.4,5233.0,4.72727272727273,4.961832061068705
251,2011-12-30,NSE:RKDL,15.1,15.1,15.1,15.1,9318.0,4.861111111111106,4.72727272727273
252,2012-01-02,NSE:RKDL,15.85,15.85,15.85,15.85,6449.0,4.966887417218543,4.861111111111106
253,2012-01-03,NSE:RKDL,16.6,16.6,15.15,15.5,224007.0,-2.2082018927444773,4.966887417218543
254,2012-01-04,NSE:RKDL,14.8,15.95,14.75,15.65,41375.0,0.9677419354838732,-2.2082018927444773
255,2012-01-05,NSE:RKDL,16.25,16.25,15.1,15.8,17060.0,0.9584664536741236,0.9677419354838732
256,2012-01-06,NSE:RKDL,15.1,16.450001,15.05,16.1,308797.0,1.8987341772151944,0.9584664536741236
257,2012-01-09,NSE:RKDL,16.0,16.049999,15.55,15.8,8632.0,-1.863354037267085,1.8987341772151944
258,2012-01-10,NSE:RKDL,15.4,16.549999,15.35,16.549999,46304.0,4.746829113924044,-1.863354037267085
259,2012-01-11,NSE:RKDL,17.200001,17.299999,16.6,16.700001,29347.0,0.9063565502330281,4.746829113924044
260,2012-01-12,NSE:RKDL,16.200001,16.799999,16.200001,16.25,9957.0,-2.6946166051127802,0.9063565502330281
261,2012-01-13,NSE:RKDL,16.049999,16.85,16.049999,16.299999,11736.0,0.3076861538461519,-2.6946166051127802
262,2012-01-16,NSE:RKDL,16.049999,16.700001,15.9,16.25,7931.0,-0.3067423501068907,0.3076861538461519
263,2012-01-17,NSE:RKDL,16.9,16.9,16.0,16.35,9110.0,0.6153846153846242,-0.3067423501068907
264,2012-01-18,NSE:RKDL,16.799999,16.9,15.8,15.85,4620.0,-3.058103975535179,0.6153846153846242
265,2012-01-19,NSE:RKDL,16.299999,16.4,15.5,15.8,7435.0,-0.3154574132492046,-3.058103975535179
266,2012-01-20,NSE:RKDL,16.1,16.15,15.4,15.6,16133.0,-1.2658227848101333,-0.3154574132492046
267,2012-01-23,NSE:RKDL,15.2,15.75,15.2,15.2,6139.0,-2.5641025641025665,-1.2658227848101333
268,2012-01-24,NSE:RKDL,15.9,15.95,15.0,15.85,26164.0,4.276315789473687,-2.5641025641025665
269,2012-01-25,NSE:RKDL,15.6,16.450001,15.6,16.299999,23140.0,2.8391104100946376,4.276315789473687
270,2012-01-27,NSE:RKDL,16.9,16.9,15.8,15.9,12543.0,-2.453981745643048,2.8391104100946376
271,2012-01-30,NSE:RKDL,15.9,16.200001,15.5,16.0,9893.0,0.6289308176100606,-2.453981745643048
272,2012-01-31,NSE:RKDL,16.049999,16.299999,15.5,15.75,6939.0,-1.5625,0.6289308176100606
273,2012-02-01,NSE:RKDL,15.7,16.4,15.5,16.299999,11331.0,3.4920571428571403,-1.5625
274,2012-02-02,NSE:RKDL,16.049999,16.450001,15.7,16.049999,9268.0,-1.533742425382971,3.4920571428571403
275,2012-02-03,NSE:RKDL,16.1,16.35,15.75,16.049999,12821.0,0.0,-1.533742425382971
276,2012-02-06,NSE:RKDL,16.200001,16.200001,15.75,15.85,15602.0,-1.2460997661121351,0.0
277,2012-02-07,NSE:RKDL,16.200001,16.200001,15.6,15.65,5208.0,-1.2618296529968411,-1.2460997661121351
278,2012-02-08,NSE:RKDL,15.25,16.049999,15.25,15.75,5806.0,0.6389776357827454,-1.2618296529968411
279,2012-02-09,NSE:RKDL,15.6,16.049999,15.5,16.0,9210.0,1.5873015873015872,0.6389776357827454
280,2012-02-10,NSE:RKDL,15.8,16.0,15.65,15.7,4059.0,-1.8750000000000044,1.5873015873015872
281,2012-02-13,NSE:RKDL,15.45,16.0,15.4,15.95,252672.0,1.5923566878980893,-1.8750000000000044
282,2012-02-14,NSE:RKDL,15.55,16.25,15.55,15.8,245993.0,-0.9404388714733455,1.5923566878980893
283,2012-02-15,NSE:RKDL,16.200001,16.5,15.8,15.9,263233.0,0.632911392405061,-0.9404388714733455
284,2012-02-16,NSE:RKDL,16.299999,16.299999,15.9,16.15,186553.0,1.5723270440251462,0.632911392405061
285,2012-02-17,NSE:RKDL,16.9,16.9,15.5,15.9,307564.0,-1.5479876160990602,1.5723270440251462
286,2012-02-21,NSE:RKDL,16.5,16.5,15.8,15.8,16428.0,-0.6289308176100606,-1.5479876160990602
287,2012-02-22,NSE:RKDL,15.8,16.0,15.5,15.75,12109.0,-0.3164556962025361,-0.6289308176100606
288,2012-02-23,NSE:RKDL,15.25,15.8,15.1,15.6,13238.0,-0.9523809523809548,-0.3164556962025361
289,2012-02-24,NSE:RKDL,16.0,16.0,14.85,15.05,13111.0,-3.5256410256410184,-0.9523809523809548
290,2012-02-27,NSE:RKDL,14.55,15.35,14.5,15.0,22202.0,-0.33222591362126713,-3.5256410256410184
291,2012-02-28,NSE:RKDL,15.6,15.6,14.75,14.9,5696.0,-0.6666666666666643,-0.33222591362126713
292,2012-02-29,NSE:RKDL,15.35,15.35,14.65,14.75,12761.0,-1.0067114093959755,-0.6666666666666643
293,2012-03-01,NSE:RKDL,14.35,14.75,14.2,14.35,14123.0,-2.7118644067796636,-1.0067114093959755
294,2012-03-02,NSE:RKDL,14.0,14.45,13.9,13.9,11191.0,-3.1358885017421554,-2.7118644067796636
295,2012-03-05,NSE:RKDL,13.65,14.1,13.45,13.45,30648.0,-3.2374100719424534,-3.1358885017421554
296,2012-03-06,NSE:RKDL,12.3,13.9,12.15,12.25,30254.0,-8.921933085501854,-3.2374100719424534
297,2012-03-07,NSE:RKDL,11.8,12.35,11.05,11.05,68184.0,-9.795918367346932,-8.921933085501854
298,2012-03-09,NSE:RKDL,11.05,12.15,11.05,12.15,138350.0,9.954751131221716,-9.795918367346932
299,2012-03-12,NSE:RKDL,12.2,12.75,12.15,12.5,11526.0,2.880658436213989,9.954751131221716
300,2012-03-13,NSE:RKDL,12.95,12.95,12.5,12.75,61077.0,2.0,2.880658436213989
301,2012-03-14,NSE:RKDL,12.75,12.9,12.15,12.5,7431.0,-1.9607843137254901,2.0
302,2012-03-15,NSE:RKDL,12.5,12.6,11.35,12.45,24266.0,-0.40000000000000563,-1.9607843137254901
303,2012-03-16,NSE:RKDL,12.0,12.75,12.0,12.6,8384.0,1.2048192771084365,-0.40000000000000563
304,2012-03-19,NSE:RKDL,12.55,13.0,11.6,12.1,8100.0,-3.968253968253968,1.2048192771084365
305,2012-03-20,NSE:RKDL,12.0,12.55,11.55,12.5,446775.0,3.305785123966945,-3.968253968253968
306,2012-03-21,NSE:RKDL,12.15,12.65,12.15,12.4,5004.0,-0.7999999999999973,3.305785123966945
307,2012-03-22,NSE:RKDL,11.85,12.65,11.85,12.1,207669.0,-2.4193548387096833,-0.7999999999999973
308,2012-03-23,NSE:RKDL,11.7,12.1,11.7,12.0,132605.0,-0.8264462809917326,-2.4193548387096833
309,2012-03-26,NSE:RKDL,11.9,12.5,11.1,11.55,102902.0,-3.7499999999999942,-0.8264462809917326
310,2012-03-27,NSE:RKDL,11.5,11.75,11.3,11.4,101754.0,-1.2987012987013018,-3.7499999999999942
311,2012-03-28,NSE:RKDL,11.45,11.7,11.2,11.55,308743.0,1.3157894736842135,-1.2987012987013018
312,2012-03-29,NSE:RKDL,11.6,11.95,11.15,11.5,4567.0,-0.43290043290043906,1.3157894736842135
313,2012-03-30,NSE:RKDL,11.25,12.5,11.25,11.4,15876.0,-0.8695652173913012,-0.43290043290043906
314,2012-04-02,NSE:RKDL,11.4,11.95,11.35,11.5,3310.0,0.8771929824561372,-0.8695652173913012
315,2012-04-03,NSE:RKDL,11.35,12.25,11.2,11.45,14875.0,-0.4347826086956583,0.8771929824561372
316,2012-04-04,NSE:RKDL,11.4,11.55,10.55,11.4,7858.0,-0.4366812227074143,-0.4347826086956583
317,2012-04-09,NSE:RKDL,11.6,11.6,11.15,11.25,8546.0,-1.3157894736842135,-0.4366812227074143
318,2012-04-10,NSE:RKDL,11.3,11.55,11.3,11.45,2076.0,1.7777777777777715,-1.3157894736842135
319,2012-04-11,NSE:RKDL,11.75,11.75,11.25,11.3,5655.0,-1.3100436681222583,1.7777777777777715
320,2012-04-12,NSE:RKDL,11.8,11.8,11.05,11.2,14178.0,-0.8849557522124019,-1.3100436681222583
321,2012-04-13,NSE:RKDL,11.4,11.45,11.15,11.3,4772.0,0.8928571428571557,-0.8849557522124019
322,2012-04-16,NSE:RKDL,11.15,11.35,11.15,11.3,2692.0,0.0,0.8928571428571557
323,2012-04-17,NSE:RKDL,11.0,11.4,11.0,11.1,6939.0,-1.7699115044247882,0.0
324,2012-04-18,NSE:RKDL,11.0,11.3,10.9,11.1,15008.0,0.0,-1.7699115044247882
325,2012-04-19,NSE:RKDL,11.35,11.35,10.9,11.15,7051.0,0.45045045045045684,0.0
326,2012-04-20,NSE:RKDL,11.1,11.7,11.0,11.3,7785.0,1.345291479820631,0.45045045045045684
327,2012-04-23,NSE:RKDL,11.0,11.65,10.8,11.05,7061.0,-2.2123893805309733,1.345291479820631
328,2012-04-24,NSE:RKDL,11.1,11.45,11.0,11.3,16409.0,2.262443438914027,-2.2123893805309733
329,2012-04-25,NSE:RKDL,11.3,11.3,10.6,11.0,6335.0,-2.6548672566371745,2.262443438914027
330,2012-04-26,NSE:RKDL,11.05,11.4,11.0,11.25,3269.0,2.272727272727273,-2.6548672566371745
331,2012-04-27,NSE:RKDL,11.1,11.45,10.25,10.8,11842.0,-3.999999999999994,2.272727272727273
332,2012-04-30,NSE:RKDL,11.05,11.45,11.0,11.4,15151.0,5.555555555555552,-3.999999999999994
333,2012-05-02,NSE:RKDL,11.5,11.5,10.85,10.9,6742.0,-4.385964912280701,5.555555555555552
334,2012-05-03,NSE:RKDL,10.9,11.0,10.65,10.75,2222.0,-1.376146788990829,-4.385964912280701
335,2012-05-04,NSE:RKDL,10.35,11.1,9.8,9.85,19974.0,-8.372093023255816,-1.376146788990829
336,2012-05-07,NSE:RKDL,9.85,10.3,9.6,10.25,7170.0,4.0609137055837605,-8.372093023255816
337,2012-05-08,NSE:RKDL,10.05,10.6,10.05,10.2,6080.0,-0.4878048780487874,4.0609137055837605
338,2012-05-09,NSE:RKDL,10.15,10.3,9.8,9.8,4741.0,-3.9215686274509665,-0.4878048780487874
339,2012-05-10,NSE:RKDL,9.5,10.2,9.5,10.0,6986.0,2.0408163265306047,-3.9215686274509665
340,2012-05-11,NSE:RKDL,10.0,10.0,9.5,9.85,9288.0,-1.5000000000000036,2.0408163265306047
341,2012-05-14,NSE:RKDL,9.7,10.25,9.35,9.55,7298.0,-3.0456852791878064,-1.5000000000000036
342,2012-05-15,NSE:RKDL,9.15,9.55,9.15,9.45,9518.0,-1.0471204188481824,-3.0456852791878064
343,2012-05-16,NSE:RKDL,8.8,9.7,8.8,9.35,7338.0,-1.0582010582010546,-1.0471204188481824
344,2012-05-17,NSE:RKDL,9.25,9.6,9.05,9.25,3968.0,-1.0695187165775364,-1.0582010582010546
345,2012-05-18,NSE:RKDL,9.0,9.35,9.0,9.0,2980.0,-2.7027027027027026,-1.0695187165775364
346,2012-05-21,NSE:RKDL,9.45,9.45,9.0,9.25,3484.0,2.7777777777777777,-2.7027027027027026
347,2012-05-22,NSE:RKDL,9.3,9.7,9.0,9.0,5251.0,-2.7027027027027026,2.7777777777777777
348,2012-05-23,NSE:RKDL,9.0,9.45,9.0,9.25,5382.0,2.7777777777777777,-2.7027027027027026
349,2012-05-24,NSE:RKDL,8.75,9.35,8.75,9.0,4148.0,-2.7027027027027026,2.7777777777777777
350,2012-05-25,NSE:RKDL,9.35,9.75,9.05,9.1,2575.0,1.1111111111111072,-2.7027027027027026
351,2012-05-28,NSE:RKDL,9.5,9.5,9.05,9.15,3563.0,0.5494505494505573,1.1111111111111072
352,2012-05-29,NSE:RKDL,9.3,9.5,8.95,9.15,11110.0,0.0,0.5494505494505573
353,2012-05-30,NSE:RKDL,9.2,9.3,9.0,9.15,55357.0,0.0,0.0
354,2012-05-31,NSE:RKDL,9.0,9.35,9.0,9.15,11988.0,0.0,0.0
355,2012-06-01,NSE:RKDL,9.3,9.35,9.0,9.0,4252.0,-1.6393442622950858,0.0
356,2012-06-04,NSE:RKDL,8.9,9.45,8.6,9.4,3167.0,4.444444444444448,-1.6393442622950858
357,2012-06-05,NSE:RKDL,9.1,9.25,9.0,9.1,4111.0,-3.191489361702135,4.444444444444448
358,2012-06-06,NSE:RKDL,9.4,9.7,9.15,9.6,10187.0,5.4945054945054945,-3.191489361702135
359,2012-06-07,NSE:RKDL,9.35,9.7,9.35,9.4,2761.0,-2.083333333333326,5.4945054945054945
360,2012-06-08,NSE:RKDL,9.55,10.8,9.5,10.0,14529.0,6.382978723404251,-2.083333333333326
361,2012-06-11,NSE:RKDL,9.95,10.5,9.8,10.05,18688.0,0.5000000000000071,6.382978723404251
362,2012-06-12,NSE:RKDL,10.0,10.35,10.0,10.3,4255.0,2.487562189054726,0.5000000000000071
363,2012-06-13,NSE:RKDL,10.5,10.5,9.9,9.95,5064.0,-3.398058252427198,2.487562189054726
364,2012-06-14,NSE:RKDL,10.2,10.4,9.55,9.9,2841.0,-0.5025125628140596,-3.398058252427198
365,2012-06-15,NSE:RKDL,10.25,10.25,9.65,9.7,3630.0,-2.020202020202031,-0.5025125628140596
366,2012-06-18,NSE:RKDL,9.65,10.0,9.5,9.6,1774.0,-1.0309278350515427,-2.020202020202031
367,2012-06-19,NSE:RKDL,9.8,9.8,9.35,9.55,3877.0,-0.5208333333333223,-1.0309278350515427
368,2012-06-20,NSE:RKDL,9.25,9.6,9.25,9.4,3135.0,-1.570680628272255,-0.5208333333333223
369,2012-06-21,NSE:RKDL,9.8,9.8,9.25,9.8,4756.0,4.255319148936174,-1.570680628272255
370,2012-06-22,NSE:RKDL,10.2,10.2,9.3,9.65,3816.0,-1.5306122448979627,4.255319148936174
371,2012-06-25,NSE:RKDL,9.75,10.15,9.5,9.7,2252.0,0.5181347150258957,-1.5306122448979627
372,2012-06-26,NSE:RKDL,9.9,9.95,9.7,9.95,2369.0,2.577319587628866,0.5181347150258957
373,2012-06-27,NSE:RKDL,9.6,9.95,9.55,9.55,2048.0,-4.020100502512549,2.577319587628866
374,2012-06-28,NSE:RKDL,9.9,9.95,9.1,9.2,24136.0,-3.6649214659686007,-4.020100502512549
375,2012-06-29,NSE:RKDL,9.1,9.55,9.1,9.3,14243.0,1.086956521739146,-3.6649214659686007
376,2012-07-02,NSE:RKDL,9.4,9.6,9.3,9.45,5420.0,1.6129032258064364,1.086956521739146
377,2012-07-03,NSE:RKDL,9.65,9.85,9.35,9.7,4906.0,2.6455026455026456,1.6129032258064364
378,2012-07-04,NSE:RKDL,9.85,11.5,9.85,10.85,236078.0,11.85567010309279,2.6455026455026456
379,2012-07-05,NSE:RKDL,11.1,11.15,10.5,10.95,41401.0,0.9216589861751119,11.85567010309279
380,2012-07-06,NSE:RKDL,11.15,11.15,10.5,10.65,18625.0,-2.739726027397251,0.9216589861751119
381,2012-07-09,NSE:RKDL,11.2,11.2,10.2,10.2,9172.0,-4.225352112676066,-2.739726027397251
382,2012-07-10,NSE:RKDL,10.15,10.7,10.1,10.25,18678.0,0.4901960784313796,-4.225352112676066
383,2012-07-11,NSE:RKDL,10.9,10.9,10.2,10.3,10612.0,0.4878048780487874,0.4901960784313796
384,2012-07-12,NSE:RKDL,10.2,10.65,10.2,10.65,12654.0,3.3980582524271807,0.4878048780487874
385,2012-07-13,NSE:RKDL,10.15,11.0,10.1,10.45,10073.0,-1.8779342723004795,3.3980582524271807
386,2012-07-16,NSE:RKDL,10.25,10.6,10.15,10.15,3010.0,-2.8708133971291767,-1.8779342723004795
387,2012-07-17,NSE:RKDL,10.45,10.5,10.1,10.1,5219.0,-0.4926108374384306,-2.8708133971291767
388,2012-07-18,NSE:RKDL,10.15,10.45,9.7,9.85,5973.0,-2.4752475247524752,-0.4926108374384306
389,2012-07-19,NSE:RKDL,10.7,10.9,10.0,10.75,12628.0,9.137055837563455,-2.4752475247524752
390,2012-07-20,NSE:RKDL,10.25,10.5,10.1,10.15,5518.0,-5.581395348837206,9.137055837563455
391,2012-07-23,NSE:RKDL,10.4,10.4,10.0,10.35,2518.0,1.9704433497536877,-5.581395348837206
392,2012-07-24,NSE:RKDL,10.2,10.5,10.0,10.05,3519.0,-2.898550724637671,1.9704433497536877
393,2012-07-25,NSE:RKDL,10.0,10.3,9.85,10.0,5055.0,-0.4975124378109523,-2.898550724637671
394,2012-07-26,NSE:RKDL,10.0,10.2,9.75,10.0,4737.0,0.0,-0.4975124378109523
395,2012-07-27,NSE:RKDL,9.9,10.2,9.85,9.9,5200.0,-0.9999999999999963,0.0
396,2012-07-30,NSE:RKDL,9.7,10.35,9.7,10.1,1019.0,2.0202020202020132,-0.9999999999999963
397,2012-07-31,NSE:RKDL,10.1,10.25,9.7,9.7,13720.0,-3.960396039603964,2.0202020202020132
398,2012-08-01,NSE:RKDL,9.7,10.15,9.7,9.7,7214.0,0.0,-3.960396039603964
399,2012-08-02,NSE:RKDL,9.65,10.25,9.65,10.2,1590.0,5.154639175257732,0.0
400,2012-08-03,NSE:RKDL,9.75,10.05,9.75,9.75,2586.0,-4.411764705882346,5.154639175257732
401,2012-08-06,NSE:RKDL,9.9,10.25,9.9,10.1,1295.0,3.589743589743586,-4.411764705882346
402,2012-08-07,NSE:RKDL,9.9,10.0,9.7,9.8,1722.0,-2.9702970297029596,3.589743589743586
403,2012-08-08,NSE:RKDL,9.35,10.0,9.35,9.7,3269.0,-1.0204081632653206,-2.9702970297029596
404,2012-08-09,NSE:RKDL,9.7,10.25,9.7,9.7,2367.0,0.0,-1.0204081632653206
405,2012-08-10,NSE:RKDL,9.7,9.9,9.7,9.7,4296.0,0.0,0.0
406,2012-08-13,NSE:RKDL,9.65,9.85,9.55,9.65,5510.0,-0.5154639175257623,0.0
407,2012-08-14,NSE:RKDL,9.35,9.85,9.3,9.85,10855.0,2.072538860103619,-0.5154639175257623
408,2012-08-16,NSE:RKDL,9.6,9.85,9.45,9.85,1799.0,0.0,2.072538860103619
409,2012-08-17,NSE:RKDL,9.55,9.85,9.35,9.6,3898.0,-2.5380710659898478,0.0
410,2012-08-21,NSE:RKDL,9.9,9.9,9.4,9.4,3353.0,-2.083333333333326,-2.5380710659898478
411,2012-08-22,NSE:RKDL,9.6,9.6,9.35,9.45,992.0,0.5319148936170099,-2.083333333333326
412,2012-08-23,NSE:RKDL,9.75,9.75,9.35,9.6,3016.0,1.587301587301591,0.5319148936170099
413,2012-08-24,NSE:RKDL,9.3,9.5,9.3,9.3,5063.0,-3.124999999999989,1.587301587301591
414,2012-08-27,NSE:RKDL,9.35,9.35,9.3,9.3,10823.0,0.0,-3.124999999999989
415,2012-08-28,NSE:RKDL,9.2,9.4,9.1,9.2,5911.0,-1.0752688172043163,0.0
416,2012-08-29,NSE:RKDL,9.05,9.35,9.0,9.25,3498.0,0.543478260869573,-1.0752688172043163
417,2012-08-30,NSE:RKDL,8.95,9.25,8.9,8.95,7221.0,-3.243243243243251,0.543478260869573
418,2012-08-31,NSE:RKDL,8.95,9.9,8.95,9.05,8830.0,1.1173184357542059,-3.243243243243251
419,2012-09-03,NSE:RKDL,8.9,9.35,8.85,9.0,3542.0,-0.5524861878453117,1.1173184357542059
420,2012-09-04,NSE:RKDL,9.25,9.25,8.75,9.1,1839.0,1.1111111111111072,-0.5524861878453117
421,2012-09-05,NSE:RKDL,9.2,9.2,8.65,8.8,3032.0,-3.296703296703285,1.1111111111111072
422,2012-09-06,NSE:RKDL,8.85,9.0,8.7,8.7,3744.0,-1.1363636363636525,-3.296703296703285
423,2012-09-07,NSE:RKDL,8.75,9.15,8.6,8.75,10197.0,0.5747126436781691,-1.1363636363636525
424,2012-09-10,NSE:RKDL,9.25,9.45,8.9,9.15,6712.0,4.571428571428576,0.5747126436781691
425,2012-09-11,NSE:RKDL,9.0,9.2,8.9,9.0,6030.0,-1.6393442622950858,4.571428571428576
426,2012-09-12,NSE:RKDL,9.05,9.75,9.05,9.4,2157.0,4.444444444444448,-1.6393442622950858
427,2012-09-13,NSE:RKDL,9.85,11.25,9.3,10.8,179563.0,14.893617021276597,4.444444444444448
428,2012-09-14,NSE:RKDL,11.3,12.95,10.9,12.95,502369.0,19.907407407407394,14.893617021276597
429,2012-09-17,NSE:RKDL,13.25,14.2,12.05,12.85,339897.0,-0.7722007722007695,19.907407407407394
430,2012-09-18,NSE:RKDL,12.8,13.3,12.75,12.95,177640.0,0.7782101167315147,-0.7722007722007695
431,2012-09-20,NSE:RKDL,12.8,13.0,12.7,12.8,155077.0,-1.1583011583011473,0.7782101167315147
432,2012-09-21,NSE:RKDL,13.15,13.65,12.9,13.6,168482.0,6.249999999999992,-1.1583011583011473
433,2012-09-24,NSE:RKDL,13.5,13.8,13.45,13.7,85746.0,0.7352941176470562,6.249999999999992
434,2012-09-25,NSE:RKDL,13.6,13.65,13.4,13.45,157831.0,-1.8248175182481754,0.7352941176470562
435,2012-09-26,NSE:RKDL,14.75,14.75,13.35,13.4,53151.0,-0.3717472118959029,-1.8248175182481754
436,2012-09-27,NSE:RKDL,13.3,13.4,13.2,13.25,55717.0,-1.1194029850746294,-0.3717472118959029
437,2012-09-28,NSE:RKDL,13.25,13.25,12.9,12.9,37471.0,-2.6415094339622613,-1.1194029850746294
438,2012-10-01,NSE:RKDL,13.05,13.15,12.95,13.1,116893.0,1.5503875968992191,-2.6415094339622613
439,2012-10-03,NSE:RKDL,13.0,13.15,13.0,13.0,22361.0,-0.7633587786259515,1.5503875968992191
440,2012-10-04,NSE:RKDL,13.0,13.15,13.0,13.0,7661.0,0.0,-0.7633587786259515
441,2012-10-05,NSE:RKDL,13.05,13.15,12.85,12.85,62925.0,-1.1538461538461564,0.0
442,2012-10-08,NSE:RKDL,12.95,13.0,12.5,12.5,4490.0,-2.7237354085603087,-1.1538461538461564
443,2012-10-09,NSE:RKDL,12.75,12.75,12.0,12.0,77340.0,-4.0,-2.7237354085603087
444,2012-10-10,NSE:RKDL,12.5,12.5,12.0,12.0,17250.0,0.0,-4.0
445,2012-10-11,NSE:RKDL,11.95,11.95,11.55,11.55,2762.0,-3.7499999999999942,0.0
446,2012-10-12,NSE:RKDL,11.6,11.9,11.3,11.9,69210.0,3.0303030303030267,-3.7499999999999942
447,2012-10-15,NSE:RKDL,11.5,11.5,11.4,11.4,435.0,-4.201680672268907,3.0303030303030267
448,2012-10-16,NSE:RKDL,11.85,11.85,11.15,11.5,3262.0,0.8771929824561372,-4.201680672268907
449,2012-10-17,NSE:RKDL,11.45,11.85,11.4,11.5,45260.0,0.0,0.8771929824561372
450,2012-10-18,NSE:RKDL,11.85,11.85,11.35,11.35,605.0,-1.3043478260869596,0.0
451,2012-10-19,NSE:RKDL,11.35,11.5,11.35,11.4,45400.0,0.4405286343612398,-1.3043478260869596
452,2012-10-22,NSE:RKDL,11.6,11.6,11.2,11.2,31103.0,-1.75438596491229,0.4405286343612398
453,2012-10-23,NSE:RKDL,11.5,11.8,11.0,11.45,7180.0,2.232142857142857,-1.75438596491229
454,2012-10-25,NSE:RKDL,11.0,11.55,11.0,11.55,1010.0,0.8733624454148596,2.232142857142857
455,2012-10-26,NSE:RKDL,11.45,11.55,11.15,11.25,3340.0,-2.5974025974026036,0.8733624454148596
456,2012-10-29,NSE:RKDL,11.4,11.75,11.3,11.3,2010.0,0.44444444444445075,-2.5974025974026036
457,2012-10-30,NSE:RKDL,11.65,11.65,11.0,11.6,3923.0,2.6548672566371585,0.44444444444445075
458,2012-10-31,NSE:RKDL,11.05,11.15,10.7,10.7,8226.0,-7.758620689655175,2.6548672566371585
459,2012-11-01,NSE:RKDL,11.0,11.0,10.85,10.85,4501.0,1.4018691588785082,-7.758620689655175
460,2012-11-02,NSE:RKDL,10.9,11.3,10.75,11.0,12119.0,1.3824884792626762,1.4018691588785082
461,2012-11-05,NSE:RKDL,11.2,11.5,11.1,11.2,11238.0,1.818181818181812,1.3824884792626762
462,2012-11-06,NSE:RKDL,11.2,11.65,11.1,11.15,1142.0,-0.44642857142856196,1.818181818181812
463,2012-11-07,NSE:RKDL,11.15,11.6,11.05,11.25,17861.0,0.896860986547082,-0.44642857142856196
464,2012-11-08,NSE:RKDL,11.2,11.4,11.05,11.4,14150.0,1.3333333333333366,0.896860986547082
465,2012-11-09,NSE:RKDL,11.4,11.7,11.2,11.55,13094.0,1.3157894736842135,1.3333333333333366
466,2012-11-12,NSE:RKDL,11.4,11.85,11.3,11.35,25261.0,-1.7316017316017407,1.3157894736842135
467,2012-11-13,NSE:RKDL,11.25,11.8,11.2,11.8,2210.0,3.964757709251111,-1.7316017316017407
468,2012-11-15,NSE:RKDL,11.8,11.8,11.3,11.35,1500.0,-3.813559322033907,3.964757709251111
469,2012-11-16,NSE:RKDL,11.5,11.75,11.15,11.15,3251.0,-1.7621145374449279,-3.813559322033907
470,2012-11-19,NSE:RKDL,11.25,11.65,11.0,11.0,34365.0,-1.345291479820631,-1.7621145374449279
471,2012-11-20,NSE:RKDL,11.25,11.65,11.0,11.45,8739.0,4.090909090909085,-1.345291479820631
472,2012-11-21,NSE:RKDL,11.0,11.5,11.0,11.2,739.0,-2.183406113537118,4.090909090909085
473,2012-11-22,NSE:RKDL,11.25,11.6,11.1,11.5,22952.0,2.678571428571435,-2.183406113537118
474,2012-11-23,NSE:RKDL,11.3,11.3,11.15,11.2,5366.0,-2.6086956521739193,2.678571428571435
475,2012-11-26,NSE:RKDL,11.5,11.6,11.2,11.25,2794.0,0.44642857142857784,-2.6086956521739193
476,2012-11-27,NSE:RKDL,11.25,11.8,11.15,11.8,21187.0,4.8888888888888955,0.44642857142857784
477,2012-11-29,NSE:RKDL,12.35,12.35,12.35,12.35,9610.0,4.661016949152533,4.8888888888888955
478,2012-11-30,NSE:RKDL,12.95,12.95,12.95,12.95,8876.0,4.858299595141697,4.661016949152533
479,2012-12-03,NSE:RKDL,13.55,13.55,13.55,13.55,7701.0,4.633204633204644,4.858299595141697
480,2012-12-04,NSE:RKDL,14.2,14.2,13.8,14.2,31137.0,4.797047970479694,4.633204633204644
481,2012-12-05,NSE:RKDL,14.9,14.9,13.5,13.8,1199354.0,-2.8169014084506943,4.797047970479694
482,2012-12-06,NSE:RKDL,14.2,14.3,13.3,13.4,96902.0,-2.898550724637684,-2.8169014084506943
483,2012-12-07,NSE:RKDL,13.85,13.85,12.85,12.85,50431.0,-4.104477611940303,-2.898550724637684
484,2012-12-10,NSE:RKDL,13.3,13.3,12.25,12.35,32698.0,-3.8910505836575875,-4.104477611940303
485,2012-12-11,NSE:RKDL,12.35,12.95,12.35,12.95,55920.0,4.858299595141697,-3.8910505836575875
486,2012-12-12,NSE:RKDL,13.5,13.55,12.8,13.55,28673.0,4.633204633204644,4.858299595141697
487,2012-12-13,NSE:RKDL,14.15,14.2,13.8,14.0,28754.0,3.321033210332098,4.633204633204644
488,2012-12-14,NSE:RKDL,14.65,14.65,13.7,13.75,17501.0,-1.7857142857142856,3.321033210332098
489,2012-12-17,NSE:RKDL,14.6,14.6,13.35,14.3,69893.0,4.000000000000005,-1.7857142857142856
490,2012-12-18,NSE:RKDL,14.3,14.8,13.8,14.0,8279.0,-2.097902097902103,4.000000000000005
491,2012-12-19,NSE:RKDL,14.5,14.6,13.9,14.0,58923.0,0.0,-2.097902097902103
492,2012-12-20,NSE:RKDL,14.6,14.6,13.55,13.55,9781.0,-3.214285714285709,0.0
493,2012-12-21,NSE:RKDL,14.3,14.3,13.25,13.25,7016.0,-2.2140221402214073,-3.214285714285709
494,2012-12-24,NSE:RKDL,13.9,13.9,13.2,13.2,3641.0,-0.3773584905660431,-2.2140221402214073
495,2012-12-26,NSE:RKDL,13.8,13.8,13.15,13.4,11498.0,1.5151515151515234,-0.3773584905660431
496,2012-12-27,NSE:RKDL,13.25,13.45,12.9,13.0,4555.0,-2.9850746268656745,1.5151515151515234
497,2012-12-28,NSE:RKDL,13.1,13.35,12.75,12.75,14937.0,-1.9230769230769231,-2.9850746268656745
498,2012-12-31,NSE:RKDL,12.85,13.0,12.5,12.7,13300.0,-0.3921568627451036,-1.9230769230769231
499,2013-01-01,NSE:RKDL,13.2,13.2,12.7,13.0,12182.0,2.362204724409455,-0.3921568627451036
500,2013-01-02,NSE:RKDL,13.4,13.4,12.25,12.75,17540.0,-1.9230769230769231,2.362204724409455
501,2013-01-03,NSE:RKDL,13.0,13.25,12.55,12.6,18149.0,-1.1764705882352968,-1.9230769230769231
502,2013-01-04,NSE:RKDL,13.0,13.0,12.5,12.65,16966.0,0.39682539682540247,-1.1764705882352968
503,2013-01-07,NSE:RKDL,12.7,13.45,12.55,12.7,25724.0,0.395256916996039,0.39682539682540247
504,2013-01-08,NSE:RKDL,13.65,13.65,12.8,13.0,5733.0,2.362204724409455,0.395256916996039
505,2013-01-09,NSE:RKDL,13.8,13.8,12.65,12.85,17556.0,-1.1538461538461564,2.362204724409455
506,2013-01-10,NSE:RKDL,13.45,13.5,12.7,12.7,24439.0,-1.167315175097279,-1.1538461538461564
507,2013-01-11,NSE:RKDL,13.8,13.8,12.55,12.55,8933.0,-1.1811023622047132,-1.167315175097279
508,2013-01-14,NSE:RKDL,13.45,14.0,12.75,14.0,12232.0,11.553784860557762,-1.1811023622047132
509,2013-01-15,NSE:RKDL,14.6,14.6,13.5,13.5,30764.0,-3.571428571428571,11.553784860557762
510,2013-01-16,NSE:RKDL,14.45,14.45,13.15,13.25,16206.0,-1.8518518518518516,-3.571428571428571
511,2013-01-17,NSE:RKDL,14.5,14.5,13.0,13.0,8480.0,-1.8867924528301887,-1.8518518518518516
512,2013-01-18,NSE:RKDL,14.35,14.35,12.75,12.8,6841.0,-1.538461538461533,-1.8867924528301887
513,2013-01-21,NSE:RKDL,13.7,13.7,12.7,12.9,6191.0,0.7812499999999972,-1.538461538461533
514,2013-01-22,NSE:RKDL,13.9,13.9,12.5,12.8,15760.0,-0.7751937984496096,0.7812499999999972
515,2013-01-23,NSE:RKDL,13.8,13.8,12.55,12.65,5208.0,-1.1718750000000027,-0.7751937984496096
516,2013-01-24,NSE:RKDL,13.25,13.25,12.3,12.3,15169.0,-2.7667984189723294,-1.1718750000000027
517,2013-01-25,NSE:RKDL,13.5,13.5,12.35,12.7,45056.0,3.2520325203251916,-2.7667984189723294
518,2013-01-28,NSE:RKDL,12.75,13.35,12.65,12.85,9849.0,1.1811023622047274,3.2520325203251916
519,2013-01-29,NSE:RKDL,13.45,13.45,12.4,12.4,11428.0,-3.5019455252918235,1.1811023622047274
520,2013-01-30,NSE:RKDL,13.3,13.3,12.25,12.25,6635.0,-1.2096774193548416,-3.5019455252918235
521,2013-01-31,NSE:RKDL,13.05,13.05,12.3,12.35,2535.0,0.816326530612242,-1.2096774193548416
522,2013-02-01,NSE:RKDL,12.75,13.4,12.25,12.4,38684.0,0.4048582995951474,0.816326530612242
523,2013-02-04,NSE:RKDL,12.95,13.0,12.15,12.25,19962.0,-1.2096774193548416,0.4048582995951474
524,2013-02-05,NSE:RKDL,12.8,12.8,12.05,12.1,5254.0,-1.2244897959183703,-1.2096774193548416
525,2013-02-06,NSE:RKDL,12.95,12.95,12.0,12.15,38749.0,0.41322314049587366,-1.2244897959183703
526,2013-02-07,NSE:RKDL,12.9,12.9,12.1,12.15,3486.0,0.0,0.41322314049587366
527,2013-02-08,NSE:RKDL,12.45,12.45,11.75,11.9,21708.0,-2.05761316872428,0.0
528,2013-02-11,NSE:RKDL,12.4,12.4,11.3,11.6,12012.0,-2.5210084033613507,-2.05761316872428
529,2013-02-12,NSE:RKDL,12.0,12.0,11.05,11.05,5078.0,-4.7413793103448185,-2.5210084033613507
530,2013-02-13,NSE:RKDL,11.5,11.9,10.9,10.9,31703.0,-1.3574660633484195,-4.7413793103448185
531,2013-02-14,NSE:RKDL,11.4,11.4,10.3,10.35,20483.0,-5.045871559633034,-1.3574660633484195
532,2013-02-15,NSE:RKDL,10.5,10.8,9.65,9.85,55065.0,-4.830917874396135,-5.045871559633034
533,2013-02-18,NSE:RKDL,10.5,10.5,9.7,9.9,9068.0,0.5076142131979768,-4.830917874396135
534,2013-02-19,NSE:RKDL,10.4,10.4,9.65,9.85,12065.0,-0.5050505050505122,0.5076142131979768
535,2013-02-20,NSE:RKDL,10.5,10.5,9.55,9.65,34620.0,-2.030456852791871,-0.5050505050505122
536,2013-02-21,NSE:RKDL,10.25,10.25,9.35,9.45,14886.0,-2.072538860103638,-2.030456852791871
537,2013-02-22,NSE:RKDL,9.85,10.4,9.7,9.8,36959.0,3.703703703703719,-2.072538860103638
538,2013-02-25,NSE:RKDL,10.45,10.45,9.3,9.4,29240.0,-4.081632653061227,3.703703703703719
539,2013-02-26,NSE:RKDL,9.4,9.9,9.05,9.2,5520.0,-2.1276595744680966,-4.081632653061227
540,2013-02-27,NSE:RKDL,9.2,9.9,9.15,9.35,4341.0,1.6304347826086998,-2.1276595744680966
541,2013-02-28,NSE:RKDL,9.9,9.9,9.0,9.0,6838.0,-3.7433155080213867,1.6304347826086998
542,2013-03-01,NSE:RKDL,9.5,9.5,8.6,8.6,35077.0,-4.444444444444448,-3.7433155080213867
543,2013-03-04,NSE:RKDL,9.4,9.4,8.2,8.35,47818.0,-2.9069767441860463,-4.444444444444448
544,2013-03-05,NSE:RKDL,8.9,9.1,8.2,9.0,65197.0,7.784431137724555,-2.9069767441860463
545,2013-03-06,NSE:RKDL,9.7,9.75,8.95,9.25,50597.0,2.7777777777777777,7.784431137724555
546,2013-03-07,NSE:RKDL,9.85,9.85,9.0,9.3,32599.0,0.5405405405405482,2.7777777777777777
547,2013-03-08,NSE:RKDL,9.9,9.9,8.95,9.0,82938.0,-3.2258064516129106,0.5405405405405482
548,2013-03-11,NSE:RKDL,9.45,9.45,8.75,9.0,19620.0,0.0,-3.2258064516129106
549,2013-03-12,NSE:RKDL,9.05,9.75,8.85,8.85,29703.0,-1.6666666666666705,0.0
550,2013-03-13,NSE:RKDL,9.3,9.3,8.8,8.8,4452.0,-0.5649717514124173,-1.6666666666666705
551,2013-03-14,NSE:RKDL,9.3,9.65,8.5,9.3,133252.0,5.681818181818182,-0.5649717514124173
552,2013-03-15,NSE:RKDL,9.8,9.8,9.15,9.25,11273.0,-0.5376344086021582,5.681818181818182
553,2013-03-18,NSE:RKDL,9.0,9.5,8.9,9.0,45708.0,-2.7027027027027026,-0.5376344086021582
554,2013-03-19,NSE:RKDL,9.4,9.4,8.85,9.0,10473.0,0.0,-2.7027027027027026
555,2013-03-20,NSE:RKDL,9.1,9.35,8.95,9.05,10649.0,0.5555555555555635,0.0
556,2013-03-21,NSE:RKDL,9.25,9.25,8.45,9.0,40168.0,-0.5524861878453117,0.5555555555555635
557,2013-03-22,NSE:RKDL,8.8,9.0,8.4,8.85,64569.0,-1.6666666666666705,-0.5524861878453117
558,2013-03-25,NSE:RKDL,9.0,9.25,8.0,8.75,102678.0,-1.1299435028248548,-1.6666666666666705
559,2013-03-26,NSE:RKDL,9.4,9.45,8.7,8.9,11127.0,1.7142857142857182,-1.1299435028248548
560,2013-03-28,NSE:RKDL,9.4,9.4,8.55,8.75,6911.0,-1.68539325842697,1.7142857142857182
561,2013-04-01,NSE:RKDL,9.0,9.1,8.7,9.1,2592.0,3.999999999999996,-1.68539325842697
562,2013-04-02,NSE:RKDL,9.0,9.4,8.5,8.8,8410.0,-3.296703296703285,3.999999999999996
563,2013-04-03,NSE:RKDL,8.95,9.0,8.8,9.0,1071.0,2.2727272727272645,-3.296703296703285
564,2013-04-04,NSE:RKDL,9.1,9.1,8.3,9.0,27508.0,0.0,2.2727272727272645
565,2013-04-05,NSE:RKDL,8.7,9.0,8.6,8.9,3202.0,-1.1111111111111072,0.0
566,2013-04-08,NSE:RKDL,9.15,9.15,8.45,8.7,2353.0,-2.2471910112359668,-1.1111111111111072
567,2013-04-09,NSE:RKDL,9.3,9.3,8.65,8.65,3500.0,-0.5747126436781487,-2.2471910112359668
568,2013-04-10,NSE:RKDL,9.0,9.0,8.55,8.55,7046.0,-1.1560693641618456,-0.5747126436781487
569,2013-04-11,NSE:RKDL,9.0,9.0,8.5,9.0,7824.0,5.263157894736834,-1.1560693641618456
570,2013-04-12,NSE:RKDL,8.75,8.95,8.5,8.65,14520.0,-3.888888888888885,5.263157894736834
571,2013-04-15,NSE:RKDL,9.0,9.0,8.5,8.65,1927.0,0.0,-3.888888888888885
572,2013-04-16,NSE:RKDL,8.5,9.35,8.5,9.25,127327.0,6.936416184971093,0.0
573,2013-04-17,NSE:RKDL,9.5,9.8,8.95,9.25,73581.0,0.0,6.936416184971093
574,2013-04-18,NSE:RKDL,9.55,10.3,9.25,10.3,61458.0,11.35135135135136,0.0
575,2013-04-22,NSE:RKDL,10.35,10.9,10.0,10.0,77546.0,-2.9126213592233077,11.35135135135136
576,2013-04-23,NSE:RKDL,10.25,10.4,10.0,10.3,4190.0,3.000000000000007,-2.9126213592233077
577,2013-04-25,NSE:RKDL,10.2,10.2,9.65,9.7,4233.0,-5.825242718446615,3.000000000000007
578,2013-04-26,NSE:RKDL,9.8,10.25,9.55,9.55,25186.0,-1.546391752577305,-5.825242718446615
579,2013-04-29,NSE:RKDL,9.85,9.85,9.45,9.45,2545.0,-1.0471204188481824,-1.546391752577305
580,2013-04-30,NSE:RKDL,9.3,9.7,9.3,9.35,1946.0,-1.0582010582010546,-1.0471204188481824
581,2013-05-02,NSE:RKDL,9.6,10.1,9.25,9.25,28845.0,-1.0695187165775364,-1.0582010582010546
582,2013-05-03,NSE:RKDL,9.5,9.5,9.2,9.35,7722.0,1.0810810810810774,-1.0695187165775364
583,2013-05-06,NSE:RKDL,9.5,9.6,9.15,9.25,6416.0,-1.0695187165775364,1.0810810810810774
584,2013-05-07,NSE:RKDL,9.5,9.95,9.2,9.4,41888.0,1.6216216216216255,-1.0695187165775364
585,2013-05-08,NSE:RKDL,9.4,9.8,9.25,9.5,12915.0,1.0638297872340388,1.6216216216216255
586,2013-05-09,NSE:RKDL,9.75,9.75,9.3,9.6,5027.0,1.0526315789473648,1.0638297872340388
587,2013-05-10,NSE:RKDL,9.65,9.65,8.65,9.25,14232.0,-3.64583333333333,1.0526315789473648
588,2013-05-13,NSE:RKDL,9.6,10.25,9.2,10.2,84081.0,10.270270270270263,-3.64583333333333
589,2013-05-14,NSE:RKDL,9.75,10.9,9.75,10.55,81486.0,3.431372549019622,10.270270270270263
590,2013-05-15,NSE:RKDL,10.65,10.75,9.85,10.05,11791.0,-4.739336492890995,3.431372549019622
591,2013-05-16,NSE:RKDL,9.9,10.0,9.8,9.9,5362.0,-1.4925373134328392,-4.739336492890995
592,2013-05-17,NSE:RKDL,9.75,9.75,9.5,9.5,3849.0,-4.040404040404043,-1.4925373134328392
593,2013-05-20,NSE:RKDL,9.9,9.95,9.35,9.6,30135.0,1.0526315789473648,-4.040404040404043
594,2013-05-21,NSE:RKDL,9.35,9.5,9.2,9.35,2050.0,-2.604166666666667,1.0526315789473648
595,2013-05-22,NSE:RKDL,9.15,9.7,9.1,9.7,3840.0,3.7433155080213867,-2.604166666666667
596,2013-05-23,NSE:RKDL,9.15,9.55,9.0,9.2,6995.0,-5.154639175257732,3.7433155080213867
597,2013-05-24,NSE:RKDL,8.8,9.25,8.8,9.25,2235.0,0.543478260869573,-5.154639175257732
598,2013-05-27,NSE:RKDL,9.1,10.0,8.9,9.15,25196.0,-1.0810810810810774,0.543478260869573
599,2013-05-28,NSE:RKDL,9.4,10.8,9.15,10.8,77361.0,18.032786885245905,-1.0810810810810774
600,2013-05-29,NSE:RKDL,10.65,10.9,10.0,10.55,8159.0,-2.314814814814815,18.032786885245905
601,2013-05-30,NSE:RKDL,10.2,10.5,9.9,9.9,2681.0,-6.1611374407582975,-2.314814814814815
602,2013-05-31,NSE:RKDL,9.8,9.85,9.35,9.7,6319.0,-2.020202020202031,-6.1611374407582975
603,2013-06-03,NSE:RKDL,10.0,10.3,9.4,10.3,11576.0,6.185567010309293,-2.020202020202031
604,2013-06-04,NSE:RKDL,9.7,10.0,9.5,9.7,6152.0,-5.825242718446615,6.185567010309293
605,2013-06-05,NSE:RKDL,9.6,9.7,9.35,9.35,2086.0,-3.6082474226804093,-5.825242718446615
606,2013-06-06,NSE:RKDL,9.15,9.4,9.05,9.1,5270.0,-2.6737967914438503,-3.6082474226804093
607,2013-06-07,NSE:RKDL,9.05,9.4,8.6,9.2,1906.0,1.098901098901095,-2.6737967914438503
608,2013-06-10,NSE:RKDL,9.1,10.5,9.05,9.05,34788.0,-1.6304347826086802,1.098901098901095
609,2013-06-11,NSE:RKDL,9.15,9.15,8.8,8.95,5442.0,-1.1049723756906233,-1.6304347826086802
610,2013-06-12,NSE:RKDL,8.8,9.0,8.65,8.75,2528.0,-2.234636871508372,-1.1049723756906233
611,2013-06-13,NSE:RKDL,8.95,8.95,8.65,8.95,1084.0,2.2857142857142776,-2.234636871508372
612,2013-06-14,NSE:RKDL,8.6,9.25,8.55,8.7,2570.0,-2.7932960893854752,2.2857142857142776
613,2013-06-17,NSE:RKDL,8.6,8.95,8.5,8.5,2988.0,-2.2988505747126355,-2.7932960893854752
614,2013-06-18,NSE:RKDL,9.0,9.0,8.55,8.8,701.0,3.5294117647058907,-2.2988505747126355
615,2013-06-19,NSE:RKDL,8.8,9.0,8.55,9.0,2302.0,2.2727272727272645,3.5294117647058907
616,2013-06-20,NSE:RKDL,8.6,8.65,8.55,8.65,1468.0,-3.888888888888885,2.2727272727272645
617,2013-06-21,NSE:RKDL,8.55,8.9,8.5,8.9,2086.0,2.8901734104046244,-3.888888888888885
618,2013-06-24,NSE:RKDL,8.55,8.65,8.2,8.2,30696.0,-7.865168539325855,2.8901734104046244
619,2013-06-25,NSE:RKDL,8.05,8.5,8.0,8.15,980.0,-0.6097560975609627,-7.865168539325855
620,2013-06-26,NSE:RKDL,8.05,8.45,7.9,7.95,5571.0,-2.453987730061352,-0.6097560975609627
621,2013-06-27,NSE:RKDL,7.85,8.2,7.8,8.05,2646.0,1.2578616352201324,-2.453987730061352
622,2013-06-28,NSE:RKDL,8.2,8.2,7.85,8.1,4856.0,0.621118012422347,1.2578616352201324
623,2013-07-01,NSE:RKDL,8.85,8.85,7.85,8.5,764.0,4.938271604938276,0.621118012422347
624,2013-07-02,NSE:RKDL,8.2,8.65,8.2,8.65,2564.0,1.7647058823529453,4.938271604938276
625,2013-07-03,NSE:RKDL,8.45,8.55,8.0,8.55,3822.0,-1.1560693641618456,1.7647058823529453
626,2013-07-04,NSE:RKDL,8.45,8.45,8.0,8.4,2465.0,-1.7543859649122848,-1.1560693641618456
627,2013-07-05,NSE:RKDL,8.4,8.4,8.1,8.15,3569.0,-2.976190476190476,-1.7543859649122848
628,2013-07-08,NSE:RKDL,8.05,8.4,8.05,8.35,3422.0,2.453987730061341,-2.976190476190476
629,2013-07-09,NSE:RKDL,8.05,8.4,8.0,8.4,2305.0,0.5988023952095893,2.453987730061341
630,2013-07-10,NSE:RKDL,8.5,8.5,8.1,8.3,624.0,-1.1904761904761862,0.5988023952095893
631,2013-07-11,NSE:RKDL,8.1,8.4,8.05,8.4,4857.0,1.2048192771084292,-1.1904761904761862
632,2013-07-12,NSE:RKDL,8.2,8.45,8.15,8.4,1055.0,0.0,1.2048192771084292
633,2013-07-15,NSE:RKDL,8.05,8.2,8.0,8.05,3767.0,-4.1666666666666625,0.0
634,2013-07-16,NSE:RKDL,8.0,8.25,7.85,8.25,2533.0,2.484472049689432,-4.1666666666666625
635,2013-07-17,NSE:RKDL,8.0,8.2,7.85,8.1,2898.0,-1.8181818181818226,2.484472049689432
636,2013-07-18,NSE:RKDL,8.0,8.0,7.75,7.9,1960.0,-2.469135802469127,-1.8181818181818226
637,2013-07-19,NSE:RKDL,7.85,8.2,7.5,8.15,2020.0,3.164556962025316,-2.469135802469127
638,2013-07-22,NSE:RKDL,8.55,8.55,7.5,8.05,1334.0,-1.2269938650306704,3.164556962025316
639,2013-07-23,NSE:RKDL,8.9,8.9,7.85,8.1,1684.0,0.621118012422347,-1.2269938650306704
640,2013-07-24,NSE:RKDL,8.45,8.45,7.5,7.75,6936.0,-4.320987654320983,0.621118012422347
641,2013-07-25,NSE:RKDL,8.45,8.45,7.4,7.9,3418.0,1.9354838709677464,-4.320987654320983
642,2013-07-26,NSE:RKDL,8.1,9.2,7.55,8.95,61293.0,13.291139240506315,1.9354838709677464
643,2013-07-29,NSE:RKDL,9.15,9.15,8.05,8.5,24818.0,-5.027932960893847,13.291139240506315
644,2013-07-30,NSE:RKDL,8.95,9.0,8.35,8.5,11733.0,0.0,-5.027932960893847
645,2013-07-31,NSE:RKDL,9.0,9.0,8.25,8.25,7791.0,-2.941176470588235,0.0
646,2013-08-01,NSE:RKDL,8.9,8.95,8.1,8.1,3999.0,-1.8181818181818226,-2.941176470588235
647,2013-08-02,NSE:RKDL,8.65,8.65,8.05,8.05,6645.0,-0.6172839506172708,-1.8181818181818226
648,2013-08-05,NSE:RKDL,8.25,8.4,8.0,8.0,4345.0,-0.6211180124223691,-0.6172839506172708
649,2013-08-06,NSE:RKDL,8.0,8.25,7.7,8.0,4443.0,0.0,-0.6211180124223691
650,2013-08-07,NSE:RKDL,8.0,8.8,7.55,7.8,4539.0,-2.500000000000002,0.0
651,2013-08-08,NSE:RKDL,8.0,8.55,7.5,8.0,17528.0,2.5641025641025665,-2.500000000000002
652,2013-08-12,NSE:RKDL,8.0,8.35,7.5,7.8,38214.0,-2.500000000000002,2.5641025641025665
653,2013-08-13,NSE:RKDL,8.0,8.05,7.8,8.0,4979.0,2.5641025641025665,-2.500000000000002
654,2013-08-14,NSE:RKDL,8.4,8.7,7.85,8.0,37975.0,0.0,2.5641025641025665
655,2013-08-16,NSE:RKDL,8.3,8.3,7.75,7.75,4361.0,-3.125,0.0
656,2013-08-19,NSE:RKDL,8.0,8.25,7.55,7.8,3653.0,0.6451612903225784,-3.125
657,2013-08-20,NSE:RKDL,7.75,7.85,7.55,7.7,3085.0,-1.2820512820512775,0.6451612903225784
658,2013-08-21,NSE:RKDL,8.0,8.15,7.5,7.65,23102.0,-0.649350649350647,-1.2820512820512775
659,2013-08-22,NSE:RKDL,7.75,7.8,6.65,7.15,10451.0,-6.535947712418301,-0.649350649350647
660,2013-08-23,NSE:RKDL,7.1,7.45,6.7,6.7,26792.0,-6.293706293706296,-6.535947712418301
661,2013-08-26,NSE:RKDL,7.2,7.2,6.7,6.7,6477.0,0.0,-6.293706293706296
662,2013-08-27,NSE:RKDL,7.1,7.1,6.45,6.7,4006.0,0.0,0.0
663,2013-08-28,NSE:RKDL,6.8,6.8,6.35,6.6,7865.0,-1.4925373134328437,0.0
664,2013-08-29,NSE:RKDL,6.4,6.8,5.75,5.8,73786.0,-12.12121212121212,-1.4925373134328437
665,2013-08-30,NSE:RKDL,5.85,5.9,5.3,5.5,27654.0,-5.172413793103446,-12.12121212121212
666,2013-09-02,NSE:RKDL,5.35,6.05,5.35,6.0,17318.0,9.090909090909092,-5.172413793103446
667,2013-09-03,NSE:RKDL,6.4,6.85,5.35,6.2,7033.0,3.333333333333336,9.090909090909092
668,2013-09-04,NSE:RKDL,6.0,6.55,5.75,5.95,7296.0,-4.032258064516129,3.333333333333336
669,2013-09-05,NSE:RKDL,6.0,6.0,5.8,5.9,2632.0,-0.8403361344537785,-4.032258064516129
670,2013-09-06,NSE:RKDL,5.9,6.15,5.75,5.9,10774.0,0.0,-0.8403361344537785
671,2013-09-10,NSE:RKDL,5.75,6.2,5.75,6.0,6872.0,1.6949152542372818,0.0
672,2013-09-11,NSE:RKDL,5.8,6.0,5.75,5.95,5145.0,-0.8333333333333304,1.6949152542372818
673,2013-09-12,NSE:RKDL,6.0,6.25,5.7,5.9,13149.0,-0.8403361344537785,-0.8333333333333304
674,2013-09-13,NSE:RKDL,5.8,6.3,5.55,6.3,10966.0,6.7796610169491425,-0.8403361344537785
675,2013-09-16,NSE:RKDL,6.1,6.45,6.1,6.1,1444.0,-3.174603174603177,6.7796610169491425
676,2013-09-17,NSE:RKDL,6.45,6.45,5.85,6.1,3299.0,0.0,-3.174603174603177
677,2013-09-18,NSE:RKDL,6.0,6.3,5.7,6.25,7521.0,2.459016393442629,0.0
678,2013-09-19,NSE:RKDL,6.35,6.7,5.75,5.8,36142.0,-7.200000000000002,2.459016393442629
679,2013-09-20,NSE:RKDL,5.8,5.85,5.3,5.4,24052.0,-6.896551724137923,-7.200000000000002
680,2013-09-23,NSE:RKDL,5.7,5.7,5.3,5.45,5173.0,0.9259259259259226,-6.896551724137923
681,2013-09-24,NSE:RKDL,5.75,5.75,5.4,5.5,3615.0,0.9174311926605472,0.9259259259259226
682,2013-09-25,NSE:RKDL,5.65,5.65,5.2,5.5,8497.0,0.0,0.9174311926605472
683,2013-09-26,NSE:RKDL,5.65,5.65,5.45,5.5,14553.0,0.0,0.0
684,2013-09-27,NSE:RKDL,5.55,5.55,5.15,5.3,14545.0,-3.63636363636364,0.0
685,2013-09-30,NSE:RKDL,5.7,5.75,5.25,5.25,19823.0,-0.943396226415091,-3.63636363636364
686,2013-10-01,NSE:RKDL,5.15,5.65,5.15,5.3,8697.0,0.952380952380949,-0.943396226415091
687,2013-10-03,NSE:RKDL,5.55,5.55,5.2,5.3,56009.0,0.0,0.952380952380949
688,2013-10-04,NSE:RKDL,5.2,5.4,5.2,5.2,15920.0,-1.886792452830182,0.0
689,2013-10-07,NSE:RKDL,5.25,5.45,5.2,5.25,48062.0,0.9615384615384581,-1.886792452830182
690,2013-10-08,NSE:RKDL,5.3,5.35,5.15,5.2,16211.0,-0.952380952380949,0.9615384615384581
691,2013-10-09,NSE:RKDL,5.5,5.5,5.2,5.35,13372.0,2.8846153846153744,-0.952380952380949
692,2013-10-10,NSE:RKDL,5.3,5.35,5.2,5.2,18754.0,-2.8037383177569994,2.8846153846153744
693,2013-10-11,NSE:RKDL,5.4,5.4,5.2,5.3,11873.0,1.9230769230769162,-2.8037383177569994
694,2013-10-14,NSE:RKDL,5.15,5.4,4.7,5.15,17085.0,-2.830188679245273,1.9230769230769162
695,2013-10-15,NSE:RKDL,5.25,5.4,5.05,5.05,26513.0,-1.9417475728155442,-2.830188679245273
696,2013-10-17,NSE:RKDL,5.05,5.35,5.05,5.15,5553.0,1.980198019801991,-1.9417475728155442
697,2013-10-18,NSE:RKDL,5.35,5.35,5.15,5.25,7388.0,1.941747572815527,1.980198019801991
698,2013-10-21,NSE:RKDL,5.1,5.25,5.1,5.15,10495.0,-1.904761904761898,1.941747572815527
699,2013-10-22,NSE:RKDL,5.25,5.35,5.15,5.15,39738.0,0.0,-1.904761904761898
700,2013-10-23,NSE:RKDL,5.25,5.3,5.15,5.15,19925.0,0.0,0.0
701,2013-10-24,NSE:RKDL,5.3,5.35,5.1,5.2,81995.0,0.9708737864077635,0.0
702,2013-10-25,NSE:RKDL,5.1,5.45,5.1,5.25,9695.0,0.9615384615384581,0.9708737864077635
703,2013-10-28,NSE:RKDL,5.15,5.25,5.1,5.25,19092.0,0.0,0.9615384615384581
704,2013-10-29,NSE:RKDL,5.25,5.25,5.1,5.2,13576.0,-0.952380952380949,0.0
705,2013-10-30,NSE:RKDL,5.15,5.3,5.15,5.15,4049.0,-0.9615384615384581,-0.952380952380949
706,2013-10-31,NSE:RKDL,5.25,5.25,5.1,5.15,5015.0,0.0,-0.9615384615384581
707,2013-11-01,NSE:RKDL,5.25,5.25,5.05,5.15,3951.0,0.0,0.0
708,2013-11-05,NSE:RKDL,5.1,5.25,4.25,5.2,28615.0,0.9708737864077635,0.0
709,2013-11-06,NSE:RKDL,5.05,5.25,5.05,5.15,27354.0,-0.9615384615384581,0.9708737864077635
710,2013-11-07,NSE:RKDL,5.05,5.3,5.05,5.2,20095.0,0.9708737864077635,-0.9615384615384581
711,2013-11-08,NSE:RKDL,5.3,5.35,5.15,5.25,14657.0,0.9615384615384581,0.9708737864077635
712,2013-11-11,NSE:RKDL,5.25,5.25,5.0,5.0,18641.0,-4.761904761904762,0.9615384615384581
713,2013-11-12,NSE:RKDL,5.0,5.05,4.75,4.85,31630.0,-3.000000000000007,-4.761904761904762
714,2013-11-13,NSE:RKDL,4.85,5.0,4.85,5.0,3556.0,3.0927835051546464,-3.000000000000007
715,2013-11-14,NSE:RKDL,4.7,5.0,4.5,4.95,13553.0,-0.9999999999999963,3.0927835051546464
716,2013-11-18,NSE:RKDL,5.0,5.15,4.95,4.95,4366.0,0.0,-0.9999999999999963
717,2013-11-19,NSE:RKDL,5.35,5.35,4.95,5.0,9919.0,1.0101010101010066,0.0
718,2013-11-20,NSE:RKDL,4.9,5.0,4.9,4.95,5603.0,-0.9999999999999963,1.0101010101010066
719,2013-11-21,NSE:RKDL,4.85,5.1,4.85,4.9,1349.0,-1.0101010101010066,-0.9999999999999963
720,2013-11-22,NSE:RKDL,4.8,5.0,4.75,5.0,8027.0,2.0408163265306047,-1.0101010101010066
721,2013-11-25,NSE:RKDL,4.8,4.95,4.7,4.85,11252.0,-3.000000000000007,2.0408163265306047
722,2013-11-26,NSE:RKDL,4.95,4.95,4.75,4.8,4978.0,-1.0309278350515427,-3.000000000000007
723,2013-11-27,NSE:RKDL,4.75,4.85,4.55,4.8,3402.0,0.0,-1.0309278350515427
724,2013-11-28,NSE:RKDL,4.85,4.9,4.7,4.85,938.0,1.041666666666663,0.0
725,2013-11-29,NSE:RKDL,4.9,4.9,4.65,4.7,12221.0,-3.0927835051546286,1.041666666666663
726,2013-12-02,NSE:RKDL,4.8,4.85,4.6,4.75,8743.0,1.0638297872340388,-3.0927835051546286
727,2013-12-03,NSE:RKDL,4.75,4.85,4.65,4.65,9639.0,-2.1052631578947296,1.0638297872340388
728,2013-12-04,NSE:RKDL,4.8,4.8,4.55,4.75,24698.0,2.1505376344085945,-2.1052631578947296
729,2013-12-05,NSE:RKDL,4.55,4.7,4.55,4.55,14101.0,-4.210526315789478,2.1505376344085945
730,2013-12-06,NSE:RKDL,4.7,4.8,4.5,4.7,6316.0,3.2967032967033045,-4.210526315789478
731,2013-12-09,NSE:RKDL,4.5,4.7,4.5,4.55,10564.0,-3.191489361702135,3.2967032967033045
732,2013-12-10,NSE:RKDL,4.55,4.65,4.5,4.65,7543.0,2.19780219780221,-3.191489361702135
733,2013-12-11,NSE:RKDL,4.55,4.6,4.4,4.55,6782.0,-2.1505376344086136,2.19780219780221
734,2013-12-12,NSE:RKDL,4.9,4.95,4.25,4.5,10488.0,-1.098901098901095,-2.1505376344086136
735,2013-12-13,NSE:RKDL,4.55,4.9,4.55,4.65,43647.0,3.333333333333341,-1.098901098901095
736,2013-12-16,NSE:RKDL,4.7,4.7,4.5,4.65,3162.0,0.0,3.333333333333341
737,2013-12-17,NSE:RKDL,4.55,4.65,4.45,4.65,4305.0,0.0,0.0
738,2013-12-18,NSE:RKDL,4.5,4.6,4.3,4.6,17785.0,-1.0752688172043163,0.0
739,2013-12-19,NSE:RKDL,4.55,4.55,4.1,4.3,16710.0,-6.52173913043478,-1.0752688172043163
740,2013-12-20,NSE:RKDL,4.3,4.55,4.3,4.5,5068.0,4.651162790697678,-6.52173913043478
741,2013-12-23,NSE:RKDL,4.4,4.65,4.35,4.5,15515.0,0.0,4.651162790697678
742,2013-12-24,NSE:RKDL,4.9,4.9,4.4,4.5,14569.0,0.0,0.0
743,2013-12-26,NSE:RKDL,4.6,4.6,4.4,4.6,32610.0,2.2222222222222143,0.0
744,2013-12-27,NSE:RKDL,4.65,4.75,4.45,4.5,51288.0,-2.173913043478253,2.2222222222222143
745,2013-12-30,NSE:RKDL,4.6,4.6,4.4,4.5,21625.0,0.0,-2.173913043478253
746,2013-12-31,NSE:RKDL,4.5,4.7,4.4,4.5,87016.0,0.0,0.0
747,2014-01-01,NSE:RKDL,4.6,4.6,4.5,4.55,14371.0,1.1111111111111072,0.0
748,2014-01-02,NSE:RKDL,4.45,4.65,4.35,4.45,95501.0,-2.19780219780219,1.1111111111111072
749,2014-01-03,NSE:RKDL,4.4,4.45,4.25,4.35,13269.0,-2.2471910112359668,-2.19780219780219
750,2014-01-06,NSE:RKDL,4.4,4.45,4.2,4.3,27795.0,-1.1494252873563178,-2.2471910112359668
751,2014-01-07,NSE:RKDL,4.4,4.4,4.3,4.3,8650.0,0.0,-1.1494252873563178
752,2014-01-08,NSE:RKDL,4.45,4.45,4.3,4.4,35501.0,2.32558139534885,0.0
753,2014-01-09,NSE:RKDL,4.1,4.45,4.1,4.35,29990.0,-1.1363636363636525,2.32558139534885
754,2014-01-10,NSE:RKDL,4.3,4.5,4.25,4.3,29566.0,-1.1494252873563178,-1.1363636363636525
755,2014-01-13,NSE:RKDL,4.2,4.4,4.2,4.4,6834.0,2.32558139534885,-1.1494252873563178
756,2014-01-14,NSE:RKDL,4.4,4.4,4.25,4.3,18945.0,-2.2727272727272845,2.32558139534885
757,2014-01-15,NSE:RKDL,4.35,4.5,4.25,4.35,58295.0,1.1627906976744147,-2.2727272727272845
758,2014-01-16,NSE:RKDL,4.35,4.35,4.25,4.35,5755.0,0.0,1.1627906976744147
759,2014-01-17,NSE:RKDL,4.5,4.5,4.2,4.3,8344.0,-1.1494252873563178,0.0
760,2014-01-20,NSE:RKDL,4.2,4.35,4.1,4.15,13493.0,-3.4883720930232434,-1.1494252873563178
761,2014-01-21,NSE:RKDL,4.25,4.25,4.05,4.2,4933.0,1.2048192771084292,-3.4883720930232434
762,2014-01-22,NSE:RKDL,4.25,4.25,4.1,4.2,45819.0,0.0,1.2048192771084292
763,2014-01-23,NSE:RKDL,4.0,4.2,4.0,4.1,4286.0,-2.380952380952394,0.0
764,2014-01-24,NSE:RKDL,4.2,4.3,4.0,4.3,15879.0,4.87804878048781,-2.380952380952394
765,2014-01-27,NSE:RKDL,4.05,4.35,4.05,4.05,12543.0,-5.813953488372093,4.87804878048781
766,2014-01-28,NSE:RKDL,4.05,4.05,3.45,3.85,40298.0,-4.938271604938265,-5.813953488372093
767,2014-01-29,NSE:RKDL,3.85,4.0,3.7,3.75,20159.0,-2.5974025974025996,-4.938271604938265
768,2014-01-30,NSE:RKDL,3.7,3.7,3.35,3.55,26163.0,-5.3333333333333375,-2.5974025974025996
769,2014-01-31,NSE:RKDL,3.4,3.55,3.4,3.55,7259.0,0.0,-5.3333333333333375
770,2014-02-03,NSE:RKDL,3.45,4.1,3.35,3.75,8668.0,5.633802816901413,0.0
771,2014-02-04,NSE:RKDL,3.75,4.0,3.75,3.75,5956.0,0.0,5.633802816901413
772,2014-02-05,NSE:RKDL,3.95,4.55,3.5,4.35,10771.0,15.99999999999999,0.0
773,2014-02-06,NSE:RKDL,4.4,4.55,4.15,4.15,24071.0,-4.597701149425271,15.99999999999999
774,2014-02-07,NSE:RKDL,4.35,4.45,4.1,4.1,6526.0,-1.2048192771084507,-4.597701149425271
775,2014-02-10,NSE:RKDL,4.3,4.3,3.95,4.0,567.0,-2.439024390243894,-1.2048192771084507
776,2014-02-11,NSE:RKDL,3.95,4.1,3.9,4.0,4910.0,0.0,-2.439024390243894
777,2014-02-12,NSE:RKDL,4.15,4.2,3.75,4.0,9527.0,0.0,0.0
778,2014-02-13,NSE:RKDL,4.0,4.0,3.85,3.9,3701.0,-2.500000000000002,0.0
779,2014-02-14,NSE:RKDL,4.0,4.0,3.7,3.95,7146.0,1.282051282051289,-2.500000000000002
780,2014-02-17,NSE:RKDL,3.8,4.0,3.75,3.95,4339.0,0.0,1.282051282051289
781,2014-02-18,NSE:RKDL,3.95,4.4,3.95,4.1,6685.0,3.797468354430366,0.0
782,2014-02-19,NSE:RKDL,4.1,4.5,4.1,4.45,27272.0,8.536585365853671,3.797468354430366
783,2014-02-20,NSE:RKDL,4.3,4.3,4.15,4.2,11316.0,-5.617977528089887,8.536585365853671
784,2014-02-21,NSE:RKDL,4.35,4.35,4.15,4.15,4065.0,-1.1904761904761862,-5.617977528089887
785,2014-02-24,NSE:RKDL,4.6,4.6,3.9,4.3,11426.0,3.614457831325288,-1.1904761904761862
786,2014-02-25,NSE:RKDL,4.7,4.7,4.0,4.15,13895.0,-3.4883720930232434,3.614457831325288
787,2014-02-26,NSE:RKDL,4.6,4.6,4.15,4.15,9303.0,0.0,-3.4883720930232434
788,2014-02-28,NSE:RKDL,4.1,4.3,4.0,4.15,9400.0,0.0,0.0
789,2014-03-03,NSE:RKDL,4.65,4.65,4.1,4.15,11778.0,0.0,0.0
790,2014-03-04,NSE:RKDL,4.3,4.3,4.15,4.25,11044.0,2.4096385542168584,0.0
791,2014-03-05,NSE:RKDL,4.1,4.4,4.05,4.25,26386.0,0.0,2.4096385542168584
792,2014-03-06,NSE:RKDL,4.3,4.4,4.05,4.1,52927.0,-3.5294117647058907,0.0
793,2014-03-07,NSE:RKDL,4.3,4.9,4.15,4.9,140070.0,19.51219512195124,-3.5294117647058907
794,2014-03-10,NSE:RKDL,5.55,5.85,5.5,5.85,196598.0,19.387755102040803,19.51219512195124
795,2014-03-11,NSE:RKDL,6.4,6.4,6.1,6.4,126433.0,9.401709401709414,19.387755102040803
796,2014-03-12,NSE:RKDL,6.9,7.0,5.8,5.85,215599.0,-8.59375000000001,9.401709401709414
797,2014-03-13,NSE:RKDL,6.1,6.1,5.3,5.35,79154.0,-8.547008547008547,-8.59375000000001
798,2014-03-14,NSE:RKDL,5.7,5.7,4.9,4.95,89294.0,-7.476635514018683,-8.547008547008547
799,2014-03-18,NSE:RKDL,5.05,5.4,5.05,5.25,63333.0,6.060606060606057,-7.476635514018683
800,2014-03-19,NSE:RKDL,5.35,5.35,4.95,5.15,57239.0,-1.904761904761898,6.060606060606057
801,2014-03-20,NSE:RKDL,5.1,5.2,4.9,4.9,22704.0,-4.854368932038835,-1.904761904761898
802,2014-03-21,NSE:RKDL,4.9,5.1,4.7,4.9,49759.0,0.0,-4.854368932038835
803,2014-03-24,NSE:RKDL,4.75,5.0,4.6,4.9,24779.0,0.0,0.0
804,2014-03-25,NSE:RKDL,4.8,4.95,4.7,4.7,29221.0,-4.081632653061227,0.0
805,2014-03-26,NSE:RKDL,4.65,4.75,4.55,4.6,19736.0,-2.1276595744680966,-4.081632653061227
806,2014-03-27,NSE:RKDL,4.6,4.7,4.4,4.45,48563.0,-3.26086956521738,-2.1276595744680966
807,2014-03-28,NSE:RKDL,4.6,4.6,4.4,4.4,68687.0,-1.1235955056179736,-3.26086956521738
808,2014-03-31,NSE:RKDL,4.4,4.6,4.35,4.4,40471.0,0.0,-1.1235955056179736
809,2014-04-01,NSE:RKDL,4.55,4.6,4.5,4.55,20636.0,3.409090909090897,0.0
810,2014-04-02,NSE:RKDL,4.7,4.75,4.6,4.75,7031.0,4.3956043956043995,3.409090909090897
811,2014-04-03,NSE:RKDL,4.95,4.95,4.75,4.9,35299.0,3.157894736842113,4.3956043956043995
812,2014-04-04,NSE:RKDL,5.05,5.1,5.0,5.05,17384.0,3.061224489795907,3.157894736842113
813,2014-04-07,NSE:RKDL,5.2,5.3,5.2,5.3,13868.0,4.9504950495049505,3.061224489795907
814,2014-04-09,NSE:RKDL,5.55,5.55,5.35,5.55,14625.0,4.716981132075472,4.9504950495049505
815,2014-04-10,NSE:RKDL,5.75,5.75,5.4,5.6,36650.0,0.9009009009008978,4.716981132075472
816,2014-04-11,NSE:RKDL,5.4,5.65,5.4,5.55,16016.0,-0.8928571428571397,0.9009009009008978
817,2014-04-15,NSE:RKDL,5.6,5.8,5.35,5.5,36846.0,-0.9009009009008978,-0.8928571428571397
818,2014-04-16,NSE:RKDL,5.45,5.75,5.25,5.65,18054.0,2.7272727272727337,-0.9009009009008978
819,2014-04-17,NSE:RKDL,5.7,5.8,5.55,5.7,10658.0,0.8849557522123862,2.7272727272727337
820,2014-04-21,NSE:RKDL,5.8,5.95,5.45,5.95,51716.0,4.385964912280701,0.8849557522123862
821,2014-04-22,NSE:RKDL,5.95,6.2,5.8,6.15,54725.0,3.3613445378151288,4.385964912280701
822,2014-04-23,NSE:RKDL,6.2,6.45,6.0,6.45,30269.0,4.878048780487801,3.3613445378151288
823,2014-04-25,NSE:RKDL,6.45,6.75,6.35,6.7,51742.0,3.875968992248062,4.878048780487801
824,2014-04-28,NSE:RKDL,6.65,6.8,6.5,6.65,15331.0,-0.7462686567164152,3.875968992248062
825,2014-04-29,NSE:RKDL,6.75,6.9,6.45,6.65,32883.0,0.0,-0.7462686567164152
826,2014-04-30,NSE:RKDL,6.6,6.85,6.35,6.4,41348.0,-3.7593984962406015,0.0
827,2014-05-02,NSE:RKDL,6.2,6.7,6.15,6.45,15478.0,0.7812499999999972,-3.7593984962406015
828,2014-05-05,NSE:RKDL,6.25,6.65,6.25,6.25,9577.0,-3.1007751937984525,0.7812499999999972
829,2014-05-06,NSE:RKDL,6.3,6.5,6.15,6.45,32641.0,3.200000000000003,-3.1007751937984525
830,2014-05-07,NSE:RKDL,6.4,6.75,6.25,6.7,36278.0,3.875968992248062,3.200000000000003
831,2014-05-08,NSE:RKDL,7.0,7.0,6.55,6.8,39750.0,1.4925373134328304,3.875968992248062
832,2014-05-09,NSE:RKDL,6.8,7.1,6.75,6.95,28703.0,2.205882352941182,1.4925373134328304
833,2014-05-12,NSE:RKDL,7.0,7.25,6.8,7.15,82507.0,2.8776978417266212,2.205882352941182
834,2014-05-13,NSE:RKDL,6.9,7.25,6.85,7.0,74579.0,-2.097902097902103,2.8776978417266212
835,2014-05-14,NSE:RKDL,7.05,7.3,6.8,7.05,17047.0,0.7142857142857117,-2.097902097902103
836,2014-05-15,NSE:RKDL,7.15,7.4,7.0,7.3,27911.0,3.546099290780142,0.7142857142857117
837,2014-05-16,NSE:RKDL,7.2,7.25,6.95,6.95,23193.0,-4.794520547945201,3.546099290780142
838,2014-05-19,NSE:RKDL,7.0,7.25,6.75,7.25,45835.0,4.316546762589925,-4.794520547945201
839,2014-05-20,NSE:RKDL,7.1,7.6,7.1,7.5,66750.0,3.4482758620689653,4.316546762589925
840,2014-05-21,NSE:RKDL,7.45,7.85,7.45,7.85,12755.0,4.666666666666662,3.4482758620689653
841,2014-05-22,NSE:RKDL,7.65,8.2,7.65,8.2,16518.0,4.458598726114645,4.666666666666662
842,2014-05-23,NSE:RKDL,8.55,8.6,8.4,8.6,8838.0,4.87804878048781,4.458598726114645
843,2014-05-26,NSE:RKDL,9.0,9.0,8.2,8.35,48418.0,-2.9069767441860463,4.87804878048781
844,2014-05-27,NSE:RKDL,8.2,8.2,7.95,7.95,16475.0,-4.790419161676641,-2.9069767441860463
845,2014-05-28,NSE:RKDL,8.2,8.2,7.6,7.6,28115.0,-4.402515723270447,-4.790419161676641
846,2014-05-29,NSE:RKDL,7.35,7.8,7.25,7.25,18344.0,-4.605263157894733,-4.402515723270447
847,2014-05-30,NSE:RKDL,7.05,7.6,6.9,6.9,43116.0,-4.827586206896547,-4.605263157894733
848,2014-06-02,NSE:RKDL,6.6,7.2,6.6,7.15,40820.0,3.6231884057971016,-4.827586206896547
849,2014-06-03,NSE:RKDL,7.0,7.4,6.8,7.1,23758.0,-0.6993006993007091,3.6231884057971016
850,2014-06-04,NSE:RKDL,7.4,7.4,6.9,7.1,8668.0,0.0,-0.6993006993007091
851,2014-06-05,NSE:RKDL,7.45,7.45,6.9,7.45,31499.0,4.92957746478874,0.0
852,2014-06-06,NSE:RKDL,7.7,7.8,7.25,7.8,45509.0,4.6979865771812035,4.92957746478874
853,2014-06-09,NSE:RKDL,8.0,8.15,8.0,8.15,24475.0,4.487179487179494,4.6979865771812035
854,2014-06-10,NSE:RKDL,8.55,8.55,7.9,8.55,40442.0,4.907975460122704,4.487179487179494
855,2014-06-11,NSE:RKDL,8.8,8.95,8.8,8.9,36659.0,4.093567251461984,4.907975460122704
856,2014-06-12,NSE:RKDL,9.3,9.3,8.5,8.55,42770.0,-3.932584269662917,4.093567251461984
857,2014-06-13,NSE:RKDL,8.6,8.75,8.15,8.15,18091.0,-4.678362573099419,-3.932584269662917
858,2014-06-16,NSE:RKDL,7.75,8.4,7.75,7.75,6570.0,-4.907975460122704,-4.678362573099419
859,2014-06-17,NSE:RKDL,7.4,7.5,7.4,7.4,6178.0,-4.5161290322580605,-4.907975460122704
860,2014-06-18,NSE:RKDL,7.15,7.6,7.15,7.4,8879.0,0.0,-4.5161290322580605
861,2014-06-19,NSE:RKDL,7.25,7.45,7.2,7.3,10259.0,-1.3513513513513586,0.0
862,2014-06-20,NSE:RKDL,7.05,7.2,6.95,6.95,15493.0,-4.794520547945201,-1.3513513513513586
863,2014-06-23,NSE:RKDL,7.2,7.2,6.7,7.0,12110.0,0.7194244604316521,-4.794520547945201
864,2014-06-24,NSE:RKDL,7.25,7.35,6.9,7.25,9351.0,3.571428571428571,0.7194244604316521
865,2014-06-25,NSE:RKDL,7.1,7.6,7.1,7.6,31255.0,4.827586206896547,3.571428571428571
866,2014-06-26,NSE:RKDL,7.5,7.95,7.5,7.95,20624.0,4.605263157894744,4.827586206896547
867,2014-06-27,NSE:RKDL,7.9,8.25,7.75,7.8,17481.0,-1.8867924528301931,4.605263157894744
868,2014-06-30,NSE:RKDL,7.7,7.75,7.45,7.6,21637.0,-2.5641025641025665,-1.8867924528301931
869,2014-07-01,NSE:RKDL,7.8,7.95,7.5,7.55,19620.0,-0.657894736842103,-2.5641025641025665
870,2014-07-02,NSE:RKDL,7.55,7.9,7.35,7.9,21792.0,4.63576158940398,-0.657894736842103
871,2014-07-03,NSE:RKDL,8.0,8.1,7.8,7.85,22957.0,-0.6329113924050722,4.63576158940398
872,2014-07-04,NSE:RKDL,7.5,7.85,7.5,7.8,10543.0,-0.6369426751592334,-0.6329113924050722
873,2014-07-07,NSE:RKDL,8.15,8.15,7.15,7.45,12550.0,-4.487179487179483,-0.6369426751592334
874,2014-07-08,NSE:RKDL,7.0,7.95,7.0,7.05,15603.0,-5.369127516778528,-4.487179487179483
875,2014-07-09,NSE:RKDL,7.0,7.25,6.75,6.95,4436.0,-1.4184397163120517,-5.369127516778528
876,2014-07-10,NSE:RKDL,7.0,7.0,6.7,6.85,4434.0,-1.438848920863317,-1.4184397163120517
877,2014-07-11,NSE:RKDL,7.1,7.1,6.65,6.7,5350.0,-2.1897810218978027,-1.438848920863317
878,2014-07-14,NSE:RKDL,7.0,7.0,6.3,6.7,7110.0,0.0,-2.1897810218978027
879,2014-07-15,NSE:RKDL,7.1,7.35,6.45,7.35,21783.0,9.701492537313424,0.0
880,2014-07-16,NSE:RKDL,7.9,8.0,7.6,7.8,9938.0,6.122448979591839,9.701492537313424
881,2014-07-17,NSE:RKDL,7.6,8.0,7.3,7.6,4858.0,-2.5641025641025665,6.122448979591839
882,2014-07-18,NSE:RKDL,7.15,7.45,7.0,7.25,9666.0,-4.605263157894733,-2.5641025641025665
883,2014-07-21,NSE:RKDL,6.85,7.3,6.85,7.05,4765.0,-2.758620689655175,-4.605263157894733
884,2014-07-22,NSE:RKDL,7.0,7.05,7.0,7.05,5672.0,0.0,-2.758620689655175
885,2014-07-23,NSE:RKDL,7.05,7.1,6.75,6.8,6899.0,-3.546099290780142,0.0
886,2014-07-24,NSE:RKDL,6.5,7.4,6.15,6.25,53055.0,-8.088235294117645,-3.546099290780142
887,2014-07-25,NSE:RKDL,6.25,6.45,5.7,6.05,48495.0,-3.200000000000003,-8.088235294117645
888,2014-07-28,NSE:RKDL,6.1,6.35,6.1,6.15,7275.0,1.6528925619834798,-3.200000000000003
889,2014-07-30,NSE:RKDL,6.05,6.3,6.0,6.1,9589.0,-0.8130081300813123,1.6528925619834798
890,2014-07-31,NSE:RKDL,5.75,6.65,5.75,6.15,4045.0,0.8196721311475527,-0.8130081300813123
891,2014-08-01,NSE:RKDL,5.8,6.25,5.8,6.1,2882.0,-0.8130081300813123,0.8196721311475527
892,2014-08-04,NSE:RKDL,6.05,6.45,5.95,6.1,4403.0,0.0,-0.8130081300813123
893,2014-08-05,NSE:RKDL,6.35,6.35,6.0,6.1,8055.0,0.0,0.0
894,2014-08-06,NSE:RKDL,6.05,6.3,6.05,6.2,2680.0,1.6393442622950907,0.0
895,2014-08-07,NSE:RKDL,6.1,6.4,6.1,6.2,3443.0,0.0,1.6393442622950907
896,2014-08-08,NSE:RKDL,6.05,6.25,6.0,6.1,1905.0,-1.6129032258064602,0.0
897,2014-08-11,NSE:RKDL,6.35,6.7,6.1,6.6,22195.0,8.196721311475411,-1.6129032258064602
898,2014-08-12,NSE:RKDL,6.65,7.0,6.5,6.6,3954.0,0.0,8.196721311475411
899,2014-08-13,NSE:RKDL,6.4,7.1,6.25,6.6,4810.0,0.0,0.0
900,2014-08-14,NSE:RKDL,6.55,6.7,6.0,6.2,29783.0,-6.0606060606060534,0.0
901,2014-08-18,NSE:RKDL,6.2,6.6,5.95,6.25,6855.0,0.8064516129032229,-6.0606060606060534
902,2014-08-19,NSE:RKDL,6.1,6.4,6.1,6.15,8654.0,-1.5999999999999945,0.8064516129032229
903,2014-08-20,NSE:RKDL,6.0,6.1,5.75,6.05,19103.0,-1.62601626016261,-1.5999999999999945
904,2014-08-21,NSE:RKDL,5.9,6.6,5.9,6.25,10490.0,3.305785123966945,-1.62601626016261
905,2014-08-22,NSE:RKDL,6.2,6.3,5.95,6.0,7022.0,-4.0,3.305785123966945
906,2014-08-25,NSE:RKDL,5.9,6.1,5.45,5.95,7752.0,-0.8333333333333304,-4.0
907,2014-08-26,NSE:RKDL,5.8,6.2,5.75,5.85,8729.0,-1.680672268907572,-0.8333333333333304
908,2014-08-27,NSE:RKDL,6.0,6.3,5.8,5.8,13781.0,-0.8547008547008517,-1.680672268907572
909,2014-08-28,NSE:RKDL,6.0,6.0,5.7,5.95,1877.0,2.5862068965517304,-0.8547008547008517
910,2014-09-01,NSE:RKDL,5.9,6.0,5.7,6.0,1412.0,0.8403361344537785,2.5862068965517304
911,2014-09-02,NSE:RKDL,5.9,6.3,5.75,6.05,17892.0,0.8333333333333304,0.8403361344537785
912,2014-09-03,NSE:RKDL,5.85,6.25,5.85,6.15,19062.0,1.6528925619834798,0.8333333333333304
913,2014-09-04,NSE:RKDL,6.0,6.2,5.95,5.95,7485.0,-3.252032520325206,1.6528925619834798
914,2014-09-05,NSE:RKDL,6.05,6.05,5.8,6.0,13301.0,0.8403361344537785,-3.252032520325206
915,2014-09-08,NSE:RKDL,6.1,6.3,6.05,6.15,7342.0,2.500000000000006,0.8403361344537785
916,2014-09-09,NSE:RKDL,6.2,6.9,6.2,6.6,10129.0,7.317073170731696,2.500000000000006
917,2014-09-10,NSE:RKDL,6.6,7.55,6.0,6.85,17766.0,3.787878787878788,7.317073170731696
918,2014-09-11,NSE:RKDL,7.6,7.6,6.6,6.8,13753.0,-0.7299270072992675,3.787878787878788
919,2014-09-12,NSE:RKDL,6.7,6.85,6.5,6.6,9099.0,-2.941176470588238,-0.7299270072992675
920,2014-09-15,NSE:RKDL,6.6,6.85,6.5,6.75,12085.0,2.2727272727272783,-2.941176470588238
921,2014-09-16,NSE:RKDL,6.9,6.95,6.55,6.6,8682.0,-2.2222222222222276,2.2727272727272783
922,2014-09-17,NSE:RKDL,6.6,6.8,6.3,6.3,1834.0,-4.545454545454543,-2.2222222222222276
923,2014-09-18,NSE:RKDL,6.05,6.45,6.0,6.4,11195.0,1.5873015873015959,-4.545454545454543
924,2014-09-19,NSE:RKDL,6.3,6.5,6.25,6.5,5023.0,1.5624999999999944,1.5873015873015959
925,2014-09-22,NSE:RKDL,6.15,7.2,6.15,7.05,16985.0,8.46153846153846,1.5624999999999944
926,2014-09-23,NSE:RKDL,7.1,8.4,7.1,7.8,81990.0,10.638297872340425,8.46153846153846
927,2014-09-24,NSE:RKDL,8.0,9.35,6.4,8.95,255462.0,14.74358974358974,10.638297872340425
928,2014-09-25,NSE:RKDL,9.0,9.65,8.1,8.1,42490.0,-9.497206703910612,14.74358974358974
929,2014-09-26,NSE:RKDL,7.4,8.0,7.3,7.35,32559.0,-9.25925925925926,-9.497206703910612
930,2014-09-29,NSE:RKDL,7.35,7.8,7.2,7.5,15221.0,2.040816326530617,-9.25925925925926
931,2014-09-30,NSE:RKDL,7.3,7.7,6.85,7.05,20287.0,-6.000000000000003,2.040816326530617
932,2014-10-01,NSE:RKDL,7.0,7.0,6.7,6.7,14445.0,-4.964539007092194,-6.000000000000003
933,2014-10-07,NSE:RKDL,7.0,7.0,6.4,6.4,12499.0,-4.477611940298504,-4.964539007092194
934,2014-10-08,NSE:RKDL,6.15,6.65,6.1,6.4,5001.0,0.0,-4.477611940298504
935,2014-10-09,NSE:RKDL,6.45,6.6,6.1,6.6,4618.0,3.124999999999989,0.0
936,2014-10-10,NSE:RKDL,6.3,6.9,6.3,6.4,19704.0,-3.0303030303030196,3.124999999999989
937,2014-10-13,NSE:RKDL,6.35,6.6,6.25,6.3,4660.0,-1.5625000000000084,-3.0303030303030196
938,2014-10-14,NSE:RKDL,6.35,6.35,6.1,6.15,7867.0,-2.3809523809523725,-1.5625000000000084
939,2014-10-16,NSE:RKDL,6.05,6.3,6.0,6.1,18209.0,-0.8130081300813123,-2.3809523809523725
940,2014-10-17,NSE:RKDL,6.0,6.3,5.95,5.95,9257.0,-2.459016393442614,-0.8130081300813123
941,2014-10-20,NSE:RKDL,6.2,6.2,6.0,6.2,4210.0,4.201680672268907,-2.459016393442614
942,2014-10-21,NSE:RKDL,6.1,6.1,6.1,6.1,1454.0,-1.6129032258064602,4.201680672268907
943,2014-10-22,NSE:RKDL,6.2,6.4,6.0,6.3,7215.0,3.2786885245901667,-1.6129032258064602
944,2014-10-23,NSE:RKDL,6.45,6.45,6.35,6.35,2216.0,0.7936507936507908,3.2786885245901667
945,2014-10-27,NSE:RKDL,6.5,6.5,6.25,6.45,1653.0,1.574803149606308,0.7936507936507908
946,2014-10-28,NSE:RKDL,6.45,6.45,6.2,6.45,2151.0,0.0,1.574803149606308
947,2014-10-29,NSE:RKDL,6.4,6.4,6.2,6.35,1987.0,-1.5503875968992331,0.0
948,2014-10-30,NSE:RKDL,6.4,6.45,6.15,6.4,4093.0,0.7874015748031609,-1.5503875968992331
949,2014-10-31,NSE:RKDL,6.2,6.6,6.1,6.2,16046.0,-3.1250000000000027,0.7874015748031609
950,2014-11-03,NSE:RKDL,5.9,6.35,5.9,6.2,8822.0,0.0,-3.1250000000000027
951,2014-11-05,NSE:RKDL,6.1,6.5,6.1,6.5,24868.0,4.838709677419352,0.0
952,2014-11-07,NSE:RKDL,6.75,6.75,6.25,6.4,13078.0,-1.538461538461533,4.838709677419352
953,2014-11-10,NSE:RKDL,6.3,6.35,6.15,6.35,5756.0,-0.7812500000000111,-1.538461538461533
954,2014-11-11,NSE:RKDL,6.05,6.45,6.0,6.35,3422.0,0.0,-0.7812500000000111
955,2014-11-12,NSE:RKDL,6.2,6.2,6.1,6.1,1115.0,-3.937007874015748,0.0
956,2014-11-13,NSE:RKDL,6.0,6.45,5.65,6.0,10225.0,-1.6393442622950762,-3.937007874015748
957,2014-11-14,NSE:RKDL,6.25,6.5,6.1,6.45,13826.0,7.500000000000003,-1.6393442622950762
958,2014-11-17,NSE:RKDL,6.2,6.6,6.0,6.05,7003.0,-6.201550387596905,7.500000000000003
959,2014-11-18,NSE:RKDL,6.1,6.2,6.0,6.0,1964.0,-0.8264462809917326,-6.201550387596905
960,2014-11-19,NSE:RKDL,6.0,6.35,6.0,6.2,4608.0,3.333333333333336,-0.8264462809917326
961,2014-11-20,NSE:RKDL,6.0,6.1,5.95,6.1,6356.0,-1.6129032258064602,3.333333333333336
962,2014-11-21,NSE:RKDL,5.9,5.95,5.65,5.7,11655.0,-6.55737704918032,-1.6129032258064602
963,2014-11-24,NSE:RKDL,5.85,6.25,5.7,6.0,11451.0,5.263157894736839,-6.55737704918032
964,2014-11-25,NSE:RKDL,5.7,6.6,5.7,6.55,42628.0,9.166666666666663,5.263157894736839
965,2014-11-26,NSE:RKDL,6.7,6.9,6.0,6.2,28562.0,-5.3435114503816745,9.166666666666663
966,2014-11-27,NSE:RKDL,5.7,6.55,5.7,6.35,7185.0,2.4193548387096686,-5.3435114503816745
967,2014-11-28,NSE:RKDL,6.8,6.95,6.0,6.45,99896.0,1.574803149606308,2.4193548387096686
968,2014-12-01,NSE:RKDL,6.95,6.95,6.25,6.3,4436.0,-2.3255813953488427,1.574803149606308
969,2014-12-02,NSE:RKDL,6.2,6.3,5.8,6.0,24767.0,-4.761904761904759,-2.3255813953488427
970,2014-12-03,NSE:RKDL,6.55,6.6,6.0,6.55,21343.0,9.166666666666663,-4.761904761904759
971,2014-12-04,NSE:RKDL,6.35,6.9,6.3,6.35,14033.0,-3.0534351145038197,9.166666666666663
972,2014-12-05,NSE:RKDL,6.3,6.85,6.2,6.35,3679.0,0.0,-3.0534351145038197
973,2014-12-08,NSE:RKDL,6.1,6.65,6.05,6.4,1169.0,0.7874015748031609,0.0
974,2014-12-09,NSE:RKDL,6.1,6.65,5.8,6.1,7922.0,-4.687500000000011,0.7874015748031609
975,2014-12-10,NSE:RKDL,6.05,6.5,6.05,6.05,2356.0,-0.8196721311475381,-4.687500000000011
976,2014-12-11,NSE:RKDL,6.0,6.4,6.0,6.15,3266.0,1.6528925619834798,-0.8196721311475381
977,2014-12-12,NSE:RKDL,6.0,6.1,6.0,6.05,6729.0,-1.62601626016261,1.6528925619834798
978,2014-12-15,NSE:RKDL,6.0,6.35,5.8,5.85,5228.0,-3.305785123966945,-1.62601626016261
979,2014-12-16,NSE:RKDL,6.25,6.25,5.7,6.2,18993.0,5.982905982905992,-3.305785123966945
980,2014-12-17,NSE:RKDL,6.5,6.5,5.5,5.8,24048.0,-6.451612903225811,5.982905982905992
981,2014-12-18,NSE:RKDL,5.75,6.45,5.65,6.35,13217.0,9.482758620689651,-6.451612903225811
982,2014-12-19,NSE:RKDL,6.25,6.6,6.2,6.25,7167.0,-1.5748031496062938,9.482758620689651
983,2014-12-22,NSE:RKDL,6.15,6.35,5.85,6.3,8316.0,0.7999999999999973,-1.5748031496062938
984,2014-12-23,NSE:RKDL,6.4,6.4,5.9,6.1,1729.0,-3.174603174603177,0.7999999999999973
985,2014-12-24,NSE:RKDL,6.0,6.15,5.75,6.15,1887.0,0.8196721311475527,-3.174603174603177
986,2014-12-26,NSE:RKDL,6.35,6.35,6.0,6.1,2529.0,-0.8130081300813123,0.8196721311475527
987,2014-12-29,NSE:RKDL,6.6,6.6,5.75,6.0,6493.0,-1.6393442622950762,-0.8130081300813123
988,2014-12-30,NSE:RKDL,6.0,6.25,6.0,6.15,7176.0,2.500000000000006,-1.6393442622950762
989,2014-12-31,NSE:RKDL,6.25,6.25,6.1,6.15,2260.0,0.0,2.500000000000006
990,2015-01-01,NSE:RKDL,6.0,6.25,5.95,6.05,2107.0,-1.62601626016261,0.0
991,2015-01-02,NSE:RKDL,6.1,6.35,6.05,6.25,17154.0,3.305785123966945,-1.62601626016261
992,2015-01-05,NSE:RKDL,6.4,6.6,6.15,6.25,15629.0,0.0,3.305785123966945
993,2015-01-06,NSE:RKDL,6.05,6.35,6.05,6.05,9718.0,-3.200000000000003,0.0
994,2015-01-07,NSE:RKDL,6.0,6.25,5.8,6.1,2240.0,0.8264462809917326,-3.200000000000003
995,2015-01-08,NSE:RKDL,6.2,6.35,6.05,6.2,2651.0,1.6393442622950907,0.8264462809917326
996,2015-01-09,NSE:RKDL,6.05,6.35,6.05,6.35,8595.0,2.4193548387096686,1.6393442622950907
997,2015-01-12,NSE:RKDL,6.0,6.5,5.95,6.0,5610.0,-5.511811023622042,2.4193548387096686
998,2015-01-13,NSE:RKDL,5.95,6.45,5.95,6.05,1797.0,0.8333333333333304,-5.511811023622042
999,2015-01-14,NSE:RKDL,6.25,6.25,5.9,5.9,2055.0,-2.479338842975198,0.8333333333333304
1000,2015-01-15,NSE:RKDL,5.9,6.2,5.9,5.95,2206.0,0.8474576271186409,-2.479338842975198
1001,2015-01-16,NSE:RKDL,5.85,6.0,5.35,5.95,8374.0,0.0,0.8474576271186409
1002,2015-01-19,NSE:RKDL,6.0,6.8,6.0,6.2,19389.0,4.201680672268907,0.0
1003,2015-01-20,NSE:RKDL,6.25,7.0,6.1,6.65,40264.0,7.258064516129036,4.201680672268907
1004,2015-01-21,NSE:RKDL,6.55,6.6,6.2,6.55,10989.0,-1.5037593984962485,7.258064516129036
1005,2015-01-22,NSE:RKDL,6.45,6.45,6.05,6.25,411.0,-4.580152671755722,-1.5037593984962485
1006,2015-01-23,NSE:RKDL,6.15,7.2,6.15,6.15,2879.0,-1.5999999999999945,-4.580152671755722
1007,2015-01-27,NSE:RKDL,6.15,6.3,5.9,6.0,3266.0,-2.439024390243908,-1.5999999999999945
1008,2015-01-28,NSE:RKDL,6.0,6.1,5.35,5.7,13812.0,-4.9999999999999964,-2.439024390243908
1009,2015-01-29,NSE:RKDL,6.0,6.0,5.7,6.0,6785.0,5.263157894736839,-4.9999999999999964
1010,2015-01-30,NSE:RKDL,5.9,5.95,5.65,5.75,15320.0,-4.166666666666666,5.263157894736839
1011,2015-02-02,NSE:RKDL,5.7,6.05,5.5,5.95,4422.0,3.4782608695652204,-4.166666666666666
1012,2015-02-03,NSE:RKDL,5.8,6.1,5.4,5.9,9311.0,-0.8403361344537785,3.4782608695652204
1013,2015-02-04,NSE:RKDL,5.8,6.15,5.65,6.05,3063.0,2.542372881355923,-0.8403361344537785
1014,2015-02-05,NSE:RKDL,5.75,6.15,5.5,5.75,12291.0,-4.958677685950411,2.542372881355923
1015,2015-02-06,NSE:RKDL,5.8,5.9,5.45,5.5,7814.0,-4.3478260869565215,-4.958677685950411
1016,2015-02-09,NSE:RKDL,5.55,5.55,5.3,5.3,7810.0,-3.63636363636364,-4.3478260869565215
1017,2015-02-10,NSE:RKDL,5.35,5.7,5.1,5.1,3946.0,-3.7735849056603805,-3.63636363636364
1018,2015-02-11,NSE:RKDL,5.2,5.4,4.95,5.4,3081.0,5.882352941176485,-3.7735849056603805
1019,2015-02-12,NSE:RKDL,5.35,5.35,5.05,5.2,5081.0,-3.703703703703707,5.882352941176485
1020,2015-02-13,NSE:RKDL,5.5,5.5,4.95,5.05,17849.0,-2.8846153846153912,-3.703703703703707
1021,2015-02-16,NSE:RKDL,5.1,5.1,4.9,4.95,8372.0,-1.9801980198019733,-2.8846153846153912
1022,2015-02-18,NSE:RKDL,5.35,5.35,4.95,5.1,5679.0,3.030303030303019,-1.9801980198019733
1023,2015-02-19,NSE:RKDL,4.95,5.75,4.95,5.25,6171.0,2.9411764705882426,3.030303030303019
1024,2015-02-20,NSE:RKDL,5.25,5.8,4.95,5.7,15225.0,8.571428571428575,2.9411764705882426
1025,2015-02-23,NSE:RKDL,5.5,5.75,5.1,5.15,5742.0,-9.649122807017541,8.571428571428575
1026,2015-02-24,NSE:RKDL,5.5,5.55,4.8,5.1,14379.0,-0.9708737864077808,-9.649122807017541
1027,2015-02-25,NSE:RKDL,5.15,5.6,5.0,5.05,2404.0,-0.9803921568627416,-0.9708737864077808
1028,2015-02-26,NSE:RKDL,5.1,5.1,4.7,4.8,17438.0,-4.9504950495049505,-0.9803921568627416
1029,2015-02-27,NSE:RKDL,4.7,5.25,4.65,5.05,19833.0,5.208333333333334,-4.9504950495049505
1030,2015-02-28,NSE:RKDL,5.3,5.4,5.05,5.05,14569.0,0.0,5.208333333333334
1031,2015-03-02,NSE:RKDL,5.0,5.25,4.8,5.15,6957.0,1.980198019801991,0.0
1032,2015-03-03,NSE:RKDL,4.95,5.1,4.95,5.1,4117.0,-0.9708737864077808,1.980198019801991
1033,2015-03-04,NSE:RKDL,5.1,5.3,4.8,5.25,11384.0,2.9411764705882426,-0.9708737864077808
1034,2015-03-05,NSE:RKDL,5.25,5.4,5.0,5.1,4409.0,-2.857142857142864,2.9411764705882426
1035,2015-03-09,NSE:RKDL,5.05,5.05,5.0,5.0,3567.0,-1.9607843137254832,-2.857142857142864
1036,2015-03-10,NSE:RKDL,5.0,5.0,4.3,4.45,57872.0,-10.999999999999996,-1.9607843137254832
1037,2015-03-11,NSE:RKDL,4.45,4.75,4.35,4.55,6474.0,2.2471910112359472,-10.999999999999996
1038,2015-03-12,NSE:RKDL,4.75,4.75,4.45,4.55,7703.0,0.0,2.2471910112359472
1039,2015-03-13,NSE:RKDL,4.6,4.6,4.3,4.45,5184.0,-2.19780219780219,0.0
1040,2015-03-16,NSE:RKDL,4.5,4.65,4.3,4.5,4086.0,1.1235955056179736,-2.19780219780219
1041,2015-03-17,NSE:RKDL,4.4,4.65,4.4,4.65,5481.0,3.333333333333341,1.1235955056179736
1042,2015-03-18,NSE:RKDL,4.6,4.6,4.4,4.4,2739.0,-5.376344086021505,3.333333333333341
1043,2015-03-19,NSE:RKDL,4.5,4.6,4.35,4.55,15760.0,3.409090909090897,-5.376344086021505
1044,2015-03-20,NSE:RKDL,4.35,4.6,4.3,4.45,2006.0,-2.19780219780219,3.409090909090897
1045,2015-03-23,NSE:RKDL,4.35,4.55,4.05,4.05,3302.0,-8.988764044943828,-2.19780219780219
1046,2015-03-24,NSE:RKDL,4.1,4.5,4.0,4.2,4967.0,3.7037037037037126,-8.988764044943828
1047,2015-03-25,NSE:RKDL,4.55,4.55,4.15,4.5,3586.0,7.142857142857138,3.7037037037037126
1048,2015-03-26,NSE:RKDL,4.4,4.5,3.75,4.0,10863.0,-11.11111111111111,7.142857142857138
1049,2015-03-27,NSE:RKDL,3.9,4.35,3.85,3.85,18740.0,-3.749999999999998,-11.11111111111111
1050,2015-03-30,NSE:RKDL,4.25,4.55,4.05,4.35,9614.0,12.987012987012974,-3.749999999999998
1051,2015-03-31,NSE:RKDL,4.3,5.1,4.2,4.2,3606.0,-3.4482758620689538,12.987012987012974
1052,2015-04-01,NSE:RKDL,4.2,4.2,3.9,4.15,7007.0,-1.1904761904761862,-3.4482758620689538
1053,2015-04-06,NSE:RKDL,4.05,4.45,3.95,4.45,5654.0,7.228915662650598,-1.1904761904761862
1054,2015-04-07,NSE:RKDL,4.2,4.45,3.95,4.45,4949.0,0.0,7.228915662650598
1055,2015-04-08,NSE:RKDL,4.5,4.5,4.05,4.25,5564.0,-4.494382022471914,0.0
1056,2015-04-09,NSE:RKDL,4.0,4.4,4.0,4.25,2138.0,0.0,-4.494382022471914
1057,2015-04-10,NSE:RKDL,4.4,5.1,4.4,5.05,33024.0,18.823529411764703,0.0
1058,2015-04-13,NSE:RKDL,4.9,5.7,4.9,5.15,32883.0,1.980198019801991,18.823529411764703
1059,2015-04-15,NSE:RKDL,5.25,5.5,4.9,5.4,18835.0,4.854368932038835,1.980198019801991
1060,2015-04-16,NSE:RKDL,5.45,6.0,5.35,5.35,7830.0,-0.925925925925939,4.854368932038835
1061,2015-04-17,NSE:RKDL,5.45,5.5,5.25,5.3,9453.0,-0.9345794392523332,-0.925925925925939
1062,2015-04-20,NSE:RKDL,5.25,6.35,4.45,5.1,27214.0,-3.7735849056603805,-0.9345794392523332
1063,2015-04-21,NSE:RKDL,5.6,5.6,4.5,4.85,11229.0,-4.901960784313726,-3.7735849056603805
1064,2015-04-22,NSE:RKDL,5.0,5.4,4.8,5.2,7927.0,7.216494845360836,-4.901960784313726
1065,2015-04-23,NSE:RKDL,4.8,5.5,4.8,5.25,10383.0,0.9615384615384581,7.216494845360836
1066,2015-04-24,NSE:RKDL,5.05,5.45,4.7,5.05,8842.0,-3.809523809523813,0.9615384615384581
1067,2015-04-27,NSE:RKDL,5.3,5.35,5.2,5.2,16701.0,2.9702970297029774,-3.809523809523813
1068,2015-04-28,NSE:RKDL,5.0,5.3,5.0,5.3,1162.0,1.9230769230769162,2.9702970297029774
1069,2015-04-29,NSE:RKDL,5.3,5.45,4.7,4.8,5199.0,-9.433962264150944,1.9230769230769162
1070,2015-04-30,NSE:RKDL,4.8,5.1,4.8,5.0,531.0,4.1666666666666705,-9.433962264150944
1071,2015-05-04,NSE:RKDL,5.4,5.4,5.0,5.0,2145.0,0.0,4.1666666666666705
1072,2015-05-05,NSE:RKDL,5.3,5.3,4.2,4.75,13873.0,-5.0,0.0
1073,2015-05-06,NSE:RKDL,4.7,4.7,4.55,4.55,683.0,-4.210526315789478,-5.0
1074,2015-05-07,NSE:RKDL,4.9,4.9,4.65,4.75,967.0,4.3956043956043995,-4.210526315789478
1075,2015-05-08,NSE:RKDL,4.65,4.7,4.25,4.55,3298.0,-4.210526315789478,4.3956043956043995
1076,2015-05-11,NSE:RKDL,4.75,4.75,4.25,4.5,7322.0,-1.098901098901095,-4.210526315789478
1077,2015-05-12,NSE:RKDL,4.5,4.6,4.3,4.4,902.0,-2.2222222222222143,-1.098901098901095
1078,2015-05-13,NSE:RKDL,4.5,4.8,4.5,4.65,7669.0,5.681818181818182,-2.2222222222222143
1079,2015-05-14,NSE:RKDL,4.75,4.75,4.5,4.5,2389.0,-3.2258064516129106,5.681818181818182
1080,2015-05-15,NSE:RKDL,4.85,4.85,4.5,4.6,902.0,2.2222222222222143,-3.2258064516129106
1081,2015-05-18,NSE:RKDL,4.7,5.0,4.3,4.55,12911.0,-1.0869565217391266,2.2222222222222143
1082,2015-05-19,NSE:RKDL,4.75,4.8,4.25,4.75,1502.0,4.3956043956043995,-1.0869565217391266
1083,2015-05-20,NSE:RKDL,4.6,5.7,4.3,4.85,12570.0,2.1052631578947296,4.3956043956043995
1084,2015-05-21,NSE:RKDL,4.6,4.8,4.5,4.8,518.0,-1.0309278350515427,2.1052631578947296
1085,2015-05-22,NSE:RKDL,5.0,5.0,4.75,4.75,40.0,-1.041666666666663,-1.0309278350515427
1086,2015-05-25,NSE:RKDL,4.9,4.95,4.8,4.9,1278.0,3.157894736842113,-1.041666666666663
1087,2015-05-26,NSE:RKDL,4.6,4.95,4.3,4.95,1158.0,1.0204081632653024,3.157894736842113
1088,2015-05-27,NSE:RKDL,5.0,5.6,4.5,4.9,664.0,-1.0101010101010066,1.0204081632653024
1089,2015-05-28,NSE:RKDL,4.7,5.0,4.35,4.85,3830.0,-1.0204081632653206,-1.0101010101010066
1090,2015-05-29,NSE:RKDL,4.5,5.0,4.4,4.45,3192.0,-8.247422680412361,-1.0204081632653206
1091,2015-06-01,NSE:RKDL,4.95,4.95,4.4,4.55,1270.0,2.2471910112359472,-8.247422680412361
1092,2015-06-02,NSE:RKDL,4.5,4.5,4.5,4.5,438.0,-1.098901098901095,2.2471910112359472
1093,2015-06-03,NSE:RKDL,4.4,4.5,4.15,4.25,3585.0,-5.555555555555555,-1.098901098901095
1094,2015-06-04,NSE:RKDL,4.3,4.45,4.1,4.45,660.0,4.70588235294118,-5.555555555555555
1095,2015-06-05,NSE:RKDL,4.2,4.6,4.2,4.45,3548.0,0.0,4.70588235294118
1096,2015-06-08,NSE:RKDL,4.45,4.45,4.45,4.45,508.0,0.0,0.0
1097,2015-06-09,NSE:RKDL,4.2,4.6,4.2,4.3,2090.0,-3.37078651685394,0.0
1098,2015-06-10,NSE:RKDL,4.5,4.5,4.2,4.3,3606.0,0.0,-3.37078651685394
1099,2015-06-11,NSE:RKDL,4.35,4.4,4.25,4.4,2312.0,2.32558139534885,0.0
1100,2015-06-12,NSE:RKDL,4.45,4.5,4.1,4.4,5181.0,0.0,2.32558139534885
1101,2015-06-15,NSE:RKDL,3.85,4.7,3.85,4.05,6059.0,-7.954545454545466,0.0
1102,2015-06-16,NSE:RKDL,4.1,4.4,3.65,4.05,1193.0,0.0,-7.954545454545466
1103,2015-06-17,NSE:RKDL,4.75,4.75,3.85,4.4,5560.0,8.641975308641989,0.0
1104,2015-06-18,NSE:RKDL,4.3,4.65,3.9,4.05,14907.0,-7.954545454545466,8.641975308641989
1105,2015-06-19,NSE:RKDL,4.7,4.7,4.0,4.05,9115.0,0.0,-7.954545454545466
1106,2015-06-22,NSE:RKDL,4.3,4.3,4.3,4.3,202.0,6.17283950617284,0.0
1107,2015-06-23,NSE:RKDL,4.1,4.4,4.1,4.25,1493.0,-1.1627906976744147,6.17283950617284
1108,2015-06-24,NSE:RKDL,4.25,4.25,4.1,4.25,2563.0,0.0,-1.1627906976744147
1109,2015-06-25,NSE:RKDL,4.1,4.4,4.1,4.4,560.0,3.5294117647058907,0.0
1110,2015-06-26,NSE:RKDL,4.3,4.3,4.1,4.25,3061.0,-3.409090909090917,3.5294117647058907
1111,2015-06-29,NSE:RKDL,4.3,4.6,4.1,4.25,7807.0,0.0,-3.409090909090917
1112,2015-06-30,NSE:RKDL,4.25,4.5,4.2,4.45,553.0,4.70588235294118,0.0
1113,2015-07-01,NSE:RKDL,4.4,4.7,4.2,4.7,3198.0,5.617977528089887,4.70588235294118
1114,2015-07-02,NSE:RKDL,4.7,4.75,4.5,4.65,7043.0,-1.0638297872340388,5.617977528089887
1115,2015-07-03,NSE:RKDL,4.5,4.7,4.25,4.4,2418.0,-5.376344086021505,-1.0638297872340388
1116,2015-07-06,NSE:RKDL,4.25,4.25,4.25,4.25,50.0,-3.409090909090917,-5.376344086021505
1117,2015-07-07,NSE:RKDL,4.2,4.3,4.05,4.05,6034.0,-4.70588235294118,-3.409090909090917
1118,2015-07-08,NSE:RKDL,4.05,4.85,4.05,4.85,11409.0,19.75308641975308,-4.70588235294118
1119,2015-07-09,NSE:RKDL,5.8,5.8,5.5,5.8,24297.0,19.587628865979386,19.75308641975308
1120,2015-07-10,NSE:RKDL,5.85,6.95,5.85,6.95,54494.0,19.82758620689656,19.587628865979386
1121,2015-07-13,NSE:RKDL,7.6,7.6,7.6,7.6,6911.0,9.352517985611502,19.82758620689656
1122,2015-07-14,NSE:RKDL,8.35,8.35,7.2,7.4,69450.0,-2.631578947368412,9.352517985611502
1123,2015-07-15,NSE:RKDL,6.85,7.3,6.7,6.7,27049.0,-9.459459459459461,-2.631578947368412
1124,2015-07-16,NSE:RKDL,6.7,6.7,6.05,6.05,33809.0,-9.701492537313436,-9.459459459459461
1125,2015-07-17,NSE:RKDL,5.55,6.65,5.45,6.65,30612.0,9.917355371900834,-9.701492537313436
1126,2015-07-20,NSE:RKDL,6.45,7.3,6.15,7.1,37901.0,6.766917293233071,9.917355371900834
1127,2015-07-21,NSE:RKDL,7.15,7.65,6.4,6.65,42237.0,-6.338028169014074,6.766917293233071
1128,2015-07-22,NSE:RKDL,6.5,6.8,6.0,6.55,29879.0,-1.5037593984962485,-6.338028169014074
1129,2015-07-23,NSE:RKDL,6.25,6.65,6.25,6.35,7188.0,-3.0534351145038197,-1.5037593984962485
1130,2015-07-24,NSE:RKDL,6.3,6.45,5.85,6.05,11160.0,-4.724409448818895,-3.0534351145038197
1131,2015-07-27,NSE:RKDL,6.1,6.4,5.6,6.15,12661.0,1.6528925619834798,-4.724409448818895
1132,2015-07-28,NSE:RKDL,6.0,6.5,5.95,6.2,4204.0,0.8130081300812979,1.6528925619834798
1133,2015-07-29,NSE:RKDL,6.25,6.5,6.1,6.15,10238.0,-0.8064516129032229,0.8130081300812979
1134,2015-07-30,NSE:RKDL,6.35,6.5,6.1,6.45,8417.0,4.878048780487801,-0.8064516129032229
1135,2015-07-31,NSE:RKDL,6.2,6.45,6.05,6.1,4404.0,-5.426356589147295,4.878048780487801
1136,2015-08-03,NSE:RKDL,6.1,6.4,6.1,6.25,951.0,2.459016393442629,-5.426356589147295
1137,2015-08-04,NSE:RKDL,6.15,6.5,6.05,6.4,7516.0,2.4000000000000057,2.459016393442629
1138,2015-08-05,NSE:RKDL,6.25,6.45,6.25,6.4,5771.0,0.0,2.4000000000000057
1139,2015-08-06,NSE:RKDL,6.5,6.5,6.1,6.15,3331.0,-3.90625,0.0
1140,2015-08-07,NSE:RKDL,6.4,6.9,6.25,6.6,23636.0,7.317073170731696,-3.90625
1141,2015-08-10,NSE:RKDL,6.8,7.5,6.75,7.05,48202.0,6.818181818181822,7.317073170731696
1142,2015-08-11,NSE:RKDL,7.2,7.5,7.0,7.0,7504.0,-0.7092198581560258,6.818181818181822
1143,2015-08-12,NSE:RKDL,6.8,7.45,6.1,6.2,19073.0,-11.428571428571425,-0.7092198581560258
1144,2015-08-13,NSE:RKDL,6.75,6.85,6.1,6.45,3618.0,4.032258064516129,-11.428571428571425
1145,2015-08-14,NSE:RKDL,6.35,6.6,6.05,6.3,10019.0,-2.3255813953488427,4.032258064516129
1146,2015-08-17,NSE:RKDL,6.65,6.65,6.25,6.45,3876.0,2.3809523809523867,-2.3255813953488427
1147,2015-08-18,NSE:RKDL,7.25,7.25,6.15,6.5,38591.0,0.7751937984496096,2.3809523809523867
1148,2015-08-19,NSE:RKDL,6.35,7.1,6.3,6.8,5865.0,4.615384615384613,0.7751937984496096
1149,2015-08-20,NSE:RKDL,6.6,7.0,6.15,6.25,4636.0,-8.088235294117645,4.615384615384613
1150,2015-08-21,NSE:RKDL,6.1,6.5,6.0,6.25,5049.0,0.0,-8.088235294117645
1151,2015-08-24,NSE:RKDL,6.1,6.15,5.5,5.95,20163.0,-4.799999999999997,0.0
1152,2015-08-25,NSE:RKDL,5.8,5.8,5.0,5.5,36018.0,-7.563025210084036,-4.799999999999997
1153,2015-08-26,NSE:RKDL,5.45,5.8,5.05,5.3,9009.0,-3.63636363636364,-7.563025210084036
1154,2015-08-27,NSE:RKDL,5.15,5.7,5.15,5.6,1970.0,5.660377358490563,-3.63636363636364
1155,2015-08-28,NSE:RKDL,5.8,5.85,5.6,5.65,4552.0,0.8928571428571557,5.660377358490563
1156,2015-08-31,NSE:RKDL,5.95,5.95,5.7,5.75,2795.0,1.7699115044247724,0.8928571428571557
1157,2015-09-01,NSE:RKDL,5.95,5.95,4.85,5.05,11089.0,-12.173913043478263,1.7699115044247724
1158,2015-09-02,NSE:RKDL,5.0,5.85,4.9,5.55,7892.0,9.900990099009901,-12.173913043478263
1159,2015-09-03,NSE:RKDL,5.95,6.45,5.55,6.15,10283.0,10.810810810810821,9.900990099009901
1160,2015-09-04,NSE:RKDL,6.0,6.35,5.3,5.6,13386.0,-8.94308943089432,10.810810810810821
1161,2015-09-07,NSE:RKDL,5.5,5.9,4.8,5.1,10428.0,-8.928571428571429,-8.94308943089432
1162,2015-09-08,NSE:RKDL,5.5,5.5,4.8,5.1,17789.0,0.0,-8.928571428571429
1163,2015-09-09,NSE:RKDL,5.65,5.85,5.25,5.8,13103.0,13.725490196078436,0.0
1164,2015-09-10,NSE:RKDL,5.7,5.7,5.0,5.6,17026.0,-3.448275862068969,13.725490196078436
1165,2015-09-11,NSE:RKDL,5.6,5.65,5.4,5.4,10778.0,-3.5714285714285587,-3.448275862068969
1166,2015-09-14,NSE:RKDL,5.45,5.5,5.45,5.5,1200.0,1.8518518518518452,-3.5714285714285587
1167,2015-09-15,NSE:RKDL,5.75,5.75,5.4,5.4,1250.0,-1.818181818181812,1.8518518518518452
1168,2015-09-16,NSE:RKDL,5.4,5.4,5.05,5.2,8516.0,-3.703703703703707,-1.818181818181812
1169,2015-09-18,NSE:RKDL,5.2,5.6,5.15,5.4,6745.0,3.8461538461538494,-3.703703703703707
1170,2015-09-21,NSE:RKDL,5.3,5.65,5.3,5.4,10444.0,0.0,3.8461538461538494
1171,2015-09-22,NSE:RKDL,5.75,5.75,5.25,5.55,253.0,2.7777777777777675,0.0
1172,2015-09-23,NSE:RKDL,5.5,5.5,5.15,5.25,707.0,-5.405405405405403,2.7777777777777675
1173,2015-09-24,NSE:RKDL,5.2,5.35,5.2,5.25,2777.0,0.0,-5.405405405405403
1174,2015-09-28,NSE:RKDL,5.45,5.5,5.3,5.45,3001.0,3.809523809523813,0.0
1175,2015-09-29,NSE:RKDL,5.3,5.55,5.0,5.15,16786.0,-5.5045871559633,3.809523809523813
1176,2015-09-30,NSE:RKDL,5.3,5.45,5.2,5.3,4339.0,2.9126213592232904,-5.5045871559633
1177,2015-10-01,NSE:RKDL,4.6,5.4,4.6,5.2,2405.0,-1.886792452830182,2.9126213592232904
1178,2015-10-05,NSE:RKDL,5.7,5.7,5.2,5.25,12353.0,0.9615384615384581,-1.886792452830182
1179,2015-10-06,NSE:RKDL,5.1,5.5,5.05,5.4,5697.0,2.857142857142864,0.9615384615384581
1180,2015-10-07,NSE:RKDL,5.8,5.8,5.2,5.35,1334.0,-0.925925925925939,2.857142857142864
1181,2015-10-08,NSE:RKDL,5.3,5.5,5.15,5.25,2760.0,-1.8691588785046664,-0.925925925925939
1182,2015-10-09,NSE:RKDL,5.25,5.5,5.25,5.35,3446.0,1.904761904761898,-1.8691588785046664
1183,2015-10-12,NSE:RKDL,5.2,5.5,5.2,5.45,4890.0,1.8691588785046829,1.904761904761898
1184,2015-10-13,NSE:RKDL,5.5,5.5,5.15,5.3,7004.0,-2.752293577981658,1.8691588785046829
1185,2015-10-14,NSE:RKDL,5.3,5.3,5.2,5.3,10920.0,0.0,-2.752293577981658
1186,2015-10-15,NSE:RKDL,5.25,5.45,5.2,5.4,11192.0,1.8867924528301987,0.0
1187,2015-10-16,NSE:RKDL,5.25,5.3,5.15,5.25,12131.0,-2.7777777777777843,1.8867924528301987
1188,2015-10-19,NSE:RKDL,5.55,5.55,5.35,5.35,16009.0,1.904761904761898,-2.7777777777777843
1189,2015-10-20,NSE:RKDL,5.2,5.45,5.2,5.45,3676.0,1.8691588785046829,1.904761904761898
1190,2015-10-21,NSE:RKDL,5.4,5.45,5.2,5.4,5712.0,-0.9174311926605472,1.8691588785046829
1191,2015-10-23,NSE:RKDL,5.3,5.3,5.25,5.25,316.0,-2.7777777777777843,-0.9174311926605472
1192,2015-10-26,NSE:RKDL,5.1,5.5,5.0,5.3,7951.0,0.952380952380949,-2.7777777777777843
1193,2015-10-27,NSE:RKDL,5.35,5.35,5.3,5.3,403.0,0.0,0.952380952380949
1194,2015-10-28,NSE:RKDL,5.05,5.35,5.0,5.2,2517.0,-1.886792452830182,0.0
1195,2015-10-29,NSE:RKDL,5.15,5.35,5.05,5.1,6352.0,-1.9230769230769333,-1.886792452830182
1196,2015-10-30,NSE:RKDL,5.3,5.3,5.05,5.25,9941.0,2.9411764705882426,-1.9230769230769333
1197,2015-11-02,NSE:RKDL,5.25,5.3,5.1,5.3,13193.0,0.952380952380949,2.9411764705882426
1198,2015-11-03,NSE:RKDL,5.2,6.1,5.15,5.35,7016.0,0.943396226415091,0.952380952380949
1199,2015-11-04,NSE:RKDL,5.6,6.4,5.25,6.4,108375.0,19.62616822429908,0.943396226415091
1200,2015-11-05,NSE:RKDL,6.95,7.65,6.9,7.65,185695.0,19.53125,19.62616822429908
1201,2015-11-06,NSE:RKDL,8.2,8.4,7.5,7.8,179629.0,1.9607843137254832,19.53125
1202,2015-11-09,NSE:RKDL,8.4,8.55,7.05,8.55,94873.0,9.615384615384627,1.9607843137254832
1203,2015-11-10,NSE:RKDL,8.65,9.4,8.65,9.4,66726.0,9.941520467836252,9.615384615384627
1204,2015-11-11,NSE:RKDL,10.3,10.3,9.5,10.3,87050.0,9.574468085106387,9.941520467836252
1205,2015-11-13,NSE:RKDL,10.7,10.8,10.5,10.8,67972.0,4.854368932038835,9.574468085106387
1206,2015-11-16,NSE:RKDL,10.4,11.1,10.3,10.3,192354.0,-4.62962962962963,4.854368932038835
1207,2015-11-17,NSE:RKDL,9.8,9.85,9.8,9.8,36873.0,-4.854368932038835,-4.62962962962963
1208,2015-11-18,NSE:RKDL,9.35,9.35,9.35,9.35,4880.0,-4.591836734693889,-4.854368932038835
1209,2015-11-19,NSE:RKDL,8.9,9.75,8.9,8.9,61580.0,-4.812834224598923,-4.591836734693889
1210,2015-11-20,NSE:RKDL,8.5,9.25,8.5,8.5,115382.0,-4.494382022471914,-4.812834224598923
1211,2015-11-23,NSE:RKDL,8.2,8.9,8.1,8.1,66974.0,-4.70588235294118,-4.494382022471914
1212,2015-11-24,NSE:RKDL,7.8,8.4,7.7,8.0,50769.0,-1.2345679012345634,-4.70588235294118
1213,2015-11-26,NSE:RKDL,8.35,8.4,8.1,8.4,32331.0,5.000000000000004,-1.2345679012345634
1214,2015-11-27,NSE:RKDL,8.5,8.8,8.15,8.65,55751.0,2.976190476190476,5.000000000000004
1215,2015-11-30,NSE:RKDL,9.0,9.0,8.25,8.4,22591.0,-2.8901734104046244,2.976190476190476
1216,2015-12-01,NSE:RKDL,8.4,8.6,8.0,8.0,21485.0,-4.761904761904765,-2.8901734104046244
1217,2015-12-02,NSE:RKDL,7.65,8.0,7.6,7.65,77459.0,-4.374999999999996,-4.761904761904765
1218,2015-12-03,NSE:RKDL,7.6,8.0,7.6,7.7,23078.0,0.6535947712418277,-4.374999999999996
1219,2015-12-04,NSE:RKDL,7.9,8.05,7.9,8.05,11174.0,4.545454545454552,0.6535947712418277
1220,2015-12-07,NSE:RKDL,8.0,8.45,8.0,8.45,53445.0,4.968944099378864,4.545454545454552
1221,2015-12-08,NSE:RKDL,8.85,8.85,8.6,8.85,35959.0,4.733727810650892,4.968944099378864
1222,2015-12-09,NSE:RKDL,9.25,9.25,8.45,8.45,65119.0,-4.51977401129944,4.733727810650892
1223,2015-12-10,NSE:RKDL,8.25,8.45,8.1,8.2,30152.0,-2.9585798816568047,-4.51977401129944
1224,2015-12-11,NSE:RKDL,8.0,8.35,7.8,7.95,15803.0,-3.0487804878048674,-2.9585798816568047
1225,2015-12-14,NSE:RKDL,8.0,8.1,7.8,7.95,9719.0,0.0,-3.0487804878048674
1226,2015-12-15,NSE:RKDL,8.0,8.3,7.7,8.3,12802.0,4.402515723270447,0.0
1227,2015-12-16,NSE:RKDL,8.45,8.7,8.45,8.7,17785.0,4.819277108433717,4.402515723270447
1228,2015-12-17,NSE:RKDL,8.95,9.1,8.5,8.6,50326.0,-1.1494252873563178,4.819277108433717
1229,2015-12-18,NSE:RKDL,8.8,8.95,8.55,8.8,35531.0,2.32558139534885,-1.1494252873563178
1230,2015-12-21,NSE:RKDL,8.85,9.2,8.5,8.9,18975.0,1.1363636363636322,2.32558139534885
1231,2015-12-22,NSE:RKDL,8.75,9.0,8.7,8.8,16277.0,-1.1235955056179736,1.1363636363636322
1232,2015-12-23,NSE:RKDL,8.8,8.8,8.4,8.65,11051.0,-1.7045454545454586,-1.1235955056179736
1233,2015-12-24,NSE:RKDL,8.9,8.9,8.25,8.5,9876.0,-1.7341040462427786,-1.7045454545454586
1234,2015-12-28,NSE:RKDL,8.35,8.9,8.35,8.9,23332.0,4.70588235294118,-1.7341040462427786
1235,2015-12-29,NSE:RKDL,9.3,9.3,8.5,9.1,64336.0,2.2471910112359472,4.70588235294118
1236,2015-12-30,NSE:RKDL,9.15,9.55,8.7,9.5,102766.0,4.3956043956043995,2.2471910112359472
1237,2015-12-31,NSE:RKDL,9.85,9.95,9.65,9.95,51320.0,4.73684210526315,4.3956043956043995
1238,2016-01-01,NSE:RKDL,10.45,10.9,10.2,10.9,156756.0,9.547738693467348,4.73684210526315
1239,2016-01-04,NSE:RKDL,11.25,11.95,11.2,11.95,74851.0,9.63302752293577,9.547738693467348
1240,2016-01-05,NSE:RKDL,13.1,13.1,13.0,13.1,132512.0,9.623430962343098,9.63302752293577
1241,2016-01-06,NSE:RKDL,13.75,13.75,12.45,13.5,122547.0,3.0534351145038197,9.623430962343098
1242,2016-01-07,NSE:RKDL,13.0,14.15,12.85,13.65,212629.0,1.1111111111111138,3.0534351145038197
1243,2016-01-08,NSE:RKDL,14.15,14.3,13.85,14.3,81462.0,4.7619047619047645,1.1111111111111138
1244,2016-01-11,NSE:RKDL,15.0,15.0,14.5,15.0,53280.0,4.89510489510489,4.7619047619047645
1245,2016-01-12,NSE:RKDL,15.65,15.75,15.5,15.75,132459.0,5.0,4.89510489510489
1246,2016-01-13,NSE:RKDL,16.15,16.5,15.0,16.5,324247.0,4.761904761904762,5.0
1247,2016-01-14,NSE:RKDL,17.0,17.0,15.7,16.200001,133422.0,-1.8181757575757556,4.761904761904762
1248,2016-01-15,NSE:RKDL,16.0,16.75,15.4,15.4,47529.0,-4.938277472945835,-1.8181757575757556
1249,2016-01-18,NSE:RKDL,15.4,15.4,14.65,14.65,7611.0,-4.870129870129871,-4.938277472945835
1250,2016-01-19,NSE:RKDL,13.95,13.95,13.95,13.95,5218.0,-4.778156996587038,-4.870129870129871
1251,2016-01-20,NSE:RKDL,13.3,13.3,13.3,13.3,5701.0,-4.659498207885295,-4.778156996587038
1252,2016-01-21,NSE:RKDL,12.65,12.7,12.65,12.65,14818.0,-4.8872180451127845,-4.659498207885295
1253,2016-01-22,NSE:RKDL,12.05,12.5,12.05,12.05,102317.0,-4.743083003952566,-4.8872180451127845
1254,2016-01-25,NSE:RKDL,12.4,12.5,11.45,11.45,87522.0,-4.979253112033207,-4.743083003952566
1255,2016-01-27,NSE:RKDL,11.45,11.7,10.9,10.9,45476.0,-4.803493449781651,-4.979253112033207
1256,2016-01-28,NSE:RKDL,10.4,10.45,10.4,10.4,7862.0,-4.587155963302751,-4.803493449781651
1257,2016-01-29,NSE:RKDL,9.9,10.9,9.9,10.9,52062.0,4.8076923076923075,-4.587155963302751
1258,2016-02-01,NSE:RKDL,11.4,11.4,11.3,11.4,19825.0,4.587155963302751,4.8076923076923075
1259,2016-02-02,NSE:RKDL,11.95,11.95,11.6,11.85,35018.0,3.947368421052625,4.587155963302751
1260,2016-02-03,NSE:RKDL,11.35,12.1,11.3,11.6,43136.0,-2.109704641350211,3.947368421052625
1261,2016-02-04,NSE:RKDL,11.7,11.7,11.05,11.05,16500.0,-4.7413793103448185,-2.109704641350211
1262,2016-02-05,NSE:RKDL,10.6,11.1,10.5,10.65,16686.0,-3.6199095022624466,-4.7413793103448185
1263,2016-02-08,NSE:RKDL,10.2,10.9,10.15,10.3,25347.0,-3.2863849765258184,-3.6199095022624466
1264,2016-02-09,NSE:RKDL,10.45,10.45,9.8,9.8,9175.0,-4.854368932038835,-3.2863849765258184
1265,2016-02-10,NSE:RKDL,9.55,10.15,9.35,9.5,20330.0,-3.0612244897959253,-4.854368932038835
1266,2016-02-11,NSE:RKDL,9.35,9.35,9.05,9.05,18761.0,-4.73684210526315,-3.0612244897959253
1267,2016-02-12,NSE:RKDL,9.1,9.1,8.6,8.65,17086.0,-4.419889502762434,-4.73684210526315
1268,2016-02-15,NSE:RKDL,9.05,9.05,8.35,9.0,29128.0,4.04624277456647,-4.419889502762434
1269,2016-02-16,NSE:RKDL,9.2,9.2,8.55,8.55,18003.0,-4.999999999999992,4.04624277456647
1270,2016-02-17,NSE:RKDL,8.25,8.7,8.15,8.3,13997.0,-2.923976608187134,-4.999999999999992
1271,2016-02-18,NSE:RKDL,8.7,8.7,8.1,8.45,13452.0,1.807228915662633,-2.923976608187134
1272,2016-02-19,NSE:RKDL,8.6,8.75,8.4,8.5,8194.0,0.5917159763313694,1.807228915662633
1273,2016-02-22,NSE:RKDL,8.75,8.75,8.2,8.3,11700.0,-2.35294117647058,0.5917159763313694
1274,2016-02-23,NSE:RKDL,8.5,8.5,7.95,8.0,13063.0,-3.6144578313253093,-2.35294117647058
1275,2016-02-24,NSE:RKDL,7.95,8.4,7.9,8.3,11056.0,3.750000000000009,-3.6144578313253093
1276,2016-02-25,NSE:RKDL,8.45,8.45,8.0,8.15,12628.0,-1.8072289156626546,3.750000000000009
1277,2016-02-26,NSE:RKDL,8.1,8.5,8.0,8.25,3824.0,1.2269938650306704,-1.8072289156626546
1278,2016-02-29,NSE:RKDL,8.45,8.45,7.85,7.85,2415.0,-4.848484848484853,1.2269938650306704
1279,2016-03-01,NSE:RKDL,8.0,8.2,7.8,8.1,14165.0,3.1847133757961785,-4.848484848484853
1280,2016-03-02,NSE:RKDL,8.1,8.5,8.0,8.5,36145.0,4.938271604938276,3.1847133757961785
1281,2016-03-03,NSE:RKDL,8.5,8.8,8.3,8.7,6977.0,2.35294117647058,4.938271604938276
1282,2016-03-04,NSE:RKDL,8.75,9.1,8.7,9.0,1944.0,3.4482758620689737,2.35294117647058
1283,2016-03-08,NSE:RKDL,9.25,9.35,8.7,8.9,13508.0,-1.1111111111111072,3.4482758620689737
1284,2016-03-09,NSE:RKDL,8.6,9.3,8.6,9.3,29075.0,4.494382022471914,-1.1111111111111072
1285,2016-03-10,NSE:RKDL,9.7,9.7,9.15,9.4,17670.0,1.0752688172042972,4.494382022471914
1286,2016-03-11,NSE:RKDL,9.55,9.75,9.35,9.55,14909.0,1.5957446808510676,1.0752688172042972
1287,2016-03-14,NSE:RKDL,9.6,9.95,9.5,9.9,8946.0,3.6649214659685825,1.5957446808510676
1288,2016-03-15,NSE:RKDL,10.0,10.25,9.6,9.65,13633.0,-2.525252525252525,3.6649214659685825
1289,2016-03-16,NSE:RKDL,9.7,10.0,9.2,9.4,19227.0,-2.5906735751295336,-2.525252525252525
1290,2016-03-17,NSE:RKDL,9.3,9.35,9.05,9.15,2802.0,-2.6595744680851063,-2.5906735751295336
1291,2016-03-18,NSE:RKDL,9.0,9.0,8.7,8.7,9720.0,-4.918032786885258,-2.6595744680851063
1292,2016-03-21,NSE:RKDL,8.85,8.85,8.3,8.3,16100.0,-4.597701149425271,-4.918032786885258
1293,2016-03-22,NSE:RKDL,8.25,8.25,7.9,8.0,18085.0,-3.6144578313253093,-4.597701149425271
1294,2016-03-23,NSE:RKDL,7.9,8.4,7.8,8.2,23701.0,2.499999999999991,-3.6144578313253093
1295,2016-03-28,NSE:RKDL,8.6,8.6,7.85,8.0,24767.0,-2.439024390243894,2.499999999999991
1296,2016-03-29,NSE:RKDL,8.25,8.25,7.85,8.05,10243.0,0.6250000000000089,-2.439024390243894
1297,2016-03-30,NSE:RKDL,7.9,8.0,7.8,8.0,6480.0,-0.6211180124223691,0.6250000000000089
1298,2016-03-31,NSE:RKDL,7.95,8.35,7.8,7.85,6730.0,-1.8750000000000044,-0.6211180124223691
1299,2016-04-01,NSE:RKDL,7.9,8.4,7.9,8.25,6666.0,5.0955414012738895,-1.8750000000000044
1300,2016-04-04,NSE:RKDL,8.25,8.45,8.0,8.3,22682.0,0.6060606060606146,5.0955414012738895
1301,2016-04-05,NSE:RKDL,8.5,8.5,8.0,8.15,7242.0,-1.8072289156626546,0.6060606060606146
1302,2016-04-06,NSE:RKDL,8.0,8.45,8.0,8.25,8017.0,1.2269938650306704,-1.8072289156626546
1303,2016-04-07,NSE:RKDL,8.1,8.5,8.0,8.3,30193.0,0.6060606060606146,1.2269938650306704
1304,2016-04-08,NSE:RKDL,8.5,8.7,8.3,8.5,12187.0,2.4096385542168584,0.6060606060606146
1305,2016-04-11,NSE:RKDL,8.5,8.65,8.15,8.3,16766.0,-2.35294117647058,2.4096385542168584
1306,2016-04-12,NSE:RKDL,8.0,8.4,8.0,8.15,6720.0,-1.8072289156626546,-2.35294117647058
1307,2016-04-13,NSE:RKDL,8.1,8.5,8.1,8.25,24850.0,1.2269938650306704,-1.8072289156626546
1308,2016-04-18,NSE:RKDL,8.55,8.55,8.25,8.45,8956.0,2.4242424242424154,1.2269938650306704
1309,2016-04-20,NSE:RKDL,8.3,8.4,8.0,8.4,3009.0,-0.5917159763313483,2.4242424242424154
1310,2016-04-21,NSE:RKDL,8.25,8.5,8.1,8.25,7599.0,-1.7857142857142898,-0.5917159763313483
1311,2016-04-22,NSE:RKDL,8.0,8.2,7.85,8.05,17926.0,-2.4242424242424154,-1.7857142857142898
1312,2016-04-25,NSE:RKDL,8.0,8.45,7.75,7.8,16843.0,-3.105590062111812,-2.4242424242424154
1313,2016-04-26,NSE:RKDL,7.8,8.0,7.75,7.8,16504.0,0.0,-3.105590062111812
1314,2016-04-27,NSE:RKDL,7.8,7.95,7.75,7.75,6336.0,-0.6410256410256387,0.0
1315,2016-04-28,NSE:RKDL,7.75,7.9,7.65,7.75,13444.0,0.0,-0.6410256410256387
1316,2016-04-29,NSE:RKDL,7.55,8.05,7.55,7.85,3959.0,1.2903225806451568,0.0
1317,2016-05-02,NSE:RKDL,7.95,8.0,7.8,7.85,2410.0,0.0,1.2903225806451568
1318,2016-05-03,NSE:RKDL,8.1,8.3,7.8,8.0,8272.0,1.9108280254777117,0.0
1319,2016-05-04,NSE:RKDL,8.45,8.45,7.9,8.25,2701.0,3.125,1.9108280254777117
1320,2016-05-05,NSE:RKDL,8.45,8.45,7.55,7.65,22426.0,-7.272727272727268,3.125
1321,2016-05-06,NSE:RKDL,7.75,8.15,7.75,7.9,9461.0,3.2679738562091507,-7.272727272727268
1322,2016-05-09,NSE:RKDL,8.15,9.45,8.0,9.45,77761.0,19.620253164556946,3.2679738562091507
1323,2016-05-10,NSE:RKDL,10.65,11.3,9.6,11.3,248165.0,19.576719576719594,19.620253164556946
1324,2016-05-11,NSE:RKDL,11.3,11.5,10.2,10.2,244397.0,-9.734513274336296,19.576719576719594
1325,2016-05-12,NSE:RKDL,10.9,10.9,9.5,10.45,98472.0,2.450980392156863,-9.734513274336296
1326,2016-05-13,NSE:RKDL,10.5,10.7,9.5,9.7,47810.0,-7.177033492822966,2.450980392156863
1327,2016-05-16,NSE:RKDL,10.15,10.15,9.45,9.75,25997.0,0.5154639175257806,-7.177033492822966
1328,2016-05-17,NSE:RKDL,10.0,10.0,9.5,9.7,34370.0,-0.5128205128205201,0.5154639175257806
1329,2016-05-18,NSE:RKDL,9.8,9.8,9.15,9.35,17399.0,-3.6082474226804093,-0.5128205128205201
1330,2016-05-19,NSE:RKDL,9.0,9.25,8.65,8.65,51508.0,-7.486631016042773,-3.6082474226804093
1331,2016-05-20,NSE:RKDL,8.55,9.5,8.05,8.8,60579.0,1.7341040462427786,-7.486631016042773
1332,2016-05-23,NSE:RKDL,9.35,9.4,8.6,8.95,14134.0,1.7045454545454382,1.7341040462427786
1333,2016-05-24,NSE:RKDL,8.7,8.9,8.6,8.65,7105.0,-3.351955307262558,1.7045454545454382
1334,2016-05-25,NSE:RKDL,8.9,9.0,8.8,8.8,2298.0,1.7341040462427786,-3.351955307262558
1335,2016-05-26,NSE:RKDL,8.8,9.0,8.65,8.75,12664.0,-0.5681818181818262,1.7341040462427786
1336,2016-05-27,NSE:RKDL,8.6,8.85,8.25,8.4,17360.0,-3.999999999999996,-0.5681818181818262
1337,2016-05-30,NSE:RKDL,8.2,8.55,8.1,8.25,14440.0,-1.7857142857142898,-3.999999999999996
1338,2016-05-31,NSE:RKDL,8.2,8.25,7.9,8.15,14521.0,-1.2121212121212077,-1.7857142857142898
1339,2016-06-01,NSE:RKDL,8.05,8.2,7.9,8.0,11273.0,-1.8404907975460165,-1.2121212121212077
1340,2016-06-02,NSE:RKDL,7.85,8.2,7.85,7.95,2563.0,-0.6249999999999978,-1.8404907975460165
1341,2016-06-03,NSE:RKDL,8.0,8.3,7.85,7.9,7819.0,-0.6289308176100606,-0.6249999999999978
1342,2016-06-06,NSE:RKDL,7.9,8.05,7.85,7.9,2270.0,0.0,-0.6289308176100606
1343,2016-06-07,NSE:RKDL,7.9,8.1,7.8,7.85,4963.0,-0.6329113924050722,0.0
1344,2016-06-08,NSE:RKDL,7.95,8.1,7.8,7.95,7883.0,1.2738853503184782,-0.6329113924050722
1345,2016-06-09,NSE:RKDL,7.9,8.2,7.85,8.0,6250.0,0.6289308176100606,1.2738853503184782
1346,2016-06-10,NSE:RKDL,8.15,8.4,8.15,8.4,13414.0,5.000000000000004,0.6289308176100606
1347,2016-06-13,NSE:RKDL,8.4,8.4,8.2,8.35,4512.0,-0.5952380952381037,5.000000000000004
1348,2016-06-14,NSE:RKDL,8.2,8.55,8.15,8.4,9724.0,0.5988023952095893,-0.5952380952381037
1349,2016-06-15,NSE:RKDL,8.0,8.7,8.0,8.6,5528.0,2.3809523809523725,0.5988023952095893
1350,2016-06-16,NSE:RKDL,8.4,8.55,8.2,8.4,6530.0,-2.3255813953488293,2.3809523809523725
1351,2016-06-17,NSE:RKDL,8.3,8.5,8.05,8.25,6382.0,-1.7857142857142898,-2.3255813953488293
1352,2016-06-20,NSE:RKDL,8.25,8.65,8.0,8.35,15082.0,1.2121212121212077,-1.7857142857142898
1353,2016-06-21,NSE:RKDL,8.35,8.45,8.2,8.3,8037.0,-0.5988023952095681,1.2121212121212077
1354,2016-06-22,NSE:RKDL,8.45,8.45,8.3,8.35,21678.0,0.6024096385542039,-0.5988023952095681
1355,2016-06-23,NSE:RKDL,8.25,8.6,8.05,8.45,5125.0,1.1976047904191574,0.6024096385542039
1356,2016-06-24,NSE:RKDL,8.55,8.55,8.05,8.15,7483.0,-3.550295857988153,1.1976047904191574
1357,2016-06-27,NSE:RKDL,8.25,8.3,8.15,8.25,760.0,1.2269938650306704,-3.550295857988153
1358,2016-06-28,NSE:RKDL,8.1,8.35,8.1,8.35,7327.0,1.2121212121212077,1.2269938650306704
1359,2016-06-29,NSE:RKDL,8.4,8.4,8.2,8.3,6259.0,-0.5988023952095681,1.2121212121212077
1360,2016-06-30,NSE:RKDL,8.3,8.55,8.15,8.25,11858.0,-0.6024096385542254,-0.5988023952095681
1361,2016-07-01,NSE:RKDL,8.35,8.5,8.35,8.45,6136.0,2.4242424242424154,-0.6024096385542254
1362,2016-07-04,NSE:RKDL,8.75,9.25,8.3,9.25,41469.0,9.467455621301784,2.4242424242424154
1363,2016-07-05,NSE:RKDL,9.75,9.8,9.25,9.5,45043.0,2.7027027027027026,9.467455621301784
1364,2016-07-07,NSE:RKDL,9.5,9.6,8.95,8.95,36217.0,-5.789473684210534,2.7027027027027026
1365,2016-07-08,NSE:RKDL,8.9,9.05,8.6,8.95,21442.0,0.0,-5.789473684210534
1366,2016-07-11,NSE:RKDL,8.95,9.2,8.8,9.0,7252.0,0.5586592178771029,0.0
1367,2016-07-12,NSE:RKDL,9.25,9.25,8.1,8.85,32263.0,-1.6666666666666705,0.5586592178771029
1368,2016-07-13,NSE:RKDL,8.8,8.95,8.1,8.5,15115.0,-3.9548022598870016,-1.6666666666666705
1369,2016-07-14,NSE:RKDL,9.0,9.0,8.1,8.55,23580.0,0.5882352941176554,-3.9548022598870016
1370,2016-07-15,NSE:RKDL,8.7,8.7,8.05,8.15,31386.0,-4.678362573099419,0.5882352941176554
1371,2016-07-18,NSE:RKDL,8.1,8.25,7.95,8.1,16767.0,-0.6134969325153461,-4.678362573099419
1372,2016-07-19,NSE:RKDL,7.95,8.25,7.95,8.25,3841.0,1.8518518518518563,-0.6134969325153461
1373,2016-07-20,NSE:RKDL,8.15,8.4,8.05,8.3,6565.0,0.6060606060606146,1.8518518518518563
1374,2016-07-21,NSE:RKDL,8.35,8.35,8.0,8.35,6245.0,0.6024096385542039,0.6060606060606146
1375,2016-07-22,NSE:RKDL,8.05,8.4,8.05,8.35,10691.0,0.0,0.6024096385542039
1376,2016-07-25,NSE:RKDL,8.0,8.4,8.0,8.15,12632.0,-2.3952095808383147,0.0
1377,2016-07-26,NSE:RKDL,8.45,8.95,8.0,8.75,97094.0,7.361963190184044,-2.3952095808383147
1378,2016-07-27,NSE:RKDL,8.95,8.95,8.45,8.55,21944.0,-2.2857142857142776,7.361963190184044
1379,2016-07-28,NSE:RKDL,8.95,8.95,8.2,8.45,22593.0,-1.1695906432748704,-2.2857142857142776
1380,2016-07-29,NSE:RKDL,8.65,8.7,8.3,8.45,19122.0,0.0,-1.1695906432748704
1381,2016-08-01,NSE:RKDL,8.15,9.0,8.1,8.15,25011.0,-3.550295857988153,0.0
1382,2016-08-02,NSE:RKDL,8.45,8.45,8.15,8.3,8506.0,1.8404907975460165,-3.550295857988153
1383,2016-08-03,NSE:RKDL,8.0,8.3,7.9,7.9,26333.0,-4.819277108433739,1.8404907975460165
1384,2016-08-04,NSE:RKDL,7.9,8.2,7.9,8.0,12514.0,1.265822784810122,-4.819277108433739
1385,2016-08-05,NSE:RKDL,8.2,9.45,8.15,8.9,105987.0,11.250000000000004,1.265822784810122
1386,2016-08-08,NSE:RKDL,9.15,9.15,8.3,8.5,15757.0,-4.494382022471914,11.250000000000004
1387,2016-08-09,NSE:RKDL,8.65,8.7,8.0,8.15,31654.0,-4.117647058823525,-4.494382022471914
1388,2016-08-10,NSE:RKDL,7.95,8.95,7.6,7.9,189705.0,-3.067484662576687,-4.117647058823525
1389,2016-08-11,NSE:RKDL,7.8,9.05,7.8,8.7,105204.0,10.126582278481,-3.067484662576687
1390,2016-08-12,NSE:RKDL,9.35,9.35,8.6,8.8,85138.0,1.1494252873563382,10.126582278481
1391,2016-08-16,NSE:RKDL,9.0,9.5,8.6,9.3,70467.0,5.681818181818182,1.1494252873563382
1392,2016-08-17,NSE:RKDL,9.3,10.45,9.25,9.8,77360.0,5.376344086021505,5.681818181818182
1393,2016-08-18,NSE:RKDL,9.9,10.2,9.3,9.3,77326.0,-5.10204081632653,5.376344086021505
1394,2016-08-19,NSE:RKDL,10.0,10.0,9.3,9.4,23071.0,1.0752688172042972,-5.10204081632653
1395,2016-08-22,NSE:RKDL,9.85,9.85,9.15,9.3,13973.0,-1.0638297872340388,1.0752688172042972
1396,2016-08-23,NSE:RKDL,9.1,9.7,9.1,9.35,20601.0,0.5376344086021391,-1.0638297872340388
1397,2016-08-24,NSE:RKDL,9.35,9.5,8.85,9.1,23717.0,-2.6737967914438503,0.5376344086021391
1398,2016-08-25,NSE:RKDL,9.0,9.1,8.65,8.95,37681.0,-1.6483516483516523,-2.6737967914438503
1399,2016-08-26,NSE:RKDL,8.95,9.0,8.45,8.5,30245.0,-5.027932960893847,-1.6483516483516523
1400,2016-08-29,NSE:RKDL,8.4,8.55,8.0,8.05,54132.0,-5.294117647058815,-5.027932960893847
1401,2016-08-30,NSE:RKDL,8.2,8.45,8.0,8.2,18920.0,1.8633540372670632,-5.294117647058815
1402,2016-08-31,NSE:RKDL,8.0,8.55,8.0,8.4,9609.0,2.4390243902439157,1.8633540372670632
1403,2016-09-01,NSE:RKDL,8.2,8.45,8.1,8.25,9067.0,-1.7857142857142898,2.4390243902439157
1404,2016-09-02,NSE:RKDL,8.4,8.45,8.1,8.45,3113.0,2.4242424242424154,-1.7857142857142898
1405,2016-09-06,NSE:RKDL,8.6,8.6,8.25,8.45,15046.0,0.0,2.4242424242424154
1406,2016-09-07,NSE:RKDL,8.2,8.75,8.15,8.5,12163.0,0.5917159763313694,0.0
1407,2016-09-08,NSE:RKDL,8.25,8.75,8.25,8.4,12453.0,-1.17647058823529,0.5917159763313694
1408,2016-09-09,NSE:RKDL,8.55,8.7,8.25,8.45,6090.0,0.5952380952380826,-1.17647058823529
1409,2016-09-12,NSE:RKDL,8.2,8.5,7.95,8.3,15208.0,-1.7751479289940661,0.5952380952380826
1410,2016-09-14,NSE:RKDL,8.25,8.75,8.25,8.55,17781.0,3.012048192771084,-1.7751479289940661
1411,2016-09-15,NSE:RKDL,8.4,10.1,8.4,9.5,225547.0,11.111111111111102,3.012048192771084
1412,2016-09-16,NSE:RKDL,9.6,9.6,8.6,9.0,28597.0,-5.263157894736842,11.111111111111102
1413,2016-09-19,NSE:RKDL,9.0,9.25,8.5,8.75,14759.0,-2.7777777777777777,-5.263157894736842
1414,2016-09-20,NSE:RKDL,9.0,9.0,8.35,8.6,11766.0,-1.7142857142857182,-2.7777777777777777
1415,2016-09-21,NSE:RKDL,8.85,10.3,8.4,9.55,347981.0,11.04651162790699,-1.7142857142857182
1416,2016-09-22,NSE:RKDL,9.75,9.8,8.75,9.25,66109.0,-3.14136125654451,11.04651162790699
1417,2016-09-23,NSE:RKDL,9.3,9.55,9.05,9.15,26719.0,-1.0810810810810774,-3.14136125654451
1418,2016-09-26,NSE:RKDL,9.15,9.5,9.0,9.15,8037.0,0.0,-1.0810810810810774
1419,2016-09-27,NSE:RKDL,9.2,10.4,9.2,9.75,270396.0,6.5573770491803245,0.0
1420,2016-09-28,NSE:RKDL,10.0,11.7,9.85,11.7,586058.0,19.999999999999993,6.5573770491803245
1421,2016-09-29,NSE:RKDL,12.4,13.95,11.1,11.35,879418.0,-2.9914529914529884,19.999999999999993
1422,2016-09-30,NSE:RKDL,11.6,13.6,11.35,13.6,380028.0,19.823788546255507,-2.9914529914529884
1423,2016-10-03,NSE:RKDL,14.5,14.85,13.65,14.25,389134.0,4.779411764705885,19.823788546255507
1424,2016-10-04,NSE:RKDL,14.65,15.35,14.4,15.2,326569.0,6.666666666666661,4.779411764705885
1425,2016-10-05,NSE:RKDL,15.4,15.9,14.05,14.55,197351.0,-4.276315789473675,6.666666666666661
1426,2016-10-06,NSE:RKDL,14.35,14.6,13.15,13.8,191729.0,-5.154639175257731,-4.276315789473675
1427,2016-10-07,NSE:RKDL,13.6,13.8,12.65,12.8,84175.0,-7.246376811594203,-5.154639175257731
1428,2016-10-10,NSE:RKDL,12.6,14.05,11.6,14.05,361284.0,9.765625,-7.246376811594203
1429,2016-10-13,NSE:RKDL,14.1,14.3,12.8,13.05,118287.0,-7.117437722419928,9.765625
1430,2016-10-14,NSE:RKDL,13.05,13.4,12.75,12.95,36124.0,-0.7662835249042255,-7.117437722419928
1431,2016-10-17,NSE:RKDL,13.4,13.4,12.55,12.95,21027.0,0.0,-0.7662835249042255
1432,2016-10-18,NSE:RKDL,13.0,13.2,12.75,12.9,31847.0,-0.3861003861003779,0.0
1433,2016-10-19,NSE:RKDL,12.35,13.5,12.35,13.15,41791.0,1.937984496124031,-0.3861003861003779
1434,2016-10-20,NSE:RKDL,13.15,13.4,12.8,13.05,23579.0,-0.7604562737642558,1.937984496124031
1435,2016-10-21,NSE:RKDL,13.25,13.5,12.9,13.0,33390.0,-0.38314176245211273,-0.7604562737642558
1436,2016-10-24,NSE:RKDL,12.7,13.3,12.7,12.95,21260.0,-0.3846153846153901,-0.38314176245211273
1437,2016-10-25,NSE:RKDL,12.8,13.8,12.75,13.25,61465.0,2.316602316602322,-0.3846153846153901
1438,2016-10-26,NSE:RKDL,13.5,13.5,12.7,12.8,26011.0,-3.396226415094334,2.316602316602322
1439,2016-10-27,NSE:RKDL,12.95,12.95,12.7,12.85,7932.0,0.3906249999999917,-3.396226415094334
1440,2016-10-28,NSE:RKDL,12.4,13.0,12.4,12.8,16429.0,-0.3891050583657505,0.3906249999999917
1441,2016-11-01,NSE:RKDL,12.4,12.65,12.3,12.35,21159.0,-3.5156250000000084,-0.3891050583657505
1442,2016-11-02,NSE:RKDL,12.0,12.4,11.8,12.1,42561.0,-2.0242914979757085,-3.5156250000000084
1443,2016-11-03,NSE:RKDL,12.25,12.3,11.6,11.75,35991.0,-2.892561983471072,-2.0242914979757085
1444,2016-11-04,NSE:RKDL,11.6,12.05,9.6,10.75,50936.0,-8.51063829787234,-2.892561983471072
1445,2016-11-07,NSE:RKDL,11.4,11.5,10.3,10.95,29838.0,1.860465116279063,-8.51063829787234
1446,2016-11-08,NSE:RKDL,11.2,12.75,11.15,11.8,43240.0,7.762557077625584,1.860465116279063
1447,2016-11-09,NSE:RKDL,10.0,11.95,9.45,11.3,74258.0,-4.23728813559322,7.762557077625584
1448,2016-11-10,NSE:RKDL,10.7,11.8,10.7,11.6,24893.0,2.6548672566371585,-4.23728813559322
1449,2016-11-11,NSE:RKDL,11.05,11.5,10.8,11.25,20944.0,-3.0172413793103416,2.6548672566371585
1450,2016-11-15,NSE:RKDL,10.85,11.0,10.15,10.35,18412.0,-8.000000000000004,-3.0172413793103416
1451,2016-11-16,NSE:RKDL,10.35,11.0,9.9,10.2,15698.0,-1.4492753623188441,-8.000000000000004
1452,2016-11-17,NSE:RKDL,10.2,10.6,9.6,9.9,8514.0,-2.9411764705882253,-1.4492753623188441
1453,2016-11-18,NSE:RKDL,9.8,11.35,9.8,11.15,19687.0,12.626262626262626,-2.9411764705882253
1454,2016-11-21,NSE:RKDL,11.5,11.5,9.9,10.5,15009.0,-5.829596412556056,12.626262626262626
1455,2016-11-22,NSE:RKDL,11.2,11.2,9.6,9.95,11061.0,-5.238095238095245,-5.829596412556056
1456,2016-11-23,NSE:RKDL,10.65,10.65,9.9,10.05,14950.0,1.005025125628155,-5.238095238095245
1457,2016-11-24,NSE:RKDL,10.0,10.3,10.0,10.1,4735.0,0.49751243781093457,1.005025125628155
1458,2016-11-25,NSE:RKDL,10.3,10.8,10.0,10.65,19516.0,5.445544554455452,0.49751243781093457
1459,2016-11-28,NSE:RKDL,10.4,12.75,10.1,12.75,117868.0,19.718309859154925,5.445544554455452
1460,2016-11-29,NSE:RKDL,13.9,14.4,12.75,12.95,210403.0,1.5686274509803866,19.718309859154925
1461,2016-11-30,NSE:RKDL,13.0,13.6,13.0,13.45,67601.0,3.861003861003861,1.5686274509803866
1462,2016-12-01,NSE:RKDL,13.1,13.45,12.2,12.6,45263.0,-6.319702602230482,3.861003861003861
1463,2016-12-02,NSE:RKDL,12.6,12.7,12.1,12.2,17668.0,-3.174603174603177,-6.319702602230482
1464,2016-12-05,NSE:RKDL,12.0,12.25,11.7,11.95,12358.0,-2.0491803278688527,-3.174603174603177
1465,2016-12-06,NSE:RKDL,12.25,12.55,11.85,12.15,15451.0,1.6736401673640255,-2.0491803278688527
1466,2016-12-07,NSE:RKDL,11.8,12.65,11.55,11.8,15930.0,-2.880658436213989,1.6736401673640255
1467,2016-12-08,NSE:RKDL,12.8,12.8,11.95,12.1,13687.0,2.542372881355923,-2.880658436213989
1468,2016-12-09,NSE:RKDL,12.0,12.15,11.6,11.75,6646.0,-2.892561983471072,2.542372881355923
1469,2016-12-12,NSE:RKDL,11.5,13.4,11.5,11.8,6832.0,0.4255319148936231,-2.892561983471072
1470,2016-12-13,NSE:RKDL,12.3,12.35,11.1,11.6,9380.0,-1.6949152542372972,0.4255319148936231
1471,2016-12-14,NSE:RKDL,12.3,13.4,11.7,11.85,89113.0,2.1551724137931036,-1.6949152542372972
1472,2016-12-15,NSE:RKDL,11.85,12.6,11.4,11.8,43261.0,-0.4219409282700332,2.1551724137931036
1473,2016-12-16,NSE:RKDL,11.5,12.25,11.4,11.6,10533.0,-1.6949152542372972,-0.4219409282700332
1474,2016-12-19,NSE:RKDL,11.6,11.85,11.15,11.45,31563.0,-1.2931034482758652,-1.6949152542372972
1475,2016-12-20,NSE:RKDL,11.6,11.65,11.0,11.3,29065.0,-1.3100436681222583,-1.2931034482758652
1476,2016-12-21,NSE:RKDL,11.0,11.4,10.9,11.15,3134.0,-1.3274336283185872,-1.3100436681222583
1477,2016-12-22,NSE:RKDL,10.9,11.45,10.8,10.85,13757.0,-2.690582959641262,-1.3274336283185872
1478,2016-12-23,NSE:RKDL,10.5,11.9,10.5,11.15,36602.0,2.7649769585253523,-2.690582959641262
1479,2016-12-26,NSE:RKDL,10.9,11.1,10.3,10.55,20706.0,-5.381165919282508,2.7649769585253523
1480,2016-12-27,NSE:RKDL,10.8,11.0,10.45,10.7,13778.0,1.421800947867285,-5.381165919282508
1481,2016-12-28,NSE:RKDL,10.65,11.2,10.55,10.65,13888.0,-0.4672897196261583,1.421800947867285
1482,2016-12-29,NSE:RKDL,10.6,11.2,10.6,10.9,38170.0,2.3474178403755865,-0.4672897196261583
1483,2016-12-30,NSE:RKDL,11.4,11.4,11.05,11.1,12299.0,1.8348623853210944,2.3474178403755865
1484,2017-01-02,NSE:RKDL,11.35,11.5,10.65,11.1,10712.0,0.0,1.8348623853210944
1485,2017-01-03,NSE:RKDL,11.0,11.35,11.0,11.15,12243.0,0.45045045045045684,0.0
1486,2017-01-04,NSE:RKDL,11.05,11.4,11.0,11.1,26451.0,-0.44843049327354895,0.45045045045045684
1487,2017-01-05,NSE:RKDL,11.4,12.3,11.25,11.8,61602.0,6.306306306306316,-0.44843049327354895
1488,2017-01-06,NSE:RKDL,12.0,12.0,11.15,11.4,20337.0,-3.3898305084745792,6.306306306306316
1489,2017-01-09,NSE:RKDL,12.0,12.0,11.25,11.3,11594.0,-0.8771929824561372,-3.3898305084745792
1490,2017-01-10,NSE:RKDL,11.2,11.75,10.9,11.0,26694.0,-2.6548672566371745,-0.8771929824561372
1491,2017-01-11,NSE:RKDL,10.9,11.35,10.8,10.95,15290.0,-0.454545454545461,-2.6548672566371745
1492,2017-01-12,NSE:RKDL,10.9,11.2,10.75,10.85,19637.0,-0.9132420091324169,-0.454545454545461
1493,2017-01-13,NSE:RKDL,10.85,11.0,10.7,10.75,16497.0,-0.9216589861751119,-0.9132420091324169
1494,2017-01-16,NSE:RKDL,10.65,11.1,10.65,11.0,19701.0,2.3255813953488373,-0.9216589861751119
1495,2017-01-17,NSE:RKDL,11.0,11.65,10.9,11.3,34148.0,2.7272727272727337,2.3255813953488373
1496,2017-01-18,NSE:RKDL,11.75,11.75,11.15,11.2,19249.0,-0.8849557522124019,2.7272727272727337
1497,2017-01-19,NSE:RKDL,11.0,11.15,10.9,11.05,17019.0,-1.3392857142857018,-0.8849557522124019
1498,2017-01-20,NSE:RKDL,11.65,11.65,10.75,10.8,26504.0,-2.262443438914027,-1.3392857142857018
1499,2017-01-23,NSE:RKDL,11.05,11.05,10.8,10.9,2756.0,0.9259259259259226,-2.262443438914027
1500,2017-01-24,NSE:RKDL,11.0,11.0,10.7,10.75,5536.0,-1.376146788990829,0.9259259259259226
1501,2017-01-25,NSE:RKDL,10.65,10.95,10.65,10.9,6181.0,1.3953488372093057,-1.376146788990829
1502,2017-01-27,NSE:RKDL,11.0,11.0,10.5,10.85,10538.0,-0.45871559633028175,1.3953488372093057
1503,2017-01-30,NSE:RKDL,11.0,11.0,10.35,10.55,11722.0,-2.764976958525336,-0.45871559633028175
1504,2017-01-31,NSE:RKDL,10.8,10.8,10.45,10.6,10629.0,0.47393364928908943,-2.764976958525336
1505,2017-02-01,NSE:RKDL,10.55,10.9,10.45,10.9,11703.0,2.8301886792452895,0.47393364928908943
1506,2017-02-02,NSE:RKDL,10.25,10.8,10.25,10.8,9202.0,-0.9174311926605472,2.8301886792452895
1507,2017-02-03,NSE:RKDL,10.5,10.95,10.5,10.7,8455.0,-0.925925925925939,-0.9174311926605472
1508,2017-02-06,NSE:RKDL,10.9,11.25,10.7,11.05,21701.0,3.271028037383191,-0.925925925925939
1509,2017-02-07,NSE:RKDL,11.0,11.25,11.0,11.25,21368.0,1.8099547511312153,3.271028037383191
1510,2017-02-08,NSE:RKDL,11.15,11.5,11.05,11.4,58904.0,1.3333333333333366,1.8099547511312153
1511,2017-02-09,NSE:RKDL,11.5,12.7,11.5,11.9,79491.0,4.385964912280701,1.3333333333333366
1512,2017-02-10,NSE:RKDL,11.8,12.45,11.7,11.85,11472.0,-0.4201680672268967,4.385964912280701
1513,2017-02-13,NSE:RKDL,12.5,12.5,11.6,11.8,14323.0,-0.4219409282700332,-0.4201680672268967
1514,2017-02-14,NSE:RKDL,11.6,11.7,11.15,11.3,8352.0,-4.23728813559322,-0.4219409282700332
1515,2017-02-15,NSE:RKDL,11.1,11.45,10.15,11.0,4538.0,-2.6548672566371745,-4.23728813559322
1516,2017-02-16,NSE:RKDL,11.3,11.3,10.55,10.65,11345.0,-3.1818181818181785,-2.6548672566371745
1517,2017-02-17,NSE:RKDL,10.4,11.35,10.25,10.8,13105.0,1.4084507042253553,-3.1818181818181785
1518,2017-02-20,NSE:RKDL,10.6,11.15,10.35,10.95,9735.0,1.3888888888888755,1.4084507042253553
1519,2017-02-21,NSE:RKDL,11.05,12.0,10.65,11.45,54627.0,4.566210045662101,1.3888888888888755
1520,2017-02-22,NSE:RKDL,11.95,11.95,11.1,11.35,29198.0,-0.8733624454148442,4.566210045662101
1521,2017-02-23,NSE:RKDL,11.3,13.6,11.05,12.95,639311.0,14.09691629955947,-0.8733624454148442
1522,2017-02-27,NSE:RKDL,13.0,13.6,11.9,12.45,480860.0,-3.861003861003861,14.09691629955947
1523,2017-02-28,NSE:RKDL,12.25,12.6,11.8,11.9,103481.0,-4.417670682730916,-3.861003861003861
1524,2017-03-01,NSE:RKDL,12.2,12.2,11.65,11.75,31412.0,-1.2605042016806753,-4.417670682730916
1525,2017-03-02,NSE:RKDL,11.95,12.5,11.45,11.8,64292.0,0.4255319148936231,-1.2605042016806753
1526,2017-03-03,NSE:RKDL,11.9,12.2,11.4,12.05,30816.0,2.11864406779661,0.4255319148936231
1527,2017-03-06,NSE:RKDL,12.0,12.3,11.8,11.9,20966.0,-1.2448132780083017,2.11864406779661
1528,2017-03-07,NSE:RKDL,11.8,12.5,11.4,11.9,24838.0,0.0,-1.2448132780083017
1529,2017-03-08,NSE:RKDL,11.8,12.5,11.5,11.85,18579.0,-0.4201680672268967,0.0
1530,2017-03-09,NSE:RKDL,12.0,12.1,11.6,11.65,10416.0,-1.6877637130801628,-0.4201680672268967
1531,2017-03-10,NSE:RKDL,12.45,12.45,10.1,11.45,24782.0,-1.7167381974249016,-1.6877637130801628
1532,2017-03-14,NSE:RKDL,11.8,12.45,11.4,11.55,10080.0,0.8733624454148596,-1.7167381974249016
1533,2017-03-15,NSE:RKDL,11.9,12.7,11.45,12.1,153628.0,4.761904761904753,0.8733624454148596
1534,2017-03-16,NSE:RKDL,12.6,12.6,11.7,11.9,8629.0,-1.6528925619834651,4.761904761904753
1535,2017-03-17,NSE:RKDL,12.2,12.2,11.8,11.85,11651.0,-0.4201680672268967,-1.6528925619834651
1536,2017-03-20,NSE:RKDL,12.2,12.2,11.6,11.65,12526.0,-1.6877637130801628,-0.4201680672268967
1537,2017-03-21,NSE:RKDL,12.0,12.0,11.55,11.55,5585.0,-0.8583690987124433,-1.6877637130801628
1538,2017-03-22,NSE:RKDL,11.8,11.8,11.15,11.25,13285.0,-2.5974025974026036,-0.8583690987124433
1539,2017-03-23,NSE:RKDL,11.8,11.8,11.35,11.35,10525.0,0.8888888888888857,-2.5974025974026036
1540,2017-03-24,NSE:RKDL,11.35,11.8,11.1,11.35,9164.0,0.0,0.8888888888888857
1541,2017-03-27,NSE:RKDL,11.75,13.55,11.35,11.65,200539.0,2.643171806167407,0.0
1542,2017-03-28,NSE:RKDL,11.5,11.95,11.5,11.6,6291.0,-0.42918454935622924,2.643171806167407
1543,2017-03-29,NSE:RKDL,11.1,11.85,11.1,11.4,30139.0,-1.7241379310344769,-0.42918454935622924
1544,2017-03-30,NSE:RKDL,11.1,11.95,11.1,11.2,25773.0,-1.75438596491229,-1.7241379310344769
1545,2017-03-31,NSE:RKDL,12.2,12.75,11.5,11.6,40123.0,3.5714285714285747,-1.75438596491229
1546,2017-04-03,NSE:RKDL,11.9,11.9,10.8,11.1,51499.0,-4.310344827586207,3.5714285714285747
1547,2017-04-05,NSE:RKDL,11.0,11.5,11.0,11.15,30546.0,0.45045045045045684,-4.310344827586207
1548,2017-04-06,NSE:RKDL,11.45,11.45,10.6,10.95,66127.0,-1.7937219730941798,0.45045045045045684
1549,2017-04-07,NSE:RKDL,11.75,11.75,10.8,11.0,29691.0,0.4566210045662165,-1.7937219730941798
1550,2017-04-10,NSE:RKDL,11.1,11.75,10.7,11.1,47389.0,0.909090909090906,0.4566210045662165
1551,2017-04-11,NSE:RKDL,10.9,10.95,10.35,10.65,67584.0,-4.054054054054048,0.909090909090906
1552,2017-04-12,NSE:RKDL,10.7,10.9,10.3,10.55,27359.0,-0.9389671361502313,-4.054054054054048
1553,2017-04-13,NSE:RKDL,10.35,11.0,10.3,10.55,24690.0,0.0,-0.9389671361502313
1554,2017-04-17,NSE:RKDL,10.95,10.95,10.2,10.35,19086.0,-1.895734597156408,0.0
1555,2017-04-18,NSE:RKDL,10.5,10.5,9.95,10.05,31686.0,-2.898550724637671,-1.895734597156408
1556,2017-04-19,NSE:RKDL,9.85,11.05,9.85,10.55,49867.0,4.975124378109452,-2.898550724637671
1557,2017-04-20,NSE:RKDL,10.5,10.85,10.0,10.05,64568.0,-4.739336492890995,4.975124378109452
1558,2017-04-21,NSE:RKDL,9.95,10.6,9.95,10.4,45331.0,3.482587064676613,-4.739336492890995
1559,2017-04-24,NSE:RKDL,10.15,10.45,10.1,10.25,31414.0,-1.4423076923076956,3.482587064676613
1560,2017-04-25,NSE:RKDL,10.1,11.6,10.1,11.4,245149.0,11.219512195121954,-1.4423076923076956
1561,2017-04-26,NSE:RKDL,11.5,13.65,11.3,13.65,1731986.0,19.736842105263158,11.219512195121954
1562,2017-04-27,NSE:RKDL,13.7,15.3,13.0,14.65,2347873.0,7.326007326007327,19.736842105263158
1563,2017-04-28,NSE:RKDL,14.85,14.85,13.2,13.2,963328.0,-9.897610921501714,7.326007326007327
1564,2017-05-02,NSE:RKDL,13.25,13.25,11.9,11.9,179185.0,-9.84848484848484,-9.897610921501714
1565,2017-05-03,NSE:RKDL,10.95,12.5,10.9,11.45,423052.0,-3.7815126050420256,-9.84848484848484
1566,2017-05-04,NSE:RKDL,11.45,11.95,11.25,11.55,139464.0,0.8733624454148596,-3.7815126050420256
1567,2017-05-05,NSE:RKDL,11.2,11.6,11.0,11.05,136722.0,-4.329004329004329,0.8733624454148596
1568,2017-05-08,NSE:RKDL,11.1,11.35,11.05,11.1,23953.0,0.4524886877827958,-4.329004329004329
1569,2017-05-09,NSE:RKDL,11.0,11.4,11.0,11.0,17074.0,-0.9009009009008978,0.4524886877827958
1570,2017-05-10,NSE:RKDL,11.05,11.4,11.05,11.15,39873.0,1.3636363636363669,-0.9009009009008978
1571,2017-05-11,NSE:RKDL,11.05,11.4,10.8,11.1,53893.0,-0.44843049327354895,1.3636363636363669
1572,2017-05-12,NSE:RKDL,10.8,11.15,10.7,10.9,35484.0,-1.8018018018017956,-0.44843049327354895
1573,2017-05-15,NSE:RKDL,10.9,11.3,10.8,10.9,28149.0,0.0,-1.8018018018017956
1574,2017-05-16,NSE:RKDL,10.85,11.15,10.75,10.85,30392.0,-0.45871559633028175,0.0
1575,2017-05-17,NSE:RKDL,10.75,11.0,10.65,10.85,25353.0,0.0,-0.45871559633028175
1576,2017-05-18,NSE:RKDL,10.8,11.0,10.6,10.85,3531.0,0.0,0.0
1577,2017-05-19,NSE:RKDL,11.05,11.15,10.75,10.75,13877.0,-0.9216589861751119,0.0
1578,2017-05-22,NSE:RKDL,11.0,11.0,10.5,10.6,24852.0,-1.3953488372093057,-0.9216589861751119
1579,2017-05-23,NSE:RKDL,10.7,10.7,10.4,10.65,7008.0,0.4716981132075539,-1.3953488372093057
1580,2017-05-24,NSE:RKDL,11.0,11.0,10.15,10.3,17028.0,-3.2863849765258184,0.4716981132075539
1581,2017-05-25,NSE:RKDL,10.4,10.4,10.1,10.15,17987.0,-1.4563106796116538,-3.2863849765258184
1582,2017-05-26,NSE:RKDL,10.4,10.4,10.1,10.15,24734.0,0.0,-1.4563106796116538
1583,2017-05-29,NSE:RKDL,10.15,10.4,10.0,10.0,12249.0,-1.4778325123152742,0.0
1584,2017-05-30,NSE:RKDL,10.0,10.0,9.65,9.95,12733.0,-0.5000000000000071,-1.4778325123152742
1585,2017-05-31,NSE:RKDL,9.85,10.25,9.7,9.75,46598.0,-2.0100502512562746,-0.5000000000000071
1586,2017-06-01,NSE:RKDL,10.0,10.2,9.7,10.05,20396.0,3.076923076923084,-2.0100502512562746
1587,2017-06-02,NSE:RKDL,9.9,10.3,9.9,9.95,20732.0,-0.9950248756219046,3.076923076923084
1588,2017-06-05,NSE:RKDL,9.9,10.2,9.65,9.85,2531.0,-1.0050251256281373,-0.9950248756219046
1589,2017-06-06,NSE:RKDL,9.55,10.1,9.55,9.7,11244.0,-1.5228426395939123,-1.0050251256281373
1590,2017-06-07,NSE:RKDL,9.7,9.95,9.6,9.65,16672.0,-0.5154639175257623,-1.5228426395939123
1591,2017-06-08,NSE:RKDL,9.55,9.9,9.5,9.8,8407.0,1.5544041450777237,-0.5154639175257623
1592,2017-06-09,NSE:RKDL,9.5,10.75,9.5,10.75,185747.0,9.693877551020401,1.5544041450777237
1593,2017-06-12,NSE:RKDL,10.75,10.9,9.9,10.0,58731.0,-6.976744186046512,9.693877551020401
1594,2017-06-13,NSE:RKDL,10.15,10.15,9.4,9.9,10051.0,-0.9999999999999963,-6.976744186046512
1595,2017-06-14,NSE:RKDL,10.1,10.2,9.9,9.95,14935.0,0.5050505050504942,-0.9999999999999963
1596,2017-06-15,NSE:RKDL,10.2,10.2,9.65,10.1,6299.0,1.507537688442215,0.5050505050504942
1597,2017-06-16,NSE:RKDL,9.85,10.1,9.85,10.0,5574.0,-0.9900990099009866,1.507537688442215
1598,2017-06-19,NSE:RKDL,10.6,10.6,9.85,9.9,5526.0,-0.9999999999999963,-0.9900990099009866
1599,2017-06-20,NSE:RKDL,10.5,10.5,9.8,9.95,4090.0,0.5050505050504942,-0.9999999999999963
1600,2017-06-21,NSE:RKDL,10.3,10.3,9.9,9.9,5481.0,-0.5025125628140596,0.5050505050504942
1601,2017-06-22,NSE:RKDL,10.0,10.25,9.75,10.05,23871.0,1.5151515151515187,-0.5025125628140596
1602,2017-06-23,NSE:RKDL,10.3,10.3,9.6,9.6,6754.0,-4.477611940298518,1.5151515151515187
1603,2017-06-27,NSE:RKDL,10.15,10.15,9.5,9.7,9435.0,1.041666666666663,-4.477611940298518
1604,2017-06-28,NSE:RKDL,10.0,10.0,9.5,9.55,5057.0,-1.546391752577305,1.041666666666663
1605,2017-06-29,NSE:RKDL,9.5,9.8,9.4,9.55,16070.0,0.0,-1.546391752577305
1606,2017-06-30,NSE:RKDL,9.35,9.75,9.35,9.65,9454.0,1.0471204188481638,0.0
1607,2017-07-03,NSE:RKDL,9.75,10.2,9.25,9.75,21863.0,1.0362694300518096,1.0471204188481638
1608,2017-07-04,NSE:RKDL,10.1,10.1,9.65,10.0,16131.0,2.564102564102564,1.0362694300518096
1609,2017-07-05,NSE:RKDL,10.0,10.25,9.9,10.0,33422.0,0.0,2.564102564102564
1610,2017-07-06,NSE:RKDL,10.5,10.5,9.9,10.05,5499.0,0.5000000000000071,0.0
1611,2017-07-07,NSE:RKDL,9.85,10.15,9.8,9.8,4743.0,-2.487562189054726,0.5000000000000071
1612,2017-07-10,NSE:RKDL,9.7,10.2,9.7,9.95,304.0,1.5306122448979447,-2.487562189054726
1613,2017-07-11,NSE:RKDL,10.7,10.7,9.7,9.8,22302.0,-1.507537688442197,1.5306122448979447
1614,2017-07-12,NSE:RKDL,9.95,10.4,9.95,10.0,21612.0,2.0408163265306047,-1.507537688442197
1615,2017-07-13,NSE:RKDL,10.0,10.2,10.0,10.0,11680.0,0.0,2.0408163265306047
1616,2017-07-14,NSE:RKDL,9.95,10.1,9.65,9.7,10861.0,-3.000000000000007,0.0
1617,2017-07-17,NSE:RKDL,9.7,9.9,9.7,9.8,5916.0,1.0309278350515612,-3.000000000000007
1618,2017-07-18,NSE:RKDL,9.7,9.8,8.9,9.5,27553.0,-3.0612244897959253,1.0309278350515612
1619,2017-07-19,NSE:RKDL,9.6,9.8,9.5,9.5,12599.0,0.0,-3.0612244897959253
1620,2017-07-20,NSE:RKDL,9.15,9.7,9.15,9.5,20781.0,0.0,0.0
1621,2017-07-21,NSE:RKDL,9.5,9.65,9.3,9.35,8854.0,-1.5789473684210564,0.0
1622,2017-07-24,NSE:RKDL,9.5,9.8,9.25,9.4,10326.0,0.5347593582887776,-1.5789473684210564
1623,2017-07-25,NSE:RKDL,9.3,9.45,9.15,9.3,12638.0,-1.0638297872340388,0.5347593582887776
1624,2017-07-26,NSE:RKDL,9.55,9.55,8.9,9.1,35928.0,-2.1505376344086136,-1.0638297872340388
1625,2017-07-27,NSE:RKDL,9.15,9.5,9.0,9.1,16224.0,0.0,-2.1505376344086136
1626,2017-07-28,NSE:RKDL,9.15,9.2,9.0,9.1,9142.0,0.0,0.0
1627,2017-07-31,NSE:RKDL,9.0,9.4,9.0,9.2,23136.0,1.098901098901095,0.0
1628,2017-08-01,NSE:RKDL,9.25,9.25,9.1,9.15,7064.0,-0.5434782608695536,1.098901098901095
1629,2017-08-02,NSE:RKDL,9.0,9.6,9.0,9.15,5578.0,0.0,-0.5434782608695536
1630,2017-08-03,NSE:RKDL,9.0,9.3,9.0,9.0,7192.0,-1.6393442622950858,0.0
1631,2017-08-04,NSE:RKDL,9.0,9.2,8.8,9.05,6918.0,0.5555555555555635,-1.6393442622950858
1632,2017-08-07,NSE:RKDL,8.9,9.7,8.8,9.2,27933.0,1.6574585635358958,0.5555555555555635
1633,2017-08-08,NSE:RKDL,9.15,9.4,8.7,8.9,22897.0,-3.26086956521738,1.6574585635358958
1634,2017-08-09,NSE:RKDL,8.8,9.1,8.1,8.95,17972.0,0.5617977528089768,-3.26086956521738
1635,2017-08-10,NSE:RKDL,8.8,8.85,8.25,8.3,15286.0,-7.262569832402218,0.5617977528089768
1636,2017-08-11,NSE:RKDL,9.3,9.3,7.25,8.4,17878.0,1.2048192771084292,-7.262569832402218
1637,2017-08-14,NSE:RKDL,8.05,8.65,8.05,8.5,5464.0,1.1904761904761862,1.2048192771084292
1638,2017-08-16,NSE:RKDL,8.5,8.75,8.3,8.6,18550.0,1.17647058823529,1.1904761904761862
1639,2017-08-17,NSE:RKDL,8.8,8.8,8.6,8.7,9536.0,1.1627906976744147,1.17647058823529
1640,2017-08-18,NSE:RKDL,8.6,8.8,8.55,8.65,9167.0,-0.5747126436781487,1.1627906976744147
1641,2017-08-21,NSE:RKDL,8.6,8.85,8.6,8.8,5937.0,1.7341040462427786,-0.5747126436781487
1642,2017-08-22,NSE:RKDL,8.5,8.8,8.5,8.7,4743.0,-1.1363636363636525,1.7341040462427786
1643,2017-08-23,NSE:RKDL,8.5,8.7,8.5,8.7,4927.0,0.0,-1.1363636363636525
1644,2017-08-24,NSE:RKDL,8.8,9.45,8.7,9.05,16514.0,4.022988505747143,0.0
1645,2017-08-28,NSE:RKDL,9.8,9.95,8.85,9.35,42460.0,3.314917127071811,4.022988505747143
1646,2017-08-29,NSE:RKDL,9.35,9.35,9.1,9.15,4288.0,-2.1390374331550728,3.314917127071811
1647,2017-08-30,NSE:RKDL,10.1,10.1,9.0,9.45,21654.0,3.2786885245901525,-2.1390374331550728
1648,2017-08-31,NSE:RKDL,9.45,9.6,9.05,9.1,2733.0,-3.7037037037037,3.2786885245901525
1649,2017-09-01,NSE:RKDL,9.3,9.45,9.1,9.35,25042.0,2.7472527472527473,-3.7037037037037
1650,2017-09-04,NSE:RKDL,9.6,9.6,8.55,9.05,4361.0,-3.2085561497326087,2.7472527472527473
1651,2017-09-05,NSE:RKDL,9.15,9.25,8.8,9.25,5910.0,2.2099447513812076,-3.2085561497326087
1652,2017-09-06,NSE:RKDL,9.1,9.1,8.85,9.05,4536.0,-2.1621621621621547,2.2099447513812076
1653,2017-09-07,NSE:RKDL,8.95,9.4,8.7,9.25,17774.0,2.2099447513812076,-2.1621621621621547
1654,2017-09-08,NSE:RKDL,9.5,9.8,9.2,9.4,29903.0,1.6216216216216255,2.2099447513812076
1655,2017-09-11,NSE:RKDL,9.75,9.8,9.35,9.5,13048.0,1.0638297872340388,1.6216216216216255
1656,2017-09-12,NSE:RKDL,9.3,9.35,9.2,9.25,6577.0,-2.631578947368421,1.0638297872340388
1657,2017-09-13,NSE:RKDL,9.05,9.35,9.05,9.1,15069.0,-1.6216216216216255,-2.631578947368421
1658,2017-09-14,NSE:RKDL,9.0,9.45,8.8,8.95,31495.0,-1.6483516483516523,-1.6216216216216255
1659,2017-09-15,NSE:RKDL,8.9,9.1,8.8,8.85,19934.0,-1.117318435754186,-1.6483516483516523
1660,2017-09-18,NSE:RKDL,9.25,9.25,8.9,9.05,21546.0,2.2598870056497296,-1.117318435754186
1661,2017-09-19,NSE:RKDL,8.9,9.15,8.9,9.1,38974.0,0.552486187845292,2.2598870056497296
1662,2017-09-20,NSE:RKDL,9.15,9.2,8.85,9.05,20977.0,-0.5494505494505377,0.552486187845292
1663,2017-09-21,NSE:RKDL,9.1,9.3,8.75,9.0,73842.0,-0.5524861878453117,-0.5494505494505377
1664,2017-09-22,NSE:RKDL,9.25,9.25,8.85,8.9,17655.0,-1.1111111111111072,-0.5524861878453117
1665,2017-09-25,NSE:RKDL,8.8,8.95,8.5,8.7,12479.0,-2.2471910112359668,-1.1111111111111072
1666,2017-09-26,NSE:RKDL,8.65,8.95,8.65,8.95,3647.0,2.873563218390805,-2.2471910112359668
1667,2017-09-27,NSE:RKDL,9.0,9.2,8.75,8.75,5412.0,-2.234636871508372,2.873563218390805
1668,2017-09-28,NSE:RKDL,8.75,8.9,8.75,8.75,12832.0,0.0,-2.234636871508372
1669,2017-09-29,NSE:RKDL,8.75,9.7,8.6,9.0,35891.0,2.857142857142857,0.0
1670,2017-10-03,NSE:RKDL,9.05,9.55,8.95,9.05,36204.0,0.5555555555555635,2.857142857142857
1671,2017-10-04,NSE:RKDL,9.3,9.3,8.8,8.8,11657.0,-2.7624309392265194,0.5555555555555635
1672,2017-10-05,NSE:RKDL,9.0,9.1,8.7,8.9,13223.0,1.1363636363636322,-2.7624309392265194
1673,2017-10-06,NSE:RKDL,9.0,9.1,8.7,8.95,6211.0,0.5617977528089768,1.1363636363636322
1674,2017-10-09,NSE:RKDL,8.95,9.1,8.7,8.95,12974.0,0.0,0.5617977528089768
1675,2017-10-10,NSE:RKDL,9.0,10.15,8.7,9.5,90819.0,6.145251396648053,0.0
1676,2017-10-11,NSE:RKDL,9.7,11.4,9.55,11.4,815186.0,20.000000000000004,6.145251396648053
1677,2017-10-12,NSE:RKDL,12.2,13.55,12.0,13.1,875312.0,14.91228070175438,20.000000000000004
1678,2017-10-13,NSE:RKDL,13.25,13.35,11.85,12.0,217753.0,-8.396946564885493,14.91228070175438
1679,2017-10-16,NSE:RKDL,12.0,12.0,11.3,11.75,71585.0,-2.083333333333333,-8.396946564885493
1680,2017-10-17,NSE:RKDL,12.0,12.5,11.65,12.05,79139.0,2.553191489361708,-2.083333333333333
1681,2017-10-18,NSE:RKDL,11.8,11.85,11.3,11.6,74123.0,-3.734439834024905,2.553191489361708
1682,2017-10-19,NSE:RKDL,12.5,12.5,11.6,12.3,32241.0,6.034482758620699,-3.734439834024905
1683,2017-10-23,NSE:RKDL,11.75,12.4,11.75,11.85,48536.0,-3.6585365853658622,6.034482758620699
1684,2017-10-24,NSE:RKDL,11.85,12.0,11.5,11.6,60916.0,-2.109704641350211,-3.6585365853658622
1685,2017-10-25,NSE:RKDL,11.6,11.9,11.4,11.4,12943.0,-1.7241379310344769,-2.109704641350211
1686,2017-10-26,NSE:RKDL,11.0,11.05,10.85,10.85,9424.0,-4.824561403508778,-1.7241379310344769
1687,2017-10-27,NSE:RKDL,10.85,11.35,10.6,11.25,36107.0,3.6866359447004644,-4.824561403508778
1688,2017-10-30,NSE:RKDL,11.35,11.35,10.7,11.1,17046.0,-1.3333333333333366,3.6866359447004644
1689,2017-10-31,NSE:RKDL,11.0,11.3,10.6,11.0,10472.0,-0.9009009009008978,-1.3333333333333366
1690,2017-11-01,NSE:RKDL,10.5,11.4,10.5,10.75,25625.0,-2.272727272727273,-0.9009009009008978
1691,2017-11-02,NSE:RKDL,10.95,11.0,10.55,11.0,6167.0,2.3255813953488373,-2.272727272727273
1692,2017-11-03,NSE:RKDL,11.25,11.25,10.6,11.1,8765.0,0.909090909090906,2.3255813953488373
1693,2017-11-06,NSE:RKDL,10.65,10.95,10.6,10.65,9343.0,-4.054054054054048,0.909090909090906
1694,2017-11-07,NSE:RKDL,10.6,11.15,10.25,10.85,11606.0,1.8779342723004626,-4.054054054054048
1695,2017-11-08,NSE:RKDL,10.5,11.1,10.5,11.0,7965.0,1.3824884792626762,1.8779342723004626
1696,2017-11-09,NSE:RKDL,10.55,11.2,10.5,10.7,17701.0,-2.7272727272727337,1.3824884792626762
1697,2017-11-10,NSE:RKDL,10.85,11.2,10.85,10.9,9270.0,1.8691588785046829,-2.7272727272727337
1698,2017-11-13,NSE:RKDL,10.85,11.4,10.6,11.0,5332.0,0.9174311926605472,1.8691588785046829
1699,2017-11-14,NSE:RKDL,10.6,11.25,10.55,10.8,14753.0,-1.818181818181812,0.9174311926605472
1700,2017-11-15,NSE:RKDL,10.55,11.2,10.3,10.75,11816.0,-0.4629629629629695,-1.818181818181812
1701,2017-11-16,NSE:RKDL,10.85,11.0,10.3,10.6,12691.0,-1.3953488372093057,-0.4629629629629695
1702,2017-11-17,NSE:RKDL,10.85,10.85,10.15,10.45,12936.0,-1.4150943396226447,-1.3953488372093057
1703,2017-11-20,NSE:RKDL,10.55,10.8,10.15,10.55,17161.0,0.9569377990430759,-1.4150943396226447
1704,2017-11-21,NSE:RKDL,10.45,11.05,10.25,10.95,12511.0,3.7914691943127825,0.9569377990430759
1705,2017-11-22,NSE:RKDL,10.6,11.45,10.6,11.3,18900.0,3.1963470319634832,3.7914691943127825
1706,2017-11-23,NSE:RKDL,11.0,11.85,11.0,11.75,25125.0,3.982300884955746,3.1963470319634832
1707,2017-11-24,NSE:RKDL,11.9,12.3,11.2,12.3,54786.0,4.6808510638297935,3.982300884955746
1708,2017-11-27,NSE:RKDL,12.3,12.9,12.2,12.9,38130.0,4.878048780487801,4.6808510638297935
1709,2017-11-28,NSE:RKDL,13.5,13.5,12.45,13.25,88826.0,2.7131782945736407,4.878048780487801
1710,2017-11-29,NSE:RKDL,13.6,13.6,12.6,12.6,31705.0,-4.905660377358493,2.7131782945736407
1711,2017-11-30,NSE:RKDL,12.95,13.2,12.15,12.75,22520.0,1.1904761904761934,-4.905660377358493
1712,2017-12-01,NSE:RKDL,12.6,13.3,12.6,13.0,23784.0,1.9607843137254901,1.1904761904761934
1713,2017-12-04,NSE:RKDL,12.45,13.65,12.45,12.8,31611.0,-1.538461538461533,1.9607843137254901
1714,2017-12-05,NSE:RKDL,13.4,13.4,12.2,13.25,37932.0,3.5156249999999947,-1.538461538461533
1715,2017-12-06,NSE:RKDL,13.6,13.9,12.8,13.25,41448.0,0.0,3.5156249999999947
1716,2017-12-07,NSE:RKDL,13.75,13.75,12.85,13.0,20228.0,-1.8867924528301887,0.0
1717,2017-12-08,NSE:RKDL,13.6,13.6,12.6,12.9,9185.0,-0.7692307692307665,-1.8867924528301887
1718,2017-12-11,NSE:RKDL,12.45,13.2,12.4,12.6,3949.0,-2.3255813953488427,-0.7692307692307665
1719,2017-12-12,NSE:RKDL,13.15,13.15,12.0,12.6,10823.0,0.0,-2.3255813953488427
1720,2017-12-13,NSE:RKDL,12.0,13.2,12.0,13.05,6839.0,3.57142857142858,0.0
1721,2017-12-14,NSE:RKDL,13.0,13.3,12.4,12.4,27129.0,-4.980842911877397,3.57142857142858
1722,2017-12-15,NSE:RKDL,13.0,13.0,12.2,13.0,54476.0,4.838709677419352,-4.980842911877397
1723,2017-12-18,NSE:RKDL,13.4,13.65,12.5,13.65,61364.0,5.000000000000003,4.838709677419352
1724,2017-12-19,NSE:RKDL,14.15,14.3,13.8,14.3,70161.0,4.7619047619047645,5.000000000000003
1725,2017-12-20,NSE:RKDL,15.0,15.0,14.8,15.0,45772.0,4.89510489510489,4.7619047619047645
1726,2017-12-21,NSE:RKDL,15.75,15.75,15.75,15.75,54843.0,5.0,4.89510489510489
1727,2017-12-22,NSE:RKDL,16.5,16.5,15.4,15.55,192615.0,-1.2698412698412653,5.0
1728,2017-12-26,NSE:RKDL,15.9,16.299999,15.9,16.299999,23423.0,4.823144694533756,-1.2698412698412653
1729,2017-12-27,NSE:RKDL,17.049999,17.1,16.5,17.1,29769.0,4.907981896195219,4.823144694533756
1730,2017-12-28,NSE:RKDL,17.950001,17.950001,17.950001,17.950001,34617.0,4.970766081871338,4.907981896195219
1731,2017-12-29,NSE:RKDL,18.799999,18.799999,18.799999,18.799999,9623.0,4.7353646386983455,4.970766081871338
1732,2018-01-01,NSE:RKDL,19.700001,19.700001,19.700001,19.700001,5780.0,4.7872449354917554,4.7353646386983455
1733,2018-01-02,NSE:RKDL,20.65,20.65,20.65,20.65,11810.0,4.82232970445026,4.7872449354917554
1734,2018-01-03,NSE:RKDL,21.65,21.65,21.65,21.65,19169.0,4.842615012106538,4.82232970445026
1735,2018-01-04,NSE:RKDL,22.700001,22.700001,22.700001,22.700001,26093.0,4.849889145496544,4.842615012106538
1736,2018-01-05,NSE:RKDL,23.799999,23.799999,23.799999,23.799999,17647.0,4.845805953929251,4.849889145496544
1737,2018-01-08,NSE:RKDL,24.950001,24.950001,22.65,22.65,103130.0,-4.831928774450794,4.845805953929251
1738,2018-01-09,NSE:RKDL,21.549999,21.6,21.549999,21.549999,18032.0,-4.856516556291386,-4.831928774450794
1739,2018-01-10,NSE:RKDL,20.5,20.5,20.5,20.5,20487.0,-4.8723853769088326,-4.856516556291386
1740,2018-01-11,NSE:RKDL,19.6,21.5,19.5,21.5,75480.0,4.878048780487805,-4.8723853769088326
1741,2018-01-12,NSE:RKDL,22.549999,22.549999,21.549999,22.549999,44806.0,4.883716279069765,4.878048780487805
1742,2018-01-15,NSE:RKDL,23.6,23.65,23.6,23.65,21321.0,4.878053431399261,4.883716279069765
1743,2018-01-16,NSE:RKDL,24.799999,24.799999,22.5,22.5,48364.0,-4.862579281183926,4.878053431399261
1744,2018-01-17,NSE:RKDL,21.4,21.4,21.4,21.4,11627.0,-4.8888888888888955,-4.862579281183926
1745,2018-01-18,NSE:RKDL,20.6,22.450001,20.450001,21.049999,68187.0,-1.63551869158878,-4.8888888888888955
1746,2018-01-19,NSE:RKDL,21.450001,22.049999,20.0,20.25,44244.0,-3.8004704893335135,-1.63551869158878
1747,2018-01-22,NSE:RKDL,20.799999,20.799999,19.25,19.25,7980.0,-4.938271604938271,-3.8004704893335135
1748,2018-01-23,NSE:RKDL,18.5,20.1,18.299999,19.200001,26927.0,-0.25973506493506326,-4.938271604938271
1749,2018-01-24,NSE:RKDL,20.0,20.0,18.25,19.299999,24211.0,0.5208228895404712,-0.25973506493506326
1750,2018-01-25,NSE:RKDL,18.35,18.950001,18.35,18.35,11941.0,-4.922274866439103,0.5208228895404712
1751,2018-01-29,NSE:RKDL,19.200001,19.200001,17.6,17.950001,21200.0,-2.1798310626703055,-4.922274866439103
1752,2018-01-30,NSE:RKDL,17.5,18.0,17.5,17.75,19721.0,-1.1142116370912754,-2.1798310626703055
1753,2018-01-31,NSE:RKDL,17.799999,18.6,17.75,18.549999,36469.0,4.507036619718308,-1.1142116370912754
1754,2018-02-01,NSE:RKDL,18.200001,19.0,18.0,18.4,15658.0,-0.8086199896830243,4.507036619718308
1755,2018-02-02,NSE:RKDL,17.65,17.950001,17.5,17.5,8100.0,-4.89130434782608,-0.8086199896830243
1756,2018-02-05,NSE:RKDL,16.65,18.299999,16.65,17.049999,18539.0,-2.5714342857142873,-4.89130434782608
1757,2018-02-06,NSE:RKDL,16.200001,17.75,16.200001,16.35,33059.0,-4.105566223200355,-2.5714342857142873
1758,2018-02-07,NSE:RKDL,15.85,16.799999,15.65,16.6,24841.0,1.5290519877675839,-4.105566223200355
1759,2018-02-08,NSE:RKDL,16.65,17.4,15.8,17.25,58677.0,3.9156626506024006,1.5290519877675839
1760,2018-02-09,NSE:RKDL,16.4,18.1,16.4,18.1,34828.0,4.9275362318840665,3.9156626506024006
1761,2018-02-12,NSE:RKDL,19.0,19.0,18.4,19.0,4980.0,4.972375690607726,4.9275362318840665
1762,2018-02-14,NSE:RKDL,19.75,19.950001,19.75,19.950001,15923.0,5.000005263157896,4.972375690607726
1763,2018-02-15,NSE:RKDL,19.0,19.0,19.0,19.0,8850.0,-4.761909535743884,5.000005263157896
1764,2018-02-16,NSE:RKDL,18.049999,18.049999,18.049999,18.049999,6002.0,-5.000005263157896,-4.761909535743884
1765,2018-02-19,NSE:RKDL,17.15,17.15,17.15,17.15,7294.0,-4.986144320562018,-5.000005263157896
1766,2018-02-20,NSE:RKDL,16.5,16.5,16.299999,16.299999,10089.0,-4.956274052478128,-4.986144320562018
1767,2018-02-21,NSE:RKDL,15.5,16.450001,15.5,15.5,59644.0,-4.907969626255804,-4.956274052478128
1768,2018-02-22,NSE:RKDL,15.05,15.5,14.75,14.8,28993.0,-4.5161290322580605,-4.907969626255804
1769,2018-02-23,NSE:RKDL,14.8,15.5,14.35,15.5,17452.0,4.7297297297297245,-4.5161290322580605
1770,2018-02-26,NSE:RKDL,16.200001,16.25,15.85,16.0,15255.0,3.225806451612903,4.7297297297297245
1771,2018-02-27,NSE:RKDL,16.799999,16.799999,15.5,15.6,7388.0,-2.500000000000002,3.225806451612903
1772,2018-02-28,NSE:RKDL,14.9,16.200001,14.9,15.5,26614.0,-0.6410256410256387,-2.500000000000002
1773,2018-03-01,NSE:RKDL,15.75,16.049999,15.15,15.35,10925.0,-0.9677419354838732,-0.6410256410256387
1774,2018-03-05,NSE:RKDL,15.4,15.95,14.8,15.4,11212.0,0.32573289902280594,-0.9677419354838732
1775,2018-03-06,NSE:RKDL,15.4,15.6,14.85,14.85,7102.0,-3.571428571428576,0.32573289902280594
1776,2018-03-07,NSE:RKDL,14.5,15.2,14.5,14.65,8141.0,-1.346801346801342,-3.571428571428576
1777,2018-03-08,NSE:RKDL,14.3,14.95,13.95,13.95,9398.0,-4.778156996587038,-1.346801346801342
1778,2018-03-09,NSE:RKDL,13.95,14.4,13.3,13.3,15113.0,-4.659498207885295,-4.778156996587038
1779,2018-03-12,NSE:RKDL,13.35,13.75,13.25,13.3,9046.0,0.0,-4.659498207885295
1780,2018-03-13,NSE:RKDL,13.65,13.8,13.4,13.55,6047.0,1.8796992481203008,0.0
1781,2018-03-14,NSE:RKDL,13.3,13.8,13.25,13.7,5572.0,1.1070110701106906,1.8796992481203008
1782,2018-03-15,NSE:RKDL,13.4,14.1,13.4,13.9,4864.0,1.4598540145985481,1.1070110701106906
1783,2018-03-16,NSE:RKDL,13.6,14.45,13.6,14.35,12545.0,3.237410071942441,1.4598540145985481
1784,2018-03-19,NSE:RKDL,14.45,14.45,13.65,13.65,17533.0,-4.8780487804878,3.237410071942441
1785,2018-03-20,NSE:RKDL,14.2,14.2,13.35,13.95,6814.0,2.19780219780219,-4.8780487804878
1786,2018-03-21,NSE:RKDL,13.75,14.4,13.4,13.7,10002.0,-1.792114695340502,2.19780219780219
1787,2018-03-22,NSE:RKDL,13.3,14.0,13.25,13.8,5844.0,0.7299270072992805,-1.792114695340502
1788,2018-03-23,NSE:RKDL,13.8,14.0,13.25,13.55,3492.0,-1.8115942028985508,0.7299270072992805
1789,2018-03-26,NSE:RKDL,13.05,13.5,12.9,13.0,7605.0,-4.059040590405909,-1.8115942028985508
1790,2018-03-27,NSE:RKDL,13.0,13.0,12.35,12.45,6261.0,-4.230769230769236,-4.059040590405909
1791,2018-03-28,NSE:RKDL,12.3,13.05,12.0,12.75,6934.0,2.409638554216873,-4.230769230769236
1792,2018-04-02,NSE:RKDL,13.3,13.35,12.6,13.35,6005.0,4.705882352941174,2.409638554216873
1793,2018-04-03,NSE:RKDL,13.95,13.95,13.0,13.5,3374.0,1.1235955056179803,4.705882352941174
1794,2018-04-04,NSE:RKDL,13.05,13.7,13.0,13.35,3554.0,-1.1111111111111138,1.1235955056179803
1795,2018-04-05,NSE:RKDL,12.85,13.75,12.85,13.6,3689.0,1.8726591760299627,-1.1111111111111138
1796,2018-04-06,NSE:RKDL,14.25,14.95,14.25,14.95,52451.0,9.926470588235292,1.8726591760299627
1797,2018-04-09,NSE:RKDL,15.65,16.25,15.55,16.1,48648.0,7.692307692307707,9.926470588235292
1798,2018-04-10,NSE:RKDL,16.450001,16.450001,14.5,15.25,19121.0,-5.279503105590071,7.692307692307707
1799,2018-04-11,NSE:RKDL,15.3,15.75,14.8,15.6,10987.0,2.2950819672131124,-5.279503105590071
1800,2018-04-12,NSE:RKDL,16.0,16.549999,15.4,15.8,11521.0,1.282051282051289,2.2950819672131124
1801,2018-04-13,NSE:RKDL,15.5,15.75,14.25,14.65,13228.0,-7.278481012658229,1.282051282051289
1802,2018-04-16,NSE:RKDL,14.15,15.4,14.15,14.7,12197.0,0.34129692832763775,-7.278481012658229
1803,2018-04-17,NSE:RKDL,14.85,15.4,14.6,14.95,10512.0,1.7006802721088436,0.34129692832763775
1804,2018-04-18,NSE:RKDL,15.45,15.45,14.6,14.75,3954.0,-1.3377926421404636,1.7006802721088436
1805,2018-04-19,NSE:RKDL,14.8,14.9,13.8,14.05,18603.0,-4.745762711864402,-1.3377926421404636
1806,2018-04-20,NSE:RKDL,14.2,14.85,13.45,14.2,19832.0,1.0676156583629792,-4.745762711864402
1807,2018-04-23,NSE:RKDL,14.25,14.35,13.6,13.9,6964.0,-2.112676056338021,1.0676156583629792
1808,2018-04-24,NSE:RKDL,14.0,14.45,13.45,13.8,8783.0,-0.7194244604316521,-2.112676056338021
1809,2018-04-25,NSE:RKDL,13.35,14.0,13.3,13.85,7384.0,0.3623188405797024,-0.7194244604316521
1810,2018-04-26,NSE:RKDL,13.1,14.4,13.1,14.2,11796.0,2.5270758122743655,0.3623188405797024
1811,2018-04-27,NSE:RKDL,14.75,15.6,14.05,15.6,50033.0,9.859154929577468,2.5270758122743655
1812,2018-04-30,NSE:RKDL,16.0,17.0,15.0,15.05,58483.0,-3.5256410256410184,9.859154929577468
1813,2018-05-02,NSE:RKDL,15.8,15.8,14.75,14.95,16410.0,-0.6644518272425343,-3.5256410256410184
1814,2018-05-03,NSE:RKDL,15.5,15.5,14.05,14.55,11680.0,-2.675585284280927,-0.6644518272425343
1815,2018-05-04,NSE:RKDL,14.7,15.25,14.55,14.7,15375.0,1.0309278350515367,-2.675585284280927
1816,2018-05-07,NSE:RKDL,15.45,16.0,13.85,15.3,24051.0,4.081632653061234,1.0309278350515367
1817,2018-05-08,NSE:RKDL,14.7,15.5,14.7,15.1,14778.0,-1.307189542483667,4.081632653061234
1818,2018-05-09,NSE:RKDL,15.5,15.5,14.6,14.75,17389.0,-2.3178807947019844,-1.307189542483667
1819,2018-05-10,NSE:RKDL,15.8,15.8,14.6,14.6,9137.0,-1.0169491525423753,-2.3178807947019844
1820,2018-05-11,NSE:RKDL,14.7,14.7,13.7,14.25,7683.0,-2.3972602739726003,-1.0169491525423753
1821,2018-05-14,NSE:RKDL,14.05,14.85,13.2,13.55,10419.0,-4.912280701754381,-2.3972602739726003
1822,2018-05-15,NSE:RKDL,13.2,14.0,12.45,12.55,2975.0,-7.380073800738007,-4.912280701754381
1823,2018-05-16,NSE:RKDL,12.55,12.55,11.8,12.05,10360.0,-3.9840637450199203,-7.380073800738007
1824,2018-05-17,NSE:RKDL,11.55,12.45,11.55,12.1,15032.0,0.41493775933609073,-3.9840637450199203
1825,2018-05-18,NSE:RKDL,12.65,12.65,12.2,12.35,6394.0,2.066115702479339,0.41493775933609073
1826,2018-05-21,NSE:RKDL,12.95,12.95,11.95,12.45,5186.0,0.8097165991902806,2.066115702479339
1827,2018-05-22,NSE:RKDL,12.1,12.5,12.0,12.3,6266.0,-1.2048192771084223,0.8097165991902806
1828,2018-05-23,NSE:RKDL,12.05,12.75,12.05,12.3,13381.0,0.0,-1.2048192771084223
1829,2018-05-24,NSE:RKDL,12.6,12.6,12.2,12.3,4296.0,0.0,0.0
1830,2018-05-25,NSE:RKDL,11.95,12.6,11.95,12.3,8718.0,0.0,0.0
1831,2018-05-28,NSE:RKDL,12.75,12.8,12.3,12.5,8457.0,1.6260162601625958,0.0
1832,2018-05-29,NSE:RKDL,12.2,13.1,11.9,13.0,10848.0,4.0,1.6260162601625958
1833,2018-05-30,NSE:RKDL,13.6,13.6,12.45,12.65,34655.0,-2.69230769230769,4.0
1834,2018-05-31,NSE:RKDL,12.35,12.9,12.05,12.25,23995.0,-3.162055335968382,-2.69230769230769
1835,2018-06-01,NSE:RKDL,11.95,12.2,11.65,11.65,10844.0,-4.897959183673466,-3.162055335968382
1836,2018-06-04,NSE:RKDL,11.3,11.6,11.1,11.1,14512.0,-4.721030042918461,-4.897959183673466
1837,2018-06-05,NSE:RKDL,11.4,11.4,10.55,10.55,15948.0,-4.954954954954945,-4.721030042918461
1838,2018-06-06,NSE:RKDL,10.5,10.5,10.05,10.35,8738.0,-1.895734597156408,-4.954954954954945
1839,2018-06-07,NSE:RKDL,10.8,11.05,10.55,10.85,6829.0,4.830917874396135,-1.895734597156408
1840,2018-06-08,NSE:RKDL,10.95,11.0,10.3,10.35,9520.0,-4.6082949308755765,4.830917874396135
1841,2018-06-11,NSE:RKDL,10.35,11.05,10.3,10.5,9644.0,1.4492753623188441,-4.6082949308755765
1842,2018-06-12,NSE:RKDL,10.15,10.8,10.15,10.5,19446.0,0.0,1.4492753623188441
1843,2018-06-13,NSE:RKDL,11.0,11.0,10.35,10.6,12820.0,0.952380952380949,0.0
1844,2018-06-14,NSE:RKDL,10.15,11.6,10.15,11.15,14313.0,5.188679245283026,0.952380952380949
1845,2018-06-15,NSE:RKDL,11.0,12.0,10.75,11.3,30190.0,1.345291479820631,5.188679245283026
1846,2018-06-18,NSE:RKDL,11.05,11.05,10.75,10.95,2185.0,-3.097345132743375,1.345291479820631
1847,2018-06-19,NSE:RKDL,10.4,11.0,10.4,10.65,8984.0,-2.739726027397251,-3.097345132743375
1848,2018-06-20,NSE:RKDL,10.6,10.95,10.6,10.65,2921.0,0.0,-2.739726027397251
1849,2018-06-21,NSE:RKDL,10.65,10.9,10.5,10.55,7398.0,-0.9389671361502313,0.0
1850,2018-06-22,NSE:RKDL,10.1,11.0,10.1,10.95,3496.0,3.7914691943127825,-0.9389671361502313
1851,2018-06-25,NSE:RKDL,11.85,12.0,10.85,11.35,19834.0,3.6529680365296837,3.7914691943127825
1852,2018-06-26,NSE:RKDL,11.3,12.0,10.8,11.4,2118.0,0.4405286343612398,3.6529680365296837
1853,2018-06-27,NSE:RKDL,11.0,11.45,10.75,10.85,946.0,-4.824561403508778,0.4405286343612398
1854,2018-06-28,NSE:RKDL,11.7,11.7,10.55,10.65,8421.0,-1.8433179723502238,-4.824561403508778
1855,2018-06-29,NSE:RKDL,11.65,11.65,10.55,10.85,4020.0,1.8779342723004626,-1.8433179723502238
1856,2018-07-02,NSE:RKDL,11.45,11.45,10.5,10.55,2578.0,-2.764976958525336,1.8779342723004626
1857,2018-07-03,NSE:RKDL,10.15,10.55,10.15,10.4,3101.0,-1.4218009478673017,-2.764976958525336
1858,2018-07-04,NSE:RKDL,10.15,10.7,10.15,10.3,8221.0,-0.9615384615384581,-1.4218009478673017
1859,2018-07-05,NSE:RKDL,10.4,10.65,10.0,10.3,6638.0,0.0,-0.9615384615384581
1860,2018-07-06,NSE:RKDL,10.5,10.5,10.0,10.3,5580.0,0.0,0.0
1861,2018-07-09,NSE:RKDL,10.05,11.25,10.05,10.95,14869.0,6.310679611650471,0.0
1862,2018-07-10,NSE:RKDL,10.8,11.0,9.9,10.15,55147.0,-7.305936073059352,6.310679611650471
1863,2018-07-11,NSE:RKDL,10.15,10.7,9.8,10.15,20723.0,0.0,-7.305936073059352
1864,2018-07-12,NSE:RKDL,10.15,10.9,10.1,10.15,6145.0,0.0,0.0
1865,2018-07-13,NSE:RKDL,10.15,10.3,9.85,10.05,3246.0,-0.9852216748768439,0.0
1866,2018-07-16,NSE:RKDL,9.5,9.9,9.4,9.65,19454.0,-3.9800995024875654,-0.9852216748768439
1867,2018-07-17,NSE:RKDL,9.35,10.0,9.35,9.5,12805.0,-1.5544041450777237,-3.9800995024875654
1868,2018-07-18,NSE:RKDL,9.5,9.9,8.75,9.25,3699.0,-2.631578947368421,-1.5544041450777237
1869,2018-07-19,NSE:RKDL,10.0,10.0,8.8,9.35,6683.0,1.0810810810810774,-2.631578947368421
1870,2018-07-20,NSE:RKDL,9.0,9.0,8.45,8.45,56082.0,-9.625668449197864,1.0810810810810774
1871,2018-07-23,NSE:RKDL,8.4,8.9,8.0,8.65,6650.0,2.3668639053254568,-9.625668449197864
1872,2018-07-24,NSE:RKDL,8.5,9.2,8.15,9.0,10327.0,4.04624277456647,2.3668639053254568
1873,2018-07-25,NSE:RKDL,9.0,9.45,8.95,9.0,17411.0,0.0,4.04624277456647
1874,2018-07-26,NSE:RKDL,9.0,9.35,8.9,8.9,9535.0,-1.1111111111111072,0.0
1875,2018-07-27,NSE:RKDL,9.4,9.4,8.75,9.1,5952.0,2.2471910112359472,-1.1111111111111072
1876,2018-07-30,NSE:RKDL,9.75,9.75,8.45,9.15,9119.0,0.5494505494505573,2.2471910112359472
1877,2018-07-31,NSE:RKDL,9.6,9.6,9.05,9.25,2275.0,1.092896174863384,0.5494505494505573
1878,2018-08-01,NSE:RKDL,9.25,9.5,8.9,9.05,5491.0,-2.1621621621621547,1.092896174863384
1879,2018-08-02,NSE:RKDL,9.45,9.45,8.95,9.25,7106.0,2.2099447513812076,-2.1621621621621547
1880,2018-08-03,NSE:RKDL,9.2,10.15,9.2,10.15,22498.0,9.729729729729733,2.2099447513812076
1881,2018-08-06,NSE:RKDL,11.0,11.0,9.7,10.2,27957.0,0.49261083743841316,9.729729729729733
1882,2018-08-07,NSE:RKDL,11.05,11.1,10.25,11.0,20642.0,7.843137254901968,0.49261083743841316
1883,2018-08-08,NSE:RKDL,11.2,11.45,10.15,10.6,19348.0,-3.63636363636364,7.843137254901968
1884,2018-08-09,NSE:RKDL,10.95,11.3,10.45,10.9,23283.0,2.8301886792452895,-3.63636363636364
1885,2018-08-10,NSE:RKDL,11.4,11.4,10.5,10.65,10970.0,-2.2935779816513757,2.8301886792452895
1886,2018-08-13,NSE:RKDL,10.5,11.5,10.2,10.8,23548.0,1.4084507042253553,-2.2935779816513757
1887,2018-08-14,NSE:RKDL,10.6,11.45,10.5,10.55,10473.0,-2.314814814814815,1.4084507042253553
1888,2018-08-16,NSE:RKDL,10.55,10.85,10.2,10.5,7734.0,-0.47393364928910625,-2.314814814814815
1889,2018-08-17,NSE:RKDL,10.5,10.5,9.7,10.35,14558.0,-1.428571428571432,-0.47393364928910625
1890,2018-08-20,NSE:RKDL,11.35,11.35,10.1,10.2,7669.0,-1.4492753623188441,-1.428571428571432
1891,2018-08-21,NSE:RKDL,11.1,11.1,10.1,10.4,7866.0,1.960784313725501,-1.4492753623188441
1892,2018-08-23,NSE:RKDL,10.05,10.95,9.2,9.65,41448.0,-7.211538461538461,1.960784313725501
1893,2018-08-24,NSE:RKDL,10.2,10.2,9.75,9.9,12624.0,2.5906735751295336,-7.211538461538461
1894,2018-08-27,NSE:RKDL,10.1,10.1,9.2,9.35,71119.0,-5.5555555555555625,2.5906735751295336
1895,2018-08-28,NSE:RKDL,9.9,9.9,9.2,9.65,13236.0,3.2085561497326283,-5.5555555555555625
1896,2018-08-29,NSE:RKDL,10.1,10.25,9.55,10.0,18533.0,3.626943005181343,3.2085561497326283
1897,2018-08-30,NSE:RKDL,10.2,10.2,9.6,9.65,9221.0,-3.499999999999996,3.626943005181343
1898,2018-08-31,NSE:RKDL,9.5,10.1,9.35,10.05,7910.0,4.145077720207258,-3.499999999999996
1899,2018-09-03,NSE:RKDL,10.0,10.5,10.0,10.4,6242.0,3.482587064676613,4.145077720207258
1900,2018-09-04,NSE:RKDL,9.65,12.45,9.65,11.45,95336.0,10.096153846153836,3.482587064676613
1901,2018-09-05,NSE:RKDL,11.45,13.7,11.2,12.75,295668.0,11.353711790393021,10.096153846153836
1902,2018-09-06,NSE:RKDL,13.4,14.7,13.0,14.25,197889.0,11.76470588235294,11.353711790393021
1903,2018-09-07,NSE:RKDL,14.55,15.45,14.55,14.85,152305.0,4.210526315789472,11.76470588235294
1904,2018-09-10,NSE:RKDL,15.25,15.35,13.55,13.85,84627.0,-6.7340067340067336,4.210526315789472
1905,2018-09-11,NSE:RKDL,13.85,14.3,12.6,12.9,82858.0,-6.85920577617328,-6.7340067340067336
1906,2018-09-12,NSE:RKDL,12.4,13.9,12.4,13.7,95646.0,6.201550387596891,-6.85920577617328
1907,2018-09-14,NSE:RKDL,13.5,14.0,13.05,13.45,15496.0,-1.8248175182481754,6.201550387596891
1908,2018-09-17,NSE:RKDL,12.8,13.8,12.8,13.2,10419.0,-1.858736059479554,-1.8248175182481754
1909,2018-09-18,NSE:RKDL,12.65,13.5,12.55,12.6,36434.0,-4.545454545454543,-1.858736059479554
1910,2018-09-19,NSE:RKDL,12.05,12.75,12.05,12.75,8294.0,1.1904761904761934,-4.545454545454543
1911,2018-09-21,NSE:RKDL,12.45,12.95,12.15,12.15,10324.0,-4.705882352941174,1.1904761904761934
1912,2018-09-24,NSE:RKDL,12.0,12.7,11.55,11.55,14536.0,-4.938271604938269,-4.705882352941174
1913,2018-09-25,NSE:RKDL,11.25,11.55,11.0,11.05,6292.0,-4.329004329004329,-4.938271604938269
1914,2018-09-26,NSE:RKDL,10.5,11.05,10.5,10.5,21342.0,-4.977375565610866,-4.329004329004329
1915,2018-09-27,NSE:RKDL,10.5,10.5,10.0,10.0,12976.0,-4.761904761904762,-4.977375565610866
1916,2018-09-28,NSE:RKDL,9.5,10.5,9.5,9.85,8976.0,-1.5000000000000036,-4.761904761904762
1917,2018-10-01,NSE:RKDL,9.55,10.1,9.4,10.0,8711.0,1.5228426395939123,-1.5000000000000036
1918,2018-10-03,NSE:RKDL,10.05,10.5,9.5,10.15,10153.0,1.5000000000000036,1.5228426395939123
1919,2018-10-04,NSE:RKDL,10.0,10.65,10.0,10.65,6796.0,4.926108374384236,1.5000000000000036
1920,2018-10-05,NSE:RKDL,10.3,11.15,10.3,11.1,5330.0,4.225352112676049,4.926108374384236
1921,2018-10-08,NSE:RKDL,11.45,11.6,10.8,11.55,5591.0,4.054054054054064,4.225352112676049
1922,2018-10-09,NSE:RKDL,11.15,11.9,11.0,11.65,5529.0,0.8658008658008627,4.054054054054064
1923,2018-10-10,NSE:RKDL,11.6,11.85,11.15,11.55,7588.0,-0.8583690987124433,0.8658008658008627
1924,2018-10-11,NSE:RKDL,11.1,12.1,11.1,11.9,13536.0,3.0303030303030267,-0.8583690987124433
1925,2018-10-12,NSE:RKDL,11.35,12.0,11.35,11.75,10503.0,-1.2605042016806753,3.0303030303030267
1926,2018-10-15,NSE:RKDL,11.7,11.7,11.2,11.45,6283.0,-2.553191489361708,-1.2605042016806753
1927,2018-10-16,NSE:RKDL,11.15,12.0,11.15,11.85,11942.0,3.493449781659392,-2.553191489361708
1928,2018-10-17,NSE:RKDL,11.55,12.2,11.35,11.4,10576.0,-3.797468354430374,3.493449781659392
1929,2018-10-19,NSE:RKDL,11.2,11.7,11.0,11.1,5263.0,-2.631578947368427,-3.797468354430374
1930,2018-10-22,NSE:RKDL,11.1,11.65,10.8,11.65,18257.0,4.954954954954961,-2.631578947368427
1931,2018-10-23,NSE:RKDL,11.5,11.7,11.1,11.15,5020.0,-4.291845493562231,4.954954954954961
1932,2018-10-24,NSE:RKDL,11.05,11.4,10.9,11.0,2754.0,-1.345291479820631,-4.291845493562231
1933,2018-10-25,NSE:RKDL,11.0,11.35,10.65,10.75,5965.0,-2.272727272727273,-1.345291479820631
1934,2018-10-26,NSE:RKDL,10.45,11.2,10.35,10.55,1640.0,-1.860465116279063,-2.272727272727273
1935,2018-10-29,NSE:RKDL,10.35,11.0,10.35,11.0,4639.0,4.265402843601889,-1.860465116279063
1936,2018-10-30,NSE:RKDL,10.55,11.25,10.55,11.0,1047.0,0.0,4.265402843601889
1937,2018-10-31,NSE:RKDL,11.0,11.0,10.45,10.55,9947.0,-4.090909090909085,0.0
1938,2018-11-01,NSE:RKDL,10.6,11.05,10.6,11.0,6791.0,4.265402843601889,-4.090909090909085
1939,2018-11-02,NSE:RKDL,11.55,11.55,10.95,11.0,31236.0,0.0,4.265402843601889
1940,2018-11-05,NSE:RKDL,11.0,11.3,10.7,10.7,3106.0,-2.7272727272727337,0.0
1941,2018-11-06,NSE:RKDL,10.95,11.0,10.4,10.5,4689.0,-1.8691588785046664,-2.7272727272727337
1942,2018-11-07,NSE:RKDL,10.95,10.95,10.05,10.45,2458.0,-0.476190476190483,-1.8691588785046664
1943,2018-11-09,NSE:RKDL,10.9,10.9,10.3,10.85,10868.0,3.827751196172252,-0.476190476190483
1944,2018-11-12,NSE:RKDL,11.3,11.3,10.6,10.65,5109.0,-1.8433179723502238,3.827751196172252
1945,2018-11-13,NSE:RKDL,10.7,10.9,10.6,10.7,3519.0,0.4694835680751073,-1.8433179723502238
1946,2018-11-14,NSE:RKDL,10.4,10.75,10.2,10.55,5817.0,-1.4018691588784915,0.4694835680751073
1947,2018-11-15,NSE:RKDL,10.5,11.05,10.3,10.5,8848.0,-0.47393364928910625,-1.4018691588784915
1948,2018-11-16,NSE:RKDL,10.9,10.9,10.0,10.1,15188.0,-3.809523809523813,-0.47393364928910625
1949,2018-11-19,NSE:RKDL,10.1,10.6,9.9,10.45,7293.0,3.465346534653462,-3.809523809523813
1950,2018-11-20,NSE:RKDL,10.05,10.2,9.95,9.95,13046.0,-4.784688995215311,3.465346534653462
1951,2018-11-21,NSE:RKDL,10.0,10.4,9.75,10.35,2241.0,4.020100502512566,-4.784688995215311
1952,2018-11-22,NSE:RKDL,10.1,10.35,10.1,10.1,3112.0,-2.4154589371980677,4.020100502512566
1953,2018-11-26,NSE:RKDL,10.1,10.4,9.65,10.05,2693.0,-0.4950495049504845,-2.4154589371980677
1954,2018-11-27,NSE:RKDL,10.55,10.55,9.9,10.15,2039.0,0.9950248756218869,-0.4950495049504845
1955,2018-11-28,NSE:RKDL,10.0,10.25,9.9,9.95,5565.0,-1.970443349753705,0.9950248756218869
1956,2018-11-29,NSE:RKDL,10.3,10.3,9.7,9.95,1035.0,0.0,-1.970443349753705
1957,2018-11-30,NSE:RKDL,9.8,10.0,9.7,9.9,8776.0,-0.5025125628140596,0.0
1958,2018-12-03,NSE:RKDL,10.3,10.3,9.85,9.9,1739.0,0.0,-0.5025125628140596
1959,2018-12-04,NSE:RKDL,9.7,10.1,9.7,9.9,5637.0,0.0,0.0
1960,2018-12-05,NSE:RKDL,9.7,10.2,9.7,10.0,3797.0,1.0101010101010066,0.0
1961,2018-12-06,NSE:RKDL,9.7,9.8,9.6,9.6,15942.0,-4.0000000000000036,1.0101010101010066
1962,2018-12-07,NSE:RKDL,9.55,10.05,9.2,9.2,7811.0,-4.1666666666666705,-4.0000000000000036
1963,2018-12-10,NSE:RKDL,9.25,9.95,9.2,9.3,5448.0,1.086956521739146,-4.1666666666666705
1964,2018-12-11,NSE:RKDL,9.3,9.5,9.0,9.1,10636.0,-2.1505376344086136,1.086956521739146
1965,2018-12-12,NSE:RKDL,8.9,9.95,8.9,9.95,9798.0,9.340659340659336,-2.1505376344086136
1966,2018-12-13,NSE:RKDL,10.55,10.55,9.7,9.75,13202.0,-2.0100502512562746,9.340659340659336
1967,2018-12-14,NSE:RKDL,10.2,10.2,9.5,9.85,19821.0,1.025641025641022,-2.0100502512562746
1968,2018-12-17,NSE:RKDL,10.2,10.2,9.75,10.1,12639.0,2.5380710659898478,1.025641025641022
1969,2018-12-18,NSE:RKDL,10.05,11.1,10.0,11.1,58604.0,9.900990099009901,2.5380710659898478
1970,2018-12-19,NSE:RKDL,11.3,11.95,10.85,11.45,100553.0,3.1531531531531503,9.900990099009901
1971,2018-12-20,NSE:RKDL,11.4,11.4,10.75,10.95,26531.0,-4.366812227074236,3.1531531531531503
1972,2018-12-21,NSE:RKDL,10.95,11.15,10.7,10.7,13654.0,-2.2831050228310503,-4.366812227074236
1973,2018-12-24,NSE:RKDL,10.05,11.05,9.7,9.75,59474.0,-8.87850467289719,-2.2831050228310503
1974,2018-12-26,NSE:RKDL,9.8,10.0,9.55,9.95,15597.0,2.051282051282044,-8.87850467289719
1975,2018-12-27,NSE:RKDL,9.9,10.35,9.65,10.0,27851.0,0.5025125628140775,2.051282051282044
1976,2018-12-28,NSE:RKDL,9.75,10.1,9.75,9.9,12895.0,-0.9999999999999963,0.5025125628140775
1977,2018-12-31,NSE:RKDL,10.1,10.15,9.8,9.95,13069.0,0.5050505050504942,-0.9999999999999963
1978,2019-01-01,NSE:RKDL,10.2,10.2,10.0,10.0,2636.0,0.5025125628140775,0.5050505050504942
1979,2019-01-02,NSE:RKDL,11.0,11.0,9.95,10.15,9353.0,1.5000000000000036,0.5025125628140775
1980,2019-01-03,NSE:RKDL,10.25,10.25,9.95,9.95,5277.0,-1.970443349753705,1.5000000000000036
1981,2019-01-04,NSE:RKDL,10.45,10.45,9.5,10.05,22187.0,1.005025125628155,-1.970443349753705
1982,2019-01-07,NSE:RKDL,9.7,10.35,9.7,9.85,5091.0,-1.9900497512437916,1.005025125628155
1983,2019-01-08,NSE:RKDL,9.9,10.05,9.85,10.05,1051.0,2.030456852791889,-1.9900497512437916
1984,2019-01-09,NSE:RKDL,10.05,10.1,9.05,9.55,16946.0,-4.975124378109452,2.030456852791889
1985,2019-01-10,NSE:RKDL,9.65,9.9,9.55,9.7,7124.0,1.5706806282722363,-4.975124378109452
1986,2019-01-11,NSE:RKDL,10.1,10.1,9.45,9.65,4573.0,-0.5154639175257623,1.5706806282722363
1987,2019-01-14,NSE:RKDL,9.25,9.95,9.25,9.4,5393.0,-2.5906735751295336,-0.5154639175257623
1988,2019-01-15,NSE:RKDL,9.9,9.9,9.15,9.3,16319.0,-1.0638297872340388,-2.5906735751295336
1989,2019-01-16,NSE:RKDL,9.8,9.8,8.9,8.95,60118.0,-3.7634408602150686,-1.0638297872340388
1990,2019-01-17,NSE:RKDL,9.4,9.4,8.9,8.95,43824.0,0.0,-3.7634408602150686
1991,2019-01-18,NSE:RKDL,8.6,9.4,8.6,8.9,80062.0,-0.5586592178770831,0.0
1992,2019-01-21,NSE:RKDL,8.95,8.95,8.75,8.8,13618.0,-1.1235955056179736,-0.5586592178770831
1993,2019-01-22,NSE:RKDL,9.2,9.2,8.5,8.75,12763.0,-0.5681818181818262,-1.1235955056179736
1994,2019-01-23,NSE:RKDL,8.6,8.8,8.55,8.8,4142.0,0.5714285714285796,-0.5681818181818262
1995,2019-01-24,NSE:RKDL,8.95,8.95,8.5,8.55,7532.0,-2.840909090909091,0.5714285714285796
1996,2019-01-25,NSE:RKDL,8.5,9.25,8.35,8.7,13721.0,1.754385964912264,-2.840909090909091
1997,2019-01-28,NSE:RKDL,9.0,9.0,8.05,8.3,16992.0,-4.597701149425271,1.754385964912264
1998,2019-01-29,NSE:RKDL,8.7,8.7,8.25,8.3,8031.0,0.0,-4.597701149425271
1999,2019-01-30,NSE:RKDL,8.35,8.65,8.35,8.4,5280.0,1.2048192771084292,0.0
2000,2019-01-31,NSE:RKDL,8.3,8.45,8.3,8.4,4248.0,0.0,1.2048192771084292
2001,2019-02-01,NSE:RKDL,8.15,8.7,8.15,8.5,3504.0,1.1904761904761862,0.0
2002,2019-02-04,NSE:RKDL,8.25,8.5,7.75,7.95,22968.0,-6.470588235294115,1.1904761904761862
2003,2019-02-05,NSE:RKDL,8.4,8.4,7.4,7.8,6807.0,-1.8867924528301931,-6.470588235294115
2004,2019-02-06,NSE:RKDL,8.2,8.2,7.35,7.75,7872.0,-0.6410256410256387,-1.8867924528301931
2005,2019-02-07,NSE:RKDL,8.0,8.15,7.55,7.9,17796.0,1.9354838709677464,-0.6410256410256387
2006,2019-02-08,NSE:RKDL,7.8,8.5,7.65,8.1,7024.0,2.531645569620244,1.9354838709677464
2007,2019-02-11,NSE:RKDL,7.9,8.5,7.15,7.75,19959.0,-4.320987654320983,2.531645569620244
2008,2019-02-12,NSE:RKDL,8.4,8.4,7.6,7.85,4640.0,1.2903225806451568,-4.320987654320983
2009,2019-02-13,NSE:RKDL,7.7,7.95,7.6,7.6,2823.0,-3.1847133757961785,1.2903225806451568
2010,2019-02-14,NSE:RKDL,7.6,7.95,7.05,7.65,4969.0,0.6578947368421146,-3.1847133757961785
2011,2019-02-15,NSE:RKDL,7.65,7.9,7.35,7.9,2905.0,3.2679738562091507,0.6578947368421146
2012,2019-02-18,NSE:RKDL,8.05,8.05,7.2,7.3,7535.0,-7.594936708860765,3.2679738562091507
2013,2019-02-19,NSE:RKDL,7.35,7.75,7.35,7.4,2194.0,1.3698630136986376,-7.594936708860765
2014,2019-02-20,NSE:RKDL,7.4,8.2,7.1,7.25,3409.0,-2.0270270270270316,1.3698630136986376
2015,2019-02-21,NSE:RKDL,7.8,7.8,7.0,7.45,29382.0,2.758620689655175,-2.0270270270270316
2016,2019-02-22,NSE:RKDL,7.6,7.85,7.3,7.5,4753.0,0.671140939597313,2.758620689655175
2017,2019-02-25,NSE:RKDL,8.5,8.5,7.7,7.95,11881.0,6.000000000000003,0.671140939597313
2018,2019-02-26,NSE:RKDL,8.2,8.2,7.7,8.0,2723.0,0.6289308176100606,6.000000000000003
2019,2019-02-27,NSE:RKDL,8.45,8.5,7.5,7.55,10128.0,-5.625000000000002,0.6289308176100606
2020,2019-02-28,NSE:RKDL,8.0,8.0,7.5,7.8,3061.0,3.3112582781456954,-5.625000000000002
2021,2019-03-01,NSE:RKDL,7.8,8.65,7.2,8.3,7071.0,6.410256410256422,3.3112582781456954
2022,2019-03-05,NSE:RKDL,8.35,8.75,7.55,8.55,19181.0,3.012048192771084,6.410256410256422
2023,2019-03-06,NSE:RKDL,8.55,9.6,8.55,9.2,41747.0,7.602339181286533,3.012048192771084
2024,2019-03-07,NSE:RKDL,9.25,9.45,8.6,9.05,21959.0,-1.6304347826086802,7.602339181286533
2025,2019-03-08,NSE:RKDL,9.75,9.75,8.25,9.3,22312.0,2.7624309392265194,-1.6304347826086802
2026,2019-03-11,NSE:RKDL,9.7,9.7,8.7,9.2,16465.0,-1.0752688172043163,2.7624309392265194
2027,2019-03-12,NSE:RKDL,9.2,9.4,9.15,9.2,10809.0,0.0,-1.0752688172043163
2028,2019-03-13,NSE:RKDL,8.9,9.4,8.6,9.1,60312.0,-1.0869565217391266,0.0
2029,2019-03-14,NSE:RKDL,9.1,9.4,8.8,8.85,13080.0,-2.7472527472527473,-1.0869565217391266
2030,2019-03-15,NSE:RKDL,9.2,9.2,8.55,9.15,5567.0,3.3898305084745846,-2.7472527472527473
2031,2019-03-18,NSE:RKDL,9.15,9.15,8.75,9.05,2904.0,-1.092896174863384,3.3898305084745846
2032,2019-03-19,NSE:RKDL,8.6,9.4,8.6,9.0,3659.0,-0.5524861878453117,-1.092896174863384
2033,2019-03-20,NSE:RKDL,9.4,9.4,8.7,9.05,905.0,0.5555555555555635,-0.5524861878453117
2034,2019-03-22,NSE:RKDL,8.8,9.1,8.65,8.65,11146.0,-4.419889502762434,0.5555555555555635
2035,2019-03-25,NSE:RKDL,8.65,9.0,8.5,8.9,2519.0,2.8901734104046244,-4.419889502762434
2036,2019-03-26,NSE:RKDL,9.3,9.3,8.5,8.6,7133.0,-3.37078651685394,2.8901734104046244
2037,2019-03-27,NSE:RKDL,8.3,8.7,8.3,8.5,1468.0,-1.1627906976744147,-3.37078651685394
2038,2019-03-28,NSE:RKDL,8.9,8.9,8.35,8.5,2597.0,0.0,-1.1627906976744147
2039,2019-03-29,NSE:RKDL,8.25,8.9,8.25,8.85,3770.0,4.117647058823525,0.0
2040,2019-04-01,NSE:RKDL,8.85,8.95,8.5,8.95,716.0,1.1299435028248548,4.117647058823525
2041,2019-04-02,NSE:RKDL,8.95,9.2,8.55,8.65,10832.0,-3.351955307262558,1.1299435028248548
2042,2019-04-03,NSE:RKDL,8.6,8.75,8.5,8.55,3673.0,-1.1560693641618456,-3.351955307262558
2043,2019-04-04,NSE:RKDL,8.3,8.7,8.3,8.7,278.0,1.754385964912264,-1.1560693641618456
2044,2019-04-05,NSE:RKDL,9.0,9.0,8.3,8.35,14706.0,-4.022988505747123,1.754385964912264
2045,2019-04-08,NSE:RKDL,8.35,8.65,8.15,8.6,8969.0,2.9940119760479043,-4.022988505747123
2046,2019-04-09,NSE:RKDL,9.0,9.0,8.2,8.55,10001.0,-0.5813953488371969,2.9940119760479043
2047,2019-04-10,NSE:RKDL,8.65,8.65,8.2,8.2,11175.0,-4.093567251462005,-0.5813953488371969
2048,2019-04-11,NSE:RKDL,8.6,8.6,8.05,8.2,3575.0,0.0,-4.093567251462005
2049,2019-04-12,NSE:RKDL,8.35,8.35,8.05,8.3,710.0,1.2195121951219685,0.0
2050,2019-04-15,NSE:RKDL,8.3,8.3,8.0,8.15,7525.0,-1.8072289156626546,1.2195121951219685
2051,2019-04-16,NSE:RKDL,8.1,8.45,8.1,8.4,7158.0,3.067484662576687,-1.8072289156626546
2052,2019-04-18,NSE:RKDL,8.6,8.6,8.0,8.0,13563.0,-4.761904761904765,3.067484662576687
2053,2019-04-22,NSE:RKDL,8.35,8.35,7.85,8.1,7294.0,1.2499999999999956,-4.761904761904765
2054,2019-04-23,NSE:RKDL,7.8,8.35,7.8,8.0,1622.0,-1.2345679012345634,1.2499999999999956
2055,2019-04-24,NSE:RKDL,8.0,8.3,8.0,8.0,7152.0,0.0,-1.2345679012345634
2056,2019-04-25,NSE:RKDL,8.4,8.4,7.8,7.95,4801.0,-0.6249999999999978,0.0
2057,2019-04-26,NSE:RKDL,8.3,8.3,7.85,7.9,13574.0,-0.6289308176100606,-0.6249999999999978
2058,2019-04-30,NSE:RKDL,7.65,8.25,7.65,7.95,1758.0,0.632911392405061,-0.6289308176100606
2059,2019-05-02,NSE:RKDL,7.6,8.0,7.6,7.6,8484.0,-4.402515723270447,0.632911392405061
2060,2019-05-03,NSE:RKDL,7.85,7.95,7.5,7.75,4983.0,1.9736842105263206,-4.402515723270447
2061,2019-05-06,NSE:RKDL,7.55,8.1,7.55,7.9,981.0,1.9354838709677464,1.9736842105263206
2062,2019-05-07,NSE:RKDL,7.9,8.0,7.6,7.6,1732.0,-3.797468354430389,1.9354838709677464
2063,2019-05-08,NSE:RKDL,7.35,7.95,7.35,7.95,381.0,4.605263157894744,-3.797468354430389
2064,2019-05-09,NSE:RKDL,7.9,7.9,7.9,7.9,10.0,-0.6289308176100606,4.605263157894744
2065,2019-05-10,NSE:RKDL,7.6,7.65,7.6,7.65,1790.0,-3.164556962025316,-0.6289308176100606
2066,2019-05-13,NSE:RKDL,7.6,7.6,7.35,7.4,5433.0,-3.2679738562091507,-3.164556962025316
2067,2019-05-14,NSE:RKDL,7.4,7.75,7.05,7.55,11365.0,2.0270270270270196,-3.2679738562091507
2068,2019-05-15,NSE:RKDL,7.3,7.85,7.3,7.3,8957.0,-3.3112582781456954,2.0270270270270196
2069,2019-05-16,NSE:RKDL,7.65,7.65,7.0,7.65,596.0,4.794520547945213,-3.3112582781456954
2070,2019-05-17,NSE:RKDL,7.5,7.55,7.3,7.4,2215.0,-3.2679738562091507,4.794520547945213
2071,2019-05-20,NSE:RKDL,7.2,7.75,7.1,7.55,11332.0,2.0270270270270196,-3.2679738562091507
2072,2019-05-21,NSE:RKDL,7.2,7.55,7.2,7.5,6475.0,-0.6622516556291367,2.0270270270270196
2073,2019-05-22,NSE:RKDL,7.4,7.5,7.2,7.5,4014.0,0.0,-0.6622516556291367
2074,2019-05-23,NSE:RKDL,7.5,7.5,7.3,7.45,4025.0,-0.6666666666666643,0.0
2075,2019-05-24,NSE:RKDL,7.1,7.8,7.1,7.5,11407.0,0.671140939597313,-0.6666666666666643
2076,2019-05-27,NSE:RKDL,7.85,7.85,7.25,7.6,14993.0,1.3333333333333286,0.671140939597313
2077,2019-05-28,NSE:RKDL,7.75,7.8,7.35,7.5,14165.0,-1.315789473684206,1.3333333333333286
2078,2019-05-29,NSE:RKDL,7.3,7.3,7.3,7.3,500.0,-2.6666666666666687,-1.315789473684206
2079,2019-05-30,NSE:RKDL,7.3,7.5,7.15,7.2,7721.0,-1.3698630136986254,-2.6666666666666687
2080,2019-05-31,NSE:RKDL,7.1,7.55,7.1,7.5,2899.0,4.166666666666664,-1.3698630136986254
2081,2019-06-03,NSE:RKDL,7.85,7.85,7.35,7.35,1803.0,-2.000000000000005,4.166666666666664
2082,2019-06-04,NSE:RKDL,7.1,7.7,7.1,7.45,322.0,1.3605442176870821,-2.000000000000005
2083,2019-06-06,NSE:RKDL,7.45,7.5,7.2,7.2,6105.0,-3.3557046979865772,1.3605442176870821
2084,2019-06-07,NSE:RKDL,7.55,7.55,7.1,7.35,8322.0,2.083333333333326,-3.3557046979865772
2085,2019-06-10,NSE:RKDL,7.0,7.6,7.0,7.6,12101.0,3.4013605442176873,2.083333333333326
2086,2019-06-11,NSE:RKDL,7.85,7.85,7.25,7.45,15098.0,-1.9736842105263088,3.4013605442176873
2087,2019-06-12,NSE:RKDL,7.8,7.8,7.1,7.5,1508.0,0.671140939597313,-1.9736842105263088
2088,2019-06-13,NSE:RKDL,7.15,7.2,7.15,7.15,1939.0,-4.666666666666662,0.671140939597313
2089,2019-06-14,NSE:RKDL,7.05,7.35,7.0,7.05,2267.0,-1.398601398601406,-4.666666666666662
2090,2019-06-17,NSE:RKDL,6.8,7.05,6.7,7.0,11060.0,-0.7092198581560258,-1.398601398601406
2091,2019-06-18,NSE:RKDL,6.65,7.0,6.65,6.95,3145.0,-0.7142857142857117,-0.7092198581560258
2092,2019-06-19,NSE:RKDL,7.25,7.25,6.65,6.7,1743.0,-3.597122302158273,-0.7142857142857117
2093,2019-06-20,NSE:RKDL,7.0,7.0,6.75,7.0,12984.0,4.477611940298504,-3.597122302158273
2094,2019-06-21,NSE:RKDL,6.65,7.35,6.65,7.35,11551.0,4.999999999999995,4.477611940298504
2095,2019-06-24,NSE:RKDL,7.7,7.7,7.2,7.7,9795.0,4.761904761904769,4.999999999999995
2096,2019-06-25,NSE:RKDL,7.7,8.05,7.5,8.05,15405.0,4.545454545454552,4.761904761904769
2097,2019-06-26,NSE:RKDL,7.85,8.45,7.85,8.45,20788.0,4.968944099378864,4.545454545454552
2098,2019-06-27,NSE:RKDL,8.45,8.85,8.15,8.65,18317.0,2.3668639053254568,4.968944099378864
2099,2019-06-28,NSE:RKDL,8.35,8.7,8.25,8.25,7072.0,-4.624277456647403,2.3668639053254568
2100,2019-07-01,NSE:RKDL,8.2,8.3,7.9,8.15,5401.0,-1.2121212121212077,-4.624277456647403
2101,2019-07-02,NSE:RKDL,7.8,7.8,7.75,7.75,1450.0,-4.907975460122704,-1.2121212121212077
2102,2019-07-03,NSE:RKDL,7.55,7.75,7.45,7.75,5632.0,0.0,-4.907975460122704
2103,2019-07-04,NSE:RKDL,7.9,7.9,7.5,7.55,11658.0,-2.580645161290325,0.0
2104,2019-07-05,NSE:RKDL,7.35,7.5,7.25,7.25,4434.0,-3.9735099337748316,-2.580645161290325
2105,2019-07-08,NSE:RKDL,7.05,7.6,6.9,7.45,32866.0,2.758620689655175,-3.9735099337748316
2106,2019-07-09,NSE:RKDL,7.6,7.75,7.25,7.55,3434.0,1.342281879194626,2.758620689655175
2107,2019-07-10,NSE:RKDL,7.35,7.85,7.25,7.55,7353.0,0.0,1.342281879194626
2108,2019-07-11,NSE:RKDL,7.65,7.65,7.2,7.2,8108.0,-4.635761589403969,0.0
2109,2019-07-12,NSE:RKDL,7.05,7.55,7.05,7.4,2876.0,2.77777777777778,-4.635761589403969
2110,2019-07-15,NSE:RKDL,7.05,7.45,7.05,7.05,15719.0,-4.729729729729737,2.77777777777778
2111,2019-07-16,NSE:RKDL,6.8,6.95,6.7,6.9,5820.0,-2.127659574468078,-4.729729729729737
2112,2019-07-17,NSE:RKDL,7.2,7.2,6.85,7.0,1337.0,1.4492753623188355,-2.127659574468078
2113,2019-07-18,NSE:RKDL,6.85,7.2,6.65,6.7,10909.0,-4.285714285714283,1.4492753623188355
2114,2019-07-19,NSE:RKDL,6.7,6.9,6.6,6.6,4086.0,-1.4925373134328437,-4.285714285714283
2115,2019-07-22,NSE:RKDL,6.65,6.9,6.35,6.55,8564.0,-0.7575757575757549,-1.4925373134328437
2116,2019-07-23,NSE:RKDL,6.7,6.85,6.55,6.65,1658.0,1.5267175572519165,-0.7575757575757549
2117,2019-07-24,NSE:RKDL,6.65,6.7,6.55,6.6,552.0,-0.7518796992481309,1.5267175572519165
2118,2019-07-25,NSE:RKDL,6.7,6.85,6.4,6.55,7129.0,-0.7575757575757549,-0.7518796992481309
2119,2019-07-26,NSE:RKDL,6.5,6.75,6.4,6.6,2345.0,0.7633587786259515,-0.7575757575757549
2120,2019-07-29,NSE:RKDL,6.9,6.9,6.55,6.85,822.0,3.787878787878788,0.7633587786259515
2121,2019-07-30,NSE:RKDL,6.55,6.85,6.55,6.7,5510.0,-2.1897810218978027,3.787878787878788
2122,2019-07-31,NSE:RKDL,6.4,6.7,6.4,6.7,510.0,0.0,-2.1897810218978027
2123,2019-08-01,NSE:RKDL,6.7,6.8,6.4,6.7,351.0,0.0,0.0
2124,2019-08-02,NSE:RKDL,6.7,6.7,6.4,6.4,8320.0,-4.477611940298504,0.0
2125,2019-08-05,NSE:RKDL,6.4,6.65,6.1,6.6,1323.0,3.124999999999989,-4.477611940298504
2126,2019-08-06,NSE:RKDL,6.9,6.9,6.3,6.5,1580.0,-1.5151515151515098,3.124999999999989
2127,2019-08-07,NSE:RKDL,6.4,6.65,6.35,6.55,2675.0,0.7692307692307665,-1.5151515151515098
2128,2019-08-08,NSE:RKDL,6.6,6.6,6.15,6.5,840.0,-0.7633587786259515,0.7692307692307665
2129,2019-08-09,NSE:RKDL,7.0,7.0,6.25,6.65,11598.0,2.307692307692313,-0.7633587786259515
2130,2019-08-13,NSE:RKDL,6.2,6.7,6.2,6.45,7953.0,-3.0075187969924837,2.307692307692313
2131,2019-08-14,NSE:RKDL,6.15,7.05,6.15,7.05,4949.0,9.302325581395344,-3.0075187969924837
2132,2019-08-16,NSE:RKDL,6.35,6.85,6.35,6.75,531.0,-4.255319148936168,9.302325581395344
2133,2019-08-19,NSE:RKDL,6.75,7.35,6.5,7.0,1910.0,3.7037037037037033,-4.255319148936168
2134,2019-08-20,NSE:RKDL,6.4,7.35,6.4,6.75,2828.0,-3.571428571428571,3.7037037037037033
2135,2019-08-21,NSE:RKDL,6.55,7.15,6.5,7.0,8617.0,3.7037037037037033,-3.571428571428571
2136,2019-08-22,NSE:RKDL,6.55,7.1,6.5,7.1,1285.0,1.4285714285714235,3.7037037037037033
2137,2019-08-23,NSE:RKDL,6.55,7.1,6.55,6.95,424.0,-2.112676056338021,1.4285714285714235
2138,2019-08-26,NSE:RKDL,6.55,7.0,6.35,6.95,7151.0,0.0,-2.112676056338021
2139,2019-08-27,NSE:RKDL,6.55,7.25,6.55,6.6,6318.0,-5.0359712230215905,0.0
2140,2019-08-28,NSE:RKDL,6.15,7.15,6.15,6.85,12728.0,3.787878787878788,-5.0359712230215905
2141,2019-08-29,NSE:RKDL,6.4,6.95,6.4,6.5,3589.0,-5.109489051094886,3.787878787878788
2142,2019-08-30,NSE:RKDL,7.15,7.15,6.8,6.85,15150.0,5.38461538461538,-5.109489051094886
2143,2019-09-03,NSE:RKDL,6.75,7.4,6.5,6.7,7452.0,-2.1897810218978027,5.38461538461538
2144,2019-09-04,NSE:RKDL,7.15,7.35,6.5,7.0,3224.0,4.477611940298504,-2.1897810218978027
2145,2019-09-05,NSE:RKDL,6.35,7.2,6.35,7.0,752.0,0.0,4.477611940298504
2146,2019-09-06,NSE:RKDL,6.5,7.15,6.5,6.85,106.0,-2.142857142857148,0.0
2147,2019-09-09,NSE:RKDL,6.6,6.8,6.55,6.55,757.0,-4.379562043795618,-2.142857142857148
2148,2019-09-11,NSE:RKDL,6.25,6.85,6.25,6.85,959.0,4.580152671755722,-4.379562043795618
2149,2019-09-12,NSE:RKDL,7.15,7.15,6.6,6.9,2152.0,0.7299270072992805,4.580152671755722
2150,2019-09-13,NSE:RKDL,6.8,7.15,6.8,6.95,973.0,0.7246376811594177,0.7299270072992805
2151,2019-09-16,NSE:RKDL,6.75,7.25,6.65,7.25,3412.0,4.316546762589925,0.7246376811594177
2152,2019-09-17,NSE:RKDL,6.9,7.05,6.9,6.9,404.0,-4.827586206896547,4.316546762589925
2153,2019-09-18,NSE:RKDL,6.9,6.9,6.7,6.7,188.0,-2.898550724637684,-4.827586206896547
2154,2019-09-19,NSE:RKDL,6.7,7.0,6.65,6.65,445.0,-0.7462686567164152,-2.898550724637684
2155,2019-09-20,NSE:RKDL,6.35,6.95,6.35,6.95,2116.0,4.5112781954887184,-0.7462686567164152
2156,2019-09-23,NSE:RKDL,6.7,6.75,6.65,6.7,3843.0,-3.597122302158273,4.5112781954887184
2157,2019-09-24,NSE:RKDL,6.4,6.95,6.4,6.6,231.0,-1.4925373134328437,-3.597122302158273
2158,2019-09-25,NSE:RKDL,6.6,6.85,6.35,6.35,1188.0,-3.787878787878788,-1.4925373134328437
2159,2019-09-26,NSE:RKDL,6.2,6.2,6.2,6.2,402.0,-2.3622047244094406,-3.787878787878788
2160,2019-09-27,NSE:RKDL,6.1,6.5,6.1,6.4,945.0,3.2258064516129057,-2.3622047244094406
2161,2019-09-30,NSE:RKDL,6.3,6.3,6.3,6.3,100.0,-1.5625000000000084,3.2258064516129057
2162,2019-10-01,NSE:RKDL,6.3,6.6,6.05,6.6,1443.0,4.761904761904759,-1.5625000000000084
2163,2019-10-03,NSE:RKDL,6.9,6.9,6.3,6.3,1916.0,-4.545454545454543,4.761904761904759
2164,2019-10-04,NSE:RKDL,6.1,6.6,6.05,6.25,3454.0,-0.7936507936507908,-4.545454545454543
2165,2019-10-07,NSE:RKDL,6.5,6.5,6.5,6.5,2.0,4.0,-0.7936507936507908
2166,2019-10-09,NSE:RKDL,6.8,6.8,6.25,6.6,2859.0,1.538461538461533,4.0
2167,2019-10-10,NSE:RKDL,6.3,6.4,6.3,6.4,889.0,-3.0303030303030196,1.538461538461533
2168,2019-10-11,NSE:RKDL,6.4,6.4,6.1,6.35,952.0,-0.7812500000000111,-3.0303030303030196
2169,2019-10-14,NSE:RKDL,6.1,6.65,6.1,6.65,3113.0,4.72440944881891,-0.7812500000000111
2170,2019-10-15,NSE:RKDL,6.65,6.65,6.35,6.35,477.0,-4.511278195488732,4.72440944881891
2171,2019-10-16,NSE:RKDL,6.35,6.35,6.1,6.1,110.0,-3.937007874015748,-4.511278195488732
2172,2019-10-17,NSE:RKDL,6.05,6.05,6.05,6.05,500.0,-0.8196721311475381,-3.937007874015748
2173,2019-10-18,NSE:RKDL,6.05,6.35,5.8,6.0,5632.0,-0.8264462809917326,-0.8196721311475381
2174,2019-10-22,NSE:RKDL,5.7,6.25,5.7,5.9,5811.0,-1.6666666666666607,-0.8264462809917326
2175,2019-10-23,NSE:RKDL,5.95,5.95,5.65,5.65,1184.0,-4.23728813559322,-1.6666666666666607
2176,2019-10-24,NSE:RKDL,5.65,5.9,5.65,5.9,1315.0,4.424778761061947,-4.23728813559322
2177,2019-10-25,NSE:RKDL,6.15,6.15,5.6,6.1,2248.0,3.3898305084745637,4.424778761061947
2178,2019-10-29,NSE:RKDL,6.1,6.35,5.8,6.0,5607.0,-1.6393442622950762,3.3898305084745637
2179,2019-10-30,NSE:RKDL,5.75,6.1,5.75,6.0,6661.0,0.0,-1.6393442622950762
2180,2019-10-31,NSE:RKDL,6.0,6.3,5.7,6.3,2923.0,4.9999999999999964,0.0
2181,2019-11-01,NSE:RKDL,6.2,6.3,6.0,6.3,259.0,0.0,4.9999999999999964
2182,2019-11-04,NSE:RKDL,6.1,6.25,6.1,6.1,869.0,-3.174603174603177,0.0
2183,2019-11-05,NSE:RKDL,5.85,6.0,5.85,6.0,595.0,-1.6393442622950762,-3.174603174603177
2184,2019-11-06,NSE:RKDL,6.3,6.3,5.75,6.0,1055.0,0.0,-1.6393442622950762
2185,2019-11-07,NSE:RKDL,5.8,6.25,5.8,6.2,2117.0,3.333333333333336,0.0
2186,2019-11-08,NSE:RKDL,6.2,6.45,6.15,6.3,5589.0,1.6129032258064457,3.333333333333336
2187,2019-11-11,NSE:RKDL,6.2,6.4,6.0,6.0,3096.0,-4.761904761904759,1.6129032258064457
2188,2019-11-13,NSE:RKDL,5.8,6.3,5.8,6.15,3300.0,2.500000000000006,-4.761904761904759
2189,2019-11-14,NSE:RKDL,6.0,6.45,6.0,6.35,4489.0,3.2520325203251916,2.500000000000006
2190,2019-11-15,NSE:RKDL,6.45,6.45,6.1,6.25,1567.0,-1.5748031496062938,3.2520325203251916
2191,2019-11-18,NSE:RKDL,6.3,6.45,6.1,6.15,538.0,-1.5999999999999945,-1.5748031496062938
2192,2019-11-19,NSE:RKDL,6.45,6.45,6.0,6.35,9454.0,3.2520325203251916,-1.5999999999999945
2193,2019-11-20,NSE:RKDL,6.4,6.4,6.25,6.35,262.0,0.0,3.2520325203251916
2194,2019-11-21,NSE:RKDL,6.15,6.65,6.15,6.3,443.0,-0.7874015748031469,0.0
2195,2019-11-22,NSE:RKDL,6.05,6.4,6.0,6.0,2535.0,-4.761904761904759,-0.7874015748031469
2196,2019-11-25,NSE:RKDL,5.7,6.25,5.7,6.15,4944.0,2.500000000000006,-4.761904761904759
2197,2019-11-26,NSE:RKDL,6.4,6.4,5.85,5.85,1510.0,-4.878048780487816,2.500000000000006
2198,2019-11-27,NSE:RKDL,5.8,6.1,5.6,5.9,18475.0,0.854700854700867,-4.878048780487816
2199,2019-11-28,NSE:RKDL,5.9,6.1,5.7,5.85,7979.0,-0.847457627118656,0.854700854700867
2200,2019-11-29,NSE:RKDL,6.1,6.1,5.8,6.05,2756.0,3.4188034188034218,-0.847457627118656
2201,2019-12-02,NSE:RKDL,5.8,6.25,5.8,6.05,1721.0,0.0,3.4188034188034218
2202,2019-12-03,NSE:RKDL,5.75,6.3,5.75,5.75,9595.0,-4.958677685950411,0.0
2203,2019-12-04,NSE:RKDL,5.75,5.95,5.55,5.9,4972.0,2.6086956521739193,-4.958677685950411
2204,2019-12-05,NSE:RKDL,5.7,5.95,5.7,5.9,2154.0,0.0,2.6086956521739193
2205,2019-12-06,NSE:RKDL,6.45,6.45,5.5,5.85,9205.0,-0.847457627118656,0.0
2206,2019-12-09,NSE:RKDL,6.3,6.3,5.85,6.0,854.0,2.56410256410257,-0.847457627118656
2207,2019-12-10,NSE:RKDL,6.4,6.4,5.4,5.95,2911.0,-0.8333333333333304,2.56410256410257
2208,2019-12-11,NSE:RKDL,5.9,5.9,5.9,5.9,350.0,-0.8403361344537785,-0.8333333333333304
2209,2019-12-12,NSE:RKDL,5.4,6.0,5.4,5.75,5388.0,-2.542372881355938,-0.8403361344537785
2210,2019-12-13,NSE:RKDL,5.5,5.9,5.5,5.65,1166.0,-1.7391304347826024,-2.542372881355938
2211,2019-12-16,NSE:RKDL,5.6,5.6,5.6,5.6,1119.0,-0.8849557522124019,-1.7391304347826024
2212,2019-12-17,NSE:RKDL,5.6,5.95,5.3,5.9,15531.0,5.35714285714287,-0.8849557522124019
2213,2019-12-18,NSE:RKDL,5.95,5.95,5.55,5.6,16598.0,-5.084745762711876,5.35714285714287
2214,2019-12-19,NSE:RKDL,5.8,5.8,5.4,5.75,370.0,2.678571428571435,-5.084745762711876
2215,2019-12-20,NSE:RKDL,5.3,5.6,5.3,5.55,210.0,-3.4782608695652204,2.678571428571435
2216,2019-12-23,NSE:RKDL,5.5,5.8,5.35,5.7,1324.0,2.7027027027027093,-3.4782608695652204
2217,2019-12-24,NSE:RKDL,5.7,5.85,5.5,5.8,1691.0,1.7543859649122744,2.7027027027027093
2218,2019-12-26,NSE:RKDL,5.85,5.85,5.35,5.4,5737.0,-6.896551724137923,1.7543859649122744
2219,2019-12-27,NSE:RKDL,5.85,5.85,5.0,5.05,39466.0,-6.481481481481491,-6.896551724137923
2220,2019-12-30,NSE:RKDL,5.45,5.45,5.1,5.35,7605.0,5.940594059405938,-6.481481481481491
2221,2019-12-31,NSE:RKDL,5.4,5.4,5.15,5.35,2267.0,0.0,5.940594059405938
2222,2020-01-01,NSE:RKDL,5.15,5.5,5.15,5.25,4673.0,-1.8691588785046664,0.0
2223,2020-01-02,NSE:RKDL,5.25,5.45,5.05,5.3,25900.0,0.952380952380949,-1.8691588785046664
2224,2020-01-03,NSE:RKDL,5.3,5.8,5.05,5.35,12319.0,0.943396226415091,0.952380952380949
2225,2020-01-06,NSE:RKDL,5.35,5.75,5.05,5.3,13512.0,-0.9345794392523332,0.943396226415091
2226,2020-01-07,NSE:RKDL,5.35,5.65,5.25,5.5,10032.0,3.7735849056603805,-0.9345794392523332
2227,2020-01-08,NSE:RKDL,5.5,5.6,5.2,5.4,18769.0,-1.818181818181812,3.7735849056603805
2228,2020-01-09,NSE:RKDL,5.6,5.6,5.2,5.45,13649.0,0.9259259259259226,-1.818181818181812
2229,2020-01-10,NSE:RKDL,5.45,5.8,5.15,5.65,15003.0,3.6697247706422047,0.9259259259259226
2230,2020-01-13,NSE:RKDL,5.65,5.65,5.25,5.6,6977.0,-0.8849557522124019,3.6697247706422047
2231,2020-01-14,NSE:RKDL,5.8,5.8,5.25,5.3,7031.0,-5.357142857142854,-0.8849557522124019
2232,2020-01-15,NSE:RKDL,5.1,5.7,5.1,5.5,13670.0,3.7735849056603805,-5.357142857142854
2233,2020-01-16,NSE:RKDL,5.55,5.55,5.35,5.5,1540.0,0.0,3.7735849056603805
2234,2020-01-17,NSE:RKDL,5.9,5.9,5.15,5.45,5195.0,-0.909090909090906,0.0
2235,2020-01-20,NSE:RKDL,5.7,5.7,5.15,5.25,18033.0,-3.6697247706422047,-0.909090909090906
2236,2020-01-21,NSE:RKDL,5.25,5.45,5.25,5.45,3022.0,3.809523809523813,-3.6697247706422047
2237,2020-01-22,NSE:RKDL,5.4,5.4,5.25,5.3,1856.0,-2.752293577981658,3.809523809523813
2238,2020-01-23,NSE:RKDL,5.2,5.7,5.2,5.35,7042.0,0.943396226415091,-2.752293577981658
2239,2020-01-24,NSE:RKDL,5.5,5.5,5.3,5.45,4595.0,1.8691588785046829,0.943396226415091
2240,2020-01-27,NSE:RKDL,5.5,5.5,5.15,5.3,2573.0,-2.752293577981658,1.8691588785046829
2241,2020-01-28,NSE:RKDL,5.4,5.4,5.15,5.2,4644.0,-1.886792452830182,-2.752293577981658
2242,2020-01-29,NSE:RKDL,5.15,5.45,5.15,5.3,1936.0,1.9230769230769162,-1.886792452830182
2243,2020-01-30,NSE:RKDL,5.2,5.45,5.2,5.4,183.0,1.8867924528301987,1.9230769230769162
2244,2020-01-31,NSE:RKDL,5.35,5.35,5.1,5.3,651.0,-1.8518518518518614,1.8867924528301987
2245,2020-02-01,NSE:RKDL,5.1,5.4,5.05,5.35,2139.0,0.943396226415091,-1.8518518518518614
2246,2020-02-03,NSE:RKDL,5.35,5.35,5.0,5.25,2407.0,-1.8691588785046664,0.943396226415091
2247,2020-02-04,NSE:RKDL,5.25,5.25,4.85,5.0,5545.0,-4.761904761904762,-1.8691588785046664
2248,2020-02-05,NSE:RKDL,5.25,5.5,4.95,5.35,13813.0,6.999999999999992,-4.761904761904762
2249,2020-02-06,NSE:RKDL,5.35,5.7,5.2,5.35,10852.0,0.0,6.999999999999992
2250,2020-02-07,NSE:RKDL,5.55,5.65,5.4,5.55,3625.0,3.7383177570093498,0.0
2251,2020-02-10,NSE:RKDL,5.55,5.7,5.3,5.3,948.0,-4.504504504504505,3.7383177570093498
2252,2020-02-11,NSE:RKDL,5.3,5.3,5.05,5.15,5844.0,-2.830188679245273,-4.504504504504505
2253,2020-02-12,NSE:RKDL,5.5,6.15,5.15,6.15,37371.0,19.41747572815534,-2.830188679245273
2254,2020-02-13,NSE:RKDL,7.0,7.3,5.55,6.0,120662.0,-2.439024390243908,19.41747572815534
2255,2020-02-14,NSE:RKDL,6.65,7.15,5.3,6.25,66301.0,4.166666666666666,-2.439024390243908
2256,2020-02-17,NSE:RKDL,6.6,6.6,5.7,5.85,21082.0,-6.400000000000006,4.166666666666666
2257,2020-02-18,NSE:RKDL,5.75,5.85,5.25,5.55,7698.0,-5.128205128205125,-6.400000000000006
2258,2020-02-19,NSE:RKDL,5.55,5.7,5.35,5.5,5343.0,-0.9009009009008978,-5.128205128205125
2259,2020-02-20,NSE:RKDL,5.5,5.8,5.4,5.55,7401.0,0.909090909090906,-0.9009009009008978
2260,2020-02-24,NSE:RKDL,5.85,5.85,5.5,5.65,4422.0,1.8018018018018116,0.909090909090906
2261,2020-02-25,NSE:RKDL,5.5,5.65,5.4,5.6,2701.0,-0.8849557522124019,1.8018018018018116
2262,2020-02-26,NSE:RKDL,5.4,6.7,5.4,6.7,42462.0,19.642857142857153,-0.8849557522124019
2263,2020-02-27,NSE:RKDL,7.85,8.0,7.85,8.0,31940.0,19.402985074626862,19.642857142857153
2264,2020-02-28,NSE:RKDL,8.8,8.8,8.0,8.5,221907.0,6.25,19.402985074626862
2265,2020-03-02,NSE:RKDL,8.2,9.15,7.65,7.65,94438.0,-9.999999999999996,6.25
2266,2020-03-03,NSE:RKDL,7.0,8.0,6.9,6.9,69452.0,-9.803921568627452,-9.999999999999996
2267,2020-03-04,NSE:RKDL,6.9,7.25,6.25,6.3,26150.0,-8.69565217391305,-9.803921568627452
2268,2020-03-05,NSE:RKDL,6.1,6.4,6.0,6.2,15118.0,-1.5873015873015817,-8.69565217391305
2269,2020-03-06,NSE:RKDL,6.0,6.0,5.9,5.95,8123.0,-4.032258064516129,-1.5873015873015817
2270,2020-03-09,NSE:RKDL,6.15,6.15,5.7,5.75,4536.0,-3.3613445378151288,-4.032258064516129
2271,2020-03-11,NSE:RKDL,5.8,5.8,5.5,5.5,20493.0,-4.3478260869565215,-3.3613445378151288
2272,2020-03-12,NSE:RKDL,5.25,5.25,5.25,5.25,5065.0,-4.545454545454546,-4.3478260869565215
2273,2020-03-13,NSE:RKDL,5.0,5.5,5.0,5.0,44147.0,-4.761904761904762,-4.545454545454546
2274,2020-03-16,NSE:RKDL,5.0,5.0,4.75,4.8,24871.0,-4.0000000000000036,-4.761904761904762
2275,2020-03-17,NSE:RKDL,4.6,5.0,4.6,5.0,19573.0,4.1666666666666705,-4.0000000000000036
2276,2020-03-18,NSE:RKDL,5.25,5.25,4.75,4.75,25297.0,-5.0,4.1666666666666705
2277,2020-03-19,NSE:RKDL,4.7,4.75,4.55,4.55,21591.0,-4.210526315789478,-5.0
2278,2020-03-20,NSE:RKDL,4.55,4.75,4.35,4.75,21291.0,4.3956043956043995,-4.210526315789478
2279,2020-03-23,NSE:RKDL,4.85,4.95,4.55,4.65,12276.0,-2.1052631578947296,4.3956043956043995
2280,2020-03-24,NSE:RKDL,4.65,4.7,4.45,4.45,14193.0,-4.3010752688172085,-2.1052631578947296
2281,2020-03-25,NSE:RKDL,4.45,4.55,4.25,4.3,7845.0,-3.37078651685394,-4.3010752688172085
2282,2020-03-26,NSE:RKDL,4.15,4.5,4.1,4.5,6236.0,4.651162790697678,-3.37078651685394
2283,2020-03-27,NSE:RKDL,4.3,4.7,4.3,4.35,23744.0,-3.333333333333341,4.651162790697678
2284,2020-03-30,NSE:RKDL,4.55,4.55,4.15,4.15,32477.0,-4.597701149425271,-3.333333333333341
2285,2020-03-31,NSE:RKDL,4.35,4.35,4.05,4.3,4744.0,3.614457831325288,-4.597701149425271
2286,2020-04-01,NSE:RKDL,4.5,4.5,4.2,4.5,9064.0,4.651162790697678,3.614457831325288
2287,2020-04-03,NSE:RKDL,4.7,4.7,4.3,4.7,12457.0,4.444444444444448,4.651162790697678
2288,2020-04-07,NSE:RKDL,4.7,4.9,4.7,4.9,13429.0,4.255319148936174,4.444444444444448
2289,2020-04-08,NSE:RKDL,4.9,5.1,4.9,5.1,1955.0,4.0816326530612095,4.255319148936174
2290,2020-04-09,NSE:RKDL,5.35,5.35,5.35,5.35,1710.0,4.901960784313726,4.0816326530612095
2291,2020-04-13,NSE:RKDL,5.6,5.6,5.6,5.6,6566.0,4.672897196261683,4.901960784313726
2292,2020-04-15,NSE:RKDL,5.65,5.85,5.65,5.85,1625.0,4.464285714285714,4.672897196261683
2293,2020-04-16,NSE:RKDL,6.1,6.1,6.1,6.1,1294.0,4.273504273504273,4.464285714285714
2294,2020-04-17,NSE:RKDL,6.4,6.4,6.4,6.4,943.0,4.918032786885258,4.273504273504273
2295,2020-04-20,NSE:RKDL,6.7,6.7,6.7,6.7,804.0,4.687499999999997,4.918032786885258
2296,2020-04-21,NSE:RKDL,7.0,7.0,6.4,6.95,13098.0,3.731343283582089,4.687499999999997
2297,2020-04-22,NSE:RKDL,7.0,7.0,6.65,6.65,6659.0,-4.316546762589925,3.731343283582089
2298,2020-04-23,NSE:RKDL,6.35,6.45,6.35,6.35,11925.0,-4.511278195488732,-4.316546762589925
2299,2020-04-24,NSE:RKDL,6.4,6.65,6.05,6.05,6469.0,-4.724409448818895,-4.511278195488732
2300,2020-04-27,NSE:RKDL,6.05,6.3,6.05,6.2,15780.0,2.4793388429752126,-4.724409448818895
2301,2020-04-28,NSE:RKDL,6.0,6.5,6.0,6.3,4184.0,1.6129032258064457,2.4793388429752126
2302,2020-04-29,NSE:RKDL,6.5,6.5,6.05,6.35,7914.0,0.7936507936507908,1.6129032258064457
2303,2020-04-30,NSE:RKDL,6.3,6.5,6.1,6.2,11752.0,-2.3622047244094406,0.7936507936507908
2304,2020-05-04,NSE:RKDL,5.9,6.5,5.9,6.5,27482.0,4.838709677419352,-2.3622047244094406
2305,2020-05-05,NSE:RKDL,6.8,6.8,6.8,6.8,1809.0,4.615384615384613,4.838709677419352
2306,2020-05-06,NSE:RKDL,7.1,7.1,7.1,7.1,4868.0,4.411764705882351,4.615384615384613
2307,2020-05-07,NSE:RKDL,7.45,7.45,7.45,7.45,4510.0,4.92957746478874,4.411764705882351
2308,2020-05-08,NSE:RKDL,7.8,7.8,7.8,7.8,3264.0,4.6979865771812035,4.92957746478874
2309,2020-05-11,NSE:RKDL,8.15,8.15,8.15,8.15,5647.0,4.487179487179494,4.6979865771812035
2310,2020-05-12,NSE:RKDL,8.55,8.55,8.5,8.55,29292.0,4.907975460122704,4.487179487179494
2311,2020-05-13,NSE:RKDL,8.95,8.95,8.15,8.15,32755.0,-4.678362573099419,4.907975460122704
2312,2020-05-14,NSE:RKDL,7.75,7.75,7.75,7.75,5765.0,-4.907975460122704,-4.678362573099419
2313,2020-05-15,NSE:RKDL,7.4,7.4,7.4,7.4,9097.0,-4.5161290322580605,-4.907975460122704
2314,2020-05-18,NSE:RKDL,7.3,7.3,7.05,7.05,22768.0,-4.729729729729737,-4.5161290322580605
2315,2020-05-19,NSE:RKDL,6.7,7.4,6.7,7.15,31803.0,1.4184397163120643,-4.729729729729737
2316,2020-05-20,NSE:RKDL,6.85,7.45,6.85,7.05,9324.0,-1.398601398601406,1.4184397163120643
2317,2020-05-21,NSE:RKDL,7.2,7.35,6.7,6.9,24245.0,-2.127659574468078,-1.398601398601406
2318,2020-05-22,NSE:RKDL,7.1,7.1,6.85,7.0,9070.0,1.4492753623188355,-2.127659574468078
2319,2020-05-26,NSE:RKDL,6.7,7.3,6.7,7.0,8832.0,0.0,1.4492753623188355
2320,2020-05-27,NSE:RKDL,7.1,7.1,6.8,6.8,6314.0,-2.85714285714286,0.0
2321,2020-05-28,NSE:RKDL,6.95,7.1,6.9,7.1,18458.0,4.411764705882351,-2.85714285714286
2322,2020-05-29,NSE:RKDL,7.3,7.45,7.1,7.35,14748.0,3.5211267605633805,4.411764705882351
2323,2020-06-01,NSE:RKDL,7.45,7.7,7.25,7.5,14791.0,2.040816326530617,3.5211267605633805
2324,2020-06-02,NSE:RKDL,7.7,7.8,7.2,7.65,11103.0,2.000000000000005,2.040816326530617
2325,2020-06-03,NSE:RKDL,7.5,8.0,7.5,7.9,16727.0,3.2679738562091507,2.000000000000005
2326,2020-06-04,NSE:RKDL,7.9,8.25,7.6,8.1,27890.0,2.531645569620244,3.2679738562091507
2327,2020-06-05,NSE:RKDL,8.5,8.5,8.15,8.5,63312.0,4.938271604938276,2.531645569620244
2328,2020-06-08,NSE:RKDL,8.85,8.9,8.5,8.9,41464.0,4.70588235294118,4.938271604938276
2329,2020-06-09,NSE:RKDL,9.2,9.25,8.5,8.6,33241.0,-3.37078651685394,4.70588235294118
2330,2020-06-10,NSE:RKDL,8.85,8.85,8.2,8.25,39966.0,-4.069767441860462,-3.37078651685394
2331,2020-06-11,NSE:RKDL,8.35,8.35,7.85,8.05,6768.0,-2.4242424242424154,-4.069767441860462
2332,2020-06-12,NSE:RKDL,7.65,8.25,7.65,8.15,24468.0,1.242236024844716,-2.4242424242424154
2333,2020-06-15,NSE:RKDL,8.25,8.25,7.85,8.1,26418.0,-0.6134969325153461,1.242236024844716
2334,2020-06-16,NSE:RKDL,7.8,8.2,7.7,7.9,21324.0,-2.469135802469127,-0.6134969325153461
2335,2020-06-17,NSE:RKDL,8.1,8.1,7.55,7.65,16501.0,-3.164556962025316,-2.469135802469127
2336,2020-06-18,NSE:RKDL,7.65,7.8,7.55,7.7,5327.0,0.6535947712418277,-3.164556962025316
2337,2020-06-19,NSE:RKDL,7.7,8.0,7.6,7.85,33247.0,1.9480519480519412,0.6535947712418277
2338,2020-06-22,NSE:RKDL,8.15,8.15,7.6,7.95,21821.0,1.2738853503184782,1.9480519480519412
2339,2020-06-23,NSE:RKDL,8.1,8.3,7.65,8.3,47916.0,4.402515723270447,1.2738853503184782
2340,2020-06-24,NSE:RKDL,8.65,8.7,8.5,8.7,56218.0,4.819277108433717,4.402515723270447
2341,2020-06-25,NSE:RKDL,8.85,9.1,8.85,9.1,103926.0,4.597701149425292,4.819277108433717
2342,2020-06-26,NSE:RKDL,9.45,9.45,8.65,8.9,63548.0,-2.19780219780219,4.597701149425292
2343,2020-06-29,NSE:RKDL,9.05,9.2,8.5,8.5,27177.0,-4.494382022471914,-2.19780219780219
2344,2020-06-30,NSE:RKDL,8.2,8.4,8.1,8.1,15741.0,-4.70588235294118,-4.494382022471914
2345,2020-07-01,NSE:RKDL,8.5,8.5,7.8,8.15,23050.0,0.6172839506172928,-4.70588235294118
2346,2020-07-02,NSE:RKDL,8.3,8.45,7.95,8.25,52732.0,1.2269938650306704,0.6172839506172928
2347,2020-07-03,NSE:RKDL,8.05,8.35,7.9,8.2,7686.0,-0.6060606060606146,1.2269938650306704
2348,2020-07-06,NSE:RKDL,8.2,8.2,7.95,7.95,11686.0,-3.0487804878048674,-0.6060606060606146
2349,2020-07-07,NSE:RKDL,7.95,8.3,7.8,8.0,20036.0,0.6289308176100606,-3.0487804878048674
2350,2020-07-08,NSE:RKDL,7.65,8.35,7.65,8.1,19224.0,1.2499999999999956,0.6289308176100606
2351,2020-07-09,NSE:RKDL,8.4,8.4,7.95,8.0,12235.0,-1.2345679012345634,1.2499999999999956
2352,2020-07-10,NSE:RKDL,8.0,8.15,7.85,7.95,3556.0,-0.6249999999999978,-1.2345679012345634
2353,2020-07-13,NSE:RKDL,8.05,8.05,7.6,7.65,28972.0,-3.773584905660375,-0.6249999999999978
2354,2020-07-14,NSE:RKDL,7.35,7.6,7.3,7.3,10815.0,-4.575163398692817,-3.773584905660375
2355,2020-07-15,NSE:RKDL,7.3,7.6,7.3,7.35,12829.0,0.6849315068493127,-4.575163398692817
2356,2020-07-16,NSE:RKDL,7.0,7.65,7.0,7.3,10145.0,-0.6802721088435351,0.6849315068493127
2357,2020-07-17,NSE:RKDL,7.55,7.65,7.15,7.65,10537.0,4.794520547945213,-0.6802721088435351
2358,2020-07-20,NSE:RKDL,8.0,8.0,7.65,7.95,19330.0,3.9215686274509776,4.794520547945213
2359,2020-07-21,NSE:RKDL,8.3,8.3,7.8,7.8,6193.0,-1.8867924528301931,3.9215686274509776
2360,2020-07-22,NSE:RKDL,7.65,7.85,7.6,7.7,3176.0,-1.2820512820512775,-1.8867924528301931
2361,2020-07-23,NSE:RKDL,7.95,7.95,7.35,7.45,22344.0,-3.2467532467532463,-1.2820512820512775
2362,2020-07-24,NSE:RKDL,7.3,7.4,7.1,7.1,13412.0,-4.697986577181215,-3.2467532467532463
2363,2020-07-27,NSE:RKDL,7.1,7.1,6.75,6.9,7051.0,-2.8169014084506943,-4.697986577181215
2364,2020-07-28,NSE:RKDL,6.65,7.15,6.65,6.75,14780.0,-2.173913043478266,-2.8169014084506943
2365,2020-07-29,NSE:RKDL,7.05,7.05,6.6,6.95,11278.0,2.9629629629629655,-2.173913043478266
2366,2020-07-30,NSE:RKDL,6.9,7.2,6.7,6.85,10363.0,-1.438848920863317,2.9629629629629655
2367,2020-07-31,NSE:RKDL,6.9,6.9,6.65,6.8,10347.0,-0.7299270072992675,-1.438848920863317
2368,2020-08-03,NSE:RKDL,6.8,6.8,6.55,6.75,5027.0,-0.7352941176470562,-0.7299270072992675
2369,2020-08-04,NSE:RKDL,6.6,6.85,6.6,6.8,9438.0,0.740740740740738,-0.7352941176470562
2370,2020-08-05,NSE:RKDL,6.8,6.95,6.65,6.8,7142.0,0.0,0.740740740740738
2371,2020-08-06,NSE:RKDL,6.7,7.1,6.7,6.95,20146.0,2.205882352941182,0.0
2372,2020-08-07,NSE:RKDL,7.0,7.2,6.95,7.05,11249.0,1.4388489208633042,2.205882352941182
2373,2020-08-10,NSE:RKDL,6.55,7.55,6.55,7.1,30080.0,0.7092198581560258,1.4388489208633042
2374,2020-08-11,NSE:RKDL,7.3,7.45,6.8,7.0,7810.0,-1.4084507042253471,0.7092198581560258
2375,2020-08-12,NSE:RKDL,7.2,7.4,6.8,7.2,25664.0,2.85714285714286,-1.4084507042253471
2376,2020-08-13,NSE:RKDL,7.05,7.35,7.05,7.15,2641.0,-0.694444444444442,2.85714285714286
2377,2020-08-14,NSE:RKDL,7.15,7.15,6.9,7.05,8303.0,-1.398601398601406,-0.694444444444442
2378,2020-08-17,NSE:RKDL,7.5,7.5,6.95,7.2,11467.0,2.1276595744680904,-1.398601398601406
2379,2020-08-18,NSE:RKDL,7.2,7.25,7.0,7.1,11985.0,-1.3888888888888962,2.1276595744680904
2380,2020-08-19,NSE:RKDL,7.0,7.3,7.0,7.3,6637.0,2.8169014084507067,-1.3888888888888962
2381,2020-08-20,NSE:RKDL,7.45,7.45,6.85,7.25,36940.0,-0.6849315068493127,2.8169014084507067
2382,2020-08-21,NSE:RKDL,7.4,7.4,7.05,7.05,11559.0,-2.758620689655175,-0.6849315068493127
2383,2020-08-24,NSE:RKDL,7.35,7.35,7.05,7.2,18539.0,2.1276595744680904,-2.758620689655175
2384,2020-08-25,NSE:RKDL,7.45,7.9,7.25,7.9,118016.0,9.722222222222223,2.1276595744680904
2385,2020-08-26,NSE:RKDL,7.95,8.65,7.7,8.65,209138.0,9.493670886075948,9.722222222222223
2386,2020-08-27,NSE:RKDL,8.9,8.9,7.9,8.05,145486.0,-6.936416184971093,9.493670886075948
2387,2020-08-28,NSE:RKDL,8.35,8.4,7.5,7.8,79552.0,-3.105590062111812,-6.936416184971093
2388,2020-08-31,NSE:RKDL,8.05,8.05,7.1,7.2,23114.0,-7.692307692307689,-3.105590062111812
2389,2020-09-01,NSE:RKDL,7.05,7.65,6.65,6.9,23928.0,-4.166666666666664,-7.692307692307689
2390,2020-09-02,NSE:RKDL,6.95,7.05,6.8,6.85,14838.0,-0.7246376811594305,-4.166666666666664
2391,2020-09-03,NSE:RKDL,6.85,7.15,6.75,7.05,18677.0,2.919708029197083,-0.7246376811594305
2392,2020-09-04,NSE:RKDL,7.05,7.35,6.85,7.15,38735.0,1.4184397163120643,2.919708029197083
2393,2020-09-07,NSE:RKDL,7.45,7.45,7.05,7.35,13612.0,2.7972027972027873,1.4184397163120643
2394,2020-09-08,NSE:RKDL,7.45,7.7,7.2,7.7,49422.0,4.761904761904769,2.7972027972027873
2395,2020-09-09,NSE:RKDL,7.95,8.0,7.45,7.85,32553.0,1.9480519480519412,4.761904761904769
2396,2020-09-10,NSE:RKDL,7.95,7.95,7.7,7.7,9821.0,-1.9108280254777004,1.9480519480519412
2397,2020-09-11,NSE:RKDL,7.95,7.95,7.4,7.6,9138.0,-1.2987012987013056,-1.9108280254777004
2398,2020-09-14,NSE:RKDL,7.35,7.5,7.25,7.3,16728.0,-3.947368421052629,-1.2987012987013056
2399,2020-09-15,NSE:RKDL,7.55,7.55,7.1,7.15,9744.0,-2.054794520547938,-3.947368421052629
2400,2020-09-16,NSE:RKDL,7.35,7.35,7.0,7.05,6681.0,-1.398601398601406,-2.054794520547938
2401,2020-09-17,NSE:RKDL,7.35,7.35,6.9,7.0,6174.0,-0.7092198581560258,-1.398601398601406
2402,2020-09-18,NSE:RKDL,6.9,7.25,6.9,7.05,13495.0,0.7142857142857117,-0.7092198581560258
2403,2020-09-21,NSE:RKDL,7.4,7.4,6.9,6.95,11882.0,-1.4184397163120517,0.7142857142857117
2404,2020-09-22,NSE:RKDL,6.95,7.2,6.65,6.75,7956.0,-2.8776978417266212,-1.4184397163120517
2405,2020-09-23,NSE:RKDL,6.95,7.0,6.65,6.8,6638.0,0.740740740740738,-2.8776978417266212
2406,2020-09-24,NSE:RKDL,6.85,6.85,6.55,6.55,11559.0,-3.6764705882352944,0.740740740740738
2407,2020-09-25,NSE:RKDL,6.5,6.85,6.5,6.7,8191.0,2.290076335877868,-3.6764705882352944
2408,2020-09-28,NSE:RKDL,6.8,7.0,6.55,7.0,8083.0,4.477611940298504,2.290076335877868
2409,2020-09-29,NSE:RKDL,6.8,7.25,6.7,6.9,5996.0,-1.4285714285714235,4.477611940298504
2410,2020-09-30,NSE:RKDL,7.1,7.1,6.7,7.0,8122.0,1.4492753623188355,-1.4285714285714235
2411,2020-10-01,NSE:RKDL,6.85,7.2,6.85,6.85,2606.0,-2.142857142857148,1.4492753623188355
2412,2020-10-05,NSE:RKDL,6.85,6.95,6.6,6.75,6869.0,-1.459854014598535,-2.142857142857148
2413,2020-10-06,NSE:RKDL,7.0,7.0,6.55,6.6,10780.0,-2.2222222222222276,-1.459854014598535
2414,2020-10-07,NSE:RKDL,6.5,6.8,6.5,6.6,6301.0,0.0,-2.2222222222222276
2415,2020-10-08,NSE:RKDL,6.65,6.75,6.35,6.35,13421.0,-3.787878787878788,0.0
2416,2020-10-09,NSE:RKDL,6.4,6.75,6.4,6.7,6238.0,5.511811023622056,-3.787878787878788
2417,2020-10-12,NSE:RKDL,6.3,7.1,6.3,6.45,3344.0,-3.731343283582089,5.511811023622056
2418,2020-10-13,NSE:RKDL,6.35,6.75,6.25,6.6,1886.0,2.325581395348829,-3.731343283582089
2419,2020-10-14,NSE:RKDL,6.35,6.7,6.15,6.35,3119.0,-3.787878787878788,2.325581395348829
2420,2020-10-15,NSE:RKDL,6.55,6.6,6.15,6.25,3564.0,-1.5748031496062938,-3.787878787878788
2421,2020-10-16,NSE:RKDL,6.75,6.75,6.35,6.65,3916.0,6.400000000000006,-1.5748031496062938
2422,2020-10-19,NSE:RKDL,6.3,6.8,6.3,6.45,6999.0,-3.0075187969924837,6.400000000000006
2423,2020-10-20,NSE:RKDL,6.8,6.8,6.45,6.65,2852.0,3.1007751937984525,-3.0075187969924837
2424,2020-10-21,NSE:RKDL,6.3,6.7,6.3,6.6,10923.0,-0.7518796992481309,3.1007751937984525
2425,2020-10-22,NSE:RKDL,6.5,6.7,6.35,6.6,1991.0,0.0,-0.7518796992481309
2426,2020-10-23,NSE:RKDL,6.4,6.65,6.4,6.5,4205.0,-1.5151515151515098,0.0
2427,2020-10-26,NSE:RKDL,6.7,6.8,6.45,6.7,3519.0,3.0769230769230793,-1.5151515151515098
2428,2020-10-27,NSE:RKDL,6.7,6.7,6.4,6.5,1480.0,-2.9850746268656745,3.0769230769230793
2429,2020-10-28,NSE:RKDL,6.5,7.15,6.1,6.95,14946.0,6.923076923076926,-2.9850746268656745
2430,2020-10-29,NSE:RKDL,6.6,6.9,6.6,6.85,3130.0,-1.438848920863317,6.923076923076926
2431,2020-10-30,NSE:RKDL,6.45,6.65,6.2,6.3,9858.0,-8.029197080291969,-1.438848920863317
2432,2020-11-02,NSE:RKDL,6.2,6.35,6.0,6.3,23023.0,0.0,-8.029197080291969
2433,2020-11-03,NSE:RKDL,6.4,6.4,6.15,6.2,3914.0,-1.5873015873015817,0.0
2434,2020-11-04,NSE:RKDL,6.25,6.35,6.05,6.1,4111.0,-1.6129032258064602,-1.5873015873015817
2435,2020-11-05,NSE:RKDL,6.35,6.35,6.0,6.1,6969.0,0.0,-1.6129032258064602
2436,2020-11-06,NSE:RKDL,6.45,6.55,6.2,6.5,7033.0,6.557377049180333,0.0
2437,2020-11-09,NSE:RKDL,6.4,6.4,5.85,5.95,29684.0,-8.46153846153846,6.557377049180333
2438,2020-11-10,NSE:RKDL,5.75,6.15,5.7,6.1,31149.0,2.5210084033613356,-8.46153846153846
2439,2020-11-11,NSE:RKDL,6.25,6.25,6.0,6.05,9186.0,-0.8196721311475381,2.5210084033613356
2440,2020-11-12,NSE:RKDL,6.2,6.2,5.8,6.1,2500.0,0.8264462809917326,-0.8196721311475381
2441,2020-11-13,NSE:RKDL,6.0,6.1,5.75,6.05,6618.0,-0.8196721311475381,0.8264462809917326
2442,2020-11-14,NSE:RKDL,6.15,6.15,5.75,6.1,3636.0,0.8264462809917326,-0.8196721311475381
2443,2020-11-17,NSE:RKDL,6.3,6.3,5.95,6.0,8563.0,-1.6393442622950762,0.8264462809917326
2444,2020-11-18,NSE:RKDL,6.15,6.35,5.9,6.2,18161.0,3.333333333333336,-1.6393442622950762
2445,2020-11-19,NSE:RKDL,6.2,6.35,5.95,6.05,8936.0,-2.4193548387096833,3.333333333333336
2446,2020-11-20,NSE:RKDL,6.2,6.2,6.0,6.1,6527.0,0.8264462809917326,-2.4193548387096833
2447,2020-11-23,NSE:RKDL,6.1,6.6,6.0,6.25,16088.0,2.459016393442629,0.8264462809917326
2448,2020-11-24,NSE:RKDL,6.4,6.4,6.05,6.05,3517.0,-3.200000000000003,2.459016393442629
2449,2020-11-25,NSE:RKDL,6.05,6.4,6.05,6.25,5633.0,3.305785123966945,-3.200000000000003
2450,2020-11-26,NSE:RKDL,6.35,6.35,6.2,6.2,4424.0,-0.7999999999999973,3.305785123966945
2451,2020-11-27,NSE:RKDL,6.4,6.4,6.05,6.35,8964.0,2.4193548387096686,-0.7999999999999973
2452,2020-12-01,NSE:RKDL,6.4,6.4,6.05,6.3,7879.0,-0.7874015748031469,2.4193548387096686
2453,2020-12-02,NSE:RKDL,6.45,6.45,6.2,6.45,11915.0,2.3809523809523867,-0.7874015748031469
2454,2020-12-03,NSE:RKDL,6.55,6.55,6.15,6.5,33765.0,0.7751937984496096,2.3809523809523867
2455,2020-12-04,NSE:RKDL,6.7,7.0,6.35,6.9,16195.0,6.153846153846159,0.7751937984496096
2456,2020-12-07,NSE:RKDL,7.3,7.85,7.2,7.55,91909.0,9.420289855072456,6.153846153846159
2457,2020-12-08,NSE:RKDL,7.9,7.9,7.2,7.25,30733.0,-3.9735099337748316,9.420289855072456
2458,2020-12-09,NSE:RKDL,7.05,7.9,7.05,7.6,22276.0,4.827586206896547,-3.9735099337748316
2459,2020-12-10,NSE:RKDL,7.85,7.85,6.5,7.1,22615.0,-6.578947368421052,4.827586206896547
2460,2020-12-11,NSE:RKDL,7.35,8.4,7.25,8.15,94525.0,14.788732394366209,-6.578947368421052
2461,2020-12-14,NSE:RKDL,8.4,8.4,7.55,8.0,47674.0,-1.8404907975460165,14.788732394366209
2462,2020-12-15,NSE:RKDL,8.4,8.4,7.7,8.0,10040.0,0.0,-1.8404907975460165
2463,2020-12-16,NSE:RKDL,8.15,9.6,7.65,9.6,358469.0,19.999999999999996,0.0
2464,2020-12-17,NSE:RKDL,10.0,11.5,9.7,11.2,908667.0,16.666666666666664,19.999999999999996
2465,2020-12-18,NSE:RKDL,11.95,12.2,10.1,10.65,364793.0,-4.910714285714277,16.666666666666664
2466,2020-12-21,NSE:RKDL,11.0,11.0,10.15,10.15,66175.0,-4.694835680751173,-4.910714285714277
2467,2020-12-22,NSE:RKDL,9.7,10.0,9.65,9.65,30102.0,-4.926108374384236,-4.694835680751173
2468,2020-12-23,NSE:RKDL,9.65,10.1,9.2,9.55,79619.0,-1.0362694300518096,-4.926108374384236
2469,2020-12-24,NSE:RKDL,9.7,9.9,9.15,9.3,92321.0,-2.6178010471204183,-1.0362694300518096
2470,2020-12-28,NSE:RKDL,9.6,9.6,9.05,9.15,51018.0,-1.6129032258064553,-2.6178010471204183
2471,2020-12-29,NSE:RKDL,9.5,9.5,8.7,9.05,21334.0,-1.092896174863384,-1.6129032258064553
2472,2020-12-30,NSE:RKDL,9.25,9.45,8.7,9.3,36044.0,2.7624309392265194,-1.092896174863384
2473,2020-12-31,NSE:RKDL,9.2,9.5,8.95,9.3,10885.0,0.0,2.7624309392265194
2474,2021-01-01,NSE:RKDL,9.0,9.5,8.9,9.2,17652.0,-1.0752688172043163,0.0
2475,2021-01-04,NSE:RKDL,9.25,9.5,8.4,9.15,30042.0,-0.5434782608695536,-1.0752688172043163
2476,2021-01-05,NSE:RKDL,9.25,9.75,8.8,9.5,38985.0,3.8251366120218537,-0.5434782608695536
2477,2021-01-06,NSE:RKDL,9.4,9.5,9.15,9.2,21294.0,-3.157894736842113,3.8251366120218537
2478,2021-01-07,NSE:RKDL,9.75,10.1,9.05,10.1,99113.0,9.78260869565218,-3.157894736842113
2479,2021-01-08,NSE:RKDL,10.75,10.8,9.9,9.95,103173.0,-1.4851485148514887,9.78260869565218
2480,2021-01-11,NSE:RKDL,10.25,10.25,9.4,9.6,38170.0,-3.517587939698489,-1.4851485148514887
2481,2021-01-12,NSE:RKDL,9.7,9.7,9.15,9.3,30855.0,-3.124999999999989,-3.517587939698489
2482,2021-01-13,NSE:RKDL,9.2,9.85,9.0,9.1,30374.0,-2.1505376344086136,-3.124999999999989
2483,2021-01-14,NSE:RKDL,9.1,9.55,9.0,9.05,5144.0,-0.5494505494505377,-2.1505376344086136
2484,2021-01-15,NSE:RKDL,9.1,9.2,9.05,9.1,10931.0,0.552486187845292,-0.5494505494505377
2485,2021-01-18,NSE:RKDL,9.7,9.75,8.8,9.05,14620.0,-0.5494505494505377,0.552486187845292
2486,2021-01-19,NSE:RKDL,9.35,9.4,8.65,9.1,10429.0,0.552486187845292,-0.5494505494505377
2487,2021-01-20,NSE:RKDL,8.9,9.3,8.7,9.0,14539.0,-1.098901098901095,0.552486187845292
2488,2021-01-21,NSE:RKDL,9.2,9.5,8.5,8.65,75153.0,-3.888888888888885,-1.098901098901095
2489,2021-01-22,NSE:RKDL,8.8,9.05,8.5,8.8,6655.0,1.7341040462427786,-3.888888888888885
2490,2021-01-25,NSE:RKDL,8.95,8.95,8.4,8.4,8134.0,-4.545454545454549,1.7341040462427786
2491,2021-01-27,NSE:RKDL,8.95,8.95,8.05,8.35,5569.0,-0.5952380952381037,-4.545454545454549
2492,2021-01-28,NSE:RKDL,7.8,8.4,7.8,8.3,7899.0,-0.5988023952095681,-0.5952380952381037
2493,2021-01-29,NSE:RKDL,8.75,8.75,8.15,8.5,14818.0,2.4096385542168584,-0.5988023952095681
2494,2021-02-01,NSE:RKDL,9.0,9.0,8.05,8.3,17178.0,-2.35294117647058,2.4096385542168584
2495,2021-02-02,NSE:RKDL,8.5,8.7,8.15,8.35,8241.0,0.6024096385542039,-2.35294117647058
2496,2021-02-03,NSE:RKDL,8.55,8.95,8.15,8.35,14323.0,0.0,0.6024096385542039
2497,2021-02-04,NSE:RKDL,8.5,8.8,8.25,8.45,4570.0,1.1976047904191574,0.0
2498,2021-02-05,NSE:RKDL,8.35,8.65,8.15,8.25,12169.0,-2.3668639053254354,1.1976047904191574
2499,2021-02-08,NSE:RKDL,8.6,8.95,8.1,8.2,7610.0,-0.6060606060606146,-2.3668639053254354
2500,2021-02-09,NSE:RKDL,8.7,8.7,8.2,8.4,2984.0,2.4390243902439157,-0.6060606060606146
2501,2021-02-10,NSE:RKDL,8.15,8.45,8.05,8.1,3953.0,-3.5714285714285796,2.4390243902439157
2502,2021-02-11,NSE:RKDL,8.3,8.65,7.8,8.05,21386.0,-0.6172839506172708,-3.5714285714285796
2503,2021-02-12,NSE:RKDL,8.6,8.6,8.0,8.05,12950.0,0.0,-0.6172839506172708
2504,2021-02-15,NSE:RKDL,7.85,8.35,7.85,8.0,9623.0,-0.6211180124223691,0.0
2505,2021-02-16,NSE:RKDL,8.0,8.1,7.5,7.9,12361.0,-1.2499999999999956,-0.6211180124223691
2506,2021-02-17,NSE:RKDL,8.1,8.25,8.05,8.2,16483.0,3.797468354430366,-1.2499999999999956
2507,2021-02-18,NSE:RKDL,8.5,8.6,8.15,8.35,7398.0,1.8292682926829311,3.797468354430366
2508,2021-02-19,NSE:RKDL,8.3,8.3,7.75,7.95,29749.0,-4.790419161676641,1.8292682926829311
2509,2021-02-22,NSE:RKDL,8.2,8.2,7.85,8.0,2118.0,0.6289308176100606,-4.790419161676641
2510,2021-02-23,NSE:RKDL,8.0,8.0,7.65,7.8,2910.0,-2.500000000000002,0.6289308176100606
2511,2021-02-24,NSE:RKDL,7.75,7.9,7.35,7.35,6670.0,-5.769230769230772,-2.500000000000002
2512,2021-02-25,NSE:RKDL,7.85,8.0,7.6,7.85,16640.0,6.802721088435375,-5.769230769230772
2513,2021-02-26,NSE:RKDL,7.55,7.95,7.55,7.65,9166.0,-2.5477707006369337,6.802721088435375
2514,2021-03-01,NSE:RKDL,7.55,7.85,7.55,7.8,4825.0,1.9607843137254832,-2.5477707006369337
2515,2021-03-02,NSE:RKDL,7.9,7.9,7.15,7.7,17082.0,-1.2820512820512775,1.9607843137254832
2516,2021-03-03,NSE:RKDL,7.7,8.4,7.4,7.8,22397.0,1.298701298701294,-1.2820512820512775
2517,2021-03-04,NSE:RKDL,7.65,7.95,7.65,7.8,5275.0,0.0,1.298701298701294
2518,2021-03-05,NSE:RKDL,7.95,7.95,7.6,7.6,7393.0,-2.5641025641025665,0.0
2519,2021-03-08,NSE:RKDL,7.65,8.2,7.4,7.7,16228.0,1.3157894736842175,-2.5641025641025665
2520,2021-03-09,NSE:RKDL,7.9,7.9,7.45,7.6,6348.0,-1.2987012987013056,1.3157894736842175
2521,2021-03-10,NSE:RKDL,7.75,7.8,7.55,7.65,7790.0,0.6578947368421146,-1.2987012987013056
2522,2021-03-12,NSE:RKDL,7.8,7.8,7.35,7.65,7861.0,0.0,0.6578947368421146
2523,2021-03-15,NSE:RKDL,7.65,7.9,7.45,7.8,6471.0,1.9607843137254832,0.0
2524,2021-03-16,NSE:RKDL,7.95,8.4,7.65,8.35,64190.0,7.05128205128205,1.9607843137254832
2525,2021-03-17,NSE:RKDL,8.4,8.4,7.9,8.1,11199.0,-2.9940119760479043,7.05128205128205
2526,2021-03-18,NSE:RKDL,8.0,8.2,7.8,8.1,4092.0,0.0,-2.9940119760479043
2527,2021-03-19,NSE:RKDL,7.9,7.9,7.5,7.75,5499.0,-4.320987654320983,0.0
2528,2021-03-22,NSE:RKDL,8.0,8.1,7.5,7.7,12199.0,-0.6451612903225784,-4.320987654320983
2529,2021-03-23,NSE:RKDL,7.7,8.0,7.65,7.75,24955.0,0.649350649350647,-0.6451612903225784
2530,2021-03-24,NSE:RKDL,7.7,8.15,7.55,7.8,25124.0,0.6451612903225784,0.649350649350647
2531,2021-03-25,NSE:RKDL,7.75,7.75,7.5,7.55,4370.0,-3.2051282051282057,0.6451612903225784
2532,2021-03-26,NSE:RKDL,7.5,7.75,7.45,7.6,3435.0,0.6622516556291367,-3.2051282051282057
2533,2021-03-30,NSE:RKDL,7.75,7.75,7.45,7.5,2430.0,-1.315789473684206,0.6622516556291367
2534,2021-03-31,NSE:RKDL,7.55,7.9,7.4,7.4,5023.0,-1.3333333333333286,-1.315789473684206
2535,2021-04-01,NSE:RKDL,7.5,7.75,7.5,7.65,4938.0,3.378378378378378,-1.3333333333333286
2536,2021-04-05,NSE:RKDL,7.65,7.75,7.35,7.5,13196.0,-1.9607843137254948,3.378378378378378
2537,2021-04-06,NSE:RKDL,7.65,7.7,7.4,7.65,4136.0,2.000000000000005,-1.9607843137254948
2538,2021-04-07,NSE:RKDL,7.6,7.65,7.4,7.5,3064.0,-1.9607843137254948,2.000000000000005
2539,2021-04-08,NSE:RKDL,7.7,8.15,7.7,7.75,24587.0,3.3333333333333335,-1.9607843137254948
2540,2021-04-09,NSE:RKDL,7.65,7.95,7.55,7.9,4235.0,1.9354838709677464,3.3333333333333335
2541,2021-04-12,NSE:RKDL,8.1,8.1,7.55,7.75,20067.0,-1.8987341772151944,1.9354838709677464
2542,2021-04-13,NSE:RKDL,7.65,7.9,7.6,7.85,4975.0,1.2903225806451568,-1.8987341772151944
2543,2021-04-15,NSE:RKDL,7.7,8.0,7.45,7.8,9405.0,-0.6369426751592334,1.2903225806451568
2544,2021-04-16,NSE:RKDL,7.9,7.9,7.55,7.8,13699.0,0.0,-0.6369426751592334
2545,2021-04-19,NSE:RKDL,7.8,9.35,7.0,9.15,184162.0,17.307692307692317,0.0
2546,2021-04-20,NSE:RKDL,9.4,10.9,9.4,10.05,372948.0,9.836065573770496,17.307692307692317
2547,2021-04-22,NSE:RKDL,10.15,10.2,9.1,9.55,151152.0,-4.975124378109452,9.836065573770496
2548,2021-04-23,NSE:RKDL,9.8,10.5,8.1,9.65,244685.0,1.0471204188481638,-4.975124378109452
2549,2021-04-26,NSE:RKDL,9.9,10.3,9.25,9.65,28417.0,0.0,1.0471204188481638
2550,2021-04-27,NSE:RKDL,9.8,9.8,9.0,9.15,37783.0,-5.181347150259067,0.0
2551,2021-04-28,NSE:RKDL,9.15,9.5,9.0,9.15,30018.0,0.0,-5.181347150259067
2552,2021-04-29,NSE:RKDL,9.35,9.5,8.15,8.45,54497.0,-7.650273224043727,0.0
2553,2021-04-30,NSE:RKDL,8.95,9.1,8.5,8.8,17330.0,4.142011834319543,-7.650273224043727
2554,2021-05-03,NSE:RKDL,8.8,9.1,8.5,8.95,26976.0,1.7045454545454382,4.142011834319543
2555,2021-05-04,NSE:RKDL,9.0,9.15,8.65,8.9,12440.0,-0.5586592178770831,1.7045454545454382
2556,2021-05-05,NSE:RKDL,9.0,9.1,8.7,8.7,13901.0,-2.2471910112359668,-0.5586592178770831
2557,2021-05-06,NSE:RKDL,9.35,9.35,8.55,8.95,21763.0,2.873563218390805,-2.2471910112359668
2558,2021-05-07,NSE:RKDL,9.05,9.1,8.75,8.8,8245.0,-1.6759776536312692,2.873563218390805
2559,2021-05-10,NSE:RKDL,9.2,9.25,8.45,8.95,18562.0,1.7045454545454382,-1.6759776536312692
2560,2021-05-11,NSE:RKDL,9.0,9.25,8.6,9.1,57593.0,1.6759776536312891,1.7045454545454382
2561,2021-05-12,NSE:RKDL,9.35,9.35,8.9,9.05,27860.0,-0.5494505494505377,1.6759776536312891
2562,2021-05-14,NSE:RKDL,9.45,9.5,8.8,9.1,33549.0,0.552486187845292,-0.5494505494505377
2563,2021-05-17,NSE:RKDL,9.5,9.5,8.9,9.25,29040.0,1.6483516483516523,0.552486187845292
2564,2021-05-18,NSE:RKDL,9.25,9.45,8.95,9.1,15325.0,-1.6216216216216255,1.6483516483516523
2565,2021-05-19,NSE:RKDL,9.0,10.25,8.75,9.9,154549.0,8.791208791208799,-1.6216216216216255
2566,2021-05-20,NSE:RKDL,10.2,10.4,9.3,9.6,53436.0,-3.0303030303030374,8.791208791208799
2567,2021-05-21,NSE:RKDL,10.15,10.15,9.0,9.4,66929.0,-2.083333333333326,-3.0303030303030374
2568,2021-05-24,NSE:RKDL,9.65,9.7,9.2,9.6,15037.0,2.1276595744680775,-2.083333333333326
2569,2021-05-25,NSE:RKDL,10.1,10.1,9.55,9.6,56140.0,0.0,2.1276595744680775
2570,2021-05-26,NSE:RKDL,9.6,9.9,9.6,9.75,12915.0,1.5625000000000038,0.0
2571,2021-05-27,NSE:RKDL,10.1,10.1,9.6,9.7,18768.0,-0.5128205128205201,1.5625000000000038
2572,2021-05-28,NSE:RKDL,9.75,9.95,9.6,9.7,29355.0,0.0,-0.5128205128205201
2573,2021-05-31,NSE:RKDL,9.7,10.05,9.3,9.65,26153.0,-0.5154639175257623,0.0
2574,2021-06-01,NSE:RKDL,9.95,11.55,9.6,11.55,500162.0,19.68911917098446,-0.5154639175257623
2575,2021-06-02,NSE:RKDL,12.9,13.85,12.35,13.85,1279503.0,19.9134199134199,19.68911917098446
2576,2021-06-03,NSE:RKDL,14.7,15.2,13.0,13.85,1102279.0,0.0,19.9134199134199
2577,2021-06-04,NSE:RKDL,13.8,13.8,13.2,13.2,230665.0,-4.6931407942238295,0.0
2578,2021-06-07,NSE:RKDL,13.2,13.5,12.55,12.55,165272.0,-4.924242424242413,-4.6931407942238295
2579,2021-06-08,NSE:RKDL,12.7,12.95,11.95,12.5,121845.0,-0.3984063745019977,-4.924242424242413
2580,2021-06-09,NSE:RKDL,12.25,12.75,11.9,11.95,94236.0,-4.400000000000006,-0.3984063745019977
2581,2021-06-10,NSE:RKDL,11.4,12.1,11.4,11.9,86064.0,-0.4184100418409953,-4.400000000000006
2582,2021-06-11,NSE:RKDL,12.0,12.1,11.65,11.85,48112.0,-0.4201680672268967,-0.4184100418409953
2583,2021-06-14,NSE:RKDL,12.0,12.0,11.3,11.75,37027.0,-0.8438818565400814,-0.4201680672268967
2584,2021-06-15,NSE:RKDL,11.95,12.9,11.5,12.9,136778.0,9.787234042553195,-0.8438818565400814
2585,2021-06-16,NSE:RKDL,13.4,13.5,12.0,12.5,151593.0,-3.1007751937984525,9.787234042553195
2586,2021-06-17,NSE:RKDL,12.9,13.75,12.1,13.55,543721.0,8.400000000000006,-3.1007751937984525
2587,2021-06-18,NSE:RKDL,13.6,14.9,13.2,14.1,344310.0,4.059040590405896,8.400000000000006
2588,2021-06-21,NSE:RKDL,14.1,14.15,13.6,13.75,113435.0,-2.482269503546097,4.059040590405896
2589,2021-06-22,NSE:RKDL,14.0,14.35,12.75,13.2,179861.0,-4.000000000000005,-2.482269503546097
2590,2021-06-23,NSE:RKDL,13.5,13.6,12.35,12.8,118877.0,-3.0303030303030196,-4.000000000000005
2591,2021-06-24,NSE:RKDL,12.85,13.1,12.45,12.5,41438.0,-2.3437500000000053,-3.0303030303030196
2592,2021-06-25,NSE:RKDL,12.45,12.85,12.1,12.6,39185.0,0.7999999999999973,-2.3437500000000053
2593,2021-06-28,NSE:RKDL,12.35,12.8,12.0,12.25,68923.0,-2.777777777777775,0.7999999999999973
2594,2021-06-29,NSE:RKDL,12.05,12.35,11.9,11.9,58838.0,-2.857142857142854,-2.777777777777775
2595,2021-06-30,NSE:RKDL,12.25,12.8,12.0,12.5,66133.0,5.042016806722685,-2.857142857142854
2596,2021-07-01,NSE:RKDL,12.6,12.65,12.3,12.4,30354.0,-0.7999999999999973,5.042016806722685
2597,2021-07-02,NSE:RKDL,12.5,13.0,12.3,12.85,62854.0,3.6290322580645102,-0.7999999999999973
2598,2021-07-05,NSE:RKDL,12.95,12.95,12.35,12.7,40951.0,-1.167315175097279,3.6290322580645102
2599,2021-07-06,NSE:RKDL,12.65,12.95,12.4,12.5,45842.0,-1.5748031496062938,-1.167315175097279
2600,2021-07-07,NSE:RKDL,12.5,12.55,12.1,12.25,33592.0,-2.0,-1.5748031496062938
2601,2021-07-08,NSE:RKDL,12.25,13.1,12.2,12.85,48279.0,4.897959183673466,-2.0
2602,2021-07-09,NSE:RKDL,12.9,13.2,12.55,13.05,76178.0,1.5564202334630433,4.897959183673466
2603,2021-07-12,NSE:RKDL,12.8,13.35,12.65,12.85,47381.0,-1.5325670498084372,1.5564202334630433
2604,2021-07-13,NSE:RKDL,13.0,13.2,12.65,12.7,42748.0,-1.167315175097279,-1.5325670498084372
2605,2021-07-14,NSE:RKDL,12.95,13.95,12.35,13.95,254724.0,9.84251968503937,-1.167315175097279
2606,2021-07-15,NSE:RKDL,14.25,14.25,13.2,13.45,165948.0,-3.584229390681004,9.84251968503937
2607,2021-07-16,NSE:RKDL,13.55,13.55,12.8,12.95,61638.0,-3.717472118959108,-3.584229390681004
2608,2021-07-19,NSE:RKDL,13.0,14.2,12.5,14.2,333912.0,9.652509652509652,-3.717472118959108
2609,2021-07-20,NSE:RKDL,14.5,15.6,14.5,15.6,340065.0,9.859154929577468,9.652509652509652
2610,2021-07-22,NSE:RKDL,15.95,17.15,15.6,17.15,422861.0,9.935897435897429,9.859154929577468
2611,2021-07-23,NSE:RKDL,17.75,18.85,17.5,18.85,466843.0,9.912536443148705,9.935897435897429
2612,2021-07-26,NSE:RKDL,19.4,19.700001,17.950001,17.950001,534808.0,-4.774530503978785,9.912536443148705
2613,2021-07-27,NSE:RKDL,17.5,17.9,17.1,17.1,60207.0,-4.735381351789333,-4.774530503978785
2614,2021-07-28,NSE:RKDL,16.299999,16.5,16.25,16.25,34225.0,-4.970760233918137,-4.735381351789333
2615,2021-07-29,NSE:RKDL,15.45,15.45,15.45,15.45,15844.0,-4.923076923076927,-4.970760233918137
2616,2021-07-30,NSE:RKDL,14.7,14.7,14.7,14.7,28186.0,-4.854368932038835,-4.923076923076927
2617,2021-08-02,NSE:RKDL,14.05,15.4,14.05,15.4,70766.0,4.761904761904769,-4.854368932038835
2618,2021-08-03,NSE:RKDL,16.1,16.15,15.0,15.05,35701.0,-2.2727272727272703,4.761904761904769
2619,2021-08-04,NSE:RKDL,15.0,15.4,14.3,14.45,54598.0,-3.9867109634551587,-2.2727272727272703
2620,2021-08-05,NSE:RKDL,14.3,15.1,13.75,14.0,37807.0,-3.114186851211068,-3.9867109634551587
2621,2021-08-06,NSE:RKDL,14.5,14.5,13.4,14.25,16096.0,1.7857142857142856,-3.114186851211068
2622,2021-08-09,NSE:RKDL,14.5,14.5,13.65,14.05,20927.0,-1.4035087719298196,1.7857142857142856
2623,2021-08-10,NSE:RKDL,14.05,14.05,13.35,13.35,26584.0,-4.982206405693958,-1.4035087719298196
2624,2021-08-11,NSE:RKDL,13.0,13.75,12.8,12.9,27350.0,-3.3707865168539275,-4.982206405693958
2625,2021-08-12,NSE:RKDL,13.2,13.5,12.9,13.5,13099.0,4.651162790697672,-3.3707865168539275
2626,2021-08-13,NSE:RKDL,14.15,14.15,13.05,13.1,17699.0,-2.9629629629629655,4.651162790697672
2627,2021-08-16,NSE:RKDL,13.1,13.75,12.5,13.0,13164.0,-0.7633587786259515,-2.9629629629629655
2628,2021-08-17,NSE:RKDL,13.0,13.6,12.5,12.65,8056.0,-2.69230769230769,-0.7633587786259515
2629,2021-08-18,NSE:RKDL,13.25,13.25,12.1,12.65,15213.0,0.0,-2.69230769230769
2630,2021-08-20,NSE:RKDL,12.65,13.05,12.25,12.45,9232.0,-1.581027667984198,0.0
2631,2021-08-23,NSE:RKDL,12.3,13.0,11.85,11.85,13168.0,-4.819277108433733,-1.581027667984198
2632,2021-08-24,NSE:RKDL,12.4,12.4,11.55,12.4,16133.0,4.6413502109704705,-4.819277108433733
2633,2021-08-25,NSE:RKDL,12.45,12.85,11.95,12.35,5870.0,-0.4032258064516186,4.6413502109704705
2634,2021-08-26,NSE:RKDL,12.35,12.8,12.0,12.35,5534.0,0.0,-0.4032258064516186
2635,2021-08-27,NSE:RKDL,12.9,12.9,12.0,12.35,24422.0,0.0,0.0
2636,2021-08-30,NSE:RKDL,12.15,12.65,11.9,12.4,6686.0,0.4048582995951474,0.0
2637,2021-08-31,NSE:RKDL,12.0,12.6,12.0,12.35,13818.0,-0.4032258064516186,0.4048582995951474
2638,2021-09-01,NSE:RKDL,12.6,12.9,12.0,12.45,7914.0,0.8097165991902806,-0.4032258064516186
2639,2021-09-02,NSE:RKDL,12.6,12.6,12.0,12.35,44300.0,-0.8032128514056196,0.8097165991902806
2640,2021-09-03,NSE:RKDL,12.6,12.6,12.1,12.3,5946.0,-0.40485829959513314,-0.8032128514056196
2641,2021-09-06,NSE:RKDL,12.3,12.6,12.0,12.0,25160.0,-2.439024390243908,-0.40485829959513314
2642,2021-09-07,NSE:RKDL,12.6,12.6,12.05,12.2,11627.0,1.6666666666666607,-2.439024390243908
2643,2021-09-08,NSE:RKDL,12.45,12.45,12.05,12.2,6419.0,0.0,1.6666666666666607
2644,2021-09-09,NSE:RKDL,12.2,12.55,12.1,12.15,25143.0,-0.40983606557376173,0.0
2645,2021-09-13,NSE:RKDL,12.75,12.75,12.2,12.4,15996.0,2.05761316872428,-0.40983606557376173
2646,2021-09-14,NSE:RKDL,12.6,12.75,12.1,12.35,9995.0,-0.4032258064516186,2.05761316872428
2647,2021-09-15,NSE:RKDL,12.35,12.95,12.15,12.5,12610.0,1.2145748987854281,-0.4032258064516186
2648,2021-09-16,NSE:RKDL,12.75,12.85,12.5,12.7,15298.0,1.5999999999999945,1.2145748987854281
2649,2021-09-17,NSE:RKDL,12.9,12.9,12.15,12.35,37560.0,-2.755905511811021,1.5999999999999945
2650,2021-09-20,NSE:RKDL,12.35,12.45,11.75,12.05,6130.0,-2.4291497975708416,-2.755905511811021
2651,2021-09-21,NSE:RKDL,12.45,12.45,11.45,12.1,19867.0,0.41493775933609073,-2.4291497975708416
2652,2021-09-22,NSE:RKDL,12.55,12.55,12.0,12.15,14962.0,0.41322314049587366,0.41493775933609073
2653,2021-09-23,NSE:RKDL,12.05,12.4,12.05,12.25,22060.0,0.8230452674897091,0.41322314049587366
2654,2021-09-24,NSE:RKDL,12.45,12.45,12.1,12.35,21625.0,0.816326530612242,0.8230452674897091
2655,2021-09-27,NSE:RKDL,12.3,12.5,11.95,12.25,9792.0,-0.8097165991902806,0.816326530612242
2656,2021-09-28,NSE:RKDL,12.35,12.35,11.8,11.95,9780.0,-2.4489795918367405,-0.8097165991902806
2657,2021-09-29,NSE:RKDL,12.2,12.25,11.55,12.1,10891.0,1.2552301255230156,-2.4489795918367405
2658,2021-09-30,NSE:RKDL,12.1,12.2,11.6,12.0,7053.0,-0.8264462809917326,1.2552301255230156
2659,2021-10-01,NSE:RKDL,12.15,12.2,11.5,12.1,12694.0,0.8333333333333304,-0.8264462809917326
2660,2021-10-04,NSE:RKDL,12.0,12.5,11.7,12.2,7840.0,0.8264462809917326,0.8333333333333304
2661,2021-10-05,NSE:RKDL,12.0,12.45,11.9,12.3,9085.0,0.8196721311475527,0.8264462809917326
2662,2021-10-06,NSE:RKDL,12.5,12.5,12.05,12.25,5687.0,-0.40650406504065617,0.8196721311475527
2663,2021-10-07,NSE:RKDL,12.35,12.5,11.7,12.15,14705.0,-0.816326530612242,-0.40650406504065617
2664,2021-10-08,NSE:RKDL,12.4,12.5,12.0,12.3,9161.0,1.2345679012345707,-0.816326530612242
2665,2021-10-11,NSE:RKDL,12.55,12.75,12.0,12.65,35864.0,2.84552845528455,1.2345679012345707
2666,2021-10-12,NSE:RKDL,12.55,13.25,12.2,13.25,56804.0,4.743083003952566,2.84552845528455
2667,2021-10-13,NSE:RKDL,13.9,13.9,13.9,13.9,20651.0,4.905660377358493,4.743083003952566
2668,2021-10-14,NSE:RKDL,14.45,14.55,13.95,14.55,50273.0,4.676258992805757,4.905660377358493
2669,2021-10-18,NSE:RKDL,15.25,15.25,13.85,14.0,120250.0,-3.7800687285223415,4.676258992805757
2670,2021-10-19,NSE:RKDL,14.35,14.35,13.3,13.35,43640.0,-4.642857142857145,-3.7800687285223415
2671,2021-10-20,NSE:RKDL,13.65,13.65,12.7,12.75,35880.0,-4.494382022471908,-4.642857142857145
2672,2021-10-21,NSE:RKDL,12.75,13.15,12.55,12.75,16036.0,0.0,-4.494382022471908
2673,2021-10-22,NSE:RKDL,12.95,13.0,12.6,12.75,10922.0,0.0,0.0
2674,2021-10-25,NSE:RKDL,13.0,13.35,12.6,13.3,36295.0,4.3137254901960835,0.0
2675,2021-10-26,NSE:RKDL,13.7,13.9,13.35,13.8,35016.0,3.7593984962406015,4.3137254901960835
2676,2021-10-27,NSE:RKDL,13.8,13.85,13.15,13.15,11459.0,-4.710144927536234,3.7593984962406015
2677,2021-10-28,NSE:RKDL,13.8,13.8,13.0,13.0,12618.0,-1.1406844106463905,-4.710144927536234
2678,2021-10-29,NSE:RKDL,13.6,13.6,12.6,13.15,54933.0,1.1538461538461564,-1.1406844106463905
2679,2021-11-01,NSE:RKDL,13.6,13.8,12.75,13.8,80704.0,4.942965779467683,1.1538461538461564
2680,2021-11-02,NSE:RKDL,14.2,14.2,13.35,13.8,26195.0,0.0,4.942965779467683
2681,2021-11-03,NSE:RKDL,13.95,13.95,13.35,13.4,15861.0,-2.898550724637684,0.0
2682,2021-11-04,NSE:RKDL,13.85,13.85,13.05,13.3,6574.0,-0.7462686567164152,-2.898550724637684
2683,2021-11-08,NSE:RKDL,13.35,13.75,13.05,13.35,19527.0,0.3759398496240521,-0.7462686567164152
2684,2021-11-09,NSE:RKDL,13.6,13.65,12.7,12.7,81407.0,-4.868913857677906,0.3759398496240521
2685,2021-11-10,NSE:RKDL,12.95,13.25,12.1,12.1,92803.0,-4.724409448818895,-4.868913857677906
2686,2021-11-11,NSE:RKDL,12.35,12.4,11.5,11.8,124125.0,-2.479338842975198,-4.724409448818895
2687,2021-11-12,NSE:RKDL,11.75,12.3,11.75,12.1,32096.0,2.542372881355923,-2.479338842975198
2688,2021-11-15,NSE:RKDL,12.65,12.65,12.15,12.2,27956.0,0.8264462809917326,2.542372881355923
2689,2021-11-16,NSE:RKDL,12.5,12.5,11.7,12.1,12192.0,-0.8196721311475381,0.8264462809917326
2690,2021-11-17,NSE:RKDL,12.35,12.35,11.65,11.85,17672.0,-2.066115702479339,-0.8196721311475381
2691,2021-11-18,NSE:RKDL,11.65,12.15,11.5,11.55,13251.0,-2.531645569620244,-2.066115702479339
2692,2021-11-22,NSE:RKDL,11.3,12.1,11.0,11.25,13045.0,-2.5974025974026036,-2.531645569620244
2693,2021-11-29,NSE:RKDL,11.2,11.3,10.7,10.75,36430.0,-4.444444444444445,-2.5974025974026036
2694,2021-12-06,NSE:RKDL,10.25,10.25,10.25,10.25,15236.0,-4.651162790697675,-4.444444444444445
2695,2021-12-13,NSE:RKDL,9.75,9.75,9.75,9.75,64699.0,-4.878048780487805,-4.651162790697675
2696,2021-12-20,NSE:RKDL,10.2,10.2,9.3,9.3,9244.0,-4.615384615384608,-4.878048780487805
2697,2021-12-27,NSE:RKDL,8.85,8.85,8.85,8.85,29667.0,-4.838709677419366,-4.615384615384608
2698,2022-01-03,NSE:RKDL,8.45,9.25,8.45,9.25,93443.0,4.51977401129944,-4.838709677419366
2699,2022-01-10,NSE:RKDL,9.45,9.7,9.25,9.7,32305.0,4.864864864864858,4.51977401129944
2700,2022-01-17,NSE:RKDL,10.15,10.15,10.15,10.15,19338.0,4.63917525773197,4.864864864864858
2701,2022-01-24,NSE:RKDL,10.65,10.65,9.65,9.65,21091.0,-4.926108374384236,4.63917525773197
2702,2022-01-31,NSE:RKDL,9.6,9.6,9.2,9.2,8816.0,-4.663212435233172,-4.926108374384236
2703,2022-02-07,NSE:RKDL,9.2,9.35,8.75,8.75,57193.0,-4.89130434782608,-4.663212435233172
2704,2022-02-14,NSE:RKDL,8.75,8.75,8.35,8.35,25016.0,-4.571428571428576,-4.89130434782608
2705,2022-02-21,NSE:RKDL,8.35,8.75,7.95,7.95,16312.0,-4.790419161676641,-4.571428571428576
2706,2022-02-22,NSE:RKDL,8.3,8.3,7.65,8.3,46044.0,4.402515723270447,-4.790419161676641
2707,2022-02-23,NSE:RKDL,8.7,8.7,8.7,8.7,1399.0,4.819277108433717,4.402515723270447
2708,2022-02-24,NSE:RKDL,9.1,9.1,9.1,9.1,19357.0,4.597701149425292,4.819277108433717
2709,2022-02-25,NSE:RKDL,9.55,9.55,9.55,9.55,2819.0,4.945054945054957,4.597701149425292
2710,2022-02-28,NSE:RKDL,10.0,10.0,9.2,10.0,78584.0,4.712041884816746,4.945054945054957
2711,2022-03-02,NSE:RKDL,10.5,10.5,10.1,10.5,112691.0,5.0,4.712041884816746
2712,2022-03-03,NSE:RKDL,11.0,11.0,11.0,11.0,12684.0,4.761904761904762,5.0
2713,2022-03-04,NSE:RKDL,11.55,11.55,11.4,11.55,59438.0,5.000000000000006,4.761904761904762
2714,2022-03-07,NSE:RKDL,12.1,12.1,12.1,12.1,26698.0,4.761904761904753,5.000000000000006
2715,2022-03-08,NSE:RKDL,12.7,12.7,12.7,12.7,12857.0,4.958677685950411,4.761904761904753
2716,2022-03-09,NSE:RKDL,13.3,13.3,13.3,13.3,10149.0,4.72440944881891,4.958677685950411
2717,2022-03-10,NSE:RKDL,13.95,13.95,13.95,13.95,6809.0,4.887218045112771,4.72440944881891
2718,2022-03-11,NSE:RKDL,14.6,14.6,13.3,13.3,73998.0,-4.659498207885295,4.887218045112771
2719,2022-03-14,NSE:RKDL,12.65,12.65,12.65,12.65,4880.0,-4.8872180451127845,-4.659498207885295
2720,2022-03-15,NSE:RKDL,12.05,12.05,12.05,12.05,4024.0,-4.743083003952566,-4.8872180451127845
2721,2022-03-16,NSE:RKDL,11.6,11.6,11.45,11.45,12224.0,-4.979253112033207,-4.743083003952566
2722,2022-03-17,NSE:RKDL,10.9,10.9,10.9,10.9,20998.0,-4.803493449781651,-4.979253112033207
2723,2022-03-21,NSE:RKDL,10.4,10.4,10.4,10.4,21703.0,-4.587155963302751,-4.803493449781651
2724,2022-03-22,NSE:RKDL,9.9,10.9,9.9,10.9,88446.0,4.8076923076923075,-4.587155963302751
2725,2022-03-23,NSE:RKDL,11.05,11.35,10.4,10.6,69165.0,-2.752293577981658,4.8076923076923075
2726,2022-03-24,NSE:RKDL,10.15,11.1,10.1,10.3,8096.0,-2.830188679245273,-2.752293577981658
2727,2022-03-25,NSE:RKDL,10.65,10.8,9.95,10.0,26909.0,-2.9126213592233077,-2.830188679245273
2728,2022-03-28,NSE:RKDL,10.5,10.5,9.55,10.0,16508.0,0.0,-2.9126213592233077
2729,2022-03-29,NSE:RKDL,10.0,10.45,9.5,10.0,14989.0,0.0,0.0
2730,2022-03-30,NSE:RKDL,9.5,10.4,9.5,9.9,8454.0,-0.9999999999999963,0.0
2731,2022-03-31,NSE:RKDL,9.6,10.3,9.45,9.8,17018.0,-1.0101010101010066,-0.9999999999999963
2732,2022-04-01,NSE:RKDL,10.2,10.25,9.55,10.25,16404.0,4.59183673469387,-1.0101010101010066
2733,2022-04-04,NSE:RKDL,10.5,10.7,9.75,10.25,17791.0,0.0,4.59183673469387
2734,2022-04-05,NSE:RKDL,10.25,10.75,10.25,10.75,26321.0,4.878048780487805,0.0
2735,2022-04-06,NSE:RKDL,10.6,11.25,10.5,11.25,46997.0,4.651162790697675,4.878048780487805
2736,2022-04-07,NSE:RKDL,11.3,11.55,11.0,11.15,19030.0,-0.8888888888888857,4.651162790697675
2737,2022-04-08,NSE:RKDL,11.0,11.65,11.0,11.35,20090.0,1.793721973094164,-0.8888888888888857
2738,2022-04-11,NSE:RKDL,11.85,11.85,11.3,11.65,13697.0,2.643171806167407,1.793721973094164
2739,2022-04-12,NSE:RKDL,11.8,11.8,11.2,11.5,6283.0,-1.2875536480686725,2.643171806167407
2740,2022-04-13,NSE:RKDL,11.9,11.9,11.1,11.2,16819.0,-2.6086956521739193,-1.2875536480686725
2741,2022-04-18,NSE:RKDL,11.7,11.7,10.8,11.55,9012.0,3.1250000000000133,-2.6086956521739193
2742,2022-04-19,NSE:RKDL,11.9,12.05,11.35,11.6,25115.0,0.4329004329004236,3.1250000000000133
2743,2022-04-20,NSE:RKDL,11.5,12.15,11.25,11.55,12869.0,-0.4310344827586115,0.4329004329004236
2744,2022-04-21,NSE:RKDL,11.45,12.1,11.2,11.5,2881.0,-0.43290043290043906,-0.4310344827586115
2745,2022-04-22,NSE:RKDL,11.9,11.9,11.2,11.45,5996.0,-0.4347826086956583,-0.43290043290043906
2746,2022-04-25,NSE:RKDL,11.45,11.9,10.9,11.4,14445.0,-0.4366812227074143,-0.4347826086956583
2747,2022-04-26,NSE:RKDL,11.4,11.95,11.3,11.9,24425.0,4.385964912280701,-0.4366812227074143
2748,2022-04-27,NSE:RKDL,11.85,12.45,11.6,12.0,28396.0,0.8403361344537785,4.385964912280701
2749,2022-04-28,NSE:RKDL,12.0,12.5,11.45,11.75,9325.0,-2.083333333333333,0.8403361344537785
2750,2022-04-29,NSE:RKDL,12.0,12.0,11.25,11.3,12965.0,-3.8297872340425467,-2.083333333333333
2751,2022-05-02,NSE:RKDL,10.8,11.8,10.8,11.0,6556.0,-2.6548672566371745,-3.8297872340425467
2752,2022-05-04,NSE:RKDL,11.25,11.5,10.45,10.85,12176.0,-1.3636363636363669,-2.6548672566371745
2753,2022-05-05,NSE:RKDL,11.3,11.3,10.55,10.75,8075.0,-0.9216589861751119,-1.3636363636363669
2754,2022-05-06,NSE:RKDL,10.75,11.1,10.25,10.3,13883.0,-4.186046511627901,-0.9216589861751119
2755,2022-05-09,NSE:RKDL,10.7,10.7,10.4,10.5,7115.0,1.941747572815527,-4.186046511627901
2756,2022-05-10,NSE:RKDL,10.85,10.85,10.0,10.05,5849.0,-4.2857142857142785,1.941747572815527
2757,2022-05-11,NSE:RKDL,9.7,10.5,9.65,10.25,6732.0,1.9900497512437738,-4.2857142857142785
2758,2022-05-12,NSE:RKDL,10.2,10.2,9.75,10.0,4653.0,-2.4390243902439024,1.9900497512437738
2759,2022-05-13,NSE:RKDL,10.2,10.4,9.7,10.2,3510.0,1.9999999999999927,-2.4390243902439024
2760,2022-05-16,NSE:RKDL,10.25,10.5,9.8,10.1,4758.0,-0.9803921568627416,1.9999999999999927
2761,2022-05-17,NSE:RKDL,9.9,10.4,9.85,10.15,3995.0,0.4950495049505021,-0.9803921568627416
2762,2022-05-18,NSE:RKDL,10.35,10.6,10.05,10.35,5232.0,1.9704433497536877,0.4950495049505021
2763,2022-05-19,NSE:RKDL,10.0,10.35,9.85,9.85,8354.0,-4.830917874396135,1.9704433497536877
2764,2022-05-20,NSE:RKDL,10.1,10.15,9.75,9.8,10032.0,-0.5076142131979587,-4.830917874396135
2765,2022-05-23,NSE:RKDL,10.2,10.2,9.6,10.0,4622.0,2.0408163265306047,-0.5076142131979587
2766,2022-05-24,NSE:RKDL,10.1,10.1,9.65,9.8,8288.0,-1.9999999999999927,2.0408163265306047
2767,2022-05-25,NSE:RKDL,9.85,9.85,9.35,9.55,6376.0,-2.551020408163265,-1.9999999999999927
2768,2022-05-26,NSE:RKDL,9.7,9.7,9.1,9.15,11085.0,-4.188481675392674,-2.551020408163265
2769,2022-05-27,NSE:RKDL,9.4,9.5,9.0,9.5,14729.0,3.8251366120218537,-4.188481675392674
2770,2022-05-30,NSE:RKDL,9.95,9.95,9.95,9.95,8332.0,4.73684210526315,3.8251366120218537
2771,2022-05-31,NSE:RKDL,10.3,10.4,10.3,10.4,14619.0,4.522613065326644,4.73684210526315
2772,2022-06-01,NSE:RKDL,10.9,10.9,10.9,10.9,4788.0,4.8076923076923075,4.522613065326644
2773,2022-06-02,NSE:RKDL,11.4,11.4,11.4,11.4,5636.0,4.587155963302751,4.8076923076923075
2774,2022-06-03,NSE:RKDL,11.95,11.95,11.95,11.95,3474.0,4.8245614035087625,4.587155963302751
2775,2022-06-06,NSE:RKDL,12.3,12.5,11.4,11.4,27792.0,-4.602510460251037,4.8245614035087625
2776,2022-06-07,NSE:RKDL,11.0,11.0,10.85,10.85,1622.0,-4.824561403508778,-4.602510460251037
2777,2022-06-08,NSE:RKDL,10.35,11.35,10.35,11.15,20689.0,2.7649769585253523,-4.824561403508778
2778,2022-06-09,NSE:RKDL,11.5,11.7,11.0,11.65,12629.0,4.484304932735426,2.7649769585253523
2779,2022-06-10,NSE:RKDL,12.1,12.1,11.4,11.45,11507.0,-1.7167381974249016,4.484304932735426
2780,2022-06-13,NSE:RKDL,11.1,11.95,10.9,10.9,6598.0,-4.803493449781651,-1.7167381974249016
2781,2022-06-14,NSE:RKDL,11.4,11.4,10.4,11.3,8577.0,3.6697247706422047,-4.803493449781651
2782,2022-06-15,NSE:RKDL,11.5,11.5,10.75,10.8,2462.0,-4.424778761061947,3.6697247706422047
2783,2022-06-16,NSE:RKDL,11.1,11.15,10.3,10.6,7298.0,-1.8518518518518614,-4.424778761061947
2784,2022-06-17,NSE:RKDL,10.9,10.9,10.1,10.55,2646.0,-0.4716981132075371,-1.8518518518518614
2785,2022-06-20,NSE:RKDL,10.2,10.85,10.05,10.25,12601.0,-2.8436018957346034,-0.4716981132075371
2786,2022-06-21,NSE:RKDL,9.75,10.5,9.75,10.0,10453.0,-2.4390243902439024,-2.8436018957346034
2787,2022-06-22,NSE:RKDL,10.4,10.4,9.75,10.2,2685.0,1.9999999999999927,-2.4390243902439024
2788,2022-06-23,NSE:RKDL,10.7,10.7,9.85,10.0,1633.0,-1.9607843137254832,1.9999999999999927
2789,2022-06-24,NSE:RKDL,10.3,10.5,9.95,10.35,7057.0,3.499999999999996,-1.9607843137254832
2790,2022-06-27,NSE:RKDL,10.7,10.8,9.95,10.2,10905.0,-1.4492753623188441,3.499999999999996
2791,2022-06-28,NSE:RKDL,10.0,10.55,9.85,10.05,20404.0,-1.4705882352941038,-1.4492753623188441
2792,2022-06-29,NSE:RKDL,10.5,10.5,9.9,10.05,3486.0,0.0,-1.4705882352941038
2793,2022-06-30,NSE:RKDL,10.25,10.3,9.55,9.6,35297.0,-4.477611940298518,0.0
2794,2022-07-01,NSE:RKDL,9.8,9.8,9.3,9.7,4740.0,1.041666666666663,-4.477611940298518
2795,2022-07-04,NSE:RKDL,9.9,10.15,9.4,9.95,13098.0,2.577319587628866,1.041666666666663
2796,2022-07-05,NSE:RKDL,10.15,10.15,9.5,9.65,30423.0,-3.0150753768844116,2.577319587628866
2797,2022-07-06,NSE:RKDL,9.85,9.85,9.5,9.65,3620.0,0.0,-3.0150753768844116
2798,2022-07-07,NSE:RKDL,9.8,9.9,9.5,9.8,8165.0,1.5544041450777237,0.0
2799,2022-07-08,NSE:RKDL,10.1,10.1,9.6,9.65,2849.0,-1.5306122448979627,1.5544041450777237
2800,2022-07-11,NSE:RKDL,10.1,10.1,9.65,9.9,10018.0,2.5906735751295336,-1.5306122448979627
2801,2022-07-12,NSE:RKDL,9.95,9.95,9.75,9.9,869.0,0.0,2.5906735751295336
2802,2022-07-13,NSE:RKDL,9.9,9.9,9.6,9.75,7992.0,-1.5151515151515187,0.0
2803,2022-07-14,NSE:RKDL,10.2,10.2,9.75,9.95,3884.0,2.051282051282044,-1.5151515151515187
2804,2022-07-15,NSE:RKDL,10.0,10.15,9.7,9.7,15311.0,-2.512562814070352,2.051282051282044
2805,2022-07-18,NSE:RKDL,9.7,9.9,9.3,9.85,7648.0,1.5463917525773232,-2.512562814070352
2806,2022-07-19,NSE:RKDL,9.9,9.9,9.65,9.7,3934.0,-1.5228426395939123,1.5463917525773232
2807,2022-07-20,NSE:RKDL,9.9,9.9,9.7,9.75,6960.0,0.5154639175257806,-1.5228426395939123
2808,2022-07-21,NSE:RKDL,9.85,9.85,9.7,9.75,10910.0,0.0,0.5154639175257806
2809,2022-07-22,NSE:RKDL,9.85,10.2,9.65,9.75,12348.0,0.0,0.0
2810,2022-07-25,NSE:RKDL,10.2,10.2,9.75,9.8,4833.0,0.5128205128205201,0.0
2811,2022-07-26,NSE:RKDL,10.0,10.0,9.65,9.85,7520.0,0.5102040816326422,0.5128205128205201
2812,2022-07-27,NSE:RKDL,9.85,9.9,9.65,9.75,5792.0,-1.0152284263959355,0.5102040816326422
2813,2022-07-28,NSE:RKDL,9.85,10.1,9.65,9.95,10309.0,2.051282051282044,-1.0152284263959355
2814,2022-07-29,NSE:RKDL,9.85,10.4,9.75,10.1,15499.0,1.507537688442215,2.051282051282044
2815,2022-08-01,NSE:RKDL,10.3,10.5,10.05,10.4,10716.0,2.9702970297029774,1.507537688442215
2816,2022-08-02,NSE:RKDL,10.45,10.9,10.05,10.9,25609.0,4.8076923076923075,2.9702970297029774
2817,2022-08-03,NSE:RKDL,11.4,11.4,10.65,11.3,39460.0,3.6697247706422047,4.8076923076923075
2818,2022-08-04,NSE:RKDL,11.55,11.85,11.3,11.7,4931.0,3.539823008849545,3.6697247706422047
2819,2022-08-05,NSE:RKDL,11.75,12.1,11.3,11.4,6023.0,-2.564102564102555,3.539823008849545
2820,2022-08-08,NSE:RKDL,11.5,11.55,10.5,10.6,5261.0,-7.0175438596491295,-2.564102564102555
2821,2022-08-10,NSE:RKDL,11.65,11.65,10.6,11.65,87380.0,9.905660377358497,-7.0175438596491295
2822,2022-08-11,NSE:RKDL,11.9,11.9,10.75,11.1,37191.0,-4.721030042918461,9.905660377358497
2823,2022-08-12,NSE:RKDL,11.65,11.65,10.55,11.25,16328.0,1.3513513513513546,-4.721030042918461
2824,2022-08-16,NSE:RKDL,11.3,12.25,10.45,10.85,33785.0,-3.555555555555559,1.3513513513513546
2825,2022-08-17,NSE:RKDL,11.7,11.9,10.6,11.7,46692.0,7.834101382488476,-3.555555555555559
2826,2022-08-18,NSE:RKDL,12.35,12.35,10.8,11.0,81747.0,-5.982905982905977,7.834101382488476
2827,2022-08-19,NSE:RKDL,11.25,11.25,10.75,10.9,34438.0,-0.909090909090906,-5.982905982905977
2828,2022-08-22,NSE:RKDL,11.05,11.15,10.75,10.95,22662.0,0.45871559633026543,-0.909090909090906
2829,2022-08-23,NSE:RKDL,11.75,11.75,11.05,11.45,58579.0,4.566210045662101,0.45871559633026543
2830,2022-08-24,NSE:RKDL,11.5,11.6,10.35,11.25,33121.0,-1.7467248908296884,4.566210045662101
2831,2022-08-25,NSE:RKDL,11.5,12.35,11.05,12.35,113330.0,9.777777777777775,-1.7467248908296884
2832,2022-08-26,NSE:RKDL,13.0,13.55,12.5,13.55,179975.0,9.716599190283409,9.777777777777775
2833,2022-08-29,NSE:RKDL,13.35,14.45,12.6,14.15,178209.0,4.428044280442801,9.716599190283409
2834,2022-08-30,NSE:RKDL,14.15,14.6,13.45,13.45,91552.0,-4.946996466431103,4.428044280442801
2835,2022-09-01,NSE:RKDL,13.0,13.9,12.8,13.3,123223.0,-1.115241635687722,-4.946996466431103
2836,2022-09-02,NSE:RKDL,13.7,13.7,12.8,13.05,50744.0,-1.8796992481203008,-1.115241635687722
2837,2022-09-05,NSE:RKDL,13.35,13.7,12.95,13.5,45692.0,3.44827586206896,-1.8796992481203008
2838,2022-09-06,NSE:RKDL,13.15,13.9,13.15,13.75,44306.0,1.8518518518518516,3.44827586206896
2839,2022-09-07,NSE:RKDL,13.5,13.75,13.15,13.25,28640.0,-3.6363636363636362,1.8518518518518516
2840,2022-09-08,NSE:RKDL,13.75,13.75,12.85,12.9,24267.0,-2.6415094339622613,-3.6363636363636362
2841,2022-09-09,NSE:RKDL,13.3,13.3,12.6,13.05,18357.0,1.1627906976744213,-2.6415094339622613
2842,2022-09-12,NSE:RKDL,13.05,13.6,12.9,13.1,40289.0,0.38314176245209913,1.1627906976744213
2843,2022-09-13,NSE:RKDL,13.45,13.75,13.05,13.15,48030.0,0.38167938931298256,0.38314176245209913
2844,2022-09-14,NSE:RKDL,13.4,13.4,12.9,13.0,45579.0,-1.1406844106463905,0.38167938931298256
2845,2022-09-15,NSE:RKDL,12.9,13.35,12.6,12.95,10420.0,-0.3846153846153901,-1.1406844106463905
2846,2022-09-16,NSE:RKDL,12.9,13.2,12.45,12.75,19694.0,-1.544401544401539,-0.3846153846153901
2847,2022-09-19,NSE:RKDL,13.05,13.15,12.6,12.7,6199.0,-0.3921568627451036,-1.544401544401539
2848,2022-09-20,NSE:RKDL,12.7,13.3,12.4,13.3,22343.0,4.72440944881891,-0.3921568627451036
2849,2022-09-21,NSE:RKDL,13.6,13.6,12.85,13.15,12992.0,-1.127819548872183,4.72440944881891
2850,2022-09-22,NSE:RKDL,13.6,13.6,12.9,13.25,15348.0,0.7604562737642558,-1.127819548872183
2851,2022-09-23,NSE:RKDL,13.55,13.55,12.95,13.0,21217.0,-1.8867924528301887,0.7604562737642558
2852,2022-09-26,NSE:RKDL,13.35,13.35,12.35,12.4,22834.0,-4.615384615384613,-1.8867924528301887
2853,2022-09-27,NSE:RKDL,12.9,13.0,12.0,13.0,37168.0,4.838709677419352,-4.615384615384613
2854,2022-09-28,NSE:RKDL,13.2,13.65,12.7,13.65,63066.0,5.000000000000003,4.838709677419352
2855,2022-09-29,NSE:RKDL,14.3,14.3,13.3,13.4,83120.0,-1.8315018315018317,5.000000000000003
2856,2022-09-30,NSE:RKDL,13.3,13.95,13.1,13.55,44080.0,1.1194029850746294,-1.8315018315018317
2857,2022-10-03,NSE:RKDL,13.1,14.15,13.1,13.6,24066.0,0.3690036900368925,1.1194029850746294
2858,2022-10-04,NSE:RKDL,14.0,14.25,13.75,14.15,48898.0,4.044117647058829,0.3690036900368925
2859,2022-10-06,NSE:RKDL,14.25,14.85,14.25,14.85,49867.0,4.946996466431091,4.044117647058829
2860,2022-10-07,NSE:RKDL,15.55,15.55,15.55,15.55,9800.0,4.713804713804721,4.946996466431091
2861,2022-10-10,NSE:RKDL,16.299999,16.299999,16.299999,16.299999,20603.0,4.823144694533756,4.713804713804721
2862,2022-10-11,NSE:RKDL,17.1,17.1,17.1,17.1,21332.0,4.907981896195219,4.823144694533756
2863,2022-10-12,NSE:RKDL,17.950001,17.950001,16.549999,17.950001,307700.0,4.970766081871338,4.907981896195219
2864,2022-10-13,NSE:RKDL,18.4,18.799999,17.65,18.799999,210343.0,4.7353646386983455,4.970766081871338
2865,2022-10-14,NSE:RKDL,19.700001,19.700001,18.65,19.700001,81890.0,4.7872449354917554,4.7353646386983455
2866,2022-10-17,NSE:RKDL,19.85,20.65,19.85,20.65,91595.0,4.82232970445026,4.7872449354917554
2867,2022-10-18,NSE:RKDL,21.299999,21.65,21.0,21.65,71699.0,4.842615012106538,4.82232970445026
2868,2022-10-19,NSE:RKDL,22.700001,22.700001,22.700001,22.700001,19577.0,4.849889145496544,4.842615012106538
2869,2022-10-20,NSE:RKDL,23.799999,23.799999,21.6,21.6,181227.0,-4.845819169787697,4.849889145496544
2870,2022-10-21,NSE:RKDL,20.549999,20.549999,20.549999,20.549999,18158.0,-4.861115740740749,-4.845819169787697
2871,2022-10-24,NSE:RKDL,19.54999924,19.54999924,19.54999924,19.54999924,4059.0,-4.8661791175756335,-4.861115740740749
2872,2022-10-25,NSE:RKDL,18.6,18.6,18.6,18.6,9008.0,-4.859331339800077,-4.8661791175756335
2873,2022-10-27,NSE:RKDL,17.700001,19.5,17.700001,19.5,132877.0,4.838709677419347,-4.859331339800077
2874,2022-10-28,NSE:RKDL,18.549999,18.549999,18.549999,18.549999,37141.0,-4.871800000000002,4.838709677419347
2875,2022-10-31,NSE:RKDL,17.65,18.450001,17.65,17.700001,68644.0,-4.582199707935291,-4.871800000000002
2876,2022-11-01,NSE:RKDL,18.049999,18.25,17.549999,17.9,35618.0,1.1299377892690416,-4.582199707935291
2877,2022-11-02,NSE:RKDL,17.25,18.549999,17.25,18.0,21281.0,0.5586592178771029,1.1299377892690416
2878,2022-11-03,NSE:RKDL,18.450001,18.450001,17.5,17.65,19175.0,-1.9444444444444524,0.5586592178771029
2879,2022-11-04,NSE:RKDL,18.15,18.5,17.049999,18.5,26992.0,4.815864022662899,-1.9444444444444524
2880,2022-11-07,NSE:RKDL,19.4,19.4,17.799999,19.15,34200.0,3.513513513513506,4.815864022662899
2881,2022-11-09,NSE:RKDL,18.6,20.1,18.25,20.1,48254.0,4.960835509138397,3.513513513513506
2882,2022-11-10,NSE:RKDL,21.1,21.1,19.299999,21.049999,60679.0,4.726363184079593,4.960835509138397
2883,2022-11-11,NSE:RKDL,22.049999,22.049999,20.0,20.299999,32819.0,-3.5629455374320917,4.726363184079593
2884,2022-11-14,NSE:RKDL,19.35,19.35,19.299999,19.299999,19634.0,-4.926108617049685,-3.5629455374320917
2885,2022-11-15,NSE:RKDL,18.5,19.25,18.35,18.35,27419.0,-4.922274866439103,-4.926108617049685
2886,2022-11-16,NSE:RKDL,18.5,19.25,17.6,17.950001,46101.0,-2.1798310626703055,-4.922274866439103
2887,2022-11-17,NSE:RKDL,17.799999,18.0,17.450001,17.6,12140.0,-1.949866186636975,-2.1798310626703055
2888,2022-11-18,NSE:RKDL,17.6,18.200001,17.299999,17.549999,16892.0,-0.2840965909091008,-1.949866186636975
2889,2022-11-21,NSE:RKDL,16.799999,18.15,16.700001,16.799999,41711.0,-4.273504517008805,-0.2840965909091008
2890,2022-11-22,NSE:RKDL,16.799999,17.4,16.15,16.299999,17630.0,-2.976190653344682,-4.273504517008805
2891,2022-11-23,NSE:RKDL,16.549999,17.049999,16.049999,16.799999,24218.0,3.067484850765942,-2.976190653344682
2892,2022-11-24,NSE:RKDL,17.299999,17.6,16.9,17.6,17659.0,4.761910997732808,3.067484850765942
2893,2022-11-25,NSE:RKDL,18.450001,18.450001,17.15,18.450001,34930.0,4.829551136363629,4.761910997732808
2894,2022-11-28,NSE:RKDL,18.5,18.9,17.6,18.799999,20123.0,1.8970080272624341,4.829551136363629
2895,2022-11-29,NSE:RKDL,19.049999,19.65,18.200001,19.15,21958.0,1.8617075458355021,1.8970080272624341
2896,2022-11-30,NSE:RKDL,19.35,19.700001,18.65,19.450001,25943.0,1.566584856396876,1.8617075458355021
2897,2022-12-01,NSE:RKDL,18.75,19.950001,18.75,19.1,23163.0,-1.7994909100518757,1.566584856396876
2898,2022-12-02,NSE:RKDL,18.4,19.6,18.4,19.35,17973.0,1.3089005235602091,-1.7994909100518757
2899,2022-12-05,NSE:RKDL,19.700001,19.700001,18.4,18.549999,29229.0,-4.134372093023265,1.3089005235602091
2900,2022-12-06,NSE:RKDL,18.0,18.35,17.65,18.0,22315.0,-2.964954337733386,-4.134372093023265
2901,2022-12-07,NSE:RKDL,18.0,18.6,17.549999,18.15,22747.0,0.8333333333333255,-2.964954337733386
2902,2022-12-08,NSE:RKDL,18.700001,19.049999,18.25,19.049999,42748.0,4.958672176308546,0.8333333333333255
2903,2022-12-09,NSE:RKDL,20.0,20.0,19.25,20.0,66069.0,4.986882151542372,4.958672176308546
2904,2022-12-12,NSE:RKDL,19.549999,20.0,19.0,19.700001,94480.0,-1.4999949999999984,4.986882151542372
2905,2022-12-13,NSE:RKDL,20.25,20.65,18.75,18.9,254248.0,-4.060918575587898,-1.4999949999999984
2906,2022-12-14,NSE:RKDL,18.85,18.9,18.1,18.549999,62825.0,-1.851857142857137,-4.060918575587898
2907,2022-12-15,NSE:RKDL,18.85,19.450001,18.450001,19.450001,27192.0,4.851763064785074,-1.851857142857137
2908,2022-12-16,NSE:RKDL,19.6,19.6,18.5,18.549999,75688.0,-4.627259402197463,4.851763064785074
2909,2022-12-19,NSE:RKDL,18.5,19.200001,18.15,18.85,52084.0,1.6172561518736563,-4.627259402197463
2910,2022-12-20,NSE:RKDL,19.450001,19.450001,18.5,18.75,29886.0,-0.5305039787798483,1.6172561518736563
2911,2022-12-21,NSE:RKDL,18.75,19.049999,18.1,18.200001,37070.0,-2.933327999999998,-0.5305039787798483
2912,2022-12-22,NSE:RKDL,18.049999,18.75,17.299999,17.299999,41568.0,-4.945065662359033,-2.933327999999998
2913,2022-12-23,NSE:RKDL,17.1,17.65,16.450001,16.450001,37474.0,-4.913283520999044,-4.945065662359033
2914,2022-12-26,NSE:RKDL,16.450001,17.25,15.8,17.15,27665.0,4.255312811227174,-4.913283520999044
2915,2022-12-27,NSE:RKDL,17.799999,17.950001,17.15,17.299999,19591.0,0.8746297376093359,4.255312811227174
2916,2022-12-28,NSE:RKDL,18.1,18.1,17.4,18.0,20897.0,4.04624878880051,0.8746297376093359
2917,2022-12-29,NSE:RKDL,18.549999,18.549999,17.6,17.85,12375.0,-0.8333333333333255,4.04624878880051
2918,2022-12-30,NSE:RKDL,18.549999,18.549999,17.4,17.65,12332.0,-1.1204481792717245,-0.8333333333333255
2919,2023-01-02,NSE:RKDL,17.200001,18.450001,17.200001,18.25,12962.0,3.399433427762048,-1.1204481792717245
2920,2023-01-03,NSE:RKDL,18.25,18.75,17.85,18.549999,8887.0,1.6438301369862998,3.399433427762048
2921,2023-01-04,NSE:RKDL,18.950001,18.950001,17.65,17.9,24097.0,-3.5040379247459854,1.6438301369862998
2922,2023-01-05,NSE:RKDL,18.5,18.5,17.700001,18.15,8400.0,1.3966480446927376,-3.5040379247459854
2923,2023-01-06,NSE:RKDL,18.700001,18.700001,17.4,17.700001,11730.0,-2.479333333333324,1.3966480446927376
2924,2023-01-09,NSE:RKDL,18.549999,18.549999,17.25,17.799999,9322.0,0.5649604200587297,-2.479333333333324
2925,2023-01-10,NSE:RKDL,18.200001,18.200001,17.4,17.950001,4592.0,0.8427079125116841,0.5649604200587297
2926,2023-01-11,NSE:RKDL,17.75,17.9,17.25,17.4,9848.0,-3.0640722526979345,0.8427079125116841
2927,2023-01-12,NSE:RKDL,17.25,18.0,17.049999,17.450001,15044.0,0.28736206896552724,-3.0640722526979345
2928,2023-01-13,NSE:RKDL,18.15,18.15,17.200001,17.4,14478.0,-0.28653866552788015,0.28736206896552724
2929,2023-01-16,NSE:RKDL,17.299999,17.9,17.299999,17.85,8213.0,2.5862068965517406,-0.28653866552788015
2930,2023-01-17,NSE:RKDL,18.049999,18.049999,17.299999,17.65,12709.0,-1.1204481792717245,2.5862068965517406
2931,2023-01-18,NSE:RKDL,17.9,17.950001,17.1,17.35,16086.0,-1.6997167138810036,-1.1204481792717245
2932,2023-01-19,NSE:RKDL,18.15,18.15,17.1,17.450001,6256.0,0.576374639769446,-1.6997167138810036
2933,2023-01-20,NSE:RKDL,18.15,18.15,16.75,17.25,10175.0,-1.1461374701353904,0.576374639769446
2934,2023-01-23,NSE:RKDL,18.049999,18.049999,16.6,17.25,4949.0,0.0,-1.1461374701353904
2935,2023-01-24,NSE:RKDL,18.0,18.0,16.549999,17.200001,5885.0,-0.28984927536231697,0.0
2936,2023-01-25,NSE:RKDL,17.950001,17.950001,16.75,17.0,9099.0,-1.1627964440234644,-0.28984927536231697
2937,2023-01-27,NSE:RKDL,17.0,17.75,16.200001,16.4,24083.0,-3.5294117647058907,-1.1627964440234644
2938,2023-01-30,NSE:RKDL,16.5,17.200001,16.5,17.15,10553.0,4.573170731707318,-3.5294117647058907
2939,2023-01-31,NSE:RKDL,16.65,17.85,16.549999,16.9,25433.0,-1.457725947521866,4.573170731707318
2940,2023-02-01,NSE:RKDL,17.4,17.5,16.1,16.200001,27853.0,-4.142005917159754,-1.457725947521866
2941,2023-02-02,NSE:RKDL,15.75,16.450001,15.6,16.299999,13650.0,0.6172715668350846,-4.142005917159754
2942,2023-02-03,NSE:RKDL,16.450001,16.450001,15.5,15.55,28690.0,-4.601221141179205,0.6172715668350846
2943,2023-02-06,NSE:RKDL,15.8,15.9,14.8,14.9,19682.0,-4.180064308681674,-4.601221141179205
2944,2023-02-07,NSE:RKDL,15.2,15.8,14.6,14.85,9752.0,-0.3355704697986625,-4.180064308681674
2945,2023-02-08,NSE:RKDL,15.25,16.299999,14.9,16.299999,9049.0,9.764303030303031,-0.3355704697986625
2946,2023-02-09,NSE:RKDL,16.700001,17.6,15.6,17.299999,17906.0,6.134969701531884,9.764303030303031
2947,2023-02-10,NSE:RKDL,18.0,18.0,17.15,17.4,13452.0,0.5780404958404847,6.134969701531884
2948,2023-02-13,NSE:RKDL,16.799999,17.200001,15.7,16.0,23307.0,-8.045977011494246,0.5780404958404847
2949,2023-02-14,NSE:RKDL,16.0,16.0,14.9,15.5,12230.0,-3.125,-8.045977011494246
2950,2023-02-15,NSE:RKDL,15.65,15.9,15.0,15.2,12980.0,-1.9354838709677464,-3.125
2951,2023-02-16,NSE:RKDL,15.5,15.5,15.0,15.25,4333.0,0.3289473684210573,-1.9354838709677464
2952,2023-02-17,NSE:RKDL,15.55,15.55,14.85,15.1,8811.0,-0.9836065573770515,0.3289473684210573
2953,2023-02-20,NSE:RKDL,14.9,15.15,14.7,14.85,8161.0,-1.6556291390728477,-0.9836065573770515
2954,2023-02-21,NSE:RKDL,14.8,15.45,14.65,15.1,5316.0,1.6835016835016834,-1.6556291390728477
2955,2023-02-22,NSE:RKDL,15.1,15.3,14.5,14.95,3512.0,-0.9933774834437109,1.6835016835016834
2956,2023-02-23,NSE:RKDL,15.0,15.4,14.15,15.2,10790.0,1.6722408026755853,-0.9933774834437109
2957,2023-02-24,NSE:RKDL,15.25,15.6,14.55,15.05,7246.0,-0.9868421052631486,1.6722408026755853
2958,2023-02-27,NSE:RKDL,15.35,15.5,14.65,14.9,3833.0,-0.9966777408637897,-0.9868421052631486
2959,2023-02-28,NSE:RKDL,15.2,16.0,14.35,15.2,9738.0,2.0134228187919394,-0.9966777408637897
2960,2023-03-01,NSE:RKDL,15.55,16.700001,14.85,16.299999,22879.0,7.236835526315792,2.0134228187919394
2961,2023-03-02,NSE:RKDL,16.549999,16.549999,15.7,15.95,5527.0,-2.1472332605664604,7.236835526315792
2962,2023-03-03,NSE:RKDL,16.35,16.5,15.6,15.8,8763.0,-0.9404388714733455,-2.1472332605664604
2963,2023-03-06,NSE:RKDL,15.65,16.4,15.65,15.75,6576.0,-0.3164556962025361,-0.9404388714733455
2964,2023-03-08,NSE:RKDL,15.75,16.049999,15.05,15.75,5685.0,0.0,-0.3164556962025361
2965,2023-03-09,NSE:RKDL,15.75,16.0,14.6,15.15,12469.0,-3.809523809523807,0.0
2966,2023-03-10,NSE:RKDL,15.55,16.5,15.1,16.049999,29951.0,5.94058745874587,-3.809523809523807
2967,2023-03-13,NSE:RKDL,16.25,16.6,15.05,15.05,20423.0,-6.230523752680601,5.94058745874587
2968,2023-03-14,NSE:RKDL,14.75,15.45,14.25,14.65,14751.0,-2.657807308970102,-6.230523752680601
2969,2023-03-15,NSE:RKDL,14.85,15.45,14.6,15.05,8291.0,2.730375426621163,-2.657807308970102
2970,2023-03-16,NSE:RKDL,14.8,15.6,14.1,14.9,5739.0,-0.9966777408637897,2.730375426621163
2971,2023-03-17,NSE:RKDL,14.9,15.7,14.9,15.35,8924.0,3.020134228187915,-0.9966777408637897
2972,2023-03-20,NSE:RKDL,15.35,15.5,14.25,14.75,20931.0,-3.9087947882736134,3.020134228187915
2973,2023-03-21,NSE:RKDL,15.15,15.2,14.8,15.05,12079.0,2.0338983050847506,-3.9087947882736134
2974,2023-03-22,NSE:RKDL,14.65,15.5,14.65,15.25,5773.0,1.328903654485045,2.0338983050847506
2975,2023-03-23,NSE:RKDL,15.5,15.5,15.15,15.15,13365.0,-0.6557377049180304,1.328903654485045
2976,2023-03-24,NSE:RKDL,15.15,15.45,15.15,15.2,6570.0,0.33003300330032304,-0.6557377049180304
2977,2023-03-27,NSE:RKDL,15.35,15.35,14.25,14.35,12269.0,-5.592105263157893,0.33003300330032304
2978,2023-03-28,NSE:RKDL,14.75,15.25,14.2,14.45,17313.0,0.6968641114982554,-5.592105263157893
2979,2023-03-29,NSE:RKDL,14.2,15.1,14.2,15.0,12306.0,3.806228373702427,0.6968641114982554
2980,2023-03-31,NSE:RKDL,15.05,15.25,14.35,14.55,7450.0,-2.9999999999999956,3.806228373702427
2981,2023-04-03,NSE:RKDL,14.7,15.6,14.7,15.15,5392.0,4.1237113402061825,-2.9999999999999956
2982,2023-04-05,NSE:RKDL,15.0,15.65,15.0,15.6,5113.0,2.970297029702966,4.1237113402061825
2983,2023-04-06,NSE:RKDL,15.4,16.200001,15.4,15.9,7626.0,1.9230769230769278,2.970297029702966
2984,2023-04-10,NSE:RKDL,16.25,16.6,14.35,14.8,67790.0,-6.9182389937106885,1.9230769230769278
2985,2023-04-11,NSE:RKDL,15.15,17.75,15.15,17.75,78084.0,19.932432432432424,-6.9182389937106885
2986,2023-04-12,NSE:RKDL,20.0,21.299999,19.15,19.35,999700.0,9.014084507042261,19.932432432432424
2987,2023-04-13,NSE:RKDL,19.4,20.799999,18.4,18.799999,131093.0,-2.8423824289405775,9.014084507042261
2988,2023-04-17,NSE:RKDL,18.799999,19.15,17.799999,18.049999,46549.0,-3.9893619143277617,-2.8423824289405775
2989,2023-04-18,NSE:RKDL,18.0,19.35,18.0,18.1,32677.0,0.27701386576255066,-3.9893619143277617
2990,2023-04-19,NSE:RKDL,18.4,18.950001,18.0,18.200001,24450.0,0.5524917127071762,0.27701386576255066
2991,2023-04-20,NSE:RKDL,18.299999,18.799999,17.5,18.35,20482.0,0.8241702843862543,0.5524917127071762
2992,2023-04-21,NSE:RKDL,18.15,19.0,18.0,18.25,9589.0,-0.5449591280654028,0.8241702843862543
2993,2023-04-24,NSE:RKDL,18.25,18.700001,17.549999,18.200001,15781.0,-0.2739671232876695,-0.5449591280654028
2994,2023-04-25,NSE:RKDL,18.0,18.15,17.5,17.549999,12090.0,-3.571439364206632,-0.2739671232876695
2995,2023-04-26,NSE:RKDL,17.799999,17.799999,16.9,17.1,18102.0,-2.5640970121992503,-3.571439364206632
2996,2023-04-27,NSE:RKDL,17.4,17.799999,16.700001,17.450001,19023.0,2.046789473684204,-2.5640970121992503
2997,2023-04-28,NSE:RKDL,17.6,17.85,16.9,17.1,9732.0,-2.0057362747429006,2.046789473684204
2998,2023-05-02,NSE:RKDL,17.9,17.9,17.0,17.549999,13709.0,2.6315730994151942,-2.0057362747429006
2999,2023-05-03,NSE:RKDL,17.5,17.700001,16.75,16.9,33892.0,-3.703698216734948,2.6315730994151942
3000,2023-05-04,NSE:RKDL,16.9,17.15,16.6,16.950001,15553.0,0.2958639053254541,-3.703698216734948
3001,2023-05-05,NSE:RKDL,16.700001,17.75,16.5,17.549999,14242.0,3.5398110006011176,0.2958639053254541
3002,2023-05-08,NSE:RKDL,18.299999,18.35,17.0,17.450001,21375.0,-0.5697892062557915,3.5398110006011176
3003,2023-05-09,NSE:RKDL,17.549999,17.700001,16.9,17.0,21980.0,-2.578802144481254,-0.5697892062557915
3004,2023-05-10,NSE:RKDL,17.0,17.25,16.9,17.1,5618.0,0.5882352941176554,-2.578802144481254
3005,2023-05-11,NSE:RKDL,17.200001,17.450001,16.75,16.799999,12624.0,-1.7543918128655072,0.5882352941176554
3006,2023-05-12,NSE:RKDL,16.799999,16.950001,16.1,16.799999,15512.0,0.0,-1.7543918128655072
3007,2023-05-15,NSE:RKDL,16.950001,16.950001,16.25,16.5,7491.0,-1.7857084396255007,0.0
3008,2023-05-16,NSE:RKDL,16.5,17.200001,15.7,16.4,53433.0,-0.6060606060606146,-1.7857084396255007
3009,2023-05-22,NSE:RKDL,15.6,15.6,15.6,15.6,11260.0,-4.8780487804877986,-0.6060606060606146
3010,2023-05-29,NSE:RKDL,14.85,14.85,14.85,14.85,27287.0,-4.807692307692308,-4.8780487804877986
3011,2023-06-05,NSE:RKDL,14.1,14.1,14.1,14.1,33499.0,-5.05050505050505,-4.807692307692308
3012,2023-06-12,NSE:RKDL,13.4,13.4,13.4,13.4,69168.0,-4.964539007092194,-5.05050505050505
3013,2023-06-19,NSE:RKDL,12.75,12.75,12.75,12.75,29170.0,-4.850746268656718,-4.964539007092194
3014,2023-06-26,NSE:RKDL,12.15,12.15,12.15,12.15,40272.0,-4.705882352941174,-4.850746268656718
3015,2023-07-03,NSE:RKDL,11.55,11.85,11.55,11.55,31167.0,-4.938271604938269,-4.705882352941174
3016,2023-07-10,NSE:RKDL,11.1,12.1,11.0,12.05,59632.0,4.329004329004329,-4.938271604938269
3017,2023-07-17,NSE:RKDL,12.05,12.55,11.45,11.6,48403.0,-3.734439834024905,4.329004329004329
3018,2023-07-24,NSE:RKDL,11.45,12.15,11.05,11.15,30277.0,-3.87931034482758,-3.734439834024905
3019,2023-07-31,NSE:RKDL,11.15,11.15,10.6,10.85,26152.0,-2.690582959641262,-3.87931034482758
3020,2023-08-07,NSE:RKDL,11.35,11.35,10.9,11.35,10078.0,4.6082949308755765,-2.690582959641262
3021,2023-08-09,NSE:RKDL,11.9,11.9,11.9,11.9,6193.0,4.845814977973575,4.6082949308755765
3022,2023-08-10,NSE:RKDL,12.45,12.45,12.45,12.45,1981.0,4.62184873949579,4.845814977973575
3023,2023-08-11,NSE:RKDL,13.05,13.05,13.05,13.05,2534.0,4.819277108433746,4.62184873949579
3024,2023-08-14,NSE:RKDL,13.7,13.7,13.7,13.7,6165.0,4.980842911877383,4.819277108433746
3025,2023-08-16,NSE:RKDL,14.35,14.35,14.35,14.35,18950.0,4.744525547445258,4.980842911877383
3026,2023-08-17,NSE:RKDL,15.05,15.05,15.05,15.05,3040.0,4.878048780487813,4.744525547445258
3027,2023-08-18,NSE:RKDL,15.8,15.8,15.8,15.8,7262.0,4.983388704318937,4.878048780487813
3028,2023-08-21,NSE:RKDL,16.549999,16.549999,16.549999,16.549999,50782.0,4.746829113924044,4.983388704318937
3029,2023-08-22,NSE:RKDL,17.35,17.35,16.75,17.35,129605.0,4.833843192377243,4.746829113924044
3030,2023-08-23,NSE:RKDL,18.200001,18.200001,18.200001,18.200001,20609.0,4.899141210374633,4.833843192377243
3031,2023-08-24,NSE:RKDL,19.1,19.1,19.1,19.1,9532.0,4.945049178843457,4.899141210374633
3032,2023-08-25,NSE:RKDL,20.049999,20.049999,19.5,20.049999,101876.0,4.973816753926692,4.945049178843457
3033,2023-08-28,NSE:RKDL,21.049999,21.049999,21.049999,21.049999,13693.0,4.98753142082451,4.973816753926692
3034,2023-08-29,NSE:RKDL,21.9,22.1,21.4,22.1,71159.0,4.988128502998987,4.98753142082451
3035,2023-08-30,NSE:RKDL,23.200001,23.200001,23.200001,23.200001,32219.0,4.977380090497732,4.988128502998987
3036,2023-08-31,NSE:RKDL,24.35,24.35,24.35,24.35,15602.0,4.956892027720175,4.977380090497732
3037,2023-09-01,NSE:RKDL,25.549999,25.549999,24.0,25.549999,146567.0,4.928127310061594,4.956892027720175
3038,2023-09-04,NSE:RKDL,26.799999,26.799999,26.700001,26.799999,92685.0,4.892368097548654,4.928127310061594
3039,2023-09-05,NSE:RKDL,28.1,28.1,27.35,28.1,149613.0,4.850750180998148,4.892368097548654
3040,2023-09-06,NSE:RKDL,29.4,29.5,26.700001,26.700001,72511.0,-4.982202846975092,4.850750180998148
3041,2023-09-07,NSE:RKDL,26.200001,26.200001,26.200001,26.200001,4729.0,-1.8726591058929174,-4.982202846975092
3042,2023-09-08,NSE:RKDL,25.700001,25.700001,25.700001,25.700001,4724.0,-1.9083968737253103,-1.8726591058929174
3043,2023-09-11,NSE:RKDL,25.200001,25.200001,25.200001,25.200001,2696.0,-1.9455252161274237,-1.9083968737253103
3044,2023-09-12,NSE:RKDL,24.700001,24.700001,24.700001,24.700001,2491.0,-1.9841269053917896,-1.9455252161274237
3045,2023-09-13,NSE:RKDL,24.200001,24.200001,24.200001,24.200001,1041.0,-2.0242914160205903,-1.9841269053917896
3046,2023-09-14,NSE:RKDL,23.75,23.75,23.75,23.75,1101.0,-1.85950818762363,-2.0242914160205903
3047,2023-09-15,NSE:RKDL,23.299999,23.299999,23.299999,23.299999,1303.0,-1.8947410526315802,-1.85950818762363
3048,2023-09-18,NSE:RKDL,22.85,22.85,22.85,22.85,3164.0,-1.9313262631470425,-1.8947410526315802
3049,2023-09-20,NSE:RKDL,22.4,22.4,22.4,22.4,3416.0,-1.9693654266958547,-1.9313262631470425
3050,2023-09-21,NSE:RKDL,21.950001,21.950001,21.950001,21.950001,2734.0,-2.0089241071428496,-1.9693654266958547
3051,2023-09-22,NSE:RKDL,21.549999,21.549999,21.549999,21.549999,2391.0,-1.8223324910099121,-2.0089241071428496
3052,2023-09-25,NSE:RKDL,21.15,21.15,21.15,21.15,763.0,-1.8561439376400952,-1.8223324910099121
3053,2023-09-26,NSE:RKDL,20.75,20.75,20.75,20.75,1642.0,-1.8912529550827357,-1.8561439376400952
3054,2023-09-27,NSE:RKDL,20.35,20.35,20.35,20.35,2966.0,-1.9277108433734873,-1.8912529550827357
3055,2023-09-28,NSE:RKDL,19.950001,19.950001,19.950001,19.950001,2295.0,-1.965597051597057,-1.9277108433734873
3056,2023-09-29,NSE:RKDL,19.549999,19.549999,19.549999,19.549999,1021.0,-2.005022455888602,-1.965597051597057
3057,2023-10-03,NSE:RKDL,19.15,19.15,19.15,19.15,1827.0,-2.0460307951933965,-2.005022455888602
3058,2023-10-04,NSE:RKDL,18.799999,18.9,18.799999,18.799999,50110.0,-1.8276814621409867,-2.0460307951933965
3059,2023-10-05,NSE:RKDL,18.65,18.65,18.5,18.5,26409.0,-1.5957394465818837,-1.8276814621409867
3060,2023-10-06,NSE:RKDL,18.5,18.5,18.15,18.15,26081.0,-1.8918918918918997,-1.5957394465818837
3061,2023-10-09,NSE:RKDL,18.5,18.5,18.5,18.5,19047.0,1.9283746556473909,-1.8918918918918997
3062,2023-10-10,NSE:RKDL,18.85,18.85,18.85,18.85,5957.0,1.8918918918918997,1.9283746556473909
3063,2023-10-11,NSE:RKDL,19.200001,19.200001,19.200001,19.200001,3550.0,1.8567692307692247,1.8918918918918997
3064,2023-10-12,NSE:RKDL,19.5,19.5,19.049999,19.1,19993.0,-0.5208385145396549,1.8567692307692247
3065,2023-10-13,NSE:RKDL,19.1,19.4,19.1,19.4,7913.0,1.5706806282722363,-0.5208385145396549
3066,2023-10-16,NSE:RKDL,19.5,20.35,18.6,20.200001,63047.0,4.123716494845371,1.5706806282722363
3067,2023-10-17,NSE:RKDL,20.4,21.200001,20.200001,21.200001,22607.0,4.95049480443095,4.123716494845371
3068,2023-10-18,NSE:RKDL,22.200001,22.25,22.200001,22.25,36425.0,4.952825238074279,4.95049480443095
3069,2023-10-19,NSE:RKDL,23.35,23.35,23.35,23.35,16754.0,4.943820224719107,4.952825238074279
3070,2023-10-20,NSE:RKDL,24.450001,24.5,22.299999,23.950001,134653.0,2.5695974304068474,4.943820224719107
3071,2023-10-23,NSE:RKDL,24.049999,25.0,22.75,23.799999,110614.0,-0.6263131262499765,2.5695974304068474
3072,2023-10-25,NSE:RKDL,22.85,24.9,22.65,22.65,32882.0,-4.831928774450794,-0.6263131262499765
3073,2023-10-26,NSE:RKDL,22.200001,22.200001,22.200001,22.200001,3906.0,-1.986750551876372,-4.831928774450794
3074,2023-10-27,NSE:RKDL,21.75,21.75,21.75,21.75,9751.0,-2.0270314402238103,-1.986750551876372
3075,2023-10-30,NSE:RKDL,21.35,21.700001,21.35,21.700001,8851.0,-0.22988045977011348,-2.0270314402238103
3076,2023-10-31,NSE:RKDL,21.299999,21.299999,21.299999,21.299999,2062.0,-1.8433271039941455,-0.22988045977011348
3077,2023-11-01,NSE:RKDL,20.950001,20.950001,20.9,20.950001,7859.0,-1.6431831757362965,-1.8433271039941455
3078,2023-11-02,NSE:RKDL,20.9,20.9,20.549999,20.549999,5750.0,-1.909317331297505,-1.6431831757362965
3079,2023-11-03,NSE:RKDL,20.4,20.4,20.15,20.15,10529.0,-1.946467248003278,-1.909317331297505
3080,2023-11-06,NSE:RKDL,19.85,19.9,19.799999,19.9,11596.0,-1.240694789081886,-1.946467248003278
3081,2023-11-07,NSE:RKDL,19.75,19.75,19.5,19.6,14052.0,-1.507537688442197,-1.240694789081886
3082,2023-11-08,NSE:RKDL,19.6,19.6,19.5,19.6,13625.0,0.0,-1.507537688442197
3083,2023-11-09,NSE:RKDL,19.6,19.6,19.200001,19.200001,8435.0,-2.0408112244898016,0.0
3084,2023-11-10,NSE:RKDL,19.200001,19.200001,19.049999,19.049999,3496.0,-0.7812603759760254,-2.0408112244898016
3085,2023-11-12,NSE:RKDL,19.05,19.05,19.05,19.05,953.0,5.249344112973215e-06,-0.7812603759760254
3086,2023-11-13,NSE:RKDL,19.4,19.4,19.1,19.4,7282.0,1.837270341207338,5.249344112973215e-06
3087,2023-11-15,NSE:RKDL,19.75,19.75,19.75,19.75,5225.0,1.8041237113402135,1.837270341207338
3088,2023-11-16,NSE:RKDL,19.700001,19.700001,19.65,19.65,8260.0,-0.5063291139240579,1.8041237113402135
3089,2023-11-17,NSE:RKDL,19.700001,20.0,19.700001,20.0,4595.0,1.781170483460567,-0.5063291139240579
3090,2023-11-20,NSE:RKDL,20.4,20.4,20.0,20.200001,13694.0,1.0000050000000016,1.781170483460567
3091,2023-11-21,NSE:RKDL,20.25,20.6,20.25,20.6,7452.0,1.980192971277581,1.0000050000000016
3092,2023-11-22,NSE:RKDL,20.6,21.0,20.6,21.0,4920.0,1.941747572815527,1.980192971277581
3093,2023-11-23,NSE:RKDL,21.049999,21.4,21.049999,21.4,8077.0,1.904761904761898,1.941747572815527
3094,2023-11-24,NSE:RKDL,21.4,21.4,21.049999,21.049999,4335.0,-1.63551869158878,1.904761904761898
3095,2023-11-28,NSE:RKDL,21.0,21.049999,20.75,20.75,10018.0,-1.4251734643787854,-1.63551869158878
3096,2023-11-29,NSE:RKDL,20.799999,20.950001,20.75,20.75,5808.0,0.0,-1.4251734643787854
3097,2023-11-30,NSE:RKDL,20.4,20.4,20.35,20.35,4546.0,-1.9277108433734873,0.0
3098,2023-12-01,NSE:RKDL,20.700001,20.700001,20.35,20.35,9571.0,0.0,-1.9277108433734873
3099,2023-12-04,NSE:RKDL,20.950001,20.950001,19.549999,20.450001,42125.0,0.49140540540539995,0.0
3100,2023-12-05,NSE:RKDL,20.950001,20.950001,19.700001,20.049999,30221.0,-1.955999904352086,0.49140540540539995
3101,2023-12-06,NSE:RKDL,20.35,21.049999,19.5,21.049999,41110.0,4.98753142082451,-1.955999904352086
3102,2023-12-07,NSE:RKDL,22.0,22.1,21.299999,22.1,29876.0,4.988128502998987,4.98753142082451
3103,2023-12-08,NSE:RKDL,23.1,23.200001,23.0,23.200001,39946.0,4.977380090497732,4.988128502998987
3104,2023-12-11,NSE:RKDL,23.299999,24.35,23.299999,24.35,25186.0,4.956892027720175,4.977380090497732
3105,2023-12-12,NSE:RKDL,25.549999,25.549999,23.15,23.25,104531.0,-4.517453798767973,4.956892027720175
3106,2023-12-13,NSE:RKDL,22.799999,23.700001,22.799999,23.25,29086.0,0.0,-4.517453798767973
3107,2023-12-14,NSE:RKDL,23.25,23.25,23.15,23.200001,16763.0,-0.21504946236559,0.0
3108,2023-12-15,NSE:RKDL,23.200001,23.200001,22.75,22.75,4504.0,-1.9396593991526137,-0.21504946236559
3109,2023-12-18,NSE:RKDL,22.299999,22.299999,22.299999,22.299999,15599.0,-1.978026373626375,-1.9396593991526137
3110,2023-12-19,NSE:RKDL,22.1,22.1,21.85,21.85,7132.0,-2.0179328259162626,-1.978026373626375
3111,2023-12-20,NSE:RKDL,21.450001,21.5,21.450001,21.450001,9673.0,-1.8306590389016066,-2.0179328259162626
3112,2023-12-21,NSE:RKDL,21.049999,21.25,21.049999,21.25,10250.0,-0.9324055509368055,-1.8306590389016066
3113,2023-12-22,NSE:RKDL,21.0,21.049999,20.9,20.9,8342.0,-1.6470588235294186,-0.9324055509368055
3114,2023-12-26,NSE:RKDL,20.799999,21.299999,20.799999,21.1,10157.0,0.9569377990430759,-1.6470588235294186
3115,2023-12-27,NSE:RKDL,21.299999,21.5,21.299999,21.5,11557.0,1.8957345971563913,0.9569377990430759
3116,2023-12-28,NSE:RKDL,21.549999,21.6,21.25,21.25,6958.0,-1.1627906976744187,1.8957345971563913
3117,2023-12-29,NSE:RKDL,21.049999,21.049999,21.049999,21.049999,11822.0,-0.9411811764705896,-1.1627906976744187
3118,2024-01-01,NSE:RKDL,21.200001,21.299999,21.200001,21.299999,5519.0,1.187648512477364,-0.9411811764705896
3119,2024-01-02,NSE:RKDL,21.5,21.700001,21.5,21.700001,13855.0,1.877943750138207,1.187648512477364
3120,2024-01-03,NSE:RKDL,21.700001,22.1,21.700001,22.1,10079.0,1.8433132791099922,1.877943750138207
3121,2024-01-04,NSE:RKDL,22.5,22.5,22.5,22.5,11390.0,1.8099547511312153,1.8433132791099922
3122,2024-01-05,NSE:RKDL,22.799999,22.950001,22.799999,22.9,30810.0,1.7777777777777715,1.8099547511312153
3123,2024-01-08,NSE:RKDL,23.1,23.35,23.1,23.35,24845.0,1.9650655021834187,1.7777777777777715
3124,2024-01-09,NSE:RKDL,23.5,23.799999,23.5,23.799999,23028.0,1.9271905781584509,1.9650655021834187
3125,2024-01-10,NSE:RKDL,24.25,24.25,24.25,24.25,20251.0,1.8907605836454038,1.9271905781584509
3126,2024-01-11,NSE:RKDL,24.700001,24.700001,24.700001,24.700001,24417.0,1.855674226804125,1.8907605836454038
3127,2024-01-12,NSE:RKDL,25.15,25.15,25.15,25.15,33651.0,1.8218582258356923,1.855674226804125
3128,2024-01-15,NSE:RKDL,25.65,25.65,25.65,25.65,16622.0,1.9880715705765408,1.8218582258356923
3129,2024-01-16,NSE:RKDL,26.049999,26.049999,26.0,26.0,10035.0,1.3645224171540018,1.9880715705765408
3130,2024-01-17,NSE:RKDL,26.049999,26.1,26.049999,26.1,26344.0,0.3846153846153901,1.3645224171540018
3131,2024-01-18,NSE:RKDL,26.1,26.1,25.65,25.65,12751.0,-1.7241379310344935,0.3846153846153901
3132,2024-01-19,NSE:RKDL,26.1,26.15,26.1,26.15,28327.0,1.9493177387914233,-1.7241379310344935
3133,2024-01-20,NSE:RKDL,26.15,26.15,26.1,26.1,9222.0,-0.19120458891012299,1.9493177387914233
3134,2024-01-23,NSE:RKDL,25.950001,25.950001,25.6,25.6,8652.0,-1.9157088122605364,-0.19120458891012299
3135,2024-01-24,NSE:RKDL,25.1,25.1,25.1,25.1,3030.0,-1.953125,-1.9157088122605364
3136,2024-01-25,NSE:RKDL,25.5,25.5,25.0,25.0,8210.0,-0.3984063745019977,-1.953125
3137,2024-01-29,NSE:RKDL,25.0,25.0,24.549999,24.549999,6737.0,-1.8000040000000013,-0.3984063745019977
3138,2024-01-30,NSE:RKDL,24.549999,24.549999,24.049999,24.049999,26843.0,-2.0366599607600797,-1.8000040000000013
3139,2024-01-31,NSE:RKDL,24.0,24.0,23.65,23.799999,20458.0,-1.0395010827235378,-2.0366599607600797
3140,2024-02-01,NSE:RKDL,23.799999,23.799999,23.6,23.6,13692.0,-0.840331968081168,-1.0395010827235378
3141,2024-02-02,NSE:RKDL,23.5,23.5,23.450001,23.450001,7944.0,-0.6355889830508521,-0.840331968081168
3142,2024-02-05,NSE:RKDL,23.450001,23.450001,23.0,23.0,15587.0,-1.9189807284016762,-0.6355889830508521
3143,2024-02-06,NSE:RKDL,23.0,23.0,22.85,22.85,3197.0,-0.652173913043472,-1.9189807284016762
3144,2024-02-07,NSE:RKDL,22.75,22.85,22.549999,22.85,10185.0,0.0,-0.652173913043472
3145,2024-02-08,NSE:RKDL,22.700001,23.299999,22.700001,23.299999,7840.0,1.9693610503282197,0.0
3146,2024-02-09,NSE:RKDL,23.75,23.75,23.299999,23.299999,14940.0,0.0,1.9693610503282197
3147,2024-02-12,NSE:RKDL,24.450001,24.450001,22.85,23.950001,62580.0,2.789708274236409,0.0
3148,2024-02-13,NSE:RKDL,24.4,24.4,22.75,22.75,41585.0,-5.010442379522241,2.789708274236409
3149,2024-02-14,NSE:RKDL,22.049999,22.700001,21.65,21.950001,32113.0,-3.5164791208791195,-5.010442379522241
3150,2024-02-15,NSE:RKDL,21.5,23.0,21.5,23.0,18948.0,4.783594315098207,-3.5164791208791195
3151,2024-02-16,NSE:RKDL,23.85,24.15,22.200001,24.15,57289.0,4.999999999999994,4.783594315098207
3152,2024-02-19,NSE:RKDL,25.35,25.35,24.200001,25.299999,73225.0,4.761900621118017,4.999999999999994
3153,2024-02-20,NSE:RKDL,25.9,26.549999,24.5,26.549999,95496.0,4.940711657735639,4.761900621118017
3154,2024-02-21,NSE:RKDL,27.799999,27.85,26.9,27.65,104683.0,4.143130099552918,4.940711657735639
3155,2024-02-22,NSE:RKDL,27.1,27.1,27.1,27.1,7922.0,-1.9891500904159032,4.143130099552918
3156,2024-02-23,NSE:RKDL,26.549999,26.549999,26.549999,26.549999,7469.0,-2.0295239852398583,-1.9891500904159032
3157,2024-02-26,NSE:RKDL,26.049999,26.049999,26.049999,26.049999,4336.0,-1.8832392423065627,-2.0295239852398583
3158,2024-02-27,NSE:RKDL,25.549999,25.549999,25.549999,25.549999,1583.0,-1.919385870225945,-1.8832392423065627
3159,2024-02-28,NSE:RKDL,25.049999,25.049999,25.049999,25.049999,1634.0,-1.9569472390194613,-1.919385870225945
3160,2024-02-29,NSE:RKDL,24.549999,24.549999,24.549999,24.549999,1705.0,-1.996008063712897,-1.9569472390194613
3161,2024-03-01,NSE:RKDL,24.049999,24.049999,24.049999,24.049999,2219.0,-2.0366599607600797,-1.996008063712897
3162,2024-03-02,NSE:RKDL,23.6,23.6,23.6,23.6,787.0,-1.8710977908980297,-2.0366599607600797
3163,2024-03-04,NSE:RKDL,23.15,23.15,23.15,23.15,3378.0,-1.9067796610169612,-1.8710977908980297
3164,2024-03-05,NSE:RKDL,22.700001,22.700001,22.700001,22.700001,2404.0,-1.9438401727861696,-1.9067796610169612
3165,2024-03-06,NSE:RKDL,22.25,22.299999,22.25,22.25,2657.0,-1.9823831725822405,-1.9438401727861696
3166,2024-03-07,NSE:RKDL,21.799999,21.799999,21.799999,21.799999,7325.0,-2.0224764044943835,-1.9823831725822405
3167,2024-03-11,NSE:RKDL,21.450001,21.5,21.4,21.4,10483.0,-1.8348578823329353,-2.0224764044943835
3168,2024-03-12,NSE:RKDL,21.25,21.25,21.0,21.0,6011.0,-1.8691588785046664,-1.8348578823329353
3169,2024-03-13,NSE:RKDL,20.6,20.6,20.6,20.6,1074.0,-1.904761904761898,-1.8691588785046664
3170,2024-03-14,NSE:RKDL,20.200001,20.200001,20.200001,20.200001,6956.0,-1.9417427184466072,-1.904761904761898
3171,2024-03-15,NSE:RKDL,19.799999,19.799999,19.799999,19.799999,4471.0,-1.980207822761992,-1.9417427184466072
3172,2024-03-18,NSE:RKDL,19.4,19.4,19.4,19.4,15965.0,-2.0201970717271305,-1.980207822761992
3173,2024-03-19,NSE:RKDL,19.4,19.4,19.049999,19.049999,3783.0,-1.804128865979376,-2.0201970717271305
3174,2024-03-20,NSE:RKDL,18.799999,18.799999,18.799999,18.799999,2102.0,-1.3123360268942796,-1.804128865979376
3175,2024-03-21,NSE:RKDL,18.799999,18.799999,18.5,18.549999,4625.0,-1.3297873047759206,-1.3123360268942796
3176,2024-03-22,NSE:RKDL,18.549999,18.9,18.549999,18.9,6187.0,1.8867979453799373,-1.3297873047759206
3177,2024-03-26,NSE:RKDL,19.25,19.25,19.25,19.25,2133.0,1.8518518518518594,1.8867979453799373
3178,2024-03-27,NSE:RKDL,19.6,19.6,19.549999,19.6,6762.0,1.8181818181818257,1.8518518518518594
3179,2024-03-28,NSE:RKDL,19.950001,19.950001,19.950001,19.950001,3113.0,1.7857193877550963,1.8181818181818257
3180,2024-04-01,NSE:RKDL,20.9,20.9,20.049999,20.9,10478.0,4.76189951068172,1.7857193877550963
3181,2024-04-02,NSE:RKDL,21.9,21.9,21.9,21.9,11230.0,4.784688995215311,4.76189951068172
3182,2024-04-03,NSE:RKDL,22.9,22.950001,22.9,22.950001,42782.0,4.79452511415526,4.784688995215311
3183,2024-04-04,NSE:RKDL,24.0,24.049999,23.0,23.950001,38652.0,4.357298285085042,4.79452511415526
3184,2024-04-05,NSE:RKDL,24.0,24.0,22.75,23.450001,31104.0,-2.087682585065445,4.357298285085042
3185,2024-04-08,NSE:RKDL,24.4,24.6,22.35,23.0,21259.0,-1.9189807284016762,-2.087682585065445
3186,2024-04-09,NSE:RKDL,24.1,24.1,21.85,23.25,29969.0,1.0869565217391304,-1.9189807284016762
3187,2024-04-10,NSE:RKDL,23.6,24.25,22.35,23.4,13498.0,0.6451612903225745,1.0869565217391304
3188,2024-04-12,NSE:RKDL,24.35,24.35,22.700001,23.049999,18175.0,-1.4957307692307646,0.6451612903225745
3189,2024-04-15,NSE:RKDL,23.299999,23.35,21.9,22.299999,26291.0,-3.253796236607212,-1.4957307692307646
3190,2024-04-16,NSE:RKDL,22.950001,23.4,21.299999,23.25,46000.0,4.260094361439211,-3.253796236607212
3191,2024-04-18,NSE:RKDL,23.4,23.85,23.0,23.200001,18482.0,-0.21504946236559,4.260094361439211
3192,2024-04-19,NSE:RKDL,23.799999,23.799999,22.6,22.85,21720.0,-1.5086249349730585,-0.21504946236559
3193,2024-04-22,NSE:RKDL,23.799999,23.799999,22.549999,22.65,70369.0,-0.8752735229759424,-1.5086249349730585
3194,2024-04-23,NSE:RKDL,22.700001,23.700001,21.65,22.5,64374.0,-0.6622516556291328,-0.8752735229759424
3195,2024-04-24,NSE:RKDL,23.25,23.6,22.5,23.6,40118.0,4.8888888888888955,-0.6622516556291328
3196,2024-04-25,NSE:RKDL,24.450001,24.75,23.75,24.75,27659.0,4.872881355932197,4.8888888888888955
3197,2024-04-26,NSE:RKDL,25.950001,25.950001,25.950001,25.950001,23909.0,4.84848888888889,4.872881355932197
3198,2024-04-29,NSE:RKDL,27.0,27.200001,25.1,26.25,151193.0,1.1560654660475722,4.84848888888889
3199,2024-04-30,NSE:RKDL,26.700001,26.950001,24.950001,25.049999,84422.0,-4.571432380952382,1.1560654660475722
3200,2024-05-02,NSE:RKDL,25.049999,25.049999,23.799999,23.950001,48118.0,-4.391209756136115,-4.571432380952382
3201,2024-05-03,NSE:RKDL,24.85,24.85,23.4,24.200001,35568.0,1.0438412925327225,-4.391209756136115
3202,2024-05-06,NSE:RKDL,24.5,24.950001,23.6,24.35,24771.0,0.6198305528995686,1.0438412925327225
3203,2024-05-07,NSE:RKDL,24.950001,24.950001,23.200001,23.299999,31389.0,-4.312119096509247,0.6198305528995686
3204,2024-05-08,NSE:RKDL,23.75,24.0,23.15,23.75,25056.0,1.9313348468384068,-4.312119096509247
3205,2024-05-09,NSE:RKDL,24.6,24.6,22.6,22.9,36113.0,-3.5789473684210584,1.9313348468384068
3206,2024-05-10,NSE:RKDL,24.0,24.0,22.799999,23.450001,31439.0,2.4017510917030647,-3.5789473684210584
3207,2024-05-13,NSE:RKDL,24.450001,24.450001,22.299999,22.75,38753.0,-2.985078763962527,2.4017510917030647
3208,2024-05-14,NSE:RKDL,23.25,23.75,22.6,23.65,28552.0,3.9560439560439495,-2.985078763962527
3209,2024-05-15,NSE:RKDL,24.0,24.299999,23.6,23.85,15584.0,0.8456659619450437,3.9560439560439495
3210,2024-05-16,NSE:RKDL,24.4,24.4,23.200001,23.9,22207.0,0.20964360587000905,0.8456659619450437
3211,2024-05-17,NSE:RKDL,24.549999,24.549999,23.1,23.5,27122.0,-1.673640167364011,0.20964360587000905
3212,2024-05-18,NSE:RKDL,24.1,24.4,23.5,24.15,16693.0,2.7659574468085046,-1.673640167364011
3213,2024-05-21,NSE:RKDL,24.15,24.700001,23.5,23.799999,43520.0,-1.4492795031055854,2.7659574468085046
3214,2024-05-22,NSE:RKDL,23.6,24.25,23.200001,23.700001,25506.0,-0.4201596815193117,-1.4492795031055854
3215,2024-05-23,NSE:RKDL,23.0,24.200001,23.0,23.299999,23420.0,-1.6877720806847252,-0.4201596815193117
3216,2024-05-24,NSE:RKDL,23.299999,24.0,23.1,23.5,33567.0,0.8583734273980025,-1.6877720806847252
3217,2024-05-27,NSE:RKDL,23.950001,23.950001,23.25,23.450001,37131.0,-0.21276170212765821,0.8583734273980025
3218,2024-05-28,NSE:RKDL,23.4,23.9,22.549999,22.6,23740.0,-3.6247375852990324,-0.21276170212765821
3219,2024-05-29,NSE:RKDL,23.0,23.049999,22.4,22.9,18305.0,1.3274336283185715,-3.6247375852990324
3220,2024-05-30,NSE:RKDL,23.25,23.25,22.0,22.35,72555.0,-2.4017467248908178,1.3274336283185715
3221,2024-05-31,NSE:RKDL,22.950001,23.450001,22.1,22.299999,32726.0,-0.2237181208053769,-2.4017467248908178
3222,2024-06-03,NSE:RKDL,23.200001,23.4,22.6,22.950001,66237.0,2.914807305596743,-0.2237181208053769
3223,2024-06-04,NSE:RKDL,23.299999,23.299999,21.799999,21.950001,35663.0,-4.357298285085042,2.914807305596743
3224,2024-06-05,NSE:RKDL,22.4,22.65,20.9,22.25,30822.0,1.3667379787363094,-4.357298285085042
3225,2024-06-06,NSE:RKDL,22.950001,23.35,22.15,23.299999,26649.0,4.719096629213482,1.3667379787363094
3226,2024-06-07,NSE:RKDL,23.799999,24.200001,23.450001,23.85,32867.0,2.3605194146145747,4.719096629213482
3227,2024-06-10,NSE:RKDL,24.4,25.040001,23.67,23.91,39235.0,0.2515723270440198,2.3605194146145747
3228,2024-06-11,NSE:RKDL,23.26,25.09,23.26,24.43,45285.0,2.174822250104557,0.2515723270440198
3229,2024-06-12,NSE:RKDL,25.450001,25.450001,24.549999,24.620001,52569.0,0.7777363896848087,2.174822250104557
3230,2024-06-13,NSE:RKDL,25.299999,25.5,24.4,24.709999,37266.0,0.3655483198396351,0.7777363896848087
3231,2024-06-14,NSE:RKDL,24.32,25.940001,24.32,25.940001,60444.0,4.977750100273169,0.3655483198396351
3232,2024-06-18,NSE:RKDL,26.799999,27.23,26.790001,27.23,110577.0,4.973010602428279,4.977750100273169
3233,2024-06-19,NSE:RKDL,28.290001,28.59,26.51,28.59,141735.0,4.994491369812704,4.973010602428279
3234,2024-06-20,NSE:RKDL,29.690001,30.01,29.16,30.01,159647.0,4.966771598461007,4.994491369812704
3235,2024-06-21,NSE:RKDL,30.959999,31.51,30.73,31.51,101869.0,4.998333888703765,4.966771598461007
3236,2024-06-24,NSE:RKDL,33.080002,33.080002,29.93,30.51,181178.0,-3.17359568390987,4.998333888703765
3237,2024-06-25,NSE:RKDL,30.25,31.99,28.98,31.190001,253967.0,2.228780727630276,-3.17359568390987
3238,2024-06-26,NSE:RKDL,30.35,32.700001,29.700001,31.02,156253.0,-0.5450496779400525,2.228780727630276
3239,2024-06-27,NSE:RKDL,30.4,31.49,29.459999,30.48,54036.0,-1.7408123791102486,-0.5450496779400525
3240,2024-06-28,NSE:RKDL,31.889999,31.889999,29.030001,30.26,54675.0,-0.7217847769028835,-1.7408123791102486
3241,2024-07-01,NSE:RKDL,30.26,31.4,29.08,30.530001,37875.0,0.8922703238598713,-0.7217847769028835
3242,2024-07-02,NSE:RKDL,30.530001,31.700001,30.059999,31.190001,32386.0,2.1618079868389137,0.8922703238598713
3243,2024-07-03,NSE:RKDL,31.190001,32.73,30.76,31.540001,75004.0,1.122154500732467,2.1618079868389137
3244,2024-07-04,NSE:RKDL,32.700001,32.700001,30.0,30.290001,61967.0,-3.9632211806207613,1.122154500732467
3245,2024-07-05,NSE:RKDL,30.5,31.26,29.58,30.76,32134.0,1.5516638642567275,-3.9632211806207613
3246,2024-07-08,NSE:RKDL,32.099998,32.099998,30.049999,31.32,39365.0,1.8205461638491505,1.5516638642567275
3247,2024-07-09,NSE:RKDL,32.150002,32.150002,30.16,31.15,34701.0,-0.5427841634738241,1.8205461638491505
3248,2024-07-10,NSE:RKDL,30.02,31.68,30.02,30.940001,34009.0,-0.6741540930979127,-0.5427841634738241
3249,2024-07-11,NSE:RKDL,32.389999,32.389999,30.549999,30.75,24881.0,-0.6140950027764989,-0.6741540930979127
3250,2024-07-12,NSE:RKDL,31.940001,31.940001,29.209999,30.290001,29597.0,-1.4959317073170726,-0.6140950027764989
3251,2024-07-15,NSE:RKDL,31.59,31.59,29.01,29.98,44966.0,-1.0234433468655209,-1.4959317073170726
3252,2024-07-16,NSE:RKDL,29.57,29.57,28.42,28.559999,43842.0,-4.736494329553033,-1.0234433468655209
3253,2024-07-18,NSE:RKDL,28.790001,28.790001,27.15,27.32,37713.0,-4.34173334529879,-4.736494329553033
3254,2024-07-19,NSE:RKDL,27.32,28.379999,25.950001,26.42,35512.0,-3.2942898975109753,-4.34173334529879
3255,2024-07-22,NSE:RKDL,26.950001,27.59,25.51,26.040001,31258.0,-1.4383005299015954,-3.2942898975109753
3256,2024-07-23,NSE:RKDL,27.15,27.15,25.799999,26.139999,40543.0,0.38401688233421866,-1.4383005299015954
3257,2024-07-24,NSE:RKDL,26.969999,27.440001,26.27,27.440001,41548.0,4.9732289584249765,0.38401688233421866
3258,2024-07-25,NSE:RKDL,28.790001,28.809999,27.01,28.809999,52028.0,4.992703899682812,4.9732289584249765
3259,2024-07-26,NSE:RKDL,30.24,30.25,29.4,30.25,40979.0,4.998268136003749,4.992703899682812
3260,2024-07-29,NSE:RKDL,31.76,31.76,31.76,31.76,39221.0,4.991735537190087,4.998268136003749
3261,2024-07-30,NSE:RKDL,33.34,33.34,33.34,33.34,37854.0,4.974811083123432,4.991735537190087
3262,2024-07-31,NSE:RKDL,35.0,35.0,32.099998,34.990002,82580.0,4.949016196760628,4.974811083123432
3263,2024-08-01,NSE:RKDL,36.73,36.73,35.200001,36.73,91936.0,4.9728433853762,4.949016196760628
3264,2024-08-02,NSE:RKDL,38.439999,38.560001,36.73,38.549999,108025.0,4.955074870677928,4.9728433853762
3265,2024-08-05,NSE:RKDL,38.689999,38.689999,36.619999,37.029999,114352.0,-3.9429313603873326,4.955074870677928
3266,2024-08-06,NSE:RKDL,36.720001,37.939999,35.169998,35.169998,64278.0,-5.022957197487359,-3.9429313603873326
3267,2024-08-07,NSE:RKDL,33.650002,36.439999,33.41,34.32,47080.0,-2.416826978494566,-5.022957197487359
3268,2024-08-08,NSE:RKDL,36.02,36.02,33.0,34.310001,19561.0,-0.02913461538461694,-2.416826978494566
3269,2024-08-09,NSE:RKDL,35.0,35.689999,32.59,33.119999,40981.0,-3.468382294713427,-0.02913461538461694
3270,2024-08-12,NSE:RKDL,33.779999,34.5,33.0,33.689999,19582.0,1.7210145447166234,-3.468382294713427
3271,2024-08-13,NSE:RKDL,34.990002,34.990002,32.060001,32.580002,46132.0,-3.294737408570418,1.7210145447166234
3272,2024-08-14,NSE:RKDL,32.02,33.900002,30.950001,31.440001,47984.0,-3.4990820442552506,-3.294737408570418
3273,2024-08-16,NSE:RKDL,31.940001,32.889999,29.860001,30.209999,54241.0,-3.9122199773466897,-3.4990820442552506
3274,2024-08-19,NSE:RKDL,30.969999,30.969999,29.25,30.25,19964.0,0.13240980246308573,-3.9122199773466897
3275,2024-08-20,NSE:RKDL,29.549999,30.799999,29.549999,30.43,23195.0,0.5950413223140487,0.13240980246308573
3276,2024-08-21,NSE:RKDL,31.4,31.950001,30.1,31.950001,52399.0,4.995073940190604,0.5950413223140487
3277,2024-08-22,NSE:RKDL,33.5,33.540001,32.02,33.540001,27128.0,4.976525665836431,4.995073940190604
3278,2024-08-23,NSE:RKDL,35.200001,35.209999,35.0,35.200001,50007.0,4.949314104075322,4.976525665836431
3279,2024-08-26,NSE:RKDL,35.25,36.049999,33.439999,33.509998,34097.0,-4.801144749967471,4.949314104075322
3280,2024-08-27,NSE:RKDL,32.830002,32.830002,32.830002,32.830002,3814.0,-2.029233185868894,-4.801144749967471
3281,2024-08-28,NSE:RKDL,32.169998,32.169998,32.169998,32.169998,9938.0,-2.0103684428651594,-2.029233185868894
3282,2024-08-29,NSE:RKDL,31.52,31.52,31.52,31.52,10005.0,-2.0205099173459695,-2.0103684428651594
3283,2024-08-30,NSE:RKDL,31.52,31.52,30.879999,30.91,7229.0,-1.935279187817257,-2.0205099173459695
3284,2024-09-02,NSE:RKDL,30.5,30.65,30.5,30.65,2705.0,-0.8411517308314511,-1.935279187817257
3285,2024-09-03,NSE:RKDL,30.65,31.25,30.65,31.25,5915.0,1.957585644371946,-0.8411517308314511
3286,2024-09-04,NSE:RKDL,31.87,31.87,31.25,31.25,8980.0,0.0,1.957585644371946
3287,2024-09-05,NSE:RKDL,31.25,31.870001,31.25,31.870001,17923.0,1.9840031999999952,0.0
3288,2024-09-06,NSE:RKDL,31.870001,32.0,31.5,31.5,1762.0,-1.160969527424861,1.9840031999999952
3289,2024-09-09,NSE:RKDL,31.5,31.5,30.87,30.87,3558.0,-1.999999999999997,-1.160969527424861
3290,2024-09-10,NSE:RKDL,30.31,30.31,30.25,30.25,7586.0,-2.008422416585685,-1.999999999999997
3291,2024-09-11,NSE:RKDL,29.64,29.64,29.64,29.64,12318.0,-2.016528925619833,-2.008422416585685
3292,2024-09-12,NSE:RKDL,29.5,29.55,29.5,29.55,4754.0,-0.3036437246963558,-2.016528925619833
3293,2024-09-13,NSE:RKDL,29.25,29.55,29.05,29.05,8974.0,-1.6920473773265652,-0.3036437246963558
3294,2024-09-16,NSE:RKDL,29.25,29.25,29.25,29.25,16160.0,0.6884681583476739,-1.6920473773265652
3295,2024-09-17,NSE:RKDL,28.66,28.66,28.66,28.66,15383.0,-2.0170940170940166,0.6884681583476739
3296,2024-09-18,NSE:RKDL,29.23,29.23,29.23,29.23,8712.0,1.988834612700629,-2.0170940170940166
3297,2024-09-19,NSE:RKDL,29.25,29.81,29.25,29.81,7765.0,1.9842627437564087,1.988834612700629
3298,2024-09-20,NSE:RKDL,29.8,29.8,29.75,29.75,12156.0,-0.2012747400201232,1.9842627437564087
3299,2024-09-23,NSE:RKDL,29.75,29.75,29.15,29.15,12204.0,-2.0168067226890805,-0.2012747400201232
3300,2024-09-24,NSE:RKDL,29.2,29.2,29.15,29.15,4939.0,0.0,-2.0168067226890805
3301,2024-09-25,NSE:RKDL,29.16,29.2,29.15,29.2,5744.0,0.17152658662092868,0.0
3302,2024-09-26,NSE:RKDL,29.19,29.19,29.19,29.19,3989.0,-0.03424657534245894,0.17152658662092868
3303,2024-09-27,NSE:RKDL,29.15,29.15,28.7,28.7,9712.0,-1.6786570743405345,-0.03424657534245894
3304,2024-09-30,NSE:RKDL,28.7,28.71,28.5,28.5,10656.0,-0.6968641114982554,-1.6786570743405345
3305,2024-10-01,NSE:RKDL,28.5,28.5,28.5,28.5,8099.0,0.0,-0.6968641114982554
3306,2024-10-03,NSE:RKDL,28.51,28.55,28.51,28.53,28131.0,0.10526315789474083,0.0
3307,2024-10-04,NSE:RKDL,28.54,28.55,28.0,28.03,15794.0,-1.752541184717841,0.10526315789474083
3308,2024-10-07,NSE:RKDL,28.03,28.03,26.62,26.62,26211.0,-5.030324652158402,-1.752541184717841
3309,2024-10-08,NSE:RKDL,25.29,27.38,25.28,25.89,47400.0,-2.7422990232907605,-5.030324652158402
3310,2024-10-09,NSE:RKDL,25.64,25.64,24.61,25.17,52966.0,-2.780996523754341,-2.7422990232907605
3311,2024-10-10,NSE:RKDL,25.1,26.42,25.1,26.16,48267.0,3.9332538736591114,-2.780996523754341
3312,2024-10-11,NSE:RKDL,26.37,27.19,25.61,26.53,22139.0,1.414373088685019,3.9332538736591114
3313,2024-10-14,NSE:RKDL,26.79,27.74,26.08,26.51,18869.0,-0.07538635506973076,1.414373088685019
3314,2024-10-15,NSE:RKDL,26.99,27.12,26.0,26.23,13254.0,-1.0562052055828033,-0.07538635506973076
3315,2024-10-16,NSE:RKDL,25.11,26.98,25.11,26.2,16658.0,-0.11437285550896353,-1.0562052055828033
3316,2024-10-17,NSE:RKDL,26.19,26.73,25.37,26.06,15437.0,-0.5343511450381702,-0.11437285550896353
3317,2024-10-18,NSE:RKDL,26.25,26.25,25.5,25.56,17483.0,-1.9186492709132772,-0.5343511450381702
3318,2024-10-21,NSE:RKDL,25.01,25.81,24.28,24.59,20035.0,-3.7949921752738613,-1.9186492709132772
3319,2024-10-22,NSE:RKDL,24.59,24.59,23.36,23.36,26166.0,-5.002033346888981,-3.7949921752738613
3320,2024-10-23,NSE:RKDL,23.75,23.75,22.19,22.31,35775.0,-4.494863013698634,-5.002033346888981
3321,2024-10-24,NSE:RKDL,22.55,22.89,21.28,22.63,29997.0,1.4343343792021528,-4.494863013698634
3322,2024-10-25,NSE:RKDL,22.99,22.99,21.53,22.69,15551.0,0.2651347768449062,1.4343343792021528
3323,2024-10-28,NSE:RKDL,22.69,23.82,22.65,23.45,18153.0,3.349493168796818,0.2651347768449062
3324,2024-10-29,NSE:RKDL,24.48,24.6,23.5,24.18,17645.0,3.113006396588488,3.349493168796818
3325,2024-10-30,NSE:RKDL,23.51,25.38,23.51,25.38,22883.0,4.9627791563275405,3.113006396588488
3326,2024-10-31,NSE:RKDL,26.2,26.64,25.51,26.64,19808.0,4.964539007092205,4.9627791563275405
3327,2024-11-01,NSE:RKDL,27.9,27.9,26.0,27.3,27562.0,2.477477477477478,4.964539007092205
3328,2024-11-04,NSE:RKDL,27.78,27.78,26.12,26.57,12936.0,-2.6739926739926756,2.477477477477478
3329,2024-11-05,NSE:RKDL,26.03,26.9,26.03,26.84,7516.0,1.0161836657884817,-2.6739926739926756
3330,2024-11-06,NSE:RKDL,26.49,26.49,26.3,26.3,3304.0,-2.011922503725779,1.0161836657884817
3331,2024-11-07,NSE:RKDL,26.1,26.1,25.8,25.8,4434.0,-1.9011406844106464,-2.011922503725779
3332,2024-11-08,NSE:RKDL,25.8,25.8,25.28,25.28,2873.0,-2.0155038759689905,-1.9011406844106464
3333,2024-11-11,NSE:RKDL,25.28,25.78,25.28,25.7,6366.0,1.6613924050632838,-2.0155038759689905
3334,2024-11-12,NSE:RKDL,25.7,26.21,25.7,26.09,5530.0,1.5175097276264613,1.6613924050632838
3335,2024-11-13,NSE:RKDL,26.0,26.01,25.56,25.56,4011.0,-2.031429666538908,1.5175097276264613
3336,2024-11-14,NSE:RKDL,25.5,26.07,25.5,26.07,14378.0,1.995305164319255,-2.031429666538908
3337,2024-11-18,NSE:RKDL,26.59,26.59,26.59,26.59,11349.0,1.9946298427311069,1.995305164319255
3338,2024-11-19,NSE:RKDL,27.1,27.1,26.46,26.46,4980.0,-0.48890560361037605,1.9946298427311069
3339,2024-11-21,NSE:RKDL,26.46,26.46,25.93,25.93,5913.0,-2.0030234315948645,-0.48890560361037605
3340,2024-11-22,NSE:RKDL,26.06,26.12,26.06,26.12,2873.0,0.7327419976860828,-2.0030234315948645
3341,2024-11-25,NSE:RKDL,26.63,26.63,26.52,26.52,9214.0,1.5313935681470083,0.7327419976860828
3342,2024-11-26,NSE:RKDL,26.55,26.55,26.52,26.53,3177.0,0.037707390648573015,1.5313935681470083
3343,2024-11-27,NSE:RKDL,27.05,27.06,27.0,27.0,3877.0,1.7715793441387067,0.037707390648573015
3344,2024-11-28,NSE:RKDL,26.97,27.0,26.9,27.0,9909.0,0.0,1.7715793441387067
3345,2024-11-29,NSE:RKDL,27.1,27.54,27.1,27.54,6579.0,1.999999999999997,0.0
3346,2024-12-02,NSE:RKDL,28.09,28.09,28.09,28.09,4966.0,1.997095134350039,1.999999999999997
3347,2024-12-03,NSE:RKDL,28.1,28.65,28.1,28.65,7267.0,1.993592025631893,1.997095134350039
3348,2024-12-04,NSE:RKDL,29.22,29.22,29.22,29.22,4751.0,1.9895287958115193,1.993592025631893
3349,2024-12-05,NSE:RKDL,29.8,29.8,29.8,29.8,4045.0,1.9849418206707798,1.9895287958115193
3350,2024-12-06,NSE:RKDL,30.39,30.39,30.3,30.3,14395.0,1.6778523489932886,1.9849418206707798
3351,2024-12-09,NSE:RKDL,30.84,30.9,30.84,30.9,16179.0,1.9801980198019733,1.6778523489932886
3352,2024-12-10,NSE:RKDL,31.51,31.51,31.51,31.51,27301.0,1.9741100323624694,1.9801980198019733
3353,2024-12-11,NSE:RKDL,32.0,32.0,31.5,31.5,20744.0,-0.03173595683910366,1.9741100323624694
3354,2024-12-12,NSE:RKDL,31.5,31.5,31.0,31.0,7793.0,-1.5873015873015872,-0.03173595683910366
3355,2024-12-13,NSE:RKDL,30.38,30.38,30.38,30.38,7174.0,-2.000000000000003,-1.5873015873015872
3356,2024-12-16,NSE:RKDL,29.9,29.9,29.77,29.77,8635.0,-2.0078999341672135,-2.000000000000003
3357,2024-12-17,NSE:RKDL,29.77,30.36,29.77,30.36,16676.0,1.981860933825999,-2.0078999341672135
3358,2024-12-18,NSE:RKDL,30.21,30.21,30.1,30.1,11281.0,-0.8563899868247629,1.981860933825999
3359,2024-12-19,NSE:RKDL,30.1,30.1,29.49,29.56,4524.0,-1.7940199335548264,-0.8563899868247629
3360,2024-12-20,NSE:RKDL,30.1,30.15,30.0,30.0,10555.0,1.488497970230045,-1.7940199335548264
3361,2024-12-23,NSE:RKDL,29.5,29.5,29.4,29.4,6449.0,-2.000000000000005,1.488497970230045
3362,2024-12-24,NSE:RKDL,29.0,29.0,28.81,28.81,4159.0,-2.006802721088435,-2.000000000000005
3363,2024-12-26,NSE:RKDL,28.81,29.27,28.81,29.27,11015.0,1.5966678236723388,-2.006802721088435
3364,2024-12-27,NSE:RKDL,29.41,29.6,29.41,29.59,6881.0,1.09326955927571,1.5966678236723388
3365,2024-12-30,NSE:RKDL,29.59,29.59,29.1,29.1,7209.0,-1.65596485299087,1.09326955927571
3366,2024-12-31,NSE:RKDL,29.0,29.0,28.75,28.75,2918.0,-1.2027491408934756,-1.65596485299087
3367,2025-01-01,NSE:RKDL,28.74,28.74,28.49,28.49,1846.0,-0.904347826086962,-1.2027491408934756
3368,2025-01-02,NSE:RKDL,28.49,28.49,27.92,27.92,3517.0,-2.000702000701989,-0.904347826086962
3369,2025-01-03,NSE:RKDL,27.92,27.92,27.76,27.76,3758.0,-0.5730659025787971,-2.000702000701989
